rank,name,symbol,slug,price_usd,change_1h_pct,change_24h_pct,change_7d_pct,market_cap_usd,volume_24h_usd,circulating_supply,total_supply,max_supply,date_snapshot,fdv_usd,liq_mkt_cap_pct
1,Bitcoin,BTC,bitcoin,63966.195094666524,-0.27206202,-0.35980503,-3.09103547,1282309268184.5938,24388188705.91301,20046671.0,20046671.0,21000000.0,2026-06-23,1343290096988.0,1.9019
2,Ethereum,ETH,ethereum,1725.965440727723,-0.21557094,-0.58918381,-2.85855189,208296129843.12952,12238121808.839493,120683835.79876612,120683835.79876612,,2026-06-23,208296129843.13,5.8753
3,Tether USDt,USDT,tether,0.9988852791300934,-0.00109484,0.00796482,-0.04041773,186127702628.17438,56865915794.73724,186335414603.63574,193153431942.35147,,2026-06-23,192931604464.96,30.5468
4,BNB,BNB,bnb,591.1700812944907,0.07754885,-0.0582112,-3.65963168,79679778636.04701,906788241.5420636,134783171.81,134783171.81,134783171.81,2026-06-23,79679778636.05,1.138
5,USDC,USDC,usd-coin,0.9997431015303205,-0.00283077,-0.00421887,0.01416555,74437583424.84148,9301411505.530558,74456711240.0164,74456711240.0164,,2026-06-23,74437583424.84,12.4956
6,XRP,XRP,xrp,1.1271492631050768,0.04093046,-0.74209016,-7.90023847,69944008768.03815,1345285436.0654106,62053900985.0,99985653167.0,100000000000.0,2026-06-23,112714926310.51,1.9234
7,Solana,SOL,solana,71.7994279174698,-0.0760322,-2.79136229,-2.2454365,41672929617.27025,2179163251.8564878,580407543.987278,628949014.9455707,,2026-06-23,45158179462.35,5.2292
8,TRON,TRX,tron,0.3330771178901716,-0.03539841,1.55010838,4.87495314,31589200020.889965,546703697.8622199,94840498864.00827,94840495414.89136,,2026-06-23,31589198872.07,1.7307
9,Hyperliquid,HYPE,hyperliquid,66.64494034007278,-0.52796295,-0.67263985,-3.31073136,16875875258.719362,584902504.5202355,253220652.19964054,953790650.4593514,953790650.4593514,2026-06-23,63565320996.78,3.4659
10,Dogecoin,DOGE,dogecoin,0.08199226038012172,-0.01088251,-1.59821601,-6.13712618,12690286210.016851,466046023.50999767,154774196383.7052,154774196383.7052,,2026-06-23,12690286210.02,3.6725
11,UNUS SED LEO,LEO,unus-sed-leo,9.547200920407613,0.08305738,-0.03272955,-2.55728864,8786597390.233335,772152.68642426,920332300.9,985239504.0,,2026-06-23,9406279499.41,0.0088
12,Zcash,ZEC,zcash,444.427472386387,0.20457784,-0.04650369,-15.3880926,7438547894.816476,407132582.75318366,16737371.9155448,16737327.9155448,21000000.0,2026-06-23,9332976920.11,5.4733
13,Stellar,XLM,stellar,0.19783065661223379,-0.54875485,-6.99354963,-6.45083209,6695858221.853115,221803938.69219717,33846413576.72694,50001786839.91258,50001806812.0,2026-06-23,9891890273.42,3.3126
14,Monero,XMR,monero,329.6519908551802,0.0495909,2.44887429,-5.99459685,6187093100.172365,130179275.00126791,18768559.78974028,18768559.78974028,,2026-06-23,6186322363.52,2.1035
15,Canton,CC,canton-network,0.15307986762667505,-0.5200563,1.09113614,-7.21825218,5949751388.51044,18226972.92834691,38866975003.01249,38866975003.01249,,2026-06-23,5949751388.51,0.3063
16,Cardano,ADA,cardano,0.15918585011860809,0.18019193,-0.38103062,-10.08146178,5790730488.952428,273704832.91830003,36377168477.20951,44993814254.20328,45000000000.0,2026-06-23,7163534004.56,4.7267
17,Chainlink,LINK,chainlink,7.871670294195594,-0.08225429,-0.50016986,-4.38049977,5723491238.109279,229962935.88673317,727099970.4255477,1000000000.0,1000000000.0,2026-06-23,7871827634.04,4.0174
18,Dai,DAI,multi-collateral-dai,0.9995360080881784,0.00146401,0.0097919,0.02246784,5362893208.487008,285491946.7152552,5365382702.664872,5365382702.664872,,2026-06-23,5362893208.49,5.3235
19,World Liberty Financial USD,USD1,usd1,0.9991168932837393,-0.00711899,-0.03719389,-0.06919103,4818095373.106844,1175889839.6875923,4822354026.335689,4822354026.335689,,2026-06-23,4818095373.11,24.4057
20,Ethena USDe,USDe,ethena-usde,0.9988488817641783,-0.00275844,-0.0048923,-0.05443819,4478669642.949105,72231539.35549508,4483831062.651667,4483831062.651667,,2026-06-23,4478669642.95,1.6128
21,Gram (prev. Toncoin),GRAM,gram,1.6395069956699642,-2.23685117,0.55760457,-3.83622368,4424059774.893509,48473798.00029458,2698408598.790804,5201940590.398962,,2026-06-23,8528617989.02,1.0957
22,Bitcoin Cash,BCH,bitcoin-cash,194.99263432518853,0.56731323,-2.35603843,-12.12018,3909903947.451252,185469937.76084578,20051546.875,20051546.875,21000000.0,2026-06-23,4094735583.01,4.7437
23,MemeCore,M,memecore,2.910160678436829,-0.76286749,-0.74208236,-0.86566029,3829458796.8932066,11940991.97159072,1315892564.0319529,5383209336.539178,10000000000.0,2026-06-23,29101606784.37,0.3118
24,Litecoin,LTC,litecoin,44.51583505821309,0.02849861,-0.98962181,-2.68802236,3441502603.2081904,173830007.4591022,77309626.98347135,84000000.0,84000000.0,2026-06-23,3738929255.98,5.0512
25,Hedera,HBAR,hedera,0.0787988007076419,0.25665926,-0.35185316,-4.38616116,3425641012.219735,41649457.5728708,43473263316.90626,50000000000.0,50000000000.0,2026-06-23,3939990409.23,1.2157
26,Sui,SUI,sui,0.7228374326669017,0.36211675,2.58943158,-7.890776,2912454308.5376987,352125412.4413674,4029196852.454399,10000000000.0,10000000000.0,2026-06-23,7228374326.67,12.0903
27,Global Dollar,USDG,global-dollar-usdg,0.9999264728170074,0.01635996,0.00059615,-0.00697281,2802366164.254256,55020011.52221057,2802572229.495424,2802572229.495424,,2026-06-23,2802271993.31,1.9634
28,PayPal USD,PYUSD,paypal-usd,0.9996711270097894,-0.00093367,0.00163308,-0.00427279,2746005257.180806,74437313.75914322,2746908641.239486,2746908641.239486,,2026-06-23,2746005257.18,2.7107
29,Shiba Inu,SHIB,shiba-inu,4.640502768662157e-06,0.00236786,-0.83176891,-7.35758938,2734384496.2988763,50021458.707087,589243155884850.6,589499824954981.1,589552695333683.0,2026-06-23,2735633706.16,1.83
30,Avalanche,AVAX,avalanche,6.294819169363619,0.21593821,0.38559916,-7.51921362,2717926418.0120378,243260707.78859195,431771961.1772119,463441061.1772119,715748719.0,2026-06-23,4505288450.12,8.9498
31,Cronos,CRO,cronos,0.05811319062457111,0.13335495,-1.27422664,-6.94190563,2675140805.482936,6749863.50865236,46033280512.253395,98733281133.84355,100000000000.0,2026-06-23,5811319062.46,0.2523
32,NEAR Protocol,NEAR,near-protocol,2.0543817982830275,0.59907865,-5.15477584,-14.12427424,2668537558.4498096,270895820.4613908,1298949183.0,1298949183.0,,2026-06-23,2669067420.67,10.1577
33,Tether Gold,XAUt,tether-gold,4123.234370437041,-0.48924019,-1.02758022,-4.14177306,2526815575.9993496,117494980.844376,612823.659532,707747.089,,2026-06-23,2918235614.57,4.6481
34,Bittensor,TAO,bittensor,225.0709292895186,-0.26281182,-2.34066072,-14.13163571,2486155425.069579,376405118.3255812,11046097.48099244,21000000.0,21000000.0,2026-06-23,4726489515.08,15.14
35,Worldcoin,WLD,worldcoin-org,0.6122529012020381,-0.00421253,-4.01820155,1.759085,2119573222.6003106,357533250.8142779,3461924342.7657847,10000000000.0,,2026-06-23,6123622277.62,16.8593
36,DeXe,DEXE,dexe,22.55306260033971,0.94823706,67.04062983,17.80672539,1888450962.6622047,97249535.63197699,83733681.59026702,96504599.33609451,,2026-06-23,2176474270.05,5.1497
37,PAX Gold,PAXG,pax-gold,4131.97505332445,-0.48534036,-0.99952594,-4.19270895,1877649876.597143,99168955.81378728,454419.461,454419.461,,2026-06-23,1877710923.02,5.2813
38,World Liberty Financial,WLFI,world-liberty-financial-wlfi,0.05836684303736635,0.35493249,-1.80426643,-2.90333754,1854554262.574189,20681400.92509806,31774106086.0,100000000000.0,100000000000.0,2026-06-23,5836350204.86,1.1153
39,Uniswap,UNI,uniswap,2.97731744893636,-0.47826489,-1.65228556,6.02899012,1850806404.2937121,138479201.3341204,621635561.5538775,893770420.0329479,,2026-06-23,2660965998.66,7.4816
40,Mantle,MNT,mantle,0.5316370595030973,-0.11211826,-0.31567852,-7.3021641,1755622075.145482,24698722.90151938,3302294382.53684,6219316794.889999,6219316795.0,2026-06-23,3306399520.17,1.4055
41,Aster,ASTER,aster,0.62974199789078,-0.08382414,-1.6368156,-3.03504049,1698904800.1538858,60783615.3018848,2697779099.764817,7822218820.515041,8000000000.0,2026-06-23,5037935983.13,3.5778
42,OKB,OKB,okb,78.4448152741863,-0.79006189,2.47737318,4.20270751,1647341120.7579124,53444014.31270724,21000000.0,21000000.0,21000000.0,2026-06-23,1647261009.85,3.244
43,Ripple USD,RLUSD,ripple-usd,0.9998977888092235,-0.01726876,-0.01368293,0.01289464,1618960038.7623894,108514091.50941107,1619125531.5109818,1619125531.5109818,,2026-06-23,1618960038.76,6.7027
44,Polkadot,DOT,polkadot-new,0.9352065078064162,0.21305587,-2.23069099,-7.02535066,1580459906.3923428,60124806.67392316,1689958199.8198535,1689958199.8198535,2100000000.0,2026-06-23,1963808043.07,3.8045
45,Ondo,ONDO,ondo-finance,0.3225468312925767,-0.76736092,-4.28435851,-13.11319526,1570587170.7056823,63993445.43639844,4869330647.0,10000000000.0,,2026-06-23,3225468312.93,4.0745
46,Pi,PI,pi,0.13236372179673453,-0.30449334,-3.32415148,-1.83781402,1428455697.1514103,6332930.53844868,10791897339.854424,100000000000.0,100000000000.0,2026-06-23,13235662950.73,0.4436
47,Sky,SKY,sky,0.059074841818895975,-0.26814464,-0.73325993,3.03946215,1376585855.571198,15056678.44631983,23302404427.782593,23462665147.365967,23462665147.0,2026-06-23,1385994778.94,1.0935
48,USDD,USDD,usdd,0.9987875364858643,-0.01765017,-0.012671,-0.05541228,1372549874.1654983,18346737.46812863,1374216061.0,1374216061.0,,2026-06-23,1372431394.82,1.3366
49,Internet Computer,ICP,internet-computer,2.2356764008073977,-0.38137061,-0.70768123,-6.87925867,1238940448.0780075,40408790.44351088,554168057.4302137,554168057.4302137,,2026-06-23,1238759041.56,3.262
50,Bitget Token,BGB,bitget-token-new,1.7554482297812013,-0.09451275,-0.17710577,-3.60232778,1226541355.5863411,10784604.62517525,698705512.8018311,913931274.6481038,919992035.98,2026-06-23,1614998385.27,0.8793
51,Aave,AAVE,aave,75.7955069675653,0.37919369,0.46467925,3.39112412,1167987483.8592,125666996.07177992,15409719.2642172,16000000.0,,2026-06-23,1213006183.13,10.7559
52,Pepe,PEPE,pepe,2.803614019888407e-06,-0.15351806,-1.09582644,-4.63926167,1160058307.5928361,121041246.22840434,413772473444475.9,413772473444475.9,413772473444475.9,2026-06-23,1160374526.69,10.4229
53,Ethereum Classic,ETC,ethereum-classic,7.159825152256812,0.18484561,-2.63562263,-2.88285751,1125621669.6808722,33585408.87060114,157213569.56965223,210700000.0,210700000.0,2026-06-23,1508416250.17,2.9708
54,United Stables,U,united-stables,0.99993045109103,0.00027277,0.00095548,0.02992964,1011888302.387674,136910857.8768994,1011958683.01,1011958683.01,,2026-06-23,1011859816.41,13.5124
55,KuCoin Token,KCS,kucoin-token,7.208146894356435,-0.23660053,-2.25772433,1.02925393,970613173.562617,2503525.86083887,134655021.29577178,142155021.29577178,200000000.0,2026-06-23,1441629378.87,0.2579
56,Cosmos,ATOM,cosmos,1.7901044416030012,-0.10179019,0.44255792,-8.15067962,922515773.6798391,29042785.02707277,515341871.81489,515341871.81489,,2026-06-23,922269522.03,3.149
57,Morpho,MORPHO,morpho,1.7787925833281524,-0.07744104,-1.97635219,-8.28687473,905006329.5268973,11749703.20815268,508775636.9174952,999999999.8010328,1000000000.0,2026-06-23,1778789187.72,1.2979
58,Stable,STABLE,stable,0.03644922793318886,0.48270103,6.95741151,0.56262143,868977605.8149751,19862996.36132052,23840768518.0,100000000000.0,100000000000.0,2026-06-23,3648528868.14,2.2829
59,Polygon (prev. MATIC),POL,polygon-ecosystem-token,0.07908762590059623,0.20795581,-0.70017289,1.64658141,843545946.408553,48347489.45257022,10665966221.679106,10665966231.679106,,2026-06-23,843196812.9,5.7421
60,Ethena,ENA,ethena,0.09052489249366814,0.50666848,-3.25529789,5.9309784,841315719.6130283,199213923.0806537,9293750000.0,15000000000.0,15000000000.0,2026-06-23,1357665287.84,23.6753
61,Quant,QNT,quant,69.40299519018741,-1.04077073,-2.12228415,-1.92394618,837884177.3463928,10583227.85785154,12072738.0,14881364.0,14881364.0,2026-06-23,1033551140.31,1.2629
62,Render,RENDER,render,1.6127808297411206,0.04008295,-4.01280788,-8.66527195,836665699.9532439,27036293.41170955,518772101.2826915,533532274.5626915,644168762.0,2026-06-23,1038890325.51,3.2293
63,Algorand,ALGO,algorand,0.09226252872678313,1.44785485,2.39491924,-2.95791763,823634307.957757,29677647.64854483,8927072770.753813,10000000000.0,10000000000.0,2026-06-23,924487765.5,3.5833
64,Kaspa,KAS,kaspa,0.029276015784267435,0.31791606,-1.21016692,-11.35740299,805898699.8028058,10239004.52167515,27527608460.844105,27527608460.844105,28704026601.0,2026-06-23,840451676.45,1.2708
65,币安人生,币安人生,bianrensheng,0.7159540755266575,1.06153495,2.20233222,6.94785546,715954075.5266575,9358056.90093526,1000000000.0,1000000000.0,1000000000.0,2026-06-23,716123552.05,1.3074
66,GateToken,GT,gatetoken,6.701107471156641,-0.6010763,-0.06692276,-1.59449333,713884730.5255387,3265213.21077978,106532350.6,142622843.67,142622843.67,2026-06-23,955259531.29,0.4562
67,JUST,JST,just,0.08335239007630986,-0.2489701,-0.58641567,5.8859999,712143196.9348059,22736023.16061498,8543764567.312736,8543764567.312736,,2026-06-23,712144294.48,3.1873
68,Venice Token,VVV,venice-token,15.15774186892687,-0.18008963,-2.41137861,0.6728222,710873837.7012999,23826911.05450041,46898399.76484756,80407047.52778035,,2026-06-23,1217569290.86,3.3559
69,Jupiter,JUP,jupiter-ag,0.2131462125793389,-0.07420215,-0.62860043,10.97343783,707712133.7243154,31179726.27265579,3320312968.08,6862435229.582892,6864785739.32,2026-06-23,1463052326.44,4.4057
70,Flare,FLR,flare,0.007327537245770926,0.43076883,-1.58160384,-7.20161672,634353881.427377,2735381.44343527,86571225795.33705,106042252709.22336,,2026-06-23,777380241.4,0.4309
71,Filecoin,FIL,filecoin,0.7994821677679147,0.54628247,-1.3712929,0.44075841,632341281.7153723,58285827.73297494,790938569.0,1957683039.0,,2026-06-23,1563955944.21,9.2233
72,XDC Network,XDC,xdc-network,0.029124292033146898,-0.06947089,-1.01169015,-4.70966314,598760127.0152456,10314547.73494246,20558787363.27,38077806942.45,,2026-06-23,1108972394.83,1.715
73,Aptos,APT,aptos,0.6542310915190406,-0.27163964,-1.20826868,-2.75172864,544466503.2505699,57042026.98768324,832223522.0988789,1204593069.9845161,2100000000.0,2026-06-23,1373703569.76,10.4775
74,Aerodrome Finance,AERO,aerodrome-finance,0.568139223187414,1.43467482,9.36039237,36.31706379,541703939.6670297,61545192.18042498,953470412.8117132,1921720191.056158,,2026-06-23,1091129366.46,11.3737
75,Midnight,NIGHT,midnight-network,0.03239513278088262,0.02211228,-2.46724209,-3.90697122,537998908.7405455,9602915.16244163,16607399401.0,24000000000.0,24000000000.0,2026-06-23,777564750.57,1.7735
76,Arbitrum,ARB,arbitrum,0.08257389627094135,-0.27224529,-1.50523715,-3.86582807,525404576.1905964,38059843.06172792,6362841042.0,10000000000.0,,2026-06-23,825525515.55,7.2499
77,Nexo,NEXO,nexo,0.7806297932348853,-0.38274723,-1.63647946,-4.69485663,504400693.14676756,8212601.63655523,646145839.5746847,1000000000.0,1000000000.0,2026-06-23,780607319.36,1.6277
78,Pump.fun,PUMP,pump-fun,0.0014571204230845103,-0.05282053,-4.26300081,-5.72976241,503879254.02136654,48023348.95853562,345804812037.9289,856266615709.1515,1000000000000.0,2026-06-23,1456805810.22,9.532
79,TrueUSD,TUSD,trueusd,0.9981471276318192,-0.00425011,-0.00664212,-0.02866717,493598809.6670607,20737084.44964275,494515083.0,494515083.0,,2026-06-23,493608802.9,4.2017
80,Audiera,BEAT,audiera,1.707770848180409,2.19911834,-2.47486374,-57.32166201,491866465.9849136,23519423.78878248,288016666.0,1000000000.0,1000000000.0,2026-06-23,1701267177.32,4.8003
81,Injective,INJ,injective,4.805071996559367,0.10385501,-3.08689756,-14.75128674,480367633.9372606,79270753.23386742,99970954.5,100000000.0,,2026-06-23,480551407.49,16.4832
82,Dash,DASH,dash,34.87008469837916,-0.1366822,-0.07867999,-7.34606477,444451941.04718643,60765167.45293008,12745938.09827613,12745938.09827613,18900000.0,2026-06-23,659103287.76,13.6668
83,PancakeSwap,CAKE,pancakeswap,1.350568905719306,-0.15910473,-2.12550765,-3.35951145,437092204.48380744,20735360.6802677,323635619.5028897,336001057.4500047,400000000.0,2026-06-23,540275902.53,4.7439
84,EURC,EURC,euro-coin,1.14245341692876,0.0081875,-0.33957863,-1.36747647,436171747.36439735,43916608.6252078,381785148.4369062,381785148.4369062,,2026-06-23,436178747.09,10.0422
85,OFFICIAL TRUMP,TRUMP,official-trump,1.8334529789758915,0.40162189,-3.59390064,-5.98709653,435285829.263246,166253175.1954218,237413140.263015,999999099.920587,999999099.920587,2026-06-23,1834587026.37,38.2065
86,VeChain,VET,vechain,0.004871845996856686,0.16030148,-0.5810521,-7.46383515,418905878.64772475,13581386.00561213,85985041177.0,85985041177.0,86712634466.0,2026-06-23,422449784.0,3.2419
87,Pudgy Penguins,PENGU,pudgy-penguins,0.006609075543069095,-0.07741383,-1.74958712,-6.35378617,415449106.42631954,50992742.93527918,62860396090.04,76724221264.3,88888888888.0,2026-06-23,587286226.94,12.2718
88,Artificial Superintelligence Alliance,FET,artificial-superintelligence-alliance,0.1827900878045587,-0.55944472,-0.1392343,-13.96044712,412901073.4996555,133472834.76622736,2258881093.9307284,2714384546.672,2719493897.0,2026-06-23,497027577.53,32.3173
89,Lighter,LIT,lighter,1.639459712848953,0.13167724,-0.77257865,-3.57260625,409864928.21223825,51353005.07693516,250000000.0,1000000000.0,1000000000.0,2026-06-23,1637501054.55,12.5349
90,Bonk,BONK,bonk1,4.56333822221428e-06,-0.23640928,-0.24887536,-3.1364705,401549661.2540449,27292050.91981064,87994718274289.98,87994718274289.98,88872433754423.19,2026-06-23,405622294.9,6.7988
91,Sei,SEI,sei,0.05401452246045938,-0.29830971,-2.01146221,0.64800069,389864819.85037106,27242542.79583355,7217777777.0,10000000000.0,10000000000.0,2026-06-23,539824123.08,6.9907
92,Virtuals Protocol,VIRTUAL,virtual-protocol,0.5838629190710023,-0.12911059,-2.51164114,-8.04250219,383639003.62088084,39458495.48412192,657070334.6451555,1000000000.0,1000000000.0,2026-06-23,583535138.66,10.29
93,Celestia,TIA,celestia,0.398297855155112,0.30857173,5.89788311,6.85384397,366407339.4411606,52352905.93514107,919932996.62251,1168685161.483695,,2026-06-23,466196022.73,14.2702
94,Terra Classic,LUNC,terra-luna,6.495974336279296e-05,0.36476597,-3.28694905,-8.74822561,358402719.6850531,14389503.46105847,5517305043577.738,6455679829123.759,6455679829123.759,2026-06-23,419106032.34,4.0164
95,SPX6900,SPX,spx6900,0.3817852430459795,0.59127764,2.16657493,-1.85224954,355439423.1665024,9635603.20543634,930993090.07,930993090.07,1000000000.0,2026-06-23,381464850.02,2.7146
96,First Digital USD,FDUSD,first-digital-usd,0.9982666904696272,-0.00947275,-0.0182204,-0.01186486,351905511.55058146,91855803.33671132,352516531.81479,352516531.81479,,2026-06-23,351944916.34,26.0916
97,Humanity,H,humanity-protocol,0.11994370542295414,-1.3800882,-36.18305409,-49.14644416,339697708.5557317,42103741.61815228,2832142857.0,10000000000.0,10000000000.0,2026-06-23,1193189549.46,12.526
98,LayerZero,ZRO,layerzero,0.9614189146817834,0.4103112,5.20653893,-13.94954191,338720524.9949206,37032079.21515143,352313148.64138335,1000000000.0,1000000000.0,2026-06-23,961078158.95,10.9389
99,Sun [New],SUN,sun-token,0.017461904177146572,-0.0827129,0.99648503,2.63260146,335813494.1379255,63173762.53248265,19231207016.782543,19231207016.782543,19900730000.0,2026-06-23,347555177.52,18.7963
100,Stacks,STX,stacks,0.18318575142812835,-1.18894147,1.57366355,-4.82802952,332409924.855506,7650298.96265541,1814605788.19049,1814570813.19049,,2026-06-23,333054840.65,2.2968
101,SKYAI,SKYAI,skyai,0.32805900283277223,-1.44341593,-14.48843324,-9.64706839,328059002.83277225,20112034.65605896,1000000000.0,1000000000.0,1000000000.0,2026-06-23,332885407.91,6.0574
102,Curve DAO Token,CRV,curve-dao-token,0.2122837465688737,0.31148856,2.17079344,-13.85841753,322527025.47280157,34395182.89241517,1519320393.981083,2392833976.669074,3030303030.299,2026-06-23,642500327.92,10.6958
103,Jito,JTO,jito,0.6576517229281351,-0.12003487,-0.04094519,-13.32855064,319812902.50351614,53510892.70281013,486295240.1,986523000.1453382,,2026-06-23,648406552.21,16.7373
104,ether.fi,ETHFI,ether-fi-ethfi,0.3444863575931775,0.07163004,-1.43232543,2.3732222,319465038.4971756,37671041.16600811,927366299.0,1000000000.0,1000000000.0,2026-06-23,344101591.01,11.7899
105,Kite,KITE,kite,0.1627801916752784,-0.94726951,-1.62110019,-15.36568925,293004345.01550114,19053880.92793069,1800000000.0,10000000000.0,10000000000.0,2026-06-23,1627203264.49,6.5066
106,Pyth Network,PYTH,pyth-network,0.03712596672458254,1.05445655,1.9079506,-5.23803457,292366314.3795681,16889992.1700105,7874981856.997169,9999981857.422035,10000000000.0,2026-06-23,370555746.18,5.8149
107,Gnosis,GNO,gnosis-gno,107.40529448549756,0.55615066,0.33417115,1.28168964,283497387.2183513,11888377.66684402,2639510.35725367,2999934.74577209,,2026-06-23,322034740.36,4.1954
108,Immutable,IMX,immutable-x,0.13638724798289964,0.17096363,-3.21898394,-7.27999893,272774495.9657993,11260209.72935958,2000000000.0,2000000000.0,2000000000.0,2026-06-23,272673809.97,4.1345
109,BitTorrent [New],BTT,bittorrent-new,2.701969833048714e-07,-0.05815604,2.76415184,0.80032209,266694659.16176835,9601098.56407987,987037885840674.8,987037885840674.8,,2026-06-23,266806625.44,3.5982
110,AINFT,NFT,apenft,2.6484361890113774e-07,-0.32736132,0.03376177,-0.91306612,262223148.33984146,8863327.63892481,990105592982874.8,990105592982874.8,999990000000000.0,2026-06-23,264724369.2,3.3621
111,Conflux,CFX,conflux-network,0.048207504037711756,0.59755858,0.67574189,3.18580888,251572200.7028821,8115821.62742501,5218527814.8,5218527812.79,,2026-06-23,251386778.49,3.2269
112,Telcoin,TEL,telcoin,0.0026176083438346404,0.57342098,8.84103788,2.74592696,251484749.46315807,4049601.4864566,96074246575.31,100000000000.0,100000000000.0,2026-06-23,262638581.23,1.6449
113,Tezos,XTZ,tezos,0.23020608259085823,0.40965884,-1.54797123,-5.26868398,250609262.79737285,10507396.77585045,1088630065.62158,1108615720.640982,,2026-06-23,255229691.67,4.1918
114,DoubleZero,2Z,doublezero,0.07083841319873277,-1.5406947,-7.70562247,1.34042281,245909707.2503119,11087259.52378473,3471417500.0,9998346862.3,10000000000.0,2026-06-23,708480791.75,4.5058
115,Monad,MON,monad,0.020744757459040926,0.00909297,-2.19395058,-8.16579658,245310179.83813968,32015070.3329209,11825165000.0,100682925000.0,,2026-06-23,2086596698.93,13.0113
116,BUILDon,B,buildon,0.2427475540312697,2.84689878,10.68106968,-3.70401018,242747554.0312697,6723211.72797437,1000000000.0,1000000000.0,,2026-06-23,243084968.39,2.7688
117,Zebec Network,ZBCN,zebec-network,0.0024247637922190494,0.48224618,-0.23195592,-12.03829756,242473411.48138165,9172561.20682121,99998776070.25772,99998776070.25772,100000000000.0,2026-06-23,242484305.25,3.7807
118,FLOKI,FLOKI,floki-inu,2.4956883944219602e-05,0.14703917,-1.76425598,-4.79220482,238243021.06511515,18090458.54287418,9546184595705.344,9648408292583.383,,2026-06-23,240740594.48,7.5984
119,Bitcoin SV,BSV,bitcoin-sv,11.780769361521475,0.26380448,-0.49474074,-6.88601756,236158149.36385736,14562867.27761377,20046071.875,20046071.875,,2026-06-23,236124785.18,6.1405
120,Pendle,PENDLE,pendle,1.3718144915568309,0.09662516,-5.10193178,1.67960036,234591253.63877624,33504571.88659269,171008000.77752912,281527448.45853144,,2026-06-23,386139126.68,14.2843
121,Kaia,KAIA,kaia,0.03672048694457013,-0.56367882,-1.56055468,-4.02385473,233182040.81363726,7172688.43533835,6350189232.665335,6350189232.665335,,2026-06-23,232770431.83,3.051
122,JasmyCoin,JASMY,jasmy,0.0045946138576478095,0.39942106,-1.50842614,-7.98480669,227180680.7081148,12963651.17155161,49444999677.16958,50000000000.0,50000000000.0,2026-06-23,229494308.36,5.7123
123,Lido DAO,LDO,lido-dao,0.266866390907184,-0.38421308,-1.75141775,-1.89511925,224924239.43066823,35181147.93041204,842834643.4560835,1000000000.0,,2026-06-23,266829223.73,15.637
124,Starknet,STRK,starknet-token,0.033309819225954114,0.07126291,-2.90546522,-8.70942479,217126523.06376293,15568487.46098123,6518393918.348971,10126100000.0,,2026-06-23,336933782.38,7.1723
125,Optimism,OP,optimism-ethereum,0.10054235213487774,-0.37232983,-0.77845689,-7.22851984,217119753.58200955,38427333.49261668,2159485520.0,4294967296.0,4294967296.0,2026-06-23,431882893.16,17.6925
126,Akash Network,AKT,akash-network,0.7270610970084962,-0.35071614,-2.91039123,-11.34740303,214522791.41297323,6431816.93291228,295054696.635029,295054696.635029,388539008.0,2026-06-23,282039157.89,3.0011
127,EigenCloud,EIGEN,eigencloud,0.26931989157353026,-2.09490259,-11.95504121,25.47420242,213675138.37457937,62797989.81058731,793387882.0690129,1832037657.613642,,2026-06-23,492990871.06,29.3596
128,The Graph,GRT,the-graph,0.019355734784723355,0.23883174,-2.3227255,-4.78963439,210427308.53904417,15316449.42370531,10871574284.285263,11569082617.618387,,2026-06-23,224026879.97,7.275
129,ETHGas,GWEI,eth-gas,0.11926203659193692,-0.17582044,14.67510565,-18.1834367,208708564.0358896,53968913.87502157,1750000000.0,10000000000.0,10000000000.0,2026-06-23,1199692221.62,25.7185
130,Chiliz,CHZ,chiliz,0.019814345761834343,0.87137837,-5.59945807,-17.18030392,206621676.9482329,42631954.07953283,10427882880.0,10427882880.0,,2026-06-23,206612775.04,20.6216
131,Decred,DCR,decred,11.494692836533943,0.16174155,-1.91180482,-10.38894578,200919010.25206155,1637363.38373499,17479284.84121597,17479284.84121597,21000000.0,2026-06-23,241047055.81,0.8123
132,Falcon Finance,FF,falcon-finance-ff,0.06814300299350809,-0.06795811,-4.0642921,-5.29926722,195911133.60633576,12513212.32233806,2875000000.0,10000000000.0,10000000000.0,2026-06-23,681148902.54,6.3863
133,IOTA,IOTA,iota,0.0433229406763914,0.18557166,-2.78089069,-11.81438207,194784125.84389567,6461384.30625394,4496096590.0,4600000000.0,,2026-06-23,199100864.64,3.3213
134,Ethereum Name Service,ENS,ethereum-name-service,4.608635481049736,-0.03490438,-2.0481708,-13.19953945,186228725.9164039,13469985.27845723,40408647.34955898,100000000.0,,2026-06-23,460428898.03,7.2391
135,Axie Infinity,AXS,axie-infinity,1.0694482935405056,0.58926904,3.15242435,7.56782771,185964572.4393042,50729714.76169011,173888325.00134403,270000000.0,,2026-06-23,288179920.52,27.3358
136,Pieverse,PIEVERSE,pieverse,0.6902733238627622,0.07422859,-3.34721623,-4.04016589,183338127.2247286,22415806.89634186,265602220.0,1000000000.0,1000000000.0,2026-06-23,689299005.56,12.2265
137,Compound,COMP,compound,17.63954709938408,0.13626094,-2.97250723,-1.16194807,176274204.6109465,9921095.73827329,9993125.31199293,10000000.0,,2026-06-23,176439256.99,5.6122
138,Maple Finance,SYRUP,maple-finance,0.140052669714641,-0.00255611,3.07334665,-2.55771479,166804033.0794761,7468305.78323127,1191009306.8510675,1244677492.5110993,,2026-06-23,174128373.67,4.481
139,Raydium,RAY,raydium,0.6188697334608739,-0.38236076,-2.03231233,-1.25381801,166540254.86929664,12813872.24596834,269103893.541476,554997691.952332,555000000.0,2026-06-23,343406986.06,7.7007
140,dogwifhat,WIF,dogwifhat,0.16431822696168874,-0.1699292,0.39567969,-1.66147078,164127453.5601525,51301507.55195926,998839000.36494,998839000.36494,998840592.989347,2026-06-23,164080586.42,31.2654
141,Trust Wallet Token,TWT,trust-wallet-token,0.3780611484521585,0.25529806,-1.9261547,-9.82397241,162513560.14904442,4681072.0400947,429860515.46,999860531.46,999860531.46,2026-06-23,378155379.53,2.8795
142,The Sandbox,SAND,the-sandbox,0.054435171031472544,-0.29338362,-1.57978641,1.95872442,159910919.6275359,19789830.87370475,2937639702.3733225,3000000000.0,,2026-06-23,163176307.51,12.3857
143,MX Token,MX,mx-token,1.7351079390778295,-0.0296192,0.3282941,-2.02165209,159347687.32714227,6437557.86829658,91837334.0,409024834.0,413787834.0,2026-06-23,717776722.59,4.0344
144,Plasma,XPL,plasma-xpl,0.08600282229061815,0.26642296,-4.84445081,-7.86016817,154805080.12311268,113731751.42371066,1800000000.0,10000000000.0,,2026-06-23,859689695.85,73.4959
145,Onyxcoin,XCN,onyxcoin,0.003931002072052732,-0.10755935,-1.47294935,-1.86877293,151545704.2449838,7445116.11768553,38551418052.50895,48402432357.486084,68892071756.90897,2026-06-23,270894521.25,4.8882
146,Neo,NEO,neo,2.143228080559552,0.22881202,0.29424235,-5.67900841,151180803.36904463,9133682.97512982,70538831.0,100000000.0,,2026-06-23,214274819.95,6.0343
147,OriginTrail,TRAC,origintrail,0.3015173588119318,-0.62538452,-9.69563313,-16.94976685,150758679.4059659,7242714.62461232,500000000.0,500000000.0,500000000.0,2026-06-23,150716981.95,4.8022
148,Theta Network,THETA,theta-network,0.14995072270111579,0.58569958,-2.0165662,-7.85043249,149950722.7011158,6534991.37631549,1000000000.0,1000000000.0,1000000000.0,2026-06-23,150005648.56,4.3437
149,Nexus,NEX,nexus-labs,2.409623368041394e-06,-2.36389469,-5.11903918,-21.51149187,144577402.08248365,1589929.8931702,60000000000000.0,100000000000000.0,100000000000000.0,2026-06-23,240962191.08,1.1134
150,Decentraland,MANA,decentraland,0.07272674281318185,-0.0881931,-0.16714904,5.21249228,144428734.29549316,11856620.5364847,1985909566.5331404,2193179327.320146,,2026-06-23,159128094.7,8.246
151,THORChain,RUNE,thorchain,0.42397138807647056,-0.02278246,1.308693,6.91941219,143456540.7068035,7540261.98663421,338363731.0,354199838.0,354199838.0,2026-06-23,149898537.89,5.3017
152,ApeCoin,APE,apecoin-ape,0.1397113246235461,-0.8804414,0.95617694,8.52633745,139711324.6235461,12655218.82084757,1000000000.0,1000000000.0,1000000000.0,2026-06-23,139552310.94,9.0664
153,Stargate Finance,STG,stargate-finance,0.2042629078468608,0.26603291,-3.19719977,-0.19008858,135007848.9858293,21684188.55913859,660951371.0,1000000000.0,1000000000.0,2026-06-23,203481426.79,16.0443
154,Genius Terminal,GENIUS,genius-terminal,0.3988908001189331,0.1652569,-5.30737501,-8.87466016,133778823.40604463,17415592.11839629,335377059.0,953973324.288,1000000000.0,2026-06-23,398600676.56,13.0276
155,Basic Attention Token,BAT,basic-attention-token,0.08940093235115948,0.13543223,-0.3718695,-1.92520491,133719178.87218113,11390509.61517521,1495724656.9526057,1500000000.0,1500000000.0,2026-06-23,134072655.14,8.4462
156,edgeX,EDGE,edgex,0.3803052637856179,-0.9965873,-1.94392624,8.6327816,133106842.32496627,12926255.45236514,350000000.0,1000000000.0,1000000000.0,2026-06-23,379088635.28,9.7322
157,Arweave,AR,arweave,2.0138958038065518,-0.16156389,-0.06261402,-1.47892123,132217225.78695232,12893657.41730816,65652466.0,65652466.0,66000000.0,2026-06-23,132787198.0,9.7586
158,Fartcoin,FARTCOIN,fartcoin,0.12920380837992762,-0.37311344,1.06507816,-1.97003296,129203583.0484858,18354655.88983718,999998256.0,1000000000.0,1000000000.0,2026-06-23,129280591.68,14.2143
159,Centrifuge,CFG,centrifuge,0.22127476634751037,1.45457771,-5.03406314,3.63363269,127710501.81687115,11718527.10414721,577158001.0,697164473.0,,2026-06-23,154217188.28,9.1959
160,Gala,GALA,gala,0.002541681255696661,0.65401009,-1.65851497,-7.08865887,122856443.93851598,14469285.21680506,48336684099.61252,48336684099.61252,50000000000.0,2026-06-23,126861515.95,11.7999
161,Vision,VSN,vision-token,0.0329365319550822,-0.00256707,0.24256107,-5.12803854,120913540.11137971,5304730.41100419,3671107215.4250417,4141932337.485766,4200000000.0,2026-06-23,138325834.51,4.3784
162,Convex Finance,CVX,convex-finance,1.2067947059125705,0.60861031,-2.5218092,-11.8921429,118710774.63289642,6163341.99427822,98368657.11399363,99975156.16954409,,2026-06-23,120434322.14,5.1993
163,SafePal,SFP,safepal,0.23147550685224152,0.32633741,-1.40011671,-8.05355985,115737753.42612076,2572976.93184783,500000000.0,500000000.0,500000000.0,2026-06-23,115767566.51,2.2222
164,AWE,AWE,awe-network,0.059201996638539665,0.00385361,5.08305142,10.62604143,114995159.0663997,7994523.47549162,1942420283.0270672,1942420283.0,1942420283.027067,2026-06-23,115021092.24,6.7538
165,ZKsync,ZK,zksync,0.011430417444815866,0.39915122,-5.60864358,-0.6426755,114121272.10648231,13081917.22883087,9983998629.747393,14750092427.830284,21000000000.0,2026-06-23,240006564.83,11.4559
166,dYdX,DYDX,dydx-chain,0.13391947621488334,0.41175279,9.4586657,10.36162218,113039304.44997014,17793518.03604435,844084129.0970293,958342962.317931,1000000000.0,2026-06-23,134205711.69,15.7125
167,KAITO,KAITO,kaito,0.46662328738624576,0.41478319,-2.38120347,-3.54922937,112637676.92369358,9152655.17050185,241388889.0,1000000000.0,1000000000.0,2026-06-23,466264484.99,8.137
168,Story,IP,story-protocol,0.31502200483050213,-0.6674734,-0.4882622,2.05110603,112167314.05039346,43799170.60526124,356061838.0,1029588925.0,,2026-06-23,324214905.1,39.0533
169,Tagger,TAG,tagger,0.0009861846033008782,0.74519599,2.23726592,2.33139569,106906920.41961515,2191685.76076523,108404572594.0,405380800000.0,,2026-06-23,400944427.16,2.045
170,WEMIX,WEMIX,wemix,0.23117837980421996,0.18128542,-0.47615554,-4.76671103,106868642.37703633,936685.30779644,462277841.3255647,552473209.5478008,590000000.0,2026-06-23,136424495.32,0.8668
171,Vaulta,A,vaulta,0.0647156054780592,0.41442025,-1.2219163,-11.00526199,106749672.54496515,10136052.75070124,1649519799.0716,2100000000.0,2100000000.0,2026-06-23,135850397.85,9.4965
172,eCash,XEC,ecash,5.314329198109886e-06,0.43891658,-1.99787424,-5.8800805,106529457.03090093,3689813.46666985,20045701547580.0,20045701547580.0,21000000000000.0,2026-06-23,111746655.38,3.4555
173,Golem,GLM,golem-network-tokens,0.1059941361291485,0.33866873,-0.7255789,-7.19289656,105994136.1291485,3302271.60819706,1000000000.0,1000000000.0,1000000000.0,2026-06-23,105979190.15,3.1061
174,AB,AB,newton,0.0010726823598949601,0.783057,4.38536268,-0.40148739,106006398.17540306,1693427.42954524,98823661261.46,98823661261.46,98823661261.46,2026-06-23,105609348.59,1.6048
175,Sentient,SENT,sentient,0.014210411647491396,-0.63448716,-5.60308998,-10.7491864,102853238.43895686,13612793.75190102,7237878887.0,34359738368.0,,2026-06-23,488222515.01,13.2315
176,1inch,1INCH,1inch,0.07278295281152258,0.4736737,-0.30012142,-3.70865178,102724441.35156626,8473995.15134778,1411380514.0275033,1500000000.0,1500000000.0,2026-06-23,109257568.07,8.2607
177,Grass,GRASS,grass,0.4160436518070184,0.79796025,-0.10466324,-13.15751032,101475164.75396314,29323971.55329619,243905091.0,1000000000.0,,2026-06-23,416854859.98,28.7891
178,Kamino,KMNO,kamino-finance,0.0205974352063704,0.35045513,2.2908009,13.70509314,100913330.48749964,6629228.93141113,4899315350.5,9999957649.871075,10000000000.0,2026-06-23,205574105.65,6.5779
179,Arcium,ARX,arcium,0.46468465740319453,8.18309655,257.71244382,257.71244382,97040720.61231935,263893153.4636146,208831342.0,1000000000.0,1000000000.0,2026-06-23,453643168.4,280.8289
180,Banana For Scale,BANANAS31,banana-for-scale,0.00967672509296258,-0.58921926,0.31691903,-10.33473782,96767250.9296258,9985051.32235044,10000000000.0,10000000000.0,10000000000.0,2026-06-23,96732402.75,10.3147
181,Aethir,ATH,aethir,0.004774735912454032,0.78659536,-0.00256242,-2.5920328,96109535.17553027,10068076.44577808,20128764593.0,42000000000.0,42000000000.0,2026-06-23,200284680.48,10.4782
182,Cheems (cheems.pet),CHEEMS,cheems-pet,5.039465501699409e-07,-0.00635613,-3.86282213,-9.40148551,94487475.94905493,1631903.41104176,187495034775398.0,203672952644644.2,203672960023058.0,2026-06-23,102638834.65,1.7257
183,River,RIVER,river,4.812317920728503,-0.04210838,-0.52895357,0.76391206,94321431.24627866,7198394.12343358,19600000.0,100000000.0,100000000.0,2026-06-23,480265649.89,7.6317
184,Four,FORM,binaryx-new,0.24028584417634322,0.02156676,-5.90690699,5.8620604,91757295.765717,6877348.74629333,381867255.144574,572301922.0959299,580000000.0,2026-06-23,139264418.76,7.4984
185,CoW Protocol,COW,cow-protocol,0.15713842347167545,-0.18138712,-2.74951754,-0.33255169,90786388.44534494,3752354.88704163,577747863.5688959,1000000000.0,1000000000.0,2026-06-23,157109010.97,4.121
186,YZY MONEY,YZY,yzy,0.29361278372387095,-0.41493829,-1.4562598,-1.37727267,88398253.91255479,164775.92394874,301070862.076936,999999449.576986,1000000000.0,2026-06-23,293671673.65,0.1863
187,DeepBook Protocol,DEEP,deepbook-protocol,0.016505086925971316,0.03623187,0.51204301,-5.70791176,88006332.45021845,5378261.84635428,5332073247.77778,10000000000.0,10000000000.0,2026-06-23,164921434.0,6.1313
188,SOON,SOON,soon,0.16264581291961616,0.63774159,-3.82100048,-5.25974474,87010524.94957177,8125637.57762408,534969350.81,998466231.2532852,,2026-06-23,162039370.01,9.3708
189,Walrus,WAL,walrus-xyz,0.03606777869443996,-1.24049121,1.60807475,3.5680956,86675380.67507602,18207640.99491198,2403125000.0,5000000000.0,5000000000.0,2026-06-23,180528654.88,20.9781
190,Allora,ALLO,allora,0.4286084376582418,-1.49162711,8.40279886,16.10787182,85935991.75047748,101075496.71109746,200500000.0,785499999.0,1000000000.0,2026-06-23,428345477.57,117.7578
191,NEXPACE,NXPC,maplestory-universe,0.29879763232233275,-0.20581972,-0.22379953,-12.48557958,85701615.67896016,8805213.00397866,286821602.3429133,991676090.3429134,1000000000.0,2026-06-23,298801218.29,10.2763
192,Keeta,KTA,keeta,0.15243665156786115,-2.33319449,4.4204532,2.03262945,85078510.31101245,2365182.92894429,558123715.2348334,1000000000.0,1000000000.0,2026-06-23,152412026.57,2.7778
193,Livepeer,LPT,livepeer,1.7080286241621403,-0.41701981,-2.21326536,-5.85759023,84870156.67708273,7358850.8792799,49688954.55058027,49688954.55058027,,2026-06-23,84880677.47,8.6632
194,MultiversX,EGLD,multiversx-egld,2.7931353660727973,0.1974185,-2.16595484,-8.01558095,84344379.92636923,4159085.91462472,30197025.51865901,30202181.0,,2026-06-23,84377071.06,4.9306
195,Meteora,MET,meteora,0.1606279211254935,0.88487704,-2.96757113,36.93143623,84239930.21249883,32687223.59873327,524441389.904342,997734156.25474,1000000000.0,2026-06-23,160218579.77,38.7975
196,Synthetix,SNX,synthetix,0.24363380412058727,-1.34270848,1.45494983,-3.05029495,83935800.78212929,8554387.86791383,344516234.45728827,344939867.55566317,339889850.089,2026-06-23,82730992.61,10.2074
197,Rootstock Infrastructure Framework,RIF,rsk-infrastructure-framework,0.08377569497325349,-0.04085385,-10.12849105,-18.45635734,83775694.97325349,8358618.11106396,1000000000.0,1000000000.0,1000000000.0,2026-06-23,83724741.73,9.9827
198,Defi App,HOME,defi-app,0.020164356522129584,-0.70849934,-9.54123019,-27.61595199,83004333.14919136,26430914.97772636,4116388889.38,10000000000.0,10000000000.0,2026-06-23,201547672.77,31.8149
199,Horizen,ZEN,horizen,4.511861433082352,0.06244776,-2.1142389,-4.54680456,82014873.68712899,8839659.51751837,18177613.58666088,21000000.0,21000000.0,2026-06-23,94693875.31,10.7886
200,FTX Token,FTT,ftx-token,0.24900660728313598,1.03556889,-0.32049178,-7.59373278,81897053.95256147,2295148.8768035,328895103.813207,328895103.813207,352170015.0,2026-06-23,87281768.85,2.822
201,Rain,RAIN,rain,0.016028036301002538,-0.03254045,11.33445043,16.74245462,9980388828.456507,39473292.24151541,622683193438.5027,1149854733014.8862,1149854733014.8862,2026-06-23,18420927301.34,0.3944
202,LAB,LAB,lab,16.930557323114378,-0.1437071,9.58439639,72.90092619,5283945436.841043,43590278.72788063,312095186.0,1000000000.0,1000000000.0,2026-06-23,16973928922.08,0.8215
203,Ondo US Dollar Yield,USDY,ondo-us-dollar-yield,1.1349154351707282,-0.05219837,-0.12323087,0.49685081,2154075793.6914687,1012819.89799041,1898005549.0807786,1898005549.0807786,,2026-06-23,2153765962.32,0.0503
204,HTX,HTX,htx,1.7418257650635435e-06,-0.40905225,0.81603042,2.48032023,1577584944.8988745,35475929.60486051,905707664073577.8,999990000000000.0,999990000000000.0,2026-06-23,1740636509.25,2.2498
205,Falcon USD,USDf,falcon-finance,0.9971952845240117,-0.00015844,0.24504995,0.45603331,1299679651.293738,667591.50618571,1303335135.5187266,1303335135.5187266,,2026-06-23,1299033144.87,0.0512
206,c8ntinuum,CTM,c8ntinuum,0.18847794896942965,0.19629443,0.14066351,-1.53084811,840304349.8511046,14646029.51034235,4458369557.0,8888885418.0,8888888888.0,2026-06-23,1675277243.05,1.7434
207,Jupiter Perps LP,JLP,jupiter-perps-lp,3.475385065209933,-0.0984156,-1.41321307,-1.41700965,792786287.5683873,3230248.97880978,228114661.452773,228114661.452773,,2026-06-23,792391686.32,0.4062
208,USDGO,USDGO,usdgo,1.0000100151013078,-0.00247617,-0.00983085,-0.0009484,674077431.8061581,9915736.71465313,674070680.92,674070680.92,,2026-06-23,673944719.02,1.4694
209,Beldex,BDX,beldex,0.08099870133672,0.39075202,1.72971624,0.69053224,626801640.792076,8869214.42537569,7738415930.724575,9938035930.724575,,2026-06-23,805205302.56,1.3846
210,GHO,GHO,gho,0.9981182270208692,-0.00664569,0.00338356,-0.04611357,597872817.9855007,2948440.74453713,599000000.0,599000000.0,,2026-06-23,597872822.86,0.4932
211,TBLL tokenized ETF (xStock),TBLLX,tbll-tokenized-etf-xstock,105.72,0.0,-0.42251672,0.22753129,571693316.8307302,718.96746672,5407617.45015825,5407617.45015825,,2026-06-23,571693316.83,0.0001
212,Usual USD,USD0,usual-usd,0.9990266761712208,0.00341763,-0.00697104,0.01211287,559590766.9045401,60212.09394116,560135960.582331,560135960.582331,,2026-06-23,559603224.36,0.0109
213,Solstice USX,USX,solstice-usx,1.0013338978994755,0.00824223,-0.0626505,-0.04601501,508885922.6170441,4791315.22561267,508208025.0,359692577.0,,2026-06-23,360292599.91,0.9357
214,USDai,USDAI,usdai,0.9996832244017851,-0.00034335,-0.00504543,0.0420955,501192310.19714564,0.0,501351126.0,501351126.0,,2026-06-23,501192310.2,
215,Legacy Frax Dollar,FRAX,frax,0.9912174040350253,0.08057095,0.05909487,-0.07999225,239624511.7761371,348751.91556426,241747684.01026767,241747684.01026767,,2026-06-23,239654651.9,0.1454
216,Unibase,UB,unibase,0.09387527417790499,-3.8063395,-22.4597797,-18.46077671,234688185.44476247,56377476.6134096,2500000000.0,10000000000.0,10000000000.0,2026-06-23,926453027.91,24.3153
217,Ape and Pepe,APEPE,ape-and-pepe,1.0512722615824216e-06,-0.08150411,-0.6868239,-2.49735574,220767174.93230852,27498382.58940683,210000000000000.0,210000000000000.0,210000000000000.0,2026-06-23,220628849.15,12.4592
218,Strategy PP Variable tokenized stock (xStock),STRCX,strategy-pp-variable-tokenized-stock-xstock,92.96265141183638,-0.1032112,-1.42083517,-6.95208066,220559410.63942558,134974.48809008,2372559.38045828,2372559.38045828,,2026-06-23,221075948.27,0.0616
219,48 Club Token,KOGE,bnb48-club-token,63.699654961081215,0.05620161,0.09125501,0.32349938,215828981.9203259,90322.0296697,3388228.43,3388228.433995,3388228.433995,2026-06-23,215944600.37,0.0418
220,Velvet,VELVET,velvet,0.46926509062170374,0.2972047,-3.09165083,34.31427959,197468080.8184963,11734149.37742757,420802835.6784043,1000000000.0,1000000000.0,2026-06-23,469304133.12,5.9451
221,Intel tokenized stock (xStock),INTCX,intel-tokenized-stock-xstock,134.89716097325606,-2.38349379,-3.954691,7.95995834,195656403.38883343,42320.48459235,1450411.57261733,1450411.57261733,,2026-06-23,195454894.92,0.0217
222,USAT,USAT,tether-usat,0.9985258695150478,-0.00341686,0.0204608,-0.01821205,187208865.78707796,3314998.89756134,187485243.5,187485243.5,,2026-06-23,187189275.05,1.7691
223,Bitway,BTW,bitway-btw,0.08288268714498205,-0.39241805,-16.86878191,-10.18368476,182341911.71896052,53986153.4109354,2200000000.0,10000000000.0,10000000000.0,2026-06-23,838139761.93,29.1233
224,WeFi,WFI,wfi,2.0655887429245454,-0.10558913,0.76517818,2.04493082,175033020.35827258,2766547.75510237,84737594.04326227,1000000000.0,1000000000.0,2026-06-23,2064962715.37,1.5806
225,AUSD,AUSD,agora-finance,0.9996557808960486,-0.00397133,-0.0239029,-0.01356146,164972555.09057263,31904183.6977141,165029361.349462,165029361.349462,,2026-06-23,164977564.06,19.3446
226,Marvell tokenized stock (xStock),MRVLX,marvell-tokenized-stock-xstock,291.6,-3.37011631,-8.52463219,-3.17951249,162724933.76303646,72775.752156,558041.61098435,558041.61098435,,2026-06-23,162724933.76,0.0447
227,SP500 tokenized ETF (xStock),SPYX,sp500-tokenized-stock-xstock,745.4778126688796,-0.19212142,-0.38500642,-1.47412445,161477477.0347459,95980183.8342065,216609.36689268,216609.36689268,,2026-06-23,161380158.37,59.2134
228,Backpack,BP,backpack-exchange,0.6397481633748514,-0.01344092,3.38660633,47.06320078,159936942.93949935,6058063.72669435,249999846.9644477,999999846.9644477,1000000000.0,2026-06-23,639494203.97,3.7792
229,Tesla tokenized stock (xStock),TSLAX,tesla-tokenized-stock-xstock,398.8582962000931,-0.45353895,0.97222572,-1.607637,155456931.73449096,40171955.71965417,389754.79065002,389754.79065002,,2026-06-23,155279782.62,25.9208
230,Nasdaq tokenized ETF (xStock),QQQX,nasdaq-tokenized-stock-xstock,733.1193203078875,-0.19330029,-0.79345354,-1.27858483,153823911.03884438,3571290.56901278,209821.11203159,209821.11203159,,2026-06-23,153656445.32,2.3372
231,Circle tokenized stock (xStock),CRCLX,circle-tokenized-stock-xstock,78.4768216135412,-0.91654743,-2.63644677,-5.97340204,152602548.322,14715372.34580242,1944555.66859589,1944555.66859589,,2026-06-23,151989382.14,9.6795
232,SwissBorg,BORG,swissborg,0.15477729581620653,-0.28234779,-2.60604169,-6.57142774,152030377.00481412,166459.51428682,982252443.442,982252443.442,982602443.0,2026-06-23,152085571.56,0.109
233,Apple tokenized stock (xStock),AAPLX,apple-tokenized-stock-xstock,300.0589025949213,0.15613053,1.56530143,0.79654159,150290072.95960358,3241519.23732939,500868.56833738,500868.56833738,,2026-06-23,150442909.88,2.1558
234,GUSD,GUSD,gusd,0.9982178758103843,-0.0201457,0.02855175,0.04114931,149173679.36110383,257955.49911165,149440000.0,320000000.0,,2026-06-23,319432143.03,0.1714
235,Robinhood tokenized stock (xStock),HOODX,robinhood-tokenized-stock-xstock,101.49954937042718,-1.37307921,-5.67345092,4.37181244,149174404.64600217,10369042.24731503,1469705.09299094,1469705.09299094,,2026-06-23,148631271.08,6.995
236,Zano,ZANO,zano,9.171661502151958,0.26687798,1.70993896,-10.5708377,140685940.11669827,1312930.07927523,15339198.91,15339198.91,,2026-06-23,140572983.1,0.9368
237,Billions Network,BILL,billions-network,0.056226025182747656,-2.12582789,-6.05457859,-19.77162785,136527721.95695195,74991406.58590195,2428194444.0,10000000000.0,10000000000.0,2026-06-23,559656460.19,54.9548
238,EUR CoinVertible,EURCV,eur-coinvertible,1.141767603444106,0.03608553,-0.38631351,-1.4200529,135021865.93937322,19701387.32727793,118256872.53,118256872.53,,2026-06-23,135058003.59,14.6214
239,NVIDIA tokenized stock (xStock),NVDAX,nvidia-tokenized-stock-xstock,206.28037262785193,-0.19063199,-1.32364125,-2.33646892,134931521.95181882,15890947.05534017,654117.11367832,654117.11367832,,2026-06-23,134597616.67,11.893
240,Re,RE,re-protocol,0.8366118952767384,4.34084714,-4.85316304,106.76840977,133523258.48616745,278075504.1265689,159600000.0,1000000000.0,1000000000.0,2026-06-23,836118216.45,209.0726
241,Alphabet tokenized stock (xStock),GOOGLX,alphabet-tokenized-stock-xstock,346.12968651803413,-0.00479975,-4.51326664,-6.57645865,133509389.69476683,25941129.38731361,385720.71363723,385720.71363723,,2026-06-23,133512539.33,19.429
242,Ailey,ALE,project-ailey,0.259043902369586,-0.03111664,-0.04642798,-0.29228484,126032054.1667583,110708.92807445,486527777.7777778,1000000000.0,1000000000.0,2026-06-23,259019462.06,0.0878
243,TronBank,TBK,tronbank,0.6417732200125648,0.69906337,-0.78424023,2.61421316,118942006.73988503,392038.0332233,185333390.410956,1000000000.0,1000000000.0,2026-06-23,639296678.75,0.3364
244,Shuffle,SHFL,shuffle,0.2764259047074933,0.01394391,-4.00633622,-8.13020156,117545759.0058589,881967.66618253,425234238.19573915,956134768.8996149,,2026-06-23,264300999.82,0.7516
245,GoМining,GOMINING,gomining-token,0.288360573523951,-0.95307105,-0.97286304,-0.64002334,116552413.7525545,12542845.00097106,404189838.8819571,404266807.9710363,404266807.9710363,2026-06-23,116548526.2,10.7556
246,Frax USD,FRXUSD,frax-usd,0.9997272814513392,-0.00050332,0.02058384,0.00836411,115634788.52600308,1624131.90099218,115666332.88043515,115666332.88043515,,2026-06-23,115634788.53,1.4045
247,Aster USDF,USDF,usdf,0.99951737421909,0.03956351,0.05595264,0.0619775,114723528.60592724,49068.00644015,114778923.8736938,114778923.8736938,,2026-06-23,114708533.92,0.0525
248,Undeads Games,UDS,undeads-games,1.1454046871928014,0.01916412,-0.4207471,-1.05350162,114112142.12612914,284322.94189631,99626047.80830716,250000000.0,250000000.0,2026-06-23,286246989.71,0.2433
249,Circle Internet Group Tokenized Stock (Ondo),CRCLon,circle-internet-group-tokenized-stock-ondo,78.36912818505321,-0.92708262,-2.57888423,-5.9170484,110857323.78864533,6207782.13242857,1414553.49007938,1414553.49007938,,2026-06-23,110516584.27,5.6425
250,Collector Crypt,CARDS,collector-crypt,0.2615282792231958,1.81955722,-5.00531197,-0.18993799,108281370.08225928,6370772.70507432,414033122.551343,1999705783.37703,2000000000.0,2026-06-23,525351434.16,5.7283
251,Ribbita by Virtuals,TIBBIR,ribbita-by-virtuals,0.10496891012354986,-0.34197468,-5.01357018,-16.69660547,104968910.12354986,1101056.1571977,1000000000.0,1000000000.0,1000000000.0,2026-06-23,104495221.68,1.0562
252,BitMart Token,BMX,bitmart-token,0.3184020320410054,0.00947386,1.92056946,-0.28561365,103251925.47645032,9618747.32679755,324281615.96391135,626297236.4413097,881679315.0,2026-06-23,280614550.45,9.3126
253,StandX DUSD,DUSD,standx-dusd,0.9980926364956345,-0.02254652,-0.01609819,-0.05461621,100363584.4620883,121739.15015174,100555380.124305,100555380.124305,,2026-06-23,100368917.74,0.1215
254,Solstice eUSX,EUSX,solstice-eusx,1.041407846808478,0.02629346,0.00304667,0.10045872,100345087.39599644,8456490.82622934,96355225.0,140284603.0,,2026-06-23,146114918.81,8.3435
255,ViciCoin,VCNT,vicicoin,16.454363364755046,0.13686067,-0.16065738,-0.52252524,100192457.73797777,66990.71716991,6089111.77642936,3048058.6187394,10000000.0,2026-06-23,164571715.53,0.0667
256,SoSoValue,SOSO,sosovalue,0.291671215122367,-0.40171141,-3.94588786,-5.35889804,99752007.07889052,3006064.19239744,342001548.0,1000000000.0,1000000000.0,2026-06-23,293343944.86,2.9969
257,Gold tokenized ETF (xStock),GLDX,gold-tokenized-stock-xstock,380.4431990907091,-0.33475084,-0.65281239,-3.94728662,99012335.56437233,301662.4052612,260255.23862963,260255.23862963,,2026-06-23,98726830.75,0.3055
258,Rollbit Coin,RLB,rollbit-coin,0.06029447068673547,-0.1113702,0.60129537,-0.57547632,98941457.16923782,104557.98997474,1640970656.8832111,1640970656.8832111,,2026-06-23,98938411.63,0.1057
259,Wibegram,WIBE,wibegram,4.837945208373422,0.07020298,1.31624911,8.04372117,98624725.46831056,389667.05324725,20385664.0,300000000.0,300000000.0,2026-06-23,1451105654.53,0.3937
260,o1.exchange,O,o1-exchange,0.6117897178973972,0.88317454,-17.58493867,832.91333931,97886354.86358355,42605100.53833175,160000000.0,1000000000.0,1000000000.0,2026-06-23,610326262.4,43.4862
261,U.S. Dollar Tokenized Currency (Ondo),USDon,us-dollar-tokenized-currency-ondo,0.999035447697664,-0.0065264,-0.00135085,-0.04676192,96693274.99905828,33135582.90573242,96786630.76659954,96786630.76659954,,2026-06-23,96693275.0,34.2688
262,AMD Tokenised Stock (xStock),AMDx,amd-tokenised-stock-xstock,541.101778469036,0.0,0.77841297,-0.57220071,95832791.83154362,13927.62125616,177106.77666351,177106.77666351,,2026-06-23,95832791.83,0.0145
263,TAC Protocol,TAC,tac-protocol,0.01979298034135521,0.64600913,-1.57377001,28.29448356,92118638.93610503,3226012.50601144,4654106524.0,10255278596.0,,2026-06-23,202876004.68,3.5149
264,GEODNET,GEOD,geodnet,0.20708819348661492,-0.09644576,8.18924098,-7.6232213,90865731.97181928,792665.63795544,438777945.0,976569568.0,1000000000.0,2026-06-23,207072469.9,0.8717
265,Micron Technology Tokenized Stock (Ondo),MUon,micron-technology-tokenized-stock-ondo,1160.7406644753312,-1.78366363,-0.25847505,7.7452026,87341588.11162728,11716008.56300159,75246.42737584,75246.42737584,,2026-06-23,86951930.92,13.5195
266,Nockchain,NOCK,nockchain,0.03890149906929142,0.55558801,-9.65367599,1.32632478,85763133.6696106,1397242.14882328,2204622848.0,4294967296.0,4294967296.0,2026-06-23,166906930.31,1.6308
267,RealLink,REAL,reallink,0.06229972957363357,-0.20386073,-0.96184774,-1.76901326,85602429.57248168,6524216.0852605,1374041752.0,3291111475.0,12000000000.0,2026-06-23,746733429.59,7.6293
268,Joseon Mun,JSM,joseon-mun,0.00026241280045473836,-0.50999948,0.61228935,5.84726459,83045778.95991105,399843.3113339,316470000000.0,2400000000000.0,2400000000000.0,2026-06-23,629219293.96,0.4817
269,AI Rig Complex,ARC,ai-rig-complex,0.08251115583899923,0.00798925,2.38059574,8.07612596,82511017.13774626,5622176.87433987,999998319.0,999998319.0,999998319.0,2026-06-23,82929457.71,6.7888
270,would,WOULD,wouldmeme,0.08201346524966492,-0.07941088,-1.86782034,0.05833154,81968570.44728357,94329.26109931,999452592.3,999452789.37,1000000000.0,2026-06-23,82003852.89,0.1147
271,Microsoft tokenized stock (xStock),MSFTX,microsoft-tokenized-stock-xstock,372.8730550556922,0.41725114,-1.6316301,-7.30663659,81938672.55840321,92938.30126772,219749.51380213,219749.51380213,,2026-06-23,81926432.18,0.1135
272,Light,LIGHT,light,0.12435374594758504,3.59356967,6.34408412,12.55855201,80866016.52915962,0.0,650290153.4083626,919835446.0186709,1000000000.0,2026-06-23,124545941.8,
273,UnifAI Network,UAI,unifai-network,0.3384700264382165,1.59403505,3.25289937,4.82554506,80894336.31873374,7901371.46170091,239000000.0,1000000000.0,1000000000.0,2026-06-23,336756089.21,9.7727
274,Meta tokenized stock (xStock),METAX,meta-tokenized-stock-xstock,566.0975283613755,0.39208244,-1.40288975,-4.66423823,80703572.8560007,1575386.08891856,142561.25281028,142561.25281028,,2026-06-23,80686586.15,1.9708
275,Reserve Rights,RSR,reserve-rights,0.0012830975605476426,0.69383006,-1.13764492,-9.90666228,80261825.0806741,5340412.47933,62553174091.0,100000000000.0,100000000000.0,2026-06-23,128119543.52,6.6661
276,Official Melania Meme,MELANIA,melania-meme,0.07972119334710538,0.93848812,0.63113185,-3.49807951,79720872.34329963,11396026.99311245,999995973.41946,999995973.419464,,2026-06-23,79603307.0,14.2629
277,Cisco tokenized stock (xStock),CSCOX,cisco-tokenized-stock-xstock,118.96190292617727,0.33062409,-0.20685333,-0.18455669,79327126.30385841,7742.94256059,666827.98738589,666827.98738589,,2026-06-23,79316064.32,0.0097
278,Magma Finance,MAGMA,magma-finance,0.4130997918761045,0.47518465,-17.25764646,5.46643725,78488960.45645985,3437830.67670279,190000000.0,1000000000.0,1000000000.0,2026-06-23,411646560.79,4.3767
279,Stronghold SHx,SHX,stronghold-token,0.004330843416959565,0.40005053,-2.47300759,-8.56711926,76217110.0729898,518247.35863535,17598675993.346684,99756866344.0,99756866344.0,2026-06-23,431068751.46,0.6814
280,Fluid,FLUID,instadapp,0.9596090049536591,0.16144708,-2.87455871,-13.36678067,75518346.81161386,1637923.52752687,78696996.82034639,100000000.0,,2026-06-23,95884808.27,2.1701
281,Vanguard Total World Tokenised ETF (xStock),VTx,vanguard-total-world-tokenised-etf-xstock,157.98,0.0,-0.00608901,-1.00883514,75233564.04083075,5.90971584,476222.0790026,476222.0790026,,2026-06-23,75233564.04,0.0
282,Qtum,QTUM,qtum,0.7088980162023931,0.1495124,-1.53689406,-4.93366939,75179266.60084523,8897995.54109155,106050891.5,107822406.0,107822406.0,2026-06-23,76397163.18,11.7985
283,BNB Attestation Service,BAS,bnb-attestation-service,0.03006355549300127,1.23049357,-3.12047315,-2.95512171,75158888.73250318,2556388.5237544,2500000000.0,10000000000.0,10000000000.0,2026-06-23,300598106.63,3.3619
284,Huma Finance,HUMA,huma-finance,0.023046118465441343,0.04019601,-0.56504073,-5.7867159,75149796.42994006,6474094.07399608,3260843970.0,9999996010.090069,10000000000.0,2026-06-23,230173538.65,8.5953
285,lisUSD,lisUSD,lisusd,0.9958536809320383,0.00182739,-0.13930668,-0.10842122,75076397.37248594,1246.44181965,75388984.15500209,75388984.15500209,,2026-06-23,75076397.37,0.0017
286,Coinbase tokenized stock (xStock),COINX,coinbase-tokenized-stock-xstock,162.79834240372307,-0.36007715,-0.79010318,-3.0011679,74216665.22865905,9799505.71702507,455880.96373002,455880.96373002,,2026-06-23,74166592.9,13.2996
287,Lumera Health,LUR,lumera-health,4.972366610334103,0.13219347,-0.50014108,2.46645821,74107505.97762305,595939.1266884,14903870.08544481,100000000.0,100000000.0,2026-06-23,497308754.34,0.8041
288,Block Street,BSB,block-street,0.3291542388413296,-0.09276518,-3.95289808,-13.8294206,73286191.27802204,15296650.70872947,222650000.0,1000000000.0,1000000000.0,2026-06-23,328335271.15,20.8912
289,Sonic,S,sonic,0.025305993609674674,0.94731174,-7.66045944,-22.2355491,72881261.59586306,16848380.24965629,2880000000.0,3222625000.0,,2026-06-23,81545558.42,23.1093
290,Orca,ORCA,orca,1.1965449068550156,0.6360557,-1.45930875,5.56673025,72748474.3125717,32491086.5331235,60798783.14286,74999551.479999,,2026-06-23,89665840.23,44.7719
291,Comedian,BAN,comedian,0.07269560035186755,-0.01135119,1.28020318,-2.16074156,72692827.66897453,10621293.23187691,999961859.0,999961859.0,999961859.0,2026-06-23,72888892.37,14.5735
292,Zama,ZAMA,zama,0.03299455627188175,0.72819937,-4.64791688,2.21679891,72588023.79813986,20203634.83752076,2200000000.0,11000000000.0,,2026-06-23,363210571.49,27.7164
293,Beam,BEAM,onbeam,0.0014094797997144066,-0.36865386,-2.45346951,-5.43494586,72306574.03794482,2736483.91718893,51300184687.0,58470184687.0,58470184687.0,2026-06-23,82251915.55,3.7652
294,AIOZ Network,AIOZ,aioz-network,0.05727479949644265,-0.00919542,-0.70073408,-4.61400154,72240763.42048785,4927738.37901992,1261301026.9023244,1261301026.9023244,,2026-06-23,72200906.5,6.8137
295,Linde tokenized stock (xStock),LINX,linde-tokenized-stock-xstock,515.93,0.0,3.12612703,-2.85633591,72049919.41677852,2070.64636025,139650.57162169,139650.57162169,,2026-06-23,72049919.42,0.0029
296,USDsui,USDsui,usdsui,0.9981557197584753,-0.03879235,-0.00575676,-0.14447455,71783044.6971891,2854455.78691353,71915677.36,71915677.36,,2026-06-23,71812144.55,3.9627
297,SUPERFORTUNE,GUA,superfortune,0.5680893341035964,0.64710336,-18.16365289,-25.16561382,71011166.76294956,1481497.25137636,125000000.0,1000000000.0,1000000000.0,2026-06-23,560355102.38,2.1146
298,Gas,GAS,gas,1.0832411399614779,0.28868793,-0.86655992,-6.77716563,70402366.7211937,3485694.21196158,64992331.0,64992331.0,,2026-06-23,70385330.05,4.9739
299,Quack AI,Q,quack-ai,0.01729588751057505,1.49900098,-10.71211856,2.98193071,70337425.34073463,4197941.58143954,4066713853.0895815,9999991545.08958,10000000000.0,2026-06-23,173013361.48,5.9713
300,0x Protocol,ZRX,0x,0.08277689397165154,0.13061113,-1.67964851,-7.58335231,70227632.33286703,6348463.74342723,848396562.8973439,1000000000.0,1000000000.0,2026-06-23,82658894.13,9.0443
301,Pharos,PROS,pharos,0.5176652813262671,-1.17103236,-6.19299904,-9.24739894,70195412.14784183,5036864.57388273,135600000.0,1000000000.0,,2026-06-23,522697929.42,7.171
302,Useless Coin,USELESS,theuselesscoin,0.06976984068638069,0.19296362,-4.19452875,-5.2947526,69705996.85911293,7166293.43260673,999084936.605277,999084936.605277,1000000000.0,2026-06-23,69597518.6,10.2803
303,Core MSCI Emerging Markets Tokenised ETF (xStock),IEMGx,core-msci-emerging-markets-tokenised-etf-xstock,86.19,0.0,0.41839249,1.69911504,69429605.99966758,587.02793721,805541.31569402,805541.31569402,,2026-06-23,69429606.0,0.0008
304,ZIGChain,ZIG,zigcoin,0.049100437690954825,-0.6875992,8.3751772,-12.66278753,69179609.72690886,2566087.14177336,1408940795.2396517,2000000000.0,1953940796.0,2026-06-23,95864627.22,3.703
305,Coca-Cola tokenized stock (xStock),KOX,coca-cola-tokenized-stock-xstock,80.53389975136592,0.77587745,-2.90767707,-1.44303782,68682721.60279597,51411.43296333,852842.36594579,852842.36594579,,2026-06-23,68890375.1,0.0746
306,USD.AI,CHIP,usd-ai,0.0339899870708938,0.07002903,-4.96013636,-6.43476761,67979974.1417876,24150864.55859044,2000000000.0,10000000000.0,10000000000.0,2026-06-23,339834753.93,35.47
307,RaveDAO,RAVE,ravedao,0.26900191127555095,-0.33129776,-0.0407119,-8.80432641,67917751.85491186,6467280.04623257,252480555.0,1000000000.0,1000000000.0,2026-06-23,268888348.17,9.5239
308,iShares Core S&P 500 Tokenized ETF (Ondo),IVVon,ishares-core-sp-500-tokenized-etf-ondo,754.4686936837899,0.28630182,-0.07875321,-1.03116234,67824690.80268839,1094083.82818612,89897.28980208,89897.28980208,,2026-06-23,67829450.85,1.6128
309,Numeraire,NMR,numeraire,8.989572654971905,0.0161746,-1.54867189,4.14380036,67343508.51088168,5014300.91163617,7491291.42124856,10632496.57214185,11000000.0,2026-06-23,98799765.81,7.4374
310,Wormhole,W,wormhole,0.011158828596488347,-0.38114868,-5.79185498,12.28259838,67343091.90393738,121202371.89152686,6034960688.0,10000000000.0,10000000000.0,2026-06-23,111352039.12,180.3552
311,ORDI,ORDI,ordi,3.200940517995821,-0.44100468,-1.75947978,-5.27291756,67219750.87791224,15225972.87531724,21000000.0,21000000.0,21000000.0,2026-06-23,67116703.9,22.6905
312,ChainOpera AI,COAI,chainopera-ai,0.35218629095302073,2.53981359,-1.64171831,9.3785574,66211057.21342441,7727564.53532634,188000098.0,1000000000.0,1000000000.0,2026-06-23,352925629.8,11.7244
313,MindWaveDAO,NILA,mindwavedao,0.07861467679681894,-0.10161643,-0.19403401,-0.04584158,66253790.5847691,219069.44001772,842766176.55,1057021569.0,1057021569.0,2026-06-23,83039629.19,0.3304
314,Ravencoin,RVN,ravencoin,0.004043524363932563,0.68015644,-1.96092131,-10.3304725,65959614.70708693,5287115.66486119,16312406893.212673,16312406893.212673,21000000000.0,2026-06-23,84851782.22,8.0183
315,Enjin Coin,ENJ,enjin-coin,0.033298901072812095,-0.93262102,1.06015872,4.68022317,65822379.22978637,9087224.48349503,1976713258.0699208,1999925056.8949423,,2026-06-23,66567044.71,13.7996
316,MetYa,MY,metya,0.06654499179483443,-0.60317039,1.16579013,-3.08037372,65642864.89636844,188826.45567646,986443353.9754975,994243267.9861139,1000000000.0,2026-06-23,66355940.28,0.291
317,MicroStrategy tokenized stock (xStock),MSTRX,microstrategy-tokenized-stock-xstock,109.49749518702045,-0.21675923,-4.31224342,-15.32734465,65509397.122120455,3345529.21160829,598273.01994654,598273.01994654,,2026-06-23,65101117.0,5.1406
318,Law Blocks (AI),LBT,law-blocks,0.2659911713221934,0.05213945,-0.05097987,-0.58939618,65167301.799700685,647552.76054892,244997988.0,1000000000.0,,2026-06-23,265526216.77,0.998
319,Bio Protocol,BIO,bio,0.029333513439780023,-1.10451868,-6.22537381,-5.25036012,65027624.346194334,30734146.56807318,2216837218.62,3311064315.6523986,3320000000.0,2026-06-23,97275248.97,47.5297
320,Palantir tokenized stock (xStock),PLTRX,palantir-tokenized-stock-xstock,119.09255060755669,-0.17162263,-6.19567516,-10.56850237,65021308.45049217,38010.30254905,545972.92709563,545972.92709563,,2026-06-23,64971686.98,0.059
321,io.net,IO,io-net,0.1856433677549569,-0.05397039,-12.99691157,6.15618037,64889244.813607395,40404311.23222691,349537102.231732,800000000.0,800000000.0,2026-06-23,147934923.83,61.5248
322,Yearn,YFI,yearn-finance,1804.6401127822537,0.01818571,-0.97922389,-10.53689501,64634894.65999339,2584326.93563723,35815.94701469,36646.35595035,,2026-06-23,66035569.41,4.0074
323,TROLL (SOL),TROLL,troll-sol,0.0645677258064874,-0.12162709,-5.52234575,-11.29220187,64488414.67241488,2583822.73720559,998771659.786962,998771659.786962,1000000000.0,2026-06-23,64353929.32,4.0123
324,Derive,DRV,derive,0.08681186629250737,0.32473025,-5.61896744,-14.15276849,64026328.227351345,263142.0819691,737529683.0,1500000000.0,1500000000.0,2026-06-23,130218228.47,0.411
325,XPR Network,XPR,proton,0.002190708638185313,-0.06006875,-1.46177405,-7.5186167,63910029.12888163,1502586.63227074,29173221858.394596,32204321166.226295,,2026-06-23,71094134.95,2.3463
326,Berachain,BERA,berachain,0.22946440486532052,0.28173927,-1.05853901,-11.1538436,63669264.702634804,15843238.42788428,277469025.0542527,543107913.9431417,,2026-06-23,124379171.09,24.9432
327,Plume,PLUME,plume,0.010642787680373644,-1.38170592,-5.07642755,-4.7410927,63535248.15379508,9467378.78211566,5969793823.0,10000000000.0,10000000000.0,2026-06-23,106457564.15,14.935
328,Safe,SAFE,safe1,0.08388806803256213,0.04128177,-4.30989375,-11.39836993,62901183.206571914,892125.67075941,749822766.0,1000000000.0,1000000000.0,2026-06-23,83785480.73,1.3915
329,Kusama,KSM,kusama,3.4182527174876625,0.28809531,-1.71327436,-8.62964851,62915192.859386824,4225003.88186566,18405658.69735578,18405658.69735578,,2026-06-23,62900350.35,6.7321
330,MegaETH,MEGA,megaeth,0.05546716797188233,-1.00755208,-0.16572622,-2.63127678,62666406.345417246,121651286.60347354,1129792788.0,10000000000.0,10000000000.0,2026-06-23,555184215.5,193.9557
331,Fidelity Digital Dollar,FIDD,fidelity-digital-dollar,0.9997347549513432,0.02235165,-0.03110989,0.06128904,62584455.378794335,3515412.14145396,62601060.0,62601060.0,,2026-06-23,62613538.68,5.607
332,Janction,JCT,janction,0.0054401713129273565,0.4104533,-3.0169208,-12.97358739,62527629.017251745,5819660.87272561,11493687500.0,50000000000.0,50000000000.0,2026-06-23,272119490.25,9.2417
333,Cysic,CYS,cysic,0.38694188378599387,0.56405998,-2.12362896,-14.86701392,62220254.91278782,3514124.26655993,160800000.0,1000000000.0,1000000000.0,2026-06-23,387481924.57,5.6616
334,Goldman Sachs tokenized stock (xStock),GSX,goldman-sachs-tokenized-stock-xstock,1098.74,0.0,1.42144733,1.35790853,61989446.344105326,1400.6627646,56418.66714974,56418.66714974,,2026-06-23,61989446.34,0.0023
335,Zilliqa,ZIL,zilliqa,0.003090689771182165,0.24876777,-1.6655991,-5.26758089,61971727.701853365,7933915.43327325,20051099362.893887,20493054774.437218,21000000000.0,2026-06-23,64775566.42,12.8348
336,Jelly-My-Jelly,JELLYJELLY,jelly-my-jelly,0.061831741254329685,2.27876453,2.88891816,1.16552889,61831685.54393081,5333636.91374316,999999099.0,999999099.0,,2026-06-23,61409936.15,8.6955
337,SPACE ID,ID,space-id,0.04198729746655611,9.39893292,25.46039008,55.49977847,61202088.48628606,158936464.82519174,1457633431.516639,1994841761.516639,2000000000.0,2026-06-23,81301710.38,270.7968
338,Turbo,TURBO,turbo,0.000883559221105471,-0.24168092,0.4385393,-2.25695552,60965586.24744191,10162083.53460371,68999999990.0,68999999990.0,69000000000.0,2026-06-23,60806566.46,16.851
339,Pfizer tokenized stock (xStock),PFEX,pfizer-tokenized-stock-xstock,25.0,0.0,-0.9529907,-3.06320279,60932525.42411575,200.65775,2437301.01696463,2437301.01696463,,2026-06-23,60932525.42,0.0003
340,Chevron tokenized stock (xStock),CVXX,chevron-tokenized-stock-xstock,175.28534749058238,0.0,-2.23896827,-4.30455452,60913229.84967113,669.3543335,347508.96593307,347508.96593307,,2026-06-23,60913229.85,0.0011
341,Dog (Bitcoin),DOG,dog-go-to-the-moon-rune,0.0006038813355119691,0.43902109,-2.67838775,-9.34805905,60388133.55119691,1000988.44702942,100000000000.0,100000000000.0,100000000000.0,2026-06-23,60474036.46,1.6559
342,GMX,GMX,gmx,5.783626836932484,0.18883154,-1.84448201,-1.75832588,60271439.78724056,3021426.20119377,10421045.73593259,10421045.73593259,13250000.0,2026-06-23,76591492.73,5.0236
343,Venus BUSD,vBUSD,venus-busd,0.022303159934150867,0.010002,0.030012,-0.01,60101896.7782369,0.0,2694770470.0,2694770470.0,,2026-06-23,60101896.78,
344,Mastercard tokenized stock (xStock),MAX,mastercard-tokenized-stock-xstock,492.9041098965045,0.0,0.02680123,0.93361743,60096823.062988676,0.0,121923.96422827,121923.96422827,,2026-06-23,60096823.06,
345,iShares Semiconductor tokenized ETF (xStock),SOXXx,ishares-semiconductor-tokenized-etf-xstock,648.53,0.0,3.39723359,3.39753197,60067256.41520421,1004.8129261,92620.62883013,92620.62883013,,2026-06-23,60067256.42,0.0017
346,Tria,TRIA,tria,0.027727226875051317,1.40754899,8.23021344,24.03846363,59826205.61149198,7055800.88317301,2157670000.0,10000000000.0,10000000000.0,2026-06-23,278077855.91,11.7576
347,Theta Fuel,TFUEL,theta-fuel,0.008083193669800945,1.0054365,-1.26594398,-5.20267151,59610392.77797388,1523533.95733517,7374608999.0,7374608999.0,,2026-06-23,58921598.93,2.6191
348,Playnance,GCOIN,playnance,0.002379217804738358,-0.47530261,-1.54551768,-12.05638304,59542304.78138215,520122.84575979,25026000000.0,77000000000.0,77000000000.0,2026-06-23,182819524.11,0.8774
349,SuperVerse,SUPER,superverse,0.09283986526324634,0.32984416,-3.84201592,-6.09563639,59432611.9831125,6200050.24623144,640162626.4169173,999998077.4169173,999998077.417,2026-06-23,92668520.15,10.4601
350,Alchemist AI,ALCH,alchemist-ai,0.06964670204153105,0.05885002,-3.91567058,-10.38759355,59199696.73530139,13270055.86706917,850000000.0,1000000000.0,1000000000.0,2026-06-23,69515359.43,22.3857
351,Schwab International Equity Tokenised ETF (xStock),SCHFx,schwab-international-equity-tokenised-etf-xstock,28.350000000000005,0.0,-0.42149631,0.53191489,59148703.35330659,1263.74249925,2086374.01598965,2086374.01598965,,2026-06-23,59148703.35,0.0021
352,OpenLedger,OPEN,openledger,0.19636527943051488,1.43718062,-13.76839689,-16.46178318,58943521.24766788,13252336.49089929,300172828.0,1000000000.0,1000000000.0,2026-06-23,196298671.49,22.3235
353,Qubic,QUBIC,qubic,4.2530753017004936e-07,-0.33370196,-1.61090193,-14.26600238,58935249.72995729,854441.38241903,138570905872260.0,172128386154412.0,200000000000000.0,2026-06-23,85018565.62,1.4496
354,Baby Doge Coin,BabyDoge,baby-doge-coin,3.26059828911793e-10,0.34134941,-0.55348126,-4.90886648,58425364.145421885,3977046.71126063,1.7918602343751872e+17,2.026150676904291e+17,,2026-06-23,66024918.12,6.7936
355,Velo,VELO,velo,0.0033243366765439456,-0.25949888,-0.61707009,-4.53796187,58388237.55136868,2429849.61075305,17563876115.0,23999804349.0,24000000000.0,2026-06-23,79750655.78,4.1391
356,Synapse,SYN,synapse-2,0.26012435693667196,0.62447986,30.65013745,407.42622817,58250455.134497166,174789778.8812577,223933105.76709437,237740163.52426305,250000000.0,2026-06-23,65173898.49,299.3545
357,Dohrnii,DHN,dohrnii,3.3959433388617137,-0.5094407,-0.99567206,-4.17646786,57985875.14068399,389528.32532749,17075042.0,372000000.0,372000000.0,2026-06-23,1262574696.71,0.6724
358,Pirate Chain,ARRR,pirate-chain,0.29541354373171,-1.21045233,-0.20872888,8.02521808,57964213.387537986,75589.81004003,196213797.97055,196213797.97055,,2026-06-23,57909343.62,0.1305
359,ECOMI,OMI,ecomi-new,0.0002038750018809679,-0.14750164,-3.59714589,-9.42421503,57606978.422938675,919420.05119662,282560283955.61914,305278604837.5089,,2026-06-23,62190613.02,1.5966
360,Visa tokenized stock (xStock),VX,visa-tokenized-stock-xstock,333.67,0.0,0.08852008,1.69400462,57462659.918829404,3035.4026634,172214.04357248,172214.04357248,,2026-06-23,57462659.92,0.0053
361,Purr,PURR,purr,0.0961869590306001,0.0598188,-0.56962334,-9.02793672,57264208.895788714,1260953.65620177,595342752.0,595342752.0,1000000000.0,2026-06-23,96190412.52,2.1604
362,iShares MSCI Germany tokenized ETF (xStock),EWGx,ishares-msci-germany-tokenized-etf-xstock,39.46,0.0,-0.01773634,0.0,56880853.08461562,18.56715326,1441481.32500293,1441481.32500293,,2026-06-23,56880853.08,0.0
363,Procter & Gamble tokenized stock (xStock),PGX,procter-gamble-tokenized-stock-xstock,148.22333216354434,-2.40104552,-4.35714039,-1.53365515,56858238.73286354,37562.66443632,383598.43826833,383598.43826833,,2026-06-23,56863189.57,0.0661
364,Diem,DIEM,venice-ai,1479.8986873929823,-0.14350878,-1.86789361,-0.30707496,56852272.555475235,732463.58038893,38416.32744173,37330.4897442,,2026-06-23,55145444.16,1.2913
365,ZetaChain,ZETA,zetachain,0.03888687504443671,-0.01604415,4.35535976,-0.39189931,56820610.64441553,6813349.33924967,1461177083.0,2100000000.0,2100000000.0,2026-06-23,81907302.76,11.9559
366,Xphere,XP,xphere,0.02026341072286463,-0.00026688,0.9314459,-9.03240447,56666833.70993455,1130316.5868036,2796510147.523851,2796510147.523851,5500000000.0,2026-06-23,112397888.89,1.9881
367,Eurite,EURI,eurite,1.1416850974044022,-0.07226112,-0.37327985,-1.42960666,56648733.97263012,12760543.19348974,49618527.99990108,49618527.99990108,,2026-06-23,56655937.64,22.4938
368,AstraZeneca tokenized stock (xStock),AZNX,astrazeneca-tokenized-stock-xstock,99.93332549831116,0.26072752,1.45763871,-2.21385436,56579916.746080324,819502.76269622,566176.66292949,566176.66292949,,2026-06-23,56630895.52,1.4495
369,AntFun,ANTFUN,ant-fun,0.029519803448080407,-0.00573509,3.24236489,27.25738303,55728557.28566625,11335156.75752654,1887836326.0,10000000000.0,10000000000.0,2026-06-23,297303929.18,20.2267
370,0G,0G,zero-gravity,0.26056608771906015,0.30904895,-1.2819807,-13.98951786,55564154.288431086,10751748.89542348,213243998.0,1000000000.0,,2026-06-23,260002602.13,19.3586
371,BitDCA,BDCA,bitdca,0.6708996882251478,0.07759786,-1.13807501,-2.31125166,54998642.83706296,222445.75904718,81977445.8124445,142665333.0,142665333.0,2026-06-23,95652472.0,0.4062
372,Quantix Finance,QFI,quantixai,54.99816690121106,-0.1062015,-0.28939759,0.40568775,54998166.90121106,2647290.53602155,1000000.0,10000000.0,10000000.0,2026-06-23,548413992.49,4.8317
373,Vanguard tokenized ETF (xStock),VTIX,vanguard-tokenized-etf-xstock,369.46574273747206,0.12048129,-0.09462076,-0.18395359,54782967.16504496,51561.4043389,148276.17510393,148276.17510393,,2026-06-23,54794179.82,0.0941
374,Holo,HOT,holo,0.0003079934250580095,0.13336865,-0.16614484,-4.5849693,54323425.52826092,4066869.85588892,176378523398.7683,177619433541.14133,,2026-06-23,54621959.05,7.5103
375,Brett (Based),BRETT,based-brett,0.005413353023556567,-0.19779613,-2.90515433,-14.28307451,54133516.94428527,22698572.59586921,9999997544.723145,9999997544.723145,9999997544.723145,2026-06-23,54199909.5,41.6963
376,Mina,MINA,mina,0.04172589231390964,-0.00690834,-1.19127485,-3.55325086,53711630.381306894,4938602.89574087,1287249412.8400393,1287249412.8400393,,2026-06-23,53692774.75,9.2561
377,siren,SIREN,siren-bsc,0.07390457570703922,1.38737653,1.55886913,-14.87418926,53536690.955408424,10288722.4193365,724402926.9260684,724402926.9260684,,2026-06-23,53367149.8,19.2456
378,Lombard,BARD,lombard,0.1602450408983353,0.42402584,2.94589118,-3.66106963,53331552.67397722,12252342.37134477,332812500.0,1000000000.0,1000000000.0,2026-06-23,159081489.57,23.179
379,Spark,SPK,spark,0.017396241263853324,-0.1696261,-4.77288489,-13.29089163,53302317.40034398,15534845.85909681,3064013460.8329372,10000000000.0,10000000000.0,2026-06-23,173360430.04,29.2463
380,Unitas,UP,unitas,0.3645111090241889,-2.60881573,6.46135327,16.09637442,53218621.91753158,3893805.33988013,146000000.0,999999961.340917,1000000000.0,2026-06-23,363071087.76,7.259
381,TQQQ tokenized ETF (xStock),TQQQX,tqqq-tokenized-stock-xstock,80.76422804683139,-0.16208644,-3.85949748,-3.74223839,52954884.56499318,24911.27768022,655672.515489,655672.515489,,2026-06-23,52942567.15,0.0471
382,XPIN Network,XPIN,xpin-network,0.0013656642674094819,0.15642681,4.39091077,4.98936684,52792286.20032912,5289256.95542934,38656855466.0,100000000000.0,100000000000.0,2026-06-23,136502100.46,10.0256
383,Honeywell tokenized stock (xStock),HONX,honeywell-tokenized-stock-xstock,234.77585444322474,0.00060185,-0.15633162,4.33222423,52291641.91247044,663614.73838961,222730.06752113,222730.06752113,,2026-06-23,52291916.45,1.2691
384,Amazon tokenized stock (xStock),AMZNX,amazon-tokenized-stock-xstock,231.98134834072607,-0.45271005,-3.94324531,-6.66761406,52145105.834999666,13317597.16182396,224781.45854386,300884.76168434,,2026-06-23,69994322.71,25.5827
385,aelf,ELF,aelf,0.06356159941990608,0.19717744,0.36155676,-2.2746744,52255213.901695214,1243427.67326487,822119241.4697174,996445544.8730273,,2026-06-23,63031718.14,2.3847
386,Helium,HNT,helium,0.27885486861435504,0.27669141,-4.74972922,-6.27408942,51956640.19605446,10297685.00502602,186321438.2959488,186321438.2959488,223000000.0,2026-06-23,62201883.15,19.7747
387,CrowdStrike tokenized stock (xStock),CRWDX,crowdstrike-tokenized-stock-xstock,663.0003521127368,-0.11240625,-4.32935077,-3.42045626,51807954.65790652,1201.97412058,78141.66989929,78141.66989929,,2026-06-23,51807887.43,0.0023
388,Targon,SN4,targon,11.66321469847191,-0.15642166,3.03297044,-10.85873763,51489034.095038414,2047984.17947664,4414652.0,4414652.0,21000000.0,2026-06-23,244566255.75,3.9789
389,Concordium,CCD,concordium,0.004071547251282444,-0.04197918,-4.10205222,-11.55731349,51374397.70993506,165726.57435505,12617905316.89232,14524359056.394562,,2026-06-23,59145526.91,0.3224
390,Global X Copper Miners Tokenised ETF (xStock),COPXx,global-x-copper-miners-tokenised-etf-xstock,84.46,0.0,-1.35482364,-5.38814831,51353104.47896881,1736.278004,608016.86572305,608016.86572305,,2026-06-23,51353104.48,0.0034
391,Kava,KAVA,kava,0.047273684264302944,0.7396478,-0.97040755,0.8988101,51190167.65728449,9922147.97944508,1082847010.0,1082847010.0,,2026-06-23,51101059.3,19.347
392,Oasis,ROSE,oasis-network,0.006567112161374719,0.23846884,-0.80333347,-3.81208309,51146361.647442706,2639570.29496116,7788257668.0,10000000000.0,10000000000.0,2026-06-23,65566506.29,5.1812
393,AbbVie tokenized stock (xStock),ABBVX,abbvie-tokenized-stock-xstock,222.4038993376444,-0.05096437,0.420181,0.70518806,50901234.336333975,46596.42326936,228868.44379944,228868.44379944,,2026-06-23,50869959.57,0.0926
394,Axelar,AXL,axelar,0.04270286757395581,0.30606467,-4.84655243,-7.2420672,50873560.08405009,4977790.80594093,1191338263.079024,1244965915.371973,,2026-06-23,53103579.2,9.771
395,SuperTrust,SUT,supertrust,0.2700507566625689,0.38888639,-0.65801905,24.16037646,50878570.38465185,125987.27066961,188403732.0,188403732.0,238403732.0,2026-06-23,64307318.42,0.2479
396,KUB Coin,KUB,bitkub-coin,0.7352920243924103,-0.77103749,-1.78506423,-4.4740625,50716602.677053034,199963.58804863,68974776.0,110000000.0,110000000.0,2026-06-23,80974918.66,0.3917
397,Nervos Network,CKB,nervos-network,0.0010273968461066475,0.3900526,-2.15314701,-11.0581097,50345307.75609613,2940827.65233752,49002785970.07694,49821138526.7638,,2026-06-23,51117485.64,5.8472
398,Berkshire Hathaway tokenized stock (xStock),BRK.BX,berkshire-hathaway-tokenized-stock-xstock,488.61505475907273,-0.01821086,-0.4838113,-0.67864691,50292334.99470831,1202.04624,102928.33694923,102928.33694923,,2026-06-23,50291329.47,0.0024
399,AIHub,AIH,aihub,42.813592781400004,-7.4554648,0.33981457,-0.89699601,50091903.55423801,0.0,1170000.0,100000000.0,100000000.0,2026-06-23,4281359278.14,
400,Home Depot tokenized stock (xStock),HDX,home-depot-tokenized-stock-xstock,332.9956550094297,-0.0201457,-0.92754157,-0.98153716,50051475.25723625,103.05570786,150306.69170689,150306.69170689,,2026-06-23,50047895.04,0.0002
401,aPriori,APR,apriori,0.20275523445723437,-1.44812698,1.8629744,0.09605869,50055198.506629735,7641792.13721881,246875000.0,1000000000.0,1000000000.0,2026-06-23,203006903.68,15.2399
402,Ton Strategy tokenized stock (xStock),TONXX,ton-strategy-tokenized-stock-xstock,3.18,0.0,-6.19469027,-9.91501416,49474935.88206729,615.54055416,15558155.93775701,15558155.93775701,0.0,2026-06-23,49474935.88,0.0012
403,Oracle tokenized stock (xStock),ORCLX,oracle-tokenized-stock-xstock,174.5322057657418,-0.03560118,-6.50664713,-7.86108294,49455336.95071616,20435.91713591,283359.37618926,283359.37618926,,2026-06-23,49508718.09,0.0415
404,Exxon Mobil tokenized stock (xStock),XOMX,exxon-mobil-tokenized-stock-xstock,139.4439094981973,0.0,-1.60171628,-2.35779168,49433973.06700852,985.31692001,354507.93975084,354507.93975084,,2026-06-23,49433973.07,0.002
405,Babylon,BABY,babylon,0.013278531794084373,0.40349928,-5.54563218,-28.65414463,49403802.21736682,11077683.65130692,3720577167.98,10841228391.0,,2026-06-23,143846384.69,22.1746
406,Fogo,FOGO,fogo,0.012833861634364323,0.41816427,0.85346198,-2.17327105,49331942.5569054,5262622.88980512,3843889233.2151027,10017889233.21519,,2026-06-23,128339166.1,10.6652
407,Toshi,TOSHI,toshithecat,0.00011720529943212673,-0.00219972,-6.22146635,-10.96434487,49304679.95164825,7962942.84823373,420669374085.7721,420690000000.0,420690000000.0,2026-06-23,49263514.44,16.2186
408,UnitedHealth tokenized stock (xStock),UNHX,unitedhealth-tokenized-stock-xstock,423.4141725915064,-0.02482153,-0.27284993,2.52652573,49096164.97168096,40240.85274678,115953.0505821,115953.0505821,,2026-06-23,49078415.04,0.082
409,Asteroid Shiba,ASTEROID,asteroid-shiba,0.0001164429693144498,-1.72232615,-10.58634297,-13.66175711,48986392.760895886,4883382.18527283,420690000000.0,420690000000.0,420690000000.0,2026-06-23,49106121.93,9.9716
410,Alchemy Pay,ACH,alchemy-pay,0.00489745367141644,-0.99907298,-4.4184524,-9.40360874,48974536.71416434,6633630.04248232,9999999999.999989,15346246087.999989,15346246087.999989,2026-06-23,75051018.11,13.5654
411,DigiByte,DGB,digibyte,0.002667015311926374,-0.30962607,0.65354731,-0.39587735,48929188.47320941,2970737.99644635,18346047079.07285,18346047079.07285,21000000000.0,2026-06-23,55984307.17,6.0656
412,SushiSwap,SUSHI,sushiswap,0.1705001421729996,0.51293858,-3.47376712,-5.65237388,48905414.42792877,6584465.99325846,286835036.0570751,291514753.90092283,,2026-06-23,49661407.19,13.6194
413,peaq,PEAQ,peaq,0.02156830722074478,0.44739393,-3.45336517,-3.0904261,48715577.94897558,2212675.06999615,2258664875.7543697,4417966644.915338,5667620228.64,2026-06-23,122779150.23,4.6477
414,Kinetiq,KNTQ,kinetiq,0.17355895749955383,-0.13388137,-7.00934138,-21.36187104,48679155.22315508,9960107.00453589,280476190.48,1000000000.0,1000000000.0,2026-06-23,173558048.7,20.4545
415,Alaya Governance Token,AGT,alaya-ai,0.021096137461177188,-0.2355825,-14.73697913,47.46281761,48639816.95351484,21274755.06631223,2305626660.0,5000000000.0,5000000000.0,2026-06-23,104511201.43,43.8844
416,VanEck Uranium and Nuclear tokenized ETF (xStock),NLRx,vaneck-uranium-and-nuclear-tokenized-etf-xstock,122.61,0.0,0.0,0.0,48610895.65786098,14.99998479,396467.62627731,396467.62627731,,2026-06-23,48610895.66,0.0
417,Gamestop tokenized stock (xStock),GMEX,gamestop-tokenized-stock-xstock,21.432230080981025,0.0,-1.82265577,-0.2416254,48401468.569302015,24.35232384,2258349.61580846,2258349.61580846,,2026-06-23,48401468.57,0.0001
418,Solstice,SLX,solstice,0.19749072025253797,-0.57730173,2.14606899,11.95430536,47961455.416640475,107533560.61218588,242854223.0,1000000000.0,1000000000.0,2026-06-23,196261342.24,225.4318
419,Loaded Lions,LION,loaded-lions,0.0015501195302643522,0.53484167,-1.60381472,-6.70971942,47813779.0006826,18616.06886644,30845220686.0,100000000000.0,100000000000.0,2026-06-23,154073786.05,0.0394
420,Ronin,RON,ronin,0.06136155970428668,0.44150143,0.22262429,-1.78400661,47395771.768267274,4232898.71095883,772401679.4337813,1000000000.0,1000000000.0,2026-06-23,61340950.28,8.8412
421,"Strive, Inc. Series A Preferred tokenized stock (xStock)",SATAx,strive-inc-series-a-preferred-tokenized-stock-xstock,97.13000000000001,0.0,-0.05145092,-0.35904801,47314565.61783788,458.73712247,487126.17747182,487126.17747182,,2026-06-23,47314565.62,0.001
422,Flow,FLOW,flow,0.02832013384897831,0.12786606,-1.03579549,-3.95103822,47286960.0117687,3201085.24368965,1669729396.8995364,1669729396.8995364,,2026-06-23,47241708.66,6.7864
423,AppLovin tokenized stock (xStock),APPX,applovin-tokenized-stock-xstock,470.74,0.0,1.44384105,-9.55656317,47280263.00048487,255.211691,100438.16756699,100438.16756699,,2026-06-23,47280263.0,0.0005
424,Holoworld AI,HOLO,holoworld-ai,0.06495286986176599,3.12285407,-4.77221013,-1.27703315,47175169.804199874,6720033.62820963,726298466.9437859,2047999972.9437869,2048000000.0,2026-06-23,133496293.88,14.2329
425,NVIDIA Tokenized Stock (Ondo),NVDAon,nvidia-tokenized-stock-ondo,205.97890980463512,-0.28479022,-1.29504981,-2.45397914,46951472.630027935,5754674.82999866,227943.1067703,227943.1067703,,2026-06-23,46921590.63,12.2791
426,Creditcoin,CTC,creditcoin,0.08672297055911785,0.85389964,-2.85004518,-12.58610227,46887538.23560363,4456688.3930698,540658812.0,549564264.0,600000000.0,2026-06-23,51946390.33,9.5927
427,MultiBank Group,MBG,multibank-group,0.18779213107945425,-0.07348273,-3.45540894,-22.99272957,46599727.57488995,2521006.57929628,248145262.03536052,977514798.0,1000000000.0,2026-06-23,187789949.89,5.4059
428,RedStone,RED,redstone,0.10928941391259747,0.53410586,2.5102277,14.66028512,46569301.1240661,12366315.95571733,426109899.0,1000000000.0,1000000000.0,2026-06-23,108823675.32,26.6689
429,StraitsX USD,XUSD,straitsx-xusd,0.999746613233771,-0.01538355,-0.00721758,-0.0221546,46552836.698574565,2322981.610966,46564635.561,46564635.561,,2026-06-23,46550462.91,4.999
430,Astar,ASTR,astar,0.0053277424832297105,0.09596374,-3.30149738,-10.23471367,46435235.372837886,2541552.63324769,8715743210.0,8716521414.0,10000000000.0,2026-06-23,53170844.51,5.5032
431,Popcat (SOL),POPCAT,popcat-sol,0.0473768062161994,1.61425262,-2.80755386,6.5232341,46426261.672849566,23628417.21850228,979936500.1724237,979936500.1724237,979973220.96,2026-06-23,46922825.49,50.7007
432,Movement,MOVE,movement,0.011574667942718964,-0.75473786,-1.84675087,-8.89694684,46322785.65856496,11350075.50714659,4002083333.0,10000000000.0,10000000000.0,2026-06-23,115741617.04,24.4533
433,XYO,XYO,xyo,0.0033584651743973617,-0.03839378,-1.199645,-6.01695076,46353144.036412224,8648693.79508266,13801883190.505249,13930752875.47967,13931216938.0,2026-06-23,46597761.94,18.6437
434,lium,SN51,celium,12.05782679366276,-0.12079049,15.37694011,2.48446073,46055809.948884815,7175579.47483822,3819578.0,3819578.0,21000000.0,2026-06-23,252901452.65,15.5874
435,Nano,XNO,nano,0.34502943234548566,0.23660895,-2.35455258,-10.63472598,45974584.27491268,143420.87482768,133248297.0,133248297.0,133248297.0,2026-06-23,45879792.17,0.3134
436,WhiteRock,WHITE,whiterock,7.042724900181389e-05,-4.29613279,9.09918252,1.85576492,45777711.851179026,67438.57980648,650000000000.0,1000000000000.0,1000000000000.0,2026-06-23,70584737.51,0.1463
437,Venus,XVS,venus,2.7947399053988358,0.20556549,4.79570884,8.12463976,45743666.21712638,5975404.75800671,16367772.23124036,30000000.0,,2026-06-23,83924135.81,13.3546
438,VNDC,VNDC,vndc,3.229877809641711e-05,0.0,-0.02082747,-0.10142301,45620938.48113773,0.0,1412466389439.0,1412466389439.0,,2026-06-23,45620938.48,
439,Amp,AMP,amp,0.0005071312483428328,-0.19068344,-1.00799113,-6.12738715,45530848.53612471,2710424.76547482,89781193103.18022,99720238122.2857,100000000000.0,2026-06-23,50630113.3,5.88
440,Ontology,ONT,ontology,0.04525435358161477,0.59779098,-2.00891803,-8.30522272,45254353.58161477,5674065.13581518,1000000000.0,1000000000.0,1000000000.0,2026-06-23,45180861.98,12.4922
441,Matrixdock Gold,XAUM,matrixdock-gold,4088.4088539516297,-0.53284694,-0.8296346,-4.45257711,45196901.40606196,271775.65355346,11054.88785995,11054.88785995,,2026-06-23,45194804.67,0.6
442,Frankencoin,ZCHF,frankencoin,1.235195823473059,-0.01849458,-0.17885742,-1.98737932,44982507.51963194,40157.90400736,36417308.62815944,36417308.62815944,,2026-06-23,44982088.45,0.0893
443,VVS Finance,VVS,vvs-finance,1.0211391742733293e-06,0.0717928,-1.46935943,-5.59714371,44470949.11066574,25438.57696445,43550331072463.74,95109375559623.39,100000000000000.0,2026-06-23,102141916.44,0.0587
444,Peanut the Squirrel,PNUT,peanut-the-squirrel,0.044362117442479115,0.0344201,-1.40506878,-0.73372414,44355106.13296528,9407333.48630182,999841952.775971,999841952.775971,,2026-06-23,44372379.3,21.2887
445,Impossible Cloud Network,ICNT,impossible-cloud-network,0.17427889674952277,-0.046507,-2.89611545,-17.26751215,44093629.03298744,2527836.6436585,253006129.0,700000000.0,700000000.0,2026-06-23,122538433.37,5.8618
446,StorX Network,SRX,storx-network,0.05281011011117048,-0.01254867,-0.0433646,-1.85942104,44043631.83271618,2554775.9943749,834000000.0,977000000.0,1500000000.0,2026-06-23,79185630.17,5.8043
447,BankrCoin,BNKR,bankr-coin,0.00044346567932666326,-0.51952146,-0.54426209,-3.50844447,44036141.95713751,5864706.49369771,99299999999.99966,100000000000.0,100000000000.0,2026-06-23,44337326.78,13.2973
448,EscoinToken,ELG,escointoken,0.27832381423708746,0.04025343,0.61290473,-0.35659053,43735038.49205324,237324.04824437,157137248.97,225000000.0,370000000.0,2026-06-23,102989156.51,0.5424
449,Aztec,AZTEC,aztec,0.015179540964557911,0.26471223,-0.71312481,-8.19690272,43711000.08972458,6513794.90090907,2879599600.0,10350000000.0,10350000000.0,2026-06-23,156108170.74,14.9154
450,Mog Coin,MOG,mog-coin,1.1086634299141213e-07,-0.15884233,-1.9464489,-6.93990093,43300793.34685243,8925399.28146938,390567526433216.7,390567526433216.7,420690000000000.0,2026-06-23,46612790.4,20.5842
451,SpaceX Tokenized bStocks,SPCXB,spacex-tokenized-bstocks,150.94047990455977,-1.88870069,-14.59517686,-29.22014822,43006569.74568535,57243796.97771169,284924.02947757,284924.02947757,,2026-06-23,43293641.01,132.7211
452,Request,REQ,request,0.05376670178957738,0.76459353,-2.8738442,-7.67425431,42835653.376269445,3969161.14884053,796694830.6390833,999416740.9347085,,2026-06-23,53878249.24,9.2269
453,GoPlus Security,GPS,goplus-security,0.00891119065082972,-0.96836353,-0.5387104,-5.87054743,42937059.477745086,5050925.83076577,4818330250.149818,9822841360.54709,10000000000.0,2026-06-23,88585650.06,11.474
454,Degen,DEGEN,degen-base,0.0018325895749440279,-1.31141406,0.59057813,21.5090225,42887427.43951093,5111204.55352115,23402636370.896534,36621961915.37221,36963632968.517365,2026-06-23,68184160.38,12.071
455,Fabric Protocol,ROBO,fabric-foundation,0.019222855065953996,-0.60440821,-3.55177701,-0.02660048,42886189.65214337,12967874.53467859,2231000000.0,10000000000.0,10000000000.0,2026-06-23,191658801.37,30.2115
456,Blur,BLUR,blur-token,0.015138136391042369,0.4037839,-3.11339387,-18.41161398,42797728.37696502,16896660.59929074,2827146438.070776,3000000000.0,,2026-06-23,45290525.22,39.7742
457,Subsquid,SQD,subsquid,0.041047304713298705,0.46269341,-0.32634548,-1.4726844,42713686.8914318,6000044.78445818,1040596628.4454534,1336997653.5180118,1337000000.0,2026-06-23,54739325.86,14.0007
458,CROSS,CROSS,cross,0.09470639423145223,-0.0505386,1.81663714,1.09298508,41853827.311980225,4172267.50927517,441932433.9357063,985222435.8092583,985222890.0,2026-06-23,93318856.99,9.9567
459,iShares Bitcoin Trust Tokenized Stock (Ondo),IBITon,ishares-bitcoin-trust-tokenized-stock-ondo,36.210531002700925,-0.29160928,1.67558954,-3.08808247,41843365.8099959,9395.8768392,1155557.91785751,1155557.91785751,,2026-06-23,41843365.81,0.0225
460,Paycoin,PCI,payprotocol,0.039153176403671865,0.01960881,0.04058453,-1.74993125,41779807.052881844,451850.00971665,1067086016.7800754,1900000000.0,1900000000.0,2026-06-23,74362699.95,1.0807
461,SPDR S&P 500 Tokenized ETF (Ondo),SPYon,spdr-sp-500-tokenized-etf-ondo,746.5948036581724,-0.1393388,-0.41631475,-1.52989416,41711333.57224307,1653221.71837018,55868.77027253,55868.77027253,,2026-06-23,41673626.84,3.9673
462,ApeX Protocol,APEX,apex-token,0.3000235013188889,-0.05567188,5.81528177,-5.92959615,41573501.118582115,1801028.84338653,138567482.0,499999990.0,500000000.0,2026-06-23,149343825.93,4.3622
463,Fractal Bitcoin,FB,fractal-bitcoin,0.39417004459319877,-2.60467862,1.02575515,-1.39180982,41276787.3966774,4674963.82205456,104718224.9459796,151968200.0,210000000.0,2026-06-23,82706589.73,11.2858
464,Dusk,DUSK,dusk,0.08295765833403913,-0.17096478,-1.4116404,-13.22888922,41229956.13530138,3716665.12115982,496999999.31632507,500000000.0,1000000000.0,2026-06-23,83099253.79,9.0847
465,Broadcom tokenized stock (xStock),AVGOX,broadcom-tokenized-stock-xstock,391.16799497654586,2.60875262,-4.04710635,-0.64474645,41058414.059836894,99656.95117354,104963.63349537,104963.63349537,,2026-06-23,41083358.55,0.2429
466,Seeker,SKR,solana-mobile-seeker,0.008173777578780624,0.20140403,-4.98405509,-9.10505536,40998855.564376086,5870852.67500341,5015900563.628054,10392945893.607887,,2026-06-23,84828500.88,14.295
467,Verge,XVG,verge,0.00247810843835317,0.24423288,-2.43980415,-8.36175315,40943186.773119904,2240650.91043201,16521951234.84134,16521951234.84134,16521951235.741348,2026-06-23,40923056.55,5.5079
468,Sahara AI,SAHARA,sahara-ai,0.011982770115659564,0.82738295,-8.17108233,-18.45027468,40825048.14700232,29014787.28805518,3406979167.0,10000000000.0,10000000000.0,2026-06-23,119521863.53,71.6386
469,Momentum,MMT,momentum-token,0.200248728842472,-0.15358397,17.33879743,54.93131407,40869849.21856535,45477075.17208552,204095424.0,1000000000.0,,2026-06-23,200704408.88,110.8405
470,Notcoin,NOT,notcoin,0.00041039047105955536,0.2724733,-1.6392489,-11.14030733,40804860.1913683,8510441.65708319,99429355866.90741,102452705868.52051,102456957533.56,2026-06-23,41998558.18,21.0449
471,Aegis YUSD,YUSD,aegis-yusd,0.9985946713158795,0.00349123,-0.09764217,0.02329712,40602091.48378978,223803.93743555,40659231.0674832,40659231.0674832,,2026-06-23,40602091.48,0.5512
472,Irys,IRYS,irys,0.015742413228497468,-0.77475292,-9.00164593,-14.08553118,40407833.476550214,5332060.76009767,2566813162.0,10000000000.0,,2026-06-23,157196977.2,13.6138
473,Succinct,PROVE,succinct,0.20696727540373436,-0.18765778,-1.07922916,2.7731891,40358618.7037282,8706981.270547,195000000.0,1000000000.0,1000000000.0,2026-06-23,206478685.49,21.4363
474,Zerebro,ZEREBRO,zerebro,0.04020434135311693,2.15055686,-0.18543746,62.86605624,40202264.90370728,11526061.44731772,999948352.607212,999948582.498028,1000000000.0,2026-06-23,39766501.71,28.9003
475,Altlayer,ALT,altlayer,0.006276818227671211,-0.49617482,-3.19503433,-2.94689071,40196231.59783009,4191299.85776626,6403918377.088875,10000000000.0,10000000000.0,2026-06-23,62754749.67,10.4079
476,Burnedfi,BURN,burnedfi-app,3.2597978786159745,0.1068826,0.82478595,11.98797418,40161918.25644808,87042.93303092,12320370.69534501,12320370.69534501,21000000.0,2026-06-23,68349085.41,0.2183
477,Moca Network,MOCA,mocaverse,0.009421033474450703,0.10873256,-3.4228013,-5.6916413,39880989.17964048,5560064.6390644,4233186230.3425,8888888888.0,8888888888.0,2026-06-23,83479995.03,13.9536
478,Amber tokenized stock (xStock),AMBRX,amber-tokenized-stock-xstock,1.52,0.0,-3.7901083,4.10958904,39648403.470081195,66.1231464,26084475.96715868,26084475.96715868,,2026-06-23,39648403.47,0.0002
479,Threshold,T,threshold,0.003553211209059987,0.39648562,-2.51395562,-7.44790405,39636071.03706416,3891331.43584557,11155000000.0,11155000000.0,11155000000.0,2026-06-23,39608587.55,9.7323
480,Locus Chain,LOCUS,locus-chain,0.006730817158549255,0.42353892,1.59137645,-6.36292898,39334444.0278319,160743.36237573,5843932928.392004,7000000000.0,7000000000.0,2026-06-23,47100547.43,0.3964
481,Gemini Dollar,GUSD,gemini-dollar,0.9998057237942609,0.02867948,0.04041361,0.05023738,39315129.44165507,1041188.40460934,39322768.92,39322768.92,148548675.98,2026-06-23,148431594.08,2.5965
482,Moo Deng (moodengsol.com),MOODENG,moo-deng-solana,0.03971023116869056,-0.18135934,-1.39108679,-5.16502921,39312008.677843355,9893753.06937174,989971791.17,989971791.17,989971791.17,2026-06-23,39321364.49,25.0239
483,Polymesh,POLYX,polymesh,0.03709175565626239,-0.57783634,-3.92289948,-11.11492512,39285098.50249465,1690280.62098706,1059132893.750257,1289616990.122346,,2026-06-23,47887058.35,4.3088
484,Mask Network,MASK,mask-network,0.3925915802278146,-0.21448166,-1.89222509,4.5517431,39259158.02278146,9388425.65006784,100000000.0,100000000.0,100000000.0,2026-06-23,39126751.92,24.0522
485,Bedrock,BR,bedrock-dao,0.15012865182097035,2.62428286,4.14856776,33.96383819,39221110.288228504,6822011.74338688,261250000.0,1000000000.0,1000000000.0,2026-06-23,149782841.31,17.4341
486,MANTRA,MANTRA,mantra-new,0.007382537494476092,0.27771604,-1.20024084,-10.79077056,39193976.093774214,8801084.42100637,5309011450.751277,7265508833.452744,10000000000.0,2026-06-23,73778289.43,22.5734
487,VeThor Token,VTHO,vethor-token,0.000387680687210603,-0.05189828,-1.20028694,-5.89203787,39136175.32508389,1088383.85278802,100949509780.0,100949509780.0,,2026-06-23,39011381.78,2.8143
488,Score,SN44,score,9.00985171112754,-0.39440029,3.71716942,-12.50349399,38904422.560576476,1630662.2094171,4317987.0,4317987.0,21000000.0,2026-06-23,189000836.05,4.1942
489,Tellor,TRB,tellor,13.805212636438595,0.20688099,0.14004427,-0.53323166,38497823.38732867,13054006.92218009,2788644.0,2867855.0,,2026-06-23,39635384.94,33.7768
490,Non-Playable Coin,NPC,non-playable-coin,0.005077240636520889,-0.31291225,-2.36395109,-2.24660998,38448604.41861147,5024735.46747363,7572736289.481418,8050126520.0,8050126520.0,2026-06-23,40888510.09,12.9624
491,Celo,CELO,celo,0.06348549714168605,0.07456611,-0.54958751,-0.31868374,38231669.29014769,2068623.80911103,602211072.0,1000000000.0,1000000000.0,2026-06-23,63510954.16,5.2445
492,Siacoin,SC,siacoin,0.0006831740696572273,0.0744511,-2.60623744,-6.77283751,38275262.107922696,4945950.03131281,56025636522.075195,62217525676.30304,,2026-06-23,42525644.74,12.8614
493,Swarm Network,TRUTH,swarm-network-ai,0.018320842767192175,2.924539,15.66405323,41.45323723,38204550.522892505,3536572.65443101,2085305300.0,10000000000.0,10000000000.0,2026-06-23,183294684.41,9.2303
494,Zest Protocol,ZEST,zest-protocol,0.2612194917914672,-2.18429057,-14.87811388,-3.76572242,38138045.80155421,17348553.17562807,146000000.0,1000000000.0,1000000000.0,2026-06-23,262735872.08,44.9532
495,Invesco QQQ Tokenized ETF (Ondo),QQQon,invesco-qqq-tokenized-etf-ondo,732.5921109236252,-0.29273938,-0.91076384,-1.54610526,38094826.677462265,3540484.23869856,52000.05038197,52000.05038197,,2026-06-23,38060789.78,9.2905
496,Linea,LINEA,linea,0.0024510683375544083,0.07173523,-2.99776766,-5.01929611,37947802.39247106,16800926.18895029,15482147850.0,72009990000.0,72009990000.0,2026-06-23,176323794.46,44.2917
497,Johnson & Johnson tokenized stock (xStock),JNJX,johnson-johnson-tokenized-stock-xstock,229.02,0.0,-0.02643175,-3.432282,37881952.6733835,170.4607311,165408.927925,165408.927925,,2026-06-23,37881952.67,0.0004
498,Eli Lilly tokenized stock (xStock),LLYX,eli-lilly-tokenized-stock-xstock,1098.3742294566327,0.0900833,-0.98106987,-1.89347221,37879709.96284323,105400.22611666,34487.07093354,34487.07093354,,2026-06-23,38209005.14,0.2782
499,BUSD,BUSD,binance-usd,0.9998441159446358,0.00712982,0.02811254,-0.00449551,37836362.28462682,612280.5103882,37842261.28978082,37842261.28978082,,2026-06-23,37835766.52,1.6179
500,BSquared Network,B2,bsquared-network,0.5585069759689085,0.90327841,1.54151262,24.69793197,37617327.000015005,9059177.11085591,67353370.0,207444584.9777,210000000.0,2026-06-23,117354926.15,23.9224
501,Bank of America tokenized stock (xStock),BACX,bank-of-america-tokenized-stock-xstock,57.82,-1.24679761,2.4967223,3.12109863,37626019.21383459,225.05492534,650744.01960973,650744.01960973,,2026-06-23,,
502,GOHOME,GOHOME,gohome,74.9727137063698,-0.00549046,-1.15761091,-4.98977424,37478484.71824573,1044210.13169399,499895.0,9999895.37,9999895.37,2026-06-23,,
503,JPMorgan Chase tokenized stock (xStock),JPMX,jpmorgan-chase-tokenized-stock-xstock,331.23,0.0,1.86481217,3.20620677,37437232.142934196,299.05365534,113024.88344333,113024.88344333,,2026-06-23,,
504,Manta Network,MANTA,manta-network,0.07866194776168856,0.06355719,-1.88465305,-2.01316732,37330020.80801061,5416907.04540908,474562629.96568954,1000000000.0,,2026-06-23,,
505,Danaher tokenized stock (xStock),DHRX,danaher-tokenized-stock-xstock,179.73948794124752,0.04625985,0.5351246,-1.29178932,37261941.81578362,49386.46149658,207310.826589,207310.826589,,2026-06-23,,
506,KGeN,KGEN,kgen,0.17745056184580463,0.20242585,4.21073158,3.72896166,37221523.26336301,3090261.53400683,209757145.18,978000000.0,978000000.0,2026-06-23,,
507,APRO,AT,apro,0.14864825651707342,0.20072589,3.03602291,13.66135089,37162064.129268356,5328563.80397361,250000000.0,1000000000.0,1000000000.0,2026-06-23,,
508,Propy,PRO,propy,0.3711020205092015,0.03527318,0.34846639,21.44657936,37110202.05092015,6937516.08608698,100000000.0,100000000.0,,2026-06-23,,
509,UMA,UMA,uma,0.40862633757798444,0.07840361,-2.07828009,-5.75203041,37057188.781707905,2730094.66476126,90687225.40341812,128946376.48069476,,2026-06-23,,
510,Walmart tokenized stock (xStock),WMTX,walmart-tokenized-stock-xstock,120.41011540530683,0.0,0.0,0.3789741,37013040.98069406,0.0,307391.4584012,307391.4584012,,2026-06-23,,
511,Merck tokenized stock (xStock),MRKX,merck-tokenized-stock-xstock,112.49,0.0,-0.62532106,-5.0877489,36728763.96807474,23.30185354,326506.9247762,326506.9247762,,2026-06-23,,
512,Yei Finance,CLO,clovis,0.2843238919323795,2.54888919,21.22813558,81.37048749,36706214.44847019,25382613.94784888,129100000.0,999987058.5103155,1000000000.0,2026-06-23,,
513,Magic Eden,ME,magiceden,0.06333156745946303,0.29615889,0.14145813,-1.51738613,36688231.87501877,157881447.24668002,579304023.99249,999990886.593498,1000000000.0,2026-06-23,,
514,Philip Morris tokenized stock (xStock),PMX,philip-morris-tokenized-stock-xstock,174.2904673965701,0.02466711,-4.48527878,-4.31731073,36542802.04008189,155066.72369771,209666.09698128,209666.09698128,,2026-06-23,,
515,Ankr,ANKR,ankr,0.003643217631929511,0.46275884,-1.51319427,-8.68140612,36432176.31929511,6144305.89062541,10000000000.0,10000000000.0,10000000000.0,2026-06-23,,
516,Terra,LUNA,terra-luna-v2,0.051211441614358574,0.23038768,-1.78058702,-4.23588792,36359326.64069391,5662948.89590975,709984438.91686,1186707049.0,,2026-06-23,,
517,Spacecoin,SPACE,spacecoin-org,0.006638155494168802,1.78026187,-4.51709287,-13.56406341,36363080.74522491,6846545.3294196,5477889268.663195,21000000000.0,21000000000.0,2026-06-23,,
518,Waves,WAVES,waves,0.2786720172345966,0.05936699,-2.45187898,-6.25055378,36353868.189441375,7792010.11115278,130453960.0,130453960.0,,2026-06-23,,
519,ssv.network,SSV,ssv-network,2.2662754332314883,0.68478439,-2.8180017,-3.52710044,36290382.517516404,6514159.2785785,16013226.80613885,17361673.60305064,,2026-06-23,,
520,Railgun,RAIL,railgun,2.46325277844399,0.09378593,-0.65860109,-18.76743672,36243613.98119269,117746.20048269,14713720.93776238,57500000.0,100000000.0,2026-06-23,,
521,Netflix tokenized stock (xStock),NFLXX,netflix-tokenized-stock-xstock,73.047,0.0,-3.38976326,-10.58352613,36211105.64454902,7008.14367153,495723.3787089,495723.3787089,,2026-06-23,,
522,Vitalum,VAM,vitalum,0.10658735183907454,-0.13317062,-0.34715779,-2.76790992,36209734.72306283,649772.11135988,339718870.0,1000000000.0,1000000000.0,2026-06-23,,
523,Ore,ORE,ore-new,77.47362482684748,0.26350942,-0.81205365,-9.18798259,36058239.53733302,599587.68532509,465426.00295162,465426.00295162,3000000.0,2026-06-23,,
524,PepsiCo tokenized stock (xStock),PEPX,pepsico-tokenized-stock-xstock,148.96897904943148,0.2019934,1.69597709,3.81774335,36023031.96341512,93149.08842871,241815.65983252,241815.65983252,,2026-06-23,,
525,Glidr,GLIDR,glidr,1.014279333874649,-0.34694689,-0.31349873,-3.18252556,35968079.596855976,76527.14411671,35461710.0,100000000.0,100000000.0,2026-06-23,,
526,OpenServ,SERV,openserv,0.04667681968486298,-0.36886926,0.49033119,-24.16880743,35941151.1573445,866570.10879995,770000000.0,1000000000.0,1000000000.0,2026-06-23,,
527,Ampleforth,AMPL,ampleforth,1.2672595776194973,2.2e-07,-3.0044772,-3.31420507,35831122.81694118,2.03259612,28274493.6,10630913.57552586,,2026-06-23,,
528,Dogechain,DC,dogechain,0.0003675549477364427,-0.11633523,0.12699542,0.80235217,35627205.5162249,51498.96138508,96930284126.58339,169576384737.7423,200000000000.0,2026-06-23,,
529,Solayer,LAYER,solayer,0.07800835622818383,1.93513424,17.17716675,14.00789852,35600262.80336531,146167518.58951154,456364734.81418145,999998403.6526822,,2026-06-23,,
530,Celo Dollar,CUSD,celo-dollar,0.9997570661571866,-0.00764808,-0.05156118,0.01800963,35545528.30927859,473312.31462817,35554165.61936053,57241566.21607361,1000000000000000.0,2026-06-23,,
531,wojak (wojakcto.com),WOJAK,wojaknew,1.1463518436747274e-07,-1.12135095,-10.65293281,71.48250536,35068453.460532166,1940973.64678688,305913526061224.7,305913526061224.7,420690000000000.0,2026-06-23,,
532,ZEROBASE,ZBT,zerobase,0.11342201929904026,0.26784871,-6.74519703,0.55736932,34971788.67895331,13316130.31868442,308333328.0,1000000000.0,1000000000.0,2026-06-23,,
533,MYX Finance,MYX,myx-finance,0.10537962794750341,-0.56061261,-1.54659763,-34.97073453,34788564.58211587,13650246.70566048,330126090.4,1000000000.0,1000000000.0,2026-06-23,,
534,REAL,ASSET,real-finance,0.25330405898505,-1.26566855,-1.41627223,-7.78240563,34779452.55225088,1536863.99901439,137303179.0,1000000000.0,1000000000.0,2026-06-23,,
535,Aleo,ALEO,aleo,0.02874851019174599,0.03016615,-6.5205739,-14.04690954,34748787.48697333,1718516.44984517,1208716112.772692,2015795623.683651,5000000000.0,2026-06-23,,
536,Gensyn,AI,gensyn,0.026366406749831418,-0.84001228,3.74627942,2.74151475,34399599.97902162,5459257.98879786,1304675313.0,10000000000.0,10000000000.0,2026-06-23,,
537,Everything,EV,everything,0.00034392764977256697,0.00796683,-1.81284681,-4.98337011,34392764.9772567,240967.78519871,100000000000.0,100000000000.0,100000000000.0,2026-06-23,,
538,World Mobile Token,WMTX,world-mobile-token,0.04011622415811082,0.06504111,-0.48910106,-3.10376367,34229657.33927773,2466708.32602907,853262191.485613,2000000000.0,2000000000.0,2026-06-23,,
539,Mango,MNGO,mango-markets,0.030554776866824392,0.29742357,2.87027181,7.21979497,34143954.51707942,60.33340799,1117466989.397395,1117466989.397395,,2026-06-23,,
540,Folks Finance,FOLKS,folks-finance,2.797175125580745,1.10837306,35.93423006,50.0989261,34121080.63209326,7909119.33145128,12198406.999994,50000000.0,50000000.0,2026-06-23,,
541,Memecoin,MEME,meme,0.0005361777107744159,0.69104639,-3.80232474,-13.13717263,34056071.43282184,7039989.54054637,63516387847.666664,69000000000.0,69000000000.0,2026-06-23,,
542,Status,SNT,status,0.007049874788918025,0.82973808,-1.5467513,-5.61598175,33926080.59560689,2373608.96671975,4812295482.0327635,6804870174.878168,,2026-06-23,,
543,Core,CORE,core-dao,0.027203713432725405,-0.42950339,-3.060196,-5.17139064,33748447.771238394,3190675.56214395,1240582387.9411929,2093769839.0352812,2100000000.0,2026-06-23,,
544,Anchored Coins AEUR,AEUR,anchored-coins-aeur,1.129822407575071,-0.00736382,-0.25825663,-1.05830293,33702155.686184414,1604.86663209,29829604.6,2193835.75,67009654.6,2026-06-23,,
545,Vana,VANA,vana,1.116684117359028,-0.08695149,-1.71411918,-4.39049234,33594324.986629,1485690.58738382,30084000.0,112641600.0,120000000.0,2026-06-23,,
546,iota,SN9,iota-macrocosmos-ai,8.36238429855682,-0.52389213,5.79730623,3.05072044,33485779.767777227,4995528.03693133,4004334.0,4004334.0,21000000.0,2026-06-23,,
547,BIM,BIM,bim,1.11582785026591,0.03769418,-0.49956282,-2.46242913,33474835.5079773,198656.17444841,30000000.0,30000000.0,30000000.0,2026-06-23,,
548,AI Analysis Token,AIAT,ai-analysis-token,0.22769273167609969,0.00047536,0.30979262,1.94857463,33331816.55859575,364578.5597401,146389462.2952275,500000000.0,500000000.0,2026-06-23,,
549,Atoshi,ATOS,atoshi,0.036882608562345355,-5.50911897,-8.7267442,-13.98850633,33310920.09585905,130322.44729915,903160633.0,100000000000.0,100000000000.0,2026-06-23,,
550,ZORA,ZORA,zora,0.007444728644458596,0.31711557,-4.38467375,-11.98177207,33277937.033285197,11479988.801501,4469999999.0,10000000000.0,10000000000.0,2026-06-23,,
551,Hims & Hers Health Tokenized Stock (Ondo),HIMSon,hims-hers-health-tokenized-stock-ondo,32.7691947130484,-0.68154475,-5.34022818,9.76939684,33107834.986739326,2737388.80044933,1010334.10422979,1010334.10422979,,2026-06-23,,
552,Avantis,AVNT,avantis,0.10201280213932874,0.1351119,-5.92320952,-8.34987808,33082621.88768442,11993002.51466829,324298727.15877646,1000000000.0,1000000000.0,2026-06-23,,
553,Storj,STORJ,storj,0.07777781654951653,-1.53111118,1.15598663,-1.35818687,33055571.87798898,9336493.7566923,424999998.00000113,424999998.00000113,,2026-06-23,,
554,Chainbase,C,chainbase,0.09075931684144543,-0.63988642,-2.1076183,-3.37095751,32906735.020748,5964422.31154651,362571427.0,1000000000.0,1000000000.0,2026-06-23,,
555,Osmosis,OSMO,osmosis,0.04221785243556293,-0.88558388,-4.78220366,-9.09590515,32859864.374056775,4423229.92886199,778340500.010292,976906113.868809,1000000000.0,2026-06-23,,
556,MetaMask USD,mUSD,metamask-usd,1.0014042704892268,-0.00477303,0.15623891,0.15812536,32837300.97256223,7041138.3539989,32791253.183412,32791253.183412,,2026-06-23,,
557,PumpMeme,PM,pumpmeme,1.0239815216226933,-0.16604183,-0.5235839,-1.01184233,32775615.90382199,101918.86752817,32008015.0,100000000.0,100000000.0,2026-06-23,,
558,SLIMEX,SLX,slimex,0.018907083596256997,-0.6086436,7.69155932,65.84894939,32765975.872313377,584774.56776934,1733000000.0,10000000000.0,10000000000.0,2026-06-23,,
559,SMART,SMART,smart-blockchain,0.004869265361261871,-0.14726498,-3.16882884,15.38145237,32723557.537665773,459868.66261797,6720430108.0,836732311077.0,836732311077.0,2026-06-23,,
560,Casper,CSPR,casper,0.001978793619984037,0.26913351,-8.40357383,-7.15011567,32650370.413284954,2956816.77207443,16500139319.0,19589896381.0,,2026-06-23,,
561,cat in a dogs world,MEW,mew,0.0003655386229325701,-0.07407404,-2.37343341,-4.2119678,32492322.038125753,4758785.02406911,88888888888.0,88888888888.0,88888888888.0,2026-06-23,,
562,OpenGradient,OPG,opengradient,0.16434018872523226,-0.3851918,-1.04046017,2.57255247,32472594.118267708,31367515.23963423,197593749.71,1000000000.0,1000000000.0,2026-06-23,,
563,UPCX,UPC,upcx,0.2408182235433194,0.03124635,-3.08975362,5.77001649,32260967.826883703,6599126.48131489,133963980.6,780000000.0,780000000.0,2026-06-23,,
564,Particle Network,PARTI,particle-network,0.05982361089562847,-0.66814143,3.97176484,5.89001334,32241810.060852174,17488133.95065922,538947909.9999996,1000000000.0,1000000000.0,2026-06-23,,
565,Talus,US,talus-network,0.014610961310217654,0.61787169,1.36763549,4.4922632,32144114.88247884,5466259.53575288,2200000000.0,10000000000.0,10000000000.0,2026-06-23,,
566,Pax Dollar,USDP,paxos-standard,0.9986464177343992,-0.00123734,-0.00131924,-0.09422265,31910774.626221385,850222.63193576,31954027.03052443,31954027.03052443,,2026-06-23,,
567,Dogelon Mars,ELON,dogelon,3.193193419809674e-08,-0.41483434,-0.72394974,-1.7635427,31886717.081187688,6579714.35637359,998583953085067.2,998583953085067.2,1000000000000000.0,2026-06-23,,
568,Marvell Technology Tokenized Stock (Ondo),MRVLon,marvell-technology-tokenized-stock-ondo,290.903717906709,-1.87937629,-7.20014484,-4.33451272,31818106.639742702,4440283.24912102,109376.76172962,109376.76172962,,2026-06-23,,
569,TerraClassicUSD,USTC,terrausd,0.00570382479990205,0.36288912,-1.8633164,-6.90116734,31806002.53085452,976713.90990006,5576258676.70422,6079357954.834707,6079357954.834707,2026-06-23,,
570,Manifesting (manifesting.meme),MANIFEST,manifesting,0.035295820515188994,0.22716137,0.74171806,-16.75337261,31766229.004390195,1835529.89299771,899999732.0,899999732.0,999999813.51579,2026-06-23,,
571,HashKey Platform Token,HSK,hashkey-platform-token,0.08878284711715875,-0.42246174,5.5369541,-5.95789846,30626531.740580708,4141394.16976588,344960009.0,1000000000.0,1000000000.0,2026-06-23,,
572,Comcast tokenized stock (xStock),CMCSAX,comcast-tokenized-stock-xstock,25.651316933038025,0.66421641,11.07795367,-5.31331081,31619398.32023835,681491.83610706,1232661.79287324,1232661.79287324,,2026-06-23,,
573,Liquity BOLD,BOLD,liquity-v2,0.9987546295302373,-0.00071384,-0.04452739,0.05387806,31615702.029758167,3963.12995118,31655124.38688626,31655124.38688626,,2026-06-23,,
574,McDonald's tokenized stock (xStock),MCDX,mcdonald-s-tokenized-stock-xstock,276.204184533997,0.0416963,-2.8442863,-5.20143608,31509966.57241288,1287415.37965349,114082.14768931,152118.78024958,,2026-06-23,,
575,Phala Network,PHA,phala-network,0.03731071570215663,-0.14268619,-5.33952275,6.7341781,31356344.522328567,11262710.34337308,840411231.2569793,1000000000.0,,2026-06-23,,
576,Tokenised GBP,TGBP,tokenised-gbp,1.3251213850748547,-0.00367556,0.23091895,-1.16427505,31263892.7414095,65641.09642946,23593229.34,23593229.34,,2026-06-23,,
577,Novo Nordisk tokenized stock (xStock),NVOX,novo-nordisk-tokenized-stock-xstock,45.44,-0.91583079,4.677644,1.95198564,31247951.638815615,12706.45190656,687674.9920514,687674.9920514,,2026-06-23,,
578,DFDV tokenized stock (xStock),DFDVx,dfdv-tokenized-stock-xstock,3.047045453415044,0.13060356,-0.16615772,-14.26943005,31214079.795098435,683556.74236069,10244047.9711632,10244047.9711632,,2026-06-23,,
579,PlaysOut,PLAY,playsout,0.03865299928338917,-1.64229986,10.30521071,27.76517182,31148417.159473334,4177942.43668011,805847353.0373392,3999999999.98607,5000000000.0,2026-06-23,,
580,Bitmine Tokenised Stock (xStock),BMNRx,bitmine-tokenised-stock-xstock,15.764840787694235,-0.66521976,-3.07633518,-6.81057031,31011081.175144903,98535.64377158,1967103.98745997,1967103.98745997,,2026-06-23,,
581,Espresso,ESP,espresso,0.05948011135131779,-0.31386649,-3.21230842,-17.38134779,30962371.963928476,7850721.89919667,520550000.0,3590000000.0,,2026-06-23,,
582,International Business Machines tokenized stock (xStock),IBMX,international-business-machines-tokenized-stock-xstock,255.88,0.0,2.59661084,-3.07208606,30881808.593737338,1228.5259384,120688.63761817,120688.63761817,,2026-06-23,,
583,DEAPcoin,DEP,deapcoin,0.0010286053389840875,-0.05811168,-0.26844553,-3.77917183,30747996.539084394,90366.43256738,29892900001.32895,29892900001.328953,,2026-06-23,,
584,LUSD,LUSD,lusd,0.9987251206321252,-0.01388505,-0.02383723,-0.04789209,30737583.178806823,252617.77185175,30776819.91152082,10000000000000.0,10000000000000.0,2026-06-23,,
585,Biconomy,BICO,biconomy,0.030476370323095428,0.32992804,-29.53847725,53.74043045,30483770.325227804,59055625.96630532,1000242811.1370851,1000000000.0,1000000000.0,2026-06-23,,
586,Starpower,STAR,starpower,0.16325348403865053,0.60945943,-2.35028759,-2.37296674,30381333.30457613,228326988.0369688,186099141.97839293,553099141.978393,1000000000.0,2026-06-23,,
587,Thermo Fisher tokenized stock (xStock),TMOX,thermo-fisher-tokenized-stock-xstock,462.8,0.0,-1.71703817,-0.4152949,30074730.89656984,165.978592,64984.2932078,64984.2932078,,2026-06-23,,
588,ICON,ICX,icon,0.027171239929657524,0.20603145,-1.76556638,-6.40288518,29811159.971686974,882711.39435348,1097158615.0968387,1108792174.2180953,,2026-06-23,,
589,Rocket Pool,RPL,rocket-pool,1.3176078221879046,0.14971209,-2.51815345,-7.02945777,29692416.98975267,7953251.6287639,22535094.65392216,22535094.65392216,,2026-06-23,,
590,BOOK OF MEME,BOME,book-of-meme,0.00043078026671216924,-0.28723329,-5.23751133,-6.57912842,29666481.59738042,7767689.36763028,68866853683.44048,68866853683.44048,,2026-06-23,,
591,Vanta Network,VANTA,proprietary-trading-network,6.90118665629925,-0.21544734,-1.96064324,-14.24156365,29634282.103014763,993807.02259685,4294085.0,4294085.0,21000000.0,2026-06-23,,
592,FUNToken,FUN,funtoken,0.0027098229731974365,1.34928302,-2.45227352,13.24455085,29282893.506931208,729377.97479629,10806201658.398026,10806201658.398026,,2026-06-23,,
593,ChangeNOW Token,NOW,now-token,0.34324078178392947,-0.11771915,-0.85880344,-5.19584465,29108077.988946367,1011.69256574,84803670.0,199763509.8661694,200000000.0,2026-06-23,,
594,IoTeX,IOTX,iotex,0.003082419107334258,0.39250244,-1.57196191,-9.67638146,29102254.656241547,974001.39262921,9441368497.553144,9441368502.273277,10000000000.0,2026-06-23,,
595,USDK,USDK,usdk,1.0145474510109684,0.0,1.71397955,2.28157706,29016130.14633017,0.0,28600072.0,28600072.0,,2026-06-23,,
596,deBridge,DBR,debridge,0.01501428469315939,-0.0236157,3.51399725,4.01535199,28897761.312782545,7685321.84400022,1924684519.0,10000000000.0,10000000000.0,2026-06-23,,
597,Bancor,BNT,bancor,0.2674640179589912,0.44521487,-0.47761677,-5.34604449,28850680.61487765,2437883.97050346,107867521.15307401,107867521.15307401,,2026-06-23,,
598,UNIPOLY,UNP,unipoly,0.13144164218659932,0.19677123,-1.0138425,-4.67768762,28815951.21656817,268190.68387561,219230000.0,1000000000.0,1000000000.0,2026-06-23,,
599,Victoria VR,VR,victoria-vr,0.0017098379504911557,3.81828932,1.89591996,10.61988996,28725277.568251416,1700360.28049474,16800000000.0,16800000000.0,16800000000.0,2026-06-23,,
600,ConstitutionDAO,PEOPLE,constitutiondao,0.005663887459087549,-0.1583236,1.22323858,-1.15746405,28660048.391268026,9010397.18001834,5060137334.7,5060137334.7,,2026-06-23,,
601,Gravity,G,gravity-token,0.002622551611204439,-0.28567941,-1.81491459,-6.485415,28431344.272228442,2168999.76569101,10841100000.0,12000000000.0,12000000000.0,2026-06-23,,
602,Renzo,REZ,renzo,0.0033136859139103244,1.51097973,1.80231276,-0.29431836,28343416.594931006,5693894.2455046,8553440890.6860695,9814629224.12962,10000000000.0,2026-06-23,,
603,Band,BAND,band-protocol,0.15882625823809096,0.19857344,-3.04144111,-6.9495969,28287222.977221485,1908747.95165318,178101677.210182,178101677.210182,,2026-06-23,,
604,Tornado Cash,TORN,torn,5.37696964920513,-0.04135223,1.30312535,-7.28308504,28284276.815826133,77686.10453411,5260263.43109587,9999997.246815,,2026-06-23,,
605,Abbott tokenized stock (xStock),ABTX,abbott-tokenized-stock-xstock,89.85302150043415,0.12964221,-0.39544777,0.76674273,28140039.488289487,46321.70019902,313178.55558317,313178.55558317,,2026-06-23,,
606,OLAXBT,AIO,olaxbt,0.12210245701320699,2.2677429,12.52335905,7.44799784,28114090.72729091,1913985.02504632,230250000.0,1000000000.0,1000000000.0,2026-06-23,,
607,Liquity USD,LUSD,liquity-usd,1.0049383796154412,-0.07043801,-0.3976619,-0.05204833,28106880.262755055,0.0,27968759.90895152,27968759.90895152,,2026-06-23,,
608,Arkham,ARKM,arkham,0.12478459543862257,0.31717834,-5.85519656,-6.96848305,28089012.43323394,29467612.5020127,225100000.0,1000000000.0,1000000000.0,2026-06-23,,
609,Across Protocol,ACX,across-protocol,0.03985559529914063,0.18559719,-3.46802814,-5.63797845,28084552.61957872,1884456.170322,704657712.644535,1000000000.0,1000000000.0,2026-06-23,,
610,INFINIT,IN,infinit,0.08136619806714922,2.27523347,2.6979393,10.3674242,28076926.807748325,17033562.83587169,345068683.0,1000000000.0,1000000000.0,2026-06-23,,
611,SwftCoin,SWFTC,swftcoin,0.0027973898180743135,-0.17693302,-0.81212081,-6.40461438,27973898.180743136,522459.93476765,10000000000.0,10000000000.0,,2026-06-23,,
612,iExec RLC,RLC,rlc,0.3203922064482764,0.23840056,-2.55607645,-8.93860822,27874053.072461057,1659109.7393595,86999784.9868455,86999784.9868455,86999784.9868455,2026-06-23,,
613,Neiro,NEIRO,neiro,6.621303311809903e-05,-0.07996418,-2.79758029,-4.0366047,27854791.783792187,8518839.10843881,420684425286.93353,420690000000.0,420690000000.0,2026-06-23,,
614,Catizen,CATI,catizen,0.06135240419549044,-0.92473605,0.72254345,1.50480127,27838548.552445017,3132118.8022812,453748291.0,1000000000.0,1000000000.0,2026-06-23,,
615,Uquid Coin,UQC,uquid-coin,2.779995711626415,0.00355933,-0.22414043,-0.90868182,27799957.11626415,25963.65594966,10000000.0,40000000.0,,2026-06-23,,
616,Decentralized Social,DESO,deso,3.1190285968632736,-0.08687827,-2.97633583,-0.50599909,27711121.853861243,5888.84623117,8884536.0,10808492.0,10808492.0,2026-06-23,,
617,OPEN tokenized stock (xStock),OPENX,open-tokenized-stock-xstock,4.31,0.0,-3.72609068,-0.23148148,27570780.47050723,122.1786732,6396932.82378358,6396932.82378358,,2026-06-23,,
618,Wiki Cat,WKC,wiki-cat,5.131840479558408e-08,-0.31253543,-2.80377267,-10.04218214,27569189.71853217,171466.31291157,537218368894125.94,537218368894125.94,553003328316637.0,2026-06-23,,
619,Hive,HIVE,hive-blockchain,0.04922663219777362,0.37621006,-0.39376632,-5.91803835,27486690.790579587,3814375.39334744,558370328.487,558370328.487,,2026-06-23,,
620,Electronic USD,eUSD,electronic-usd,0.9995117659630149,-0.00376741,0.05589942,-0.09136701,27481287.146252733,146178.320817,27494711.0,27494711.0,,2026-06-23,,
621,Accenture tokenized stock (xStock),ACNX,accenture-tokenized-stock-xstock,127.32301407726777,0.26471668,-0.78562112,-25.39336151,27479777.217166297,46285.76411063,215827.25963815,215827.25963815,,2026-06-23,,
622,Hyperlane,HYPER,hyperlane,0.08043519780514824,0.67966743,-1.90430046,10.10180311,27201093.9767683,19046588.79694005,338174017.3333334,808000000.0,1000000000.0,2026-06-23,,
623,Chia,XCH,chia-network,1.8800679694540514,-0.13865567,-0.02079947,-9.53931937,27095024.437148158,1551210.67937026,14411726.0,33191992.0,,2026-06-23,,
624,COTI,COTI,coti,0.009331328512294306,0.1365249,-2.27154131,-9.07866722,27002853.123638418,2901457.30858318,2893784426.093385,2893816602.0873547,4910000000.0,2026-06-23,,
625,Merlin Chain,MERL,merlin-chain,0.020471494627752055,-0.2188433,-4.71005126,-6.98243039,26897765.623070877,4036941.07087481,1313913132.0,2100000000.0,2100000000.0,2026-06-23,,
626,Cyber,CYBER,cyberconnect,0.3760582033290424,-0.29097358,1.88034482,5.4083394,26726193.269852713,12643079.90129472,71069300.0,100000000.0,100000000.0,2026-06-23,,
627,UNS TOKEN,UNS,uns-token,0.2524747684402915,0.03227593,0.02463983,1.10652122,26662395.94132223,3164.21595123,105604200.0,1000000000.0,1000000000.0,2026-06-23,,
628,MVL,MVL,mvl,0.0009529989303862092,-0.05298105,-2.79617619,-8.82154339,26496190.058108605,118204.08176992,27802958863.102654,30000000000.0,30000000000.0,2026-06-23,,
629,Anoma,XAN,anoma,0.01055846109444391,0.21049216,16.30311307,11.08426381,26396152.736109775,7779304.94808533,2500000000.0,10000000000.0,10000000000.0,2026-06-23,,
630,Autonomi,ANT,autonomi,0.07852493606797636,-0.26288696,-0.4573102,20.97168725,26338553.800423805,455184.846685,335416431.0,1200000000.0,1200000000.0,2026-06-23,,
631,BORA,BORA,bora,0.02389234514703209,0.04306932,-2.20857181,-5.62889851,26275606.575448543,189604.60027114,1099750000.0,1205750000.0,1205750000.0,2026-06-23,,
632,Ardor,ARDR,ardor,0.02619689275989828,-0.15677561,-1.35153544,-12.53505594,26156712.784608945,1083905.58260693,998466231.2566,998466231.2566,998466231.2566,2026-06-23,,
633,Perle,PRL,perle,0.14912184864876057,8.79601345,2.87848979,-20.8795752,26096323.5135331,48073463.88560515,175000000.0,1000000000.0,1000000000.0,2026-06-23,,
634,IOST,IOST,iostoken,0.0007651350848598355,0.84903837,-1.32613259,-7.10728924,26013867.440001804,6296534.62466078,33999051873.0,48298553487.0,90000000000.0,2026-06-23,,
635,Orbs,ORBS,orbs,0.005926859961442319,0.51110443,0.56409997,-4.00493106,25912283.125727583,2258251.57333135,4372008668.047178,10000000000.0,,2026-06-23,,
636,B3 (Base),B3,b3,0.0005516440047197632,-0.36178433,-4.18704545,-5.8047411,25613704.57529553,4564635.46659427,46431583333.0,100000000000.0,100000000000.0,2026-06-23,,
637,Lorenzo Protocol,BANK,lorenzo-protocol,0.037546394469996365,-0.20246846,-1.0645551,-7.54271299,25528120.986178815,7432247.73003913,679908719.5064375,1212195831.9983332,2100000000.0,2026-06-23,,
638,Giggle Fund,GIGGLE,giggle-fund,25.801796291948605,-0.35061293,-2.75266393,-10.28328492,25521920.78019984,13340744.71058971,989152.86716545,989152.86716545,989152.86716545,2026-06-23,,
639,Alphabet Class A Tokenized Stock (Ondo),GOOGLon,alphabet-class-a-tokenized-stock-ondo,345.7379396767252,0.00404168,-4.72131563,-6.57404997,25453769.588874,7444480.88485061,73621.56902038,73621.56902038,,2026-06-23,,
640,Bounce Token,AUCTION,bounce-token,3.6734359250574915,0.31377026,-1.09604223,-4.0028511,25421672.15188707,6239132.90666644,6920407.12578625,7641035.64836274,10000000.0,2026-06-23,,
641,GMT,GMT,green-metaverse-token,0.008160884338508211,0.45390084,-3.94271545,-2.71248728,25391776.796605293,5346923.50734962,3111400155.102167,5073850155.102167,,2026-06-23,,
642,BounceBit,BB,bouncebit,0.021756709847769885,0.09899358,-3.04136629,-5.07701464,25352438.434181824,2241299.70590316,1165269869.0,2100000000.0,2100000000.0,2026-06-23,,
643,Euler,EUL,euler-finance,1.0611424818333073,-0.45139382,-0.04139942,3.72971333,25345639.08026138,4496096.48822295,23885236.44484801,27182818.28459045,27182818.28459045,2026-06-23,,
644,Somnia,SOMI,somnia,0.10394788556118371,-0.09511103,-3.85825878,-6.01649158,25283858.225206725,6783215.51325226,243235907.0,1000000000.0,1000000000.0,2026-06-23,,
645,Collect on Fanable,COLLECT,collect-on-fanable,0.04706712295080744,-1.06791799,-3.06515124,-12.28638451,25275045.024583597,2769207.23590674,537000000.0,3000000000.0,3000000000.0,2026-06-23,,
646,Powerledger,POWR,power-ledger,0.04443079378864623,-0.00048703,-2.27380793,-11.2263633,25242742.776265346,2707057.74748026,568136209.68248,1000000000.0,,2026-06-23,,
647,EthereumPoW,ETHW,ethereum-pow,0.23209267732803837,0.42800829,-2.27076474,-4.74771367,25024000.15632748,2246002.55165803,107818999.04993,107818999.04993,,2026-06-23,,
648,Klickl Token,KLK,klickl-token,0.24701646084080237,0.44753019,-0.42093206,0.72296637,24701646.084080238,305484.44950784,100000000.0,100000000.0,1000000000.0,2026-06-23,,
649,iShares Silver Trust Tokenized ETF (Ondo),SLVon,ishares-silver-trust-tokenized-etf-ondo,56.988428086064495,-1.481523,-4.09067096,-9.63670535,24663478.988434236,4849060.69949855,432780.47520783,432780.47520783,,2026-06-23,,
650,MobileCoin,MOB,mobilecoin,0.12430112261364418,0.71544808,-0.49984573,-12.44680731,24661308.792340532,5094.20576387,198399727.0,250000000.0,,2026-06-23,,
651,SKALE,SKL,skale-network,0.003963216751350296,0.17863252,-2.82905573,-9.49008097,24540810.163177274,2744684.18843383,6192144337.0,6342291667.0,7000000000.0,2026-06-23,,
652,Frax (prev. FXS),FRAX,frax-share,0.2611106128362723,0.10859032,-1.87859645,-7.15557463,24439351.729563497,438263.37891089,93597695.87338847,99681495.59113361,99681495.59113361,2026-06-23,,
653,iShares Silver Trust Tokenised ETF (xStock),SLVx,ishares-silver-trust-tokenised-etf-xstock,56.99965628880154,-1.47806879,-3.98776614,-9.52107654,24433872.232348252,118437.12763169,428667.01,428667.01,,2026-06-23,,
654,Medtronic tokenized stock (xStock),MDTX,medtronic-tokenized-stock-xstock,79.33,0.0,-1.04726742,-0.874672,24392682.052049987,173.43433987,307483.70165196,307483.70165196,,2026-06-23,,
655,Pundi X (New),PUNDIX,pundix-new,0.09416111060382365,0.23549034,-2.83961582,-8.8195765,24329963.675049406,1255465.2972827,258386541.0999244,258386541.0999244,258526640.0,2026-06-23,,
656,Snek,SNEK,snek,0.00032436804084195206,0.77073296,-7.69324598,-23.12542438,24232610.155774757,4263518.18117396,74707144677.0,75243418184.0,76715880000.0,2026-06-23,,
657,Lumia,LUMIA,lumia,0.13923241572360284,2.44357501,24.38314457,55.24129987,24091186.233237453,20741772.83596079,173028573.1812774,238888888.0,238888888.0,2026-06-23,,
658,Trusta.AI,TA,trusta-ai,0.0718852779313434,1.35164419,2.8530887,3.37272176,24066615.25033754,3290364.23316634,334791990.0,1000000000.0,1000000000.0,2026-06-23,,
659,Illuvium,ILV,illuvium,3.273775908351368,-0.21622739,-2.70388157,-5.13062486,24036541.823655933,1471190.92618615,7342146.34616223,9166146.93033528,,2026-06-23,,
660,Kyber Network Crystal v2,KNC,kyber-network-crystal-v2,0.1147303482478836,-0.05284614,-2.03802431,-7.66611976,24010411.01335209,2126442.70084655,209276894.7364805,240971599.4455211,,2026-06-23,,
661,NotInEmploymentEducationTraining,NEET,notinemploymenteducationtraining,0.023959228586602987,-0.38601024,-4.07077105,-13.84511549,23953622.70213521,1012424.11197541,999766024.0,999766024.0,1000000000.0,2026-06-23,,
662,LCX,LCX,lcx,0.025212916771098427,0.21378505,-1.60853844,-9.49036761,23932724.84573296,40952.65484302,949224759.0,949224759.0,,2026-06-23,,
663,USDH,USDH,hyperliquid-usd,0.9999065861697423,0.02611566,0.0057681,0.01091203,23821933.59734049,3967270.05879375,23824159.103295,27264438.71,,2026-06-23,,
664,WOO,WOO,wootrade,0.01255720571997863,0.21591136,-1.31682681,-9.0149783,23717825.242927864,1113793.951863,1888782088.2947378,1888782088.2947378,1888782088.2947378,2026-06-23,,
665,Xertra,STRAX,stratis-new,0.010851087168955945,1.6201778,5.1706814,-4.23855713,23638376.78796704,20829202.46023723,2178433959.6491737,2178433959.6491737,,2026-06-23,,
666,Yield Guild Games,YGG,yield-guild-games,0.025474017143538877,0.39604486,-3.05242643,-3.27537407,23645029.495411627,5663255.77297258,928201836.490043,999716389.322777,1000000000.0,2026-06-23,,
667,IQ,IQ,iq,0.0008846354841461331,-4.23916974,8.27738784,5.713533,23294185.720389444,7830973.82716278,26331959476.929,26331959476.929,60000000000.0,2026-06-23,,
668,Gigachad,GIGA,gigachad-meme,0.0025088764611513868,-0.48372988,-8.71510768,-10.96543381,23338602.217738032,6078915.55985812,9302411888.0,9603935545.16,10000000000.0,2026-06-23,,
669,Lista DAO,LISTA,lista-dao,0.05294442062137885,0.2452054,-2.88720211,0.59350864,23194564.115067318,3831976.39265937,438092698.7744087,795588564.255041,800000000.0,2026-06-23,,
670,Hana Network,HANA,hana-network,0.040238046692102916,1.48593148,2.34627687,4.23497859,23033896.318636116,6802749.7532819,572440717.4853427,1000000000.0,1000000000.0,2026-06-23,,
671,Isiklar Coin,ISIKC,isiklar-coin,0.2306506725690296,0.13530824,-0.01319823,-0.08093135,23065067.25690296,419273.18291296,100000000.0,100000000.0,100000000.0,2026-06-23,,
672,Steem,STEEM,steem,0.0418380563355422,0.1700137,-1.78336046,-7.97782687,23043592.658024106,2853801.99299703,550780668.997,550780668.997,,2026-06-23,,
673,Bonfida,FIDA,bonfida-sns,0.023143211608871485,-3.3543581,6.20178196,-3.79403066,22932858.647100046,38856329.5447273,990910813.705268,990910813.705268,,2026-06-23,,
674,Infinity Ground,AIN,infinity-ground,0.07497991132121551,0.18123948,-1.0180773,-16.38928229,22903878.557880003,2017754.35862644,305466866.4485252,1000000000.0,1000000000.0,2026-06-23,,
675,Metis,METIS,metisdao,3.0129672382321497,0.20152064,-5.03245808,-1.80106864,22628097.55631008,2057619.63378171,7510236.842,10000000.0,10000000.0,2026-06-23,,
676,Salesforce tokenized stock (xStock),CRMX,salesforce-tokenized-stock-xstock,148.18,0.0,-6.75836958,-12.01757511,22576486.547428004,789.7860638,152358.52711181,152358.52711181,,2026-06-23,,
677,Zeebu,ZBU,zeebu,0.12494095087453208,-0.19038822,-0.42326291,0.1140778,22433093.87150291,1221.50039461,179549568.932212,271574623.461212,,2026-06-23,,
678,Open Campus,EDU,open-campus,0.028937276262611864,0.82651371,-3.66117631,-2.60004724,22415336.68447935,5959367.56165353,774618056.0,1000000000.0,1000000000.0,2026-06-23,,
679,Tokenlon Network Token,LON,tokenlon-network-token,0.1815506900426373,-0.01726887,-1.26292807,-5.36601916,22415880.89891547,4819.75597238,123468993.11509687,140451028.83876702,200000000.0,2026-06-23,,
680,Capybobo,PYBOBO,capybobo,0.000714938630830565,-0.27196808,-0.66449304,-2.14123448,22202816.368889187,647479.40699445,31055555556.0,100000000000.0,100000000000.0,2026-06-23,,
681,Ark,ARK,ark,0.11221890666453374,0.04484415,-1.6205853,-9.3928837,22147963.541864317,788154.08212182,197363922.0,197363922.0,,2026-06-23,,
682,aixbt,AIXBT,aixbt,0.022114553607037606,0.1325915,-7.74915328,-5.26963699,22090556.383633405,7303369.09320172,998914867.3841392,998914867.3841392,1000000000.0,2026-06-23,,
683,Corn,CORN,use-corn,0.041988147804094024,0.00221629,-0.12226484,-4.77518869,22043777.59714936,5596957.68532732,525000000.0,2100000000.0,2100000000.0,2026-06-23,,
684,API3,API3,api3,0.2542251343130223,0.13690947,-1.43557042,-6.18138627,21970638.96464706,7321229.46014197,86421978.0,172672489.2781211,,2026-06-23,,
685,Sign,SIGN,sign,0.009200199876577147,-0.53626964,-0.4573294,4.91073978,21957810.36596399,7463587.60417615,2386666666.0,10000000000.0,10000000000.0,2026-06-23,,
686,Metal DAO,MTL,metal,0.24162596237011136,0.10157032,-2.21790543,-5.16770002,21899990.187170614,895341.78204384,90635915.0,90635915.0,,2026-06-23,,
687,SentismAI,SENTIS,sentismai,0.10594206918187775,0.92359576,2.91445178,4.70968283,21875860.163727075,1800147.31134345,206488889.0,1000000000.0,1000000000.0,2026-06-23,,
688,Ontology Gas,ONG,ontology-gas,0.046036458703721785,-0.03689772,-0.99717652,-5.62764252,21752737.60409078,1095030.43595356,472511097.0,800000000.0,1000000000.0,2026-06-23,,
689,Based,BASED,basedone,0.09246197093999123,-2.69641365,3.01766101,22.33702532,21728563.17089794,30170129.51487517,235000000.0,1000000000.0,1000000000.0,2026-06-23,,
690,Rekt (rekt.com),REKT,rekt-eth,7.696836488732009e-08,-0.03657873,-4.03535366,-11.62981522,21690633.92573782,269655.10154701,281812325849619.0,420690000000000.0,420690000000000.0,2026-06-23,,
691,Cartesi,CTSI,cartesi,0.023298201960509125,0.29854158,-2.39451496,-4.20785195,21603846.506716307,700292.49859457,927275269.7111657,1000000000.0,1000000000.0,2026-06-23,,
692,Cheelee,CHEEL,cheelee,0.3789942066067789,0.24396493,-1.3038045,-3.62916671,21537526.5429372,816039.14333722,56828115.48959432,1000000000.0,1000000000.0,2026-06-23,,
693,SLT,SLT,slt-game,2.5290903374168536,-0.18094323,0.37102653,-3.86910846,21497267.868043255,154248.32317645,8500000.0,100000000.0,100000000.0,2026-06-23,,
694,CARV,CARV,carv,0.03504850791110637,-0.0690612,-12.23337057,-24.19526324,21365614.338390857,8306552.07208148,609601253.0,1000000000.0,,2026-06-23,,
695,Naoris Protocol,NAORIS,naoris-protocol,0.03574304794713265,1.48785902,-13.47401843,14.43879567,21419378.91279871,3699660.21989471,599260000.0,4000000000.0,4000000000.0,2026-06-23,,
696,Civic,CVC,civic,0.021376740458689706,0.15316054,-1.60829114,-8.62085238,21376740.458689705,1386960.55695663,1000000000.0,1000000000.0,,2026-06-23,,
697,DOGS,DOGS,dogs,4.1158564589198636e-05,-0.10953533,-1.76088438,-7.07783006,21268688.251468394,5959166.08691519,516750000000.0,545217355861.1685,550000000000.0,2026-06-23,,
698,Audius,AUDIO,audius,0.014617326136959442,0.23452459,-0.17611484,-5.78209465,20915140.8065981,2446897.40979847,1430845875.0,1430845875.0,,2026-06-23,,
699,Velodrome Finance,VELO,velodrome-finance,0.0227997997653663,1.88133708,15.21246887,42.77089708,20866433.99556045,7877381.11362292,915202511.0,2511902933.8197093,,2026-06-23,,
700,StrikeX,STRX,strikecoin,0.023889250570494437,0.0,-4.07751503,-16.16591584,20847694.928113673,0.0,872680993.7630533,880456959.285762,1000000000.0,2026-06-23,,
701,Brevis,BREV,brevis,0.08311052043481022,-0.56277317,3.27955437,-1.56229408,20777630.108702555,34676707.1767234,250000000.0,1000000000.0,1000000000.0,2026-06-23,,
702,Orizon,ORI,orizon,54.9515207959349,-0.61524821,-0.1599614,-0.00366601,20712168.783992425,312702.25430442,376917.116833,376917.116833,376917.116833,2026-06-23,,
703,Flux,FLUX,zel,0.050123521245207685,0.10876782,-2.38121301,-6.03954772,20679076.73774646,2262342.06381246,412562330.4991484,412562330.4991484,560000000.0,2026-06-23,,
704,Big Time,BIGTIME,big-time,0.008274678010688045,0.1265063,-2.58855259,-7.7220307,20672843.043405138,9978487.01987486,2498325979.1744065,5000000000.0,5000000000.0,2026-06-23,,
705,Harmony,ONE,harmony,0.0013806833868498006,0.00332066,-2.16908526,-8.61234032,20661909.686778,1444886.86054735,14964987544.262915,14964987544.262915,,2026-06-23,,
706,DeBox,BOX,debox,0.04053705523116368,-0.87260418,-14.09280874,2.82522884,20601433.45504713,35345.75263383,508212383.4,1000000000.0,1000000000.0,2026-06-23,,
707,TokenPocket,TPT,tokenpocket,0.005925342664341326,1.41272197,1.37785171,-8.19894296,20539947.926341705,55090.80419408,3466457400.0,3466457400.0,5900000000.0,2026-06-23,,
708,Spell Token,SPELL,spell-token,0.00011478335991980722,-0.0348645,-3.07200689,-12.02796236,20281335.05883192,4860317.03959217,176692292968.26096,196008739620.0,,2026-06-23,,
709,Clearpool,CPOOL,clearpool,0.02078946868361533,-0.33491679,-1.16790692,-15.02846167,20281934.15309908,917786.67697532,975586940.7612014,993627634.645902,1000000000.0,2026-06-23,,
710,τemplar,SN3,templar,4.80119842624562,-0.12836276,-2.26265962,-16.4412504,20253725.92875964,56675.58424981,4218473.0,4218473.0,21000000.0,2026-06-23,,
711,Tether Gold Tokens,XAUT0,tether-gold-tokens,4117.141798137299,-0.4165918,-0.83000332,-4.12578069,20213013.700662095,297918.40608537,4909.477179,2770.559907,,2026-06-23,,
712,Sapien,SAPIEN,sapien-io,0.08079656170747021,0.31298006,-3.55269269,-2.96195591,20199140.426867552,4083013.17050298,250000000.0,1000000000.0,1000000000.0,2026-06-23,,
713,Rujira,RUJI,rujira,0.25204984533790215,3.24488301,11.40389879,2.55439481,20151385.13476528,14608.74803766,79950000.0,100000000.0,100000000.0,2026-06-23,,
714,SATS (Ordinals),SATS,sats-ordinals,9.595310371499645e-09,0.20070594,-1.83745312,-2.96890019,20150151.780149255,2699358.7459946,2100000000000000.0,2100000000000000.0,2100000000000000.0,2026-06-23,,
715,Symbol,XYM,symbol,0.0030795760480423124,-0.12061991,-2.66745972,-8.68116571,20089318.9050871,78983.65373353,6523404063.315107,8540413025.25244,8999999999.0,2026-06-23,,
716,Zentry,ZENT,zentry,0.0024998242261093585,0.25122565,-1.93861395,-2.00896573,20022622.248358943,1824963.94558004,8009612051.612713,9706992814.355925,10000000000.0,2026-06-23,,
717,iShares 20+ Year Treasury Bond Tokenized ETF (Ondo),TLTon,ishares-20-year-treasury-bond-tokenized-etf-ondo,88.86861068680287,-0.01675912,-0.60233906,0.47326532,20009178.716346323,2051434.7143776,225154.6250325,225154.6250325,,2026-06-23,,
718,Prom,PROM,prom,1.0904892939787922,0.36447186,-5.46073781,-4.8361685,19901429.615112957,1456617.69454491,18250000.0,19250000.0,19250000.0,2026-06-23,,
719,WINkLink,WIN,wink,1.9979103950913388e-05,0.04885617,0.92160811,11.32941392,19853272.640363857,5363137.34384844,993701854154.286,993701854154.286,993701859243.3864,2026-06-23,,
720,MiL.k,MLK,milk-alliance,0.03554223730648266,-0.01329583,-0.29393271,-6.3070686,19798631.23036494,3487374.55602485,557045158.9651,986245419.0,986245419.0,2026-06-23,,
721,dKargo,DKA,dkargo,0.003948580661298813,0.12545033,-1.00185411,-5.88152303,19742903.306494065,1508822.13094962,5000000000.0,5000000000.0,5000000000.0,2026-06-23,,
722,Nosana,NOS,nosana,0.27568441757348167,-0.50813496,-5.29173994,-18.87707208,19701275.47336689,213612.36202826,71463144.876934,99999724.336787,,2026-06-23,,
723,Orbler,ORBR,orbler,0.019388432876009536,0.00193527,1.95563769,-21.79889523,19690635.532139678,29451.44455501,1015586750.0,2000000000.0,2000000000.0,2026-06-23,,
724,COINDEPO,COINDEPO,coindepo,0.07851296666496022,-0.00575999,0.27453772,1.39174076,19653274.426479645,1235435.72599646,250318836.0,1000000000.0,1000000000.0,2026-06-23,,
725,Tesla Tokenized Stock (Ondo),TSLAon,tesla-tokenized-stock-ondo,398.9151803753495,-0.48557032,1.07671523,-1.47970002,19586046.755052958,3985224.17264979,49098.27381506,49098.27381506,,2026-06-23,,
726,Bless,BLESS,bless,0.010017278645981008,-1.00621529,22.42407933,78.16087208,19449901.80354951,18126650.66747989,1941635297.4620433,9999968630.462044,10000000000.0,2026-06-23,,
727,Pythia,PYTHIA,pythia,0.01942871822706975,-0.19619583,-5.13518361,-9.07073228,19392934.991904855,362783.85243679,998158229.753158,998158229.753158,1000000000.0,2026-06-23,,
728,Public Masterpiece Token,PMT,public-masterpiece-token,0.10549755389371157,0.00048407,-0.79637465,-0.78835856,19316073.506647546,332672.45179003,183094989.35025948,361071410.0,2000000000.0,2026-06-23,,
729,ArcBlock,ABT,arcblock,0.19464709057139318,0.11285147,-3.46608825,-9.8042517,19183308.81723751,40697.04884199,98554305.44029327,186000000.0,186000000.0,2026-06-23,,
730,Secret,SCRT,secret,0.05579300508424054,0.23641486,-3.44708608,-7.59732983,19173041.233935345,5914012.51523663,343645967.894836,358761619.982085,,2026-06-23,,
731,WAX,WAXP,wax,0.0041620501612782655,0.6843493,-3.15387553,-8.9669597,19172470.40563203,1062788.19352826,4606496717.411907,4608433461.251633,,2026-06-23,,
732,Moonbirds,BIRB,moonbirds,0.06717725721285417,0.4655892,-3.72696272,-9.99481239,19145518.305663437,6118289.45642706,285000000.0,1000000000.0,1000000000.0,2026-06-23,,
733,Lisk,LSK,lisk,0.08579695203342083,-0.41050787,-1.52085209,-9.08444074,18841925.96350527,1927812.19817867,219610668.1757844,400000000.0,400000000.0,2026-06-23,,
734,Cobak Token,CBK,cobak-token,0.18819364890974935,-0.02876303,-0.03804598,-5.83535993,18819364.890974935,4243486.25000716,100000000.0,100000000.0,100000000.0,2026-06-23,,
735,ChainGPT,CGPT,chaingpt,0.020179246307084318,-0.4214756,-1.19383717,-6.04710776,18824062.609305553,8235058.45857771,932842700.0118929,997766421.9854141,1000000000.0,2026-06-23,,
736,Bitgo Tokenised Stock (xStock),BTGOx,bitgo-tokenised-stock-xstock,5.99,0.0,-0.99173554,4.53752182,18797950.82771683,73.56063826,3138222.17491099,3138222.17491099,,2026-06-23,,
737,KAIO,KAIO,kaio,0.02754479898646172,-0.99498959,-7.20373199,-11.47054767,18764894.309527047,2220369.60435976,681250000.0,10000000000.0,10000000000.0,2026-06-23,,
738,Comtech Gold,CGO,comtech-gold,132.92585422779956,-0.36535377,-0.80987219,-4.29497283,18742545.446119737,872552.49324883,141000.0,141000.0,141000.0,2026-06-23,,
739,Liquity,LQTY,liquity,0.19404160437879206,-0.0005974,-1.7172024,-5.75957256,18673395.865174852,3510920.31620781,96233979.94958949,100000000.0,100000000.0,2026-06-23,,
740,Shentu,CTK,shentu,0.11587780965769845,0.17749934,-3.10179202,-9.68190897,18614836.146363415,782820.81593734,160641940.0,160641940.0,,2026-06-23,,
741,Yooldo,ESPORTS,yooldo,0.029338989552171502,8.2932803,-8.8106909,-56.66200645,18566214.690213498,6144670.80805844,632817113.7999991,899999019.7999991,900000000.0,2026-06-23,,
742,Aurora,AURORA,aurora-near,0.025963604027841914,0.04516082,-1.17709248,-0.64539115,18556687.338440113,442756.45782081,714719240.0,999759398.0,1000000000.0,2026-06-23,,
743,Oho,OHO,oho,0.0007691016050331411,-0.27262422,-0.59675688,-2.69477245,18553727.427049387,100701.18357232,24123896382.0,45000000000.0,45000000000.0,2026-06-23,,
744,Pixels,PIXEL,pixels,0.005345001039231819,-0.10097379,-1.31713903,-5.52457553,18534315.730888836,7887318.07930018,3467598152.9,5000000000.0,5000000000.0,2026-06-23,,
745,Pocket Network,POKT,pocket-network,0.007888167606719038,-0.50054382,-0.1325618,-8.84305026,18456615.51080926,365582.73870844,2339784907.091497,2376499028.859163,,2026-06-23,,
746,Usual,USUAL,usual,0.009995575090351715,-0.00470255,-1.39976422,-1.6797886,18437941.80775025,20924774.09625274,1844610404.2125177,1844610404.2125177,3000000000.0,2026-06-23,,
747,Tensor,TNSR,tensor,0.037659738622657174,-1.66793197,-14.55194,23.57440461,18344162.31116158,69675585.06524016,487102751.69369364,783790899.2507198,,2026-06-23,,
748,Power Protocol,POWER,powerprotocol,0.08725539376469972,-0.00251736,13.43639665,10.78082219,18323632.69058694,6495549.54806605,210000000.0,1000000000.0,1000000000.0,2026-06-23,,
749,MEET48,IDOL,meet48,0.017477915913626633,-0.73318438,-9.54911213,-42.49938289,18288891.212018907,11730615.13712663,1046400000.0,4800000000.0,4800000000.0,2026-06-23,,
750,Ergo,ERG,ergo,0.21925458952571875,0.01170728,0.80467953,-4.05436605,18250575.97068544,121776.03684669,83239197.0,83239197.0,97739924.0,2026-06-23,,
751,Nillion,NIL,nillion,0.03885413442390017,1.16022147,-1.15579969,-3.92175691,18179587.231535528,20352070.57910883,467893250.0,1000000000.0,,2026-06-23,,
752,Smooth Love Potion,SLP,smooth-love-potion,0.0004971640674126209,0.70664017,-1.8492976,-3.841668,18066932.30129478,971163.65001224,36339980070.0,36339980070.0,,2026-06-23,,
753,Blast,BLAST,blast,0.0002825297140150587,-0.56359761,-3.79871161,-11.84823267,18065776.736658998,2534769.99078471,63942926497.621765,100000000000.0,100000000000.0,2026-06-23,,
754,Loopring,LRC,loopring,0.013198885011749213,0.29272645,-1.28232662,-4.19586004,18061446.622482233,2098603.04423011,1368406998.500595,1373873397.4424574,,2026-06-23,,
755,WalletConnect Token,WCT,walletconnect-token,0.04512775302388649,0.1483983,-4.60085552,-2.69425104,18055992.110299572,14452175.86361079,400108379.0,1000000000.0,1000000000.0,2026-06-23,,
756,OKZOO,AIOT,okzoo,0.061316728370933694,0.56777376,4.11409191,-23.05471626,17981130.533459578,1037641.23654114,293249999.0,1000000000.0,1000000000.0,2026-06-23,,
757,MAX Exchange Token,MAX,max-exchange-token,0.2665910299893388,0.08538076,-0.104106,-0.3498628,17976541.463591915,56401.75814533,67431156.49581613,285000000.0,500000000.0,2026-06-23,,
758,Intel Tokenized Stock (Ondo),INTCon,intel-tokenized-stock-ondo,134.6668082827215,-1.59491943,-4.71746301,7.26211023,17874894.92988357,4004851.21946019,132734.22870732,132734.22870732,,2026-06-23,,
759,Gradients,SN56,gradients,4.26269453947638,-0.00329829,-3.04419005,-14.70552032,17799047.294670664,293908.10461175,4175539.0,4175539.0,21000000.0,2026-06-23,,
760,STBL,STBL,stbl,0.02540469339021832,0.38339447,3.36785418,-1.76893569,17783285.373152822,2726162.70180544,700000000.0,10000000000.0,10000000000.0,2026-06-23,,
761,Sonic SVM,SONIC,sonic-svm,0.025938958367429765,0.63284858,0.5064014,-5.11115368,17596164.789202556,1270071.61477737,678368211.2423284,2399996780.8314953,,2026-06-23,,
762,Buttcoin,BUTTCOIN,buttcoin,0.01770762611953583,1.75686548,-4.10495403,-15.71460697,17706716.65585833,1049831.86617123,999948640.0,999948640.0,999948640.0,2026-06-23,,
763,Bluwhale,BLUAI,bluwhale,0.014306672399961468,2.00621049,1.3602041,2.130269,17568593.707152683,8946281.40809061,1228000000.0,10000000000.0,10000000000.0,2026-06-23,,
764,Acurast,ACU,acurast,0.07997156404102,-0.12140361,-3.65983283,2.56557153,17353829.39690134,2430275.22448903,217000000.0,1000000000.0,,2026-06-23,,
765,Cetus Protocol,CETUS,cetus-protocol,0.018303990954365166,0.24784855,0.90254259,-4.73714002,17349000.12275933,2745123.69463421,947826087.0,1000000000.0,1000000000.0,2026-06-23,,
766,OpenEden,EDEN,openeden,0.0474404195019124,0.73810419,2.64330319,7.90758816,17313000.80929168,11781669.91066231,364941983.88346386,1000000000.0,1000000000.0,2026-06-23,,
767,Aevo,AEVO,aevo,0.018853077557170125,-0.05602304,-2.85057461,-5.1787095,17291052.150500413,3972080.82582431,917147457.6533713,1000000000.0,1000000000.0,2026-06-23,,
768,GameBuild,GAME,gamebuild,0.0009003058953429025,0.4835136,2.0666588,-8.87380224,17287461.20954212,654751.47472636,19201763866.0,21419639000.0,21419639400.0,2026-06-23,,
769,Wirex Token,WXT,wirex-token,0.0017229613768684343,0.34130984,-0.3379224,-10.43347469,17229613.768684343,356418.30755965,10000000000.0,10000000000.0,10000000000.0,2026-06-23,,
770,Abey,ABEY,abeychain,0.01646238015539982,0.57905659,-0.15391947,10.93835352,17208007.278676942,20939.05902175,1045292789.7569264,1342584055.7559474,1342584063.5149975,2026-06-23,,
771,Global Commercial Business,GCB,global-commercial-business,0.014284885228270126,0.01080911,-0.15561833,-0.31209231,17168214.2641504,5089.2751899,1201844746.3738875,1201844746.3738875,2500000000.0,2026-06-23,,
772,QANplatform,QANX,qanplatform,0.009508225951934877,0.46974915,-3.32661757,-9.9836036,17073282.24707751,129312.94993275,1795632785.0626206,2200000000.0,3333333000.0,2026-06-23,,
773,tx,TX,tx,0.006836669871063099,6.29344721,35.88584104,59.87505589,16970884.68835261,539460.17256681,2482332043.0,101927474788.0,,2026-06-23,,
774,tokenbot,CLANKER,tokenbot-2,17.182335410437087,-0.83179711,-5.57339913,8.66563804,16946546.630554967,3126660.61119057,986277.25659814,1000000.0,1000000.0,2026-06-23,,
775,iShares Core MSCI EAFE Tokenized ETF (Ondo),IEFAon,ishares-core-msci-eafe-tokenized-etf-ondo,99.33946342406416,-0.37637313,0.67389582,0.23405971,16879542.723640997,2048232.36109559,169917.79643086,169917.79643086,,2026-06-23,,
776,DODO,DODO,dodo,0.01685340684827728,2.22770427,5.18161897,4.43009893,16853406.84827728,2004668.91463897,1000000000.0,1000000000.0,1000000000.0,2026-06-23,,
777,Infinex,INX,infinex,0.008416165633927357,0.53030916,3.16731865,4.44346165,16784359.12374133,5131626.88291631,1994300000.0,10000000000.0,10000000000.0,2026-06-23,,
778,Xai,XAI,xai-games,0.008037154087441765,1.61093582,-3.21816028,0.35614679,16669884.373713428,7496940.80340117,2074102871.7815053,2207880250.0821276,2500000000.0,2026-06-23,,
779,Young,YNG,young,0.6171938342609927,0.0,-0.92872201,-0.49566953,16664233.525046803,35635.78978217,27000000.0,100000000.0,100000000.0,2026-06-23,,
780,zkPass,ZKP,zkpass,0.05897404222047653,-1.09138439,1.16997079,5.72112969,16611021.85278486,9003209.79671513,281666666.0,1000000000.0,1000000000.0,2026-06-23,,
781,KONET,KONET,konet,0.03652416862150042,2.76856206,-3.71519683,-17.24531616,16588176.470482893,3078050.06285358,454169857.83813435,999997956.2,1000000000.0,2026-06-23,,
782,ROGin AI,ROG,rogin-ai,0.24552960945658892,-1.64419237,-21.20004377,-21.1197369,16447997.505009552,73075.72284063,66989873.61,200000000.0,,2026-06-23,,
783,Bifrost,BFC,bifrost,0.011814167031791079,0.16054825,-0.16782728,-3.10333803,16381979.607818924,1460091.18166549,1386638564.0,2584913482.0,,2026-06-23,,
784,QIE Blockchain,QIE,qi-blockchain,0.19419603632867768,-0.04504884,-0.05744015,0.70117786,16384143.449245585,80715.4142556,84369093.0,84369093.0,150000565.0,2026-06-23,,
785,pippin,PIPPIN,pippin,0.01637802866388389,0.09970343,-2.04104967,-9.65715809,16377967.295410486,5657211.40390487,999996253.0,999996253.0,,2026-06-23,,
786,Freysa,FAI,freysa-ai,0.001982949906449526,0.21643811,-0.69849817,-18.59202384,16239764.848849684,262111.5219737,8189700000.0,8189700000.0,8189700000.0,2026-06-23,,
787,Faith Tribe,FTRB,faith-tribe,0.004886473961409348,0.00903683,2.07699741,-3.46509769,16134843.895231463,147647.77273615,3301940012.912272,5000000000.0,5000000000.0,2026-06-23,,
788,Mango Network,MGO,mango-network,0.009959934817838276,0.08036607,0.29852575,-1.91985046,15965407.60296252,721256.97576754,1602963061.0,10000000000.0,10000000000.0,2026-06-23,,
789,MetaMUI,MMUI,metamui,0.03326404242766863,0.00520607,-0.01319823,0.0333082,15841883.482652307,515102.22456237,476246491.0,800000000.0,800000000.0,2026-06-23,,
790,Araracoin,ARARA,araracoin,0.0004366280163703891,0.00520607,0.05547402,0.00810222,15827765.593426606,15251.38980286,36250000000.0,100000000000.0,100000000000.0,2026-06-23,,
791,SynFutures,F,synfutures,0.0036795363322455125,0.7555415,-2.61625518,-7.90820708,15775685.84464539,4058549.52823653,4287411353.0,10000000000.0,10000000000.0,2026-06-23,,
792,Adshares,ADS,adshares,0.4041688959831865,0.29005045,-0.66139293,-2.84915625,15661423.898533916,58706.45723092,38749701.063551,38758206.0,38758206.0,2026-06-23,,
793,Celer Network,CELR,celer-network,0.002005488568429144,0.10086912,-2.11228702,-10.02272508,15649677.841175253,1591603.31336403,7803424106.9912,10000000000.0,10000000000.0,2026-06-23,,
794,Goldgr,GOLDGR,goldgr,132.6137213284525,-0.37109985,-1.05514582,-3.76811865,15603788.455941133,1369.46578936,117663.45367305,10000000000.0,100000000.0,2026-06-23,,
795,Tokamak Network,TOKAMAK,tokamak-network,0.3554977230217558,-0.52094624,-0.74422094,-7.33162467,15585537.070963047,208171.22984539,43841454.0,104736307.71697862,,2026-06-23,,
796,RateX,RTX,ratex,0.8903277280106198,-0.15489767,-11.80046577,-18.32506649,15578589.81113194,14794161.85693974,17497590.29289282,99999990.29289281,100000000.0,2026-06-23,,
797,Definitive,EDGE,definitive,0.06098388168834258,-0.00109559,-1.95951314,-8.41201248,15443459.872464882,978156.2486754,253238387.66755623,1000000000.0,1000000000.0,2026-06-23,,
798,XION,XION,xion,0.21743542324891174,0.57160228,85.78319736,85.83750314,15406050.494409235,1617124.57771172,70853452.782498,200000000.0,200000000.0,2026-06-23,,
799,Electroneum,ETN,electroneum,0.0008518283602899323,-0.1616536,0.22557037,0.97995345,15315718.548404403,229770.33593878,17979817604.56,17979817604.56,21000000000.0,2026-06-23,,
800,Treasure,MAGIC,magic-token,0.04541962974008468,0.10739425,-1.56325318,-4.68490719,15263996.164737118,2996695.44474852,336066063.3317761,347687042.97175324,,2026-06-23,,
801,Animecoin,ANIME,anime,0.002741050927977648,0.18914448,-7.34116083,-9.0235867,15181597.432030123,6512856.39478696,5538604656.0,10000000000.0,,2026-06-23,,
802,MediBloc,MED,medibloc,0.0014264144965278893,-0.96730838,-1.76296121,-8.57285009,15182815.552270684,98445.83617934,10644041819.0,11434259731.0,,2026-06-23,,
803,QuarkChain,QKC,quarkchain,0.002082644049945072,-0.0272595,-1.18634314,-18.16328767,15091497.43874394,795931.57588094,7246316258.0,10000000000.0,,2026-06-23,,
804,Epic Chain,EPIC,epic-chain,0.44533932468787224,0.09294077,-2.68956075,-9.62352177,14963401.309512507,8056986.41858336,33600000.0,33600000.0,33600000.0,2026-06-23,,
805,Boundless,ZKC,boundless,0.04895566956554055,-0.11884172,-1.07501367,-5.65796987,14863094.021787155,9495521.23824485,303603120.0,1054206779.0,,2026-06-23,,
806,Aergo,AERGO,aergo,0.030182526963457357,-0.42340722,-1.58190292,-24.6232799,14789438.084389456,5276991.31084982,489999995.7689212,500000000.0,500000000.0,2026-06-23,,
807,Chromia,CHR,chromia,0.015140115628911714,0.12421779,-3.40693742,-7.90655677,14759067.917579427,1016042.96631861,974831915.3782,974831915.3782,978064789.0,2026-06-23,,
808,NYM,NYM,nym,0.017646095917258707,0.019836,-0.12352259,-5.11859499,14741138.67495984,1817507.09790535,835376773.654637,1000000000.0,1000000000.0,2026-06-23,,
809,Moonriver,MOVR,moonriver,1.1812797797247505,0.37744846,-3.25819846,-16.6484773,14710532.617061965,3800305.78590305,12453047.0,12556902.0,,2026-06-23,,
810,EVAA Protocol,EVAA,evaa-protocol,0.823680857271677,1.63998697,-2.13514923,-25.74026833,14706276.347490193,3329766.96688687,17854337.9,50000000.0,50000000.0,2026-06-23,,
811,Braintrust,BTRST,braintrust,0.0607724735359792,-0.58875327,0.62788002,-4.59574284,14667301.694562277,18253.58969452,241347782.0,250000000.0,250000000.0,2026-06-23,,
812,Orderly,ORDER,orderly-network,0.03730157746191928,-0.0527661,-3.59662902,-6.57537576,14545628.656584473,5472238.41102183,389946743.44359636,997860535.4709141,1000000000.0,2026-06-23,,
813,FLock.io,FLOCK,flock-io,0.036960433721882034,0.21025623,-3.6906706,-9.30286071,14473258.048448088,2317088.60421915,391587884.4213711,392929272.93670994,1000000000.0,2026-06-23,,
814,Hermez Network,HEZ,hermez-network,3.0621927044337873,0.00292297,0.21169064,-0.26380199,14392305.7108388,0.0,4700000.0,100000000.0,100000000.0,2026-06-23,,
815,iShares Core US Aggregate Bond Tokenized ETF (Ondo),AGGon,ishares-core-us-aggregate-bond-tokenized-etf-ondo,101.42323742585076,-0.01009646,-0.1825891,-0.15854149,14370410.735628014,1481695.36643309,141687.55701704,141687.55701704,,2026-06-23,,
816,Chintai,CHEX,chex-token,0.011477750211380332,0.11206232,0.83023144,-23.25369989,14334812.690288302,178198.47934147,1248921820.5912127,1248921820.5912127,,2026-06-23,,
817,Radix,XRD,radix-protocol,0.0010618378057174725,0.34988107,-0.43204335,-4.92996966,14300362.489960283,137470.26408459,13467558240.02488,13467558253.565094,24000000000.0,2026-06-23,,
818,SaucerSwap,SAUCE,saucerswap,0.01576825224765085,-0.048837,-0.92819951,-6.4371628,14296692.455810567,5481.82535915,906675783.166805,906875744.903657,1000000000.0,2026-06-23,,
819,ISLM,ISLM,islamic-coin,0.006511943235281723,3.8488099,0.86643413,-3.0915916,14238096.152328355,8998.88266226,2186458886.06435,18154600083.594124,100000000000.0,2026-06-23,,
820,Adventure Gold,AGLD,adventure-gold,0.15242289188277855,-0.02890949,-2.93913933,-11.54537933,14149417.205901224,6123933.36455548,92830001.0,92830001.0,96000000.0,2026-06-23,,
821,JOE,JOE,joe,0.03074490350301778,0.05360257,-3.78021636,-3.95871699,14056005.927814772,5160363.87270315,457181657.0,464573155.0,500000000.0,2026-06-23,,
822,Humidifi,WET,humidifi,0.06105851935498065,0.36893201,-0.90448924,3.29759287,14043459.45164555,4608791.18791636,230000000.0,1000000000.0,1000000000.0,2026-06-23,,
823,Enso,ENSO,enso,0.6818636974238177,0.79164946,9.71473773,4.23725356,14039573.529956406,35264963.37177444,20590000.0,100000000.0,127339703.0,2026-06-23,,
824,Bella Protocol,BEL,bella-protocol,0.17524353294341466,-0.59565032,-6.07159195,101.51729495,14019482.635473173,82030615.06516644,80000000.0,100000000.0,,2026-06-23,,
825,Ponke,PONKE,ponke,0.02522025814115271,0.15946015,-1.89120341,-5.56893143,14010968.78854688,2909897.20951754,555544226.0,555544226.0,555555555.0,2026-06-23,,
826,SNC SCANDIC COIN,SNC,scandic-coin,0.10965610523127367,-0.04114467,3.63434626,38.97317809,13993205.171232836,109855.69404663,127609905.0,1000000000.0,1000000000.0,2026-06-23,,
827,Unicorn Fart Dust,UFD,unicorn-fart-dust,0.013941251389857568,1.27595294,0.81559997,8.59988789,13941251.389857568,2982887.00494542,1000000000.0,1000000000.0,1000000000.0,2026-06-23,,
828,Lagrange,LA,lagrange,0.07226752568246103,-0.59422607,-4.70479038,-4.88003044,13947632.456714978,5104393.74636829,193000000.0,1000000000.0,,2026-06-23,,
829,Apertum,APTM,apertum,0.1353827231817581,0.18914383,-4.17947905,-21.3196601,13946191.630822975,547374.85743093,103013082.48985,103309429.44298,2100000000.0,2026-06-23,,
830,PDD Holdings Tokenized Stock (Ondo),PDDon,pdd-holdings-tokenized-stock-ondo,77.61214275344338,-0.68911361,-1.28435676,-6.33543381,13927429.513920471,1494420.17390516,179449.10448053,179449.10448053,,2026-06-23,,
831,Hippo Protocol,HP,hippo-protocol-ai,0.009997737174433847,0.3589989,-0.47452048,-4.53758916,13900360.612362651,114977.87632931,1390350673.3412206,1390351756.837212,,2026-06-23,,
832,Worldwide USD,WUSD,worldwide-usd,0.9956006730835143,0.00330738,0.02582499,-0.08674145,13854387.947815033,221362.67534496,13915607.253364,13915607.253364,,2026-06-23,,
833,Taiko,TAIKO,taiko,0.07137267207529947,-0.89293607,-16.41670969,-18.02608671,13828299.834861446,29303428.62828863,193747822.98009437,1000000000.0,1000000000.0,2026-06-23,,
834,Mey Network,MEY,mey-network,0.04852555312293036,0.34858038,-1.83958491,-2.80393406,13796265.217014508,271610.96992376,284309283.03,2300000000.0,2300000000.0,2026-06-23,,
835,Coin98,C98,coin98,0.013789788449667289,0.5980379,-3.15597779,-3.0267274,13789772.97752465,8487192.73387277,999998878.0,1000000000.0,,2026-06-23,,
836,RIZE,RIZE,rize,0.006988233122148549,-4.17150436,21.40211051,195.91744275,13779533.222057223,981422.00787347,1971819339.910726,4945505445.77374,5000000000.0,2026-06-23,,
837,AVA (Travala),AVA,ava,0.18797287668865928,0.46975048,-3.06784175,-4.75182908,13774458.227763332,10295776.38317242,73278967.0,73278967.0,100000000.0,2026-06-23,,
838,DIA,DIA,dia,0.11507826701105796,0.11538244,-3.78942838,-9.9390755,13772118.650955142,2073075.15960134,119676104.0,168817248.0,200000000.0,2026-06-23,,
839,Kishu Inu,KISHU,kishu-inu,1.46862704328121e-10,-0.15020963,-2.73915559,-10.90502979,13678219.093776254,155579.28648537,9.313609712113394e+16,9.670293841273085e+16,1e+18,2026-06-23,,
840,Mira,MIRA,mira-network,0.04614136569686697,-0.7553121,-5.40736911,-14.14261759,13672151.991654737,6986500.71386331,296310085.0,1000000000.0,1000000000.0,2026-06-23,,
841,HarryPotterObamaSonic10Inu (ERC-20),BITCOIN,harrypotterobamasonic10inu-eth,0.013660097190700216,-0.09171975,0.29592452,6.21604672,13657339.968382759,4614846.02384322,999798155.0,999798155.0,999798155.0,2026-06-23,,
842,Commonwealth,CWU,commonwealth,0.015121036486496089,3.1223218,-6.70153882,-16.97496206,13616445.307753818,58888.83679501,900496822.4178314,999999309.9800205,1000000000.0,2026-06-23,,
843,Solend,SLND,solend,0.13566779280690608,-0.18886865,-3.16887642,-1.99804315,13566779.280690609,30.82120397,100000000.0,100000000.0,,2026-06-23,,
844,Opinion,OPN,opinion,0.07492158948985801,0.5507792,0.86055652,4.04398189,13505699.397083463,10393450.23213766,180264453.66474378,1000000000.0,1000000000.0,2026-06-23,,
845,MovieBloc,MBL,moviebloc,0.0006913956589773449,0.08754514,0.08068114,-6.06389084,13450333.169994473,2613648.69241035,19453887214.0,30000000000.0,30000000000.0,2026-06-23,,
846,Defigram,DFG,defigram,1.34468260622052,-0.1641964,-0.51678592,-3.11785849,13446826.0622052,0.0,10000000.0,1000000000.0,1000000000.0,2026-06-23,,
847,Goatseus Maximus,GOAT,goatseus-maximus,0.013406810638605023,-0.05908345,-3.97820931,-5.25270647,13406531.78934783,5769220.07919307,999979200.925208,999979200.925208,1000000000.0,2026-06-23,,
848,Citrea,CTR,citrea,0.011179967511896226,0.13633622,0.39828506,-5.67813734,13415961.01427547,19106666.76904478,1200000000.0,10000000000.0,10000000000.0,2026-06-23,,
849,Caldera,ERA,caldera,0.08976282135841647,0.23023133,-2.45496433,-12.0605679,13329778.971724845,4821514.11822399,148500000.0,1000000000.0,1000000000.0,2026-06-23,,
850,Bertram The Pomeranian,BERT,bertram-the-pomeranian,0.013746999668565149,0.59496938,1.95207478,-9.68526137,13289902.829071578,811989.30245132,966749338.0,979946262.03,979947881.0,2026-06-23,,
851,GUNZ,GUN,gunz,0.005485745544930118,-0.23280476,-5.47457242,-9.34921494,13261174.82050679,9576815.22172035,2417387885.0,10000000000.0,10000000000.0,2026-06-23,,
852,Firo,FIRO,firo,0.706138597936693,2.18584494,0.76601312,-5.55100264,13221876.483044568,268861.95934266,18724194.54435479,18724194.54435479,21400000.0,2026-06-23,,
853,ARPA,ARPA,arpa-chain,0.008681578163645802,-0.00702279,1.10363459,0.41367189,13192409.830331793,13128831.46404703,1519586598.3877385,1999999999.9877386,,2026-06-23,,
854,Portal,PORTAL,portal-gaming,0.015109285309526516,-0.41510107,-1.38659878,28.20825553,13183675.710182013,30818281.08876514,872554554.375223,1000000000.0,1000000000.0,2026-06-23,,
855,Gains Network,GNS,gains-network,0.5607579887619849,0.07365378,-2.53307301,-6.42874034,13147693.742174594,847527.47225433,23446288.7835115,23446288.7835115,,2026-06-23,,
856,Codatta,XNY,codatta,0.005256101731531472,1.63468141,-1.55226613,-8.19167356,13140254.32882868,2188823.86309016,2500000000.0,10000000000.0,10000000000.0,2026-06-23,,
857,FAR Labs,FAR,farcana,0.002715035804050204,-0.14884803,0.14446193,-4.4708645,13120111.869134165,181769.01439795,4832390000.0,5000000000.0,5000000000.0,2026-06-23,,
858,Avail,AVAIL,avail,0.0033714336816050823,-0.04132655,-2.67841021,-1.87216846,13093529.969830303,442973.04989711,3883668257.0,11006948880.0,,2026-06-23,,
859,Fulcrom Finance,FUL,fulcrom-finance,0.0007800613162865102,32.69336946,-15.21987983,-17.57089883,13024174.358095704,847.82329245,16696346923.210367,20000000000.0,,2026-06-23,,
860,CoinEx Token,CET,coinex-token,0.01837343709613239,0.1035317,-0.91229762,-1.58018482,13020034.543083973,57664.56352779,708633582.0,2777476547.0,10000000000.0,2026-06-23,,
861,USDB,USDB,usdb,0.9942320201925304,0.14122877,-0.24827429,-0.31034835,12996545.838408418,25083.15526239,13071944.55062076,13071944.55062076,,2026-06-23,,
862,Atletico De Madrid Fan Token,ATM,atletico-de-madrid-fan-token,1.5231905802782344,1.56829179,-1.07625772,37.31315595,12964191.85238875,3673376.69040471,8511208.0,10000000.0,10000000.0,2026-06-23,,
863,Radworks,RAD,radworks,0.21895575646452844,0.39749733,-0.60841132,-3.61107955,12935025.647952408,2235001.8593362,59075978.89552598,99998580.0,99999620.0,2026-06-23,,
864,Namecoin,NMC,namecoin,0.8760283137227801,-0.12032801,0.32760943,-6.84079316,12909503.642344376,6260.18814263,14736400.0,14736400.0,,2026-06-23,,
865,MicroStrategy Tokenized Stock (Ondo),MSTRon,microstrategy-tokenized-stock-ondo,108.98882454805457,-0.46779189,-4.40575997,-15.5140505,12867069.327359006,4210459.74152713,118058.61179543,118058.61179543,,2026-06-23,,
866,Ark of Panda,AOP,ark-of-panda,0.02588143186590639,-0.06593871,-2.03426083,-12.6439674,12802681.577905497,600148.57778995,494666664.6666667,2000000000.0,2000000000.0,2026-06-23,,
867,SoFi Technologies Tokenized Stock (Ondo),SOFIon,sofi-technologies-tokenized-stock-ondo,16.99217844481883,0.00183658,-3.57637203,-0.76703026,12793640.171494694,907275.8547473,752913.47798879,752913.47798879,,2026-06-23,,
868,Ambire Wallet,WALLET,ambire-wallet,0.017600578518013693,0.19557929,-0.42083581,-3.4727928,12776424.273686558,20973.52380775,725909336.4806305,725909336.4806305,1000000000.0,2026-06-23,,
869,Eesee,ESE,eesee,0.009463393269002165,-0.2115521,-2.14278234,-0.42941719,12773381.78825297,203624.77870615,1349767617.7204688,1352805407.7270846,1352805407.7270846,2026-06-23,,
870,Everscale,EVER,everscale,0.006383333704906154,-0.13066581,5.62438196,10.65827941,12674258.964533227,24377.30909686,1985523482.0,2117524486.0,,2026-06-23,,
871,KernelDAO,KERNEL,kerneldao,0.04418459141584953,0.6585776,-7.56627669,-14.50292706,12650402.882780876,9750490.51367215,286308020.0,1000000000.0,1000000000.0,2026-06-23,,
872,Osaka Protocol,OSAK,osaka-protocol,1.6828012054027177e-08,-0.15793626,-0.39839738,-7.49507676,12635645.012674958,133245.85989915,750869738630302.0,761459789745212.0,1000000000000000.0,2026-06-23,,
873,Newton Protocol,NEWT,newton-protocol,0.05177793762737084,1.28957014,0.9153956,-3.46015555,12622625.224189723,5916584.298805,243783854.71879345,1000000000.0,1000000000.0,2026-06-23,,
874,Titan's Tap,TIT,titans-tap,0.0004105649561665964,0.01080979,8.04817507,-19.12142911,12599549.975004403,363.8049621,30688322970.0,79999980098.1447,80000000000.0,2026-06-23,,
875,USD CoinVertible,USDCV,usd-coinvertible,0.9990311567260035,-0.0179818,-0.04521345,-0.03481517,12588681.71247713,25369643.71181608,12600890.0,12600890.0,,2026-06-23,,
876,DIAM,DIAM,diam,0.0062191523113072425,-0.14158716,-1.09929794,-3.43814561,12550004.875495812,92503.88515999,2017960687.7738373,5401462494.44995,10000000000.0,2026-06-23,,
877,MyNeighborAlice,ALICE,myneighboralice,0.12582086116127086,-1.04323622,-9.27105971,16.71477919,12512107.776694497,16695461.23832706,99443825.620118,99443825.620118,99443825.620118,2026-06-23,,
878,Metadium,META,metadium,0.007168086722987384,-0.26758513,-3.66560271,-18.1952067,12455329.995579103,202177.70668581,1737608720.0,2000000000.0,2000000000.0,2026-06-23,,
879,iShares Gold Trust Tokenized ETF (Ondo),IAUon,ishares-gold-trust-tokenized-etf-ondo,78.0344659340259,-0.37468977,-0.82880708,-4.11873731,12398776.374735689,2025989.80941168,158888.46327491,158888.46327491,,2026-06-23,,
880,GYEN,GYEN,gyen,0.005892592450987686,0.38217112,18.56859826,126.27862392,12367260.092813447,4.61627615,2098780833.0,2098780833.0,,2026-06-23,,
881,AO,AO,ao,1.868610682908493,0.12747321,-1.40324265,-4.86131387,12357380.271603655,323184.31595641,6613137.97712501,6613137.97712501,21000000.0,2026-06-23,,
882,Artificial Liquid Intelligence,ALI,alethea-artificial-liquid-intelligence-token,0.0013486279027763346,-0.51848118,-4.89551086,-3.11578046,12296912.191704446,146553.9565274,9118091184.669674,9870903732.81426,9870903732.81426,2026-06-23,,
883,Verified Emeralds,VEREM,verified-emeralds,4.909904765745931,-0.10513279,-1.12427473,-0.16965134,12274761.914364828,1185337.45032353,2500000.0,50000000.0,50000000.0,2026-06-23,,
884,Ridges AI,SN62,ridges-ai,2.806094652004,-0.10823647,-3.62984597,-17.29894664,12269719.01825379,101264.08242835,4372525.0,4372525.0,21000000.0,2026-06-23,,
885,USDM,USDM,usdm,1.0014613889290795,0.18898008,-0.384583,0.89816708,12269227.18814951,102171.33290586,12251323.24,12251323.24,,2026-06-23,,
886,iShares Core S&P Total US Stock Market Tokenized ETF (Ondo),ITOTon,ishares-core-sp-total-us-stock-market-tokenized-etf-ondo,162.84306029620242,0.01485283,-1.30544876,-2.12576523,12246485.972496225,1237210.72360305,75204.22393328,75204.22393328,,2026-06-23,,
887,Avici,AVICI,avici,0.9488415025108617,0.04395319,-18.28239027,8.79918059,12240041.149767578,523586.70263014,12899985.0,12899516.520692,12900000.0,2026-06-23,,
888,Katana,KAT,katana-network,0.005222274640202035,-0.38544665,-4.08901319,-9.33185381,12230567.207353165,6583435.19591286,2342000000.0,10000000000.0,10000000000.0,2026-06-23,,
889,RollX,ROLL,rollx,0.07882024266699865,-1.1856803,-2.76736734,8.64137827,12217137.61338479,290944.03448563,155000000.0,1000000000.0,1000000000.0,2026-06-23,,
890,Orochi Network,ON,orochi-network,0.08452402165456614,1.39165514,1.03194974,2.17127989,12194703.22421253,818990.62490318,144275000.0,700000000.0,1000000000.0,2026-06-23,,
891,Vine Coin,VINE,vine-coin,0.01218954442048371,-0.70592538,-2.0334788,-2.74729755,12189472.550929807,5188478.77796258,999994104.0,999994104.0,,2026-06-23,,
892,Marlin,POND,marlin,0.00147995327079599,0.40787086,-1.64003614,-12.54123221,12177077.527894262,3322243.20714518,8228014876.0,10000000000.0,,2026-06-23,,
893,OG Fan Token,OG,og-fan-token,2.57849193542361,0.3769265,-3.02862372,-4.70104325,12144171.003490377,5006529.47095099,4709796.0,5000000.0,5000000.0,2026-06-23,,
894,ShibaBitcoin,SBBTC,shibabitcoin,103.9086453509339,0.0,0.0,0.0,12114039.867362322,0.0,116583.56074655,1000000000.0,1000000000.0,2026-06-23,,
895,SuperWalk,GRND,superwalk,0.015232544870070986,-0.96469352,-3.58644699,-9.70254709,12057812.464264514,102882.69604934,791582271.1906656,1000000000.0,,2026-06-23,,
896,Aura,AURA,aura,0.012489696042206644,0.15343479,-2.08415218,-19.33820527,12031182.0647167,615037.73518156,963288620.0,963288620.0,965383478.0,2026-06-23,,
897,CZ's Dog,BROCCOLI,broccoli-714,0.012432777433597877,-0.88566755,-4.71561674,-4.28298443,12025168.747387705,8189496.73600457,967214993.7222663,967214993.7222663,1000000000.0,2026-06-23,,
898,哈基米,哈基米,hajimi,0.011944853065960489,-0.29680686,-2.23699793,-6.03106199,11944853.06596049,2183965.19550184,1000000000.0,1000000000.0,1000000000.0,2026-06-23,,
899,Venom,VENOM,venom,0.01203626284756883,0.2923661,3.58836032,-1.9404907,11902892.268745888,121304.19350746,988919270.0,7367646470.547814,8000000000.0,2026-06-23,,
900,BOB (Build on Bitcoin),BOB,bob-build-on-bitcoin,0.0053463204267757865,-0.31228401,-0.08876523,-5.43465299,11868831.347442245,2638766.54773445,2220000000.0,10000000000.0,10000000000.0,2026-06-23,,
901,AITECH Cloud Network,ACN,solidus-ai-tech,0.006638219041861372,0.92733682,1.09002754,-6.54918741,11843652.167853674,5099655.98975809,1784161097.0,1986052500.0,2000000000.0,2026-06-23,,
902,Fluent,BLEND,fluent,0.05917516278902428,0.25994971,-9.42976444,-1.19989961,11835032.557804856,21713766.1897206,200000000.0,1000000000.0,1000000000.0,2026-06-23,,
903,Bitcoin Diamond,BCD,bitcoin-diamond,0.06321034397945764,0.0,0.0,0.0,11788280.229335021,0.0,186492897.953,189492897.953,210000000.0,2026-06-23,,
904,龙虾 (Lobster),龙虾,lobster-2,0.011701895117452192,-1.013285,19.01929732,-13.33541328,11701895.117452191,8937537.51387855,1000000000.0,1000000000.0,1000000000.0,2026-06-23,,
905,SpaceX tokenized stock (Backpack),SPCX,spacex-tokenized-stock-backpack,151.1419550470732,-1.98009156,-14.655745,-28.88233265,11656211.221113775,13474231.91338412,77120.950417,77120.950417,,2026-06-23,,
906,Stader,SD,stader,0.16329555874208798,6.63841766,19.90839096,14.72354575,11554154.841979742,5310975.90604764,70756087.49548778,120000000.0,120000000.0,2026-06-23,,
907,Sleepless AI,AI,sleepless-ai,0.020936197590250272,0.56742772,1.05707763,-3.5314969,11647068.386962654,6143050.53655932,556312498.33,1000000000.0,1000000000.0,2026-06-23,,
908,EGL1,EGL1,egl1,0.011633066470202146,-0.24410275,-0.59880414,-0.28510166,11633066.470202146,1330336.96866586,1000000000.0,1000000000.0,1000000000.0,2026-06-23,,
909,Lucidum Coin,LUCIC,lucidum-coin,0.07082687561166848,0.10433258,-0.83736253,-11.36580018,11623072.398868723,45820.49016851,164105395.0,210000000.0,210000000.0,2026-06-23,,
910,sUSD,SUSD,susd,0.24852671825994013,0.01330544,2.00209725,-26.18551232,11613450.472665023,37027.34781103,46729182.8982276,46729182.8982276,142399574.0,2026-06-23,,
911,Initia,INIT,initia,0.058353667369906874,0.4580525,-0.70416195,0.42654768,11589067.014622623,15943931.33033433,198600491.399434,1000000000.0,1000000000.0,2026-06-23,,
912,YELLOW,YELLOW,yellow,0.059734988652715676,-0.48366836,-0.66285443,-5.72291068,11584755.364831401,880879.11893416,193935842.73,10000000000.0,10000000000.0,2026-06-23,,
913,NetX,NETX,netx,0.499590453111363,0.18563256,17.58874099,42.66371385,11572220.091352526,282116.61923269,23163413.19030966,30000000.0,50000000.0,2026-06-23,,
914,Taiwan Semiconductor Manufacturing Tokenized Stock (Ondo),TSMon,taiwan-semiconductor-manufacturing-tokenized-stock-ondo,460.1635926742349,-0.11217046,-0.81348599,5.27968998,11566488.376735425,2003309.35891263,25135.60081865,25135.60081865,,2026-06-23,,
915,XSGD,XSGD,xsgd,0.7737179490010323,0.09105557,-0.00836072,-0.73458719,11557897.27494142,406535.3988441,14938127.375569,83617320.371568,,2026-06-23,,
916,DeepNode,DN,deepnode,0.5105821888078022,-0.82754822,-3.83412353,-27.51164086,11488099.24817555,12205136.2966952,22500000.0,62000000.0,100000000.0,2026-06-23,,
917,Gods Unchained,GODS,gods-unchained,0.02647242271690393,-0.05015558,-0.09548593,1.0384941,11470463.818374274,251773.55858074,433298604.402,500000000.0,500000000.0,2026-06-23,,
918,Doodles,DOOD,doodles,0.0014691460523010218,-0.42907282,-9.48008827,-4.60680807,11459339.20794797,11136184.08756094,7800000000.0,10000000000.0,10000000000.0,2026-06-23,,
919,OpenKaito,SN5,openkaito,3.28827442711229,-0.25991274,-9.23636741,-26.37130342,11447627.600278517,366875.87172806,3481348.0,3481348.0,,2026-06-23,,
920,Banana Gun,BANANA,banana-gun,2.8545136316404562,-0.02385426,-1.63978786,-5.6439494,11442982.231541978,4078218.74700378,4008732.73285643,8402893.46593683,10000000.0,2026-06-23,,
921,Microsoft Tokenized Stock (Ondo),MSFTon,microsoft-tokenized-stock-ondo,370.9241543913032,0.18634802,-2.16857318,-7.61469192,11384509.925745279,3000579.00221327,30692.28517735,30692.28517735,,2026-06-23,,
922,Superform,UP,superform,0.059298752059011736,0.52974898,-2.161206,-16.83865629,11378049.748682657,5682720.37471875,191876715.0,1000000000.0,1000000000.0,2026-06-23,,
923,Constellation,DAG,constellation,0.003941719312169991,-0.93421541,9.32431073,-43.3025448,11326326.727582978,1432077.97254649,2873448318.0,3003804388.0,,2026-06-23,,
924,Energy Web Token,EWT,energy-web-token,0.375582377190717,0.32860168,-2.69229017,0.17576614,11290809.253475387,282657.31043034,30062138.0,81198069.38654351,100000000.0,2026-06-23,,
925,iShares TIPS Bond Tokenized ETF (Ondo),TIPon,ishares-tips-bond-tokenized-etf-ondo,111.76138924530859,0.20977057,-0.03165014,0.21201247,11198766.683901127,610356.24554151,100202.46490781,100202.46490781,,2026-06-23,,
926,iShares MSCI EAFE Tokenized ETF (Ondo),EFAon,ishares-msci-eafe-tokenized-etf-ondo,106.76141108979397,-0.08109031,-0.11087559,-0.32687339,11152782.17286013,1158854.93044858,104464.54443619,104464.54443619,,2026-06-23,,
927,Limitless,LMTS,limitless-lmts,0.0840815761800654,-0.52529861,-5.41453341,-6.26762191,11065024.437616048,2318745.14652838,131598680.0,1000000000.0,1000000000.0,2026-06-23,,
928,Wanchain,WAN,wanchain,0.05540184004238275,0.87008397,-0.23599331,-1.71469886,11024045.520542124,3976605.46635422,198983382.3589372,198983393.92693242,210000000.0,2026-06-23,,
929,Decimal,DEL,decimal,0.000990917852128535,0.01472781,-1.11085335,-2.71857857,11020001.293943215,254806.52340148,11121003895.804047,11121003895.804047,92075616000.0,2026-06-23,,
930,Ready Cards,READY,ready,0.011016728276720891,-0.31617103,5.29835548,-30.82613576,11016728.27672089,287484.0044079,1000000000.0,1000000000.0,1000000000.0,2026-06-23,,
931,Origin Protocol,OGN,origin-protocol,0.016290030312135675,0.5099933,-3.19946944,-10.27994619,10950228.064567275,1213138.76966219,672204278.0,1409664846.0,1409664846.0,2026-06-23,,
932,Felysyum,FELY,felysyum,0.24918871846032312,-0.43873343,-6.34392705,4.6505798,10906302.69533411,163345.97373248,43767241.0,500000000.0,500000000.0,2026-06-23,,
933,Boba Network,BOBA,boba-network,0.02206567788311665,-0.1353965,-1.29343294,-3.25548285,10891197.192790167,4172091.87048587,493580902.0,500000000.0,500000000.0,2026-06-23,,
934,PolySwarm,NCT,polyswarm,0.005776420996093359,0.05509558,0.71982525,-6.86845231,10891446.305295248,120933.3175632,1885500782.0,1885913076.0,1885913076.0,2026-06-23,,
935,Hamster Kombat,HMSTR,hamster-kombat,0.0001691873942897749,0.58157851,-12.17839546,-4.36833333,10891438.507404258,51058988.41215991,64375000000.0,100000000000.0,100000000000.0,2026-06-23,,
936,saffron.finance,SFI,saffron-finance,118.94734652697447,0.01673252,-3.55779421,17.50967906,10874581.525046874,20274.61948804,91423.48982607,92122.50184922,100000.0,2026-06-23,,
937,StakeStone,STO,stakestone,0.04822983138900739,-0.44731409,-5.5973484,-5.83576962,10867788.656913055,18215000.30222687,225333333.0,1000000000.0,1000000000.0,2026-06-23,,
938,Dolomite,DOLO,dolomite,0.024577169227854096,-0.60719101,-4.38956679,-0.40779266,10853817.817696797,3501568.409597,441621967.0,998851995.6451048,1000000000.0,2026-06-23,,
939,Wayfinder,PROMPT,wayfinder,0.023310143677297834,0.41886833,-1.90999193,-7.52789839,10778007.752617741,5019274.07588261,462374145.0,1000000000.0,1000000000.0,2026-06-23,,
940,Drift,DRIFT,drift,0.01750325473646314,0.16800418,-20.95731395,3.9784758,10703517.244343992,8783035.24738263,611515824.085346,1000000000.0,,2026-06-23,,
941,Space and Time,SXT,space-and-time,0.0076419760895825835,0.40053505,-2.70975856,-6.56819504,10698766.525415616,64467025.90020655,1400000000.0,5000000000.0,5000000000.0,2026-06-23,,
942,Recall,RECALL,recall-network,0.03306375296991744,1.58965185,-1.59222376,-8.53765757,10683479.751031278,4679366.85322089,323117577.14714,1000000000.0,1000000000.0,2026-06-23,,
943,Sophon,SOPH,sophon,0.005330761561302759,0.20761064,0.25243996,-2.39992637,10661523.122605518,3531995.35469543,2000000000.0,10000000000.0,10000000000.0,2026-06-23,,
944,Arm Holdings plc Tokenized Stock (Ondo),ARMon,arm-holdings-plc-tokenized-stock-ondo,388.4351049486041,-1.22610627,-10.52029256,-3.63703204,10649792.714215105,1603318.90687109,27417.17362447,27417.17362447,,2026-06-23,,
945,SuperRare,RARE,superrare,0.012887615641612851,1.13055968,-3.28710934,-3.87590718,10638457.987190813,7645754.31732357,825479148.5897726,1000000000.0,1000000000.0,2026-06-23,,
946,IBS,IBS,ibs,26.340796603701545,-0.17810454,-0.06950901,1.91556904,10606883.864223156,995804.15943014,402678.93275227,952941.68995227,871020.0,2026-06-23,,
947,QAIT,QAIT,qait,0.021139001802750797,-0.17907329,-0.52704405,-8.18796559,10569500.901375398,1169207561.6662042,500000000.0,10000000000.0,10000000000.0,2026-06-23,,
948,HeyElsa,ELSA,heyelsa,0.04132897916645863,0.23246279,-3.35919274,-13.64896563,10565615.237140859,5938605.76247998,255646654.0,1000000000.0,1000000000.0,2026-06-23,,
949,Moonbeam,GLMR,moonbeam,0.008953614233081749,0.22093789,-3.04524578,-7.40279825,10565142.515526883,3527510.46650171,1179986343.0,1237499636.0,,2026-06-23,,
950,SideShift Token,XAI,sideshift-token,0.07304942217950408,0.0,0.72685649,1.08079406,10541012.481553828,0.0,144299738.0,210000000.0,210000000.0,2026-06-23,,
951,Pepecoin,PEP,pepecoin-org,0.00010230188483650411,-0.057108,2.07648594,-9.87322739,10529068.555294499,75401.83129482,102921550000.0,102921550000.0,,2026-06-23,,
952,DeAgentAI,AIA,deagentai,0.05556885526108654,0.17779716,0.70971716,0.51879493,10499818.554865193,3702582.12064905,188951500.0,1000000000.0,1000000000.0,2026-06-23,,
953,Simon's Cat,CAT,simonscat,1.3844224398858042e-06,0.36926726,-3.33809119,-9.68663941,10475498.912707806,2228197.99278862,7566692514440.816,8098237710343.852,9000000000000.0,2026-06-23,,
954,Test,TST,test-token-bsc,0.011050825160064268,0.61279689,-1.12829706,3.16642675,10386733.953910507,7401526.94423827,939905735.8581992,939905735.8581992,,2026-06-23,,
955,IXS,IXS,ix-swap,0.05767409915085386,-0.25361988,-2.95015579,-12.70366588,10381337.847153695,58667.7264524,180000000.0,180000000.0,180000000.0,2026-06-23,,
956,Mubarak,MUBARAK,mubarak,0.010379788428455182,0.02410618,-3.74619334,-4.19945256,10379788.428455181,4967652.58613852,1000000000.0,1000000000.0,1000000000.0,2026-06-23,,
957,Abelian,ABEL,abelian,0.08783411089120888,-0.55245776,-2.78387656,16.07070008,10377815.21969979,19592.19042944,118152448.0,138732301.0,225180000.0,2026-06-23,,
958,Freedom Dollar,FUSD,freedom-dollar,0.9991157251691619,0.19370864,-0.11970437,-0.08986681,10290891.969242368,249847.77787792,10300000.0,10300000.0,,2026-06-23,,
959,iShares Core MSCI Emerging Markets Tokenized ETF (Ondo),IEMGon,ishares-core-msci-emerging-markets-tokenized-etf-ondo,85.2383614960677,-0.13996626,-1.35083716,-0.52169589,10290129.72424979,1506843.47458073,120721.81519731,120721.81519731,,2026-06-23,,
960,ResearchCoin,RSC,researchcoin,0.07921604736871543,-0.15923251,-1.41539037,-22.823434,10262683.892319059,188600.93324369,129553092.24847884,1000000000.0,1000000000.0,2026-06-23,,
961,Bone ShibaSwap,BONE,bone-shibaswap,0.044565655430024734,-0.01095634,-0.3812628,-5.10915751,10246684.819176042,1858159.38420975,229923350.6228802,249999401.82484713,250000000.0,2026-06-23,,
962,Eitherway,EITHER,eitherway,0.10226565519818276,1.16451827,4.49816436,-7.64111643,10226558.463488067,741862.74023747,99999931.0,99999960.0,100000000.0,2026-06-23,,
963,Uchain,UCN,uchain,203.5566625774236,0.02305283,-0.00278689,-3.99470443,10177833.12887118,2238532.08847857,50000.0,100000.0,100000.0,2026-06-23,,
964,Mind Network,FHE,mind-network,0.01965333266544221,-1.05617308,-5.517643,-22.76556142,10165084.614767099,6491083.10181308,517219384.0,1000000000.0,1000000000.0,2026-06-23,,
965,Dymension,DYM,dymension,0.01837653666900292,1.38523527,-1.66684441,6.89514813,10093943.760589458,14913021.6795165,549284337.0,1067631507.0,,2026-06-23,,
966,Delysium,AGI,delysium,0.005026266933764335,-0.4811204,-4.71850649,-11.01433574,10093304.683344953,845868.67541684,2008111550.0536592,3000000000.0,,2026-06-23,,
967,AMD Tokenized Stock (Ondo),AMDon,amd-tokenized-stock-ondo,533.0612016765672,-1.48132302,0.27053486,-2.11642302,10062972.957774734,4700686.50570277,18877.70658627,18877.70658627,,2026-06-23,,
968,Metaplex,MPLX,metaplex,0.01961799138791224,-0.00195174,-2.28488934,-0.94108398,10055233.8751782,667713.86629863,512551651.0,999982241.0,1000000000.0,2026-06-23,,
969,Ninja Squad Token,NST,ninja-squad-token,1.1673375051724388,0.0886779,-1.95063103,-6.75164425,10052263.609471414,194803.1156858,8611274.43,8611274.43,10000000.0,2026-06-23,,
970,Redbelly Network,RBNT,redbelly-network,0.00379213747976318,-0.03060773,-0.29137292,1.05395135,10048119.091413498,151088.85868522,2649724369.1811,10000000000.0,10000000000.0,2026-06-23,,
971,SpaceX Tokenized Stock (Ondo),SPCXon,spacex-tokenized-stock-ondo,151.42524602347535,-1.61870343,-14.49674935,-29.13006154,10045604.961723791,5407769.76632745,66340.35753963,66340.35753963,,2026-06-23,,
972,GeorgePlaysClashRoyale,CLASH,georgeplaysclashroyale,0.010016034572937826,-0.31340709,-6.35859263,-23.70148016,10012908.100788701,676046.85238822,999687853.298992,999687853.298992,999999967.828928,2026-06-23,,
973,MWX Token,MWXT,mwx-token,0.0595194765236626,-1.16149549,-1.8989222,-4.07930318,9990158.915417228,515926.90895855,167846888.0929343,1000000000.0,1000000000.0,2026-06-23,,
974,Hunt Town,HUNT,hunt,0.07897350871123136,-0.02699009,-0.56759505,-6.14594213,9963904.217608834,92609.13886474,126167678.0,198912688.0,198912688.0,2026-06-23,,
975,MCOIN,MCOIN,mcoin1,0.05597489013309289,-0.06424623,-0.13319435,-17.4781437,9907555.55355744,342373.88042359,177000000.0,500000000.0,500000000.0,2026-06-23,,
976,TG Casino,TGC,tg-casino,0.12853507549089405,-0.47359276,-2.8550107,-0.76817182,9897200.684242195,16548.38672394,76999998.99983217,76999998.99983217,100000000.0,2026-06-23,,
977,ColossusXT,COLX,colossusxt,0.0007720673080000002,0.0,0.0,0.0,9830236.551021257,0.0,12732356945.0,16924354953.557009,,2026-06-23,,
978,APX,APX,apollox,0.21941475316766515,2.269e-05,-0.5483881,-0.21062354,9688470.497326186,0.0,44155966.53121483,3975255603.4277463,,2026-06-23,,
979,Fartboy,FARTBOY,fartboy,0.009665990226560787,0.14529903,2.55834109,-17.35243034,9660581.689391447,463149.98406636,999440457.0,999440457.0,999440457.0,2026-06-23,,
980,Nexa (nexaagent.xyz),NXA,nexaagent-xyz,0.9604666045512678,-0.07777127,-0.51813164,-29.18179605,9604666.045512678,0.0,10000000.0,1000000000.0,1000000000.0,2026-06-23,,
981,Ellipsis,EPS,ellipsis,0.013264658849559654,0.0,-0.00491652,-3.74650293,9599654.458814299,0.0,723701571.7997887,723701571.7997887,1000000000.0,2026-06-23,,
982,Everlyn AI,LYN,everlyn,0.03719339811567174,0.19279356,2.67880408,1.14518126,9508067.107731018,1636062.74374219,255638570.0,1000000000.0,1000000000.0,2026-06-23,,
983,YieldBasis,YB,yieldbasis,0.07665084160382254,-0.16415986,-3.41017645,-14.6896301,9497028.675614528,3270695.2210744,123899861.7223391,739257491.9053235,1000000000.0,2026-06-23,,
984,Dexsport,DESU,dexsport,0.015797404328409228,0.17184046,-1.50310285,-7.34919125,9478442.597045537,22463.15722264,600000000.0,600000000.0,600000000.0,2026-06-23,,
985,Clash of Lilliput,COL,clash-of-lilliput,0.11524130128804999,-0.1891515,-0.60705757,-3.37213316,9458360.65843593,0.0,82074400.0,1000000000.0,1000000000.0,2026-06-23,,
986,Intuition,TRUST,intuition,0.05257948295802204,2.78099178,-2.38694948,4.9091363,9445790.121089606,3671414.42869581,179647832.0,1049038461.5384616,,2026-06-23,,
987,SUPRA,SUPRA,supra,0.0002989436545716225,1.32301956,-0.45368087,4.50171327,9426736.270085206,1016440.86408569,31533488421.39982,81728949680.15675,100000000000.0,2026-06-23,,
988,Maverick Protocol,MAV,maverick-protocol,0.01014754493383934,0.59389387,-2.58070503,-6.92225353,9425777.026560605,1439545.60703726,928872657.1811638,2000000000.0,2000000000.0,2026-06-23,,
989,Resolv,RESOLV,resolv,0.023344309866364907,1.58615476,7.18180871,31.19851775,9385786.848082151,85739020.36698101,402058870.097738,1000000000.0,1000000000.0,2026-06-23,,
990,Wecan Group,WECAN,wecan-group,0.0015538147844460378,0.11078491,-2.90635698,-17.37077056,9322888.706676226,39939.87904141,6000000000.0,6000000000.0,6000000000.0,2026-06-23,,
991,Wilder World,WILD,wilder-world,0.01861916601148137,-0.56768293,-3.57810037,-7.46492121,9309004.110396342,238146.15681877,499968908.6318912,499968908.6318912,500000000.0,2026-06-23,,
992,Santos FC Fan Token,SANTOS,santos-fc-fan-token,0.5777349940754578,0.60951376,-4.01800539,-11.12277231,9298560.548773417,1863765.00320321,16094854.291549,30000000.0,30000000.0,2026-06-23,,
993,MyShell,SHELL,myshell,0.023660910116258125,0.56307004,-3.21725496,-9.73279841,9296108.685667325,5222948.01754457,392888888.8885,1000000000.0,1000000000.0,2026-06-23,,
994,TARS AI,TAI,tars-protocol,0.010417877984894961,0.22880928,-1.18755017,-10.59694968,9294723.995503664,739753.18284857,892189753.9,892189753.9,999999988.0,2026-06-23,,
995,Quai Network,QUAI,quai-network,0.011854154516359409,0.0989668,-0.44283003,-6.07675057,9275691.65992759,265578.72110097,782484457.0,1034543154.0,,2026-06-23,,
996,iShares Russell 1000 Growth Tokenized ETF (Ondo),IWFon,ishares-russell-1000-growth-tokenized-etf-ondo,487.92726805339004,-0.03993899,-1.5035201,-1.75336923,9261336.320386846,724057.73709323,18980.97713894,18980.97713894,,2026-06-23,,
997,Reppo,REPPO,reppo,0.024397869852578656,1.87701596,-9.54672273,23.64242964,9249127.975539109,123810.54470888,379095717.4304933,1000000000.0,1000000000.0,2026-06-23,,
998,AriaAI,ARIA,aria-ai,0.026729219612937876,0.71114596,-3.38483547,-7.86800097,9181486.943993758,1509598.00781102,343500000.26,1000000000.0,1000000000.0,2026-06-23,,
999,BENQI,QI,benqi,0.001273458991044824,-0.20958501,1.78448086,-7.3124059,9168904.735522732,525531.83173817,7200000000.0,7200000000.0,7200000000.0,2026-06-23,,
1000,FirmaChain,FCT,firmachain,0.007669080449979115,-0.80739757,2.3628974,-8.49723611,9146716.050776165,1699581.2660513,1192674416.500752,1202763974.633332,,2026-06-23,,
1001,Vultisig,VULT,vultisig,0.14020728870447965,-0.00166469,-3.0814344,-16.02041203,9115133.84878347,589.91017465,65011840.20465435,100000000.0,100000000.0,2026-06-23,,
1002,Alchemix,ALCX,alchemix,3.6013291033585846,0.07286395,-1.91889353,-2.98186556,9088741.67063257,535407.83377903,2523718.71877981,2686297.79694966,,2026-06-23,,
1003,iShares Semiconductor Tokenized ETF (Ondo),SOXXon,ishares-semiconductor-tokenized-etf-ondo,646.9873816056198,-0.29570327,1.19786427,3.54820213,9075949.863087026,775840.62131599,14028.01680701,14028.01680701,,2026-06-23,,
1004,Hegic,HEGIC,hegic,0.012843030466502056,-1.48584976,0.68312916,-1.79882019,9037991.785833038,5.21638087,703727349.1958504,3012009888.0,3012009888.0,2026-06-23,,
1005,Alephium,ALPH,alephium,0.0668231709921364,6.29160383,23.5711398,89.52434354,8974448.353446487,254698.90959843,134301443.94827628,222247437.1723172,,2026-06-23,,
1006,Augur,REP,augur,0.8060222090980397,0.36880508,5.38175155,-6.18992443,8866244.300078437,431.01728544,11000000.0,11000000.0,,2026-06-23,,
1007,Konnect,KCT,konnect,0.001198801991863043,0.05921141,-1.25290792,-13.60916466,8841164.737942021,603507.7974,7375000040.0,10000000000.0,10000000000.0,2026-06-23,,
1008,Echelon Prime,PRIME,echelon-prime,0.24657755579380558,0.10002611,-0.60680784,-3.84905237,8821026.27513623,328690.4365878,35773841.0,111111111.1,111111112.0,2026-06-23,,
1009,GRIFFAIN,GRIFFAIN,griffain,0.00881796231052479,0.42061205,-2.52354399,-3.08749382,8816914.031165315,4626891.6401375,999881120.0,999881120.0,999881120.0,2026-06-23,,
1010,Hivemapper,HONEY,hivemapper,0.001499352311676588,1.44791561,-3.70774954,-5.96623156,8762153.528400447,231863.52418114,5843959061.631443,6552381632.486435,10000000000.0,2026-06-23,,
1011,4,4,4four,0.008746040515967723,1.18500672,-3.71120707,0.18447539,8746040.515967723,5888707.73788831,1000000000.0,1000000000.0,1000000000.0,2026-06-23,,
1012,ThunderCore,TT,thundercore,0.000632268786178306,0.03042609,3.0149835,-5.95128236,8749989.806953978,285008.14433887,13839034914.0,13839034914.0,,2026-06-23,,
1013,Just a chill guy,CHILLGUY,just-a-chill-guy,0.008755073551960865,0.241269,-3.00931331,-1.89435784,8754581.275529267,6281691.33321333,999943772.439069,999943772.439069,1000000000.0,2026-06-23,,
1014,THENA,THE,thena,0.06530774018087489,0.11115389,1.49560563,-5.47727443,8704431.682569087,6512371.8077122,133283308.50924383,284596517.7147613,326120291.0,2026-06-23,,
1015,Toko Token,TKO,tokocrypto,0.051099524081714955,0.74337967,-2.49029063,-3.8036136,8666249.70117019,1057702.3460112,169595507.13841677,495268640.66,500000000.0,2026-06-23,,
1016,Wibx,WBX,wibx,0.0007365952002481226,1.60409182,-0.13845398,-0.02197286,8655941.091950877,12884.0869574,11751286309.0,11751286309.0,12000000000.0,2026-06-23,,
1017,Bubblemaps,BMT,bubblemaps,0.012664951283181947,0.36391137,-3.47830841,-4.4219622,8643491.083907466,2490964.5662193,682473299.0,1000000000.0,1000000000.0,2026-06-23,,
1018,Checkmate,CHECK,checkmate,0.0281725428713099,-0.80905975,-13.12852419,-58.38420704,8620328.73588405,8933657.99887654,305983339.0,1000000000.0,1000000000.0,2026-06-23,,
1019,Aspecta,ASP,aspecta,0.025521444839663194,-0.30416964,-5.66181188,0.14650855,8592219.771193758,1506130.19430189,336666667.0,1000000000.0,1000000000.0,2026-06-23,,
1020,Paris Saint-Germain Fan Token,PSG,paris-saint-germain-fan-token,0.5329181096513089,0.27114827,-1.84795765,-4.21314515,8590845.055416098,4381090.0031379,16120384.9143673,19890000.0,19890000.0,2026-06-23,,
1021,xU3O8,XU3O8,xu3o8,5.350498573150389,-0.14283873,-0.26253355,-0.21636695,8560797.717040623,718849.57338885,1600000.0,1600000.0,,2026-06-23,,
1022,Nebius Group Tokenized Stock (Ondo),NBISon,nebius-group-tokenized-stock-ondo,270.072216950612,-1.87793928,-5.15263466,5.55865447,8538159.414729388,2895032.9357403,31614.35674922,31614.35674922,,2026-06-23,,
1023,Tutorial,TUT,tutorial,0.01016733643263634,0.64639611,-1.62871386,-1.75497752,8483073.923820373,3899841.03221708,834345748.2719251,834345748.2719251,1000000000.0,2026-06-23,,
1024,我踏马来了,我踏马来了,wotamalaile,0.00846935045534086,1.39136384,3.32789312,0.23895061,8469350.45534086,5340638.64013332,1000000000.0,1000000000.0,1000000000.0,2026-06-23,,
1025,heyAura,ADX,adx-net,0.057257356229996094,0.38534136,-6.31648317,-8.93777301,8468362.986416422,3802268.66341935,147900000.0,150000000.0,150000000.0,2026-06-23,,
1026,IAGON,IAG,iagon,0.022515668592368747,-0.11257517,-1.96949218,-7.31814474,8466351.475902665,45224.54241279,376020434.0,1000000000.0,1000000000.0,2026-06-23,,
1027,SanDisk Tokenized Stock (Ondo),SNDKon,sandisk-tokenized-stock-ondo,2161.3809178665742,-2.01170886,-3.31520087,4.14976306,8423899.796711463,2654672.2045801,3897.4619083,3897.4619083,,2026-06-23,,
1028,Agoras: Tau Net,AGRS,agoras-tokens,0.28140350573192013,0.00544296,2.02892927,-4.35632291,8403218.257116804,9907.48510663,29861810.83728983,42000000.0,42000000.0,2026-06-23,,
1029,Hashflow,HFT,hashflow,0.010016561119333486,0.8626026,-2.18479463,-3.89183695,8393874.61008122,3531188.61669387,837999639.8045,997353568.2839,,2026-06-23,,
1030,Forta,FORT,forta,0.013131670925249469,0.82408366,3.01479698,-2.66900807,8337620.699438915,424509.21553187,634924584.0,1000000000.0,1000000000.0,2026-06-23,,
1031,Elastos,ELA,elastos,0.3606914662358029,0.02854395,2.4745158,-1.77283394,8333637.821855191,154894.53442157,23104616.0,26229451.0,28219999.0,2026-06-23,,
1032,LUKSO,LYX,lukso-network,0.2724430636117704,-0.92393268,6.23159151,29.56573153,8319295.941542449,159842.55085679,30535906.59,42115181.93,,2026-06-23,,
1033,MAP Protocol,MAPO,map-protocol,0.0013295892859168073,0.54685489,-6.454,45.56593985,8273758.3555173725,1577605.62271641,6222792589.526826,9697223991.055454,10000000000.0,2026-06-23,,
1034,AKEDO,AKE,akedo,0.00036321851983448373,0.77606212,-13.87663137,14.5994485,8280020.18277685,1788404.0431179,22796250000.0,100000000000.0,100000000000.0,2026-06-23,,
1035,Edel,EDEL,edel,0.013585237418515103,0.1808949,5.49186016,0.09607429,8272638.1233980935,862602.13324061,608943213.0294203,1000000000.0,1000000000.0,2026-06-23,,
1036,Groestlcoin,GRS,groestlcoin,0.091541930400715,0.0,0.0,0.0,8268578.771330875,0.0,90325588.88736624,90325588.88736624,105000000.0,2026-06-23,,
1037,Micron Technology Tokenized bStocks,MUB,micron-technology-tokenized-bstocks,1154.6431670790976,-2.17900466,-0.6798867,6.94300793,8233630.611800917,4550278.23677383,7130.88757337,7130.88757337,,2026-06-23,,
1038,CREPE,CREPE,crepe,1.40231311446344e-05,1.99975945,-4.62558886,-18.08398891,8144792.644044654,451619.64811242,580811272464.0,690000000000.0,690000000000.0,2026-06-23,,
1039,Solomon,SOLO,solomon,0.6301323694294604,0.16050953,-1.26902227,3.43949776,8128688.144145653,0.0,12899969.178707,25799969.178707,25800000.0,2026-06-23,,
1040,Fusionist,ACE,fusionist,0.07967355528230832,-0.58250223,-3.70950525,-7.12428614,8105754.309925737,6037822.98791649,101737073.0,146307870.0,147000000.0,2026-06-23,,
1041,StablR Euro,EURR,stablr-euro,0.6809845275142352,0.13867367,-31.74610528,-33.07330635,8092508.200016343,152.39371105,11883541.95,11883541.95,,2026-06-23,,
1042,Heima,HEI,heima,0.08259329550975618,0.4354744,-10.96213716,14.85296141,8074157.034308655,10960404.12402042,97758020.0,98544384.0,100000000.0,2026-06-23,,
1043,X Empire,X,x-empire,1.1651892804302975e-05,0.75017769,0.22480541,-4.24166753,8039806.034969052,195672.91126928,690000000000.0,690000000000.0,690000000000.0,2026-06-23,,
1044,Vulcan Forged (PYR),PYR,vulcan-forged-pyr,0.1771627781159128,0.54198291,-0.27346311,-5.34732876,8044801.343208335,2230648.98391582,45409094.55565683,50000000.0,50000000.0,2026-06-23,,
1045,Bytecoin,BCN,bytecoin-bcn,4.339940033440183e-05,-0.10957591,27.8861177,84.35816966,7988389.991985113,2.16997002,184066828814.058,184066828814.058,184470000000.0,2026-06-23,,
1046,Puffer,PUFFER,puffer,0.01646270164982498,-0.02547822,-0.07960598,-28.2080293,7964909.308149605,4665246.39397453,483815444.0,1000000000.0,1000000000.0,2026-06-23,,
1047,Act I : The AI Prophecy,ACT,act-i-the-ai-prophecy,0.008395107136149238,-0.62329161,-8.71122837,-19.0298386,7960579.152472486,60806926.12221507,948240328.964275,948240328.964275,,2026-06-23,,
1048,Apple Tokenized Stock (Ondo),AAPLon,apple-tokenized-stock-ondo,300.2816000077849,0.4983822,1.47130088,0.97081671,7932891.923867164,2141397.09296563,26418.1752184,26418.1752184,26418.1752184,2026-06-23,,
1049,DORA,DORA,dora,0.007998364429941809,0.1927773,-0.1126997,0.41355763,7919065.360582987,325352.94714131,990085589.366,1000000000.0,1000000000.0,2026-06-23,,
1050,Quantoz USDQ,USDQ,quantoz-usdq,0.9912346130114926,-0.01041988,-0.11583699,-0.14022733,7910100.782327749,12531783.31494749,7980049.0,11000000.0,,2026-06-23,,
1051,Moss Coin,MOC,moss-coin,0.017630908239088094,-0.08490808,-0.84100597,-15.03997929,7907280.535305249,4679307.23266632,448489688.0,500000000.0,500000000.0,2026-06-23,,
1052,FIGHT,FIGHT,fight-id,0.003854178107945538,2.55176662,4.60436653,-2.97632575,7901065.121288353,3217442.63386833,2050000000.0,10000000000.0,10000000000.0,2026-06-23,,
1053,iShares MSCI Emerging Markets Tokenized ETF (Ondo),EEMon,ishares-msci-emerging-markets-tokenized-etf-ondo,70.3896881888733,-0.90457687,-1.27343058,0.12327585,7862687.679425109,1102506.90640258,111702.2660809,111702.2660809,,2026-06-23,,
1054,Vow,VOW,vow,0.021954444357681888,-0.22199641,2.5646039,7.27108856,7822045.113722224,212438.12447875,356285269.0,1142857140.0,1142857142.0,2026-06-23,,
1055,Vanar Chain,VANRY,vanar,0.0032907615477771996,0.4317474,-3.75056005,-8.76206661,7807731.793784392,1132015.77440402,2372621559.0,2377565576.0,2400000000.0,2026-06-23,,
1056,MARBLEX,MBX,marblex,0.02790255468012924,-0.00701474,1.15211761,-1.03002755,7760442.166469071,1480843.49453969,278126582.15111953,321280425.0,,2026-06-23,,
1057,RAMP,RAMP,ramp,0.016192657415910135,0.0,-1.0220832,-7.1068771,7737479.016870155,0.0,477838740.0,1000000000.0,1000000000.0,2026-06-23,,
1058,Autonolas,OLAS,autonolas,0.034515953689174636,0.48917148,0.5497891,-6.66995079,7708720.553994549,71342.20906107,223337898.27781183,473633366.48780155,,2026-06-23,,
1059,ANyONe Protocol,ANYONE,anyone-protocol,0.07891760825163507,0.83661193,-2.29953427,-4.89036709,7694464.085066508,155947.62373224,97499965.5404165,100000000.0,100000000.0,2026-06-23,,
1060,Helium Mobile,MOBILE,helium-mobile,8.611625786134274e-05,14.9066769,63.97324235,80.97823839,7688459.50186068,151710.77812286,89280000000.0,100880000000.0,,2026-06-23,,
1061,SpaceX tokenized stock (xStock),SPCXx,spacex-tokenized-stock-xtock,151.16166938316377,-1.97343754,-14.67052784,-29.21248939,7680126.8044079505,17936131.54225559,50807.36959143,259962.05689365,,2026-06-23,,
1062,DEXTools,DEXT,dextools,0.10921996551892114,0.04188783,-0.03720953,-5.85790332,7673585.037466217,10885.87603087,70258079.65611245,112551255.0,200000000.0,2026-06-23,,
1063,Kleros,PNK,kleros,0.008348267345178453,-0.04594182,0.13137426,-0.29902114,7643074.355423255,8154.86543994,915528221.5341986,915528222.0793128,,2026-06-23,,
1064,SaitaChain Coin,STC,saitama-inu-new,0.00017049564600176624,0.00483818,0.02941894,-0.04774548,7621359.204577518,66613.61041967,44701195504.42107,44710138786.93723,200000000000.0,2026-06-23,,
1065,Assemble AI,ASM,assemble-protocol,0.005074096004369851,-0.9512767,-6.81313425,-11.72337523,7611144.006554777,219353.39486814,1500000000.0,3000000000.0,3000000000.0,2026-06-23,,
1066,AS Roma Fan Token,ASR,as-roma-fan-token,0.8768274688699261,0.12133878,-4.49845609,-23.86886456,7597593.39970455,5675787.40336054,8664867.0,9995000.0,9995000.0,2026-06-23,,
1067,WazirX,WRX,wazirx,0.019836543852796814,-0.38318742,-5.08510039,-6.41782212,7574720.593703304,9281.51705372,381856872.3419691,962646668.99,,2026-06-23,,
1068,LOAN Protocol,LOAN,loan-protocol,0.00041095512031355584,-0.41198125,2.20342312,-13.48940731,7564342.2212971905,127502.3049434,18406735547.0,35530314199.650856,,2026-06-23,,
1069,SquidGrow,SQGROW,squid-grow,0.007553585506752706,0.15835379,4.57558261,-6.12655437,7553585.506752706,65611.01752483,1000000000.0,1000000000.0,1000000000.0,2026-06-23,,
1070,Inverse Finance,INV,inverse-finance,10.440089806030919,0.02595168,-0.42788781,2.08489888,7509415.182742649,1072.62562,719286.45464378,727000.0,,2026-06-23,,
1071,Gleec Coin,GLEEC,gleec,0.04121621703973477,-5.60328314,27.71782486,-25.75298724,7491255.424002977,566.41901286,181755046.0,210000075.0,,2026-06-23,,
1072,Orchid,OXT,orchid,0.007484008825909038,14.06924079,17.29041422,7.62884358,7463163.125384733,2713085.78712351,997214634.4279902,1000000000.0,,2026-06-23,,
1073,Chainbounty,BOUNTY,sentinel-protocol,0.01438540231534688,-1.70557018,1.92753955,-8.67344696,7481950.159238433,636720.60237767,520107119.3717267,555416661.0,1000449852.0,2026-06-23,,
1074,Beta Finance,BETA,beta-finance,0.007445313716595818,-9.89594058,5.68165629,25.7314746,7445313.716595818,9304.33116529,1000000000.0,1000000000.0,1000000000.0,2026-06-23,,
1075,SmarDex,SDEX,smardex,0.0007561363482179134,-0.12763014,-0.16079038,-0.8385348,7411574.133671705,240892.72528009,9801901669.109734,10000000000.0,10000000000.0,2026-06-23,,
1076,Origin Dollar,OUSD,origin-dollar,0.9994133869373301,-0.04235813,-0.02655304,-0.02633092,7391764.127793533,36831.48780635,7396102.77829613,7396102.77829613,,2026-06-23,,
1077,Haedal Protocol,HAEDAL,haedal-protocol,0.017385074054587047,0.8387398,-2.60360707,-8.60974188,7388656.473199495,1909683.20237186,425000000.0,1000000000.0,1000000000.0,2026-06-23,,
1078,Layer3,L3,layer3-xyz,0.005994025688799871,2.5015903,0.9732133,-10.30806096,7379936.260115442,4079082.7379909,1231215320.5991778,3333333312.0,3333333333.0,2026-06-23,,
1079,AI Companions,AIC,ai-companions,0.009807311973062382,0.03573879,-2.49866171,-43.92423426,7355481.037603195,653640.20184006,749999700.0,1000000000.0,1000000000.0,2026-06-23,,
1080,KnoxNet,KNX,knoxnet,0.007315648177202279,0.45827307,-2.75299909,-10.77732491,7315648.177202279,88773.0326955,1000000000.0,1000000000.0,1000000000.0,2026-06-23,,
1081,MUX Protocol,MCB,mcdex,1.9116506535327409,0.0,-7.3198761,-7.2114735,7305416.9404404005,0.0,3821523.0,4803143.0,4803143.0,2026-06-23,,
1082,AhaToken,AHT,ahatoken,0.001002006970259309,-0.70777181,1.25857712,-8.70972755,7286368.304235542,194654.530057,7271774069.944749,7673122637.674749,10500000000.0,2026-06-23,,
1083,Bitgert,BRISE,bitrise-token,1.834938420050673e-08,-0.31271787,-2.8780111,-7.55077899,7260667.834298508,514024.23472069,395690000000000.0,1000000000000000.0,,2026-06-23,,
1084,Phoenix,PHNIX,phoenix-xrp,1.3720056565640334e-05,1.3493424,-0.13481609,-9.43421109,7271617.771655605,314748.60877632,529999110198.0,589000000000.0,589000000000.0,2026-06-23,,
1085,ProShares UltraPro QQQ Tokenized Stock (Ondo),TQQQon,proshares-ultrapro-qqq-tokenized-stock-ondo,80.60361832324507,-0.55516594,-1.28352529,-4.5608179,7258047.287436178,2900713.32555817,90046.17210023,90046.17210023,,2026-06-23,,
1086,Swarms,SWARMS,swarms,0.00721386637732653,0.3183966,-5.22368482,3.53972411,7213756.942973586,5551907.88719842,999984830.0,999984830.0,,2026-06-23,,
1087,Auki,AUKI,auki-labs,0.00572766696354332,0.05088297,0.55256154,-4.88825146,7192727.751217234,20952.0516565,1255786657.4643822,9991616050.76035,10000000000.0,2026-06-23,,
1088,Venus DAI,vDAI,venus-dai,0.02613696159906776,0.0102309,0.01542725,0.06758847,7175579.362124265,0.0,274537625.0,274537625.0,,2026-06-23,,
1089,Peercoin,PPC,peercoin,0.23632625332908216,-1.02909668,2.58003873,-3.074192,7156213.169263123,34888.74222323,30281075.70976535,30281075.70976535,,2026-06-23,,
1090,QuickSwap [Old],QUICK,quickswap,9.449374632752349,-0.00861654,0.15014964,-1.43018647,7151641.337405771,2850.04168747,756837.52791614,921512.94199885,1000000.0,2026-06-23,,
1091,Alien Worlds,TLM,alien-worlds,0.0010491341404291715,0.07955392,2.60494928,4.90916233,7127144.260303221,8445512.07340796,6793358433.0672,7022469398.6465,10000000000.0,2026-06-23,,
1092,Resistance Dog,REDO,resistance-dog,0.07101703101567981,-1.06574716,6.30289931,-6.6980866,7101702.601608083,126286.15809109,99999992.96,99999992.96,100000000.0,2026-06-23,,
1093,Treehouse,TREE,treehouse,0.045148743615926246,0.90587508,-1.10156737,-4.14360028,7048732.4225915205,4991602.52874406,156122449.0,1000000000.0,1000000000.0,2026-06-23,,
1094,MORI COIN,MORI,mori-coin,0.00876700147069399,-0.05079178,13.01215721,8.3039765,7013671.181061936,1206540.87617871,800007985.0,999998186.0,999999999.0,2026-06-23,,
1095,Access Protocol,ACS,access-protocol,0.0001363747525831469,-0.06062103,-6.09024377,-5.69027939,7010855.594441528,583996.42688384,51408750238.92014,90208674172.57678,,2026-06-23,,
1096,Coinbase Tokenized Stock (Ondo),COINon,coinbase-tokenized-stock-ondo,162.98922391245742,-0.13390986,-0.93356954,-2.904241,6998509.861813995,2477101.76401432,42938.48202856,42938.48202856,,2026-06-23,,
1097,Galatasaray Fan Token,GAL,galatasaray-fan-token,0.8742573233341159,-0.00722451,-0.01121731,3.31139254,6986025.03612881,111045.01655849,7990811.0,9975000.0,9975000.0,2026-06-23,,
1098,Alpine F1 Team Fan Token,ALPINE,alpine-f1-team-fan-token,0.32710922075541027,0.38206971,-2.31932325,-7.26556102,6979025.440462577,2582701.47773027,21335459.22168,40000000.0,40000000.0,2026-06-23,,
1099,Anthropic tokenized stock (PreStocks),ANTHROPIC,anthropic-tokenized-stock-prestocks,728.9135497133731,0.2232072,0.01033593,6.23802219,6964698.251657111,29056.68049894,9554.90298458,9554.90298458,,2026-06-23,,
1100,ULTILAND,ARTX,ultiland,0.11473399298082615,-0.64997196,4.99867128,31.04668052,6922540.5178398425,814441.65018087,60335566.975314,91116819.215314,280000000.0,2026-06-23,,
1101,Purple Bitcoin,PBTC,purple-bitcoin,0.3597244443485197,-5.59433954,-11.85200492,-26.86361521,6947059.262689708,81568.24979482,19312169.0,19312169.0,19312169.0,2026-06-23,,
1102,FC Barcelona Fan Token,BAR,fc-barcelona-fan-token,0.2745683805545071,-0.08286158,-0.42060823,-4.84102797,6945969.937087437,1725791.37195179,25297778.0,39960000.0,39960000.0,2026-06-23,,
1103,SLERF (OLD),SLERF,slerf-old,0.013731294975388811,0.36744282,-2.12441036,-1.123586,6865616.592280711,6841.43929051,499997750.0,499997750.0,499997750.0,2026-06-23,,
1104,Alpha Quark Token,AQT,alpha-quark-token,0.25251771379664406,-3.2867938,0.91972015,-36.73781625,6769040.592093314,28504101.05578984,26806201.0,30000000.0,30000000.0,2026-06-23,,
1105,Cookie DAO,COOKIE,cookie,0.008868130353905315,0.23483242,-4.47407375,-4.93205643,6820666.642749954,2105514.51515443,769121153.0,999892387.0,1000000000.0,2026-06-23,,
1106,ORIGYN,OGY,origyn-foundation,0.0008649237473381727,-0.92591281,0.44639254,-1.81589477,6771177.402169791,187904.13320058,7828640875.0,10414841559.354904,10620490364.0,2026-06-23,,
1107,Circle Internet Group Tokenized bStocks,CRCLB,circle-internet-group-tokenized-bstocks,78.40775217721156,-0.96527689,-2.65662251,-6.21672787,6753509.705628205,4608090.81251265,86133.18859549,86133.18859549,,2026-06-23,,
1108,OMG Network,OMG,omg,0.04811626914897865,0.23287722,0.15958383,-5.5689259,6748085.3288685065,238716.61895927,140245398.24513277,140245398.24513277,140245399.0,2026-06-23,,
1109,Balancer,BAL,balancer,0.09668907898563157,0.53518391,-1.90390133,-11.16180244,6747826.136609143,149327.75554937,69788917.29449508,72368512.92020285,96150704.0,2026-06-23,,
1110,Amazon Tokenized Stock (Ondo),AMZNon,amazon-tokenized-stock-ondo,232.3005221699287,-0.39249675,-3.90446924,-6.44371206,6744665.278974965,2395985.17756756,29034.22349624,29034.22349624,,2026-06-23,,
1111,Mansory,MNSRY,mansory,0.007442531407422001,-0.16879711,-1.02326737,1.87589071,6698190.65133944,169514.25360983,899988227.75,899988227.75,1000000000.0,2026-06-23,,
1112,Gitcoin,GTC,gitcoin,0.07647878801529828,-0.04178367,-0.94444854,-6.09495755,6691244.027274659,3026727.64701562,87491501.9042429,100000000.0,,2026-06-23,,
1113,SymVerse (symverse.org),SYMM,symverse-org,0.040458778350189725,-7.62332409,-15.45430926,-16.61045674,6682887.30535368,31163.80639069,165177684.0,315177684.0,315177684.0,2026-06-23,,
1114,Badger DAO,BADGER,badger-dao,0.3470261571131679,0.13692927,1.22157115,-5.3979754,6672819.870920285,1466231.46633084,19228578.98214349,21000000.0,21000000.0,2026-06-23,,
1115,BugsCoin,BGSC,bugscoin,0.0007159359923798094,1.56296768,-4.87716479,1.98347138,6673700.322552943,266910.23586649,9321643825.126331,12985800644.0,14745800644.0,2026-06-23,,
1116,OWB,OWB,owb,0.014591625637673309,-1.33363391,-12.20735295,-36.90828825,6641107.16493587,37898.88110147,455131410.9779218,1000000000.0,1000000000.0,2026-06-23,,
1117,Broadcom Tokenized Stock (Ondo),AVGOon,broadcom-tokenized-stock-ondo,389.19889765478115,-0.32782719,-4.2390186,-0.81426475,6589938.165790823,4486499.67546186,16932.057633,16932.057633,,2026-06-23,,
1118,TEXITcoin,TXC,texitcoin,0.10407338471129095,0.4998273,-0.45693366,4.33726365,6551953.880332873,82105.2112268,62955134.0,69218556.0,353396296.0,2026-06-23,,
1119,Bitcoin Limited Edition,BTCLE,bitcoin-limited-edition,420.3522724347915,-0.64577313,-0.54784488,0.62940967,6548499.911352643,125442.21069059,15578.6,210000.0,210000.0,2026-06-23,,
1120,Alltoscan,ATS,alltoscan,0.0871434940348589,-0.14830827,3.83871522,1.62568851,6538288.880648587,260027.21155722,75028996.175356,100000000.0,100000000.0,2026-06-23,,
1121,TokenBot,TBOT,tokenbot,0.011101557728506958,-0.12457939,0.04583985,-0.31744696,6538216.052997541,53690.6412673,588945823.0,1000000000.0,,2026-06-23,,
1122,Brickken,BKN,brickken,0.08031947800669292,-0.72721764,-3.33377089,-4.74457712,6537756.539914959,113326.96478918,81396900.25587787,143000000.0,143000000.0,2026-06-23,,
1123,AMO Coin,AMO,amo-coin,0.00030773283810499796,-0.4047587,-1.51675838,-2.12567212,6523936.167825957,15664.29965167,21200000000.0,21200000000.0,21200000000.0,2026-06-23,,
1124,Oracle Tokenized Stock (Ondo),ORCLon,oracle-tokenized-stock-ondo,173.50973855230552,-0.53258272,-5.39366229,-9.33045601,6511143.166313392,1689340.03069309,37526.09634848,37526.09634848,,2026-06-23,,
1125,ELYSIA,EL,elysia,0.0013267434586083761,0.25692031,-0.85492453,-5.99205015,6504224.450132854,329525.02716522,4902397978.99976,6803300704.688,7000000000.0,2026-06-23,,
1126,Loom Network,LOOM,loom-network,0.005224634355795,0.0,0.0,0.0,6493807.22302701,0.0,1242920897.5790398,1300000000.0,,2026-06-23,,
1127,Daddy Tate,DADDY,daddy-tate,0.010804299158879512,-0.10340938,-2.35898104,34.11632358,6478421.000317528,170384.69877283,599615107.380032,599615107.380032,999689062.0,2026-06-23,,
1128,Hydranet,HDN,hydranet,0.03416674218568842,-0.03291162,-6.0807439,-7.76868363,6423797.420730331,125041.49975193,188013167.47784916,300000000.0,300000000.0,2026-06-23,,
1129,Bitlayer,BTR,bitlayer,0.01924625802956864,-0.64409106,-9.16978781,-6.0003632,6414506.563740817,5857824.92890151,333285907.0,1000000000.0,1000000000.0,2026-06-23,,
1130,Polkastarter,POLS,polkastarter,0.06459166248054485,0.02249766,-2.53401986,-11.29129618,6408115.061087564,99548.35407345,99209631.94000003,100000000.0,,2026-06-23,,
1131,Meta Platforms Tokenized Stock (Ondo),METAon,meta-platforms-tokenized-stock-ondo,565.7487858914742,0.23223374,-1.2901755,-4.79504994,6377536.047137869,2746338.27082581,11272.73483599,11272.73483599,,2026-06-23,,
1132,Save,SAVE,save,0.13919793353603233,0.0,-0.69539868,-0.71978818,6356173.384980279,0.0,45662843.0,50000001.0,,2026-06-23,,
1133,RSS3,RSS3,rss3,0.006791385888385419,-0.1417041,1.0693777,-9.47994283,6313404.219406295,1063605.32425102,929619421.3030119,1055772199.8297999,1000000000.0,2026-06-23,,
1134,Apu Apustaja,APU,apu-apustaja,1.8683249555539306e-05,-0.04091212,-0.6459504,-17.29102659,6312883.124054241,214226.9819249,337889996346.0888,337889996346.0888,420690000000.0,2026-06-23,,
1135,Pikaboss,PIKA,pikachu,1.4967938643123806e-08,0.00412551,-0.82410854,-2.46378081,6296862.107775754,0.0,420690000000000.0,420690000000000.0,420690000000000.0,2026-06-23,,
1136,DAO Maker,DAO,dao-maker,0.029988020021520546,-0.19873723,-4.37283701,-7.10478628,6283516.360398837,1549212.85672427,209534219.19451657,269100130.9190567,,2026-06-23,,
1137,WeBuy,WE,webuy,0.01727169852097433,-0.22349146,-0.58184762,-3.0086552,6252894.432454503,29807.69210109,362031240.0,2500000000.0,,2026-06-23,,
1138,Heroes of Mavia,MAVIA,heroes-of-mavia,0.025292113023682432,0.0493648,-4.18764079,-9.62820999,6246321.80440801,965882.64448386,246967179.0,250000000.0,256989887.032251,2026-06-23,,
1139,Towns,TOWNS,towns,0.0020465993282825228,0.54542083,-5.07597494,-11.20699764,6240240.470937988,4393693.21243364,3049077748.0,10530619062.0,,2026-06-23,,
1140,Zircuit,ZRC,zircuit,0.0010622109304196804,0.15414538,-6.00858556,-3.46661724,6230566.360366921,1856351.52170063,5865658300.0,10000000000.0,,2026-06-23,,
1141,KGST,KGST,kgst,0.01142858343944665,0.00817133,0.01256756,0.19607923,6220491.817428845,2086885.12390278,544292462.0,544292462.0,,2026-06-23,,
1142,BFG Token,BFG,betfury,0.005508618556444537,-3.287e-05,-0.49497453,-4.39922155,6185126.032387681,149.39084834,1122808916.43,3327754200.68,,2026-06-23,,
1143,PepeCoin,PEPECOIN,pepecoin,0.05760923107279014,0.42831738,-0.20463865,-14.15072643,6167484.076662977,123434.22032615,107057219.16111442,107630586.03315184,133769420.0,2026-06-23,,
1144,World3,WAI,world3,0.01834162122994431,-2.03856296,-3.18862602,11.87065653,6163398.902448173,302535.35642759,336033485.0,1000000000.0,1000000000.0,2026-06-23,,
1145,NUMINE,NUMI,numine,0.018917186248068547,-0.80622412,-0.13569747,-2.15192334,6137443.927609738,210535.11490652,324437463.75,1000000000.0,1000000000.0,2026-06-23,,
1146,Saga,SAGA,saga,0.015129708717345104,-0.28786368,-0.01577936,16.5260974,6120857.014854597,32932136.31793404,404558814.0,1102444240.0,,2026-06-23,,
1147,elizaOS,ELIZAOS,elizaos,0.0006560614601243914,-0.69847841,-4.89080347,-7.91500415,6112505.9727586,5451757.29772739,9316971570.925152,10999986979.497707,11000000000.0,2026-06-23,,
1148,CONX,XPLA,xpla,0.006466681206789813,0.30244861,-2.01988904,-10.19789706,6104154.5491159465,451330.31070468,943939302.6993159,1999880402.2389,2000000000.0,2026-06-23,,
1149,FC Porto Fan Token,PORTO,fc-porto,0.46783977134585936,-0.21543743,-6.84853643,-15.13850694,6076399.489954623,3700314.17596967,12988206.35209,40000000.0,40000000.0,2026-06-23,,
1150,Croatian Football Federation Token,VATRENI,croatian-ff-fan-token,1.5718090819500834,-0.23106127,-4.42291975,-2.36890144,6073508.016073089,8446.22367083,3864024.0,20999999.44183582,30000000.0,2026-06-23,,
1151,Bluefin,BLUE,bluefin,0.011500966850957858,0.05943853,-1.01240373,-0.98281462,6041734.105529022,2107568.51413497,525324017.0,1000000000.0,1000000000.0,2026-06-23,,
1152,HOPR,HOPR,hopr,0.017693567950670685,0.61175634,0.62700622,-11.21340305,6036582.043304914,184512.1732626,341173813.0,394545361.0,1000000000.0,2026-06-23,,
1153,Divi,DIVI,divi,0.0012798263400000001,-0.18715405,-0.50307944,-2.97579044,6005414.022813378,0.0,4692366327.460785,4692366327.460785,,2026-06-23,,
1154,PAAL AI,PAAL,paal-ai,0.006005107343710828,-1.45736157,-3.05011546,-9.43009023,5998115.142063196,2196119.2533533,998835624.203295,1000000000.0,1000000000.0,2026-06-23,,
1155,Tradoor,TRADOOR,tradoor,0.41685468953821336,0.7496108,-2.96067995,-19.6018433,5981447.940183824,2535572.58021919,14349000.0,60000000.0,60000000.0,2026-06-23,,
1156,district0x,DNT,district0x,0.005975124597298409,0.8309432,-1.28656282,-10.83344106,5975124.597298409,2830.47035177,1000000000.0,1000000000.0,,2026-06-23,,
1157,Joe coin,JOE,joe-coin,0.005911940461322146,-0.07157187,0.62287838,-4.64465086,5911940.461322146,95475.36398178,1000000000.0,1000000000.0,1000000000.0,2026-06-23,,
1158,Scroll,SCR,scroll,0.031002473657061186,3.09545895,-1.5933091,-7.47850162,5890469.994841625,3777961.66101936,190000000.0,1000000000.0,1000000000.0,2026-06-23,,
1159,Nimiq,NIM,nimiq,0.00041509586753552224,-0.32463118,-6.04041566,-5.49215856,5879642.252870099,100243.75524022,14164540562.10748,14164540562.10748,21000000000.0,2026-06-23,,
1160,Polyhedra Network,ZKJ,polyhedra-network,0.0076758135412723074,0.44171015,-4.25377289,-3.0311066,5876644.5023902,1478528.57594857,765605426.8113599,1000000000.0,1000000000.0,2026-06-23,,
1161,KAN,KAN,bitkan,0.0006043406072365128,-0.48516265,0.99158199,-2.14141462,5855009.244986086,91479.65958388,9688260518.781734,10000000000.0,,2026-06-23,,
1162,Grin,GRIN,grin,0.025010381839395662,-0.0201457,-0.50799793,-5.16201221,5851131.31160112,1491.40939752,233948100.0,233948100.0,,2026-06-23,,
1163,AVA,AVA,ava-sol,0.005833677740646381,-0.08173073,12.95932807,10.77601198,5828985.94189138,1150001.47601589,999195739.12657,999195739.12657,999995926.72,2026-06-23,,
1164,Niza Global,NIZA,niza-global-new,0.0035962368104889147,-0.24097023,-6.62639471,-8.14509421,5805787.538074731,273811.87578564,1614406348.642381,2500000000.0,2500000000.0,2026-06-23,,
1165,Destra Network,DSYNC,destra-network,0.005910952593950324,0.09922564,-3.56068447,-11.94129584,5762869.696165298,1319005.43187278,974947710.1310906,999874315.1676701,1000000000.0,2026-06-23,,
1166,Upland (SPARKLET),SPARKLET,upland-sparklet,0.02121469038863026,0.00442945,0.07216351,-1.51515593,5760350.407478459,165289.32606782,271526489.52,1000000000.0,1000000000.0,2026-06-23,,
1167,LimeWire,LMWR,limewire,0.012466570535038548,-0.34410232,-0.89734325,-2.80066983,5703281.595180002,1873871.29485169,457486008.61402553,633045269.0,633045269.0,2026-06-23,,
1168,Build On BNB,BOB,build-on-bnb,1.3523785747396879e-08,-0.52831735,3.53634567,6.14954868,5689321.426072393,1332438.50970948,420690000000000.0,420690000000000.0,420690000000000.0,2026-06-23,,
1169,Creta World,CRETA,creta-world,0.00192595097960064,-0.13699831,-1.42896887,-1.58402045,5683131.205759761,106979.43939385,2950818201.4779005,10000000000.0,10000000000.0,2026-06-23,,
1170,Goldfinch,GFI,goldfinch-protocol,0.06488618467589251,0.00658383,-0.47327197,-16.9558591,5682600.741251333,409814.14993153,87577976.26160346,114285714.0,114285714.0,2026-06-23,,
1171,VNX Gold,VNXAU,vnx-gold,133.99199003601083,-0.31843176,-0.74089006,-1.54641511,5641062.780516056,2899.85423426,42100.0,44100.0,,2026-06-23,,
1172,NAVI Protocol,NAVX,navi-protocol,0.006909694968336932,0.17445847,2.55910699,-0.0045494,5639468.435179985,495922.20947571,816167495.24,1000000000.0,1000000000.0,2026-06-23,,
1173,Bulla,BULLA,bulla-mascot,0.005631060606048727,1.12257718,0.00044074,13.69758171,5631060.606048727,1361849.08956019,1000000000.0,1000000000.0,1000000000.0,2026-06-23,,
1174,Fuel Network,FUEL,fuel-network,0.0006712824226827764,1.09432937,-2.75450141,0.0028536,5633105.725577486,778429.80999964,8391558508.361966,10342240338.825834,,2026-06-23,,
1175,Nash,NEX,nash,0.12689329057159193,0.0,-7.50239257,-7.67868357,5623095.094954451,0.0,44313573.0,50000000.0,50000000.0,2026-06-23,,
1176,SCOR,SCOR,scor,0.015838349253496083,-0.58049436,-3.31612381,-20.27611063,5616988.045204154,159733.39602198,354644790.0158715,4000000000.0,4000000000.0,2026-06-23,,
1177,Utrust,UTK,utrust,0.007941415534533501,0.00520757,-0.01319384,-0.03764985,5591310.513576442,5103749.13900822,704069758.0,430940742.0,1000000000.0,2026-06-23,,
1178,WhiteCoin,XWC,whitecoin,0.007305259183567687,-1.38165172,-3.46535301,-13.56819554,5583589.474400356,754099.09968527,764324623.4110321,971792390.0,1000000000.0,2026-06-23,,
1179,dYdX (ethDYDX),ETHDYDX,dydx-ethdydx,0.1339469042570191,0.37887315,9.5564016,10.49536751,5579822.60039268,8178962.15110618,41656973.19652899,1000000000.0,,2026-06-23,,
1180,S.S. Lazio Fan Token,LAZIO,lazio-fan-token,0.42200664669177945,0.55691364,-3.12068771,-9.70082239,5561591.379451891,1808081.68518941,13178918.91763,40000000.0,40000000.0,2026-06-23,,
1181,Green Satoshi Token (SOL),GST,green-satoshi-token,0.001148693813545708,-0.1231127,-0.44234192,0.13390133,5544713.740962881,62065.03234896,4826972754.251931,4836972754.251931,,2026-06-23,,
1182,XMAQUINA,DEUS,deus-token,0.02744593800186687,0.69691826,-2.66427849,-24.79670057,5526827.396364051,772533.52939793,201371415.9081798,999987281.5088582,1000000000.0,2026-06-23,,
1183,RACA,RACA,radio-caca,1.341985021824127e-05,0.05213919,0.0862171,-0.48268036,5524554.719022903,308387.37391838,411670371068.18915,415670371068.18945,500000000000.0,2026-06-23,,
1184,Pitbull,PIT,pitbull,1.3705603266235e-10,0.12302104,1.19294452,-3.96021561,5508577.728343319,75216.45490683,4.019215806366e+16,1e+17,1e+17,2026-06-23,,
1185,PayAI Network,PAYAI,payai-network,0.005440246476701368,0.4642495,-0.43657444,-8.68478412,5439954.16490772,4626564.82702596,999946268.6488748,999946268.6488748,1000000000.0,2026-06-23,,
1186,Bitcoin Gold,BTG,bitcoin-gold,0.3096213460457527,-0.00763632,0.34933666,0.43525666,5422684.59616864,1088.88586767,17513923.589,17513923.589,21000000.0,2026-06-23,,
1187,iShares Russell 2000 Value Tokenized ETF (Ondo),IWNon,ishares-russell-2000-value-tokenized-etf-ondo,219.63483643299412,0.15551659,0.46660956,0.03403571,5417045.482045526,750763.1842277,24663.87195229,24663.87195229,,2026-06-23,,
1188,Quickswap [New],QUICK,quickswap-new,0.007124748971908748,-0.09062675,0.26244912,-2.84304074,5392277.398922454,805683.85892811,756837527.9161367,921512941.9988482,1000000000.0,2026-06-23,,
1189,Ski Mask Dog,SKI,ski-mask-dog,0.005440738716305932,0.60303426,0.16599776,-1.91068096,5383050.81941166,29166.67754684,989397047.0,1000000000.0,1000000000.0,2026-06-23,,
1190,Graphite Protocol,GP,graphite-protocol,0.15533632392971178,0.01183332,-2.97817999,-7.96163087,5380272.380619306,146460.86779754,34636279.8121438,58649020.27515315,,2026-06-23,,
1191,Luna by Virtuals,LUNA,luna-by-virtuals,0.005373531974837869,-0.01270873,0.14906134,-0.62014657,5373531.974837869,2862.42757381,1000000000.0,1000000000.0,1000000000.0,2026-06-23,,
1192,Bitlight,LIGHT,bitlight,0.12442950711104672,3.23604843,6.75486367,12.71392645,5357557.80365414,4218388.03733027,43056972.0,420000000.0,420000000.0,2026-06-23,,
1193,Hemi,HEMI,hemi,0.005467654359788875,0.46482049,-2.36243767,-1.47853958,5344632.136693626,7243557.64951557,977500000.0,10000000000.0,,2026-06-23,,
1194,Realio Network,RIO,realio-network,0.032550239512658424,-0.03859915,-3.73541322,-7.27338041,5337795.221253834,334118.00454011,163986357.7402564,163986357.7402564,175000000.0,2026-06-23,,
1195,Turtle,TURTLE,turtle-xyz,0.03443766814842697,0.584239,-2.86624913,-7.94516998,5327507.262561652,1562452.21455743,154700000.0,1000000000.0,1000000000.0,2026-06-23,,
1196,Ika,IKA,ika,0.001771926997539762,-0.22827982,-2.43566872,8.91222219,5315780.992619286,559654.05836843,3000000000.0,10291666666.6667,,2026-06-23,,
1197,inSure DeFi,SURE,insure,0.00019793888093422288,-0.27454209,-2.91021037,-2.41193535,5302795.124945912,0.0,26790063174.642704,88000000000.0,88000000000.0,2026-06-23,,
1198,RHEA Finance,RHEA,rhea-finance,0.013563852738804994,-0.00465139,-1.92922766,-12.38881632,5298017.25154576,302400.36548963,390598258.0,1000000000.0,1000000000.0,2026-06-23,,
1199,MetFi,METFI,metfi2,0.016357236489961666,-0.00952717,-1.6829483,-4.84641005,5283465.559697375,7650.80156367,323004779.1348988,449957398.77014774,500000000.0,2026-06-23,,
1200,Telos,TLOS,telos,0.01170115332835716,-0.18563563,1.47884159,3.17170536,5271539.6511238115,966470.21578299,450514535.03720003,467702819.9324,,2026-06-23,,
1201,OpenVPP,OVPP,openvpp-energy,0.006541281662248917,-0.13003857,-3.29428509,-10.92507165,5265731.738110378,910451.4543055,805000000.0,1000000000.0,1000000000.0,2026-06-23,,
1202,Partisia Blockchain,MPC,partisia-blockchain,0.011275539601345249,0.02239588,10.86734395,7.76157226,5260436.802416761,46785.78382303,466535260.2539,610155149.0566,1000000000.0,2026-06-23,,
1203,Games for a Living,GFAL,games-for-a-living,0.0012713204835767807,-0.00138471,-0.27670248,-0.92235549,5251118.56761573,867.70239879,4130444396.555333,10000000000.0,10000000000.0,2026-06-23,,
1204,MAGIC•INTERNET•MONEY (Bitcoin),MIM,magic-internet-money-bitcoin,0.0002484500943762735,1.52623448,-1.60535014,-0.10928269,5217451.981901743,55282.00400383,21000000000.0,21000000000.0,21000000000.0,2026-06-23,,
1205,CloakCoin,CLOAK,cloakcoin,0.8464147156059324,-0.18107268,6.09013119,3.32863075,5216813.45811027,455.79192403,6163424.81046735,6163424.81046735,,2026-06-23,,
1206,Manchester City Fan Token,CITY,manchester-city-fan-token,0.3851407192186817,0.33449785,-3.9060607,-3.78523083,5212016.534273088,1605558.95220529,13532759.0,19740000.0,19740000.0,2026-06-23,,
1207,MESSIER,M87,messier,5.873743252992193e-06,-0.12653667,-0.21537261,-2.51132807,5197359.948988717,144416.81529665,884846293944.0,884846293944.0,884846293944.0,2026-06-23,,
1208,Kekius Maximus (kekiusmaximus.vip),KEKIUS,kekius-maximus-vip,0.005193908283632129,-0.62350899,4.60634615,5.01755702,5193908.283632129,2638722.41918904,1000000000.0,1000000000.0,,2026-06-23,,
1209,Juventus Fan Token,JUV,juventus-fan-token,0.3324985279735303,0.27099595,-3.24050452,-6.42705431,5191115.978063287,4306260.26125727,15612448.0,19956000.0,19956000.0,2026-06-23,,
1210,Coq Inu,COQ,coq-inu,7.464346518639261e-08,-0.22725121,-4.10898307,-18.34183789,5181749.353239375,2207334.54045268,69420000000000.0,69420000000000.0,69420000000000.0,2026-06-23,,
1211,Minswap,MIN,minswap,0.00297945362016379,-0.34461797,-0.76901198,-11.45494143,5156736.994825798,70811.92034323,1730765990.088584,2473115363.848365,2500000000.0,2026-06-23,,
1212,Stonks,STNK,stonks,8.859293867470036,0.01782223,-2.73758657,28.59066177,5155018.988461477,74280.76669102,581876.96057695,581876.96057695,581918.12,2026-06-23,,
1213,Sperax,SPA,sperax,0.002500942693129522,0.39083746,0.6260437,-5.62309819,5122436.543723826,2262130.31352985,2048202287.0,4615267291.67,5000000000.0,2026-06-23,,
1214,Kryll,KRL,kryll,0.12850423959504004,-0.01399393,0.41578352,-0.62206864,5127623.53516065,121241.24919112,39902368.60137464,49417348.0,49417348.0,2026-06-23,,
1215,SIX Token,SIX,six,0.0060021202280371565,0.70483151,-1.02406262,-2.58047102,5107603.904021474,375529.91039729,850966610.126,999999970.0,1000000000.0,2026-06-23,,
1216,Hey Anon,ANON,hey-anon,0.36647674722161444,0.27648334,-2.52069492,-9.80169304,5079255.230251448,371850.01026056,13859693.060362,20961083.951299,20961083.951299,2026-06-23,,
1217,SanDisk Tokenized bStocks,SNDKB,sandisk-tokenized-bstocks,2159.4918406354022,-2.14290094,-3.77603003,3.56557892,5073935.038006765,6015166.81384979,2349.59676278,2349.59676278,,2026-06-23,,
1218,SWEAT,SWEAT,sweat-economy,0.0005994779592569681,0.1638053,0.96558586,-15.32306979,5069617.540170816,1580049.26916381,8456720488.03,19764034829.325,21867346500.41,2026-06-23,,
1219,Wexo,WEXO,wexo,0.01724482245176005,-1.44299111,-2.04978035,-1.09028418,5056047.243547876,112337.20174644,293192189.0,920900277.0,928000000.0,2026-06-23,,
1220,VNX Swiss Franc,VCHF,vnx-swiss-franc,1.235464275905309,0.00393317,-0.26088816,-1.96255739,5028180.778837699,17143.49346759,4069871.44582,4069871.44582,,2026-06-23,,
1221,Obyte,GBYTE,obyte,5.348439624808324,3.62230035,-3.28238092,-4.65231433,5002109.042920181,16712.17883211,935246.42583947,1000000.0,1000000.0,2026-06-23,,
1222,Landwolf 0x67,WOLF,landwolf-coin,5.529629904372575e-06,-0.13302045,-5.27202318,-14.95711003,4988608.178191404,324246.39007812,902159505150.0,902159505150.0,1000000000000.0,2026-06-23,,
1223,PRIZM,PZM,prizm,0.0010588240080815188,0.01001201,3.1423959,19.08176256,4984656.386438025,199.93634983,4707728903.38,4707728903.38,6000000000.0,2026-06-23,,
1224,McDull,MCDULL,mcdull,6.595822897500399e-07,0.0,4.00186883,-1.70219374,4983510.633665942,0.0,7555555555554.0,8888888888888.0,8888888888888.0,2026-06-23,,
1225,Venus LINK,vLINK,venus-link,0.16051728292736217,-0.05204496,-0.41099518,-4.36144946,4961157.744828256,0.0,30907312.0,30907312.0,,2026-06-23,,
1226,Open Loot,OL,open-loot,0.006263750618121859,0.83704962,0.41553113,-2.98353625,4960632.642972477,1035285.62216201,791958835.1140146,5000000000.0,5000000000.0,2026-06-23,,
1227,ParagonsDAO,PDT,paragonsdao,0.060222893736913946,0.0,-0.34380477,0.17527424,4958175.167366016,0.0,82330403.93286309,84467740.26777703,162500000.0,2026-06-23,,
1228,World of Dypians,WOD,world-of-dypians,0.009157042231421874,0.1693054,-0.62699699,-17.96194365,4931799.475345672,2058137.52178184,538579964.0,1000000000.0,1000000000.0,2026-06-23,,
1229,Pangolin,PNG,pangolin,0.020948352872661623,-0.00651064,-0.61390062,-10.16937017,4915688.805512239,421367.58572794,234657533.0,230000000.0,538000000.0,2026-06-23,,
1230,Unstable Coin (usduc.io),USDUC,unstable-coin-sol,0.004909517864470209,0.04295938,-2.16081545,-0.25263441,4909106.614857853,1074137.13017996,999916234.216127,999916234.216127,1000000000.0,2026-06-23,,
1231,Giant Mammoth,GMMT,giant-mammoth,0.002327538883944418,-0.34448459,0.71376042,-6.40932128,4887831.656283278,132768.20172097,2100000000.0,3000000000.0,3000000000.0,2026-06-23,,
1232,REI Network,REI,rei-network,0.005137093390635226,1.74117902,88.31322856,71.73775204,4880238.721103464,135787.28970499,950000000.0,1000000000.0,,2026-06-23,,
1233,Klever Coin,KLV,klever,0.0005484433534868799,-0.83183676,-2.71836148,-4.3063328,4870604.987806346,106125.70019684,8880780406.65482,10000000000.0,10000000000.0,2026-06-23,,
1234,Mamo,MAMO,mamo,0.00818743819962416,0.23263124,-4.51928423,-5.45554635,4868137.20912108,857267.29495662,594586131.88,1000000000.0,1000000000.0,2026-06-23,,
1235,Viction,VIC,viction,0.038315935532117824,1.48638193,-0.83539527,12.01443614,4866004.042711881,17331623.19909839,126996874.15,210000000.0,210000000.0,2026-06-23,,
1236,Decentrawood,DEOD,decentrawood,0.010461720453684428,0.2903928,-2.56797624,20.89916986,4858366.998244443,345618.8068048,464394649.02098525,1890000000.0,1890000000.0,2026-06-23,,
1237,Lava Network,LAVA,lava-network,0.01836399898475193,-0.01019453,1.29840525,2.97710093,4857396.564904315,385433.68807057,264506471.0,961180567.220062,,2026-06-23,,
1238,crow with knife,CAW,crow-with-knife,6.298468023868464e-09,-0.46508087,1.48976979,-2.37350578,4848947.396423026,85602.83338215,769861397731578.0,777777777777777.0,777777777777777.0,2026-06-23,,
1239,Amaterasu Omikami,OMIKAMI,amaterasu-omikami,0.005112342212976394,0.17067755,3.32920181,4.35715384,4841265.435711298,109332.54958072,946976011.0,999476011.0,1000000000.0,2026-06-23,,
1240,Galeon,GALEON,galeon,0.0058638936194916865,-0.00744262,-0.35493162,-6.72396639,4836413.602460025,27824.66531852,824778537.3158374,3931074356.4648747,4000000000.0,2026-06-23,,
1241,Nomina,NOM,nomina,0.001665303709916976,0.19893105,2.22962065,-0.32316219,4829380.75875923,20953500.37395134,2900000000.0,7500000000.0,7500000000.0,2026-06-23,,
1242,NeuralAI,NEURAL,neuralai,0.48252895249888456,0.00595427,1.83958169,-12.2849172,4825289.524988846,75976.3714521,10000000.0,10000000.0,,2026-06-23,,
1243,Lingo,LINGO,lingo,0.009864888551283948,0.0677343,-2.1268434,34.0542463,4796369.314995741,164347.69217256,486206133.0,486206133.0,1000000000.0,2026-06-23,,
1244,Eli Lilly Tokenized Stock (Ondo),LLYon,eli-lilly-tokenized-stock-ondo,1105.725458407899,-0.1028466,0.28757871,-2.54446613,4795435.338080288,2890469.97001963,4336.91320175,4336.91320175,,2026-06-23,,
1245,Alitas,ALT,alitas,0.006306409231120773,0.18152006,-3.35121302,-3.326779,4792871.015651788,1948.04230348,760000000.0,1000000000.0,1000000000.0,2026-06-23,,
1246,OVERTAKE,TAKE,overtake,0.01644762658838993,0.75462118,-5.98888167,-17.04228373,4778269.162462963,545735.69259615,290514205.0,1000000000.0,1000000000.0,2026-06-23,,
1247,AIVille Governance Token,AIV,aiville,0.0017149297536979977,1.33325778,-2.95274753,-2.15050783,4762634.314779932,791.50573224,2777160000.0,10000000000.0,10000000000.0,2026-06-23,,
1248,NEM,XEM,nem,0.0005275736113526945,-0.06010126,-0.31562932,-4.07117772,4748162.501646677,203903.62840386,8999999999.0,8999999999.0,8999999999.0,2026-06-23,,
1249,OORT,OORT,oortech,0.006021408459082914,0.00203251,-4.00166914,-12.75769574,4727028.330816559,281067.63321345,785036983.1141641,2000000000.0,2000000000.0,2026-06-23,,
1250,Zypher Network,POP,zypher-network,0.00197955383472063,-0.10378875,0.8549748,3.16000283,4726184.782375058,3527635.6295087,2387500001.0,10000000000.0,10000000000.0,2026-06-23,,
1251,Boson Protocol,BOSON,boson-protocol,0.02768429761268284,0.02368839,1.86065693,-21.7528328,4719162.129065912,71680.43053556,170463495.0501309,200000000.0,200000000.0,2026-06-23,,
1252,SpaceX tokenized stock (PreStocks),SPACEX,spacex-tokenized-stock-prestocks,536.1816456982741,-0.00610444,-2.64652474,-25.60191846,4687658.725752597,19111.63425008,8742.66913715,8742.66913715,,2026-06-23,,
1253,Solv Protocol,SOLV,solv-protocol,0.003160416235629658,0.30217452,-2.88569394,-7.06334015,4685633.110944531,5061504.08236389,1482600000.0,9660000000.0,9660000000.0,2026-06-23,,
1254,doginme,DOGINME,doginme,6.924896416668606e-05,-0.067836,1.65372366,-3.38888493,4682563.580357615,241195.88289391,67619258088.6326,67619258088.6326,69000000000.0,2026-06-23,,
1255,VitaDAO,VITA,vitadao,0.32791028187318344,-0.43943863,6.35181155,10.92167561,4675002.992802219,17290.19354802,14256957.62297029,27219552.0,64298880.0,2026-06-23,,
1256,Rain Coin,RAIN,rain-coin,4.664825088116029,1.02290601,1.05639637,-1.33998558,4664825.088116029,7917.79573747,1000000.0,1000000.0,1000000.0,2026-06-23,,
1257,Ref Finance,REF,ref-finance,0.048505476218022966,0.0,-4.15921947,-14.16681141,4656292.105641895,0.0,95995183.81620954,99990506.14259167,99990506.14259167,2026-06-23,,
1258,Mitosis,MITO,mitosis,0.02562557323346444,0.96575291,2.83440678,29.42179871,4645226.638046805,10523594.60809564,181273082.0,1000000000.0,1000000000.0,2026-06-23,,
1259,NKN,NKN,nkn,0.005785780857304713,0.74372823,-6.61718206,-1.33918488,4640102.74158403,135351.1509324,801983838.6595248,801983838.6595248,1000000000.0,2026-06-23,,
1260,Tokemak,TOKE,tokemak,0.05157044411034649,19.49716852,23.24834646,21.77280492,4635312.993497684,1059.0961815,89883131.19001643,100000000.0,100000000.0,2026-06-23,,
1261,Enzyme,MLN,enzyme,1.4141363643799842,-3.80236356,-2.48971398,-7.97722101,4633138.471891193,2134265.59283437,3276302.47590907,3276922.09158099,,2026-06-23,,
1262,Broccoli (firstbroccoli.com),BROCCOLI,broccoli,0.004626542149815895,0.234594,0.14057306,-6.53504201,4626542.149815895,2274072.82148103,1000000000.0,1000000000.0,1000000000.0,2026-06-23,,
1263,Soil,SOIL,soil,0.06637213189286095,-0.1425974,-0.15689503,-0.0280183,4620055.927963936,127655.59642645,69608370.20305014,99000000.0,100000000.0,2026-06-23,,
1264,Koma Inu,KOMA,koma-inu,0.007658143863197137,1.0198544,-17.05517685,12.6872747,4614366.63879505,1673830.71976175,602543739.2173297,605954353.425861,1000000000.0,2026-06-23,,
1265,Robinhood Markets Tokenized Stock (Ondo),HOODon,robinhood-markets-tokenized-stock-ondo,101.50617760375543,-1.46755833,-5.48855055,4.64452333,4599733.686512566,2669811.77712678,45314.8152664,45314.8152664,,2026-06-23,,
1266,Purple Pepe,$PURPE,purple-pepe,1.1018664275533777e-05,-0.67214759,-5.74335613,-13.96540411,4597138.814167007,259463.17619638,417213801892.0,420683240832.10004,420690000000.0,2026-06-23,,
1267,ANDY (ETH),ANDY,boysclubandy,4.590108933731217e-06,-0.07876944,-3.10378451,-13.65881844,4590108.933731217,42647.31569036,1000000000000.0,1000000000000.0,1000000000000.0,2026-06-23,,
1268,Qualcomm Tokenized Stock (Ondo),QCOMon,qualcomm-tokenized-stock-ondo,221.22305023324319,-0.43396792,-2.13040404,-1.3892208,4583203.184907889,1483841.73637723,20717.56618524,20717.56618524,,2026-06-23,,
1269,Nobody Sausage,NOBODY,nobody-sausage,0.00488948288078246,0.14290857,-6.57942626,-11.1145193,4576880.2653503865,335720.61481241,936066323.77,936066323.77,936066323.77,2026-06-23,,
1270,CateCoin,CATE,catecoin,7.986582919576772e-08,-0.08097593,0.46508912,-3.3604337,4574162.899029349,239.78257512,57273090946281.0,60000000000000.0,,2026-06-23,,
1271,SUNDOG,SUNDOG,sundog,0.004580298223217091,-0.56692505,-1.61155363,-4.76980378,4568483.8294619145,4851471.79097883,997420606.0,1000000000.0,1000000000.0,2026-06-23,,
1272,Sport.Fun,FUN,sport-fun,0.025605360429119286,0.09802067,-9.35043963,-23.92055912,4557754.156383233,1423464.09183666,178000000.0,1000000000.0,1000000000.0,2026-06-23,,
1273,PumpBTC (Governance token),PUMP,pumpbtc-pump,0.009069792973653153,0.74826582,-4.091101,-12.78989574,4553341.566526487,2777972.35405049,502033682.5497,1000000000.0,1000000000.0,2026-06-23,,
1274,MonaCoin,MONA,monacoin,0.06906241933029694,0.06375106,1.26163373,-10.69981753,4539450.368396685,9627.10881474,65729674.871168,65729674.871168,105120000.0,2026-06-23,,
1275,Covalent X Token,CXT,covalent-x,0.004691573621261817,0.12925289,0.5835177,-0.27397383,4537438.307129281,248258.8283029,967146350.7608603,1000000000.0,1000000000.0,2026-06-23,,
1276,Argentine Football Association Fan Token,ARG,argentinefootballassociationfantoken,0.2425745252633278,1.1374369,2.78837331,-12.25256774,4525800.002092476,2032523.50561675,18657359.0,20000000.0,20000000.0,2026-06-23,,
1277,Unibright,UBT,unibright,0.030028636323120285,-4.121e-05,11.81382103,-5.67248083,4504295.425751179,1.22279517,149999999.24349335,150000000.0,150000000.0,2026-06-23,,
1278,Milady Meme Coin,LADYS,milady-meme-coin,6.130119780893774e-09,-0.38825507,-3.16874224,-7.7188476,4501751.685431289,484245.50596955,734366023232083.0,888000888000888.0,888000888000888.0,2026-06-23,,
1279,Neon EVM,NEON,neon,0.01879830196331136,-0.47200392,-2.37067243,-10.1055987,4501545.286349489,506906.17963866,239465527.0,1000000000.0,1000000000.0,2026-06-23,,
1280,Splintershards,SPS,splintershards,0.0029450512452290664,0.69479333,-1.35554953,-9.2088289,4487133.439050385,7596.83378099,1523618119.1479998,2752277675.4830003,3000000000.0,2026-06-23,,
1281,Cratos,CRTS,cratos,6.984748252427908e-05,-0.76210936,-0.65276094,-1.16071055,4461565.69606703,232133.47754064,63875826799.0,100000000000.0,100000000000.0,2026-06-23,,
1282,Manyu (manyushiba.com),MANYU,manyu-ethereum,4.479412905713268e-09,-0.58069006,-1.83015994,5.24852045,4479412.905713268,3597148.469326,1000000000000000.0,1000000000000000.0,1000000000000000.0,2026-06-23,,
1283,Fwog (SOL),FWOG,fwog-solana,0.004582850942509276,0.24860331,-1.16638273,-6.60441323,4471191.282470146,1908175.67771067,975635328.0,975635328.0,975635328.0,2026-06-23,,
1284,TrustSwap,SWAP,trustswap,0.04459788751312228,0.22246616,-3.21523188,-3.65234356,4459573.075928215,250043.64881382,99995164.0,99995164.26708125,,2026-06-23,,
1285,LeverUp,LV,leverup,0.04930509846340447,0.08504295,-0.88316966,-5.75037594,4437458.861706402,14518.03192986,90000000.0,1000000000.0,1000000000.0,2026-06-23,,
1286,Avalon Labs (AVL),AVL,avalon-labs-avl,0.027301770410147218,-0.42701251,-2.29258332,-9.51038173,4414259.392390702,6730474.80889283,161683998.0,162250000.8,1000000000.0,2026-06-23,,
1287,雪球,雪球,xue-qiu,0.007918626170843723,-0.22072913,-2.82681959,-7.8032347,4416214.888246616,215017.50048396,557699630.3357596,557699630.3357596,1000000000.0,2026-06-23,,
1288,GamerCoin,GHX,gamercoin,0.006744945032186938,0.02551086,1.14541587,-6.4993222,4383979.02987321,235806.72941665,649965123.3557609,808000000.0,808000000.0,2026-06-23,,
1289,Bitrue Coin,BTR,bitrue-coin,0.01215043257975807,0.13333357,0.69842743,-5.42671607,4356298.245645709,395640.80473306,358530300.6333334,801307097.3484074,1000000000.0,2026-06-23,,
1290,EarthMeta,EMT,earthmeta,0.003022544516784188,-2.10589899,1.22875839,2.00444627,4345027.6371531775,8252.71897952,1437539666.67,2100000000.0,2100000000.0,2026-06-23,,
1291,Gearbox Protocol,GEAR,gearbox-protocol,0.00043362245520928307,-0.00128362,1.65407066,-0.25480073,4336224.552092831,119.15419226,10000000000.0,10000000000.0,10000000000.0,2026-06-23,,
1292,NFPrompt,NFP,nfprompt,0.007388508447774297,0.48643988,-2.67040457,0.19863004,4327073.404890729,3407314.66896552,585649111.1131111,946000000.0,1000000000.0,2026-06-23,,
1293,Keyboard Cat,KEYCAT,keyboard-cat,0.00042825653304222984,-0.13830435,-1.35304612,2.07878402,4282565.330422298,249166.087293,10000000000.0,10000000000.0,10000000000.0,2026-06-23,,
1294,Diamond,DMD,diamond,1.1587476194523763,-0.09576382,1.57171178,-1.67506382,4279791.120303005,23333.44523979,3693462.70788943,4380000.0,4380000.0,2026-06-23,,
1295,NVIDIA Tokenized bStocks,NVDAB,nvidia-tokenized-bstocks,206.40727473844686,-0.09770346,-1.12178286,-2.33733327,4252056.7966057155,1182037.98943893,20600.32429571,20600.32429571,,2026-06-23,,
1296,Pkoin,PKOIN,pocketnet,0.3048171625967362,0.00731039,-0.83631711,-6.74759326,4244328.124634734,29462.41998881,13924177.0,16609085.0,24375000.0,2026-06-23,,
1297,CLV,CLV,clover,0.0034511665039348364,-1.18472244,45.890137,-1.73984293,4224714.170260473,110743.22884524,1224140929.0,2000000000.0,,2026-06-23,,
1298,Propchain,PROPC,propchain,0.09766686024476678,0.04301458,-2.78467396,-4.07475034,4187084.844251971,74290.91919293,42871090.90799635,63763337.0,100000000.0,2026-06-23,,
1299,BTSE Token,BTSE,btse,0.956076041609892,0.57846932,0.94889582,-15.57782794,4163434.8552350546,3041916.74264396,4354711.0,165904711.0,,2026-06-23,,
1300,Steem Dollars,SBD,steem-dollars,0.4242281011046497,-0.02160568,0.03567919,0.95559163,4158135.424463183,1911307.43690676,9801650.135,9801650.135,,2026-06-23,,
1301,PlatON,LAT,platon,0.0005973727812007647,0.10724879,-3.34103143,-7.50202644,4132989.7510194215,1416709.04898605,6918610758.782477,10250000000.0,,2026-06-23,,
1302,Australian Digital Dollar,AUDD,novatti-australian-digital-dollar,0.7011177269572226,0.30240234,0.06540064,-0.74911678,4115084.2971845656,33683.46237365,5869320.0,5670229.704638,,2026-06-23,,
1303,AC Milan Fan Token,ACM,ac-milan-fan-token,0.3011249002356082,-0.56025241,-0.914549,-2.83677829,4105441.1320940075,2235216.40210372,13633682.0,19920000.0,19920000.0,2026-06-23,,
1304,Solana Name Service,SNS,sns,0.0009098167153105414,0.59904401,1.31871913,1.09020491,4094175.2188974363,63855.75363171,4500000000.0,10000000000.0,10000000000.0,2026-06-23,,
1305,SyncGPT,SYNC,sync-gpt,0.0204130650294856,0.0,0.0,-0.03589154,4082613.00589712,0.0,200000000.0,1000000000.0,1000000000.0,2026-06-23,,
1306,The Arena,ARENA,the-arena,0.0006753982091532387,0.0399183,0.15104037,12.9636509,4042038.5940336916,14442.7797105,5984674728.559442,10000000000.0,10000000000.0,2026-06-23,,
1307,Portal To Bitcoin,PTB,portaltobitcoin,0.0005205112268244403,0.16370838,-2.67996216,-4.49939191,4041303.820613986,1223690.2661335,7764105003.593035,8065769507.025996,8400000000.0,2026-06-23,,
1308,PIVX,PIVX,pivx,0.03853018503694188,0.1648257,-3.12350841,-25.52946396,4016122.2394243176,1944202.03786967,104233141.77115291,104233141.77115291,,2026-06-23,,
1309,Oraichain,ORAI,oraichain-token,0.2862043593862311,0.16845819,2.14316249,-12.93617159,3956403.202847443,191629.38945702,13823700.0,18014986.26,19779272.0,2026-06-23,,
1310,Rainbow,RNBW,rainbow,0.018832190781403385,0.17484112,-17.1679696,30.11539141,3954760.0640947106,2850979.28441398,210000000.0,1000000000.0,1000000000.0,2026-06-23,,
1311,Altura,ALU,altura,0.003982601019317568,0.01336093,-3.54522866,-3.57110058,3942775.009124392,2268581.64883439,990000000.0,990000000.0,990000000.0,2026-06-23,,
1312,Coca-Cola Tokenized Stock (Ondo),KOon,coca-cola-tokenized-stock-ondo,81.17827868270264,-0.04179831,0.32693223,-1.45179297,3931454.3879357358,1752281.02935517,48429.88114225,48429.88114225,,2026-06-23,,
1313,PussFi,PUSS,pussfi,0.0044738053638190365,-0.01006144,1.49103905,2.93699919,3931690.303286032,996324.07851338,878824621.0,1000000000.0,1000000000.0,2026-06-23,,
1314,错版马,哭哭马,crying-horse,0.00392088205153096,-1.07004972,-1.98767356,-17.48428728,3920882.05153096,410005.29968785,1000000000.0,1000000000.0,1000000000.0,2026-06-23,,
1315,DaGama World,DGMA,dagama-world,0.030005255262563132,0.1085225,-0.03121605,-0.50666656,3910170.0657464117,132408.30135272,130316174.00119376,700000000.0,700000000.0,2026-06-23,,
1316,ALTSEASON,ALTSZN,altseason,0.0039028595719949794,4.56242216,-2.1889434,-16.11902457,3902726.386912085,2133014.14020756,999965875.0,999965875.0,999965875.0,2026-06-23,,
1317,VestChain,VEST,vestchain,0.0009827243706142237,0.0,0.0,0.0,3877782.587367552,0.0,3945951381.0,3945951381.0,,2026-06-23,,
1318,Lockheed Tokenized Stock (Ondo),LMTon,lockheed-tokenized-stock-ondo,504.6569832927603,0.15140295,-2.9788025,-6.56674863,3865288.4303044253,2619456.31968044,7659.23896482,7659.23896482,,2026-06-23,,
1319,Inflation Hedging Coin,IHC,inflation-hedging-coin,3.228052737792962e-05,0.0,-0.20063078,-3.81503053,3862138.740784771,0.0,119642987723.47,621439126933.0,1000000000000.0,2026-06-23,,
1320,Sταking,SN88,staking,0.8566675632145401,-0.17992879,-1.54934197,-6.84911361,3861324.2098420006,220921.53609229,4507377.62890526,4507377.62890526,21000000.0,2026-06-23,,
1321,Rayls,RLS,rayls,0.002564889702315024,-0.55552436,-7.68763643,-2.31037823,3847334.553472536,1661947.09451327,1500000000.0,9971791866.82472,10000000000.0,2026-06-23,,
1322,Yee Token,YEE,yee-token,0.00385683911064017,-1.27712739,-4.12001927,-5.50720686,3856839.11064017,455697.96538989,1000000000.0,1000000000.0,1000000000.0,2026-06-23,,
1323,XBorg,XBG,xborg,0.016112152949156338,0.00091821,-10.4610912,-20.51449382,3845540.3600125103,2658.94291965,238673278.0,1000000000.0,1000000000.0,2026-06-23,,
1324,SpaceN,SN,spacen,0.0960437459982,-0.15038812,-0.54924291,-3.36274726,3842710.277387982,0.0,40010000.0,1000000000.0,1000000000.0,2026-06-23,,
1325,客服小何,客服小何,kefuxiaohe,0.0038193832638915085,-1.53847503,2.47172395,-23.1167474,3819383.2638915083,704881.62194023,1000000000.0,1000000000.0,1000000000.0,2026-06-23,,
1326,PepeFork,PORK,pepefork,9.335654444522736e-09,-1.04747734,2.91497949,-10.77011179,3805452.9731088784,6545.88082177,407625731620941.9,420690000000000.0,420690000000000.0,2026-06-23,,
1327,ASML Holding NV Tokenized Stock (Ondo),ASMLon,asml-holding-nv-tokenized-stock-ondo,1911.366914688102,-0.15734836,-0.1216638,0.54848255,3800658.0416780505,2268879.21237877,1988.45026168,1988.45026168,,2026-06-23,,
1328,DACXI,DXI,dacxi,0.0004524772889611948,0.0,1.80090855,2.44249524,3800262.0618727235,0.0,8398790734.0,10000000000.0,,2026-06-23,,
1329,Highstreet,HIGH,highstreet,0.0388500786658121,2.56564945,-0.09488003,-8.47490403,3791252.271012432,28817607.54502089,97586733.4433152,100000000.0,100000000.0,2026-06-23,,
1330,Bluzelle,BLZ,bluzelle,0.008028928608650942,0.42001034,0.77960462,-3.81801159,3785002.5409833924,58374.32626188,471420624.77740306,500000000.0,,2026-06-23,,
1331,Quantoz EURQ,EURQ,quantoz-eurq,1.1283596156501379,0.03633591,0.68030717,-3.0825148,3780303.7277261093,9738359.2929326,3350265.0,5000000.0,,2026-06-23,,
1332,Jager Hunter,JAGER,jager-hunter,2.85359052599529e-10,0.11078208,0.888273,-6.20513133,3767299.102771533,184746.72047073,1.3201961067828942e+16,1.3201961067828942e+16,1.46e+16,2026-06-23,,
1333,Quq,QUQ,quq,0.0037555865060690027,-0.00937005,-4.56618866,-1.10038887,3755586.5060690027,442603813.2252004,1000000000.0,1000000000.0,1000000000.0,2026-06-23,,
1334,Venus LTC,vLTC,venus-ltc,0.9048824914503029,0.03281217,-0.93953282,-2.58773589,3748365.325168923,0.0,4142378.0,4142378.0,,2026-06-23,,
1335,SPECTRE AI,SPECTRE,spectre-ai,0.3746845139343675,0.27368517,4.60518953,-1.96587516,3744286.4187980173,204415.48063141,9993171.0,10000000.0,10000000.0,2026-06-23,,
1336,Minutes Network Token,MNTX,minutes-network-token,0.04808606719980366,0.1133987,0.39495248,-1.06876133,3734903.4563246667,67702.69330376,77671219.0,93328736.60546489,500000000.0,2026-06-23,,
1337,GameStop (gamestop-coin.vip),GME,gamestop,9.066054144164491e-06,-0.24208189,-0.75284748,-7.11696669,3728845.259538346,34781.18112849,411297484026.0,411297484026.0,420690000000.0,2026-06-23,,
1338,LOFI,LOFI,lofitheyeti,0.003688593663930903,-0.20755723,-0.47897574,-10.21683431,3688593.663930903,13270.90423746,1000000000.0,1000000000.0,1000000000.0,2026-06-23,,
1339,Harvest Finance,FARM,harvest-finance,5.476536771624683,0.86504952,-1.04051909,-4.45021062,3681237.3851073124,101906.17983804,672183.450713,690420.0,,2026-06-23,,
1340,OneFootball Credits,OFC,onefootball-credits,0.02279632330604107,0.68147848,-4.55169719,-27.42575309,3676469.5183950826,3892398.97364447,161274670.0,1000000000.0,1000000000.0,2026-06-23,,
1341,BNBTiger,BNBTIGER,bnbtiger,8.65573e-19,0.64804288,-4.88206937,-0.50883118,3675003.3497355008,11247.99326723,4.2457462856807e+24,4.2457462856807e+24,1e+25,2026-06-23,,
1342,Swell Network,SWELL,swell-network,0.0007365322746750307,-0.31271847,-7.83689933,-16.08624327,3667357.161349557,1796151.40486433,4979221260.830221,10000000000.0,10000000000.0,2026-06-23,,
1343,NATIX Network,NATIX,natix-network,9.023206607817516e-05,0.04104064,2.02289528,-15.59490595,3663708.3281671912,156506.94322654,40603174541.0,99991483316.62,100000000000.0,2026-06-23,,
1344,Torch of Liberty,LIBERTY,torch-of-liberty,0.0036054782345501294,0.03502072,-6.70897279,2.94071523,3605478.2345501296,375832.45554924,1000000000.0,1000000000.0,1000000000.0,2026-06-23,,
1345,Dent,DENT,dent,3.6008165277191264e-05,0.44253981,-0.25134728,0.81894307,3600816.527719124,718461.86767905,99999999999.99994,99999999999.99994,100000000000.0,2026-06-23,,
1346,BeatSwap,BTX,beatswap,0.016017647247886388,-0.04510374,-0.18945584,-0.74316553,3600050.1994869863,313272.82802546,224755243.0,1500000000.0,1500000000.0,2026-06-23,,
1347,Arsenal Fan Token,AFC,arsenal-fan-token,0.16030961748961375,0.20527736,-0.72878238,-4.16904619,3598778.10307589,859639.76126479,22448922.02621,39266147.13,40000000.0,2026-06-23,,
1348,Sui Name Service,NS,sui-name-service,0.01197373686628906,0.11669329,0.84237679,-2.3983017,3584734.351605197,171402.56044078,299383090.8125,500000000.0,500000000.0,2026-06-23,,
1349,Suilend,SEND,suilend,0.05021208966509193,0.03330946,0.28489869,0.92990258,3565365.282453752,57838.11503174,71006112.39711934,100000000.0,100000000.0,2026-06-23,,
1350,Fei USD,FEI,fei-usd,0.9990686218568998,-0.00012569,-0.04591722,-0.00639473,3555166.7851478667,0.0,3558481.07664529,3813463.05256375,,2026-06-23,,
1351,DIMO,DIMO,dimo,0.00705687378429933,-0.13488933,-5.80849081,-9.80785631,3542123.7239294914,43957.30261161,501939503.55329835,1000000000.0,1000000000.0,2026-06-23,,
1352,Shadow Token,SHDW,genesysgo-shadow,0.020891001550921204,-0.04259498,-0.78760567,-2.05673792,3531742.103792046,9174.32881789,169055662.32349026,169055662.32349026,,2026-06-23,,
1353,SpaceChain,SPC,spacechain,0.011407400908287861,0.00311996,-4.40160191,-24.01515585,3504156.5532123446,0.0,307182730.0,391259213.0,,2026-06-23,,
1354,CeluvPlay,CELB,celuvplay,0.014659123234249583,0.05768811,-20.26245673,-0.6337529,3499865.672177088,1297.64923149,238750000.0,5000000000.0,5000000000.0,2026-06-23,,
1355,MECCA,MEA,mecca,0.0021574671198594654,0.6882972,0.4621977,-13.08692034,3497970.6584337805,74821.29545601,1621332082.530942,3999998752.530942,100000000000.0,2026-06-23,,
1356,iShares Russell 2000 Tokenized ETF (Ondo),IWMon,ishares-russell-2000-tokenized-etf-ondo,299.8142403605982,-0.14215243,0.45341173,0.64229887,3486472.6497552237,790124.87556346,11628.77602332,11628.77602332,,2026-06-23,,
1357,Suku,SUKU,suku,0.00538558225805115,-0.64157713,-1.28818195,-14.05029373,3484715.6521893465,131503.20489309,647045293.3812101,1500000000.0,,2026-06-23,,
1358,Coreum,COREUM,coreum,0.009017841562301178,-0.10356922,-4.37295189,-14.85551084,3469993.7232973897,439.65057486,384792048.0,897767382.677904,,2026-06-23,,
1359,Impossible Finance Launchpad,IDIA,impossible-decentralized-incubator-access,0.005102254867072764,0.0,-0.84107815,-3.41947708,3469533.3096094797,0.0,680000000.0,1000000000.0,1000000000.0,2026-06-23,,
1360,Tectonic,TONIC,tectonic,1.3989132741942772e-08,-0.04179083,-0.18230147,-4.23313737,3465582.1307248953,5545.45773528,247733879909099.0,500000000000000.0,,2026-06-23,,
1361,Ancient8,A8,ancient8,0.005957701342046193,-1.43549334,-7.0900834,-12.64056369,3375452.001760601,5415851.52082326,566569522.03,1000000000.0,1000000000.0,2026-06-23,,
1362,Humans.ai,HEART,humans-ai,0.00044091272670904717,0.07381852,-1.20468833,-8.77898424,3439119.268330568,77637.3335772,7800000000.0,7800000000.0,7800000000.0,2026-06-23,,
1363,ShareX,SHARE,sharex-network,0.19101636864386282,0.35435114,-1.44516974,0.1242971,3438294.6355895307,1584635.18014734,18000000.0,100000000.0,100000000.0,2026-06-23,,
1364,OctaSpace,OCTA,octaspace,0.08593042793028056,0.04593859,0.22901615,-7.71037085,3435872.4778749696,134718.43944061,39984352.0,44698071.58580668,48000000.0,2026-06-23,,
1365,CESS Network,CESS,cess-network,0.0012809601046871908,-0.18143432,-0.50669454,-4.01468447,3394544.277421056,220166.55504585,2650000000.0,10000000000.0,10000000000.0,2026-06-23,,
1366,Blockchain Foundation for Innovation & Collaboration,BFIC,best-fintech-investment-coin,0.31966127974041564,0.0059141,-5.67953537,-3.11573259,3381512.5534767266,318.27781169,10578424.0,21000000.0,21000000.0,2026-06-23,,
1367,Minima,MINIMA,minima-global,0.006082703989460619,-0.46346609,2.87481512,-17.97692733,3365967.1719195354,66831.32439104,553366920.0,999978200.0,1000000000.0,2026-06-23,,
1368,Wen,WEN,wen,4.618802606962138e-06,-1.91187622,-6.62360952,-5.19700949,3361180.9519289243,195912.37664708,727716951329.0,727716951329.0,727716951329.0,2026-06-23,,
1369,Tectum,TET,tectum,0.3382726469826155,-0.23153181,5.11318586,-12.77073829,3360572.5966299996,26346.09446273,9934508.82477857,10000000.0,10000000.0,2026-06-23,,
1370,BigONE Token,ONE,bigone-token,0.00039130769283134993,-0.23791184,0.05536304,-2.61414227,3359052.433417249,0.0,8584171727.145089,8584171727.145089,13508522147.21,2026-06-23,,
1371,iShares 0-3 Month Treasury Bond Tokenized ETF (Ondo),SGOVon,ishares-0-3-month-treasury-bond-tokenized-etf-ondo,101.10808522150215,-0.08539505,-0.08925779,0.32778377,3354612.4918277664,861370.8266636,33178.47909471,33178.47909471,,2026-06-23,,
1372,Nodle,NODL,nodleiot,0.0005493604350480006,0.09744548,-0.03952828,-1.98093528,3343005.6648811027,93172.52134531,6085268344.068146,7084691542.861646,,2026-06-23,,
1373,IBM Tokenized Stock (Ondo),IBMon,ibm-tokenized-stock-ondo,265.3247259843559,-0.9648743,5.66863841,-3.08651255,3333057.4438825017,2161981.03414617,12562.18180012,12562.18180012,,2026-06-23,,
1374,Observer,OBSR,observer,0.000510306812522604,-0.04672971,-0.66899256,-1.58036608,3320607.6981068198,2522.49492051,6507080871.0,14000000000.0,14000000000.0,2026-06-23,,
1375,QuStream,QST,qustream,0.004415810663227822,-0.08026452,21.41473941,-4.37477515,3318527.273925165,45116.75488129,751510317.58672,999983708.345397,999985719.0,2026-06-23,,
1376,Not Pixel,PX,not-pixel,0.016974581946722786,-0.07871994,3.16332673,0.4746999,3317330.48092027,2410.61250622,195429289.0,225000000.0,225000000.0,2026-06-23,,
1377,MEVerse,MEV,meverse,0.0019157654374732799,0.19149736,-1.94898652,-6.78049436,3307846.8823839743,57531.86681455,1726645035.8070574,1999999999.99999,,2026-06-23,,
1378,Hyperion,RION,hyperion-xyz,0.17410838929743164,0.0348374,-0.49086999,-2.62631995,3308059.396651201,242264.7845096,19000000.0,100000000.0,100000000.0,2026-06-23,,
1379,Strategy Stretch Preferred Tokenized Stock (Ondo),STRCon,strategy-stretch-perferred-tokenized-stock-ondo,90.43602314137985,-0.13544962,-0.23670674,-6.37055321,3298480.8711314686,1377698.35222024,36473.08623882,36473.08623882,,2026-06-23,,
1380,Shapeshift FOX Token,FOX,fox-token,0.004269554741304614,-0.01183015,-1.3206723,-6.8813464,3297319.556033422,8011.88404125,772286516.0,999089275.0,,2026-06-23,,
1381,Nine Chronicles,WNCG,wrapped-ncg,0.005225306841357163,1.85264528,-3.65810126,-4.52576644,3295752.7904847204,1375429.6129618,630729044.35,723789440.0,1000000000.0,2026-06-23,,
1382,0x0.ai,0x0,0x0-ai-ai-smart-contract,0.0037655389464027918,0.0,1.72119024,-9.53548094,3270609.5172246685,0.0,868563455.0,1000000000.0,1000000000.0,2026-06-23,,
1383,Oasys,OAS,oasys,0.00048555577529172484,-0.65188687,-0.5450612,-7.62345765,3270342.494833377,76724.18216605,6735256094.664996,10000000000.0,10000000000.0,2026-06-23,,
1384,ASD,ASD,bitmax-token,0.004944013563302694,-0.00776603,1.40788292,-0.45061796,3266090.8747809255,1158445.37944666,660615274.0,780615274.0,,2026-06-23,,
1385,Nakamoto Games,NAKA,nakamoto-games,0.03336083543455631,-0.1367914,-0.90334992,-11.72136321,3249345.3713257844,766199.72342338,97400000.0,180000000.0,180000000.0,2026-06-23,,
1386,Djed,DJED,djed,0.9841130637727702,0.12540155,1.10518244,0.56859835,3241081.969569411,13717.5685737,3293404.07,1000000000000.0,1000000000000.0,2026-06-23,,
1387,MileVerse,MVC,mileverse,0.0011715873724998408,-0.03998113,-0.16149646,-2.85283047,3234787.882312958,14038.07276607,2761029999.334,3000000000.0,3000000000.0,2026-06-23,,
1388,DeLorean,DMC,delorean,0.00046836071627722224,-0.55540895,-1.55785192,-4.32518292,3230940.0925409566,2793264.56569396,6898401126.0,12800000000.0,12800000000.0,2026-06-23,,
1389,DAR Open Network,D,mines-of-dalarnia,0.004309690983060593,-0.62412771,-3.37509885,-16.952573,3204339.103872699,973235.96544416,743519458.0,800000000.0,800000000.0,2026-06-23,,
1390,Gems,GEMS,gems-vip,0.005320826099649392,-0.07929128,-0.45756022,-1.94808928,3186457.64486084,282952.04542641,598865211.0,838059738.7,843303980.0,2026-06-23,,
1391,Parcl,PRCL,parcl,0.007686475735187679,1.25527302,2.68135324,-6.74334781,3169014.474725528,395842.52377918,412284457.0,1000000000.0,1000000000.0,2026-06-23,,
1392,The White Whale,WHITEWHALE,the-white-whale,0.003161066477158965,0.55558652,-2.93510879,-8.30048731,3160505.6344224545,804832.10321306,999822578.0,999822578.0,999822578.0,2026-06-23,,
1393,Vertcoin,VTC,vertcoin,0.042526342387731376,-0.08496241,1.21859887,-2.87318015,3155610.5067408616,7540.57119077,74203666.0,74203666.0,84000000.0,2026-06-23,,
1394,GAMEE,GMEE,gamee,0.0017766485193542927,0.01917331,0.572747,1.43434379,3134550.134548129,288704.28468521,1764305151.18846,3180000000.0,,2026-06-23,,
1395,Aavegotchi,GHST,aavegotchi,0.05936612549253648,0.08145091,-0.05607221,-1.01689958,3131432.586329758,159462.49299519,52747801.21406849,52747802.71425598,,2026-06-23,,
1396,Cisco Systems Tokenized Stock (Ondo),CSCOon,cisco-systems-tokenized-stock-ondo,122.8856325371924,0.15160023,2.20175838,1.18073134,3123875.7481464217,2105131.91463731,25421.00067883,25421.00067883,,2026-06-23,,
1397,Liqwid Finance,LQ,liqwid-finance,0.15453295386067076,-0.38115866,0.05590025,-5.69987488,3112663.6426454517,278154.44621435,20142394.0,21000000.0,21000000.0,2026-06-23,,
1398,iShares Core S&P MidCap Tokenized ETF (Ondo),IJHon,ishares-core-sp-midcap-tokenized-etf-ondo,76.76890709897711,-0.01940169,0.976807,-0.16014111,3110891.6597378836,824228.79650502,40522.80770035,40522.80770035,,2026-06-23,,
1399,Freya Protocol,FREYA,freya-by-virtuals,0.0056695560602862596,0.0,-2.04550528,2.98996268,3110318.0879743523,0.0,548599935.3214457,548599935.3214457,1000000000.0,2026-06-23,,
1400,Cryptex Finance,CTX,cryptex-finance,0.3305122619986493,0.03951291,-0.30213549,-11.5111484,3086523.3337131185,2046114.10299194,9338604.61045688,10000000.0,,2026-06-23,,
1401,GmeStop,GME,gme,0.00045071806538101003,0.11440006,-5.09507342,-3.29341815,3103290.432070784,684744.33329203,6885214218.0,6885214218.0,,2026-06-23,,
1402,Epic Private Internet Cash,EPIC,epic-cash,0.17926467714377928,-0.00912078,-1.08660656,-0.15512684,3097626.9345846083,3985.49392976,17279628.0,19287548.0,21000000.0,2026-06-23,,
1403,Pfizer Tokenized Stock (Ondo),PFEon,pfizer-tokenized-stock-ondo,25.975646155167734,-0.05880043,-1.4009913,-3.85420626,3089695.803910414,1442120.92913387,118945.86896718,118945.86896718,,2026-06-23,,
1404,Vara Network,VARA,vara-network,0.0005174280297272326,0.1406301,-0.12119103,-0.08605413,3086255.545082816,32067.57907531,5964608347.0,10032406684.0,,2026-06-23,,
1405,ABBC Coin,ABBC,abbc-coin,0.0034073894537329933,0.01080979,-1.37008235,-17.15587554,3084723.6280622664,269.11838413,905304095.6861483,907217636.86,1225109279.0,2026-06-23,,
1406,Bellscoin,BELLS,bellscoin,0.049944590741229034,-0.64165159,1.09101262,-3.21096866,3070722.8452053717,5836.44572621,61482591.0,61482591.0,,2026-06-23,,
1407,Aleph Cloud,ALEPH,aleph-im,0.012379814464673088,-0.00380942,1.04263929,-9.81018516,3060543.700819817,134210.57029695,247220482.1448135,500000000.0,500000000.0,2026-06-23,,
1408,Vameon,VON,vameon,6.119704497653189e-06,-0.22830163,-0.21685319,-12.3136321,3059852.2488265946,86478.88712934,500000000000.0,1000000000000.0,1000000000000.0,2026-06-23,,
1409,Counterparty,XCP,counterparty,1.1774222745734833,0.0,0.0,-3.75184549,3048556.008847787,0.0,2589178.13488123,2589178.13488123,,2026-06-23,,
1410,Ren,REN,ren,0.003070202374509843,-0.51240373,-4.40349735,0.7190391,3048336.427959986,10783.46572859,992878011.322186,999999632.80375,,2026-06-23,,
1411,Cointel,COLS,cointel,0.003953732002877608,-0.07369389,0.61026913,0.74190722,3029930.010797198,865365.48946633,766346836.0,10000000000.0,10000000000.0,2026-06-23,,
1412,American Coin,USA,american-coin,2.619754599309005e-07,1.05409185,1.93423056,12.63949396,3029112.1758228336,149029.70844442,11562579856227.0,11627052161940.7,11627052161940.7,2026-06-23,,
1413,ZenChain,ZTC,zenchain,0.0005433060164407613,-0.05373089,0.34127349,-0.68374626,3028922.0624387106,301617.34753657,5574983473.0,21000000000.0,21000000000.0,2026-06-23,,
1414,Pundi AI,PUNDIAI,pundi-ai,0.42793215271685225,0.180168,-1.47881644,-3.77204486,3020179.096200289,37829.6623168,7057612.0,8312980.0,18930226.0,2026-06-23,,
1415,Asteroid (Asteroid OG),ASTEROID,asteroideth-site,0.003019689007755193,-1.84072339,-3.89894202,-25.47876891,3019689.007755193,99210.35735087,1000000000.0,1000000000.0,1000000000.0,2026-06-23,,
1416,KARRAT,KARRAT,karrat,0.003641339880461509,3.07288876,0.91714734,-6.4130151,3012085.660796962,131313.31223301,827191572.2448864,1000000000.0,1000000000.0,2026-06-23,,
1417,PaLM AI,PALM,palm-ai,0.03903470006968688,0.00151887,-0.20827353,-9.77925609,3010588.9745539445,316.15829002,77125966.61891283,77125966.61891283,,2026-06-23,,
1418,Central African Republic Meme,CAR,central-african-republic-meme,0.0030286334759247976,-0.03608123,-14.04755682,78.20294675,3007306.754920951,8103.41344142,992958302.424715,992958302.424715,1000000000.0,2026-06-23,,
1419,Electra Protocol,XEP,electra-protocol,0.0001623604494406404,0.89929081,-3.54177655,-6.94816066,2992393.8537227507,114578.56438572,18430559068.0,18430559068.0,30000000560.0,2026-06-23,,
1420,Infrared,IR,infrared,0.014589000254214435,0.02337025,-0.95199609,-16.93587122,2990745.052113959,1458897.96802798,205000000.0,1000000000.0,1000000000.0,2026-06-23,,
1421,Ycash (y.cash),YEC,ycash,0.17770790233880626,0.00931038,-8.5899123,-25.65509736,2980955.9320789548,98.56984853,16774470.3125,16774470.3125,21000000.0,2026-06-23,,
1422,Star Atlas DAO,POLIS,star-atlas-polis,0.010226919198083703,-0.07090882,-9.83610995,-13.85715592,2976020.0210869326,25859.34091919,290998683.3224,360000000.0,,2026-06-23,,
1423,MarsDAO,MDAO,marsdao,0.042067790695000856,1.10355398,-4.22082163,28.44496148,2969944.789059977,37765.91150131,70599019.82,95968858.05331515,100000000.0,2026-06-23,,
1424,Marina Protocol,BAY,marina-protocol,0.014759617455158606,-1.82589444,-3.0763962,17.96206506,2951923.4910317212,557052.99354168,200000000.0,1000000000.0,1000000000.0,2026-06-23,,
1425,BitShares,BTS,bitshares,0.0009827855847210952,0.04657422,0.35967291,-0.81486572,2943501.7933747633,65482.84287481,2995060000.0,2995060000.0,3600570502.0,2026-06-23,,
1426,Buying.com,BUY,buying-com,0.008840166458149635,0.00193527,2.44297501,3.70706819,2933074.5681892345,11300.18574486,331789518.0,986800000.0,1000000000.0,2026-06-23,,
1427,Verified USD,USDV,verified-usd,0.17056051018743779,0.18791614,2.04574607,-0.50169668,2923716.711938674,0.71821242,17141815.0,17141815.0,,2026-06-23,,
1428,BitForex Token,BF,bitforex-token,0.0006802506394761733,0.0,0.0,0.0,2917645.130705033,0.0,4289073705.17397,10000000000.0,,2026-06-23,,
1429,Shido Network,SHIDO,shido-network,0.00012416787023177998,-0.30982343,1.12749131,-8.09504941,2915975.088584906,97249.17864884,23484135494.486244,24506232532.742493,,2026-06-23,,
1430,Fautor,FTR,fautor,0.0017898357660975001,-0.0397244,5.49769562,-6.67225012,2911590.4736690237,1074.2705936,1626736111.1111112,2500000000.0,2500000000.0,2026-06-23,,
1431,Star Atlas,ATLAS,star-atlas,0.00011823006927561146,0.06634491,-3.69235185,-8.6580637,2910984.4447186724,50004.937551,24621354470.6021,36000000000.0,,2026-06-23,,
1432,PIBBLE,PIB,pibble,9.781642988153633e-05,-0.1199503,2.78046705,4.76716861,2900110.5086605228,49408.97032701,29648500892.670006,29648500892.670006,30000000000.0,2026-06-23,,
1433,Dingocoin,DINGO,dingocoin,2.5148799205676397e-05,0.0712928,-3.90455541,-5.035759,2895203.9221294224,164832.04786945,115122948752.0,115122948752.0,,2026-06-23,,
1434,Numbers Protocol,NUM,numbers-protocol,0.003200283237458503,-0.40103527,-1.43682146,-3.81573271,2884326.739685018,111257.06448379,901272333.0,911335317.0,1000000000.0,2026-06-23,,
1435,Footballcoin (XFC),XFC,footballcoin,0.007266160487597626,0.05499608,-0.26007583,-1.32076688,2872080.4974919655,51963.41629734,395267968.8804323,1000000000.0,,2026-06-23,,
1436,HODL (hodl2013),HODL,hodl-2013,0.002865737009525544,-2.70120698,20.02181724,38.63693686,2865615.565322554,91415.55666764,999957622.0,999949071.665535,1000000000.0,2026-06-23,,
1437,Depinsim,ESIM,depinsim,0.021293594315935967,0.62988314,-12.36740822,-18.01288825,2863988.4354933877,250964.08218299,134500000.0,1000000000.0,1000000000.0,2026-06-23,,
1438,Major,MAJOR,major,0.034269253210528754,-0.37427943,-2.96562483,-3.64327372,2856337.731556148,869267.71653712,83349868.0,99999999.0,99999999.0,2026-06-23,,
1439,Neutrino Index,XTN,neutrino-usd,0.05497974743864664,-0.28808066,7.53369147,-3.85635388,2857887.6269954722,0.0,51980734.0,408891338.0,408891338.0,2026-06-23,,
1440,Alibaba Tokenized Stock (Ondo),BABAon,alibaba-tokenized-stock-ondo,101.8667597226372,-1.44838697,-2.61844789,-7.24019058,2857857.7247707015,2562343.28555952,28054.86041327,28054.86041327,,2026-06-23,,
1441,STAT,STAT,stat,0.03209343929470669,-0.98764868,-4.09596804,-3.46131745,2853694.9543024455,157797.08943796,88918327.7646755,96918327.764706,,2026-06-23,,
1442,PinLink,PIN,pinlink,0.032210038703449344,-0.28148796,-0.00385096,-19.05792969,2841139.01129489,192502.27939197,88206631.4,100000000.0,100000000.0,2026-06-23,,
1443,DAOBase,BEE,daobase,0.016303557005525333,-0.2444249,-2.75704704,9.95765042,2838285.9346627737,85451.43243918,174089981.32744092,1000000000.0,1000000000.0,2026-06-23,,
1444,Forest Protocol,FOREST,forest-protocol,0.025184446983787124,-0.76340041,-7.46303911,-13.82283555,2816884.2057166435,239493.76035198,111850151.30687825,1000000000.0,1000000000.0,2026-06-23,,
1445,MATH,MATH,math,0.024621361439615214,0.17939216,-8.26273823,-4.30065053,2815604.447676768,141299.77913081,114356164.04,200000000.0,,2026-06-23,,
1446,IBStoken,IBS,ibstoken,0.0006992590494321592,0.11980451,0.27966949,0.13458211,2814528.302701992,141421.82813868,4025015200.0,20000000000.0,20000000000.0,2026-06-23,,
1447,Odos,ODOS,odos,0.0007488102218161424,0.86524184,-2.70231464,-0.37342163,2790326.3812790667,174249.74139477,3726346542.80158,10000000000.0,10000000000.0,2026-06-23,,
1448,Super Micro Computer Tokenized Stock (Ondo),SMCIon,super-micro-computer-tokenized-stock-ondo,34.60960513976054,-1.14912712,13.4245449,12.01830834,2776506.3493306413,2366820.36795817,80223.57776457,80223.57776457,,2026-06-23,,
1449,B-Lucky,LUCKY,b-lucky,0.002775643040547093,0.57360889,-6.39287871,-13.28828678,2775643.040547093,165565.85686988,1000000000.0,1000000000.0,1000000000.0,2026-06-23,,
1450,BIDZ Coin,BIDZ,bidz-coin,0.0032540282970229466,0.0,-4.60603606,44.07036214,2765924.0524695045,0.0,850000000.0,13850000000.0,,2026-06-23,,
1451,PeiPei (ETH),PEIPEI,peipei-coin,6.532224597157978e-09,-0.59654362,-1.3096858,-6.72523288,2748004.6864359397,199863.73668145,420684354244576.0,420690000000000.0,420690000000000.0,2026-06-23,,
1452,Cross The Ages,CTA,cross-the-ages,0.005495579511057373,-0.0630957,0.88950914,-9.26476618,2747789.7555286866,367035.99626791,500000000.0,500000000.0,500000000.0,2026-06-23,,
1453,Syscoin,SYS,syscoin,0.0030595420674859064,0.0050236,-8.47173775,34.44976544,2744344.8979726327,142703.05302394,896978971.8327756,896978971.8327756,,2026-06-23,,
1454,Cult DAO,CULT,cult-dao,6.343005511250942e-07,-1.21448431,-0.17119403,-11.48007353,2739347.9107613917,53745.01919107,4318690730920.0,4957113505372.0,6666666666666.0,2026-06-23,,
1455,Beefy,BIFI,beefy-finance,34.21443213003798,-0.01493151,-0.03645307,-14.48431291,2737154.5704030385,18990.7577857,80000.0,80000.0,80000.0,2026-06-23,,
1456,PublicAI,PUBLIC,publicai,0.011396194756610386,0.38338572,-1.23007753,-5.86422527,2733458.703995953,813902.74690874,239857142.0,1000000000.0,1000000000.0,2026-06-23,,
1457,Procter & Gamble Tokenized Stock (Ondo),PGon,procter-gamble-tokenized-stock-ondo,151.03383996405333,0.02876816,-1.67115302,-1.43621065,2728675.08496696,2111754.37039418,18066.64708794,18066.64708794,,2026-06-23,,
1458,JPMorgan Chase Tokenized Stock (Ondo),JPMon,jpmorgan-chase-tokenized-stock-ondo,334.7350260381899,-0.03570663,2.22608349,3.72040569,2722859.85256634,1933995.32120669,8134.37388012,8134.37388012,,2026-06-23,,
1459,USD Coin (Wormhole),USDC(WormHole),usd-coin-wormhole-from-ethereum,0.9995589191846771,0.03104448,0.04938496,0.03457993,2713584.6199883134,44213.1423357,2714782.058272,235535.142707,,2026-06-23,,
1460,375ai,EAT,375ai,0.012547570444128558,0.09729076,-0.30719903,-5.27077315,2674466.8564243815,116187.59264889,213146191.79331702,999998043.7933258,1000000000.0,2026-06-23,,
1461,FEED EVERY GORILLA,FEG,feed-every-gorilla,3.09242786533274e-05,0.19001181,0.79572536,-3.08702064,2669618.3053249074,334370.33075034,86327585365.92932,96275483654.9579,100000000000.0,2026-06-23,,
1462,Nexa,NEXA,nexa,4.5272873153341885e-07,-0.049533,-2.84161243,-0.12307513,2652818.329867852,25448.13465576,5859620000000.0,10682285000000.0,21000000000000.0,2026-06-23,,
1463,Pain (paintoken.com),PAIN,pain,0.5305319237287743,0.00432012,-3.62255396,-6.80412942,2652589.8556960067,7879.6505456,4999868.50377,9999868.50377,10000000.0,2026-06-23,,
1464,Dora Factory,DORA,dora-factory-new,0.004906644312918233,3.24829734,3.16344064,-8.64171667,2636227.7056825096,65617.23073039,537277116.0,1000000000.0,1000000000.0,2026-06-23,,
1465,Kendu,KENDU,kendu,2.7750960165346343e-06,0.01659174,-0.28073357,-4.16539674,2631979.173424999,290.35985613,948428147258.0,996747147258.0,1000000000000.0,2026-06-23,,
1466,Zypto,ZYPTO,zypto,0.002935695593505059,-0.05980163,0.24514885,8.49506761,2631727.7827481846,102472.86381268,896457994.0,896457994.0,1000000000.0,2026-06-23,,
1467,BlackFort Exchange Network,BXN,blackfort-exchange-network,0.0005819227594638409,-0.20478587,-0.37756912,-2.63164702,2612594.4154459825,418125.65483231,4489589680.0,49999999999.0,49999999999.0,2026-06-23,,
1468,League of Traders,LOT,league-of-traders,0.006543186522674609,0.00564152,-0.65376047,-6.16129877,2600007.8923029555,251074.60814233,397361115.0,1000000000.0,1000000000.0,2026-06-23,,
1469,Roam,ROAM,roam,0.007337436273586613,-0.23854435,-2.11300155,-39.87106635,2591807.1556703346,1847733.60840622,353230618.847124,995634919.934432,1000000000.0,2026-06-23,,
1470,Xterio,XTER,xterio,0.01319610833617738,-0.26154183,3.14654931,-21.37714791,2587379.257918095,7070036.08784167,196071386.503,1000000000.0,1000000000.0,2026-06-23,,
1471,ROA CORE,ROA,roa-core,0.0034468970557698275,-0.32251219,-1.86270937,-7.10160553,2585172.7918273704,20771.58162212,750000000.0,949999869.89,1000000000.0,2026-06-23,,
1472,Inter Milan Fan Token,INTER,inter-milan-fan-token,0.2085284936121282,-0.66419273,-1.22211104,-3.04081912,2583281.632555605,236142.16143023,12388147.0,19728000.0,19728000.0,2026-06-23,,
1473,tao.bot,TAOBOT,tao-bot,0.03364650209114258,0.0,-6.62973838,-18.52690202,2579565.1715364316,0.0,76666667.0,100000000.0,100000000.0,2026-06-23,,
1474,Dimitra,DMTR,dimitra,0.005287933744675427,0.09063187,-2.3507346,-12.94582897,2572596.5904168915,149535.17755056,486503181.51344335,971071679.0,1000000000.0,2026-06-23,,
1475,trac (Ordinals),TRAC,trac,0.12203069354090368,0.00262359,0.17754635,-8.27751116,2562644.564358977,57079.32134125,21000000.0,21000000.0,21000000.0,2026-06-23,,
1476,GAIB,GAIB,gaib,0.012467467721521354,0.29778131,8.36695389,-15.45723962,2553732.1966679106,349412.59387923,204831667.0,1000000000.0,1000000000.0,2026-06-23,,
1477,LayerX,LX,bepro-network,0.00025508097701259315,-0.54296907,6.71480149,-26.29675515,2550809.7701259316,6291.41211969,10000000000.0,10000000000.0,10000000000.0,2026-06-23,,
1478,McDonald's Tokenized Stock (Ondo),MCDon,mcdonalds-tokenized-stock-ondo,274.8522559604068,-0.00816237,-3.51661011,-5.80137338,2550477.633015589,1619114.94519617,9279.44951408,9279.44951408,,2026-06-23,,
1479,Palantir Technologies Tokenized Stock (Ondo),PLTRon,palantir-technologies-tokenized-stock-ondo,118.27112120078672,-0.59286317,-6.80411613,-11.36733707,2543019.7786108367,3289285.81046221,21501.61216696,21501.61216696,,2026-06-23,,
1480,Sharp,SHARP,sharp-token,0.0009375885918444854,-0.20643492,-1.01158903,-2.66132761,2519524.8146645357,84210.42836183,2687239197.0,68230000000.0,100000000000.0,2026-06-23,,
1481,Novo Nordisk Tokenized Stock (Ondo),NVOon,novo-nordisk-tokenized-stock-ondo,46.131379493603326,0.04634555,2.68207533,2.81232122,2511722.67113583,1373167.87961296,54447.16153533,54447.16153533,,2026-06-23,,
1482,TokenFi,TOKEN,tokenfi,0.0025045425041716647,-0.3347138,-1.15172154,-3.93107899,2504592.06656328,7587918.56910595,1000019789.0,10000000000.0,10000000000.0,2026-06-23,,
1483,Measurable Data Token,MDT,measurable-data-token,0.0037008035203459837,0.06459503,-4.21392071,-3.0310497,2502324.2521666232,273297.11472817,676157012.5,1000000000.0,,2026-06-23,,
1484,Chevron Tokenized Stock (Ondo),CVXon,chevron-tokenized-stock-ondo,178.70626133252475,-0.08474203,0.34742955,-3.03427285,2478680.627212526,2519030.6167043,13870.13867746,13870.13867746,,2026-06-23,,
1485,LeisureMeta,LM,leisuremeta,0.0006909320023941094,-0.35632846,-4.56483982,-6.27235047,2465297.0884556067,50980.88543945,3568074832.13,4668074832.13,5000000000.0,2026-06-23,,
1486,ChainSwap,CSWAP,chain-swap,0.0026404755603718286,0.00183553,-3.63377486,-2.99834005,2440564.125910609,286.98753158,924289610.0,986613651.0,1000000000.0,2026-06-23,,
1487,Portugal National Team Fan Token,POR,portugal-national-team-fan-token,0.1875897713400785,0.04792564,-0.63522344,-20.84988347,2431991.3215529774,358740.97289686,12964413.2736004,19930000.0,20000000.0,2026-06-23,,
1488,Trias Token (New),TRIAS,trias-token,0.48527542977061316,0.00665372,16.26724717,35.26937586,2426377.148853066,72340.92885283,5000000.0,5000000.0,9999999.9,2026-06-23,,
1489,Validity,VAL,validity,0.47485692474510055,1.38230768,-2.81268738,0.27283347,2422252.1606606506,14258.79605303,5101014.71503421,5105175.61503421,9000000.0,2026-06-23,,
1490,Ampleforth Governance Token,FORTH,ampleforth-governance-token,0.16841379652047503,-0.03776006,-3.88319581,-6.49382774,2415652.4106387417,1486306.08727164,14343554.15380151,15297897.14455933,,2026-06-23,,
1491,Rupiah Token,IDRT,rupiah-token,1.3893766190880458e-05,0.0,0.0,0.0,2415527.20000796,0.0,173856905811.0,173856905811.0,,2026-06-23,,
1492,TrueFi,TRU,truefi-token,0.0019427074569271187,0.0567306,19.67031039,39.38447586,2413540.1737946672,447558.89660006,1242359041.34135,1257020975.20003,1450000000.0,2026-06-23,,
1493,Coinweb,CWEB,coinweb,0.0009827642663243186,0.16073426,-0.64924654,-4.07785124,2412969.5435806355,75062.02792777,2455288237.743414,7597398622.55741,,2026-06-23,,
1494,Vai,VAI,vai,0.9995074529333965,0.00477741,0.03094845,-0.02923891,2410438.8654986317,7297.27441079,2411626.705158,2411626.705158,8484461.449726,2026-06-23,,
1495,Dragonchain,DRGN,dragonchain,0.006475560437495261,0.02734241,-1.17048817,-30.51981842,2400960.7124683503,0.65985172,370772651.3625188,433494437.0,433494437.0,2026-06-23,,
1496,Kadena,KDA,kadena,0.007131627702754659,0.00189817,0.93910381,13.5032221,2391195.069206111,5049.76230287,335294433.31464,1000000000.0,1000000000.0,2026-06-23,,
1497,Stake DAO,SDT,stake-dao,0.10000356190300766,-0.04313292,2.80662141,-12.93247776,2389758.6138521275,2036.19094559,23896734.96,65085259.52,100000000.0,2026-06-23,,
1498,Walmart Tokenized Stock (Ondo),WMTon,walmart-tokenized-stock-ondo,118.13749247434659,0.03778196,0.60648556,-2.26281215,2377044.5768697164,1385801.6944609,20121.00076854,20121.00076854,,2026-06-23,,
1499,Guild of Guardians,GOG,guild-of-guardians,0.002755012778741874,-0.06630895,-0.69934296,-12.88389335,2376567.705221018,1392.02785197,862634004.299,1000000000.0,1000000000.0,2026-06-23,,
1500,StablR USD,USDR,stablr-usd,0.33694169794806716,-0.00017176,-1.57119326,-22.50299033,2364751.7257205113,239.26081315,7018281.62,21350569.926944,,2026-06-23,,
