rank,name,symbol,slug,price_usd,change_1h_pct,change_24h_pct,change_7d_pct,market_cap_usd,volume_24h_usd,circulating_supply,total_supply,max_supply,date_snapshot,fdv_usd,liq_mkt_cap_pct
1,Bitcoin,BTC,bitcoin,79688.72396649177,0.89334999,2.79748652,23.95321955,1599732406777.1902,56590843803.093956,20074765.0,20074765.0,21000000.0,2026-08-25,1673463203296.33,3.5375
2,Ethereum,ETH,ethereum,2489.7018984383744,0.34872119,1.32164767,30.56744892,300460467993.3203,22908656761.42936,120681302.5213096,120681302.5213096,,2026-08-25,300460467993.32,7.6245
3,Tether USDt,USDT,tether,1.000002572537854,0.00143178,-0.00813403,0.08941024,183231051411.76053,109572642602.92253,183230580044.15735,189343108850.69437,,2026-08-25,189343595943.01,59.8003
4,BNB,BNB,bnb,710.0063936223039,0.59401547,1.01241599,17.46698689,94546521803.09024,1957002473.1296124,133162916.07,133162916.07,133162917.6,2026-08-25,94546522889.4,2.0699
5,XRP,XRP,xrp,1.5040300599795238,1.15638474,0.81978824,50.29789109,94369621395.93909,6488376841.912757,62744504852.0,99985627691.0,100000000000.0,2026-08-25,150403005997.95,6.8755
6,USDC,USDC,usd-coin,1.0002621819525381,0.01876389,0.02336481,0.0380984,73777947534.98413,22003872005.63234,73758609358.76596,73758609358.76596,,2026-08-25,73777947534.98,29.8245
7,Solana,SOL,solana,101.679706560116,1.11381116,6.93258251,34.00200276,59317573181.1709,6792478312.568558,583376714.8619831,632860307.0294619,,2026-08-25,64349050312.3,11.451
8,TRON,TRX,tron,0.34574726914028964,0.26099881,0.60691937,4.47150634,32817916606.79313,494037947.6176817,94918802072.95868,94918799426.93408,,2026-08-25,32817915691.94,1.5054
9,Hyperliquid,HYPE,hyperliquid,79.28643683297011,0.57795632,-2.24599701,33.40984722,19979355747.91966,928417714.2732005,251989577.86448961,952260637.934647,952260709.1580404,2026-08-25,75601080344.08,4.6544
10,Dogecoin,DOGE,dogecoin,0.09128119885562941,1.16209588,-0.86054471,29.93462719,14206337281.414814,1365100062.807012,155632676383.7052,155632676383.7052,,2026-08-25,14206337281.41,9.6091
11,Zcash,ZEC,zcash,835.2141025483777,0.46480403,0.37761405,62.30598842,14062130296.230246,1414562641.5199451,16836557.5405448,16836557.5405448,21000000.0,2026-08-25,17541483370.29,10.0593
12,Chainlink,LINK,chainlink,11.729230385572231,0.80783742,1.77807803,23.53032117,8774636904.553236,515109372.3787617,748099970.424884,1000000000.0,1000000000.0,2026-08-25,11730105587.77,5.8709
13,UNUS SED LEO,LEO,unus-sed-leo,9.262615993334045,-0.15654025,-2.37996893,-1.45608493,8520776430.568649,412733.82516007,919910361.9,985239504.0,,2026-08-25,9125988477.3,0.0048
14,Monero,XMR,monero,440.8967063561653,-0.42464682,5.42851997,6.49493232,8286961289.151835,115489350.54275523,18795697.88044064,18795697.88044064,,2026-08-25,8285591091.78,1.3941
15,Cardano,ADA,cardano,0.22465853044356834,1.22676065,0.58554312,28.88066328,8244876840.999725,629571440.7224789,36699593933.60647,44994528767.06798,45000000000.0,2026-08-25,10110524796.95,7.6364
16,Stellar,XLM,stellar,0.19672282571298785,1.41498329,0.10540893,25.06437326,6806334031.539881,250876955.78458115,34598598341.964134,50001786839.912476,50001806812.0,2026-08-25,9828494540.19,3.688
17,Bitcoin Cash,BCH,bitcoin-cash,276.23025499628085,1.71977998,0.37157208,34.9944621,5546669854.762992,313994690.3220846,20079878.125,20079878.125,21000000.0,2026-08-25,5801492691.77,5.6608
18,Canton,CC,canton-network,0.12362625571981949,-0.61748733,2.66875116,36.65990952,4873046303.431009,39257495.95400674,39417567692.699875,39417567692.699875,,2026-08-25,4881695307.34,0.8041
19,Dai,DAI,multi-collateral-dai,1.0001028825847653,0.03054926,0.01100049,0.02900105,4579445622.336375,29822441.74559246,4578974525.601606,4578974525.601606,,2026-08-25,4579747924.34,0.6512
20,Ethena USDe,USDe,ethena-usde,0.9997882733336656,-4.99e-05,-0.00395906,-0.03105385,4069419156.148861,36414225.79625139,4070280943.1640015,4070280943.1640015,,2026-08-25,4069272869.49,0.8948
21,Gram (prev. Toncoin),GRAM,gram,1.4672749423929412,0.47346194,-1.10518472,11.04164763,4055914622.7005253,68051282.98818901,2764249906.7596955,5237168805.598282,,2026-08-25,7682168210.13,1.6786
22,Litecoin,LTC,litecoin,52.178661611477374,0.88407948,0.28393996,17.09596871,4045670464.849264,446542979.4125066,77534960.45899664,84000000.0,84000000.0,2026-08-25,4383278384.41,11.0378
23,World Liberty Financial USD,USD1,usd1,0.999858201967109,-0.00192007,-0.01085591,0.08148282,4013806509.0479703,1458471504.647,4014375739.6311355,4014375739.6311355,,2026-08-25,4013876253.68,36.3405
24,Hedera,HBAR,hedera,0.08034253884430398,1.18894025,1.65758712,21.78148534,3521537608.395761,114930853.24582835,43831545020.255806,50000000000.0,50000000000.0,2026-08-25,4014164567.08,3.2676
25,Global Dollar,USDG,global-dollar-usdg,1.0002067145270204,0.0429285,-0.01468924,0.03857982,3397179994.6163926,323968692.5176335,3396477893.295145,3396477893.295145,,2026-08-25,3397172856.91,9.5358
26,Sui,SUI,sui,0.8122535005968052,1.43305572,-3.1493483,20.47775972,3309551163.548435,716451034.0143058,4074529886.4415293,10000000000.0,10000000000.0,2026-08-25,8113419008.62,21.6896
27,Avalanche,AVAX,avalanche,7.604390979429918,0.68762649,0.71127102,19.0079474,3283362806.746755,329605010.89350766,431771961.1772119,463441061.1772119,715748719.0,2026-08-25,5442833102.3,10.0386
28,Shiba Inu,SHIB,shiba-inu,5.511815936166171e-06,0.68481998,0.01458536,23.33398504,3247778800.795849,128840102.08348008,589239342969586.1,589496247455505.8,589552695333683.0,2026-08-25,3250264239.89,3.9684
29,Cronos,CRO,cronos,0.06119517758762978,1.8664465,2.87931266,30.13157009,2968655734.7331038,13826632.22134588,48511269216.95867,98877941005.52063,100000000000.0,2026-08-25,6124197049.91,0.4654
30,Tether Gold,XAUt,tether-gold,4659.608516812501,-0.13199619,1.18864417,5.73795913,2855518343.2595115,329620335.3982894,612823.659532,707747.089,,2026-08-25,3298266832.99,11.5528
31,PayPal USD,PYUSD,paypal-usd,0.9998511840493643,0.00170619,-0.00254018,-0.00426945,2797989236.2775884,120383122.4295852,2798405683.6796694,2798405683.6796694,,2026-08-25,2797835035.63,4.3084
32,Uniswap,UNI,uniswap,4.339816840069762,0.26978349,-2.88105323,32.42248949,2705235345.789226,384474277.0531893,623352423.7271129,890600420.0329479,,2026-08-25,3866343179.17,14.2037
33,Bittensor,TAO,bittensor,240.04658947683492,-0.30397886,-0.35605378,22.37087348,2704978339.285157,281225582.20749146,11268555.59656345,21000000.0,21000000.0,2026-08-25,5041561373.42,10.395
34,NEAR Protocol,NEAR,near-protocol,1.9589011696785297,0.22597771,-4.18266538,19.54554357,2555374773.4660945,400697268.3433747,1304493975.0,1304493975.0,,2026-08-25,2555815954.81,15.6899
35,OKB,OKB,okb,117.25592397634558,1.30381749,5.62014078,19.27915069,2462374403.5032573,52205431.26039184,21000000.0,21000000.0,21000000.0,2026-08-25,2462573428.42,2.1202
36,Ripple USD,RLUSD,ripple-usd,1.0000972552841796,-0.00262766,-0.00948223,-0.01057446,2072337786.3056178,579461908.2440124,2072136260.1047823,2072136260.1047823,,2026-08-25,2072498991.16,27.9589
37,Aave,AAVE,aave,133.25227006696875,0.67045526,-4.46487927,49.47716705,2055258924.0110757,631964905.8147769,15423819.21882578,16000000.0,,2026-08-25,2129009654.01,30.7906
38,PAX Gold,PAXG,pax-gold,4668.674845151064,-0.13231222,1.13362344,5.58703481,2017331034.7133138,262908888.93048522,432099.279051,432099.279051,,2026-08-25,2017461964.6,13.033
39,Aster,ASTER,aster,0.7038337506073112,0.04623742,3.8421849,17.1718476,1901955230.5735269,158039511.99387598,2702279094.9317255,7803968119.651995,8000000000.0,2026-08-25,5631269935.89,8.3085
40,Ondo,ONDO,ondo-finance,0.38934953410066964,2.10359061,3.38065152,16.20566013,1895871618.7915623,185708463.56518772,4869330647.0,10000000000.0,10000000000.0,2026-08-25,3903679912.26,9.7852
41,Pump.fun,PUMP,pump-fun,0.00480048729285724,1.63407071,-4.52243337,73.36086796,1870848961.4136367,337821490.44998074,389720636110.696,837982439781.9186,1000000000000.0,2026-08-25,4800261178.1,18.0416
42,World Liberty Financial,WLFI,world-liberty-financial-wlfi,0.05804731421559013,0.52123933,0.48442136,-4.22314901,1844547337.2428808,83668781.7071427,31776618129.0,100000000000.0,100000000000.0,2026-08-25,5804055660.27,4.5357
43,Mantle,MNT,mantle,0.5182659602600851,0.63211317,2.18099158,17.62342808,1711466769.2269402,55545657.06546864,3302294382.53684,6219316794.889999,6219316795.0,2026-08-25,3220432329.3,3.2504
44,Pepe,PEPE,pepe,4.091558146087538e-06,1.09816318,1.16743674,58.40171621,1692973650.2302675,577475887.1559712,413772355123227.6,413772355123227.6,413772355123227.6,2026-08-25,1692866267.16,34.1189
45,Sky,SKY,sky,0.0685179599542736,0.50326681,0.34077319,26.67686951,1605284730.8176236,26264424.8187043,23428670846.13921,23462665147.365967,23462665147.0,2026-08-25,1607192980.94,1.6446
46,Polkadot,DOT,polkadot-new,0.9073423060905758,0.98126804,-1.28511193,19.35988441,1542111362.025547,106056215.82417451,1699591600.2968843,1699591600.2968843,2100000000.0,2026-08-25,1903570160.03,6.8822
47,Ethena,ENA,ethena,0.15516329165703927,1.56960618,-4.55542063,86.27007918,1524964225.816839,877756797.9009675,9828125000.0,15000000000.0,15000000000.0,2026-08-25,2319913418.27,58.2577
48,MemeCore,M,memecore,1.1392612846649293,0.79697144,0.68947697,-0.78874988,1523190586.49431,5208519.78470334,1336998462.9489968,5406444323.00765,10000000000.0,2026-08-25,11388978579.25,0.3441
49,USDD,USDD,usdd,1.0003308563557007,-0.03852919,0.07338583,0.11958184,1487602425.9294538,1581666.81899672,1487110406.0,1487110406.0,,2026-08-25,1487230572.44,0.1064
50,Worldcoin,WLD,worldcoin-org,0.40970866129620787,1.53805767,2.09870928,20.4026439,1481650128.4699452,236959092.65257204,3616350515.467267,10000000000.0,,2026-08-25,4093929339.47,16.0169
51,Morpho,MORPHO,morpho,2.647372786717641,1.67888438,-5.27131594,22.83374859,1371914031.2154758,56891866.51809386,518217169.1492117,999999999.8010328,1000000000.0,2026-08-25,2643604350.0,4.1513
52,Internet Computer,ICP,internet-computer,2.424094913936856,-0.14347423,1.06554615,6.1859968,1347945146.6544414,55888603.0466866,556061208.2079362,556061208.2079362,,2026-08-25,1347176842.74,4.1496
53,Bitget Token,BGB,bitget-token-new,1.9259977375168074,0.79115558,0.09838283,14.94710752,1344580543.556877,9440989.14713919,698121559.2134845,910920874.6481038,919992035.98,2026-08-25,1771218363.11,0.7033
54,United Stables,U,united-stables,0.9994048506453339,0.01816088,-0.01632112,0.00394945,1286732953.4773448,241432113.10592753,1287499207.8,1287499207.8,,2026-08-25,1286601843.44,18.7604
55,Polygon (prev. MATIC),POL,polygon-ecosystem-token,0.11608837026960547,-0.07005752,8.09716477,44.53897684,1242434011.0351849,177740351.71698874,10702484737.70229,10702484747.70229,,2026-08-25,1241113867.96,14.3205
56,Ethereum Classic,ETC,ethereum-classic,7.817443340135239,0.70617856,-0.31579472,26.51278222,1234770603.763169,53769413.34709641,157950694.3688073,210700000.0,210700000.0,2026-08-25,1647118164.83,4.3534
57,KuCoin Token,KCS,kucoin-token,7.674866029694204,0.90108101,5.07345723,18.00429785,1052646413.6038684,30466932.82586296,137155021.2773955,142155021.2773955,200000000.0,2026-08-25,1534458410.04,2.8942
58,Pi,PI,pi,0.08988492418089455,0.34051335,-0.02635883,4.30690077,996975396.788815,8779801.73368697,11091686463.264845,100000000000.0,100000000000.0,2026-08-25,8988248861.41,0.8804
59,GateToken,GT,gatetoken,8.103691895591844,0.03415002,3.94763101,21.43734258,863888563.4518211,3050969.03610776,106604319.93,140052780.28,142622843.67,2026-08-25,1155059190.67,0.3527
60,Lighter,LIT,lighter,3.44329087170951,1.47520598,-3.5031673,48.29874434,860822717.9273775,187930024.29143178,250000000.0,1000000000.0,1000000000.0,2026-08-25,3439155730.14,21.8358
61,Algorand,ALGO,algorand,0.09264150927928866,0.71612464,-0.1481453,18.62973771,837062792.724155,32414096.61058978,9035504702.332092,10000000000.0,10000000000.0,2026-08-25,926286491.79,3.8726
62,JUST,JST,just,0.10122345911421232,0.29619159,-1.14806307,-5.50065397,828892895.9359286,35249665.33142844,8188743036.341737,8188743036.341737,,2026-08-25,828921104.52,4.252
63,Kaspa,KAS,kaspa,0.029430276963681234,0.66184674,1.88328947,14.46005236,814042150.0441321,16348610.62567394,27660023419.03578,27660023419.03578,28704026601.0,2026-08-25,844721434.4,2.0085
64,Venice Token,VVV,venice-token,16.815139524792848,0.31973791,1.3167347,27.44107906,804113253.6259459,28166752.43567786,47820789.85668435,80857860.35677435,,2026-08-25,1358425217.3,3.5104
65,Cosmos,ATOM,cosmos,1.5185440954099063,-0.29642622,-4.00266647,7.00225145,799561592.4010851,30740271.20849889,526531692.308386,526531692.308386,,2026-08-25,798560680.45,3.8537
66,Render,RENDER,render,1.5120738267014224,1.29650005,0.98479803,19.18981875,784421716.3724571,40324347.13200791,518772101.2826915,533532274.5626915,644168762.0,2026-08-25,973969879.67,5.1418
67,Stable,STABLE,stable,0.030477591470055167,3.04596404,1.37288442,0.31391131,783425453.9930601,14893415.83003089,25704966049.0,100000000000.0,,2026-08-25,3047946492.75,1.9022
68,Quant,QNT,quant,64.66905574553637,0.57083758,0.47680659,13.80938652,780732566.7232553,6790001.89171878,12072738.0,14881364.0,14881364.0,2026-08-25,962203306.37,0.8696
69,Jupiter,JUP,jupiter-ag,0.22029116444446642,2.99019753,3.40856245,30.85457977,731435610.0584056,38263662.77779768,3320312968.08,6862435229.582892,6864785739.32,2026-08-25,1512685884.4,5.2452
70,Arbitrum,ARB,arbitrum,0.09830971132893067,1.41721922,-2.36617411,30.88492932,656519717.00929,93432299.15944941,6678075931.0,10000000000.0,,2026-08-25,982611267.54,14.2462
71,Pudgy Penguins,PENGU,pudgy-penguins,0.01019960751203344,2.88381479,5.2661453,68.52078774,641151368.1693695,471543348.8616632,62860396090.04,76724221264.3,88888888888.0,2026-08-25,904405926.36,73.7731
72,XDC Network,XDC,xdc-network,0.030326294846949004,0.93497245,4.06166841,12.49405563,637505845.2772866,10696085.60835639,21021554017.55,38090769811.05,,2026-08-25,1155093713.36,1.6789
73,ether.fi,ETHFI,ether-fi-ethfi,0.6231067628274274,0.54571931,0.35698869,25.33097003,634427714.1880498,95395999.2256848,1018168558.0,1000000000.0,1000000000.0,2026-08-25,621310566.44,15.0533
74,Filecoin,FIL,filecoin,0.7569280430431925,0.5316078,-1.66654808,12.84560333,624826167.9068158,90604224.86409727,825476310.0,1957126810.0,,2026-08-25,1481470101.01,14.5069
75,OFFICIAL TRUMP,TRUMP,official-trump,2.4724972914579135,3.30404553,-4.44671227,76.82692394,620268921.1270351,667200413.5813576,250867381.440605,999999033.152971,999999033.180906,2026-08-25,2458796756.36,108.2548
76,Flare,FLR,flare,0.0069254831973252886,0.04560459,-2.29246112,16.4712153,602036285.7636944,3482977.87351624,86930582113.9251,106415759519.42531,,2026-08-25,736102346.57,0.5787
77,Injective,INJ,injective,5.772977892868529,0.6863387,7.61020026,41.8540075,577130110.2574656,165290593.4344537,99970954.5,100000000.0,,2026-08-25,576030611.66,28.6678
78,PancakeSwap,CAKE,pancakeswap,1.7786805893832607,0.69697315,1.80189383,21.41478134,570256457.7013792,31832497.30693785,320606443.3969619,332881515.3910391,400000000.0,2026-08-25,711021120.15,5.5882
79,Dash,DASH,dash,42.5738358271197,1.72906812,1.2312625,40.06386354,545688785.2806268,97593667.93570583,12817468.1627588,12817466.98129163,18900000.0,2026-08-25,803193257.86,17.8971
80,Nexo,NEXO,nexo,0.8375259767834949,-0.02096628,2.05365896,17.70933779,541163925.4343792,6556085.92105759,646145839.5746847,1000000000.0,1000000000.0,2026-08-25,838237458.96,1.2121
81,Aerodrome Finance,AERO,aerodrome-finance,0.5380363780366643,-0.76259559,13.37172352,31.65461594,526472928.2431866,118093374.17321281,978508052.1215432,1964174426.2984517,,2026-08-25,1053961972.02,22.4887
82,Virtuals Protocol,VIRTUAL,virtual-protocol,0.7980238695295572,0.31526566,9.71246889,38.40399797,525353566.5816617,210541529.38467616,658318111.3258713,1000000000.0,1000000000.0,2026-08-25,797655468.34,40.1081
83,Curve DAO Token,CRV,curve-dao-token,0.3378147769793676,-0.58783222,3.52255406,38.80183836,521215707.40597755,71650970.63121931,1542903812.7536125,2412658147.273988,3030303030.299,2026-08-25,1021883534.66,13.8103
84,Aptos,APT,aptos,0.6095040685674437,0.42214956,-3.23348867,14.61218098,522913918.9895329,77659045.47548303,857933434.6669266,1207683416.5510635,2100000000.0,2026-08-25,1277139191.21,14.845
85,币安人生,币安人生,bianrensheng,0.5137746153367908,0.79152708,-0.50629007,10.77978741,513774615.3367908,5922559.87694721,1000000000.0,1000000000.0,1000000000.0,2026-08-25,512929386.85,1.1602
86,TrueUSD,TUSD,trueusd,0.997944549142377,-0.0002497,-0.03249387,-0.03604965,493498631.5485401,32522061.80072351,494515083.0,494515083.0,,2026-08-25,493482519.82,6.5925
87,VeChain,VET,vechain,0.005707761313831983,0.4960104,0.11922437,28.64760238,490782091.5983307,13953934.62526926,85985041177.0,85985041177.0,86712634466.0,2026-08-25,494794088.78,2.8486
88,EURC,EURC,euro-coin,1.1661203003418337,-0.04717008,-0.23055353,0.67311103,459992280.26021475,62507542.02410157,394463830.2972461,394463830.2972461,,2026-08-25,460040435.91,13.4762
89,Stacks,STX,stacks,0.2373746773129708,1.92154771,5.33226824,96.14105635,430741463.4219666,30671875.44899126,1814605788.19049,1814570813.19049,,2026-08-25,429534457.88,7.1331
90,SPX6900,SPX,spx6900,0.4618828868161193,1.1975673,0.29175972,45.73955175,430009776.047391,8791485.41348123,930993090.07,930993090.07,1000000000.0,2026-08-25,462014874.31,2.044
91,LayerZero,ZRO,layerzero,1.1057436359670367,1.17109037,-5.42188474,42.77520492,408814247.4846118,58760631.51171888,369718833.7214169,1000000000.0,1000000000.0,2026-08-25,1104113267.45,14.4012
92,Pyth Network,PYTH,pyth-network,0.0509573440459461,1.64222878,-0.80447701,32.28981712,401287470.9959227,520825468.176658,7874968338.893381,9999981857.422035,10000000000.0,2026-08-25,508471280.03,130.0275
93,Artificial Superintelligence Alliance,FET,artificial-superintelligence-alliance,0.17479745243336392,0.8730126,6.14996994,41.75713778,395284636.50008214,161971716.7379426,2261386713.5779457,2714384546.672,2719493897.0,2026-08-25,474594653.71,41.0169
94,Monad,MON,monad,0.03172358738406277,0.79380996,5.35094677,47.36628483,375136655.2084606,65477094.40390869,11825165000.0,100682925000.0,114166666695.0,2026-08-25,3619593061.21,17.4851
95,Sei,SEI,sei,0.04729528452316672,0.69410831,-0.39039621,19.27873466,352822822.54282373,33954510.66004398,7460000000.0,10000000000.0,10000000000.0,2026-08-25,471983754.55,9.6456
96,First Digital USD,FDUSD,first-digital-usd,0.9991750492745739,0.01819433,0.10703168,0.17502885,350314390.6479593,331256761.32385397,350603621.359737,350603621.359737,,2026-08-25,350185392.39,94.6037
97,Celestia,TIA,celestia,0.37682827995826607,1.17069068,-0.0202593,24.41529362,346656768.7941138,26680033.72783504,919932996.62251,1168685161.483695,,2026-08-25,439683611.8,7.7101
98,Bitcoin SV,BSV,bitcoin-sv,16.905753742840144,0.88551272,-0.34998523,11.36976741,339370961.0379741,12577072.79353574,20074287.5,20074287.5,,2026-08-25,339580238.45,3.7063
99,Sun [New],SUN,sun-token,0.017598475034481455,0.30490119,-0.4523441,-0.99301173,338281089.84827805,14813013.38845791,19222181989.37517,19222181989.37517,19900730000.0,2026-08-25,350468576.96,4.4
100,Gnosis,GNO,gnosis-gno,123.04241809864867,0.25419007,-0.41766269,17.12969295,324771518.0099316,1537393.29066074,2639508.57784303,2999934.74577109,,2026-08-25,368987934.71,0.4727
101,Midnight,NIGHT,midnight-network,0.01950747112176902,0.61345931,-2.85443569,14.04243716,323968364.2226916,20321165.25025754,16607399401.0,24000000000.0,24000000000.0,2026-08-25,467982612.27,6.2637
102,Lido DAO,LDO,lido-dao,0.3766873392602755,1.24563113,-3.97240406,23.85460332,315023418.6624388,48041091.60550077,836299460.6643007,1000000000.0,,2026-08-25,376244798.05,15.2657
103,Pendle,PENDLE,pendle,1.7733473447909718,0.46512044,-3.10666985,33.7943947,305383632.43553036,64619248.00126801,172207454.63801205,281527448.45853144,,2026-08-25,498125592.6,21.0925
104,Terra Classic,LUNC,terra-luna,5.4708122316533914e-05,1.32599441,-0.4684155,14.90559596,301928643.61866385,17905836.91236428,5518899769064.36,6451507977241.462,6451507979945.87,2026-08-25,352671134.0,5.9456
105,Pieverse,PIEVERSE,pieverse,1.0362272979914195,0.81514297,10.67560353,6.21337492,300870896.39641017,30400154.62070791,290352220.0,1000000000.0,1000000000.0,2026-08-25,1036146979.65,10.105
106,Jito,JTO,jito,0.5802212336722595,0.49782659,-2.27531756,0.67091265,298161243.4890796,44120651.06610376,513875098.3,986522966.4114561,,2026-08-25,570793182.21,14.8333
107,BitTorrent [New],BTT,bittorrent-new,2.946735445481106e-07,-0.10663319,-0.63387252,13.07496374,290853952.42394495,6524926.38973105,987037885840674.8,987037885840674.8,,2026-08-25,290596323.05,2.2455
108,Bonk,BONK,bonk1,3.278345502471113e-06,1.86886077,1.85299061,41.69772212,288476647.51625746,69620380.35501103,87994583639464.75,87994583639464.75,88872433754423.19,2026-08-25,290995675.24,24.194
109,Falcon Finance,FF,falcon-finance-ff,0.09013186963871772,-0.11028002,3.02414618,39.67600364,276254180.4426698,25308524.57495241,3065000000.0,10000000000.0,10000000000.0,2026-08-25,900928414.86,9.1614
110,Plasma,XPL,plasma-xpl,0.09935681898373497,2.10503599,-0.99203204,30.05067524,275991163.8437105,118064580.29057616,2777777777.7778,10000000000.0,,2026-08-25,991140347.31,42.8651
111,AINFT,NFT,apenft,2.7818470190540784e-07,-0.03560716,-0.90349785,-0.20515963,275432229.23881805,5585796.79513121,990105592982874.8,990105592982874.8,999990000000000.0,2026-08-25,278397840.71,2.059
112,Immutable,IMX,immutable-x,0.13206588660925037,0.86655678,-1.51710115,24.45795224,264131773.21850073,12706281.09349636,2000000000.0,2000000000.0,2000000000.0,2026-08-25,263717381.0,4.7983
113,FLOKI,FLOKI,floki-inu,2.7255297169984196e-05,1.35236119,-0.02573943,34.82030317,259593014.44783285,40550683.27322106,9524497672097.236,9645365947891.795,,2026-08-25,262255703.44,15.6393
114,Conflux,CFX,conflux-network,0.04917785117418107,0.30819014,0.82087986,17.03152071,257408791.70853084,11838657.78232428,5234242358.35,5234242356.34,,2026-08-25,257348123.86,4.5993
115,Tezos,XTZ,tezos,0.23158505136492513,0.69171415,-0.62486093,16.19084225,253423625.8809352,7147963.46793631,1094300449.823065,1114281516.735887,,2026-08-25,257995455.76,2.8309
116,Optimism,OP,optimism-ethereum,0.10865063412795387,0.64503538,-2.35794389,28.77311259,248592089.26963064,46307876.96302821,2287994831.0,4294967296.0,4294967296.0,2026-08-25,465255574.26,18.5364
117,Ethereum Name Service,ENS,ethereum-name-service,5.844381272422694,0.67979476,1.22995575,50.52878058,245654213.3394764,25773608.53549533,42032544.06050145,100000000.0,,2026-08-25,583888780.85,10.5002
118,Decred,DCR,decred,13.97176847956762,0.57633721,-1.34755281,15.33603348,245520407.49069044,1323095.43130401,17572607.7804496,17572607.7804496,21000000.0,2026-08-25,293406556.51,0.5383
119,Maple Finance,SYRUP,maple-finance,0.20189029690851623,0.74009931,1.44260078,21.88033958,240453222.58096817,15971963.0279599,1191009306.8510675,1244677492.5110993,,2026-08-25,251452892.75,6.6296
120,JasmyCoin,JASMY,jasmy,0.004720940792334993,-0.15538123,8.45085936,27.7953574,233426915.95294043,15148269.42170013,49444999677.16958,50000000000.0,50000000000.0,2026-08-25,235833837.43,6.5146
121,Convex Finance,CVX,convex-finance,2.2303297908249755,1.26869095,6.75065335,42.53702494,222169501.324493,7270192.14609879,99612847.498358,99987195.79401822,,2026-08-25,221830031.76,3.288
122,Raydium,RAY,raydium,0.8199360393062191,4.53762741,8.02290132,32.54161564,220984098.05063578,19263555.53007127,269513824.807139,554997579.268986,555000000.0,2026-08-25,456192227.12,8.7379
123,IOTA,IOTA,iota,0.04584341884342322,1.10924452,0.6446847,40.63320069,211167106.46553606,6338994.35227726,4606268725.0,4600000000.0,,2026-08-25,210314860.94,3.0057
124,Kite,KITE,kite,0.11654369942695371,1.18596333,1.38871999,26.85920606,209778658.96851668,19086840.77949268,1800000000.0,10000000000.0,10000000000.0,2026-08-25,1165106789.33,9.1046
125,dogwifhat,WIF,dogwifhat,0.20786527532543686,2.59211282,3.41149875,50.87780761,207623909.51984268,63522113.52206078,998838835.36961,998838835.36961,998840592.989347,2026-08-25,207239806.32,30.6903
126,Kaia,KAIA,kaia,0.032101594656609285,0.76468092,0.96442972,35.39683742,205521871.97673234,7623710.96151033,6402232480.199178,6402232432.213281,,2026-08-25,205004324.33,3.7162
127,The Graph,GRT,the-graph,0.018099880790283074,1.73164709,4.06124512,34.78240251,198036594.0783928,15392068.03395337,10941320353.043917,11612995353.043709,,2026-08-25,209526022.46,7.7793
128,Compound,COMP,compound,19.737256970190945,0.2118374,-3.75274752,10.81719204,197372569.69928202,13913210.07015371,9999999.99986688,10000000.0,,2026-08-25,196976688.35,7.0493
129,DoubleZero,2Z,doublezero,0.05637358896405097,0.09601499,-0.96416964,15.1315841,195696263.2676134,5333580.75328446,3471417500.0,9998132362.7,10000000000.0,2026-08-25,562364541.96,2.7289
130,EigenCloud,EIGEN,eigencloud,0.22305601219952575,0.77836378,-2.11023539,29.84542694,195479387.07051843,21639593.69619221,876369057.0046605,1835064006.9192896,,2026-08-25,408743709.15,11.0793
131,Starknet,STRK,starknet-token,0.02721654056903429,0.61737634,-2.82166756,18.17673747,189848467.1594834,53076240.24171486,6975481203.348971,10152100000.0,,2026-08-25,275915310.4,27.9592
132,Zebec Network,ZBCN,zebec-network,0.0018903258883934205,-0.01685981,-0.52557656,19.92543961,189030271.56966522,9559155.49171969,99998774142.75969,99998774142.75969,100000000000.0,2026-08-25,188859750.02,5.0669
133,Theta Network,THETA,theta-network,0.18505931954022545,0.17404691,-0.34812739,35.06949722,185059319.54022545,5616365.22283509,1000000000.0,1000000000.0,1000000000.0,2026-08-25,184862867.59,3.0367
134,OriginTrail,TRAC,origintrail,0.3686224098333102,-2.56899469,-6.1391736,43.63764771,184311204.9166551,24272224.13586538,500000000.0,500000000.0,500000000.0,2026-08-25,184619747.26,13.0101
135,Fartcoin,FARTCOIN,fartcoin,0.18256275488533133,1.22935457,3.2039867,25.81237876,182562436.4958868,31572926.42599953,999998256.0,1000000000.0,1000000000.0,2026-08-25,182456912.99,17.3085
136,Trust Wallet Token,TWT,trust-wallet-token,0.4237195366893322,0.22421173,-1.60603405,10.01016486,182140298.45174873,4603448.20690518,429860515.46,999860531.46,999860531.46,2026-08-25,423521186.81,2.5265
137,Telcoin,TEL,telcoin,0.0018695174435400265,-1.04130778,5.88840678,33.95934657,179612479.8475077,1416078.18179688,96074246575.31,100000000000.0,100000000000.0,2026-08-25,186919370.66,0.7887
138,Axie Infinity,AXS,axie-infinity,0.9792265485720044,0.82975344,-1.8572154,15.13086749,170802941.08939844,22741040.7758493,174426379.00134403,270000000.0,,2026-08-25,264335351.28,13.3203
139,Akash Network,AKT,akash-network,0.573993653107418,0.59946081,2.26977585,12.91002783,170551077.6942226,5805052.66433469,297130598.519537,297130598.519537,388539008.0,2026-08-25,223093384.32,3.4039
140,Onyxcoin,XCN,onyxcoin,0.0037726812092506246,0.41337751,0.01756328,29.3479498,166412903.77213007,6200755.62022574,44109982938.41663,53402422627.32442,68892071756.90897,2026-08-25,259996805.21,3.7295
141,THORChain,RUNE,thorchain,0.4847710200141867,0.99656341,2.2165353,16.4475639,163917350.7822282,6803394.97444402,338133560.0,354017859.0,354196525.0,2026-08-25,171668871.36,4.1553
142,DeXe,DEXE,dexe,1.8896289125601133,0.43344329,0.01570188,-3.81416241,158225822.20483476,17163797.39511672,83733806.7559872,96504599.33609451,,2026-08-25,182105993.83,10.8497
143,Neo,NEO,neo,2.2018769849706548,0.31607668,0.87171402,30.90221743,155317828.52563456,6365443.6782511,70538831.0,100000000.0,,2026-08-25,219944026.3,4.1026
144,MX Token,MX,mx-token,1.6669542324353264,0.03732112,0.87859897,2.20304706,153088632.6068767,3713936.04612405,91837334.0,409024834.0,413787834.0,2026-08-25,689828638.76,2.4259
145,Arweave,AR,arweave,2.32361964074891,0.94038687,6.36576274,28.38636144,152551359.46120003,17637141.32494158,65652466.0,65652466.0,66000000.0,2026-08-25,153088309.58,11.5838
146,Chiliz,CHZ,chiliz,0.014527877410046772,0.2628435,-0.35127548,19.65273795,152587692.94446516,29650363.62823643,10503096126.0,10503096126.0,,2026-08-25,152362115.13,19.4466
147,Decentraland,MANA,decentraland,0.07509707131103513,0.41673764,-0.77569884,18.58531447,149135992.33520612,11130161.91770216,1985909566.5331404,2193179327.320146,,2026-08-25,164652186.01,7.4691
148,ApeCoin,APE,apecoin-ape,0.14788653237901814,0.79392732,-0.42562247,19.00947589,147886532.37901813,13565565.63934571,1000000000.0,1000000000.0,1000000000.0,2026-08-25,147799076.07,9.1733
149,eCash,XEC,ecash,7.223182438995763e-06,0.72837823,0.084482,14.68500181,144999304.08110973,4127564.24173156,20074157797580.0,20074157797580.0,21000000000000.0,2026-08-25,151362211.06,2.852
150,Vision,VSN,vision-token,0.0392868575266755,0.15339259,1.87411722,8.78917872,144041702.89221656,4343177.54532816,3666409378.617602,4116944177.2648344,4200000000.0,2026-08-25,164960250.93,3.0195
151,edgeX,EDGE,edgex,0.3980131088648795,-0.41691293,5.57654634,40.65930297,139304588.10270783,6010485.40649438,350000000.0,1000000000.0,1000000000.0,2026-08-25,397970875.42,4.3097
152,Humanity,H,humanity-protocol,0.06987396511271526,0.47252535,1.49445426,-41.28810815,135944871.3155151,5866214.65333553,1945572590.5381122,10000000000.0,10000000000.0,2026-08-25,699909009.85,4.3168
153,SafePal,SFP,safepal,0.2707718097909391,0.71032709,-2.81729492,14.6213775,135385904.89546955,2236053.88342107,500000000.0,500000000.0,500000000.0,2026-08-25,135128370.2,1.6558
154,BUILDon,B,buildon,0.13543164128611582,-0.66004816,0.03325382,-8.92640271,135431641.28611583,7379443.1924514,1000000000.0,1000000000.0,,2026-08-25,135960931.8,5.45
155,GoМining,GOMINING,gomining-token,0.3328988003477718,0.0266836,5.52481584,15.01183534,134316326.16253796,16936067.00558441,403474948.00888664,403643182.54799587,403643182.54799587,2026-08-25,134394350.7,12.6132
156,Kamino,KMNO,kamino-finance,0.024956368003155236,-0.10796732,2.03796235,38.63287595,134114846.01144437,6530628.61457596,5373972927.25,9999957098.692549,10000000000.0,2026-08-25,249154077.81,4.8741
157,Zama,ZAMA,zama,0.059899597383356214,-1.0064183,6.39172765,48.34749171,131779114.24338368,60453876.36569428,2200000000.0,11196548333.0,,2026-08-25,665179011.98,46.2318
158,1inch,1INCH,1inch,0.09101738165006772,0.30413588,-0.12057494,9.69618744,128549984.69607803,7638174.4950674,1412367422.1953669,1500000000.0,1500000000.0,2026-08-25,136411629.03,5.9409
159,Meteora,MET,meteora,0.23815279455010052,2.93770112,-1.99856338,45.85966326,128413228.01719452,15180887.64561102,539205211.762401,997733841.88877,1000000000.0,2026-08-25,237894923.02,11.8442
160,The Sandbox,SAND,the-sandbox,0.04231160130932553,0.50118421,-6.8400535,8.1382238,124296239.87726574,35189732.99908909,2937639702.3733225,3000000000.0,,2026-08-25,126680872.7,28.3892
161,AWE,AWE,awe-network,0.0631196239016708,-0.28097271,-2.43556737,6.67567113,122604837.69166417,2551854.79799788,1942420282.5203903,1942420283.0,1942420283.027067,2026-08-25,122545830.48,2.0812
162,Vaulta,A,vaulta,0.07356215550175947,0.46677959,-1.47761343,21.65893047,122307534.3851383,5601102.36848881,1662642068.4779,2100000000.0,2100000000.0,2026-08-25,154371060.87,4.588
163,Dog (Bitcoin),DOG,dog-go-to-the-moon-rune,0.0011494463525743848,-0.26270922,20.83438781,88.17292657,114944635.25743848,4839346.98758784,100000000000.0,100000000000.0,100000000000.0,2026-08-25,115371635.58,4.1985
164,Official Melania Meme,MELANIA,melania-meme,0.11395924401648344,2.57882838,5.97431957,62.27531635,113958767.62101315,10241717.35417921,999995819.597836,999995819.59784,,2026-08-25,113489142.11,9.0005
165,Fluid,FLUID,instadapp,1.354501931045464,0.4310385,0.46423541,17.85031791,113367743.81586523,1812559.97208089,83696996.82034639,100000000.0,,2026-08-25,135152800.35,1.4845
166,SOON,SOON,soon,0.19384693963246266,0.39070411,-1.43221336,-0.63974942,112350826.74181487,6294851.3062911,579585248.83,998466231.2532852,,2026-08-25,193305078.13,5.6021
167,Golem,GLM,golem-network-tokens,0.11102963070833832,0.10344694,3.11039014,26.07926131,111029630.70833832,3069797.60278177,1000000000.0,1000000000.0,1000000000.0,2026-08-25,110868611.57,2.7599
168,GEODNET,GEOD,geodnet,0.24869835992654132,2.32815691,1.20529467,10.79323078,110425213.7424528,5195222.70068532,444012633.51744413,962463067.618101,1000000000.0,2026-08-25,253842832.67,4.9868
169,MultiversX,EGLD,multiversx-egld,3.5417049680291353,0.44657519,0.40664653,28.55669723,108504440.24575087,6869549.51499981,30636216.51865901,30641372.0,,2026-08-25,108434196.34,6.3329
170,Cap,CAP,cap-app,0.0689227571617879,-0.3382334,-0.11610973,-3.92618788,107519501.17238912,12100962.68859941,1560000000.0,10000000000.0,10000000000.0,2026-08-25,686743819.41,11.2834
171,Genius Terminal,GENIUS,genius-terminal,0.3119131600154748,-0.6309237,-3.70321232,-15.50514538,104608518.26938634,18520909.38495615,335377059.0,953973324.288,1000000000.0,2026-08-25,311337411.53,17.7414
172,Cheems (cheems.pet),CHEEMS,cheems-pet,5.581597950864135e-07,0.6370667,-0.41766281,16.06035806,104652190.18995611,913267.06329031,187495034775398.0,203672952644644.2,203672960023058.0,2026-08-25,113511692.08,0.8732
173,Basic Attention Token,BAT,basic-attention-token,0.0695058006537948,0.77019396,-1.54680102,19.42017095,103961539.83911343,6740300.9568325,1495724656.9526057,1500000000.0,1500000000.0,2026-08-25,103800603.48,6.5188
174,Aethir,ATH,aethir,0.005140082229409368,0.06808063,6.65042733,35.03643881,103463505.18444379,23378730.28259408,20128764593.0,42000000000.0,42000000000.0,2026-08-25,215430368.62,22.6283
175,Horizen,ZEN,horizen,5.476943946290044,1.23499847,-1.37130754,36.32896331,99975555.885533,21132423.30388322,18253894.30053491,21000000.0,21000000.0,2026-08-25,114835147.73,21.1441
176,dYdX,DYDX,dydx-chain,0.11709344749448432,0.92151347,-3.94523051,16.39306223,99366429.12610346,4928195.22936625,848607938.8070294,958342962.317931,1000000000.0,2026-08-25,117007673.28,4.9618
177,WEMIX,WEMIX,wemix,0.19583043200391648,-0.14737602,0.21253316,-3.40441336,97552255.31817704,841554.98731826,498146556.28307074,558943468.4927068,590000000.0,2026-08-25,115551831.21,0.8592
178,AB,AB,newton,0.0009864204129551072,0.10035248,1.07165709,3.19332549,97481676.751265,471512.87255194,98823661261.46,98823661261.46,98823661261.46,2026-08-25,97475556.8,0.4837
179,Four,FORM,binaryx-new,0.2550839842717005,-0.03427179,-2.88417531,24.98163574,97408220.90517595,12139822.75886704,381867255.144574,572301922.0959299,580000000.0,2026-08-25,147441615.35,12.4764
180,Gala,GALA,gala,0.0019428556593963247,0.64895099,0.3086562,19.43302352,96360239.39509577,48971547.682949,49597219911.352745,49597219911.352745,50000000000.0,2026-08-25,97161940.5,50.8255
181,ZKsync,ZK,zksync,0.009018402545456763,1.17900344,-0.99154526,17.84897141,94177860.99556096,13921140.88356572,10442853988.925713,14900043049.600285,21000000000.0,2026-08-25,188906721.83,14.7716
182,Qtum,QTUM,qtum,0.8753213304897195,0.30785861,0.04650894,28.42838961,92865779.93717313,9303631.04292203,106093358.75,107822406.0,107822406.0,2026-08-25,94373735.57,10.0169
183,Reserve Rights,RSR,reserve-rights,0.0014746520371284623,1.06979119,-0.70536129,26.66666466,92244165.6021445,8949364.56229705,62553174091.0,100000000000.0,100000000000.0,2026-08-25,147161741.94,9.7057
184,Banana For Scale,BANANAS31,banana-for-scale,0.009220042849806789,2.13680119,2.65821503,9.2487506,92200428.49806789,6902151.41275765,10000000000.0,10000000000.0,10000000000.0,2026-08-25,92074334.39,7.5037
185,DigiByte,DGB,digibyte,0.004945295771535522,1.49864359,1.54768283,23.55164977,91200381.2928822,5074157.90830687,18441845646.082424,18441845646.082424,21000000000.0,2026-08-25,103938156.79,5.5488
186,Sentient,SENT,sentient,0.012542820834304103,0.27790631,-6.04759728,0.78640265,90783418.10003339,19700203.05942946,7237878887.0,34359738368.0,,2026-08-25,430436640.33,21.7185
187,Grass,GRASS,grass,0.37105268305851974,4.35908892,2.41859596,14.83592165,90501638.42718242,33772050.6834325,243905091.0,1000000000.0,,2026-08-25,370650505.57,37.3102
188,ORDI,ORDI,ordi,4.276253021425951,1.7944351,4.19834027,27.1189065,89801313.44994497,25703398.80429139,21000000.0,21000000.0,21000000.0,2026-08-25,89607838.97,28.7483
189,Plume,PLUME,plume,0.014024276703354285,1.28934284,1.57223953,15.1806497,89671590.60170397,13898536.91816637,6394026052.0,10000000000.0,10000000000.0,2026-08-25,139839447.61,15.5217
190,Tagger,TAG,tagger,0.0008234297333006144,0.45523623,-4.4633766,-11.9940849,89263548.29964451,3189183.01279429,108404572594.0,405380800000.0,,2026-08-25,333298589.89,3.5715
191,Nexus,NEX,nexus-labs,1.4622375594757898e-06,0.02713184,-1.43401028,-4.08392135,87734253.56854738,911019.80470748,60000000000000.0,100000000000000.0,100000000000000.0,2026-08-25,146285999.76,1.0375
192,Re,RE,re-protocol,0.5441024499131362,0.09937771,4.01387162,34.4988524,86838751.00613654,90244572.92063595,159600000.0,1000000000.0,1000000000.0,2026-08-25,545196850.68,103.8213
193,Yearn,YFI,yearn-finance,2349.7801905212878,0.9426951,1.32384669,20.9219008,84676554.44179331,4761150.67830541,36035.94701469,36646.35595035,,2026-08-25,85705737.68,5.6768
194,0x Protocol,ZRX,0x,0.09855173262357007,0.65196423,-1.91695354,31.13854015,83610951.22541487,5374201.50498915,848396562.8973439,1000000000.0,1000000000.0,2026-08-25,98159014.52,6.4596
195,XPR Network,XPR,proton,0.0028086602788798317,0.0515212,-1.18297689,12.31485188,82557466.22341119,2317904.44199426,29393895318.7807,32446666633.533,,2026-08-25,91092376.63,2.8066
196,Sonic,S,sonic,0.028519911508026782,-0.68450197,2.50758032,31.13386804,82137345.14311713,9695337.28755625,2880000000.0,3222625000.0,,2026-08-25,91749467.74,11.8739
197,KAITO,KAITO,kaito,0.33936654705117214,-0.18275787,-1.0844014,4.2922084,81919313.75644867,39927811.60852282,241388889.0,1000000000.0,1000000000.0,2026-08-25,338813507.98,48.7962
198,Centrifuge,CFG,centrifuge,0.1415007670790121,-0.01683785,-3.22072131,-10.47898922,81667811.54814205,9473622.41733883,577154550.0,697164473.0,,2026-08-25,98465879.11,11.6519
199,Gas,GAS,gas,1.2531332996710043,0.41514577,1.82170752,33.67711521,81444054.1993401,4368729.06938377,64992331.0,64992331.0,,2026-08-25,81462165.43,5.3134
200,Rootstock Infrastructure Framework,RIF,rsk-infrastructure-framework,0.08126890088000283,-0.02297485,2.46589772,8.46148976,81268900.88000283,7496465.24729246,1000000000.0,1000000000.0,1000000000.0,2026-08-25,80871330.45,9.244
201,Rain,RAIN,rain,0.014680575462839015,-0.19475627,4.83543434,11.80035284,10519989214.092525,50229739.7037099,716592427914.1377,1149830315609.3052,1149830315609.3052,2026-08-25,16872063254.45,0.479
202,Decimal,DEL,decimal,0.5941713301852131,-0.02658402,-0.25162374,-6.18269799,6607781677.764827,269095.45997333,11121003895.804047,11121003895.804047,92075616000.0,2026-08-25,54709520159.28,0.0041
203,Ondo US Dollar Yield,USDY,ondo-us-dollar-yield,1.1437555901689753,0.01465707,0.29153592,0.1997055,2160239540.138829,786035.37981946,1888724792.8726463,1888724792.8726463,,2026-08-25,2160208423.16,0.036
204,HTX,HTX,htx,1.7638934908971873e-06,0.40904529,-0.22339398,-0.90517358,1584386863.3483624,72100749.63562469,898232728634017.2,999990000000000.0,999990000000000.0,2026-08-25,1761554731.1,4.5574
205,Bitway,BTW,bitway-btw,0.44977995074247484,0.11736491,4.28734075,26.19551396,1218068101.3020134,22159719.56484542,2708142280.0,10000000000.0,10000000000.0,2026-08-25,4487414321.53,1.8234
206,USDGO,USDGO,usdgo,1.000307375458281,0.01576092,0.02310749,0.04151517,1194872534.106282,16383127.08108149,1194505372.47,1194505372.47,,2026-08-25,1194755969.62,1.3711
207,Falcon USD,USDf,falcon-finance,0.9956980242704435,-0.02496311,-0.01904691,0.00630391,1173679131.0132508,942796.01141256,1178750085.2713006,1178750085.2713006,,2026-08-25,1173717116.48,0.0803
208,c8ntinuum,CTM,c8ntinuum,0.22059940694890273,0.8483373,1.53475903,11.50515754,983513422.1319361,17365696.51171494,4458368387.0,8888884248.0,8888888888.0,2026-08-25,1958660987.53,1.7608
209,Jupiter Perps LP,JLP,jupiter-perps-lp,4.417532019993053,0.60478323,3.66328746,21.06723552,871027758.8454486,15211150.0733692,197175199.840842,197175199.840842,,2026-08-25,871338608.98,1.7423
210,GHO,GHO,gho,0.9991502936950287,0.00016049,-0.02008922,0.04249325,698406055.2928251,521148.81580643,699000000.0,699000000.0,,2026-08-25,698362978.55,0.0746
211,Beldex,BDX,beldex,0.08315549008441354,0.0310925,0.85040525,0.68296069,654458524.9881736,9390134.86507627,7870298453.220753,9939238453.220753,,2026-08-25,826911384.43,1.4338
212,Usual USD,USD0,usual-usd,0.9993619779701843,0.03060981,0.04581382,0.04978741,553644668.8202773,114852.41827712,553998131.8328635,553998131.8328635,,2026-08-25,553639996.52,0.0207
213,USDai,USDAI,usdai,1.000314205249585,0.02691969,0.02492495,0.04209171,501508653.1556746,3267870.07802384,501351126.0,501351126.0,,2026-08-25,501370816.82,0.6517
214,Solstice USX,USX,solstice-usx,1.0033805975948156,-0.02689815,0.00756847,0.07199078,404521168.8204219,19190573.51870741,403158253.0,359692577.0,,2026-08-25,360974422.96,4.7457
215,Unibase,UB,unibase,0.12454258453271226,0.90065447,3.82323029,10.1392354,311356461.3317807,6568134.59649759,2500000000.0,10000000000.0,10000000000.0,2026-08-25,1235630560.33,2.1313
216,Ape and Pepe,APEPE,ape-and-pepe,1.245554411298192e-06,-0.05741241,0.17479215,37.21101666,261566426.3726203,14861277.45531347,210000000000000.0,210000000000000.0,210000000000000.0,2026-08-25,261414648.54,5.6809
217,Ribbita by Virtuals,TIBBIR,ribbita-by-virtuals,0.2396629854720807,2.51717185,-1.62833646,38.4210692,239662985.4720807,3414838.82640449,1000000000.0,1000000000.0,1000000000.0,2026-08-25,239104928.77,1.4263
218,Legacy Frax Dollar,FRAX,frax,0.9922732854783355,0.04215438,-0.01651346,0.08584066,217625422.48926443,252466.90337347,219320045.87260038,219320045.87260038,,2026-08-25,217676866.22,0.1161
219,Cash Cat,CASHCAT,cash-cat,0.21577736738022388,11.05785601,45.8959402,104.0319944,215777367.38022387,89389319.83794259,1000000000.0,1000000000.0,1000000000.0,2026-08-25,214047973.01,41.7232
220,AUSD,AUSD,agora-finance,0.9998765224325155,0.00088456,-0.0219806,-0.0086219,210131571.01848924,494457.20578047,210157520.757941,210157520.757941,,2026-08-25,210131584.98,0.2364
221,48 Club Token,KOGE,bnb48-club-token,59.12592795208805,-0.8164397,11.56916865,11.29583801,200332150.0373964,14732.95977459,3388228.43,3388228.433995,3388228.433995,2026-08-25,200333360.4,0.007
222,AKEDO,AKE,akedo,0.008544648829515635,-0.47677845,0.18177051,-2.65397935,194785950.8798458,4856658.41077131,22796250000.0,100000000000.0,100000000000.0,2026-08-25,854948947.12,2.4908
223,USAT,USAT,tether-usat,0.9991871939565106,-0.0080204,-0.04712898,0.01770634,184167804.02576163,2724905.25489466,184317618.5,184317618.5,,2026-08-25,184166896.98,1.478
224,SwissBorg,BORG,swissborg,0.17967767313846958,1.8579655,4.87875135,29.80189696,176488833.47223476,276856.59746932,982252443.442,982252443.442,982602443.0,2026-08-25,176815760.65,0.1566
225,WeFi,WFI,wfi,2.0148010995284,0.04511286,-0.59076717,-2.06918038,173084964.962698,889019.10581821,85906725.4843228,1000000000.0,1000000000.0,2026-08-25,2013298501.06,0.5143
226,EUR CoinVertible,EURCV,eur-coinvertible,1.166492747952583,0.0011898,-0.29457064,0.75302903,169456883.67651403,29889076.15804165,145270413.36,145270413.36,,2026-08-25,169431855.77,17.6705
227,Joseon Mun,JSM,joseon-mun,0.0004947172685737036,-0.18732749,1.1014464,5.55480648,156563173.98551998,578793.66931746,316470000000.0,2400000000000.0,2400000000000.0,2026-08-25,1188142290.01,0.3695
228,Strategy PP Variable tokenized stock (xStock),STRCX,strategy-pp-variable-tokenized-stock-xstock,101.89623786795326,-0.02392295,2.46501104,1.56827796,149774043.73566523,147003.27031963,1469868.239196,2802727.35041197,,2026-08-25,285718221.36,0.0997
229,GUSD,GUSD,gusd,0.9983894771873625,0.01308304,-0.0635274,0.05126902,149199323.47087947,1218809.94518925,149440000.0,320000000.0,,2026-08-25,319470349.62,0.816
230,Ailey,ALE,project-ailey,0.2673163191165677,0.06606186,0.20144699,2.59046359,139440731.32250682,112835.06369521,521631944.4444444,1000000000.0,1000000000.0,2026-08-25,267305527.03,0.0809
231,Shuffle,SHFL,shuffle,0.29214559733887147,0.09843998,4.94851505,1.45311116,136981964.94953603,1178965.33825562,468882523.63647676,956134768.8996149,,2026-08-25,279330563.2,0.8592
232,Zano,ZANO,zano,8.494739253505317,0.78921275,7.54036312,-0.28963242,131058994.95179781,1709738.15438624,15428254.01,15428254.01,,2026-08-25,131175100.08,1.3079
233,Rollbit Coin,RLB,rollbit-coin,0.07921354338182753,-0.05221855,-1.19053815,-0.02208195,125787129.73106135,112761.62094086,1587949791.9281101,1587949791.9281101,,2026-08-25,125799690.95,0.0897
234,Circle Internet Group Tokenized Stock (Ondo),CRCLon,circle-internet-group-tokenized-stock-ondo,88.50380630844082,0.86290799,0.10356655,18.39686519,115678978.0683367,7148790.64010821,1307050.88168964,1307050.88168964,,2026-08-25,115681652.47,6.1831
235,RealLink,REAL,reallink,0.08412380358782126,1.37750586,3.13483255,12.82040578,115589618.46671382,7059952.77009594,1374041752.0,3377841475.0,12000000000.0,2026-08-25,1007842484.46,6.0835
236,Derive,DRV,derive,0.15522384029641434,-2.49864625,19.52415491,62.08422025,114482189.7278571,27709169.47554862,737529683.0,1500000000.0,1500000000.0,2026-08-25,233483273.02,24.15
237,Frax USD,FRXUSD,frax-usd,0.9999533000592513,0.01054211,-0.06755706,0.0139627,113902379.13774772,5487360.73358982,113907698.62052412,113907698.62052412,,2026-08-25,113903715.25,4.8338
238,The Black Bull,ANSEM,the-black-bull,0.2663964270472839,5.50413106,3.64960893,-2.71525077,110499859.66232848,18254869.62981085,414794826.218579,997378994.084328,1000000000.0,2026-08-25,265987844.81,16.5721
239,ViciCoin,VCNT,vicicoin,17.887951316050877,-0.32961883,0.36876339,7.48370743,108921735.01476046,384573.11720415,6089111.77642936,3047283.68316597,10000000.0,2026-08-25,179252495.31,0.3522
240,SoSoValue,SOSO,sosovalue,0.31470759854622204,0.29178287,0.05040468,-1.86094395,107630485.87017049,3941055.30804439,342001548.0,1000000000.0,1000000000.0,2026-08-25,314090375.69,3.664
241,U.S. Dollar Tokenized Currency (Ondo),USDon,us-dollar-tokenized-currency-ondo,0.9999508894054507,-0.01029485,-0.01613923,0.05398765,105662390.40310165,44975313.91012147,105667579.80077025,105667579.80077025,,2026-08-25,105662390.4,42.5651
242,Backpack,BP,backpack-exchange,0.41162665383656183,0.23663673,-5.91412012,11.39535485,102906594.23622487,1941329.76112349,249999831.83082306,999999831.8308231,1000000000.0,2026-08-25,411483840.73,1.8916
243,Light,LIGHT,light,0.1476170600798189,-0.47300951,3.08199666,-14.6466276,102041282.29459597,0.0,691256703.2524602,919833523.0982233,1000000000.0,2026-08-25,147593665.34,
244,Non-Playable Coin,NPC,non-playable-coin,0.013175991788631129,-0.81487948,12.43405614,151.97661426,100404221.93913782,8318469.78951629,7620240172.415055,8050126520.0,8050126520.0,2026-08-25,106044916.87,8.268
245,Cysic,CYS,cysic,0.6107654923261552,-4.35857115,6.55764528,29.56172914,98211091.16604576,18250730.81479429,160800000.0,1000000000.0,1000000000.0,2026-08-25,613731187.48,18.4281
246,AIVIVE,AVV,aivive,0.009669291875264744,-0.02586551,0.33673188,2.79959828,96692918.74511367,88992.88985147,9999999999.220856,10000000000.0,10000000000.0,2026-08-25,96682374.08,0.0918
247,Quack AI,Q,quack-ai,0.021958652750501125,-0.16237417,-0.16272448,8.6687652,95367174.18531787,2206482.6631237,4343033940.601911,9999978302.60191,10000000000.0,2026-08-25,219744315.55,2.3105
248,YZY MONEY,YZY,yzy,0.2892795194099177,-1.69991883,-1.39844525,-1.61955553,87644634.09371027,546.32627132,302975593.54527,999999426.878649,1000000000.0,2026-08-25,289279422.33,0.0006
249,Collector Crypt,CARDS,collector-crypt,0.2042422030421805,1.4365863,-1.32535534,15.24328799,84778522.42414953,6376093.30244351,415088170.619864,1999705414.309863,2000000000.0,2026-08-25,408581368.63,7.5365
250,UnifAI Network,UAI,unifai-network,0.35086181685593343,-0.49372956,28.11459576,31.5696228,83855974.22856809,18702050.57005093,239000000.0,1000000000.0,1000000000.0,2026-08-25,349430906.64,22.4387
251,Circle Internet Group Tokenized bStocks,CRCLB,circle-internet-group-tokenized-bstocks,88.32823594590249,0.66966328,-0.07448204,17.97312825,81097023.86580671,29872663.31030441,918132.49746633,918132.49746633,,2026-08-25,81064398.51,36.8831
252,DeepBook Protocol,DEEP,deepbook-protocol,0.014426402220190612,1.97376864,6.99395839,5.1035978,80895770.18159126,6340569.79963167,5607480572.55556,10000000000.0,10000000000.0,2026-08-25,144573829.96,7.8596
253,Orca,ORCA,orca,1.320485120791205,0.08504716,4.35029332,23.83365818,80283875.49381912,10299962.66029726,60798773.291527,74999541.628666,,2026-08-25,99016125.63,12.8395
254,Synthetix,SNX,synthetix,0.23189582510304552,0.50492391,1.66868626,18.52274304,79891876.45086715,13123854.7407375,344516234.45728827,581404223.5556632,339889850.089,2026-08-25,78610651.78,16.4544
255,Purr,PURR,purr,0.13385480640410213,0.26440664,-12.79437384,82.14929606,79689488.81304538,12205470.64575814,595342752.0,595342752.0,1000000000.0,2026-08-25,133990342.83,15.298
256,BOOK OF MEME,BOME,book-of-meme,0.0011558764431061936,0.49738656,-1.88598687,47.93872621,79601537.36098695,51661710.18217608,68866822086.16801,68866822086.16801,,2026-08-25,79588777.53,65.134
257,Solstice eUSX,EUSX,solstice-eusx,1.0499904851106505,-0.00987965,0.02462944,0.20811655,79547845.09685436,17050664.02443049,75760539.0,140284603.0,,2026-08-25,147299489.6,21.4496
258,AntFun,ANTFUN,ant-fun,0.04195609653014872,-0.40492123,-0.4676271,1.05756212,79206243.1267773,17693912.98359525,1887836326.0,10000000000.0,10000000000.0,2026-08-25,419644177.81,22.4243
259,Law Blocks (AI),LBT,law-blocks,0.3220679903271534,-0.05272474,1.91480731,9.62778461,78906009.62935604,699770.9920251,244997988.0,1000000000.0,,2026-08-25,322160203.24,0.8855
260,Mina,MINA,mina,0.06019115051344234,0.62811446,3.97494699,52.36431128,77481023.15659508,14575950.92614821,1287249412.8400393,1287249412.8400393,,2026-08-25,76845478.2,18.9648
261,FTX Token,FTT,ftx-token,0.23346900251926983,0.06063684,2.82271118,15.04261649,76786811.82074113,1615809.03449076,328895103.813207,328895103.813207,352170015.0,2026-08-25,82252251.81,2.1042
262,SuperVerse,SUPER,superverse,0.11877393284257831,-1.43834432,8.09415248,37.39844021,76034632.79837148,70863693.2901158,640162626.4169173,999998077.4169173,999998077.417,2026-08-25,118699163.85,93.1984
263,GMX,GMX,gmx,7.30530743150354,1.18675092,-3.62796054,11.78597982,76364098.90697548,3597704.18895131,10453235.48981136,10453235.48981136,13250000.0,2026-08-25,97258784.07,4.7459
264,Beam,BEAM,onbeam,0.00146752831260387,0.21204836,-1.55623544,11.98632569,75284473.46998,2672121.04563063,51300184687.0,58470184687.0,58470184687.0,2026-08-25,85764371.67,3.5468
265,USDsui,USDsui,usdsui,1.0024912164820923,0.2548375,0.10799225,0.14297837,75103486.84835728,2684443.23944452,74916852.75,74916852.75,,2026-08-25,74913614.29,3.5925
266,lisUSD,lisUSD,lisusd,0.9989172807279129,0.05153863,0.0150783,0.09114887,75094003.73549661,2677.21039149,75175397.58725113,75175397.58725113,,2026-08-25,75094006.06,0.0036
267,lium,SN51,celium,19.399801137185797,-0.22421027,-0.91501809,32.81581273,74099053.62796985,1482246.92107934,3819578.0,3819578.0,21000000.0,2026-08-25,407036522.84,1.988
268,Comedian,BAN,comedian,0.0731332850180043,0.9076179,1.61797842,0.55339638,73130495.64138043,4666831.81165791,999961859.0,999961859.0,999961859.0,2026-08-25,73198004.96,6.3824
269,RaveDAO,RAVE,ravedao,0.27675124522008454,0.34132844,-1.43293011,0.09084558,72329706.47647707,3415779.66158752,261352777.0,1000000000.0,1000000000.0,2026-08-25,276537889.51,4.7326
270,Catecoin (cate.meme),CATE,catecoin-cate-meme,0.07428487080821783,-0.76515755,112.42154563,456.01915535,71622906.07670939,40412642.74408032,964165452.5,964170613.0,964165452.5,2026-08-25,70531865.05,57.483
271,AI Rig Complex,ARC,ai-rig-complex,0.07204726589247548,1.10872894,6.14416845,-2.86021858,72046022.17772937,2283078.24120274,999982737.516397,999982737.516397,999998319.0,2026-08-25,72145886.55,3.1728
272,Safe,SAFE,safe1,0.0935343074317671,0.66132192,-0.83870798,11.45875247,71782850.83042012,1398091.64249405,767449429.0,1000000000.0,1000000000.0,2026-08-25,93265626.5,1.9554
273,Livepeer,LPT,livepeer,1.428864220065952,1.01508205,0.97188183,20.87995189,70998769.28980741,8144534.09767988,49688954.55058027,49688954.55058027,,2026-08-25,70731847.16,11.5078
274,Turbo,TURBO,turbo,0.0010263471137177233,1.84738206,1.32697464,33.02410952,70817950.83625944,13868671.02624906,68999999990.0,68999999990.0,69000000000.0,2026-08-25,70753378.25,19.6075
275,Huma Finance,HUMA,huma-finance,0.021665901137508062,0.13855954,0.16764507,5.00292034,70649123.0788593,6005748.91709557,3260843970.0,9999996010.090069,10000000000.0,2026-08-25,216216629.92,8.5165
276,AIOZ Network,AIOZ,aioz-network,0.055366685639852094,0.75974868,-0.07677141,15.33100985,70536190.33075234,2200747.38030789,1273982531.4734294,1273982531.4734294,,2026-08-25,70509985.19,3.1234
277,Data Network,DATA,data-network,0.19536555814023387,0.14376869,-2.35505637,9.80432336,69944495.99432836,20162366.73455467,358018561.0,1031545648.0,,2026-08-25,201409967.99,28.7274
278,CoW Protocol,COW,cow-protocol,0.12161302267484943,1.72895818,0.47321389,12.77810536,69875636.62123142,8891903.59359189,574573635.9834946,1000000000.0,1000000000.0,2026-08-25,120941510.85,12.809
279,iShares Core S&P 500 Tokenized ETF (Ondo),IVVon,ishares-core-sp-500-tokenized-etf-ondo,775.6778063772031,0.106572,-0.08467282,-0.87880426,69959418.43374851,515302.06415429,90191.33699402,90191.33699402,,2026-08-25,69948504.52,0.7374
280,Circle tokenized stock (xStock),CRCLX,circle-tokenized-stock-xstock,88.38406306821479,0.66453769,-0.13505426,18.0778697,69625530.00923963,31934304.62753237,787761.13693147,3054553.89378634,,2026-08-25,269936464.59,45.9225
281,Prom,PROM,prom,3.763857440199823,3.42153537,37.52037038,95.95108453,68690398.28364676,128519618.93197224,18250000.0,19250000.0,19250000.0,2026-08-25,71261411.8,191.4889
282,o1.exchange,O,o1-exchange,0.43206592098839786,-0.09057857,-1.08752035,-1.4518808,69130547.35814366,5011135.05373459,160000000.0,1000000000.0,1000000000.0,2026-08-25,431766918.21,7.2635
283,Velvet,VELVET,velvet,0.14761813633010817,-4.99968363,-78.2950438,-74.77871103,68468005.1264942,109383110.61135022,463818381.8645696,1000000000.0,1000000000.0,2026-08-25,146131511.24,161.8097
284,Holo,HOT,holo,0.0003857702401809194,1.60175076,2.9479344,16.9439557,68261134.40711556,5017519.00806759,176947642138.2383,177619433541.14133,,2026-08-25,68485769.76,7.3689
285,Baby Doge Coin,BabyDoge,baby-doge-coin,3.8053722354056234e-10,0.91345672,0.48726378,16.95193901,68186951.85618751,3681274.41386405,1.7918602343751872e+17,2.026150676904291e+17,,2026-08-25,76963161.18,5.4046
286,Kusama,KSM,kusama,3.6340815330776586,0.23080666,-1.89855861,26.9395054,68041652.12932971,3709034.26573804,18723204.61442869,18723204.61442869,,2026-08-25,68037859.67,5.3686
287,Bio Protocol,BIO,bio,0.02966488962451353,0.89440925,-0.30313638,20.94718512,67689466.22216533,15002944.77066046,2281804081.49,3310349012.160909,3320000000.0,2026-08-25,98383408.48,22.1561
288,Numeraire,NMR,numeraire,9.124733867033092,0.30661175,-0.37572163,13.79075026,67651163.9288769,6145166.53905851,7414042.41643638,10625464.53832968,11000000.0,2026-08-25,100249880.48,9.0971
289,Bedrock,BR,bedrock-dao,0.22408242498536865,2.31723277,-2.5900801,15.84254073,67598198.05453126,2615086.78260936,301666666.0,1000000000.0,1000000000.0,2026-08-25,224419990.96,3.8677
290,Tesla tokenized stock (xStock),TSLAX,tesla-tokenized-stock-xstock,350.0455987030999,0.22086852,-4.37770266,2.93839624,67296284.45973393,31150255.86034424,192250.05173344,537153.31395514,,2026-08-25,188073852.75,46.2911
291,GoPlus Security,GPS,goplus-security,0.011868877740149856,0.4984729,0.82552226,-26.95097499,67179657.66613095,11216347.14184498,5660152470.766182,9822841359.52709,10000000000.0,2026-08-25,118777307.11,16.6858
292,SpaceX Tokenized bStocks,SPCXB,spacex-tokenized-bstocks,135.14373140968914,0.33500437,-0.67893641,-7.2611618,66975335.180991635,48570357.18283185,495585.95491163,495585.95491163,,2026-08-25,66949746.33,72.0502
293,Useless Coin,USELESS,theuselesscoin,0.06657985150195846,1.09829948,-2.3385504,59.91614362,66518880.807961784,12623353.5059842,999084247.07143,999084247.07143,1000000000.0,2026-08-25,66713138.15,18.9773
294,MindWaveDAO,NILA,mindwavedao,0.07826759188028692,0.10742747,0.01558186,0.43142642,65961279.156725235,271012.51296025,842766176.55,1057021569.0,1057021569.0,2026-08-25,82789219.43,0.4095
295,Unitas,UP,unitas,0.44806116257984246,0.84367245,-4.54176127,4.78592108,65416929.736657,23505204.03384291,146000000.0,999999957.0,1000000000.0,2026-08-25,446830178.86,36.0684
296,Theta Fuel,TFUEL,theta-fuel,0.00874604727776005,1.0409939,0.58007643,21.92362903,65108900.955423586,883200.43494449,7444380174.0,7444380174.0,,2026-08-25,64797642.51,1.369
297,Velo,VELO,velo,0.0037044709879696627,-0.65382143,-0.55618919,17.67069763,65064869.50431081,1673884.65309788,17563876115.0,23999804349.0,24000000000.0,2026-08-25,89548976.93,2.5463
298,USD.AI,CHIP,usd-ai,0.032189878205993186,-1.68069226,-0.67805591,16.71790669,64379756.41198637,20200663.33435946,2000000000.0,10000000000.0,10000000000.0,2026-08-25,318653783.52,31.732
299,"SpaceX 
Pre-IPO stock (Republic)",preSPCX,spacex-pre-ipo-stock-republic,134.92540987847275,0.0880922,-0.66523157,-7.130874,64055838.33980494,26850.42199613,474750.0,474750.0,,2026-08-25,63993924.41,0.0418
300,Stronghold SHx,SHX,stronghold-token,0.0036290918335865146,0.11415168,-0.73871063,20.83456454,63867211.32938948,665103.35727247,17598675993.346684,99756866344.0,99756866344.0,2026-08-25,362328938.9,1.0335
301,ECOMI,OMI,ecomi-new,0.0002236622658830881,1.62897365,4.64595692,19.16442522,63198073.35808256,880028.45894767,282560283955.61914,305278604837.5089,,2026-08-25,68054033.37,1.3949
302,Fidelity Digital Dollar,FIDD,fidelity-digital-dollar,0.9997638892533881,0.0131562,-0.02567227,0.03528294,62586279.216984704,159999788.86055064,62601060.0,62601060.0,,2026-08-25,62589130.43,253.7996
303,Kinetiq,KNTQ,kinetiq,0.22364836540365277,0.13953569,9.98616424,75.31636363,62728041.53549556,9111670.22559471,280476190.48,1000000000.0,1000000000.0,2026-08-25,222951961.8,14.4791
304,would,WOULD,wouldmeme,0.06277224968577899,5.13795204,1.4899597,-8.63414694,62737887.67295467,42462.57872322,999452592.3,999452789.37,1000000000.0,2026-08-25,63529379.28,0.0717
305,Diem,DIEM,venice-ai,1623.0458405810173,0.36819456,-0.5469091,9.53148056,62351460.46469827,955839.06196673,38416.32744173,37422.85853503,,2026-08-25,60567906.26,1.5394
306,Wormhole,W,wormhole,0.009723131743682521,1.5189623,1.30996607,18.43065091,62016880.60838378,118460811.83817954,6378282455.0,10000000000.0,10000000000.0,2026-08-25,97203939.51,190.2507
307,NEXPACE,NXPC,maplestory-universe,0.2060079356158808,-0.16909627,-2.97588491,0.87133414,61902710.57018468,7370916.8562723,300487019.5175758,988350564.5175759,1000000000.0,2026-08-25,204747630.43,11.9993
308,Dohrnii,DHN,dohrnii,3.5736213244790593,-0.11998277,-0.05289372,1.66460966,61019734.20757557,239246.28857704,17075042.0,372000000.0,372000000.0,2026-08-25,1328986176.69,0.3919
309,BNB Attestation Service,BAS,bnb-attestation-service,0.024307858448611545,0.05300494,1.14975195,-6.12934589,60769646.121528864,1798540.86169684,2500000000.0,10000000000.0,10000000000.0,2026-08-25,242998067.2,2.953
310,StandX DUSD,DUSD,standx-dusd,0.9993737450472377,0.00012842,0.0273485,0.09384715,60520237.977696344,3338.82572769,60558162.827097,60558162.827097,,2026-08-25,60520243.13,0.005
311,Berachain,BERA,berachain,0.18996317122723771,0.35114038,2.1639735,26.58057273,60444393.78590684,15065840.04197417,318190064.9237007,557265064.9237007,,2026-08-25,105168517.99,25.0345
312,Targon,SN4,targon,13.65238220341116,-0.22561796,-3.32868006,25.6814578,60270516.399053484,866014.81809708,4414652.0,4414652.0,21000000.0,2026-08-25,285627369.02,1.4369
313,Venus BUSD,vBUSD,venus-busd,0.02233438748081331,-0.00998602,-0.04991016,0.13,60186047.8488334,0.0,2694770470.0,2694770470.0,,2026-08-25,60198069.43,
314,Pons,PONS,pons,0.08420272061127418,7.58211759,35.75573415,172.29045108,60173100.03101231,20412571.79033531,714621803.1220661,714621803.1220661,1000000000.0,2026-08-25,83683820.38,34.0866
315,Popcat (SOL),POPCAT,popcat-sol,0.06071113176075706,2.33126152,7.26534658,47.68880746,59493013.32161762,11682109.01911941,979935830.4842734,979935830.4842734,979973220.96,2026-08-25,59821832.53,19.6752
316,Spark,SPK,spark,0.019440191112405827,1.00210492,-15.40171585,39.51042845,59952310.035118885,63197841.67090884,3083936247.76971,10000000000.0,10000000000.0,2026-08-25,193148232.61,105.3691
317,Qubic,QUBIC,qubic,4.1957260889403425e-07,-0.84474255,-2.43817829,-4.87954104,59394513.843125,1003155.48829048,141559559857077.0,176247940244884.0,200000000000000.0,2026-08-25,83752042.68,1.6954
318,Walrus,WAL,walrus-xyz,0.023304040604945987,0.66705101,-0.24902162,14.19312836,58497996.919105776,4476545.04590901,2510208333.0,5000000000.0,5000000000.0,2026-08-25,116197243.74,7.68
319,ZIGChain,ZIG,zigcoin,0.04145933109982544,-0.02855602,2.65070615,14.96135781,58413742.92989208,4510821.83428132,1408940795.2396517,2000000000.0,1953940796.0,2026-08-25,80999517.6,7.7151
320,MicroStrategy tokenized stock (xStock),MSTRX,microstrategy-tokenized-stock-xstock,125.1489280298896,1.64628044,3.59521322,28.19094309,58275906.135299906,7558612.29379159,465652.4594552,1327844.69330735,,2026-08-25,166166708.61,13.0152
321,Capricorn,APR,apriori,0.20740544795958135,-0.87119057,6.30071752,10.6367713,57619826.01127119,5650558.23401397,277812500.0,1000000000.0,1000000000.0,2026-08-25,206549992.71,9.8541
322,SushiSwap,SUSHI,sushiswap,0.20094675242934737,0.81054416,-1.46433631,25.27382831,57638568.98339437,5526112.43963104,286835036.0808146,291514753.90092283,,2026-08-25,58481952.32,9.6072
323,Pharos,PROS,pharos,0.42361645713475116,-7.98025938,0.87062502,15.00815513,57442391.58747226,9833964.99523976,135600000.0,1000000000.0,,2026-08-25,420380873.03,17.2443
324,SKYAI,SKYAI,skyai,0.05715825438187091,-2.50979802,-12.18215273,-24.28664666,57158254.38187091,26705509.46884514,1000000000.0,1000000000.0,1000000000.0,2026-08-25,56448471.24,47.2716
325,Linea,LINEA,linea,0.0025367733683564864,0.21212967,1.80652211,18.59377958,57214010.95340865,13043935.68003392,22553851939.27521,69620566915.9017,72009990000.0,2026-08-25,182485023.32,22.779
326,TronBank,TBK,tronbank,0.30620117785076945,-0.75996772,-0.59199212,-15.01644723,56749302.43891123,187047.8770532,185333390.410956,1000000000.0,1000000000.0,2026-08-25,305749670.77,0.3303
327,Toshi,TOSHI,toshithecat,0.0001344652268156856,1.0699403,2.36621412,35.86608693,56564904.06312612,7142878.47939438,420665665039.6378,420689980957.16724,420690000000.0,2026-08-25,56498633.32,12.662
328,RedStone,RED,redstone,0.11397169717331002,-1.10847195,4.37827394,30.74178109,56016300.02065065,7280819.34986955,491493076.0,1000000000.0,1000000000.0,2026-08-25,113510021.19,13.0678
329,CROSS,CROSS,cross,0.11283834193688434,-0.48822459,1.40000069,8.83032556,55701662.05055718,2701797.11443766,493641266.739932,985220775.8168408,985222890.0,2026-08-25,111284530.68,4.8542
330,FUNToken,FUN,funtoken,0.005150432895358942,0.38589728,3.47197289,13.00979626,55656616.49529554,4108051.4369843,10806201658.398026,10806201658.398026,,2026-08-25,55659290.61,7.3602
331,Enjin Coin,ENJ,enjin-coin,0.02785358058638412,0.87030639,-0.34596906,18.67464126,55563250.38979397,5735804.32031726,1994833311.1957383,2016884736.792733,,2026-08-25,56021850.73,10.2918
332,io.net,IO,io-net,0.14536964198723468,0.23805972,2.01469393,28.78825433,55456054.57967453,16619762.22600714,381483051.2174219,798177417.769336,800000000.0,2026-08-25,116043023.16,29.9928
333,Zilliqa,ZIL,zilliqa,0.0027597836004343472,0.43936474,-1.52426563,22.62388759,55514713.728433944,2990701.49523886,20115603889.99224,20557559301.535572,21000000000.0,2026-08-25,57698603.67,5.436
334,Jelly-My-Jelly,JELLYJELLY,jelly-my-jelly,0.0554928080082793,-0.4576591,1.58721352,-3.38852723,55492758.00925928,3164140.00652874,999999099.0,999999099.0,,2026-08-25,55927852.13,5.7389
335,Ravencoin,RVN,ravencoin,0.0033545710270965197,1.72868403,2.0238856,21.03808738,55081587.93632539,3325529.37283565,16419860390.912674,16419860390.912674,21000000000.0,2026-08-25,70285151.79,6.0283
336,TROLL (SOL),TROLL,troll-sol,0.05500215993440634,5.15179663,6.98689462,40.72779057,54934506.9029858,3168702.24796993,998769993.187518,998769993.187518,1000000000.0,2026-08-25,58561621.72,5.8605
337,Babylon,BABY,babylon,0.01265136476230509,0.0311596,-0.72428545,26.67717468,54649882.14008549,7719093.19864646,4319682750.98,10940620658.0,,2026-08-25,138283632.12,14.0848
338,Brett (Based),BRETT,based-brett,0.005431717563148644,1.33174421,-0.75021035,43.75479709,54317162.295116015,4263270.02307397,9999997544.723145,9999997544.723145,9999997544.723145,2026-08-25,54264095.23,7.8285
339,ChainOpera AI,COAI,chainopera-ai,0.2869420402203913,1.87586177,1.53995818,-7.08359264,53945131.68175351,3047065.67652326,188000098.0,1000000000.0,1000000000.0,2026-08-25,285806441.47,5.6416
340,Peanut the Squirrel,PNUT,peanut-the-squirrel,0.05341660809036032,2.94337714,0.90277388,29.97488641,53408150.93102873,15078823.04738419,999841675.470721,999841675.470721,,2026-08-25,53989031.62,28.3693
341,Playnance,GCOIN,playnance,0.0021405019990477746,0.10859693,-1.98593793,2.41684565,53568203.02816961,206356.04578848,25026000000.0,77000000000.0,77000000000.0,2026-08-25,164425131.49,0.3855
342,Holoworld AI,HOLO,holoworld-ai,0.06991214842926083,-0.45658027,5.64061939,30.96203471,53334983.05241927,4670064.13797639,762885768.0777065,2047999950.5641248,2048000000.0,2026-08-25,143427999.74,8.742
343,SP500 tokenized ETF (xStock),SPYX,sp500-tokenized-stock-xstock,768.3413546991867,0.08304412,-0.38923006,-0.98709391,53329379.530224554,5650210.32337635,69408.44613408,263858.48611302,,2026-08-25,202684498.16,10.5775
344,Nano,XNO,nano,0.4001844487347491,0.36473883,-0.52211658,10.81382033,53323896.27978912,186642.7112124,133248297.0,133248297.0,133248297.0,2026-08-25,53192650.54,0.3503
345,Tellor,TRB,tellor,18.785636242049026,0.1665175,-0.84813448,44.2404926,52723616.39184486,14975415.55607954,2806592.0,2886419.0,,2026-08-25,54034550.8,28.4303
346,Allora,ALLO,allora,0.2628646259155755,-0.06331862,-3.11421569,-10.99577221,52704357.49607289,14196934.0769963,200500000.0,785499999.0,1000000000.0,2026-08-25,263123166.16,26.8752
347,OpenLedger,OPEN,openledger,0.163351352563685,0.35697563,0.16135838,-1.55788675,52107286.56315354,6276978.00864988,318989012.0,1000000000.0,1000000000.0,2026-08-25,163282977.52,12.0815
348,ZetaChain,ZETA,zetachain,0.033374260459563015,0.34609824,-0.6945004,21.46624443,52012046.694621444,4426019.1602398,1558447917.0,2100000000.0,2100000000.0,2026-08-25,69764428.29,8.5312
349,Axelar,AXL,axelar,0.04214372512506165,0.80370089,-0.22565003,18.7459463,51692614.076945424,5623893.74903343,1226579138.9713988,1251962438.081597,,2026-08-25,52460892.12,10.9514
350,Concordium,CCD,concordium,0.004056777282621667,0.01301611,3.55250003,24.15267142,51484539.22980828,235835.72934407,12690994758.414915,14623016754.32285,,2026-08-25,59262366.43,0.4582
351,Wiki Cat,WKC,wiki-cat,9.653127877325594e-08,1.38183984,-12.59752096,-13.23229598,51688297.37867449,522166.89135373,535456465878651.3,535456465878651.3,553003328316637.0,2026-08-25,53487294.84,1.0092
352,aelf,ELF,aelf,0.0628137452758408,-5.63370802,-8.45668642,16.01342163,51677981.29809387,2265550.61557075,822717720.0014862,996443484.2172961,,2026-08-25,61513126.73,4.4818
353,Matrixdock Gold,XAUM,matrixdock-gold,4653.8738881429035,-0.01353986,1.2231936,5.44532582,51057419.976055905,421308.44849923,10970.95048195,10970.95048195,,2026-08-25,51061856.86,0.8298
354,ConstitutionDAO,PEOPLE,constitutiondao,0.010068446550025445,1.54656732,-2.89045231,41.08579182,50947722.290215164,15186924.91105569,5060137334.7,5060137334.7,,2026-08-25,50959564.99,29.8155
355,Venus,XVS,venus,3.1044873715024326,0.6297493,-1.50243228,14.43912128,50900669.11633778,1200698.09686577,16395837.0659128,30000000.0,,2026-08-25,93018453.72,2.386
356,Alchemy Pay,ACH,alchemy-pay,0.005027171992420185,0.60512559,0.91328322,20.7215144,50271719.92420179,4791258.28866017,9999999999.999989,15346246087.999989,15346246087.999989,2026-08-25,76728023.57,9.5813
357,Flow,FLOW,flow,0.029852048812165206,0.76186246,-1.17254301,8.30361582,50266138.151182905,2881254.44126742,1683842153.2628145,1683842153.2628145,,2026-08-25,50121606.45,5.7423
358,Ontology,ONT,ontology,0.05005004016070447,0.4243684,3.35221558,31.5824015,50050040.16070447,12385227.15562306,1000000000.0,1000000000.0,1000000000.0,2026-08-25,49963577.42,24.7589
359,Kava,KAVA,kava,0.04594101390116864,0.08439518,3.67403851,12.71296056,49747086.41525995,10562131.33674726,1082846942.0,1082846942.0,,2026-08-25,49657136.23,21.2205
360,Creditcoin,CTC,creditcoin,0.0905149336408975,0.05084623,0.95262215,30.87367585,49743772.88736867,1455498.93526821,549564264.0,549564264.0,600000000.0,2026-08-25,54464094.9,2.9111
361,Billions Network,BILL,billions-network,0.020438183601233006,0.04692724,-2.92548877,2.40593602,49627883.865965895,5621575.2800337,2428194444.0,10000000000.0,10000000000.0,2026-08-25,204010490.92,11.3368
362,Nervos Network,CKB,nervos-network,0.000997679619042377,0.24969741,1.18848832,22.1542988,49269585.47983664,1965094.59433152,49384175580.46146,50233055321.50211,,2026-08-25,50001870.67,4.0128
363,Loaded Lions,LION,loaded-lions,0.0015958953107918735,1.07395903,3.22657863,29.8484022,49225743.05312789,99563.77884475,30845220686.0,100000000000.0,100000000000.0,2026-08-25,159320439.75,0.2045
364,Oasis,ROSE,oasis-network,0.006158436265724085,0.51536215,-1.4712301,16.36103309,48838539.12032725,2448954.06140133,7930347415.0,9999999999.0,10000000000.0,2026-08-25,61422783.41,5.0383
365,SuperTrust,SUT,supertrust,0.25528717313264354,0.5867738,3.1323053,3.14624524,48097056.14992017,297225.52450806,188403732.0,188403732.0,238403732.0,2026-08-25,60706877.86,0.5837
366,Blur,BLUR,blur-token,0.01670649227708295,0.35752249,-0.28487636,27.87698855,47996134.18529706,12546234.72291738,2872903143.8356166,3000000000.0,,2026-08-25,49906631.06,26.1254
367,BIM,BIM,bim,1.5983988782601313,0.61996581,1.50720083,28.06202307,47951966.347803935,234768.58747282,30000000.0,30000000.0,30000000.0,2026-08-25,47932420.76,0.4896
368,peaq,PEAQ,peaq,0.019580560749963827,0.61426747,0.56115973,0.43768948,47912550.37873682,1131359.77014077,2446944752.5309167,4436972637.740266,5667620228.64,2026-08-25,111283954.39,2.3842
369,Xphere,XP,xphere,0.016340180848801195,0.26128326,2.5348532,2.26894511,47820816.438087724,395455.22885893,2926578162.1747546,2926578162.1759095,5500000000.0,2026-08-25,89872003.23,0.8271
370,Casper,CSPR,casper,0.0028523052022818153,-1.77343224,14.8382996,-7.50045281,47688031.199406244,3975315.7710882,16719119385.0,19849881870.0,,2026-08-25,56813616.55,8.291
371,Astar,ASTR,astar,0.005400616937994248,0.79673114,0.2160537,20.85331916,47242825.28498532,1837288.07271317,8747671947.0,8748450151.0,10000000000.0,2026-08-25,53792232.87,3.9177
372,Celo,CELO,celo,0.07766425695878505,-0.132636,2.14209024,31.67604847,47011477.8657201,3433265.99402809,605316779.0,1000000000.0,1000000000.0,2026-08-25,77678839.34,7.289
373,Alaya Governance Token,AGT,alaya-ai,0.015215600553390978,0.59816747,1.10932538,2.58798596,46973010.46383352,4978898.47660918,3087161121.18,5000000000.0,5000000000.0,2026-08-25,76161470.97,10.5729
374,SPACE ID,ID,space-id,0.0313389624037883,0.87810518,0.85123794,12.99376132,46717516.899041906,7240575.39982451,1490716772.8499722,1994841761.516639,2000000000.0,2026-08-25,62709626.05,15.6588
375,Espresso,ESP,espresso,0.08928356606159939,-0.71503789,-0.63831531,22.56980804,46476560.313365564,18046485.48176104,520550000.0,3590000000.0,,2026-08-25,319686165.4,38.8582
376,Mog Coin,MOG,mog-coin,1.1958274183996444e-07,1.26892017,1.83583645,25.55644813,46705135.68453684,7739732.82540096,390567526433216.7,390567526433216.7,420690000000000.0,2026-08-25,50323359.2,16.6654
377,XYO,XYO,xyo,0.0033251013515321714,0.35635599,-2.04700003,13.6087066,46112552.74627734,1255174.44751158,13868014196.027187,13930752875.47967,13931216938.0,2026-08-25,46396050.36,2.7204
378,Polymesh,POLYX,polymesh,0.035039318478875654,0.61865252,-1.04259172,23.28546577,45937632.74862173,1050282.59365754,1311031000.112528,1311472375.178569,,2026-08-25,45968124.63,2.2681
379,MegaETH,MEGA,megaeth,0.04018924329048651,0.93933143,-4.01829833,25.61787433,45405517.22476905,10179243.15634022,1129792788.0,10000000000.0,10000000000.0,2026-08-25,400426558.62,22.3621
380,DAPPOS,DOS,dappos,0.22706595232779503,-1.32260379,-1.4750448,3.04721766,45413190.465559006,240382140.3649601,200000000.0,1000000000.0,1000000000.0,2026-08-25,226176628.86,531.2926
381,VVS Finance,VVS,vvs-finance,1.0404590303443262e-06,1.44548921,3.86503368,28.57382167,45312335.0307382,132431.04902066,43550330872463.74,95109375459623.39,100000000000000.0,2026-08-25,104013324.69,0.292
382,SentismAI,SENTIS,sentismai,0.2191285118988549,-0.13798865,0.31154152,-1.10856293,45247602.97021783,2723049.53323729,206488889.0,1000000000.0,1000000000.0,2026-08-25,219188120.83,6.0208
383,SPDR S&P 500 Tokenized ETF (Ondo),SPYon,spdr-sp-500-tokenized-etf-ondo,769.994904001582,0.0128749,-0.41819735,-1.09282398,45226559.71628286,1789659.03119455,58736.18056593,58736.18056593,,2026-08-25,45230984.76,3.9674
384,Vitalum,VAM,vitalum,0.13280172057421627,0.99070872,2.84549543,24.07710602,45115250.447528504,785909.57651949,339718870.0,1000000000.0,1000000000.0,2026-08-25,132791064.19,1.7415
385,StorX Network,SRX,storx-network,0.05406439772549988,-0.02797555,5.06921364,5.2932238,45089707.7030669,1228719.01905823,834000000.0,977000000.0,1500000000.0,2026-08-25,81163862.56,2.7293
386,KUB Coin,KUB,bitkub-coin,0.6489400208756935,0.19351142,1.84058703,34.29925228,44760492.57733628,349516.04154994,68974776.0,110000000.0,110000000.0,2026-08-25,71477422.65,0.7742
387,Moo Deng (moodengsol.com),MOODENG,moo-deng-solana,0.045089125994292864,1.75287674,0.97450607,28.21837187,44636962.82285991,6769304.42771942,989971791.17,989971791.17,989971791.17,2026-08-25,44432901.06,15.2191
388,Pirate Chain,ARRR,pirate-chain,0.22698733873695243,1.63523223,-1.34877286,23.77051825,44538047.824805185,67083.27240396,196213797.97055,196213797.97055,,2026-08-25,44537320.04,0.1506
389,Altlayer,ALT,altlayer,0.006446421151234923,0.45358834,-0.79045522,8.53070848,44386892.316443406,9172003.26569021,6885509226.765356,10000000000.0,10000000000.0,2026-08-25,64275061.23,20.6371
390,EscoinToken,ELG,escointoken,0.28221691134458726,0.78051128,0.13829206,3.37963604,44346789.06149883,290810.13426754,157137248.97,225000000.0,370000000.0,2026-08-25,104424047.45,0.6558
391,Request,REQ,request,0.05576248862212636,1.10359477,1.54502291,9.82938183,44425686.42881877,1061808.68335122,796694830.6390833,999416740.9347085,,2026-08-25,55724038.71,2.3895
392,SanDisk Tokenized bStocks,SNDKB,sandisk-tokenized-bstocks,1475.5268929046733,0.850803,-7.38494163,-18.02578381,44161513.31704105,90061153.24902429,29929.31781142,29929.31781142,,2026-08-25,43994663.2,204.7886
393,REAL,ASSET,real-finance,0.25089300524063557,0.08525544,-1.57563158,-2.17167719,44166559.59664501,818911.49110283,176037429.0,1000000000.0,1000000000.0,2026-08-25,250961732.47,1.8553
394,Magma Finance,MAGMA,magma-finance,0.2321625928077289,4.62351902,-0.17260193,45.77757956,44110892.633468494,1098330.95461793,190000000.0,1000000000.0,1000000000.0,2026-08-25,231510053.38,2.5391
395,Amp,AMP,amp,0.0004865731434230397,-3.10718534,15.08169856,29.65510691,43685117.34848533,50650919.12614765,89781193103.18022,99720253743.71327,100000000000.0,2026-08-25,48832132.9,116.1415
396,Locus Chain,LOCUS,locus-chain,0.00784437438929672,-1.21958443,0.86984589,68.32205633,43698280.90300349,137124.65466173,5570652130.350604,7000000000.0,7000000000.0,2026-08-25,54882745.32,0.3142
397,River,RIVER,river,2.2201100270626486,0.15735021,-4.00076031,-17.12931922,43514156.53042791,3719534.84913743,19600000.0,100000000.0,100000000.0,2026-08-25,220951898.14,8.5912
398,Ronin,RON,ronin,0.05613682378773475,0.39469249,0.79857124,16.29744057,43360176.97172456,1244475.70502305,772401679.4337813,1000000000.0,1000000000.0,2026-08-25,56072284.82,2.8748
399,Gravity,G,gravity-token,0.003920161293030126,0.54186864,1.84032043,4.02950714,43206841.72339014,4352359.71755481,11021700000.0,12000000000.0,12000000000.0,2026-08-25,46944768.7,10.0822
400,Score,SN44,score,9.97970960077852,0.48723094,1.58068637,27.81630729,43092256.31993684,813951.41438727,4317987.0,4317987.0,21000000.0,2026-08-25,208856293.19,1.9483
401,Mask Network,MASK,mask-network,0.43080005596603654,0.68041935,0.74479254,23.41630125,43080005.596603654,5598440.2087968,100000000.0,100000000.0,100000000.0,2026-08-25,42893593.36,13.0012
402,Nockchain,NOCK,nockchain,0.018925158919688583,0.89811163,-9.30299895,52.58140378,43074199.47852708,1059174.70902208,2276028416.0,4294967296.0,4294967296.0,2026-08-25,81337103.94,2.3898
403,XPIN Network,XPIN,xpin-network,0.001047632229665328,-0.32780762,-1.72372797,-29.28839809,43046631.92645768,1895874.35038625,41089449816.0,100000000000.0,100000000000.0,2026-08-25,104833918.49,4.3951
404,ApeX Protocol,APEX,apex-token,0.2934926465771635,1.28390285,-2.40699195,60.00587006,42914886.888688676,4642891.36952723,146221336.0,499999990.0,500000000.0,2026-08-25,146145788.95,10.8377
405,Lombard,BARD,lombard,0.12095956208796593,0.64562626,-0.07184249,17.41194418,42751645.22546546,5306151.47758123,353437500.0,1000000000.0,1000000000.0,2026-08-25,120690042.57,12.4034
406,ssv.network,SSV,ssv-network,2.6705439710119685,0.02628615,1.14015428,25.0767122,42530582.13535908,6780355.66966988,15925812.34273505,17361673.60305064,,2026-08-25,46339778.98,15.9335
407,Frankencoin,ZCHF,frankencoin,1.247424470571002,0.03365695,-0.05012637,0.95894608,42582412.824579075,395334.49009206,34136265.42462102,34136265.42462102,,2026-08-25,42581642.05,0.9249
408,Keeta,KTA,keeta,0.07179768571199492,2.00938066,-7.7785093,-23.08562988,42473264.0506752,1427796.00445824,591568706.281843,1000000000.0,1000000000.0,2026-08-25,71661692.39,3.4037
409,Aztec,AZTEC,aztec,0.01471607845317529,0.08434299,5.32386501,26.68009063,42376413.62733218,6510733.56304774,2879599600.0,10350000000.0,10350000000.0,2026-08-25,152878986.49,15.3447
410,Verge,XVG,verge,0.0025519831469118792,0.92168557,-1.54026671,26.81132078,42163741.105415,1368648.83078785,16521951234.841335,16521951234.841335,16521951235.741348,2026-08-25,42138403.99,3.2366
411,Magic Eden,ME,magiceden,0.07168858127800516,-0.54624297,7.29963957,22.87164423,42068966.42419491,175987862.4216714,586829390.039863,999990701.487384,1000000000.0,2026-08-25,71269451.84,420.6015
412,Notcoin,NOT,notcoin,0.00042337879865697787,0.54457778,-0.91546967,11.48167317,42096281.238168396,5831377.71859368,99429355866.90741,102452705868.52051,102456957533.56,2026-08-25,43255514.97,13.9201
413,Ore,ORE,ore-new,87.22256801505735,1.65804961,10.50668826,51.2060492,42067308.83520764,844398.64677304,482298.44399841,482298.44399841,3000000.0,2026-08-25,260149002.47,2.0196
414,Threshold,T,threshold,0.00375875675943694,1.12026964,-0.68155734,13.83735514,41928931.65151907,3086212.95930876,11155000000.0,11155000000.0,11155000000.0,2026-08-25,41759993.92,7.1393
415,Audiera,BEAT,audiera,0.12570807730227243,-2.82969667,-6.09601386,-57.02399455,41548614.599217355,27134255.14807004,330516666.0,1000000000.0,1000000000.0,2026-08-25,124921767.34,65.6282
416,Ontology Gas,ONG,ontology-gas,0.0867050265195505,4.18618687,17.33366833,50.04924904,41495568.09405605,26801901.65318732,478583189.0,800000000.0,1000000000.0,2026-08-25,85372321.28,66.2366
417,Paycoin,PCI,payprotocol,0.03845740211181647,0.05653547,-3.30140001,7.89220978,41114270.83943153,704087.21692895,1069086016.7800754,1900000000.0,1900000000.0,2026-08-25,73040403.48,1.704
418,Aegis YUSD,YUSD,aegis-yusd,0.9995925166345946,-0.00298312,-0.01842373,0.06598822,40642663.107173026,36644.36229203,40659231.0674832,40659231.0674832,,2026-08-25,40642731.66,0.0897
419,LAB,LAB,lab,0.06854488781352695,-1.02022602,-3.01254649,-20.59094832,40528451.60457294,8184969.19680625,591268771.4192287,989999998.7777778,1000000000.0,2026-08-25,68314124.0,20.2774
420,Ankr,ANKR,ankr,0.0040414114184786475,0.40740747,0.40746038,20.17554697,40414114.184786476,5609355.18127155,10000000000.0,10000000000.0,10000000000.0,2026-08-25,40248091.13,13.9004
421,PumpMeme,PM,pumpmeme,1.2629027615121058,0.5128889,2.99787915,23.70557963,40423010.53402091,124376.82982675,32008015.0,100000000.0,100000000.0,2026-08-25,126165042.58,0.3079
422,Union,U,union,0.021069494240784022,-2.87839483,7.48455304,30.23498604,40433412.92277658,2340022.22614169,1919050000.0,10000000000.0,,2026-08-25,214459573.84,5.7598
423,cat in a dogs world,MEW,mew,0.0004488256973211737,3.25726653,3.28562389,40.61457166,39894083.27531615,5034364.85625453,88885470492.05267,88885486460.47198,88888888888.0,2026-08-25,39873227.72,12.8299
424,Micron Technology Tokenized Stock (Ondo),MUon,micron-technology-tokenized-stock-ondo,905.4744423078224,0.57116594,-5.92826227,-10.95596308,39753000.409835815,7116854.64666313,43902.95137267,43902.95137267,,2026-08-25,39669125.99,17.9655
425,ETHGas,GWEI,eth-gas,0.02267160519104451,-0.10088203,-2.3197783,-4.26563995,39675309.08432789,95923535.30323692,1750000000.0,10000000000.0,10000000000.0,2026-08-25,225453762.23,243.1686
426,Gemini Dollar,GUSD,gemini-dollar,0.9998011822425276,-0.07276774,-0.00406252,-0.00649052,39355585.404789165,7031888.39987594,39363411.55,39363411.55,148548675.98,2026-08-25,148579941.6,17.7104
427,Micron Technology Tokenized bStocks,MUB,micron-technology-tokenized-bstocks,903.3216808656698,0.64997059,-6.01202778,-11.14686319,39285119.25868835,24585747.59475553,43489.62290049398,43489.62290049398,,2026-08-25,39181419.66,62.9449
428,Strategy Tokenized bStocks,MSTRB,strategy-tokenized-bstocks,125.3056066924932,1.81228938,3.98042184,28.3628829,39308915.369306825,44464146.10108315,313704.36173517,313704.36173517,,2026-08-25,39235598.49,113.3794
429,Rocket Pool,RPL,rocket-pool,1.7254811735803395,0.22614246,0.59239598,26.78303138,39176043.44864241,9786802.21283041,22704416.62794436,22704416.62794436,,2026-08-25,38992754.67,24.9882
430,Tutorial,TUT,tutorial,0.047247324740572576,-0.62257181,-21.69089609,4.07882262,39291807.734554715,304706559.1241827,831619736.150135,831619736.150135,1000000000.0,2026-08-25,46967843.16,777.2836
431,Ampleforth,AMPL,ampleforth,1.3759307348180645,5.3795913,-2.74840862,4.12710206,38903744.75565666,5033.4150234,28274493.6,10630913.57552586,,2026-08-25,14622815.84,0.007
432,MarsCoin,MARSCOIN,marscoin-meme-bsc,0.03853095042751923,-4.02446495,16.38272625,5.47549706,38530950.42751923,15563121.75977079,1000000000.0,1000000000.0,1000000000.0,2026-08-25,38731648.49,40.0824
433,VeThor Token,VTHO,vethor-token,0.00037728765286760933,-0.05678189,1.26900629,20.1809776,38668776.28127431,2850572.74030472,102491496839.0,102491496839.0,,2026-08-25,38657583.32,7.3375
434,Eurite,EURI,eurite,1.1667505010316306,-0.02211301,-0.15648439,0.72582159,38665938.32995591,23119173.63218271,33139851.48990108,33139851.48990108,,2026-08-25,38655693.92,59.8945
435,Seeker,SKR,solana-mobile-seeker,0.007849054852477153,1.08493112,-1.21335503,11.67933051,38638795.98974994,3314584.78771702,4922732318.217343,10540148883.235785,,2026-08-25,82671731.15,8.5766
436,Zerebro,ZEREBRO,zerebro,0.03851700784461731,2.3618161,3.93856214,-5.44907416,38515001.22918447,5648574.98774481,999947903.133054,999948133.02387,1000000000.0,2026-08-25,39227172.46,14.6528
437,Neiro,NEIRO,neiro,9.151654161943757e-05,0.63772966,-0.13944803,45.00512154,38499579.638583474,9273574.18453296,420684380739.38745,420690000000.0,420690000000.0,2026-08-25,38450604.54,23.9191
438,Perle,PRL,perle,0.21863409366723094,0.38693799,-2.04976937,-46.15902148,38260966.391765416,4881728.51905796,175000000.0,1000000000.0,1000000000.0,2026-08-25,218475717.51,12.701
439,Dusk,DUSK,dusk,0.07608851547892787,0.9253205,-0.03696424,13.39856395,37968169.1719652,4698081.52577755,498999999.31632507,500000000.0,1000000000.0,2026-08-25,75890621.46,12.3938
440,NotInEmploymentEducationTraining,NEET,notinemploymenteducationtraining,0.03795006059988865,0.71817614,17.09208993,67.89407095,37941181.196509734,1620479.63174679,999766024.0,999766024.0,1000000000.0,2026-08-25,38642177.44,4.2761
441,NVIDIA Tokenized Stock (Ondo),NVDAon,nvidia-tokenized-stock-ondo,209.14818749863127,0.17072648,-3.60598778,-7.10406458,37823902.14798108,1893601.06592407,180847.38194649,180847.38194649,,2026-08-25,37822369.1,5.0286
442,COTI,COTI,coti,0.012544112125812877,0.32145741,4.92457742,24.85327657,37685370.55949237,35845349.45506273,3004227814.732667,3004264694.8901405,4910000000.0,2026-08-25,61531388.73,95.1182
443,SpaceX tokenized stock (xStock),SPCXx,spacex-tokenized-stock-xtock,135.1708664551476,0.33565193,-0.71466124,-7.12781123,37480118.40365142,8104794.48649102,277279.56020825,1264527.00536715,,2026-08-25,170665025.78,22.5025
444,Rekt (rekt.com),REKT,rekt-eth,1.3099406597327642e-07,0.37393533,-2.61859612,31.07336528,37144345.48707827,337169.49095735,283557466600479.0,420690000000000.0,420690000000000.0,2026-08-25,55087806.21,0.8881
445,KGeN,KGEN,kgen,0.1724781555809109,-0.09292337,1.60848184,-0.57014819,36891708.604150295,149537512.86607853,213892063.49,978000000.0,978000000.0,2026-08-25,168194785.35,406.5637
446,Fractal Bitcoin,FB,fractal-bitcoin,0.3380438799031248,-0.27348007,0.59274327,-2.13240407,36929493.77749352,1255337.94597502,109244674.9459763,156494650.0,210000000.0,2026-08-25,71095310.17,3.3962
447,Siacoin,SC,siacoin,0.0006567623135934722,-3.33576515,-2.5056035,42.13360476,36795526.66278504,5683537.43012863,56025636522.075195,62217525676.30304,,2026-08-25,41514704.55,15.2654
448,GOHOME,GOHOME,gohome,73.40412188627916,0.65374587,0.82496243,5.5768759,36694353.51034152,301436.1268338,499895.0,9999895.37,9999895.37,2026-08-25,735121942.72,0.8222
449,牛来 (Niu Lai),牛来,niu-lai,0.03657230097535945,6.22573925,-7.81815287,14.32594834,36572300.97535945,38258760.00974149,1000000000.0,1000000000.0,1000000000.0,2026-08-25,36965584.58,103.8869
450,BitDCA,BDCA,bitdca,0.4463714669420666,1.4732464,-4.53058215,-3.72807903,36592392.74346463,116140.59171539,81977445.8124445,142665333.0,142665333.0,2026-08-25,63641982.88,0.3177
451,Tornado Cash,TORN,torn,6.922745322712393,-0.00115306,1.85596173,25.58890611,36415464.06385398,59245.48925732,5260263.43109587,9999997.246815,,2026-08-25,69227434.17,0.1625
452,Helium,HNT,helium,0.194388109496315,1.73942849,2.80381959,11.93955743,36218672.14898379,2635160.53580231,186321438.2959488,186321438.2959488,223000000.0,2026-08-25,43332998.35,7.2994
453,StraitsX USD,XUSD,straitsx-xusd,1.0004141731118144,0.00425733,0.00200566,0.00170476,36146769.16283938,10804161.50784574,36131804.341,36131804.341,,2026-08-25,36153486.18,28.0025
454,Subsquid,SQD,subsquid,0.03187682922302634,0.53585583,3.82946986,-19.40699088,36060830.366511576,2442784.35949234,1131255248.5760694,1336997644.8069928,1337000000.0,2026-08-25,42072227.48,6.8416
455,Fogo,FOGO,fogo,0.009288679462515695,0.62220125,0.26639311,12.87220047,36025539.44264657,1894515.47653991,3878434990.4662995,10052434992.471048,,2026-08-25,93143558.91,5.2709
456,Orochi Network,ON,orochi-network,0.24979117574031096,1.76180525,3.50774807,-27.07206362,36038621.879933365,2889336.07369201,144275000.0,700000000.0,1000000000.0,2026-08-25,250162969.59,8.0186
457,Alphabet tokenized stock (xStock),GOOGLX,alphabet-tokenized-stock-xstock,348.7030364190604,0.14355027,0.95070947,1.23317135,35932913.34147258,26983748.01475291,103047.31989282,498297.49633755,,2026-08-25,173660873.65,75.179
458,Giggle Fund,GIGGLE,giggle-fund,36.265651997644426,1.2318895,-2.12725667,6.93451431,35835697.9540379,20407273.9954816,988144.31783456,988144.31783456,988144.31783456,2026-08-25,35829268.66,57.1083
459,Propy,PRO,propy,0.35819698715382037,0.33348024,1.53361487,9.85792982,35819698.71538204,1003248.75859303,100000000.0,100000000.0,,2026-08-25,35824150.68,2.7825
460,HashKey Platform Token,HSK,hashkey-platform-token,0.10360697035726098,0.03834063,2.16605611,20.04462769,35740261.42690348,987849.0175414,344960009.0,1000000000.0,1000000000.0,2026-08-25,103607565.25,2.7511
461,Memecoin,MEME,meme,0.0005507874243710262,0.90444067,-1.15531176,20.38260224,35510563.33453686,7695612.40447254,64472356781.0,69000000000.0,69000000000.0,2026-08-25,37895088.99,21.5243
462,Celo Dollar,CUSD,celo-dollar,1.0000838792862823,0.00662221,-0.00040692,-0.01504244,35557147.877397045,116204.38934055,35554165.61936053,57241566.21607361,1000000000000000.0,2026-08-25,1000127800388013.2,0.3024
463,Irys,IRYS,irys,0.013784459453817498,0.63508608,-2.27671158,-4.98377986,35382131.957114086,2566717.075902,2566813162.0,10000000000.0,,2026-08-25,137642551.43,7.2436
464,0G,0G,zero-gravity,0.16559732115541007,0.01797943,1.09773034,11.88241827,35312634.821269624,19853317.82793614,213243998.0,1000000000.0,,2026-08-25,165939334.75,56.2097
465,Dogelon Mars,ELON,dogelon,3.5432606368271275e-08,0.72752597,1.22523383,31.71063866,35382432.13533546,3008151.74265369,998583953085067.2,998583953085067.2,1000000000000000.0,2026-08-25,35483759.83,8.4967
466,ChangeNOW Token,NOW,now-token,0.41456085038742774,-0.00332827,1.7329804,28.19769229,35156281.5511748,0.0,84803670.0,199763509.8661694,200000000.0,2026-08-25,82912170.08,
467,Moca Network,MOCA,mocaverse,0.008288218221213048,0.47907865,-2.07344921,13.31884559,35085571.24811289,1633862.13103533,4233186230.3425,8888888888.0,8888888888.0,2026-08-25,73492647.66,4.6693
468,NVIDIA tokenized stock (xStock),NVDAX,nvidia-tokenized-stock-xstock,209.28311853489674,0.18527794,-3.52753402,-7.1061044,35075419.35616308,26976622.78679701,167597.93910618,953132.04796627,,2026-08-25,199436879.86,76.8916
469,Talus,US,talus-network,0.01590130991818421,-2.36521083,-14.22615652,-11.36428075,34982881.82000526,20953012.34137041,2200000000.0,10000000000.0,10000000000.0,2026-08-25,159210778.15,59.9061
470,AI Analysis Token,AIAT,ai-analysis-token,0.23862750105275005,-0.7316939,-0.52668449,-2.62381797,34932551.56796592,367030.43302786,146389462.2952275,500000000.0,500000000.0,2026-08-25,119542712.05,1.0532
471,Movement,MOVE,movement,0.008046385789989627,1.64207766,-3.08392671,30.92698387,34850908.45289257,9208997.27794446,4331250000.0,10000000000.0,10000000000.0,2026-08-25,80019572.96,26.573
472,Avantis,AVNT,avantis,0.10206846081207065,0.58502127,1.12876778,9.94579305,34816252.38135482,33868961.12755028,341106862.04486626,1000000000.0,1000000000.0,2026-08-25,101792812.07,97.2033
473,APRO,AT,apro,0.1389564915033242,-0.02512217,-0.67750127,-8.38433578,34739122.87583105,5588956.39179377,250000000.0,1000000000.0,1000000000.0,2026-08-25,138761978.88,16.967
474,SMART,SMART,smart-blockchain,0.005168819863062049,-0.78687788,-1.0603959,12.05784844,34736692.63055063,147827.77441791,6720430108.0,836732311077.0,836732311077.0,2026-08-25,4342044166.93,0.425
475,Terra,LUNA,terra-luna-v2,0.04870547640133578,0.67846895,0.51141993,15.35501601,34580130.33498075,7199681.77660457,709984438.91686,1186707049.0,,2026-08-25,57843056.01,20.8466
476,MultiBank Group,MBG,multibank-group,0.10472411467960628,0.6127885,0.04747456,-1.79480675,34474896.97240725,7708338.23265504,329197311.2198656,977514798.0,1000000000.0,2026-08-25,104701044.95,22.3515
477,BUSD,BUSD,binance-usd,1.0013411843281075,-0.00229369,-0.05048531,0.13460127,34461834.55613249,1140579.55410888,34415676.78978082,34415676.78978082,,2026-08-25,34475002.15,3.2838
478,Nasdaq tokenized ETF (xStock),QQQX,nasdaq-tokenized-stock-xstock,708.3156519740364,0.22307918,-1.05109607,-3.0759347,34426974.96230159,3348286.51352724,48604.00143122,258608.70299537,,2026-08-25,183125967.39,9.6824
479,PlaysOut,PLAY,playsout,0.036378331623766906,-0.45178129,1.57961944,-2.17001446,34369742.87761253,871664.44784164,944786122.4938059,3999999999.442537,5000000000.0,2026-08-25,181247037.04,2.5421
480,WINkLink,WIN,wink,3.436859941801317e-05,0.00243061,-0.98784601,14.82508462,34152140.966365606,3219025.03559564,993701854154.286,993701854154.286,993701859243.3864,2026-08-25,34154913.7,9.4441
481,Mango,MNGO,mango-markets,0.030531981573130276,0.93506186,3.90778086,21.20668908,34118481.52886263,1109.76306505,1117466989.397395,1117466989.397395,,2026-08-25,34118416.6,0.0033
482,UMA,UMA,uma,0.374077371917663,0.67146039,-0.63259018,16.93136713,33996829.50329911,2370484.66855992,90881812.30802178,129600042.9614884,,2026-08-25,48410385.85,6.9881
483,Railgun,RAIL,railgun,2.1537350286720365,-3.10832391,0.51866873,51.41946756,33977118.484082565,235208.14520741,15775904.66410921,60000000.0,100000000.0,2026-08-25,215371141.5,0.6847
484,Collect on Fanable,COLLECT,collect-on-fanable,0.0631720523727894,1.08646113,7.40242129,5.95160327,33923392.12418791,2841780.7908351,537000000.0,3000000000.0,3000000000.0,2026-08-25,190453940.47,8.401
485,Momentum,MMT,momentum-token,0.16535749590730756,-0.1905219,-1.27293511,0.19710611,33748708.2387802,8905487.98611951,204095424.0,1000000000.0,,2026-08-25,165177089.78,26.1461
486,Succinct,PROVE,succinct,0.17161107985588392,0.21229058,-1.4776396,13.9055877,33464160.571897365,5433027.51245646,195000000.0,1000000000.0,1000000000.0,2026-08-25,171167632.88,16.2147
487,Bancor,BNT,bancor,0.32917805294008384,0.37719277,0.55272379,23.67352103,33405129.030297175,2497192.70295611,101480425.9638096,101480425.9638096,,2026-08-25,33425266.08,7.4894
488,Open Campus,EDU,open-campus,0.04133450578456476,0.22912417,0.75245637,8.92757631,33442485.613132596,2678387.18625409,809069444.0,1000000000.0,1000000000.0,2026-08-25,41152075.83,8.1723
489,Band,BAND,band-protocol,0.18442314878699204,0.77398518,-2.09868726,21.83588799,33411001.78297993,2038645.75783264,181164902.577222,181164902.577222,,2026-08-25,33347550.11,6.1118
490,Solayer,LAYER,solayer,0.06998610199533878,1.42056586,1.94313688,15.89514086,33277398.335413795,11663557.75391367,475485809.1343641,999998304.5128648,,2026-08-25,69948649.46,35.1998
491,Invesco QQQ Tokenized ETF (Ondo),QQQon,invesco-qqq-tokenized-etf-ondo,709.1858117040027,0.16178463,-0.93727372,-3.21650026,32531275.530497614,3200198.21713617,45871.3005726,45871.3005726,,2026-08-25,32526194.64,9.8545
492,Hims & Hers Health Tokenized Stock (Ondo),HIMSon,hims-hers-health-tokenized-stock-ondo,31.084307130099486,0.00547101,-7.91304464,8.46096945,32434874.768779103,1534741.23145085,1043448.5360419,1043448.5360419,,2026-08-25,32453367.33,4.7415
493,Euler,EUL,euler-finance,1.3482895107150625,-1.66193872,2.02838285,17.18464141,32379162.669465054,19984050.55666601,24014992.63484801,27182818.28459045,27182818.28459045,2026-08-25,37238031.98,60.9789
494,Burnedfi,BURN,burnedfi-app,2.627085460191084,0.53791683,-3.81980263,-11.47564958,32268026.66838836,96653.15437492,12282823.36351605,12282823.36351605,21000000.0,2026-08-25,55318811.04,0.3331
495,Snek,SNEK,snek,0.00043164154154463425,0.05173572,-1.84924774,40.48984389,32243348.5861996,1179367.07277088,74699363900.0,75243376132.0,76715880000.0,2026-08-25,33130229.31,3.6558
496,SK Hynix Tokenized bStocks,SKHYB,sk-hynix-tokenized-bstocks,152.48963856836755,0.11771296,-7.95244857,-12.89762672,32155203.37223719,20006358.44137339,210868.11978914,210868.11978914,,2026-08-25,32039781.61,61.8975
497,Liquity BOLD,BOLD,liquity-v2,1.0005142295656961,0.04321246,-0.1806504,0.02880422,32046714.38799181,3174680.38385218,32030243.48979291,32030243.48979291,,2026-08-25,32046305.23,9.9251
498,Atoshi,ATOS,atoshi,0.035355175214147765,0.39276608,-2.33841048,-6.29812939,31931402.426235605,20542.19662548,903160633.0,100000000000.0,100000000000.0,2026-08-25,3546097200.5,0.0646
499,Core,CORE,core-dao,0.025301147934525536,0.84113286,-1.51583431,21.15078047,31592860.186074786,4685003.98409742,1248672995.7008662,2093769839.0352812,2100000000.0,2026-08-25,52929925.34,14.8645
500,Undeads Games,UDS,undeads-games,0.25027893025316356,0.2907863,-0.95969103,-5.54184304,31159071.7123888,147904.35631593,124497382.50387517,250000000.0,250000000.0,2026-08-25,62563776.01,0.4747
501,Vana,VANA,vana,1.029591940739405,1.15219224,0.05518831,20.89189412,30974243.94520426,2447679.50291011,30084000.0,112641600.0,120000000.0,2026-08-25,,
502,τemplar,SN3,templar,7.336104024623909,0.38176443,8.61213353,23.0316517,30947156.753067296,9245382.07212529,4218473.0,4218473.0,21000000.0,2026-08-25,,
503,ZORA,ZORA,zora,0.006910776828973949,0.12093403,1.63417864,44.14193716,30891172.418602776,18260775.67706307,4469999999.0,10000000000.0,10000000000.0,2026-08-25,,
504,LUSD,LUSD,lusd,0.9997780898755475,-0.00758124,-0.027261,0.04815697,30769990.223584004,27040.39286234,30776819.91152082,10000000000000.0,10000000000000.0,2026-08-25,,
505,World Mobile Token,WMTX,world-mobile-token,0.035474462533583044,0.02785131,2.32716573,17.72348013,30689340.73294698,1147379.50080866,865110802.0,2000000000.0,2000000000.0,2026-08-25,,
506,Lista DAO,LISTA,lista-dao,0.06951181338002552,0.71547016,-0.3274086,16.88660196,30659068.006097108,2906882.15835372,441062698.7744087,795588564.255041,800000000.0,2026-08-25,,
507,Fabric Protocol,ROBO,fabric-foundation,0.013728078860188146,0.98694443,1.8578409,4.55206697,30627343.937079754,11044198.88157247,2231000000.0,10000000000.0,10000000000.0,2026-08-25,,
508,Anoma,XAN,anoma,0.01222772520243115,2.1382147,-0.30012397,15.30993167,30569313.006077874,2349355.93746858,2500000000.0,10000000000.0,10000000000.0,2026-08-25,,
509,EthereumPoW,ETHW,ethereum-pow,0.28027583741097595,1.58087881,1.68912985,18.03910689,30219060.247532353,1817419.89683927,107818999.04993,107818999.04993,,2026-08-25,,
510,iota,SN9,iota-macrocosmos-ai,7.53591529727362,0.21405277,-1.66036295,17.58917881,30176321.845992863,200133.20156307,4004334.0,4004334.0,21000000.0,2026-08-25,,
511,TerraClassicUSD,USTC,terrausd,0.005379892460286089,-1.02955527,-0.24751777,10.75592015,29985878.14792933,7052677.57862098,5573694710.309276,6077250408.574717,6077250408.576031,2026-08-25,,
512,Sahara AI,SAHARA,sahara-ai,0.008371570163988302,1.32483948,-0.39314572,12.3174062,29932723.53463297,8559538.76202846,3575520834.0,10000000000.0,10000000000.0,2026-08-25,,
513,Waves,WAVES,waves,0.2187722055336992,-0.56661799,-1.54125229,15.26359866,29731637.157214228,4185339.25145953,135902260.0,135902260.0,,2026-08-25,,
514,Status,SNT,status,0.006116663949558949,0.86694876,-1.18438083,19.2104532,29435194.28957521,1470488.46237986,4812295482.0327635,6804870174.878168,,2026-08-25,,
515,LCX,LCX,lcx,0.030824881411989507,15.81804622,12.44406393,109.71020928,29259740.62949932,419401.18500611,949224759.0,949224759.0,,2026-08-25,,
516,DEAPcoin,DEP,deapcoin,0.0009798080865721878,0.01788897,-0.30714742,-0.89143583,29250111.392534327,80170.84030116,29852898535.32895,29852898535.328953,,2026-08-25,,
517,Vanta Network,VANTA,proprietary-trading-network,6.808777460360269,0.10441281,1.60909482,19.07688135,29237469.160871126,561179.25412472,4294085.0,4294085.0,21000000.0,2026-08-25,,
518,Impossible Cloud Network,ICNT,impossible-cloud-network,0.11513509393662151,0.19930031,1.9138647,-10.28493531,29129884.42895598,788722.02600088,253006129.0,700000000.0,700000000.0,2026-08-25,,
519,Pax Dollar,USDP,paxos-standard,0.9995389909796863,-0.010425,-0.05654397,0.02251864,29154814.579077233,2316017.36464813,29168261.41069443,29168261.41069443,,2026-08-25,,
520,Manta Network,MANTA,manta-network,0.06079811144197785,0.49361858,0.35257532,7.47820078,29131267.544154976,2164117.04458516,479147573.0616427,1000000000.0,,2026-08-25,,
521,Across Protocol,ACX,across-protocol,0.04011738204530542,0.03896301,-3.33352679,-2.67798869,28821716.275875222,679972.05864501,718434623.7580069,1000000000.0,1000000000.0,2026-08-25,,
522,Frax (prev. FXS),FRAX,frax-share,0.30655339471754267,0.15909605,-0.31772501,8.45215355,28698840.764693853,468862.98604348,93617755.5337036,99681495.59113361,99681495.59113361,2026-08-25,,
523,USDK,USDK,usdk,1.0019558350931463,0.0,0.76190832,0.026315,28656009.02448411,0.0,28600072.0,28600072.0,,2026-08-25,,
524,deBridge,DBR,debridge,0.0148429724851974,0.07925349,-2.25603328,-0.24637456,28568039.358202394,1296472.16840145,1924684519.0,10000000000.0,10000000000.0,2026-08-25,,
525,Osmosis,OSMO,osmosis,0.03624768197589908,1.30076667,0.29527977,19.49448029,28486617.1068595,4004714.19936049,785887967.285746,974607539.340127,1000000000.0,2026-08-25,,
526,BSquared Network,B2,bsquared-network,0.4231328759684326,0.56794352,-1.14399925,-6.57915044,28499425.154265948,2976049.03153518,67353370.0,207444584.9777,210000000.0,2026-08-25,,
527,COINDEPO,COINDEPO,coindepo,0.1128307084198851,-0.12813448,-0.2814514,0.0334216,28243651.59672104,1762979.00876802,250318836.0,1000000000.0,1000000000.0,2026-08-25,,
528,iExec RLC,RLC,rlc,0.32339993753481683,0.16034518,1.38248277,12.07299787,28135725.030288327,2177199.18000249,86999784.9868455,86999784.9868455,86999784.9868455,2026-08-25,,
529,Arcium,ARX,arcium,0.1344681945970647,-0.31358652,-6.83692545,18.65520511,28081173.53402217,7169250.21186594,208831342.0,1000000000.0,1000000000.0,2026-08-25,,
530,Invesco QQQ Trust Tokenized bStocks,QQQB,invesco-qqq-trust-tokenized-bstocks,707.1757353761315,0.22263861,-0.97862116,-3.18494457,28049797.254571766,70540227.16195941,39664.53577434,39664.53577434,,2026-08-25,,
531,TokenPocket,TPT,tokenpocket,0.008063767411036872,0.31995,1.4187419,17.31680541,27952706.21386761,7576.1616875,3466457400.0,3466457400.0,5900000000.0,2026-08-25,,
532,Basecat,BASECAT,basecat,0.028032568321949825,-0.82861302,-14.90602702,88.3604006,28032566.921128653,19019569.18400681,999999950.0287967,999999950.0287967,1000000000.0,2026-08-25,,
533,Hyperlane,HYPER,hyperlane,0.06724986114426319,0.31593763,-0.46941368,8.04896716,27675526.63211619,4374777.68664956,411532844.25,810666666.6666666,1000000000.0,2026-08-25,,
534,The Interfold,FOLD,interfold,0.08432198963147963,-7.40474086,-29.74560158,-5.43247037,27538242.098994642,21856509.08634751,326584349.1045174,1200000000.0,1200000000.0,2026-08-25,,
535,Electronic USD,eUSD,electronic-usd,1.0001475064806937,0.14365174,-0.05136247,0.11993726,27498766.6480573,135141.05958953,27494711.0,27494711.0,,2026-08-25,,
536,Gigachad,GIGA,gigachad-meme,0.002953822040218556,4.97208096,21.4331596,61.28051744,27477669.26196551,3606078.37054987,9302411888.0,9603935545.16,10000000000.0,2026-08-25,,
537,Chainbase,C,chainbase,0.06672176167485974,-0.24053267,0.27188005,3.31747422,27457593.43772951,4467378.54725418,411523807.95238096,1000000000.0,1000000000.0,2026-08-25,,
538,Spacecoin,SPACE,spacecoin-org,0.004783503217269846,0.38761564,-2.38845443,1.3907744,27415452.813977804,2628996.28905452,5731250000.0,21000000000.0,21000000000.0,2026-08-25,,
539,Tokenised GBP,TGBP,tokenised-gbp,1.3633165970672692,-0.08291478,-0.15062019,0.66341363,27351729.356794715,56380.24091955,20062639.46,20062639.46,,2026-08-25,,
540,Defi App,HOME,defi-app,0.006314985392606822,-0.1426926,0.1879379,-6.43915405,27219147.02419911,20235066.62383416,4310247028.61,10000000000.0,10000000000.0,2026-08-25,,
541,Uquid Coin,UQC,uquid-coin,2.7167158746381004,0.00131679,0.520934,0.71812253,27167158.746381003,26756.6603956,10000000.0,40000000.0,,2026-08-25,,
542,BankrCoin,BNKR,bankr-coin,0.0002732066661474435,0.80186672,1.70819222,18.10375439,27129421.948441047,3895873.13117071,99299999999.99966,100000000000.0,100000000000.0,2026-08-25,,
543,Lorenzo Protocol,BANK,lorenzo-protocol,0.035491441092504086,0.52202206,-2.41379978,-0.33706631,27148990.451384787,18446956.56802571,764944719.5064375,1212195831.9983332,2100000000.0,2026-08-25,,
544,iShares Silver Trust Tokenized ETF (Ondo),SLVon,ishares-silver-trust-tokenized-etf-ondo,62.743049424656746,-0.15375263,0.54763587,4.71032175,27137898.021294333,3436232.30116361,432524.37154624,432524.37154624,,2026-08-25,,
545,Degen,DEGEN,degen-base,0.0011027009309175296,-1.49516863,3.89372675,14.72282849,27023345.04288399,2951756.44859146,24506504243.538223,36296303431.12809,,2026-08-25,,
546,MANTRA,MANTRA,mantra-new,0.004262047571799713,0.55173313,-1.79383076,-9.98600645,26947664.751167506,7372559.54090627,6322703887.5562,8078863469.731565,10000000000.0,2026-08-25,,
547,IoTeX,IOTX,iotex,0.002845057596084968,0.85240527,-0.10963324,11.19917624,26861237.161400896,2384197.70642306,9441368497.553144,9441368502.273277,10000000000.0,2026-08-25,,
548,Merlin Chain,MERL,merlin-chain,0.019316644610133927,-0.9969331,1.14747911,4.65055355,26872901.600958142,2721850.38357613,1391178548.0,2100000000.0,2100000000.0,2026-08-25,,
549,MYX Finance,MYX,myx-finance,0.07448816801737522,0.31783001,0.34086139,3.5664557,26918242.939177375,7768894.00296382,361376090.4,1000000000.0,1000000000.0,2026-08-25,,
550,iShares Bitcoin Trust Tokenized Stock (Ondo),IBITon,ishares-bitcoin-trust-tokenized-stock-ondo,45.12609726360684,0.59383318,2.12400196,26.59326133,26861847.791960124,25273892.73329088,595261.93091871,595261.93091871,,2026-08-25,,
551,Liquity USD,LUSD,liquity-usd,1.0098039236053176,0.03199167,-0.15050897,0.66836275,26838509.146436974,708.44781911,26577941.04286608,26577941.04286608,,2026-08-25,,
552,Pipedog,PIPEDOG,pipedog,0.002171935147397921,-1.50437488,3.59266502,-0.39740097,26814013.947462127,3609012.46875954,12345678912.0,12345678912.0,12345678912.0,2026-08-25,,
553,Swarm Network,TRUTH,swarm-network-ai,0.012847291672107096,0.22545136,-0.1918162,0.89726613,26790525.41449079,1372431.46832317,2085305300.0,10000000000.0,10000000000.0,2026-08-25,,
554,SLT,SLT,slt-game,3.142758082130672,0.59001425,1.87444456,21.37273722,26713443.69811071,34864.4232883,8500000.0,100000000.0,100000000.0,2026-08-25,,
555,Cyber,CYBER,cyberconnect,0.3451859012774523,0.08293861,-0.97737849,18.89491356,26677646.470503032,8532642.95749663,77284867.0,100000000.0,100000000.0,2026-08-25,,
556,Renzo,REZ,renzo,0.0031018577868764993,0.77699816,1.35590053,14.74701475,26531557.231362443,6659998.39535917,8553440890.6860695,9814629224.12962,10000000000.0,2026-08-25,,
557,Somnia,SOMI,somnia,0.10852567503398672,0.39515312,-1.56585151,19.72111248,26397340.999679014,5114053.41530967,243235907.0,1000000000.0,1000000000.0,2026-08-25,,
558,Tokenlon Network Token,LON,tokenlon-network-token,0.2135879787215454,0.42292452,1.42693819,26.53232827,26371727.649392266,3727.51242524,123470093.24795887,140451028.83876702,200000000.0,2026-08-25,,
559,龙虾 (Lobster),龙虾,lobster-2,0.02630572600693893,-1.28655976,8.56020023,34.79266819,26305726.00693893,7554932.42986172,1000000000.0,1000000000.0,1000000000.0,2026-08-25,,
560,Gensyn,AI,gensyn,0.02011259969327896,0.09050506,0.26450442,0.06785137,26240412.30007243,3904893.93654434,1304675313.0,10000000000.0,10000000000.0,2026-08-25,,
561,SATS (Ordinals),SATS,sats-ordinals,1.2439897905239688e-08,1.64779595,0.90422485,20.87699282,26123785.601003345,3844796.1490906,2100000000000000.0,2100000000000000.0,2100000000000000.0,2026-08-25,,
562,Synapse,SYN,synapse-2,0.11161227079970118,0.11344328,0.57164024,8.02879275,26047382.366373464,6811764.08547326,233373823.32376307,247460158.46872243,250000000.0,2026-08-25,,
563,Ark of Panda,AOP,ark-of-panda,0.0346642866776728,-0.32267992,-6.55957042,18.67167973,26009769.77048049,2279533.29402078,750333333.3333334,2000000000.0,2000000000.0,2026-08-25,,
564,Orbs,ORBS,orbs,0.005875346780795605,-0.04722279,-1.86647917,12.46070934,25754279.166026317,2253689.46017609,4383448352.394754,10000000000.0,,2026-08-25,,
565,ZEROBASE,ZBT,zerobase,0.07947188992632946,0.03096609,0.57123919,2.0907687,25662797.258897956,6756029.69307914,322916660.0,1000000000.0,1000000000.0,2026-08-25,,
566,Arkham,ARKM,arkham,0.11377134355879615,1.0479657,2.33663006,28.65394462,25609929.435085014,39534989.92450492,225100000.0,1000000000.0,1000000000.0,2026-08-25,,
567,Victoria VR,VR,victoria-vr,0.0015110678789380793,0.02962174,-0.08297575,3.3711482,25385940.366159733,814850.44956103,16800000000.0,16800000000.0,16800000000.0,2026-08-25,,
568,WhiteRock,WHITE,whiterock,3.899694445600471e-05,0.0,-1.41593211,0.35047851,25348013.896403063,0.0,650000000000.0,1000000000000.0,1000000000000.0,2026-08-25,,
569,UNS TOKEN,UNS,uns-token,0.23943754236922096,-0.50306489,-0.35109668,-4.32393688,25285610.111867685,2122.47488804,105604200.0,1000000000.0,1000000000.0,2026-08-25,,
570,Powerledger,POWR,power-ledger,0.044423777567585476,0.68974911,0.27835456,22.97175028,25239784.129549675,1896012.70276178,568159339.694837,1000000000.0,,2026-08-25,,
571,SwftCoin,SWFTC,swftcoin,0.0025188415595333363,-3.57706273,-1.21000285,10.2433486,25188415.595333364,783937.86214328,10000000000.0,10000000000.0,,2026-08-25,,
572,Hive,HIVE,hive-blockchain,0.04303972589215267,0.28712607,-1.09420634,11.73109206,24956263.77023892,763401.22228651,579842535.075,579842535.075,,2026-08-25,,
573,Cetus Protocol,CETUS,cetus-protocol,0.02585103560690115,1.22526354,-3.15686824,20.05794287,24839473.338402618,3707029.73357434,960869565.0,1000000000.0,1000000000.0,2026-08-25,,
574,Infinity Ground,AIN,infinity-ground,0.07879400290107673,-1.48094121,6.64627504,4.15910795,24778103.187237605,2141995.46861233,314466866.4485252,1000000000.0,1000000000.0,2026-08-25,,
575,Cartesi,CTSI,cartesi,0.026444422110933848,0.26007678,-0.82523214,7.98729328,24701860.82607872,2085690.76798884,934104769.7111657,1000000000.0,1000000000.0,2026-08-25,,
576,Steem,STEEM,steem,0.0441728802719803,-0.38473191,2.06898728,26.51788232,24572377.259798862,4622716.0521134,556277451.425,556277451.425,,2026-08-25,,
577,SKALE,SKL,skale-network,0.00396253160748441,0.96642931,0.74800388,18.31467221,24536567.653468095,4269718.42340042,6192144337.0,6342291667.0,7000000000.0,2026-08-25,,
578,Illuvium,ILV,illuvium,3.3231786950424302,0.49183539,-0.10585636,12.29471236,24407330.06162834,1847346.72631309,7344573.4645686,9168164.34450427,,2026-08-25,,
579,Kyber Network Crystal v2,KNC,kyber-network-crystal-v2,0.11689082369994724,0.69285843,-0.6889451,16.18838425,24454537.900915902,3990461.53349249,209208363.21326172,240999936.76919743,,2026-08-25,,
580,Everything,EV,everything,0.00024319375953655597,-0.39681725,1.90437521,13.11697872,24319375.953655597,294103.7382165,100000000000.0,100000000000.0,100000000000.0,2026-08-25,,
581,Freysa,FAI,freysa-ai,0.002965946839110809,1.23643563,2.11048227,14.51610635,24290214.828265794,231175.63723129,8189700000.0,8189700000.0,8189700000.0,2026-08-25,,
582,MVL,MVL,mvl,0.0008758582504663657,0.76997923,1.38872498,21.07325964,24351450.907625426,191801.73243394,27802958863.102654,30000000000.0,30000000000.0,2026-08-25,,
583,QANplatform,QANX,qanplatform,0.013308176727223231,0.20067925,-1.98413632,3.33715465,24074653.687507316,15939.5120025,1809012172.0626206,2200000000.0,3333333000.0,2026-08-25,,
584,Acurast,ACU,acurast,0.11088661333150501,-0.08307723,-1.24614018,-10.96344513,24062395.092936587,4063781.16364459,217000000.0,1000000000.0,,2026-08-25,,
585,Janction,JCT,janction,0.002090320063050441,2.53598147,1.47083433,-14.3389025,24025485.579682067,2313353.35171264,11493687500.0,50000000000.0,50000000000.0,2026-08-25,,
586,Google Tokenized Stock (Reality),rGOOGL,google-tokenized-stock-reality,348.21977030232483,0.15485315,0.95585103,1.32330791,24022621.435632605,6089930.38798951,68986.95445918,68986.95445918,,2026-08-25,,
587,BORA,BORA,bora,0.021828210957508302,1.50333388,2.24424062,15.72391782,24005575.000519756,253275.40829204,1099750000.0,1205750000.0,1205750000.0,2026-08-25,,
588,MicroStrategy Tokenized Stock (Ondo),MSTRon,microstrategy-tokenized-stock-ondo,125.09130218179314,1.73317655,3.91212739,28.1750174,23875357.42915704,3858392.61248525,190863.44943839,190863.44943839,,2026-08-25,,
589,Mubarak,MUBARAK,mubarak,0.02374121202563448,-0.81556436,0.06867263,39.71108036,23741212.02563448,15594288.17261011,1000000000.0,1000000000.0,1000000000.0,2026-08-25,,
590,Alphabet Tokenized bStocks,GOOGLB,alphabet-tokenized-bstocks,348.0432409668745,0.15469689,0.9439243,1.12112743,23735306.12606594,7588753.04093574,68196.42886938,68196.42886938,,2026-08-25,,
591,Smooth Love Potion,SLP,smooth-love-potion,0.0006503058971738389,-0.20863742,2.29266745,23.82610571,23632103.342700776,2081934.47617996,36339980070.0,36339980070.0,,2026-08-25,,
592,Grvt,GRVT,grvt,0.2064919856321637,1.26343397,-9.05823364,-27.02212518,23604579.590955183,1134388045.763546,114312328.0,1000000000.0,1000000000.0,2026-08-25,,
593,Alchemist AI,ALCH,alchemist-ai,0.02766494362610594,0.62427117,-0.40249213,11.08412771,23515202.082190048,2744833.01773441,850000000.0,1000000000.0,1000000000.0,2026-08-25,,
594,Fusionist,ACE,fusionist,0.21828742441430957,2.76535033,-8.20010688,38.40918441,23490740.7614486,59899391.12612161,107613807.0,146307870.0,147000000.0,2026-08-25,,
595,Starpower,STAR,starpower,0.12604390615905922,1.57903788,5.16887246,-14.87912584,23467988.33734138,6383910.32519768,186188995.98149794,553188995.9814979,1000000000.0,2026-08-25,,
596,Folks Finance,FOLKS,folks-finance,1.9235448929823447,0.45399751,-4.18648579,4.40845675,23464183.487358544,937104.15911735,12198406.999994,50000000.0,50000000.0,2026-08-25,,
597,UNIPOLY,UNP,unipoly,0.10659594039221533,0.35005681,0.0121204,0.05526083,23369028.012185365,163407.27088759,219230000.0,1000000000.0,1000000000.0,2026-08-25,,
598,Asteroid Shiba,ASTEROID,asteroid-shiba,5.53603485846221e-05,0.67656138,-4.68880825,-11.42539324,23289545.04606467,3441585.22745401,420690000000.0,420690000000.0,420690000000.0,2026-08-25,,
599,Aleo,ALEO,aleo,0.016969366557589866,-1.28549933,-2.17246539,8.33799652,23163533.967962634,1002347.93171963,1365020543.893096,2056277710.413645,5000000000.0,2026-08-25,,
600,B3 (Base),B3,b3,0.0004967657382081616,-2.58328636,1.79945424,14.71808686,23065619.770591516,7628841.63968209,46431583333.0,100000000000.0,100000000000.0,2026-08-25,,
601,GMT,GMT,green-metaverse-token,0.007358031554967713,0.41367751,-0.68070605,19.98202335,22893780.521373183,4809988.85573459,3111400155.102167,5073850155.102167,,2026-08-25,,
602,Isiklar Coin,ISIKC,isiklar-coin,0.22865874057347402,-0.18346873,0.14838057,0.15608023,22865874.057347402,416238.54053671,100000000.0,100000000.0,100000000.0,2026-08-25,,
603,Pundi X (New),PUNDIX,pundix-new,0.08764509722578749,0.37425913,-0.47717014,18.45145379,22646313.516537808,1320508.56139386,258386541.0999244,258386541.0999244,258526640.0,2026-08-25,,
604,Catizen,CATI,catizen,0.05020973968130129,0.65732562,-0.62752172,3.61776939,22651463.54809357,3038147.91455345,451136845.0,1000000000.0,1000000000.0,2026-08-25,,
605,saffron.finance,SFI,saffron-finance,225.83327848008258,-1.16339564,-17.49813842,6.37417118,22575824.956793487,101660.30567452,99966.7768574,100000.0,100000.0,2026-08-25,,
606,Nillion,NIL,nillion,0.04496539913022523,-0.36822316,3.62454587,-7.17107796,22460307.54469231,16610115.72375691,499502016.64272,1010060031.586748,,2026-08-25,,
607,Usual,USUAL,usual,0.011741573395159983,1.17362426,-5.27436668,32.60807625,22433225.104758836,29129313.05586587,1910580835.274264,1910580835.274264,3000000000.0,2026-08-25,,
608,Bounce Token,AUCTION,bounce-token,3.2228884591950266,0.34105641,0.16778562,14.79975277,22303700.25862753,6535516.43922085,6920407.12578625,7641035.64836274,10000000.0,2026-08-25,,
609,Storj,STORJ,storj,0.052530658559714144,-4.43146088,6.94178544,24.64516756,22325529.782817252,61617224.0558452,424999998.00000113,424999998.00000113,,2026-08-25,,
610,Block Street,BSB,block-street,0.09445078233675584,-0.43175685,-4.37503866,-21.45028756,22318719.866175406,14736574.21186069,236300000.0,1000000000.0,1000000000.0,2026-08-25,,
611,State Street SPDR S&P 500 ETF Tokenized bStocks,SPYB,state-street-spdr-sp-500-etf-tokenized-bstocks,763.5794131460913,0.01635024,-0.32456182,-1.17763138,22263171.77840124,12293741.08290175,29156.32794063,29156.32794063,,2026-08-25,,
612,Stargate Finance,STG,stargate-finance,0.15786159098455402,-0.48837592,-0.62572446,12.22339884,22252839.998077214,9690899.30167815,140964245.06613863,1000000000.0,1000000000.0,2026-08-25,,
613,Ergo,ERG,ergo,0.2664654053005418,-0.09809723,-0.44682657,30.98727423,22216129.75340365,127169.70355445,83373411.0,83373411.0,97739924.0,2026-08-25,,
614,AO,AO,ao,3.0043820155434258,2.52019848,17.95546665,55.08395058,22123333.782400075,215502.40574581,7363688.66140961,7363688.66140961,21000000.0,2026-08-25,,
615,WOO,WOO,wootrade,0.011693322093181226,0.29913044,-2.13142476,12.59405106,22086137.32226183,1540991.97662235,1888782088.2947378,1888782088.2947378,1888782088.2947378,2026-08-25,,
616,Lucidum Coin,LUCIC,lucidum-coin,0.13387718611823726,1.26493441,2.68818346,26.22290812,21969968.509421844,27768.24896244,164105395.0,210000000.0,210000000.0,2026-08-25,,
617,Bless,BLESS,bless,0.008870675001974117,-0.87196111,0.31965468,15.05272646,21899180.346358724,2879769.33979193,2468716342.4976325,9999966342.497633,10000000000.0,2026-08-25,,
618,Metis,METIS,metisdao,2.7899142983796814,0.57057116,-0.38359258,19.15860014,21809762.882809207,2175039.58988943,7817359.442,10000000.0,10000000.0,2026-08-25,,
619,Aevo,AEVO,aevo,0.023353537659064696,0.84129955,-1.57886741,16.79772593,21781794.94448188,4146879.53957773,932697874.8347044,1000000000.0,1000000000.0,2026-08-25,,
620,Phala Network,PHA,phala-network,0.025893687844838798,-0.1926164,4.290471,19.36741212,21763547.803955376,14218773.46938286,840496260.4928192,1000000000.0,,2026-08-25,,
621,Worldwide USD,WUSD,worldwide-usd,0.9960583095516488,0.0,0.0,0.0,21792071.478388622,0.0,21878309.0,658895.223364,,2026-08-25,,
622,Yield Guild Games,YGG,yield-guild-games,0.023240447239190033,-0.62866611,1.08217899,18.18019242,21737592.099077187,8092588.39889852,935334500.0358427,999716389.322777,1000000000.0,2026-08-25,,
623,Abey,ABEY,abeychain,0.02070815596252642,0.29197829,2.26365035,8.3891849,21750811.041548703,10861.01544906,1050349972.2963781,1347641238.2953992,1409147800.161027,2026-08-25,,
624,Metal DAO,MTL,metal,0.23316894151573253,0.35058278,0.76902832,27.09384093,21651668.024416223,635959.26458225,92858285.0,92858285.0,,2026-08-25,,
625,aixbt,AIXBT,aixbt,0.02168275821468199,-0.55766571,3.59264129,23.84959394,21659229.546541415,7178568.24918177,998914867.3841392,998914867.3841392,1000000000.0,2026-08-25,,
626,Constellation,DAG,constellation,0.007516878010036191,-0.15084898,-1.03242262,16.58675409,21599360.47454968,1183544.51364375,2873448318.0,3003804388.0,,2026-08-25,,
627,CARV,CARV,carv,0.03257215770824555,0.93759618,-0.33417213,11.30505238,21591364.021265145,1258861.17148853,662877916.0,1000000000.0,,2026-08-25,,
628,"OpenAI
Pre-IPO stock (Republic)",preOPAI,openai-pre-ipo-stock-republic,741.7747183512304,-0.01305851,-1.1124777,-3.90781178,21572292.35909048,308678.97723445,29082.0,29082.0,,2026-08-25,,
629,StonkBroker,STONKBROKER,stonkbroker,0.017983531555358485,0.37009372,1.30603058,-16.12197361,21565128.637729894,4203971.79532156,1199159829.7223334,2395158633.7223334,2441112676.069,2026-08-25,,
630,Ark,ARK,ark,0.1080194782024036,0.33183766,1.23618679,23.70221591,21465258.47325976,816362.16754378,198716554.0,198716554.0,,2026-08-25,,
631,siren,SIREN,siren-bsc,0.02948510095235077,0.33350457,-7.68017228,-1.60177302,21341564.705554936,2426478.7822416,723808432.6061441,723808432.6061441,,2026-08-25,,
632,Alphabet Class A Tokenized Stock (Ondo),GOOGLon,alphabet-class-a-tokenized-stock-ondo,348.83617697519963,0.09768595,0.90836701,1.10332891,21294256.364863068,5529028.63521285,61043.71556158,61043.71556158,,2026-08-25,,
633,OpenGradient,OPG,opengradient,0.09581638046576994,0.40707446,0.13541164,-1.93173839,21259259.388055954,11346494.22801949,221874999.71,1000000000.0,1000000000.0,2026-08-25,,
634,Comtech Gold,CGO,comtech-gold,150.01786552460504,-0.43348012,0.88633978,5.8241161,21152519.038969312,935661.59724055,141000.0,141000.0,141000.0,2026-08-25,,
635,Symbol,XYM,symbol,0.003233167419611921,2.9336415,7.75566365,22.11368309,21133455.83538252,89598.06440751,6536455770.026033,8554155742.636118,8999999999.0,2026-08-25,,
636,Fulcrom Finance,FUL,fulcrom-finance,0.0012660043570884114,-1.06379302,2.30431866,47.67031452,21150371.37968057,12582.44456749,16706396989.282663,20000000000.0,,2026-08-25,,
637,Oho,OHO,oho,0.0008753232767070953,0.9591184,2.55291965,23.8234755,21116208.02803468,130886.69923198,24123896382.0,45000000000.0,45000000000.0,2026-08-25,,
638,Ardor,ARDR,ardor,0.021072690089094688,-0.12605279,0.91779552,12.79440781,21040369.45569668,1157592.90279778,998466231.2566,998466231.2566,998466231.2566,2026-08-25,,
639,DOGS,DOGS,dogs,4.054479350614263e-05,1.00026607,0.85481185,17.03559802,20951522.044299204,3589747.81181705,516750000000.0,545217353977.2271,550000000000.0,2026-08-25,,
640,Lisk,LSK,lisk,0.0925532894465889,0.48069218,1.91819065,18.59749421,20897850.184125263,2741134.42947065,225792625.08206254,400000000.0,400000000.0,2026-08-25,,
641,Liquity,LQTY,liquity,0.2168898125761788,0.63862399,-0.06741408,16.28285446,20879761.01258221,1785059.99574609,96268979.92384292,100000000.0,100000000.0,2026-08-25,,
642,OVERTAKE,TAKE,overtake,0.059153293324570436,-0.04106147,6.38629908,18.90405377,20840855.41488157,2758424.22902417,352319444.0,1000000000.0,1000000000.0,2026-08-25,,
643,OpenServ,SERV,openserv,0.027022040605069433,0.42611262,-5.67195499,11.42190306,20806971.26590346,997593.39379607,770000000.0,1000000000.0,1000000000.0,2026-08-25,,
644,RollX,ROLL,rollx,0.13391437541159812,-0.16460123,-1.74070403,-4.09803648,20756728.18879771,396967.18235521,155000000.0,1000000000.0,1000000000.0,2026-08-25,,
645,Xertra,STRAX,stratis-new,0.009409910515421543,0.48682387,-0.78898072,13.50430375,20700185.50901087,1268465.05313995,2199828093.485706,2199828093.485706,,2026-08-25,,
646,SNC SCANDIC COIN,SNC,scandic-coin,0.16085324075000815,-0.02348276,0.18413255,0.29779422,20526466.77105067,193958.48721574,127609905.0,1000000000.0,1000000000.0,2026-08-25,,
647,IOST,IOST,iostoken,0.0005895604125914896,0.68706525,-0.47752302,9.36442216,20494135.982430954,4485320.31480902,34761723387.0,48617354501.0,90000000000.0,2026-08-25,,
648,Zest Protocol,ZEST,zest-protocol,0.1400613964816509,-0.09663195,3.10781898,0.64605749,20448963.88632103,2519818.20016448,146000000.0,1000000000.0,1000000000.0,2026-08-25,,
649,Chia,XCH,chia-network,1.4127035027494625,2.03915646,-3.44623361,3.07558384,20359495.8008655,759082.95151711,14411726.0,33191992.0,,2026-08-25,,
650,Trusta.AI,TA,trusta-ai,0.05470338569685526,-0.07838773,2.35037598,-5.25669763,20312448.485770814,1168193.66553782,371319768.0,1000000000.0,1000000000.0,2026-08-25,,
651,Wibx,WBX,wibx,0.001718219722680109,1.83710549,1.465548,-3.83327442,20191291.90298454,15745.14096577,11751286309.0,11751286309.0,12000000000.0,2026-08-25,,
652,Sapien,SAPIEN,sapien-io,0.08068708505194719,0.4508673,-1.10780117,5.26518708,20171771.262986798,3272551.10136227,250000000.0,1000000000.0,1000000000.0,2026-08-25,,
653,TENDIES (TendiesRH),TENDIES,tendies-rh,0.019958244918977783,-5.01833714,11.48790336,102.70571627,19958244.918977782,2948922.36714725,1000000000.0,1000000000.0,1000000000.0,2026-08-25,,
654,OpenEden,EDEN,openeden,0.04748817519886143,-0.72328535,-1.60968547,-1.2617972,20021311.2267741,6342021.30105175,421606244.9848384,1000000000.0,1000000000.0,2026-08-25,,
655,ArcBlock,ABT,arcblock,0.20359021214081754,0.78957196,1.32237347,19.19160683,20064691.951980233,56411.37966333,98554305.44029327,186000000.0,186000000.0,2026-08-25,,
656,Nosana,NOS,nosana,0.27900920299706666,0.76633818,1.74655331,10.02295432,20063807.6935472,250354.20359762,71910917.195653,99999720.424858,,2026-08-25,,
657,API3,API3,api3,0.23070716483989132,0.41346774,0.01663511,19.30786011,19938169.52423546,8238552.93248472,86421978.0,180510981.68176654,,2026-08-25,,
658,Civic,CVC,civic,0.01987316146367406,0.60234676,-1.0814807,18.99263676,19873161.46367406,1720860.23456405,1000000000.0,1000000000.0,,2026-08-25,,
659,Velodrome Finance,VELO,velodrome-finance,0.02166500492099091,-0.27360125,9.24744443,27.33334679,19827866.90451824,3095898.6367487,915202511.0,2583313703.8393397,,2026-08-25,,
660,Cheelee,CHEEL,cheelee,0.34799390764582433,-0.05278348,0.08301476,-0.37733505,19775837.973372124,375658.82568207,56828115.48959432,1000000000.0,1000000000.0,2026-08-25,,
661,MiL.k,MLK,milk-alliance,0.03457732814305983,0.08112517,-1.98180155,12.67051929,19682630.88210309,935375.77795654,569235158.9651,986245419.0,986245419.0,2026-08-25,,
662,DODO,DODO,dodo,0.019599034475267937,0.48631238,-2.31798946,-12.13592145,19599034.475267936,3917877.84319333,1000000000.0,1000000000.0,1000000000.0,2026-08-25,,
663,WAX,WAXP,wax,0.004206078102419464,0.58291278,-0.96174186,17.98862589,19375284.971973363,1566982.48079618,4606496717.411907,4608433461.251633,,2026-08-25,,
664,wojak (wojakcto.com),WOJAK,wojaknew,6.320805070692215e-08,1.00280993,-12.15050616,10.68121883,19336192.43035211,1282823.13668826,305913443210083.5,305913443210083.5,420690000000000.0,2026-08-25,,
665,pippin,PIPPIN,pippin,0.019237331732182766,1.9771892,2.05571952,13.67375552,19237259.649900764,4258929.78588666,999996253.0,999996253.0,,2026-08-25,,
666,ChainGPT,CGPT,chaingpt,0.02054099124587659,-0.18600434,-2.45734942,3.27943647,19162120.638734687,6150260.74719892,932872246.006205,997766421.9854141,1000000000.0,2026-08-25,,
667,Clearpool,CPOOL,clearpool,0.019609490981195764,0.27391225,-0.1856482,16.49296076,19191964.537581455,707269.63139367,978707940.7612014,993627634.645902,1000000000.0,2026-08-25,,
668,KiiChain,KII,kiichain,0.06138570058846254,0.79131517,-2.13289193,-12.28394114,19179962.148865122,20402670.96007804,312450000.0,1800000000.0,1800000000.0,2026-08-25,,
669,iShares 20+ Year Treasury Bond Tokenized ETF (Ondo),TLTon,ishares-20-year-treasury-bond-tokenized-etf-ondo,85.82059295060108,-0.17466802,0.40832071,1.25297921,19060658.998757698,1231614.32894994,222098.89658685,222098.89658685,,2026-08-25,,
670,UPCX,UPC,upcx,0.14202591509808254,0.00819689,-2.50818373,-12.80141487,19026356.93489678,6549177.6542146,133963980.6,780000000.0,780000000.0,2026-08-25,,
671,PepeCoin,PEPECOIN,pepecoin,0.1776948921996707,-0.28546136,19.60864712,141.93599175,19023521.018030748,795454.66292023,107057219.16111442,107630586.03315184,133769420.0,2026-08-25,,
672,Audius,AUDIO,audius,0.013108813313830242,0.63915116,1.04983501,10.60431609,19004313.544554688,12468541.75981983,1449735616.0,1449735616.0,,2026-08-25,,
673,Bonfida,FIDA,bonfida-sns,0.019092831954961715,0.79650927,-0.31086191,10.74320275,18919293.648429055,6869271.80595713,990910813.705268,990910813.705268,,2026-08-25,,
674,Sign,SIGN,sign,0.007866505293927394,1.30863614,1.54865758,18.06477174,18774725.962929044,4979972.53881,2386666666.0,10000000000.0,10000000000.0,2026-08-25,,
675,Flux,FLUX,zel,0.04503727901735082,0.58316062,-1.02585807,14.4805237,18808882.01800227,4979404.13214838,417629182.4991484,417629182.4991484,560000000.0,2026-08-25,,
676,IQ,IQ,iq,0.0006952001364443105,0.60064727,0.2212218,13.89580505,18820337.21445689,715794.93393597,27071826122.928997,27071826122.928997,60000000000.0,2026-08-25,,
677,StrikeX,STRX,strikecoin,0.02156301592242231,0.86355267,-0.03155263,12.0914862,18817634.163708042,3431.78263323,872680993.7630533,880456959.285762,1000000000.0,2026-08-25,,
678,sUSD,SUSD,susd,0.4309222687569869,-0.01320201,-0.01261251,-16.3267183,18788260.16473284,20430.22256609,43600114.28262539,43600114.28262539,142399574.0,2026-08-25,,
679,Shentu,CTK,shentu,0.11476589756577589,0.56163881,-0.5473272,5.87341316,18714222.930987004,1298839.6145803,163064319.0,163064319.0,,2026-08-25,,
680,Big Time,BIGTIME,big-time,0.0065716310338038335,0.5263294,0.15078858,29.1615868,18649655.154458635,10502427.09952924,2837903567.398506,5000000000.0,5000000000.0,2026-08-25,,
681,Capybobo,PYBOBO,capybobo,0.0005877524340697239,0.07580563,0.30712626,-24.36018487,18670935.655810814,2368983.20853728,31766666667.0,100000000000.0,100000000000.0,2026-08-25,,
682,Definitive,EDGE,definitive,0.07097154554932887,0.37874595,0.49259317,13.5818731,18654892.671003293,1390259.82152156,262850308.9035476,1000000000.0,1000000000.0,2026-08-25,,
683,OKZOO,AIOT,okzoo,0.03818314394648555,0.04679999,0.48839866,-8.11991112,18604736.84974194,802167.76363965,487249999.0,1000000000.0,1000000000.0,2026-08-25,,
684,Public Masterpiece Token,PMT,public-masterpiece-token,0.1004372005806485,0.24549294,0.12351597,-1.01944585,18568757.034545,143110.28804955,184879277.07258987,361071410.0,2000000000.0,2026-08-25,,
685,ICON,ICX,icon,0.016905823547247924,0.32718837,-1.62353918,-5.02415657,18550295.522194806,3469296.31438022,1097272515.021286,1108792174.2180953,,2026-08-25,,
686,Tensor,TNSR,tensor,0.03519413872196968,1.1479824,0.62441424,11.70807613,18543055.482564546,7083690.38194647,526879081.4587879,783790876.1963663,,2026-08-25,,
687,Biconomy,BICO,biconomy,0.01837310080982942,-1.57028823,-3.63817244,-5.11032319,18377562.003328834,9533420.920584,1000242811.1370851,1000000000.0,1000000000.0,2026-08-25,,
688,MetaMask USD,mUSD,metamask-usd,0.9989668194960423,0.23457309,0.20325164,-0.48692792,18337585.470745064,2088609.63564517,18356551.101463,18356551.101463,,2026-08-25,,
689,Orbler,ORBR,orbler,0.018062512453536197,0.00388956,-0.01007916,0.03789896,18344048.319521353,29336.52219331,1015586750.0,2000000000.0,2000000000.0,2026-08-25,,
690,Celer Network,CELR,celer-network,0.0023456904958972682,0.2056149,4.96913672,15.25299961,18313800.525208473,2643580.80113079,7807424106.9912,10000000000.0,10000000000.0,2026-08-25,,
691,Brevis,BREV,brevis,0.07313867705199757,0.03450458,0.05993234,11.6863123,18284669.262999393,9020870.64287383,250000000.0,1000000000.0,1000000000.0,2026-08-25,,
692,Adshares,ADS,adshares,0.47101873457188037,0.50651707,5.57505579,16.28358874,18251835.159992438,861625.01392336,38749701.063551,38758206.0,38758206.0,2026-08-25,,
693,Blast,BLAST,blast,0.0002680470199457844,-0.36715393,-1.31541721,15.81814004,18225516.976629812,1251431.06273458,67993731026.43011,100000000000.0,100000000000.0,2026-08-25,,
694,Nesa,NES,nesa,0.1281611875231516,-1.615197,-34.69672456,-40.0441635,18134808.034525953,22203799.69533484,141500000.0,1000000000.0,,2026-08-25,,
695,STBL,STBL,stbl,0.025618520258319143,-1.07198526,5.25233006,-3.64654054,17932964.1808234,2174856.23155816,700000000.0,10000000000.0,10000000000.0,2026-08-25,,
696,Pixels,PIXEL,pixels,0.005107438182821049,0.62984382,1.06753724,7.86387326,17710543.208801202,8381267.31972699,3467598152.9,5000000000.0,5000000000.0,2026-08-25,,
697,MAX Exchange Token,MAX,max-exchange-token,0.26697031412043876,-0.04153497,2.87390875,5.03628273,17708449.685660012,223999.75751236,66331156.49581612,285000000.0,500000000.0,2026-08-25,,
698,iShares Core MSCI EAFE Tokenized ETF (Ondo),IEFAon,ishares-core-msci-eafe-tokenized-etf-ondo,103.70394156865459,0.36484012,0.33952935,-0.22153835,17653318.059365984,1238695.72565463,170228.03369223,170228.03369223,,2026-08-25,,
699,Codatta,XNY,codatta,0.007058276195526658,0.57845089,-1.8801997,-3.90409702,17645690.488816645,900617.50483181,2500000000.0,10000000000.0,10000000000.0,2026-08-25,,
700,Goldgr,GOLDGR,goldgr,149.9976399182989,0.15255677,1.18879865,6.41215033,17649240.3555936,2903.74090207,117663.45367305,10000000000.0,100000000.0,2026-08-25,,
701,Young,YNG,young,0.6508797152574325,0.35696768,0.12668911,-2.86531735,17573752.311950676,26664.12528796,27000000.0,100000000.0,100000000.0,2026-08-25,,
702,Spell Token,SPELL,spell-token,8.960595387836485e-05,-0.73524633,5.49693281,16.97267392,17494872.396581262,18695823.93443445,195242298523.26096,196008739620.0,,2026-08-25,,
703,Enso,ENSO,enso,0.8470445246425319,1.03187683,-1.30624915,10.11644004,17440646.76238973,7581422.56268599,20590000.0,100000000.0,127339703.0,2026-08-25,,
704,Cobak Token,CBK,cobak-token,0.17466057135026844,0.42355287,-0.07607151,12.16560278,17466057.135026842,1405579.58126624,100000000.0,100000000.0,100000000.0,2026-08-25,,
705,BitMart Token,BMX,bitmart-token,0.05363941314898784,1.00416892,3.45988193,-12.55013605,17394275.575309653,907753.80671524,324281615.96391135,626297236.4413097,881679315.0,2026-08-25,,
706,Tether Gold Tokens,XAUT0,tether-gold-tokens,4655.620890997912,-0.05155706,0.94181349,5.84105899,17407488.97754873,674714.36311474,3739.026305,3739.026305,,2026-08-25,,
707,Roundhill Memory ETF Tokenized bStocks,DRAMB,roundhill-memory-etf-tokenized-bstocks,53.742492062088594,0.65638557,-6.7818008,-11.94906629,17292489.422554962,5791418.61495815,321765.67849844,321765.67849844,,2026-08-25,,
708,Solstice,SLX,solstice,0.07111601622115254,6.91644247,5.17319069,8.833567,17270824.862243395,14016205.54412777,242854223.0,1000000000.0,1000000000.0,2026-08-25,,
709,Pocket Network,POKT,pocket-network,0.007376099934886202,-0.02760933,-0.22218651,6.75933021,17249173.128140643,874739.41308674,2338522156.750953,2376040712.701101,,2026-08-25,,
710,Marvell Technology Tokenized Stock (Ondo),MRVLon,marvell-technology-tokenized-stock-ondo,229.48144127178617,0.74035281,-2.44099849,-2.8168769,17242457.823525786,1759439.55826511,75136.61116981,75136.61116981,,2026-08-25,,
711,NaoX Protocol,NAORIS,naoris-protocol,0.02876043148685299,0.01447721,-7.23115413,-6.59974069,17234976.172811523,1723562.43099277,599260000.0,4000000000.0,4000000000.0,2026-08-25,,
712,Power Protocol,POWER,powerprotocol,0.0817106155133028,0.60913271,1.81489413,-5.14064238,17159229.257793587,2333132.29403676,210000000.0,1000000000.0,1000000000.0,2026-08-25,,
713,MobileCoin,MOB,mobilecoin,0.08598812719775867,0.46124232,0.09993944,8.83991758,17060020.961276595,6442.05380685,198399727.0,250000000.0,,2026-08-25,,
714,WalletConnect Token,WCT,walletconnect-token,0.039123118197176975,0.3739696,0.14104169,18.43946641,16991480.009883847,5752046.21961018,434307918.0,1000000000.0,1000000000.0,2026-08-25,,
715,Namecoin,NMC,namecoin,1.1525125010956387,0.49707177,1.34836012,22.08367458,16983885.22114577,4692.72493039,14736400.0,14736400.0,,2026-08-25,,
716,Eesee,ESE,eesee,0.012314363190761818,-0.09205397,2.09452688,3.30953734,16931494.926800333,447709.24303276,1374938733.2917278,1377976523.2983437,1377973688.988627,2026-08-25,,
717,Based,BASED,basedone,0.07211629430742504,-0.12571436,-2.02569719,-7.97943135,16947329.162244886,8491235.9576422,235000000.0,1000000000.0,1000000000.0,2026-08-25,,
718,CZ's Dog,BROCCOLI,broccoli-714,0.01748662671326636,-0.77274132,0.03677148,11.63881764,16903660.889055155,5663479.98068043,966662190.8404477,966662190.8404477,1000000000.0,2026-08-25,,
719,Circle Tokenized Stock (Reality),rCRCL,circle-tokenized-stock-reality,88.3400893526462,0.74384866,0.00480504,18.13127583,16782429.776949696,3514529.40083782,189975.24113832,189975.24113832,,2026-08-25,,
720,Fartboy,FARTBOY,fartboy,0.016569306938049817,3.37594159,21.46302806,72.38278768,16560035.69833778,1663196.17432376,999440457.0,999440457.0,999440457.0,2026-08-25,,
721,Recall,RECALL,recall-network,0.049449851966684,0.12736359,-3.31584118,5.69238422,16525599.305912068,1694966.86102013,334189055.14714,1000000000.0,1000000000.0,2026-08-25,,
722,DIA,DIA,dia,0.13823707389343168,0.72094171,-0.14074464,8.89755372,16543674.431926014,3029130.77583286,119676104.0,168817248.0,200000000.0,2026-08-25,,
723,Faith Tribe,FTRB,faith-tribe,0.005000017859149322,0.12053511,-1.17788976,23.81345531,16509008.935801521,152953.46827486,3301789993.7281985,5000000000.0,5000000000.0,2026-08-25,,
724,Gradients,SN56,gradients,3.9328347958043,-0.32178937,-1.21587177,19.25014174,16421705.070437891,60027.47695191,4175539.0,4175539.0,21000000.0,2026-08-25,,
725,Buttcoin,BUTTCOIN,buttcoin,0.016461158374803588,2.40312681,27.76274161,71.45461607,16460312.929709459,914270.97732077,999948640.0,999948640.0,999948640.0,2026-08-25,,
726,Rujira,RUJI,rujira,0.2054992438749465,-0.08709263,-0.22128473,19.20882106,16429664.547801973,4095.98877304,79950000.0,100000000.0,100000000.0,2026-08-25,,
727,Bulla,BULLA,bulla-mascot,0.016393502113926997,-0.01593398,-1.34050391,-8.05982305,16393502.113926997,1309074.0700648,1000000000.0,1000000000.0,1000000000.0,2026-08-25,,
728,MediBloc,MED,medibloc,0.0014222757068105749,-0.14058713,-2.56083584,18.56992399,16411038.765234442,205663.20440755,11538577708.0,12328795620.0,,2026-08-25,,
729,dKargo,DKA,dkargo,0.0032832055482846043,0.12069431,-2.11111928,14.2128554,16416027.741423022,966789.29752594,5000000000.0,5000000000.0,5000000000.0,2026-08-25,,
730,HarryPotterObamaSonic10Inu (ERC-20),BITCOIN,harrypotterobamasonic10inu-eth,0.016413242490560635,0.96954748,-1.8370823,29.60600758,16409929.559630128,1504899.72478367,999798155.0,999798155.0,999798155.0,2026-08-25,,
731,Lumia,LUMIA,lumia,0.09068621569278904,0.57232312,1.83221729,11.62752571,16294214.769461067,1973347.1060259,179676863.1812774,238888888.0,238888888.0,2026-08-25,,
732,Goatseus Maximus,GOAT,goatseus-maximus,0.016255142722394297,1.23185955,4.76080264,27.96163858,16254801.931872694,3377781.34214036,999979034.910525,999979034.910525,1000000000.0,2026-08-25,,
733,MEET48,IDOL,meet48,0.015428044448856319,1.26180855,-2.85775591,-4.91362426,16143905.711283252,2221655.16036131,1046400000.0,4800000000.0,4800000000.0,2026-08-25,,
734,Bluwhale,BLUAI,bluwhale,0.01309658409474922,0.7536954,1.61883424,2.37758149,16082605.268352043,3106074.46901549,1228000000.0,10000000000.0,10000000000.0,2026-08-25,,
735,Araracoin,ARARA,araracoin,0.0004429200790295102,-0.03145426,-0.0944367,0.13630533,16055852.864819745,14195.41978035,36250000000.0,100000000000.0,100000000000.0,2026-08-25,,
736,Tesla Tokenized Stock (Ondo),TSLAon,tesla-tokenized-stock-ondo,349.7112287663633,0.1059391,-4.49080235,2.92841803,16052546.27193483,3677533.11900424,45902.29009392,45902.29009392,,2026-08-25,,
737,Adventure Gold,AGLD,adventure-gold,0.1716397561851521,1.51055141,-1.31475592,12.53777562,15933318.738307426,5483067.72628523,92830001.0,92830001.0,96000000.0,2026-08-25,,
738,Moonbirds,BIRB,moonbirds,0.055854826186830214,0.28741885,0.19045306,8.01994831,15918625.463246612,4351818.58976171,285000000.0,1000000000.0,1000000000.0,2026-08-25,,
739,哈基米,哈基米,hajimi,0.01587862216117675,-1.21832383,0.16620126,20.29644638,15878622.16117675,1380280.0050885,1000000000.0,1000000000.0,1000000000.0,2026-08-25,,
740,Banana Gun,BANANA,banana-gun,3.9534154247084596,0.48141732,-0.58651969,8.27044921,15856092.650457725,4641727.6403483,4010732.73285643,8402893.46593683,10000000.0,2026-08-25,,
741,Solend,SLND,solend,0.158019394615278,0.61934805,-0.06892299,0.80720168,15801939.4615278,32.89335335,100000000.0,100000000.0,,2026-08-25,,
742,Xai,XAI,xai-games,0.00750316630850092,0.04152573,-1.87059402,8.30196139,15746905.313460106,5383895.42487003,2098701357.0016718,2215779449.952294,2500000000.0,2026-08-25,,
743,DebtReliefBot,DRB,debtreliefbot,0.00015917441338065194,-2.06529697,-1.70382367,480.21539644,15708082.009471236,2785011.34419879,98684717448.31694,98684717448.31694,100000000000.0,2026-08-25,,
744,Zentry,ZENT,zentry,0.0019568960079656113,-1.08769511,3.26035678,10.51920187,15673977.849154169,1254308.66719388,8009612051.612713,9706992814.355925,10000000000.0,2026-08-25,,
745,Hermez Network,HEZ,hermez-network,3.3353366817696815,0.63840043,0.6446874,6.4936301,15676082.404317504,27410.53250312,4700000.0,100000000.0,100000000.0,2026-08-25,,
746,Coin98,C98,coin98,0.01564718117538648,0.92701076,-0.71401538,11.17335402,15647163.306305578,9815390.26740257,999998858.0,1000000000.0,,2026-08-25,,
747,QuarkChain,QKC,quarkchain,0.002143137062126037,0.26334604,-1.60295906,7.59136548,15567731.044261495,422289.45700554,7263992266.0,10000000000.0,,2026-08-25,,
748,Animecoin,ANIME,anime,0.0028021946021103716,0.2884647,-1.14719628,16.86200475,15520248.07026657,4321778.77445371,5538604656.0,10000000000.0,,2026-08-25,,
749,Taiko,TAIKO,taiko,0.07576103166587421,0.28183768,-1.98561297,9.19177755,15415376.15393722,2751988.43316931,203473683.1716208,1000000000.0,1000000000.0,2026-08-25,,
750,GameBuild,GAME,gamebuild,0.0007882240181556294,-0.65487636,1.49597154,11.78479705,15301785.068919694,282529.1725682,19412990110.0,21419639000.0,21419639400.0,2026-08-25,,
751,Aura,AURA,aura,0.015680664462343608,2.0222066,13.19223191,56.87628745,15105005.630614016,806134.2269173,963288620.0,963288620.0,965383478.0,2026-08-25,,
752,AVA (Travala),AVA,ava,0.20392439669624723,0.48232431,-0.18215463,17.44940947,15166645.142244345,9083664.79575277,74373863.0,74373863.0,100000000.0,2026-08-25,,
753,Simon's Cat,CAT,simonscat,1.94657001501544e-06,0.90125929,-0.11822366,17.69617136,15165584.410952184,1462301.42933231,7790926755250.513,8098237699999.803,9000000000000.0,2026-08-25,,
754,Treasure,MAGIC,magic-token,0.04492835066288606,0.37657225,-0.27333591,11.1994221,15147690.567271654,2968321.73046687,337152162.13767445,347687042.97175324,,2026-08-25,,
755,Chromia,CHR,chromia,0.015452439497381074,1.29864759,-3.30766413,17.58420061,15112978.983436922,3870560.6630251,978031914.3782,978031914.3782,978064789.0,2026-08-25,,
756,Sonic SVM,SONIC,sonic-svm,0.020272119884065062,0.75432848,-0.40130193,13.17802128,15073703.177935533,1110799.63956888,743568174.6231308,2399996160.320862,,2026-08-25,,
757,Tria,TRIA,tria,0.006975478553903947,0.20393269,-2.17134191,-15.157893,15050780.81140193,10348827.56087057,2157670000.0,10000000000.0,10000000000.0,2026-08-25,,
758,SynFutures,F,synfutures,0.003210172191078264,0.63445644,0.49552489,16.63987511,15028045.474233953,2338465.33374954,4681382985.0,10000000000.0,10000000000.0,2026-08-25,,
759,Portal,PORTAL,portal-gaming,0.017191986644072833,-0.1479762,24.02206392,10.54742697,15022216.875892553,87223135.5923495,873791795.3811152,1000000000.0,1000000000.0,2026-08-25,,
760,Intel Tokenized Stock (Ondo),INTCon,intel-tokenized-stock-ondo,87.40393173786255,0.53364001,-2.61644887,-15.68053162,14903133.275380379,2112351.04444282,170508.72860133,170508.72860133,,2026-08-25,,
761,Tesla Tokenized bStocks,TSLAB,tesla-tokenized-bstocks,350.15332454667174,0.34462934,-4.34397307,2.91856997,14836808.798866384,7470179.06436317,42372.3202345,42372.3202345,,2026-08-25,,
762,GeorgePlaysClashRoyale,CLASH,georgeplaysclashroyale,0.014789611874114064,2.76316094,23.89278916,73.19945018,14784994.288585303,728010.17716087,999687781.83173,999687781.83173,999999967.828928,2026-08-25,,
763,Test,TST,test-token-bsc,0.015558670054473507,0.09362752,-1.67125449,2.26241851,14587219.766329879,14687144.9505561,937562125.5067164,937562125.5067164,,2026-08-25,,
764,Particle Network,PARTI,particle-network,0.025036552058972757,0.42069167,1.42524556,9.27245174,14574767.725002663,23256162.33616341,582139572.9999996,1000000000.0,1000000000.0,2026-08-25,,
765,FLock.io,FLOCK,flock-io,0.031874739117441105,0.23463169,-5.36352995,10.30595838,14548285.902893813,3369353.67131162,456420548.2369998,456896069.0069998,1000000000.0,2026-08-25,,
766,Katana,KAT,katana-network,0.004581298348317498,-0.13101428,-1.59594449,6.88721125,14532038.087830018,5378112.69300505,3172034865.0,10000000000.0,10000000000.0,2026-08-25,,
767,TEXITcoin,TXC,texitcoin,0.23088450017894188,-0.05144095,-3.74906644,-29.75325492,14535364.64728831,14193.48700965,62955134.0,69218556.0,353396296.0,2026-08-25,,
768,Strategy Stretch Preferred Tokenized Stock (Ondo),STRCon,strategy-stretch-perferred-tokenized-stock-ondo,101.42844976555197,0.09093654,0.92584136,2.73063193,14531626.238228014,594612.71941678,143269.72631266,143269.72631266,,2026-08-25,,
769,Coinbase Tokenized bStocks,COINB,coinbase-tokenized-bstocks,182.37875123934873,1.26999001,-2.89575501,21.08465869,14482127.277217006,3639757.92523437,79406.87815222,79406.87815222,,2026-08-25,,
770,ARPA,ARPA,arpa-chain,0.009511962393440276,0.38238762,-0.03168377,10.4356574,14454250.577440001,5023412.62793172,1519586598.3877385,1999999999.9877386,,2026-08-25,,
771,NYM,NYM,nym,0.017123134419144433,-1.1503935,-15.35609716,-7.94976492,14371467.168389669,1859395.62878327,839301194.314151,1000000000.0,1000000000.0,2026-08-25,,
772,RateX,RTX,ratex,0.8184440258513559,-0.00677771,-0.20536998,-1.33501203,14320797.072580418,630524.40934258,17497588.86404448,99999988.86404447,100000000.0,2026-08-25,,
773,iShares Core US Aggregate Bond Tokenized ETF (Ondo),AGGon,ishares-core-us-aggregate-bond-tokenized-etf-ondo,100.96553883609961,-0.0221084,0.02418115,0.44497338,14274419.421087265,555974.08084426,141379.12386383,141379.12386383,,2026-08-25,,
774,YieldBasis,YB,yieldbasis,0.09163569115844697,1.51845459,-4.54990041,20.24561242,14204963.93729085,8117371.33766366,155015625.00062442,748025208.9889002,1000000000.0,2026-08-25,,
775,Apertum,APTM,apertum,0.11287091253219851,0.13257495,-9.4987743,-15.66181067,14186289.023888383,345322.02134012,125685960.23215,125982307.18528,2100000000.0,2026-08-25,,
776,Nexa (nexaagent.xyz),NXA,nexaagent-xyz,1.31504511503776,3.94100916,6.7058521,58.18422532,13150451.1503776,0.0,10000000.0,1000000000.0,1000000000.0,2026-08-25,,
777,Alpha Quark Token,AQT,alpha-quark-token,0.5237878023881412,-0.0122633,-0.02171268,0.07028609,14040761.112164794,6910.18796386,26806201.0,30000000.0,30000000.0,2026-08-25,,
778,Radworks,RAD,radworks,0.237434144756346,0.32186091,0.32347847,4.8024198,14026654.524703156,6167643.88277393,59075978.89552598,99998580.0,99999620.0,2026-08-25,,
779,Osaka Protocol,OSAK,osaka-protocol,1.8619105995971333e-08,0.80467349,2.21030058,42.48601418,13980523.252724884,56863.28131987,750869738630302.0,761459789745212.0,1000000000000000.0,2026-08-25,,
780,Lumera Health,LUR,lumera-health,4.105888946210323,0.05094966,-1.61450779,0.90781439,13979390.246101273,446306.2320872,3404717.08544481,100000000.0,100000000.0,2026-08-25,,
781,Braintrust,BTRST,braintrust,0.05773697226552478,-0.88604303,-1.96545475,1.97842543,13934690.19567992,37153.93967901,241347782.0,250000000.0,250000000.0,2026-08-25,,
782,DeAgentAI,AIA,deagentai,0.07368891773848053,1.59066349,3.41770014,7.58358355,13923631.540062504,2969576.88368381,188951500.0,1000000000.0,1000000000.0,2026-08-25,,
783,OG Fan Token,OG,og-fan-token,2.9214012454530667,-0.91584532,-0.35532539,17.2233969,13907973.337253323,5919031.87091466,4760720.0,5000000.0,5000000.0,2026-08-25,,
784,JOE,JOE,joe,0.030435563501060647,0.51915984,-0.57218535,11.68362498,13914581.353143629,5090782.95446136,457181657.0,464573155.0,500000000.0,2026-08-25,,
785,DeBox,BOX,debox,0.027343154777715806,0.26993584,-3.94577569,2.10877607,13896129.859258046,10618.17447843,508212383.4,1000000000.0,1000000000.0,2026-08-25,,
786,Metaplex,MPLX,metaplex,0.029108500011121342,1.16404317,4.84272143,18.6538632,13884558.837967806,1132268.11084844,476993278.0,999982241.0,1000000000.0,2026-08-25,,
787,Bifrost,BFC,bifrost,0.009992438397172577,0.01782788,0.9759779,12.00178545,13855900.429913843,846285.51257424,1386638564.0,2584913482.0,,2026-08-25,,
788,Micron Technology tokenized stock (xStock),MUx,micron-technology-tokenized-stock-xstock,902.8186267078762,0.56128173,-6.09134052,-11.23064818,13735121.501191786,6526252.28395819,15213.60004642,190534.89741118,,2026-08-25,,
789,Newton Protocol,NEWT,newton-protocol,0.042646091163878456,0.37493681,-2.04533329,17.54908136,13725403.76511825,3016659.55935836,321844356.43526846,1000000000.0,1000000000.0,2026-08-25,,
790,Pepecoin,PEP,pepecoin-org,0.00013349199868355357,-0.22426431,2.4202862,73.67873548,13739203.417109294,39434.89282396,102921550000.0,102921550000.0,,2026-08-25,,
791,MyNeighborAlice,ALICE,myneighboralice,0.13810201447082907,0.89027815,-1.44000754,5.58064323,13737402.6966241,4972787.04807222,99472862.501407,99472862.501407,99472862.501407,2026-08-25,,
792,CyberLeek,CYBERLEEK,cyberleek,0.01868514049667154,5.65328973,-8.56649495,33122.08486298,13639927.083906204,22525923.8608229,729987932.7284662,729987932.7284662,729987932.7284662,2026-08-25,,
793,IXS,IXS,ix-swap,0.07535295254619875,0.26405636,4.78603074,37.20153813,13563531.458315775,80103.75223479,180000000.0,180000000.0,180000000.0,2026-08-25,,
794,Bertram The Pomeranian,BERT,bertram-the-pomeranian,0.014065439331205586,2.09053728,4.12496753,64.18053046,13597754.162122164,3540529.25190958,966749338.0,979946262.03,979947881.0,2026-08-25,,
795,Electroneum,ETN,electroneum,0.0007533592604137928,-0.08199204,4.59841321,5.13889749,13545262.092946213,225619.93909439,17979817604.56,17979817604.56,21000000000.0,2026-08-25,,
796,Mira,MIRA,mira-network,0.04205446505687808,0.59627807,0.26808373,8.69340704,13518666.015780346,3384442.31678208,321456140.21,1000000000.0,1000000000.0,2026-08-25,,
797,Tokamak Network,TOKAMAK,tokamak-network,0.3078523406560138,0.04294771,-1.05516583,13.31193046,13496694.231662959,230944.08433375,43841454.0,105720223.79697862,,2026-08-25,,
798,Corn,CORN,use-corn,0.02548991285857675,0.06351853,0.47082671,0.68436407,13382204.250752794,3110756.05152554,525000000.0,2100000000.0,2100000000.0,2026-08-25,,
799,Mey Network,MEY,mey-network,0.046561894144161814,-0.1094356,-1.64948438,3.10431261,13237978.740645401,554560.47134218,284309283.03,2300000000.0,2300000000.0,2026-08-25,,
800,AEON,AEON,aeon-xyz,0.056593917309811545,-3.44387391,-6.37985024,-30.53622971,13220339.083571976,23502621.05949887,233600000.0,1000000000.0,1000000000.0,2026-08-25,,
801,Infinex,INX,infinex,0.006603721757160089,1.71548091,-4.43082774,-19.115015,13169802.300304366,1479950.02482133,1994300000.0,10000000000.0,10000000000.0,2026-08-25,,
802,Fluent,BLEND,fluent,0.0655712280745168,-1.73369551,1.39590293,6.30062487,13114245.61490336,10125948.39123284,200000000.0,1000000000.0,1000000000.0,2026-08-25,,
803,SaucerSwap,SAUCE,saucerswap,0.01428673171689884,1.36487192,0.78716811,15.79709237,13105992.17209865,32962.37507528,917354117.918826,917554079.655678,1000000000.0,2026-08-25,,
804,Boundless,ZKC,boundless,0.04148501357795645,0.76644085,-0.8576462,11.72165752,13101571.807536505,3248875.34873739,315814572.0,1066822540.0,,2026-08-25,,
805,Yooldo,ESPORTS,yooldo,0.01454375350284538,-0.21820965,-2.06715939,-6.05408256,13089230.530554025,1296506.52512374,899989849.7999991,899999019.7999991,900000000.0,2026-08-25,,
806,Citrea,CTR,citrea,0.008786352084165899,2.39727991,11.73617602,3.88703711,13179528.126248848,7231963.67694964,1500000000.0,10000000000.0,10000000000.0,2026-08-25,,
807,SoFi Technologies Tokenized Stock (Ondo),SOFIon,sofi-technologies-tokenized-stock-ondo,18.34456500218404,0.1429643,-3.49564718,0.12193156,13078586.116646884,504605.22624611,712940.65109147,712940.65109147,,2026-08-25,,
808,MovieBloc,MBL,moviebloc,0.0006636890836610621,0.56769494,0.55585028,15.55521162,13009558.563087149,1722381.3396471,19601887214.0,30000000000.0,30000000000.0,2026-08-25,,
809,ROGin AI,ROG,rogin-ai,0.19425838901320067,-0.3189118,0.03119306,-4.28009245,13013344.927676525,14468.94248996,66989873.61,200000000.0,,2026-08-25,,
810,EVAA Protocol,EVAA,evaa-protocol,0.7274744680563467,-0.74894734,2.62228295,-10.11657006,12988574.96630077,1533638.66784209,17854337.9,50000000.0,50000000.0,2026-08-25,,
811,GYEN,GYEN,gyen,0.006189687650835083,0.29101157,-1.3958514,2.95314246,12990797.803829469,28.98742688,2098780833.0,2098780833.0,,2026-08-25,,
812,Firo,FIRO,firo,0.6804736641744986,0.63423091,-3.43978665,9.22105971,12900492.587811438,244441.30893359,18958107.07599005,18958107.07599005,21400000.0,2026-08-25,,
813,Chump Coin,CHUMP,chump-coin,0.012940642040528099,-5.55235668,69.35671428,290.12961331,12940642.040528098,1158053.29154619,1000000000.0,1000000000.0,1000000000.0,2026-08-25,,
814,tokenbot,CLANKER,tokenbot-2,13.042036143726046,0.67116723,-1.03235844,5.92969224,12863063.569091802,2186356.84308518,986277.25205927,1000000.0,1000000.0,2026-08-25,,
815,XSGD,XSGD,xsgd,0.7867085305701924,0.04687779,-0.2512827,0.39185766,12800127.489043154,565922.5592462,16270482.639569,83617320.371568,,2026-08-25,,
816,Intel Tokenized Stock (Reality),rINTC,intel-tokenized-stock-reality,87.36997855595122,0.64755906,-2.88550724,-15.68621502,12798551.56590229,314828.57288193,146486.8342357,146486.8342357,,2026-08-25,,
817,Apple tokenized stock (xStock),AAPLX,apple-tokenized-stock-xstock,311.60151417401494,0.07421241,0.31299784,1.89056872,12738349.81295748,5003337.25110808,40880.25646064,637632.35275317,,2026-08-25,,
818,iShares Core S&P Total US Stock Market Tokenized ETF (Ondo),ITOTon,ishares-core-sp-total-us-stock-market-tokenized-etf-ondo,168.67232405046846,-0.1533241,-0.63521552,-1.16124141,12736567.529293707,717206.83848437,75510.71345577,75510.71345577,,2026-08-25,,
819,Ponke,PONKE,ponke,0.02291670278298173,0.72536658,0.02451142,60.5394907,12731241.91004363,1521309.26671262,555544226.0,555544226.0,555555555.0,2026-08-25,,
820,KAIO,KAIO,kaio,0.018640366457105182,0.08586486,-2.3878955,5.14151356,12698749.648902906,1013897.0773062,681250000.0,10000000000.0,10000000000.0,2026-08-25,,
821,Gains Network,GNS,gains-network,0.540802354615082,0.02306029,-1.70361705,6.61264333,12651661.211836442,408231.9360312,23394242.0994844,23394242.0994844,,2026-08-25,,
822,Origin Protocol,OGN,origin-protocol,0.018311071208927776,0.58444334,-2.20104783,12.21886631,12614586.918123195,2706295.52038756,688904913.0,1409664846.0,1409664846.0,2026-08-25,,
823,Maverick Protocol,MAV,maverick-protocol,0.01072663023722356,0.29989288,1.73684654,17.82907201,12579307.88393502,1806837.80707907,1172717582.8511639,2000000000.0,2000000000.0,2026-08-25,,
824,Radix,XRD,radix-protocol,0.0009287653098589856,-1.77746193,3.65104115,4.02886801,12555239.0080905,214476.70028463,13518204087.528593,13518204101.068808,24000000000.0,2026-08-25,,
825,USD CoinVertible,USDCV,usd-coinvertible,1.0001065046118633,0.00682889,0.00302536,0.04462062,12543776.827810524,62741792.54097514,12542441.0,12542441.0,,2026-08-25,,
826,Aurora,AURORA,aurora-near,0.017163267891966986,0.02676402,0.70501136,12.50232877,12542356.155181427,345309.55185272,730767371.0,999739990.0,1000000000.0,2026-08-25,,
827,Loopring,LRC,loopring,0.00914300876010376,0.12002178,7.36815834,11.39063868,12511357.174678234,4654587.87284472,1368406998.500595,1373873397.4424574,,2026-08-25,,
828,Chintai,CHEX,chex-token,0.010038518587107486,-0.25259832,-1.9972901,21.58052591,12537324.895282978,147032.87936173,1248921819.1401987,1248921819.1401987,,2026-08-25,,
829,Metadium,META,metadium,0.007196216724828559,-0.73919,-0.49197187,13.0902738,12532993.798971258,161648.49170702,1741608720.0,2000000000.0,2000000000.0,2026-08-25,,
830,Solv Protocol,SOLV,solv-protocol,0.002683089710328228,-0.25035136,3.81647024,13.59985511,12487641.034091469,6580999.47403977,4654201827.848622,9660000000.0,9660000000.0,2026-08-25,,
831,Orderly,ORDER,orderly-network,0.030985400064277836,0.7288834,-0.93577638,10.43282703,12457456.091217123,2484452.86595286,402042770.6395491,994588920.4434698,1000000000.0,2026-08-25,,
832,BounceBit,BB,bouncebit,0.009953537766441225,0.5223132,0.10699168,-7.32156315,12390845.629003039,11032642.86124973,1244868500.0,2100000000.0,2100000000.0,2026-08-25,,
833,Vow,VOW,vow,0.034445241360142605,1.03104517,2.06190152,17.20930495,12272332.083768334,112131.04842698,356285269.0,1142857140.0,1142857142.0,2026-08-25,,
834,Autonomi,ANT,autonomi,0.03582885217889494,-0.04005706,-7.17265277,-9.59002154,12263461.151091477,336690.18846156,342278929.0,1200000000.0,1200000000.0,2026-08-25,,
835,RAMP,RAMP,ramp,0.02563779518491929,16.65198329,18.11210321,46.99791308,12250731.7475399,0.0,477838740.0,1000000000.0,1000000000.0,2026-08-25,,
836,Superform,UP,superform,0.055359631958298884,-0.40308864,-0.04258887,4.50727479,12244079.628394948,1037959.27850621,221173429.0,1000000000.0,1000000000.0,2026-08-25,,
837,Manifesting (manifesting.meme),MANIFEST,manifesting,0.013633357214211599,11.80669619,7.13739335,72.91761073,12270017.839050706,1298860.61398773,899999732.0,899999732.0,999999813.51579,2026-08-25,,
838,zkPass,ZKP,zkpass,0.0411299105761319,0.30396161,-1.67453288,3.330406,12133323.619958911,8319315.43932417,295000000.0,1000000000.0,1000000000.0,2026-08-25,,
839,StablR Euro,EURR,stablr-euro,1.0211917017016694,0.00672853,103.26915657,68.93568395,12135374.426163675,74.09927269,11883541.95,11883541.95,,2026-08-25,,
840,GRIFFAIN,GRIFFAIN,griffain,0.012116869174287753,0.95381928,-1.93981783,-0.26167681,12115428.720880313,4219001.93017586,999881120.0,999881120.0,999881120.0,2026-08-25,,
841,Bone ShibaSwap,BONE,bone-shibaswap,0.05250238243008288,0.3483227,2.32413253,26.01313601,12071523.68400849,1121376.97591618,229923350.6228802,249999401.82484713,250000000.0,2026-08-25,,
842,Atletico De Madrid Fan Token,ATM,atletico-de-madrid-fan-token,1.3490342683715912,-0.02618412,-0.1195115,-4.81883218,12017311.930566946,5153790.19838721,8908085.0,10000000.0,10000000.0,2026-08-25,,
843,Freedom Dollar,FUSD,freedom-dollar,0.9998525093889609,-0.01086235,-0.01284629,0.06473301,11998230.11266753,287702.26320503,12000000.0,12000000.0,,2026-08-25,,
844,Wen,WEN,wen,1.6385285960618086e-05,-0.51193428,51.37410115,418.43865073,11923850.34591486,4220021.21966497,727716951329.0,727716951329.0,727716951329.0,2026-08-25,,
845,Mind Network,FHE,mind-network,0.02175132944329336,-0.29952653,1.82410679,-17.2820212,11917370.016521895,5664606.89022736,547891569.0,1000000000.0,1000000000.0,2026-08-25,,
846,MetaMUI,MMUI,metamui,0.024994646038754592,-0.0148747,0.38018603,12.68594033,11903612.469743924,640019.21811637,476246491.0,800000000.0,800000000.0,2026-08-25,,
847,Hamster Kombat,HMSTR,hamster-kombat,0.00018482978684467195,0.17710062,-1.44245814,5.84880024,11898417.528125757,6504089.94184962,64375000000.0,100000000000.0,100000000000.0,2026-08-25,,
848,Ridges AI,SN62,ridges-ai,2.7179865901277718,0.12022021,-1.61420362,15.13926128,11884464.314998435,184539.29901899,4372525.0,4372525.0,21000000.0,2026-08-25,,
849,Ninja Squad Token,NST,ninja-squad-token,1.3696878991854136,0.12863826,4.78154338,23.73280781,11794758.38333577,335086.80673104,8611274.43,8611274.43,10000000.0,2026-08-25,,
850,Yei Finance,CLO,clovis,0.09115549677803834,1.66338855,-14.7008616,-21.28065535,11768174.63404475,5175684.93065638,129100000.0,999986862.9799656,1000000000.0,2026-08-25,,
851,USDB,USDB,usdb,0.9981874830564204,0.16493685,0.42031417,-0.6096381,11668848.873269947,24262.31429383,11690037.26388181,11690037.26388181,,2026-08-25,,
852,iShares MSCI EAFE Tokenized ETF (Ondo),EFAon,ishares-msci-eafe-tokenized-etf-ondo,110.82825556945784,0.3549585,0.24809934,-0.88271242,11583285.936992861,530370.25001184,104515.63888176,104515.63888176,,2026-08-25,,
853,Global Commercial Business,GCB,global-commercial-business,0.009606034542648028,0.69537298,-1.45918701,-13.47171682,11544962.14856762,13239.57724434,1201844746.3738875,1201844746.3738875,2500000000.0,2026-08-25,,
854,Just a chill guy,CHILLGUY,just-a-chill-guy,0.011543763589401337,1.3565517,-1.6203898,6.01394846,11543082.775486706,4437311.35699178,999941023.227879,999941023.227879,1000000000.0,2026-08-25,,
855,Coinbase tokenized stock (xStock),COINX,coinbase-tokenized-stock-xstock,182.3093210996022,1.25844631,-2.93280274,21.11792634,11507187.683438687,6402705.79602607,63119.0309636,782531.1937179,,2026-08-25,,
856,Gods Unchained,GODS,gods-unchained,0.02605869926396851,3.75372815,10.45697173,14.81109557,11488447.888400432,334923.42945381,440868048.402,500000000.0,500000000.0,2026-08-25,,
857,TAC Protocol,TAC,tac-protocol,0.002395581743392163,7.72630541,42.80271723,-12.61485945,11510938.775032429,3326950.59805212,4805070337.0,10117389390.0,,2026-08-25,,
858,Ellipsis,EPS,ellipsis,0.015853253001397873,0.06084522,1.50320843,17.02925257,11473024.115251359,16.12248182,723701571.7997887,723701571.7997887,1000000000.0,2026-08-25,,
859,Hana Network,HANA,hana-network,0.0169916315402022,0.75814441,-1.17215694,-47.81854176,11471735.27653045,2418358.87258828,675140303.5893477,1000000000.0,1000000000.0,2026-08-25,,
860,EGL1,EGL1,egl1,0.011460980303296328,0.81777066,0.25409091,-26.68499524,11460980.303296328,934453.34592741,1000000000.0,1000000000.0,1000000000.0,2026-08-25,,
861,Wirex Token,WXT,wirex-token,0.0011318825143063482,-0.25125212,0.78784099,-2.91936826,11318825.143063482,307589.05435995,10000000000.0,10000000000.0,10000000000.0,2026-08-25,,
862,Sleepless AI,AI,sleepless-ai,0.01913292725918105,0.62906154,2.54156163,10.54659034,11296797.706640722,22790345.03286847,590437498.33,1000000000.0,1000000000.0,2026-08-25,,
863,HeyElsa,ELSA,heyelsa,0.04412036152283168,0.43398423,-1.28114211,4.54594717,11279222.796582263,2779604.1700751,255646654.0,1000000000.0,1000000000.0,2026-08-25,,
864,Epic Chain,EPIC,epic-chain,0.3356416118269306,0.15180781,-1.88333712,-4.05376699,11277558.157384869,5908324.24678317,33600000.0,33600000.0,33600000.0,2026-08-25,,
865,Harmony,ONE,harmony,0.0007515002998765275,0.15537417,-0.91726624,4.95291114,11282998.17724136,3655846.9193584,15013963639.262915,15013963639.262915,,2026-08-25,,
866,Initia,INIT,initia,0.05471927313405001,0.57934553,-2.60747062,7.10280231,11258375.872166134,2477932.42673796,205747906.127803,1000000000.0,1000000000.0,2026-08-25,,
867,Space and Time,SXT,space-and-time,0.008025183358983093,0.60942254,2.26413155,11.19071932,11235256.70257633,55011195.34682232,1400000000.0,5000000000.0,5000000000.0,2026-08-25,,
868,Humidifi,WET,humidifi,0.06570478321366366,0.76430651,-5.97897785,-7.87395581,11219073.719869224,1914880.87469983,170749725.83634,999999711.83634,1000000000.0,2026-08-25,,
869,Mango Network,MGO,mango-network,0.006995932549639801,0.20391202,0.55777377,0.29832579,11214221.45432015,819562.22125056,1602963061.0,10000000000.0,10000000000.0,2026-08-25,,
870,ANDY (ETH),ANDY,boysclubandy,1.1205950480097157e-05,0.54104565,1.37449881,119.35245548,11205950.480097158,173746.08328435,1000000000000.0,1000000000000.0,1000000000000.0,2026-08-25,,
871,iShares TIPS Bond Tokenized ETF (Ondo),TIPon,ishares-tips-bond-tokenized-etf-ondo,111.58679454276607,0.03398368,0.16411234,0.40210003,11178270.161367936,643612.38115113,100175.56474466,100175.56474466,,2026-08-25,,
872,RIZE,RIZE,rize,0.005672880576898374,1.23591983,2.84262668,2.97700194,11177387.679958535,182847.60303958,1970319580.75693,4944005686.619945,5000000000.0,2026-08-25,,
873,IAGON,IAG,iagon,0.022899390987802228,0.83332475,-0.80840812,15.13406323,11153197.980360271,145717.70419807,487052165.985603,1000000000.0,1000000000.0,2026-08-25,,
874,Semicon Bull 3X ETF Tokenized bStocks,SOXLB,semicon-bull-3x-etf-tokenized-bstocks,110.8358177630099,1.92853616,-8.24133996,-27.47612198,11099599.063716207,11867009.06687502,100144.51363953,100144.51363953,,2026-08-25,,
875,iShares Gold Trust Tokenized ETF (Ondo),IAUon,ishares-gold-trust-tokenized-etf-ondo,87.9549098649601,-0.04221985,1.19828401,5.69712814,11112527.449547024,1396386.05841951,126343.45787641,126343.45787641,,2026-08-25,,
876,Decentralized Social,DESO,deso,1.2488971465050218,-0.39485004,-0.48811862,4.47101655,11095871.65842114,1827.55205112,8884536.0,10808492.0,10808492.0,2026-08-25,,
877,Sandisk Corporation tokenized stock(xstock),SNDKX,sandisk-corporation-xstock,1473.5527280609429,0.7020357,-7.5684242,-18.02464461,11072238.76984777,12566178.19107019,7513.97527825,67575.63466526,,2026-08-25,,
878,Delysium,AGI,delysium,0.004691816975797169,-4.42139938,11.65988119,90.65894131,11007009.315628128,6342379.83365858,2346001425.973776,3000000000.0,,2026-08-25,,
879,Artificial Liquid Intelligence,ALI,alethea-artificial-liquid-intelligence-token,0.0012150170657194198,-0.35645184,4.26250975,15.08851528,11078636.396159455,145231.92261697,9118091184.669674,9870903732.81426,9870903732.81426,2026-08-25,,
880,INFINIT,IN,infinit,0.03205031217420467,0.64101083,-0.47152828,2.30430046,11059559.011691673,2759314.8787416,345068683.0,1000000000.0,1000000000.0,2026-08-25,,
881,Hegic,HEGIC,hegic,0.015711752967399305,3.59e-06,-3.70282988,10.12276341,11056790.266967949,10.52338655,703727349.1958504,3012009888.0,3012009888.0,2026-08-25,,
882,Bubblemaps,BMT,bubblemaps,0.015171725701492878,-0.06307957,0.90259213,-9.21812868,11019072.265272394,5873169.43004333,726289974.0,1000000000.0,1000000000.0,2026-08-25,,
883,Lagrange,LA,lagrange,0.05703330785741738,1.0402603,-1.58626517,13.40530033,11007428.416481555,8714566.22578405,193000000.0,1000000000.0,,2026-08-25,,
884,ORIGYN,OGY,origyn-foundation,0.0014038362967417398,0.9189485,-3.08897657,7.61530232,10990130.214481013,118606.93306822,7828640875.0,10414447163.363216,10620490364.0,2026-08-25,,
885,Unicorn Fart Dust,UFD,unicorn-fart-dust,0.010959934981884068,-2.37527655,5.8611522,33.0628505,10959934.981884068,924327.97110786,1000000000.0,1000000000.0,1000000000.0,2026-08-25,,
886,Kishu Inu,KISHU,kishu-inu,1.175846095118906e-10,1.32032202,1.32435929,17.61419116,10951371.611450052,134418.44318793,9.313609712113394e+16,9.670293841273085e+16,1e+18,2026-08-25,,
887,NVIDIA Tokenized bStocks,NVDAB,nvidia-tokenized-bstocks,209.18119369393534,0.16483886,-3.49606701,-7.05702623,10950021.149844756,11819065.27402936,52347.06312015,52347.06312015,,2026-08-25,,
888,Limitless,LMTS,limitless-lmts,0.08312431196054793,0.47858413,16.86599292,34.74772601,10939049.72991632,2059499.19628906,131598680.0,1000000000.0,1000000000.0,2026-08-25,,
889,Realio Network,RIO,realio-network,0.06957651797359801,0.11331607,7.54362666,104.12429503,10907900.226492168,411118.0706167,156775598.20730546,156775598.20730546,175000000.0,2026-08-25,,
890,Klickl Token,KLK,klickl-token,0.10881273152348576,0.34103333,1.01958457,-11.77340547,10881273.152348576,0.0,100000000.0,100000000.0,1000000000.0,2026-08-25,,
891,Verified Emeralds,VEREM,verified-emeralds,4.348105293486721,-0.0595501,-0.4028762,-14.37651201,10870263.233716803,130607.88340357,2500000.0,50000000.0,50000000.0,2026-08-25,,
892,Komodo,KMD,komodo,0.07972161462557988,35.55718968,841.61612067,10.64441018,10838462.509325873,0.09484813,135953876.0,141262234.11549,,2026-08-25,,
893,Hunt Town,HUNT,hunt,0.08585234138661829,0.64400949,0.31707072,12.22460506,10831790.56361293,123352.33577202,126167678.0,198912688.0,198912688.0,2026-08-25,,
894,Felysyum,FELY,felysyum,0.24724220126935928,-0.08749105,-0.60820497,2.3389884,10821109.008326553,1217551.81503492,43767241.0,500000000.0,500000000.0,2026-08-25,,
895,KernelDAO,KERNEL,kerneldao,0.03776430774567488,0.07312593,-1.63126089,14.77841945,10812224.177334838,4582977.87708328,286308020.0,1000000000.0,1000000000.0,2026-08-25,,
896,PDD Holdings Tokenized Stock (Ondo),PDDon,pdd-holdings-tokenized-stock-ondo,87.92348319533457,0.17268904,-0.47881813,1.60646047,10809618.393915053,1632611.3751704,122943.4731322,122943.4731322,,2026-08-25,,
897,Wanchain,WAN,wanchain,0.05428600957705487,-0.22063973,-1.53650087,2.95652909,10804330.147261357,1018647.09682293,199026051.6740585,199026051.6740585,210000000.0,2026-08-25,,
898,Intel tokenized stock (xStock),INTCX,intel-tokenized-stock-xstock,87.34339215079413,0.75451111,-2.94242911,-15.78126031,10751006.732195983,3098061.71558186,123088.95346811,1840632.08583222,,2026-08-25,,
899,Wayfinder,PROMPT,wayfinder,0.02185967646137978,0.83476185,0.89344322,1.08878595,10652323.60474197,4435688.88087987,487304724.0,1000000000.0,1000000000.0,2026-08-25,,
900,DIAM,DIAM,diam,0.0050678234093104,0.14179497,-0.38400998,-1.46058167,10622075.51868154,256777.51192026,2095983750.96636,5401462494.44995,10000000000.0,2026-08-25,,
901,OpenKaito,SN5,openkaito,3.0509709665227396,0.19079904,-0.63615288,18.34923716,10621491.672362007,27418.02557301,3481348.0,3481348.0,,2026-08-25,,
902,4,4,4four,0.010558972882059306,0.31557469,-2.55113708,-6.46973367,10558972.882059306,2274536.10518199,1000000000.0,1000000000.0,1000000000.0,2026-08-25,,
903,Dolomite,DOLO,dolomite,0.023785244432612613,0.23509477,-0.97063852,-1.50928771,10504086.43190618,3617840.92432008,441621967.0,998851995.6451048,1000000000.0,2026-08-25,,
904,Heima,HEI,heima,0.12837232432952173,-1.22992186,2.08900511,0.24074399,10458870.164270367,11772921.83124534,81472936.0,82259301.0,100000000.0,2026-08-25,,
905,Venom,VENOM,venom,0.010539066980381775,6.20241845,13.97277569,16.9422821,10422286.42472025,130428.89556421,988919270.0,7367646470.547814,8000000000.0,2026-08-25,,
906,Doodles,DOOD,doodles,0.001335573395097314,1.58269353,-0.5794059,14.62880738,10417472.481759049,6650672.96456415,7800000000.0,10000000000.0,10000000000.0,2026-08-25,,
907,Apu Apustaja,APU,apu-apustaja,3.054175970019899e-05,1.23410804,1.81778425,58.45619136,10319718.663960477,242119.0860363,337888804222.80457,337888804222.80457,420690000000.0,2026-08-25,,
908,SuperRare,RARE,superrare,0.012485534862519253,1.28554542,1.00594725,2.21122803,10306518.103184408,11488928.57413593,825476698.9697726,1000000000.0,1000000000.0,2026-08-25,,
909,TG Casino,TGC,tg-casino,0.1350173057961821,0.40545024,2.41992261,5.42054561,10315322.027788347,29793.00709178,76399998.99983217,76399998.99983217,100000000.0,2026-08-25,,
910,AriaAI,ARIA,aria-ai,0.028606255432059174,0.43142015,-2.18331459,-12.72447733,10272824.181199057,729016.05787083,359111111.4,1000000000.0,1000000000.0,2026-08-25,,
911,Creta World,CRETA,creta-world,0.0034315884351846966,1.99195864,5.34078743,144.10834862,10269561.205141483,120598.76494454,2992655267.1193943,10000000000.0,10000000000.0,2026-08-25,,
912,Act I : The AI Prophecy,ACT,act-i-the-ai-prophecy,0.010810954876512922,1.47278102,-2.4237881,7.19868619,10251368.797488175,14551471.79582278,948238977.461606,948238977.461606,,2026-08-25,,
913,Squid,QUID,squidrouter,0.07080119499568761,-3.72355424,-4.03729402,7.51996547,10135700.619833065,8473252.44090007,143157197.0,1000000000.0,1000000000.0,2026-08-25,,
914,Dymension,DYM,dymension,0.015746421030703516,0.4322313,-1.73021827,9.14638363,10016794.807807079,2496461.07525456,636131524.0,1070901610.0,,2026-08-25,,
915,GUNZ,GUN,gunz,0.0031972346202256527,0.26770252,0.2557968,7.43456957,9996289.379076978,4748601.88339353,3126542330.0,10000000000.0,10000000000.0,2026-08-25,,
916,Quantix Finance,QFI,quantix-finance,9.958791870052881,0.00423596,64.43795259,-80.62710688,9958791.870052882,368459.18046117,1000000.0,10000000.0,10000000.0,2026-08-25,,
917,Alien Worlds,TLM,alien-worlds,0.0014176481494966968,0.53338508,0.52694689,1.31757849,9934419.96893383,4653677.05725316,7007676744.3747,7071118209.5302,10000000000.0,2026-08-25,,
918,XION,XION,xion,0.10670661877711893,-0.03485044,1.57870968,4.46388652,9889138.120110285,37585.24433566,92675958.0,200000000.0,200000000.0,2026-08-25,,
919,Hippo Protocol,HP,hippo-protocol-ai,0.006882720219828809,-0.66804051,-1.61339285,11.99109148,9886805.063686427,107698.0581987,1436467668.0018146,1436468957.8779945,,2026-08-25,,
920,Opinion,OPN,opinion,0.054789819771977506,0.75446404,-3.58467691,3.75326993,9876656.927585302,5557503.95340095,180264453.66474378,1000000000.0,1000000000.0,2026-08-25,,
921,Bitcoin Diamond,BCD,bitcoin-diamond,0.052868058895632675,0.0,0.0,1.66484444,9859517.51259642,0.0,186492897.953,189492897.953,210000000.0,2026-08-25,,
922,iShares Core MSCI Emerging Markets Tokenized ETF (Ondo),IEMGon,ishares-core-msci-emerging-markets-tokenized-etf-ondo,81.35513951273556,-0.45092557,-1.92142504,-2.76554914,9821808.16171778,1066296.67125671,120727.56829555,120727.56829555,,2026-08-25,,
923,ColossusXT,COLX,colossusxt,0.0007720673080000002,0.0,0.0,0.0,9830236.551021257,0.0,12732356945.0,17057940886.189482,,2026-08-25,,
924,USDM,USDM,usdm,1.0041260803277503,0.51153524,0.3207883,0.49327982,9744154.194863906,210483.7360629,9704114.24,9704114.24,,2026-08-25,,
925,SLERF (OLD),SLERF,slerf-old,0.019483364149430832,2.16990179,7.53125671,36.92633354,9741638.23714608,1217.31329446,499997750.0,499997750.0,499997750.0,2026-08-25,,
926,Gold tokenized ETF (xStock),GLDX,gold-tokenized-stock-xstock,428.2545321944155,0.00065684,0.94178464,5.50614927,9703132.326467467,654508.6797426,22657.39553706,331829.62276218,,2026-08-25,,
927,APX,APX,apollox,0.21961732778726456,-0.02904952,-0.19249614,0.71839972,9699658.49090745,2818.91157543,44166180.27655432,3975255603.417881,,2026-08-25,,
928,Bitlayer,BTR,bitlayer,0.029349371545691397,-0.61987153,1.6043745,-2.70257447,9781731.915485749,13879225.47361393,333285907.0,1000000000.0,1000000000.0,2026-08-25,,
929,Ambire Wallet,WALLET,ambire-wallet,0.01338384269779069,2.46570779,7.79032828,7.17639442,9688201.564182585,32821.81599162,723872940.152072,723872940.152072,1000000000.0,2026-08-25,,
930,Gleec Coin,GLEEC,gleec,0.05317659286774968,-0.00250472,0.0348357,131.11338014,9665114.082801115,0.09571787,181755046.0,210000075.0,,2026-08-25,,
931,MyShell,SHELL,myshell,0.022678034220673198,0.18675308,0.02495012,5.63144471,9645723.888513332,5146320.15675382,425333333.33276,1000000000.0,1000000000.0,2026-08-25,,
932,OLAXBT,AIO,olaxbt,0.04190200782976458,-0.56845491,3.14417104,-17.04942977,9647937.302803295,1275444.79404123,230250000.0,1000000000.0,1000000000.0,2026-08-25,,
933,heyAura,ADX,adx-net,0.06509724769676589,0.68925698,-1.40632575,3.91935787,9627882.934351675,1485631.22986717,147900000.0,150000000.0,150000000.0,2026-08-25,,
934,BENQI,QI,benqi,0.0013320645966157303,0.59120806,-0.56127481,2.75424252,9590865.095633259,718092.61050119,7200000000.0,7200000000.0,7200000000.0,2026-08-25,,
935,THENA,THE,thena,0.07187527973590903,0.31219905,3.47143298,17.17042459,9579775.083229365,5864838.13874395,133283308.50924383,284596517.7147613,326120291.0,2026-08-25,,
936,iShares MSCI South Korea ETF Tokenized bStocks,EWYB,ishares-msci-south-korea-etf-tokenized-bstocks,173.1682095143576,0.87626026,-3.55156974,-6.63236875,9547091.072749993,3527064.8959468,55131.89227702,55131.89227702,,2026-08-25,,
937,Decentrawood,DEOD,decentrawood,0.01705172684597832,0.0065871,-0.27167852,-0.32375275,9474160.221330779,859263.67354117,555612947.9968345,1890000000.0,1890000000.0,2026-08-25,,
938,Crypto Sustainable Token,CST,crypto-sustainable-token,45.184045327436515,2.13927188,8.14679961,8.85261904,9432673.597179396,43065.72732755,208761.15736923,10000000.0,10000000.0,2026-08-25,,
939,Jimothy The Raccoon,JIMOTHY,jimothy-the-raccoon,0.00953784111711235,4.99541584,3.61841082,43.47264459,9537227.90847267,3354993.1819629,999935707.815621,999935707.815621,1000000000.0,2026-08-25,,
940,StakeStone,STO,stakestone,0.041668335326543564,-0.02258408,0.29261061,8.83803985,9389264.879691705,5628709.15973981,225333333.0,1000000000.0,1000000000.0,2026-08-25,,
941,ISLM,ISLM,islamic-coin,0.00429389024790643,0.92743971,-1.72172019,6.44956061,9388414.48832007,1901.02713558,2186458886.06435,18162982098.425728,100000000000.0,2026-08-25,,
942,SpaceX Tokenized Stock (Ondo),SPCXon,spacex-tokenized-stock-ondo,135.2210044610947,0.18404697,-0.75472958,-7.06225767,9377379.851146536,1448586.01175663,69348.54454394,69348.54454394,,2026-08-25,,
943,Boba Network,BOBA,boba-network,0.018993122340389593,-1.05841984,0.53852607,11.1163634,9374642.456565846,929849.21504036,493580902.0,500000000.0,500000000.0,2026-08-25,,
944,Meta Platforms Tokenized Stock (Ondo),METAon,meta-platforms-tokenized-stock-ondo,563.0814205020752,0.21122247,1.84645305,-1.04025513,9315629.240635283,2171172.4329995,16544.01814986,16544.01814986,,2026-08-25,,
945,Augur,REP,augur,0.84585900846096,-0.02527343,20.30455866,5.45485656,9304449.09307056,0.0,11000000.0,11000000.0,,2026-08-25,,
946,KONET,KONET,konet,0.019924011419186243,-0.01581801,-1.62763247,-7.1075463,9303477.657095836,743141.00951237,466948018.71759915,999997956.2,1000000000.0,2026-08-25,,
947,Energy Web Token,EWT,energy-web-token,0.30832254206610776,-0.11533914,1.04821759,18.33502946,9268834.808102136,169020.10564695,30062138.0,81481471.65552735,100000000.0,2026-08-25,,
948,QIE Blockchain,QIE,qi-blockchain,0.1098491691283612,-0.01692142,-0.14310445,-28.94880084,9267874.766163435,43637.53493471,84369093.0,84369093.0,150000565.0,2026-08-25,,
949,MCOIN,MCOIN,mcoin1,0.05234106030034384,0.72768688,3.71840256,-1.19376354,9264367.67316086,208395.75175318,177000000.0,500000000.0,500000000.0,2026-08-25,,
950,Bella Protocol,BEL,bella-protocol,0.11539123650001545,0.31144884,0.61340123,6.64471621,9231298.920001237,2945498.06444371,80000000.0,100000000.0,,2026-08-25,,
951,Forta,FORT,forta,0.014329981359398782,-0.55293887,-0.48687681,12.52928048,9238216.357204068,219888.73365919,644677486.0,1000000000.0,1000000000.0,2026-08-25,,
952,iShares Russell 1000 Growth Tokenized ETF (Ondo),IWFon,ishares-russell-1000-growth-tokenized-etf-ondo,486.30999161497823,-0.0634433,-1.32849963,-3.11128834,9228403.659446768,150137.79118975,18976.38094747,18976.38094747,,2026-08-25,,
953,Coinbase Tokenized Stock (Ondo),COINon,coinbase-tokenized-stock-ondo,182.1724489301528,1.29535252,-3.20948687,20.83826421,9209822.976228619,2283603.01100443,50555.52049893,50555.52049893,,2026-08-25,,
954,Intuition,TRUST,intuition,0.05120383189609406,0.23691954,-1.89746761,3.52390793,9198657.390225748,925898.98832493,179647832.0,1057692307.6923077,,2026-08-25,,
955,IBS,IBS,ibs,12.477217968088407,0.17175871,-0.89023413,-17.60693756,9247747.58355235,1110022.98521338,741170.63653166,1490252.82535094,871020.0,2026-08-25,,
956,AITECH Cloud Network,ACN,solidus-ai-tech,0.005138212878884365,-0.00630552,-0.08342589,7.90155752,9167399.526609857,1798258.82221791,1784161097.0,1986052500.0,2000000000.0,2026-08-25,,
957,Daddy Tate,DADDY,daddy-tate,0.01530858739941687,4.09948336,14.20563542,17.2305344,9179205.387407197,243992.58184782,599611521.815321,599611521.815321,999689062.0,2026-08-25,,
958,Dexsport,DESU,dexsport,0.015255456080423849,0.21180183,0.43833214,12.03915076,9153273.648254309,23213.04052239,600000000.0,600000000.0,600000000.0,2026-08-25,,
959,MWX Token,MWXT,mwx-token,0.0543276782366401,-0.02317775,-0.67744131,0.08173339,9118731.729334274,102536.3754013,167846888.0929343,1000000000.0,1000000000.0,2026-08-25,,
960,Toko Token,TKO,tokocrypto,0.052938173961371196,0.65987051,-0.41716966,4.55893683,9089594.90552585,937306.16582398,171702086.13841677,493162058.66,500000000.0,2026-08-25,,
961,AVA,AVA,ava-sol,0.00908873670139723,0.08363814,1.38264328,-30.15715339,9081394.874405103,941567.61861772,999192205.998112,999192205.998112,999995926.72,2026-08-25,,
962,Telos,TLOS,telos,0.020130368507934933,-0.02406123,-1.02983745,-15.07991016,9079375.194705281,330926.33015386,451028762.39580005,467563681.3478,,2026-08-25,,
963,Landwolf 0x67,WOLF,landwolf-coin,1.0046535665530585e-05,0.93464093,-2.80076451,95.44504872,9063577.644486899,148190.96627236,902159505150.0,902159505150.0,1000000000000.0,2026-08-25,,
964,Konnect,KCT,konnect,0.001230128630039592,-0.15103606,4.32829404,-7.4335023,9072198.695747137,491292.28060963,7375000040.0,10000000000.0,10000000000.0,2026-08-25,,
965,我踏马来了,我踏马来了,wotamalaile,0.009030902595962433,0.70393065,-1.68707583,-0.31959963,9030902.595962433,1193933.59860184,1000000000.0,1000000000.0,1000000000.0,2026-08-25,,
966,Solomon,SOLO,solomon,0.6986891866606342,1.14305701,7.96466026,18.54201552,9013067.731609805,98938.414507,12899967.401367,25799967.401367,25800000.0,2026-08-25,,
967,xU3O8,XU3O8,xu3o8,5.629556496443613,0.0713192,0.68482598,1.75268315,9007290.394309781,854001.79053653,1600000.0,1600000.0,,2026-08-25,,
968,Quai Network,QUAI,quai-network,0.011493382739808704,-0.12367784,-3.53933828,-2.02524652,8993393.352252387,266690.56203609,782484457.0,1084070087.0,,2026-08-25,,
969,Haedal Protocol,HAEDAL,haedal-protocol,0.018564190210183882,0.06946162,-2.13211997,8.9686081,8972691.928734146,1658003.71111445,483333333.0,1000000000.0,1000000000.0,2026-08-25,,
970,Intel Tokenized bStocks,INTCB,intel-tokenized-bstocks,87.37582202156646,0.6792939,-2.86116871,-15.7924573,8911977.277917668,5903281.35844708,101995.91914246,101995.91914246,,2026-08-25,,
971,PepeFork,PORK,pepefork,2.184331696382768e-08,-2.80304059,-7.54533201,59.39904277,8903898.058408389,25556.7629781,407625731620941.9,420690000000000.0,420690000000000.0,2026-08-25,,
972,BOB (Build on Bitcoin),BOB,bob-build-on-bitcoin,0.004000971105038106,-0.23232086,0.10633272,5.85531251,8882155.853184596,564878.12151318,2220000000.0,10000000000.0,10000000000.0,2026-08-25,,
973,Bitcoin Gold,BTG,bitcoin-gold,0.5054303238096036,0.75898096,1.37679015,26.89311872,8852068.070764925,0.0,17513923.589,17513923.589,21000000.0,2026-08-25,,
974,PolySwarm,NCT,polyswarm,0.004671227854792002,0.02683188,-0.63383675,12.01699092,8807603.773110501,114354.09112685,1885500782.0,1885913076.0,1885913076.0,2026-08-25,,
975,MicroStrategy Tokenized Stock (Reality),rMSTR,microstrategy-tokenized-stock-reality,125.55433960524404,2.00459367,4.17893308,28.72123308,8802234.948612235,1195467.09211666,70106.9750061,70106.9750061,,2026-08-25,,
976,Moonriver,MOVR,moonriver,0.7035152749208988,0.40632279,-0.43468652,-5.52659731,8785661.968755966,4676801.34710044,12488232.0,12592434.0,,2026-08-25,,
977,iShares 0-3 Month Treasury Bond Tokenized ETF (Ondo),SGOVon,ishares-0-3-month-treasury-bond-tokenized-etf-ondo,102.20232005132605,0.04756201,0.05653214,0.26472218,8781540.941598127,1058434.276972,85923.10758883,85923.10758883,,2026-08-25,,
978,CoinEx Token,CET,coinex-token,0.012363785592497666,0.32599218,1.57645092,3.37720159,8761393.671491614,43653.05303948,708633582.0,2777476547.0,10000000000.0,2026-08-25,,
979,Dent,DENT,dent,8.75701060030222e-05,-4.3305627,-21.24644224,244.40453269,8757010.600302216,3261258.40347927,99999999999.99994,99999999999.99994,100000000000.0,2026-08-25,,
980,Resolv,RESOLV,resolv,0.019020968048866046,0.15932938,2.57728045,11.94217822,8739200.519334016,4131958.55526604,459450880.56940466,1000000000.0,1000000000.0,2026-08-25,,
981,Caldera,ERA,caldera,0.05856851674294223,0.14722293,-1.63958859,0.9664922,8697424.736326922,12764509.45616134,148500000.0,1000000000.0,1000000000.0,2026-08-25,,
982,MUX Protocol,MCB,mcdex,2.2749065735895986,0.0,13.69189279,14.36032633,8693607.793823844,0.0,3821523.0,4803143.0,4803143.0,2026-08-25,,
983,USDH,USDH,hyperliquid-usd,0.9991041877515668,-0.01492458,-0.08596106,0.29083379,8683277.12471177,75955.140754,8691062.685117,9169100.75,,2026-08-25,,
984,Pythia,PYTHIA,pythia,0.008685638117689425,0.8899049,-0.44754685,-1.0529596,8669639.398785766,65274.34729649,998158026.078582,998158026.078582,1000000000.0,2026-08-25,,
985,Santos FC Fan Token,SANTOS,santos-fc-fan-token,0.5386234491682649,0.76950406,0.63794187,15.09845962,8669065.932374774,3617518.63771467,16094854.291549,30000000.0,30000000.0,2026-08-25,,
986,Cookie DAO,COOKIE,cookie,0.010781525976906738,0.3194167,1.23884692,-3.80500872,8655648.565860307,2552510.26203803,802822215.0,999892386.0,1000000000.0,2026-08-25,,
987,Divi,DIVI,divi,0.0018161983190107054,-1.55090558,-5.00891517,5.91393148,8632346.125474013,0.0,4752975506.648473,4752976004.648473,,2026-08-25,,
988,Everlyn AI,LYN,everlyn,0.03374703678372668,-0.12249635,5.79660505,-3.18544884,8627044.225129288,708936.74947537,255638570.0,1000000000.0,1000000000.0,2026-08-25,,
989,Moonbeam,GLMR,moonbeam,0.007152652706903655,0.53379546,-2.58486566,-4.35462082,8610956.56958613,3686223.79636385,1203882940.0,1241178903.0,,2026-08-25,,
990,Wilder World,WILD,wilder-world,0.017197984642681928,0.27489513,-0.6048821,36.52234641,8598457.612469709,123220.97919784,499968908.6318912,499968908.6318912,500000000.0,2026-08-25,,
991,What IF,IF,what-if,0.009234033563206116,-5.35024705,-2.14652172,-42.63394575,8435071.709094595,767115.37564461,913476397.0,1000000000.0,1000000000.0,2026-08-25,,
992,Grow,GROW,grow,0.00021717153481169634,0.17462459,-5.17404382,-15.75734967,8556407.282580407,317544.8803744,39399303826.8088,39741769566.8088,50000000000.0,2026-08-25,,
993,Microsoft Tokenized Stock (Ondo),MSFTon,microsoft-tokenized-stock-ondo,489.78551975960926,-0.05718304,0.75077728,1.59642609,8553016.537224675,1964000.70203398,17462.77950688,17462.77950688,,2026-08-25,,
994,Keyboard Cat,KEYCAT,keyboard-cat,0.0008492613197531095,0.5696508,36.67089996,111.12550872,8492613.197531095,2335937.36448532,10000000000.0,10000000000.0,10000000000.0,2026-08-25,,
995,Robinhood tokenized stock (xStock),HOODX,robinhood-tokenized-stock-xstock,104.55662286686854,0.88931364,-3.95859717,8.59918808,8469159.436730038,4899819.42374298,81000.69803817,1915892.04877687,,2026-08-25,,
996,Resistance Dog,REDO,resistance-dog,0.08443215407766566,3.89070509,6.92291756,24.9554665,8443214.813364202,145839.10108092,99999992.96,99999992.96,100000000.0,2026-08-25,,
997,Wecan Group,WECAN,wecan-group,0.0014068641784400042,-0.00047209,2.33883904,-3.45652989,8441185.070640026,83.93577421,6000000000.0,6000000000.0,6000000000.0,2026-08-25,,
998,Apple Tokenized Stock (Ondo),AAPLon,apple-tokenized-stock-ondo,311.75594830111265,0.03477945,0.24902919,1.74648149,8436279.92946193,2082049.24464254,27060.52595126,27060.52595126,27052.81539108,2026-08-25,,
999,Swarms,SWARMS,swarms,0.008435368991641712,0.34199394,10.27781868,0.57547936,8435241.027094109,2959652.73217453,999984830.0,999984830.0,,2026-08-25,,
1000,Paris Saint-Germain Fan Token,PSG,paris-saint-germain-fan-token,0.49913009862094065,0.5020302,0.35708939,5.7880192,8405328.151728863,2879333.22286421,16839954.5027482,19890000.0,19890000.0,2026-08-25,,
1000,Paris Saint-Germain Fan Token,PSG,paris-saint-germain-fan-token,0.49913009862094065,0.5020302,0.35708939,5.7880192,8405328.151728863,2879333.22286421,16839954.5027482,19890000.0,19890000.0,2026-08-25,,
1001,ANyONe Protocol,ANYONE,anyone-protocol,0.08618264166634874,0.30513893,-6.01763451,71.42211362,8402804.592651065,149988.7923615,97499965.5404165,100000000.0,100000000.0,2026-08-25,,
1003,Joe coin,JOE,joe-coin,0.008389722695919515,-0.4587268,2.83143497,30.55895194,8389722.695919516,50614.54754775,1000000000.0,1000000000.0,1000000000.0,2026-08-25,,
1004,Towns,TOWNS,towns,0.0024655982922061675,0.28250299,-2.16279134,8.64440286,8384734.492273659,3005731.28447893,3400689609.0,10594736370.0,,2026-08-25,,
1005,Balancer,BAL,balancer,0.12005863155085056,0.03338441,-0.15061611,13.77636936,8378761.907792566,241948.39744265,69788917.29449508,72368512.92020285,96150704.0,2026-08-25,,
1006,Meta tokenized stock (xStock),METAX,meta-tokenized-stock-xstock,562.7734647054538,0.19863162,1.80444246,-1.00202386,8376561.456269975,4761983.25491023,14884.42860513,215976.34908209,,2026-08-25,,
1007,inSure DeFi,SURE,insure,0.0003118917166582406,3.37735337,6.47383085,31.89082589,8355598.792922028,0.0,26790063174.642704,88000000000.0,88000000000.0,2026-08-25,,
1008,Vine Coin,VINE,vine-coin,0.0083279435146327,2.14596749,7.69430607,27.70101472,8327894.413077738,3127778.821586,999994104.0,999994104.0,,2026-08-25,,
1009,Groestlcoin,GRS,groestlcoin,0.091541930400715,0.0,0.0,0.0,8307998.09969038,0.0,90756203.88736624,90756203.88736624,105000000.0,2026-08-25,,
1010,Peercoin,PPC,peercoin,0.2720906740311792,0.41557946,0.30363975,19.73616744,8267121.076305593,1173.55622592,30383698.76417835,30383698.76417835,,2026-08-25,,
1011,ResearchCoin,RSC,researchcoin,0.06368987285071738,-0.02993534,0.14394982,2.00306442,8251219.972722877,251862.05035847,129553092.24847884,1000000000.0,1000000000.0,2026-08-25,,
1012,Echelon Prime,PRIME,echelon-prime,0.2303254375044562,-0.02876221,-1.46860733,-0.89978573,8239625.579539853,306511.23277592,35773841.0,111111111.1,111111112.0,2026-08-25,,
1013,SK hynix tokenized stock (xStock),SKHYx,sk-hynix-tokenized-stock-xstock,152.6310859873717,0.23444512,-7.784077,-12.58936115,8232223.006778561,5221524.20123409,53935.42837964,348168.3020736,,2026-08-25,,
1014,Puffer,PUFFER,puffer,0.015540358799045546,-1.39195599,4.17230991,30.50838921,8226412.662611518,3190662.94071059,529357962.0,1000000000.0,1000000000.0,2026-08-25,,
1015,MAGIC•INTERNET•MONEY (Bitcoin),MIM,magic-internet-money-bitcoin,0.00039028492044885333,1.56148681,5.52647661,82.80297438,8195983.32942592,25503.4034473,21000000000.0,21000000000.0,21000000000.0,2026-08-25,,
1016,Bobo (bobothebear),BOBO,bobo-bobothebear,0.008173614238644997,3.27548165,6.49745188,18.57889463,8173605.190454035,598894.68630458,999998893.0,999998893.0,999998895.0,2026-08-25,,
1017,Stader,SD,stader,0.11538754306921246,0.0957734,3.65577718,21.30704353,8164229.480987861,1145511.92378555,70754860.2199697,120000000.0,120000000.0,2026-08-25,,
1018,Pikaboss,PIKA,pikachu,1.9329664820660084e-08,-0.65297558,1.38360766,23.81845528,8131796.693403491,2009.33868823,420690000000000.0,420690000000000.0,420690000000000.0,2026-08-25,,
1019,FirmaChain,FCT,firmachain,0.006576960539388671,-0.69300876,-1.49082395,10.14269238,8061878.468608334,192027.69876461,1225775709.05689,1236889119.248436,,2026-08-25,,
1020,AMD Tokenized Stock (Ondo),AMDon,amd-tokenized-stock-ondo,456.4638809663338,0.66239931,-3.24050167,-10.03919574,8031364.297797969,2207328.30095326,17594.74217499,17594.74217499,,2026-08-25,,
1021,Nebius Tokenized bStocks,NBISB,nebius-tokenized-bstocks,210.94081045666795,0.81558961,-3.35185305,-21.8295063,8017844.781685267,5349254.64234425,38009.92688104,0.0,,2026-08-25,,
1022,Orchid,OXT,orchid,0.008022679419804167,-0.18755753,-3.29233527,-9.14722035,8000333.324752972,1525213.91765418,997214634.4279902,1000000000.0,,2026-08-25,,
1023,ULTILAND,ARTX,ultiland,0.10561031571506876,-0.08396227,5.9259935,33.10687555,8000898.215960084,737677.23597889,75758680.975314,107224664.215314,280000000.0,2026-08-25,,
1024,NVIDIA Tokenized Stock (Reality),rNVDA,nvidia-tokenized-stock-reality,209.0938806855852,0.25847136,-3.4718163,-7.03770933,7985254.352295784,19598324.46402356,38189.80414976,38189.80414976,,2026-08-25,,
1025,Galatasaray Fan Token,GAL,galatasaray-fan-token,0.9533185318024999,0.24271181,0.5826335,3.55056455,7983751.941693737,1621048.8847717,8374695.0,9975000.0,9975000.0,2026-08-25,,
1026,Quantoz USDQ,USDQ,quantoz-usdq,1.000593108216169,0.13179786,0.40090335,0.4133228,7984782.032627331,1499432.0787813,7980049.0,11000000.0,,2026-08-25,,
1027,AS Roma Fan Token,ASR,as-roma-fan-token,0.8971502505552944,-0.15220727,-0.51320457,7.77772717,7910323.583237873,2984516.53078425,8817167.0,9995000.0,9995000.0,2026-08-25,,
1028,LOAN Protocol,LOAN,loan-protocol,0.0004292055937097127,0.4767447,0.41007865,10.76291831,7900273.858707808,121927.11201639,18406735547.0,36615304025.07387,,2026-08-25,,
1029,Moss Coin,MOC,moss-coin,0.017567070859155407,-0.92806388,-1.78028269,17.42450746,7896217.199555656,1957593.06266807,449489688.0,500000000.0,500000000.0,2026-08-25,,
1030,Avail,AVAIL,avail,0.0019786608274869255,0.11760992,-1.48426093,12.30519064,7873581.465732351,444923.94132141,3979247659.0,11102528282.0,,2026-08-25,,
1031,Kekius Maximus (kekiusmaximus.vip),KEKIUS,kekius-maximus-vip,0.00782378285046898,0.24006432,0.25738292,31.55344711,7823782.85046898,2393162.05563416,1000000000.0,1000000000.0,,2026-08-25,,
1032,WeBuy,WE,webuy,0.02149658851194472,0.84099482,2.70675914,23.82282074,7782436.594749101,33801.3887519,362031240.0,2500000000.0,,2026-08-25,,
1033,YELLOW,YELLOW,yellow,0.04020440717717166,0.06796933,-2.05723352,-0.58087347,7797075.587364846,725732.75613218,193935842.73,10000000000.0,10000000000.0,2026-08-25,,
1034,Tradoor,TRADOOR,tradoor,0.542705447683444,0.03514446,-3.56326909,-13.93345589,7787280.468809738,1603770.38878447,14349000.0,60000000.0,60000000.0,2026-08-25,,
1035,Micron Tokenized Stock (Reality),rMU,micron-tokenized-stock-reality,904.9833584673667,0.77230163,-5.74204678,-10.81806454,7787752.401392079,1077603.12473153,8605.40951226,8605.40951226,,2026-08-25,,
1036,BeatSwap,BTX,beatswap,0.034418198129185965,0.0720115,-0.02971693,-2.0021707,7735670.484147337,1513767.36288911,224755243.0,1500000000.0,1500000000.0,2026-08-25,,
1037,DORA,DORA,dora,0.007797596767554795,-0.26438186,-0.47330434,-0.18742629,7720288.191242905,322812.3243405,990085589.366,1000000000.0,1000000000.0,2026-08-25,,
1038,Fuel Network,FUEL,fuel-network,0.0008590174166241809,0.00902552,-0.49822719,-1.12823928,7674456.956515261,488728.56227603,8933994594.282862,10370280749.307411,,2026-08-25,,
1039,Amazon tokenized stock (xStock),AMZNX,amazon-tokenized-stock-xstock,262.7916801871986,0.10933831,1.18101404,0.61358847,7647160.243123233,13704775.33174334,29099.70451757,500512.5561597,,2026-08-25,,
1040,Purple Pepe,$PURPE,purple-pepe,1.827129544089619e-05,7.80501971,31.84962327,148.37146283,7623036.6363882655,1722869.68739946,417213801892.0,420683240832.10004,420690000000.0,2026-08-25,,
1041,Ika,IKA,ika,0.0025368792429197808,-0.12688599,-1.20119856,-0.64110436,7610637.728759343,283958.97823255,3000000000.0,10291666666.6667,,2026-08-25,,
1042,FC Barcelona Fan Token,BAR,fc-barcelona-fan-token,0.28241551189093506,0.35308107,-0.87842211,7.61042744,7584931.1186219575,3156865.33727825,26857346.0,39960000.0,39960000.0,2026-08-25,,
1043,DEXTools,DEXT,dextools,0.10821584288710419,0.33398846,1.16226884,17.13661532,7577706.920007601,4487.02643203,70024006.8167562,112551255.0,200000000.0,2026-08-25,,
1044,Alpine F1 Team Fan Token,ALPINE,alpine-f1-team-fan-token,0.35383950124223,1.02883256,0.48379917,12.83002886,7549328.249773188,4155611.5193083,21335459.22168,40000000.0,40000000.0,2026-08-25,,
1045,LimeWire,LMWR,limewire,0.014779884272811817,0.74861866,3.30145957,13.49905876,7546806.034454201,867903.29622268,510613337.3680638,633045269.0,633045269.0,2026-08-25,,
1046,Assemble AI,ASM,assemble-protocol,0.005034379707840055,-0.05028474,0.85818952,17.77266113,7551569.561760083,79615.22538377,1500000000.0,3000000000.0,3000000000.0,2026-08-25,,
1047,Heroes of Mavia,MAVIA,heroes-of-mavia,0.03018673864425406,0.28813281,1.14450259,-1.55313533,7546684.661063515,839843.03870303,250000000.0,250000000.0,256989887.032251,2026-08-25,,
1048,Tesla Tokenized Stock (Reality),rTSLA,tesla-tokenized-stock-reality,350.01997590443926,0.25165664,-4.30185747,3.04467457,7534713.674896349,119637.8614822,21526.5247517,21526.5247517,,2026-08-25,,
1049,Kleros,PNK,kleros,0.008228975540224032,-0.00308348,-0.4353241,0.06363548,7533859.34138973,8377.76103683,915528221.5341986,915528222.0793128,,2026-08-25,,
1050,Gitcoin,GTC,gitcoin,0.08577769619047033,0.3062302,-1.73467036,3.17558388,7504819.469590104,2314168.28918983,87491501.9042429,100000000.0,,2026-08-25,,
1051,Access Protocol,ACS,access-protocol,0.0001400094287200101,-0.4235778,-3.66667449,9.19209628,7516494.817099963,220213.85465274,53685633073.551056,90435913195.96588,,2026-08-25,,
1052,Drift,DRIFT,drift,0.01226641856195955,0.34267043,1.63755502,5.42295261,7501109.055492479,2074194.18423509,611515824.085346,1000000000.0,,2026-08-25,,
1053,SuperWalk,GRND,superwalk,0.009462869827283903,0.36904564,0.79092055,8.235681,7490639.989863014,37415.48122244,791582271.1906656,1000000000.0,,2026-08-25,,
1054,Soil,SOIL,soil,0.10057997625572,0.04778332,-2.95097188,8.62620204,7473928.6355995815,47170.72417128,74308315.768513,99000000.0,100000000.0,2026-08-25,,
1055,Commonwealth,CWU,commonwealth,0.008621930642777236,5.31634124,12.90074537,8.59682128,7764021.058390891,11322.17804531,900496812.1490246,999999299.7112136,1000000000.0,2026-08-25,,
1056,iShares MSCI Emerging Markets Tokenized ETF (Ondo),EEMon,ishares-msci-emerging-markets-tokenized-etf-ondo,66.80717925980704,-0.02095921,-1.99911889,-2.12309315,7451300.978706226,553445.53052867,111534.43479074,111534.43479074,,2026-08-25,,
1057,Sophon,SOPH,sophon,0.0037098941016511303,0.21826146,-1.72600068,9.046483,7419788.2033022605,2937480.08832499,2000000000.0,10000000000.0,10000000000.0,2026-08-25,,
1058,QuickSwap [Old],QUICK,quickswap,11.139286802310934,-0.03310841,2.58041662,22.2189312,7405819.761557697,6149.77101323,664837.8745416,895214.85207885,1000000.0,2026-08-25,,
1059,Venus LINK,vLINK,venus-link,0.23926584034815143,0.85690961,1.88065542,23.58945705,7395063.978582505,0.0,30907312.0,30907312.0,,2026-08-25,,
1060,Amazon Tokenized Stock (Ondo),AMZNon,amazon-tokenized-stock-ondo,262.80036498901114,0.05586441,1.2281633,0.6436881,7395267.389028872,3348611.86947688,28140.24778595,28140.24778595,,2026-08-25,,
1061,AI Companions,AIC,ai-companions,0.009801137593346863,0.0324913,-3.64475594,-11.00831728,7350850.254668869,341041.50620563,749999700.0,1000000000.0,1000000000.0,2026-08-25,,
1062,WhiteCoin,XWC,whitecoin,0.009576480221739838,1.71716441,5.02798628,74.36896419,7319539.639084498,773130.1649816,764324623.4110321,971792390.0,1000000000.0,2026-08-25,,
1063,Edel,EDEL,edel,0.011700572276798223,-1.06724778,30.55421631,52.12414725,7271746.03888532,1576474.8715779,621486356.9797271,1000000000.0,1000000000.0,2026-08-25,,
1064,SpaceX Tokenized Stock (Reality),rSPCX,spacex-tokenized-stock-reality,135.36546013676738,0.41452286,-0.66306794,-6.92399495,7278943.768698862,2197007.07464999,53772.5337124,53772.5337124,,2026-08-25,,
1065,Uchain,UCN,uchain,145.1987673773015,-0.95889911,-1.00923682,-0.85676682,7259938.368865075,629402.19489054,50000.0,100000.0,100000.0,2026-08-25,,
1066,Build On BNB,BOB,build-on-bnb,1.7238594898049658e-08,0.74676029,0.56734304,-3.05571853,7252104.48766051,129924.64056462,420690000000000.0,420690000000000.0,420690000000000.0,2026-08-25,,
1067,Defigram,DFG,defigram,0.722232607488,-1.83101151,-22.71042516,-5.85655342,7222326.07488,0.0,10000000.0,1000000000.0,1000000000.0,2026-08-25,,
1068,Venus DAI,vDAI,venus-dai,0.02623158975363389,0.02021134,0.00499748,0.05491521,7201558.350936984,0.0,274537625.0,274537625.0,,2026-08-25,,
1069,Hemi,HEMI,hemi,0.00735668181299684,-2.10885891,-18.57398569,7.14321154,7191156.472204411,29393648.0556927,977500000.0,10000000000.0,,2026-08-25,,
1070,StablR USD,USDR,stablr-usd,0.33601719135274505,-0.01054509,49.93688886,-18.89085266,7174158.540632106,1047.460355,21350569.926944,21350569.926944,,2026-08-25,,
1071,Badger DAO,BADGER,badger-dao,0.36770964870800876,0.11632498,0.83133287,7.37409661,7173718.102129835,629665.74157067,19509191.90544915,21000000.0,21000000.0,2026-08-25,,
1072,Cryptocurrency Coin,CRYPTO,cryptocurrency-coin,0.007157633133248431,-1.81153036,15.28809399,249.12475687,7157470.7493139105,90616.35874837,999977313.18,999977313.18,999977313.18,2026-08-25,,
1073,Abelian,ABEL,abelian,0.059107338952446846,1.04861569,0.64363131,-3.61317042,7148859.580009993,21308.00586302,120947072.0,141527053.0,225180000.0,2026-08-25,,
1074,Alon,ALON,alon,0.007111732235030761,0.32666114,-10.27137442,112.96237891,7097236.689908852,8132517.06151546,997961742.0,997961742.0,,2026-08-25,,
1075,Autonolas,OLAS,autonolas,0.024413618430071136,-0.02906546,1.29417465,27.96477093,7134539.774616817,83804.03504175,292236064.68056154,473672450.5987697,,2026-08-25,,
1076,Bitcoin Limited Edition,BTCLE,bitcoin-limited-edition,458.2650440192982,0.38670383,0.20376904,-0.90782978,7139127.814759039,261625.0028717,15578.6,210000.0,210000.0,2026-08-25,,
1077,LeverUp,LV,leverup,0.07900762792644445,8.29876873,9.59763758,42.14997232,7110686.51338,1601.8475601,90000000.0,1000000000.0,1000000000.0,2026-08-25,,
1078,KGST,KGST,kgst,0.011354008261338346,0.01640226,-0.37726567,-0.47969655,7064261.36198932,1582513.46690194,622182158.0,622182158.0,,2026-08-25,,
1079,NUMINE,NUMI,numine,0.019995757062958433,0.33625488,0.42645822,0.79439309,7052417.349389316,319607.35780065,352695690.75,1000000000.0,1000000000.0,2026-08-25,,
1080,Save,SAVE,save,0.15336056679763765,0.30713965,0.49890238,0.85121934,7002879.484071541,158.08385974,45662843.0,50000001.0,,2026-08-25,,
1081,FIGHT,FIGHT,fight-id,0.003409749420596158,0.35795622,-1.06217136,-11.65610341,6989986.312222124,1204556.27858403,2050000000.0,10000000000.0,10000000000.0,2026-08-25,,
1082,NVIDIA Tokenized Stock (Robinhood),NVDA,nvidia-tokenized-stock-robinhood,209.15384590662538,0.2480925,-3.59863708,-7.18846173,6989652.349199738,21449248.49933648,33418.713,33418.713,,2026-08-25,,
1083,DACXI,DXI,dacxi,0.0008319259179537412,-0.35786926,-10.46130865,-16.82688094,6987171.691084326,448168.66554054,8398790734.0,10000000000.0,,2026-08-25,,
1084,Microsoft tokenized stock (xStock),MSFTX,microsoft-tokenized-stock-xstock,487.31451933638436,-0.05904662,0.73249423,1.42914426,6961333.241777174,190977.67198757,14285.09302628,292036.5229835,,2026-08-25,,
1085,Coq Inu,COQ,coq-inu,9.952617442907846e-08,-1.07225707,-5.7283114,37.75625547,6909107.028866626,947505.92687,69420000000000.0,69420000000000.0,69420000000000.0,2026-08-25,,
1086,Redbelly Network,RBNT,redbelly-network,0.0025748140571713275,1.12826151,-4.08455524,-6.98362235,6956299.1033672625,207479.656464,2701670469.754,10000000000.0,10000000000.0,2026-08-25,,
1087,LUKSO,LYX,lukso-network,0.2267024585200627,-0.17807406,3.19101404,11.55495823,6922565.097091984,186203.97308438,30535906.59,42115181.93,,2026-08-25,,
1088,The Arena,ARENA,the-arena,0.0010478538218618438,0.82519483,7.34424096,17.23004397,6861005.988629222,50656.40044128,6547674728.559442,10000000000.0,10000000000.0,2026-08-25,,
1089,Inverse Finance,INV,inverse-finance,9.460647928601329,0.20193886,2.07202529,7.87635575,6846843.624406629,22217.96741849,723718.2565168,727000.0,,2026-08-25,,
1090,Zircuit,ZRC,zircuit,0.001073542077755288,-6.53715528,36.03645989,43.52072281,6819194.501979611,4886324.98264739,6352051441.0,10000000000.0,,2026-08-25,,
1091,Hyperion,RION,hyperion-xyz,0.18162373347467134,0.77368833,-1.53477842,11.04506338,6767190.043766061,282246.95755783,37259392.890466,100000000.0,100000000.0,2026-08-25,,
1092,Turtle,TURTLE,turtle-xyz,0.043695360011473165,0.38770357,-2.06297373,2.99664225,6759672.193774899,1194631.43837872,154700000.0,1000000000.0,1000000000.0,2026-08-25,,
1093,OMG Network,OMG,omg,0.0480344963703576,-0.46985252,0.90321937,7.98725505,6736617.072965187,664755.18521678,140245398.24513277,140245398.24513277,140245399.0,2026-08-25,,
1094,AIW3.ai,AIW3,aiw3-ai,0.03425791062146665,-0.0104637,0.04571593,-3.43721386,6680292.571185997,3891571.6942405,195000000.0,1000000000.0,1000000000.0,2026-08-25,,
1095,AhaToken,AHT,ahatoken,0.0009174955538039408,0.71530376,-1.8161502,11.25751066,6677486.226562912,154764.98821481,7277949412.264749,7673122637.674749,10500000000.0,2026-08-25,,
1096,Ket (ketonsolana.com),KET,ket-on-solana,0.006607429085580461,-2.86043735,31.67646017,58.52201614,6607343.294113647,1420119.57489014,999987015.908048,999987015.908048,1000000000.0,2026-08-25,,
1097,CateCoin,CATE,catecoin,1.1556796842562738e-07,-0.21316316,-15.8030204,-10.64876443,6618934.766117888,38356.19472619,57273090946281.0,60000000000000.0,,2026-08-25,,
1098,PayAI Network,PAYAI,payai-network,0.006612314502698961,-2.81842068,12.71952938,67.164254,6611935.536460995,823596.1129287,999942687.8080571,999942687.8080571,1000000000.0,2026-08-25,,
1099,Mansory,MNSRY,mansory,0.007301773226326541,1.12224186,2.65049077,9.2807892,6571509.945394023,311357.96862145,899988227.75,899988227.75,1000000000.0,2026-08-25,,
1100,Luna by Virtuals,LUNA,luna-by-virtuals,0.006556848423073618,0.54234422,12.14212283,40.47767684,6556848.423073618,45975.63808197,1000000000.0,1000000000.0,1000000000.0,2026-08-25,,
1101,Phoenix,PHNIX,phoenix-xrp,1.2353899899421242e-05,1.57164669,-3.31789764,52.05213693,6547555.95416842,62820.34645922,529999110198.0,589000000000.0,589000000000.0,2026-08-25,,
1102,Secret,SCRT,secret,0.017843363131090736,-0.51567414,-1.44709305,-36.16770056,6499141.935925392,12112961.39119714,364233014.156458,1443905925.90704,,2026-08-25,,
1103,WazirX,WRX,wazirx,0.01699625529658223,-0.02635582,0.97062178,22.05502239,6490136.8890785165,22061.75072172,381856872.3419691,962646668.99,,2026-08-25,,
1104,McDull,MCDULL,mcdull,8.586624871913138e-07,0.0,3.16151694,28.42542902,6487672.125444147,0.0,7555555555554.0,8888888888888.0,8888888888888.0,2026-08-25,,
1105,SUPRA,SUPRA,supra,0.00019260876477729576,-0.15481867,-4.03021728,-4.74221852,6477090.970258078,411253.69341816,33628225474.303963,82130954923.0609,100000000000.0,2026-08-25,,
1106,district0x,DNT,district0x,0.006442538520468858,0.51308611,11.03829104,26.32341775,6442538.520468858,9369.42737237,1000000000.0,1000000000.0,,2026-08-25,,
1107,NAVI Protocol,NAVX,navi-protocol,0.007872853022775015,1.3885138,1.4966869,12.33542814,6425566.731990946,356470.21266385,816167495.24,1000000000.0,1000000000.0,2026-08-25,,
1108,Marvell Technology Tokenized bStocks,MRVLB,marvell-technology-tokenized-bstocks,228.99700254439526,0.80317548,-2.51720401,-2.87541568,6419360.560677734,2755094.62263726,28032.50911301,28032.50911301,,2026-08-25,,
1109,Bitgert,BRISE,bitrise-token,1.6223979109690588e-08,0.18064103,0.29754401,19.31217316,6419666.293913469,194107.66745557,395690000000000.0,1000000000000000.0,,2026-08-25,,
1110,Auki,AUKI,auki-labs,0.005106177922451537,3.07891905,-1.2304539,8.2015373,6412270.105653839,73746.99118191,1255786657.4643822,9991616050.76035,10000000000.0,2026-08-25,,
1111,MARBLEX,MBX,marblex,0.023046625403951866,0.02870796,-3.49598498,11.45131081,6409743.102644677,868409.24373205,278120678.8541624,321274522.0,,2026-08-25,,
1112,Ready Cards,READY,ready,0.00641516448622629,1.52170257,0.76005174,36.61402602,6415164.48622629,644106.9186264,1000000000.0,1000000000.0,1000000000.0,2026-08-25,,
1113,Elastos,ELA,elastos,0.2770372833376369,-0.00017161,-0.28101359,6.28282494,6396430.169723131,136075.63171882,23088698.0,26229451.0,28219999.0,2026-08-25,,
1114,Bitlight,LIGHT,bitlight,0.14771793587044288,-0.3725761,3.14059102,-14.54033688,6360287.028671455,1853652.32138259,43056972.0,420000000.0,420000000.0,2026-08-25,,
1115,Avici,AVICI,avici,0.49293515945525085,-0.04914558,-4.15969215,12.12230566,6358856.162945344,504162.86540607,12899985.0,12899511.788571,12900000.0,2026-08-25,,
1116,OWB,OWB,owb,0.013910887735990151,-2.24090872,-2.68744475,7.7736826,6331281.963236665,39736.72287076,455131410.9779218,1000000000.0,1000000000.0,2026-08-25,,
1117,MAP Protocol,MAPO,map-protocol,0.0010109009994097365,0.01166079,-0.12609537,13.83524838,6310085.607815105,580958.95654774,6242041121.23695,9697223991.055454,10000000000.0,2026-08-25,,
1118,Saga,SAGA,saga,0.015124349393729577,0.88228612,0.64466049,12.33800252,6299373.632581227,7571008.81948184,416505429.0,1104581084.0,,2026-08-25,,
1119,SquidGrow,SQGROW,squid-grow,0.006298153476100757,-4.40770757,0.49390297,20.91339568,6298153.476100757,36712.6937701,1000000000.0,1000000000.0,1000000000.0,2026-08-25,,
1120,Portal To Bitcoin,PTB,portaltobitcoin,0.0007754635207725448,2.25532613,-7.42133476,-8.91230292,6295188.904217023,2266599.33016656,8117969105.684724,8389797955.025996,8400000000.0,2026-08-25,,
1121,Micron Technology Inc tokenized stock (Backpack),MU,micron-technology-inc-tokenized-stock-backpack,904.5879775903114,0.61627862,-5.72930229,-10.95154241,6290335.355075179,1608126.77114297,6953.812687,6953.812687,,2026-08-25,,
1122,Milady Meme Coin,LADYS,milady-meme-coin,8.546805508003013e-09,1.23357691,14.71087799,44.88653831,6276483.572250236,358366.92007136,734366023232083.0,888000888000888.0,888000888000888.0,2026-08-25,,
1123,Broccoli (firstbroccoli.com),BROCCOLI,broccoli,0.006236414715929441,0.78345472,0.05811722,-4.76243246,6236414.715929441,3376132.59525651,1000000000.0,1000000000.0,1000000000.0,2026-08-25,,
1124,Minswap,MIN,minswap,0.0036248002465830652,0.73007078,0.82090772,23.38952663,6229064.230919254,125329.86566135,1718457241.0,2460806615.0,2500000000.0,2026-08-25,,
1125,doginme,DOGINME,doginme,9.21034392356015e-05,-0.55003218,-5.109429,42.22180839,6227966.228522828,908914.62378976,67619258088.6326,67619258088.6326,69000000000.0,2026-08-25,,
1126,Pitbull,PIT,pitbull,1.5472786044549195e-10,-0.87458076,-2.91053723,14.75906509,6218846.623877139,73128.63241178,4.019215806366e+16,1e+17,1e+17,2026-08-25,,
1127,Origin Dollar,OUSD,origin-dollar,1.0001479627634335,0.01055018,0.02520828,0.04908157,6208598.617329157,23876.90773545,6207680.1118253,6207680.1118253,,2026-08-25,,
1128,VNX Gold,VNXAU,vnx-gold,147.44121855604277,0.12694857,0.62152857,3.19020221,6207275.3012094,6633.31377746,42100.0,44100.0,,2026-08-25,,
1129,Layer3,L3,layer3-xyz,0.004189972448691157,3.30887527,1.6714886,4.78944129,6193929.818782887,1079388.71073239,1478274593.5997064,3333333312.0,3333333333.0,2026-08-25,,
1130,RACA,RACA,radio-caca,1.4988277085163419e-05,1.04042142,0.97414118,10.59315604,6170229.589322061,185091.31007219,411670371068.18915,415670371068.18945,500000000000.0,2026-08-25,,
1131,Taiwan Semiconductor Manufacturing Tokenized Stock (Ondo),TSMon,taiwan-semiconductor-manufacturing-tokenized-stock-ondo,412.52051800245016,-0.07933145,-2.29419679,-5.11098567,6160323.184039496,2192172.93648337,14933.37401463,14933.37401463,,2026-08-25,,
1132,Quickswap [New],QUICK,quickswap-new,0.009312867902822241,0.1123777,2.44429658,18.37607443,6163021.74125577,439602.90347676,661774848.0452603,895214848.0452603,1000000000.0,2026-08-25,,
1133,Anthropic tokenized stock (PreStocks),ANTHROPIC,anthropic-tokenized-stock-prestocks,834.4528000199275,-1.92259401,-6.5714818,1.22263272,6161147.710853952,436913.95161134,7383.45860989,7383.45860989,,2026-08-25,,
1134,PAAL AI,PAAL,paal-ai,0.0061352696642752265,0.04423092,-3.27361073,20.87163151,6128125.904771886,1008666.30616668,998835624.203295,1000000000.0,1000000000.0,2026-08-25,,
1135,The Juggernaut,JUGGERNAUT,the-juggernaut,0.0061692682347085455,-2.29869915,129.5407706,151.20732359,6169268.234708546,4154650.27327261,1000000000.0,1000000000.0,1000000000.0,2026-08-25,,
1136,SpaceX tokenized stock (Backpack),SPCX,spacex-tokenized-stock-backpack,135.34586169935272,0.47633381,-0.61706883,-6.93913178,6111231.6305297725,1032478.31354041,45152.703997,45152.703997,,2026-08-25,,
1137,SanDisk Tokenized Stock (Ondo),SNDKon,sandisk-tokenized-stock-ondo,1476.4664272657726,0.75205268,-7.30366115,-17.99610084,6107026.5540407095,6491802.35032982,4136.24478096,4136.24478096,,2026-08-25,,
1138,Reppo,REPPO,reppo,0.015419447392102022,0.24511583,-9.52165171,11.03763319,6097380.57241102,198018.84339429,395434441.8032875,1000000000.0,1000000000.0,2026-08-25,,
1139,Coreum,COREUM,coreum,0.015815953900866844,1.81564746,-6.65405031,6.48901042,6085853.292588142,394.19348532,384792048.0,897767382.677904,,2026-08-25,,
1140,ProShares UltraPro QQQ Tokenized Stock (Ondo),TQQQon,proshares-ultrapro-qqq-tokenized-stock-ondo,69.40168374154187,0.81562319,-3.04359925,-9.45654988,6043057.325646642,1536484.3064804,87073.64144293,87073.64144293,,2026-08-25,,
1141,Epic Private Internet Cash,EPIC,epic-cash,0.31120366269303884,-2.44755746,51.09042314,54.68595253,6031133.207064346,19820.81848722,19380020.0,19380020.0,21000000.0,2026-08-25,,
1142,Reactive Network,REACT,reactive-network,0.004991797289367988,1.28771115,-8.50828637,-2.51157947,5989977.554565132,75498.25681218,1199964102.5734687,2400000000.0,2400000000.0,2026-08-25,,
1143,PRIZM,PZM,prizm,0.0012664366257853952,12.23820801,-0.01710739,16.2798703,5987061.399481111,0.0,4727485985.15,4727485985.15,6000000000.0,2026-08-25,,
1144,ELYSIA,EL,elysia,0.0011714164573255771,0.06597878,-2.4590902,9.93606457,5976990.0670620855,313004.13643387,5102361358.92094,6803300704.688,7000000000.0,2026-08-25,,
1145,Apple Tokenized bStocks,AAPLB,apple-tokenized-bstocks,310.6463845089557,0.03756897,0.32345185,1.83580541,5970596.351550206,4326811.35872627,19219.912573545753,19219.912573545753,,2026-08-25,,
1146,Zypher Network,POP,zypher-network,0.002499744846676944,0.52534306,1.05480357,3.65302237,5968140.823940949,2779415.37552195,2387500001.0,10000000000.0,10000000000.0,2026-08-25,,
1147,FC Porto Fan Token,PORTO,fc-porto,0.45739681041632013,0.88373914,-1.07766666,8.35724952,5940764.158474955,4249807.03317603,12988206.35209,40000000.0,40000000.0,2026-08-25,,
1148,U.S. Dollar Payment Token,USDPT,us-dollar-payment-token,0.9997753613614172,-0.00395793,0.0405633,0.01977605,5921113.740209062,75588.29745639,5922444.15,5922444.15,,2026-08-25,,
1149,Helium Mobile,MOBILE,helium-mobile,6.62558145983459e-05,1.68156698,19.60860286,-3.62136829,5915319.127340322,3439.21217357,89280000000.0,100880000000.0,,2026-08-25,,
1150,Treehouse,TREE,treehouse,0.03781418932196075,1.49785807,-1.90066126,12.7141127,5903643.843894162,4352485.26558216,156122449.0,1000000000.0,1000000000.0,2026-08-25,,
1151,GameStop Tokenized bStocks,GMEB,gamestop-tokenized-bstocks,18.060976155466623,0.08142211,-1.18239169,-1.99537038,5887247.192167699,3991550.96597494,325965.06088547,325965.06088547,,2026-08-25,,
1152,Marlin,POND,marlin,0.0007157717772260491,0.64921881,-0.95142145,6.85548894,5889380.83083689,1261881.4613094,8228014876.0,10000000000.0,,2026-08-25,,
1153,Meta Tokenized Stock (Reality),rMETA,meta-tokenized-stock-reality,562.0441912645773,0.20290494,1.90332059,-0.89307802,5874603.178093139,4151392.11825256,10452.20868643,10452.20868643,,2026-08-25,,
1154,Mame Inu,MAME,mame-inu,0.006541687898848528,0.59687775,7.5344437,23.68708611,5874184.859421319,681685.81523983,897961649.9979,897961649.9979,1000000000.0,2026-08-25,,
1155,Polkastarter,POLS,polkastarter,0.05900023306008437,0.47785562,2.43731764,16.69554347,5853391.406265192,102094.66956503,99209631.94000003,100000000.0,,2026-08-25,,
1156,Manyu (manyushiba.com),MANYU,manyu-ethereum,5.859345239145853e-09,0.50478157,-0.84730532,25.76769988,5859345.239145853,1221902.86625055,1000000000000000.0,1000000000000000.0,1000000000000000.0,2026-08-25,,
1157,Agoras: Tau Net,AGRS,agoras-tokens,0.19530534055227927,-0.01156519,-5.0096637,-2.27907988,5832171.135084634,21152.65630957,29861810.83728983,42000000.0,42000000.0,2026-08-25,,
1158,Hydranet,HDN,hydranet,0.03084662006759347,-0.31843646,23.73039828,49.00702554,5799570.744894034,95411.80126961,188013167.47784916,300000000.0,300000000.0,2026-08-25,,
1159,Marvell Tokenized Stock (Reality),rMRVL,marvell-tokenized-stock-reality,228.65611489522811,0.7498182,-2.62723659,-2.90347724,5754946.311184291,178816.86813734,25168.56509095,25168.56509095,,2026-08-25,,
1160,Chainbounty,BOUNTY,sentinel-protocol,0.01092866006765646,0.43012412,-2.53241521,-1.9491894,5750571.753797152,222582.61680197,526191840.3717267,555416661.0,1000449852.0,2026-08-25,,
1161,Mamo,MAMO,mamo,0.009487075772825872,0.48421539,1.06657911,6.71271116,5720300.3218475245,932125.86032407,602957166.025,1000000000.0,1000000000.0,2026-08-25,,
1162,KAN,KAN,bitkan,0.0005918732181977086,0.15430487,1.87154879,-1.59651743,5715281.989006821,92645.73846627,9656260518.781734,10000000000.0,,2026-08-25,,
1163,Koma Inu,KOMA,koma-inu,0.012525656502310524,0.65671514,-1.10149956,-16.47974531,5685284.820716663,1574825.36266946,453891164.8796961,605954338.425861,1000000000.0,2026-08-25,,
1164,Green Satoshi Token (SOL),GST,green-satoshi-token,0.001149373461720795,-0.24875238,2.14551879,25.74103153,5689285.315698197,56227.46591959,4949901407.311451,4959901407.311451,,2026-08-25,,
1165,BugsCoin,BGSC,bugscoin,0.0006075538352674672,0.21743615,-4.7186762,-4.28721334,5663400.456952807,203344.51470919,9321643825.126331,12985800644.0,14745800644.0,2026-08-25,,
1166,Beta Finance,BETA,beta-finance,0.005661571886547055,-0.02912536,0.33083735,4.33291695,5661571.886547055,56.623154,1000000000.0,1000000000.0,1000000000.0,2026-08-25,,
1167,Everscale,EVER,everscale,0.0028511521489756448,-0.09244194,-0.43931686,-0.50247621,5661029.542545905,14662.54643364,1985523482.0,2117524486.0,,2026-08-25,,
1168,Upland (SPARKLET),SPARKLET,upland-sparklet,0.020187375223825542,0.00895448,-0.214189,0.82492691,5658329.283609981,113687.65245844,280290489.52,1000000000.0,1000000000.0,2026-08-25,,
1169,PumpBTC (Governance token),PUMP,pumpbtc-pump,0.010615358848834102,1.35800597,-0.43223153,2.68967857,5640550.94130433,2152246.98638061,531357537.8494,1000000000.0,1000000000.0,2026-08-25,,
1170,NeuralAI,NEURAL,neuralai,0.5627088858298722,0.2620031,6.21748979,121.82517228,5627088.858298722,107517.77976793,10000000.0,10000000.0,,2026-08-25,,
1171,Hashflow,HFT,hashflow,0.006128071868335447,0.00894873,-1.01918533,-10.55950752,5629930.394917028,1725546.76071535,918711548.4085,997353568.2839,,2026-08-25,,
1172,SymVerse (symverse.org),SYMM,symverse-org,0.033992718612706245,2.09077308,4.27331738,9.38503782,5614838.53331051,5004.69457278,165177684.0,315177684.0,315177684.0,2026-08-25,,
1173,iShares Russell 2000 Value Tokenized ETF (Ondo),IWNon,ishares-russell-2000-value-tokenized-etf-ondo,226.8861780601563,-0.40511034,-0.46508387,-1.25537936,5605396.380541449,143732.92627104,24705.76404639,24705.76404639,,2026-08-25,,
1174,Croatian Football Federation Token,VATRENI,croatian-ff-fan-token,1.4503048731520625,2.57259497,5.82549094,32.53028748,5604012.837176525,2326.45860248,3864024.0,20999999.44183582,30000000.0,2026-08-25,,
1175,ShareX,SHARE,sharex-network,0.3113147078131584,-0.17181342,-0.16346121,-6.4487279,5603664.740636852,829932.38065088,18000000.0,100000000.0,100000000.0,2026-08-25,,
1176,Ski Mask Dog,SKI,ski-mask-dog,0.005662839297724297,0.35619536,7.16911303,76.44909723,5602796.478803974,62303.79071709,989397047.0,1000000000.0,1000000000.0,2026-08-25,,
1177,Altura,ALU,altura,0.005658231160116384,0.92589578,45.87828875,116.07613995,5601648.84851522,2393750.20385561,990000000.0,990000000.0,990000000.0,2026-08-25,,
1178,Rally,RALLY,rally-token,0.0006307375370154378,-0.00182084,4.1841809,-15.44496824,5600428.7940102415,383917.7653921,8879174720.614681,8879174720.614681,50000000000.0,2026-08-25,,
1179,Utrust,UTK,utrust,0.007948738542788863,-0.00325537,-0.0014716,0.06069025,5596466.422226627,5103164.44629382,704069758.0,428902946.0,1000000000.0,2026-08-25,,
1180,tx,TX,tx,0.002238299032363648,0.43268346,0.86566829,26.54075965,5556201.409852178,143564.09973004,2482332043.0,101927474788.0,,2026-08-25,,
1181,Splintershards,SPS,splintershards,0.00354210232761185,0.24266563,0.81893589,6.78529949,5542261.7645026455,6458.71894047,1564681438.28,2750742605.572,3000000000.0,2026-08-25,,
1182,Grove,GROVE,grove-finance,0.00806058217829497,1.13649843,0.83696119,0.81564204,5537570.191288552,174295.0898704,686993826.1035007,10000000000.0,10000000000.0,2026-08-25,,
1183,crow with knife,CAW,crow-with-knife,7.169903359443497e-09,0.69878125,3.58933184,36.63897315,5519831.821901508,21707.46557495,769861397731578.0,777777777777777.0,777777777777777.0,2026-08-25,,
1184,Destra Network,DSYNC,destra-network,0.0056281851611695135,0.15592697,2.75407998,73.53502206,5487186.235076,799162.50682534,974947710.1310906,999874315.1676701,1000000000.0,2026-08-25,,
1185,Oracle Tokenized Stock (Ondo),ORCLon,oracle-tokenized-stock-ondo,143.85125073130118,0.12379239,-3.06157583,-2.65184464,5479819.0161750475,1230582.80672966,38093.64874005,38093.64874005,,2026-08-25,,
1186,Eli Lilly Tokenized Stock (Ondo),LLYon,eli-lilly-tokenized-stock-ondo,1254.4617177979344,0.05408484,-0.64474473,5.59239109,5469666.040221025,2478321.15468215,4360.16975458,4360.16975458,,2026-08-25,,
1187,Pangolin,PNG,pangolin,0.023148585554494203,-0.03656604,2.19062318,20.01675469,5468520.344846054,421174.13499899,236235615.0,230000000.0,538000000.0,2026-08-25,,
1188,SanDisk Tokenized Stock (Reality),rSNDK,sandisk-tokenized-stock-reality,1475.1684795103945,0.76606229,-7.28713997,-17.85680519,5442147.353723548,598057.90010292,3689.17003672,3689.17003672,,2026-08-25,,
1189,Nimiq,NIM,nimiq,0.0003789678586277991,0.20656932,-5.44437475,-17.78555618,5421558.36697838,29827.96130919,14306116583.63125,14306116583.63125,21000000000.0,2026-08-25,,
1190,Rain Coin,RAIN,rain-coin,5.400499885363613,-0.01048097,2.0629037,14.79598786,5400499.885363613,7912.9887196,1000000.0,1000000.0,1000000.0,2026-08-25,,
1191,X Empire,X,x-empire,7.764209890327624e-06,-16.94670073,-4.8082541,-21.58789674,5357304.824326061,135056.54638533,690000000000.0,690000000000.0,690000000000.0,2026-08-25,,
1192,Graphite Protocol,GP,graphite-protocol,0.15161073169244554,1.10463949,5.66380115,35.67395329,5315557.552166486,167215.91269801,35060562.61867741,58648967.98168676,,2026-08-25,,
1193,Nebius Group Tokenized Stock (Ondo),NBISon,nebius-group-tokenized-stock-ondo,211.15991956709647,0.64285535,-3.12308769,-21.69850657,5308582.020904796,2708717.47792495,25140.10249572,25140.10249572,,2026-08-25,,
1194,Partisia Blockchain,MPC,partisia-blockchain,0.01045928386384741,0.00133532,-1.10406356,1.13920666,5302069.314070209,3007.09356019,506924698.0089,612852715.9395,1000000000.0,2026-08-25,,
1195,MESSIER,M87,messier,5.97798123512665e-06,-0.34697229,1.92888052,32.07678794,5289594.541168592,25740.62934514,884846293944.0,884846293944.0,884846293944.0,2026-08-25,,
1196,NEM,XEM,nem,0.000588340316740182,-1.24371162,17.00022232,29.01856893,5295062.8500732975,420576.49682521,8999999999.0,8999999999.0,8999999999.0,2026-08-25,,
1197,TARS AI,TAI,tars-protocol,0.005876851916085268,0.56566463,-0.30113694,-4.84143505,5243267.064718858,698952.65382614,892189753.9,892189753.9,999999988.0,2026-08-25,,
1198,Juventus Fan Token,JUV,juventus-fan-token,0.3263538762138025,0.48225623,0.05016581,8.9524447,5235025.231590167,2391994.9124284,16040947.0,19956000.0,19956000.0,2026-08-25,,
1199,Kryll,KRL,kryll,0.1309639233485774,0.056184,-0.26189366,7.17663899,5225770.74293711,46708.63095383,39902368.60137464,49417348.0,49417348.0,2026-08-25,,
1200,S.S. Lazio Fan Token,LAZIO,lazio-fan-token,0.3960069213128976,0.53559421,1.40461691,15.32681269,5218943.106802961,1529078.88894481,13178918.91763,40000000.0,40000000.0,2026-08-25,,
1201,FAR Labs,FAR,farcana,0.0010793869686982558,0.01352955,-0.48085323,13.63541669,5216018.793667764,47844.94948016,4832390000.0,5000000000.0,5000000000.0,2026-08-25,,
1202,Purple Bitcoin,PBTC,purple-bitcoin,0.269192612684903,0.5973512,26.09943118,72.95518756,5198693.229722391,70770.9968754,19312169.0,19312169.0,19312169.0,2026-08-25,,
1203,Manchester City Fan Token,CITY,manchester-city-fan-token,0.3709619635393173,0.60781043,-0.93180538,6.65168737,5170007.484014252,1815740.29649152,13936759.0,19740000.0,19740000.0,2026-08-25,,
1204,Bytecoin,BCN,bytecoin-bcn,2.799100420588049e-05,-0.0148747,-0.0151986,0.04441735,5152215.379497382,0.76415441,184066828814.058,184066828814.058,184470000000.0,2026-08-25,,
1205,AMO Coin,AMO,amo-coin,0.00024239092218080848,-0.03643372,2.22354887,16.96452406,5138687.55023314,22062.39040798,21200000000.0,21200000000.0,21200000000.0,2026-08-25,,
1206,SPECTRE AI,SPECTRE,spectre-ai,0.5140432996130445,0.0,9.96366339,72.19999329,5136922.594437388,0.0,9993171.0,10000000.0,10000000.0,2026-08-25,,
1207,PoP Planet,P,pop-planet,0.036553939696636464,0.64318556,6.065358,25.6825286,5117551.557529105,254332.69353043,140000000.0,1000000000.0,1000000000.0,2026-08-25,,
1208,Lingo,LINGO,lingo,0.01050954012286637,0.72124491,0.2977239,24.1867918,5109802.862747203,154655.81215026,486206133.0,486206133.0,1000000000.0,2026-08-25,,
1209,NetX,NETX,netx,0.20358399504262703,1.50265528,4.16410431,0.9818226,5109870.843303017,179518.51539623,25099570.5346734,30000000.0,50000000.0,2026-08-25,,
1210,Alchemix,ALCX,alchemix,2.018188220600518,-0.06203557,-8.24106556,5.4877657,5101918.212398851,410375.29414482,2527969.47297649,2690548.55114633,,2026-08-25,,
1211,LUCA,LUCA,luca,0.34875284330768247,0.06150754,-0.91038475,-9.17549003,5095222.842992905,98702.18454279,14609838.8608626,15521966.72546863,,2026-08-25,,
1212,Fwog (SOL),FWOG,fwog-solana,0.005219635958132448,1.71650074,8.46545797,31.33897648,5092461.240053145,2066791.61106435,975635328.0,975635328.0,975635328.0,2026-08-25,,
1213,Amaterasu Omikami,OMIKAMI,amaterasu-omikami,0.0053753573463658595,0.00523972,0.37070414,19.01453026,5090334.457561087,31575.05794244,946976011.0,999476011.0,1000000000.0,2026-08-25,,
1214,VNX Swiss Franc,VCHF,vnx-swiss-franc,1.2469182036865658,-0.05479403,0.37334142,1.52520001,5074796.7924571205,84080.45400902,4069871.44582,4069871.44582,,2026-08-25,,
1215,RHEA Finance,RHEA,rhea-finance,0.013186170716474795,0.71156598,-0.18355146,19.33015851,5068005.606798125,328884.61694958,384342483.9378245,999574423.0258427,1000000000.0,2026-08-25,,
1216,NKN,NKN,nkn,0.006299771093002553,-0.00448524,-4.77592592,18.73833078,5066350.839361641,480249.66588172,804211893.5065864,804211893.5065864,1000000000.0,2026-08-25,,
1217,MORI COIN,MORI,mori-coin,0.006321492086874113,2.09948336,5.45847173,-1.93129703,5057244.146613604,1313341.32056399,800007985.0,999998186.0,999999999.0,2026-08-25,,
1218,Mitosis,MITO,mitosis,0.02781410681562693,-0.29290162,-2.36820423,9.64028072,5041948.8655459,5752526.2931662,181273082.0,1000000000.0,1000000000.0,2026-08-25,,
1219,SUPERFORTUNE,GUA,superfortune,0.040335059415566143,4.81471539,6.11947024,-9.44377896,5041882.426945768,1514241.61572198,125000000.0,1000000000.0,1000000000.0,2026-08-25,,
1220,BFG Token,BFG,betfury,0.0044884207041388825,0.02968589,-3.33279541,-1.58515059,5039638.787296156,5245.10172279,1122808916.43,3327754200.68,,2026-08-25,,
1221,Alitas,ALT,alitas,0.006603779088421798,-0.02006802,1.6588841,11.12164912,5018872.107200567,1343.06378066,760000000.0,1000000000.0,1000000000.0,2026-08-25,,
1222,ParagonsDAO,PDT,paragonsdao,0.060879313936092874,0.0,0.16907373,8.07289804,5012218.507514107,0.0,82330403.93286309,84467740.26777703,162500000.0,2026-08-25,,
1223,Liqwid Finance,LQ,liqwid-finance,0.2472638804051374,0.81448717,2.36116122,37.93450593,4980486.501089158,30444.89891676,20142394.0,21000000.0,21000000.0,2026-08-25,,
1224,Aergo,AERGO,aergo,0.010120196938339602,1.02673053,-5.79423546,44.11975892,4958896.456967054,439551.40500016,489999995.7689212,500000000.0,500000000.0,2026-08-25,,
1225,Grok (grokoneth.com),GROK,grok-erc,0.000783518088418676,0.11219495,5.10796027,35.41119958,4950965.725584346,193587.61874811,6318891419.056528,6594615419.056528,6900000000.0,2026-08-25,,
1226,Marvell tokenized stock (xStock),MRVLX,marvell-tokenized-stock-xstock,228.82480019294903,0.86103357,-2.70003263,-2.94044573,4944808.186591951,1753496.00700218,21609.58157692,986614.97600135,,2026-08-25,,
1227,Sταking,SN88,staking,1.0901345353207998,-0.09493103,-2.72073321,21.32452705,4913648.017002004,131282.77331632,4507377.62890526,4507377.62890526,21000000.0,2026-08-25,,
1228,Populous,PPT,populous,0.09252553197107152,0.0,23.66666065,-12.63279116,4927192.389285264,0.0,53252245.99438964,53252246.0,53252246.0,2026-08-25,,
1229,Robinhood Markets Tokenized Stock (Ondo),HOODon,robinhood-markets-tokenized-stock-ondo,104.50224106396875,0.87451818,-3.94092768,8.60185273,4908131.65337372,2468206.6550883,46966.75978814,46966.75978814,,2026-08-25,,
1230,Tokemak,TOKE,tokemak,0.05402784657967633,-0.83906669,13.84438388,17.25681909,4906027.307720222,1063.09866041,90805531.19001643,100000000.0,100000000.0,2026-08-25,,
1231,dYdX (ethDYDX),ETHDYDX,dydx-ethdydx,0.11715867909641842,0.80331842,-3.90394217,16.41892009,4880475.954860243,3507152.80449872,41656973.19652899,1000000000.0,,2026-08-25,,
1232,Direxion Semiconductor Bull 3X tokenized ETF (xStock),SOXLx,direxion-semiconductor-bull-3x-tokenized-etf-xstock,110.91749712943438,1.84401932,-7.96115379,-27.19016341,4871845.497720153,6685903.52774927,43923.14669736,473181.27260561,,2026-08-25,,
1233,Bluefin,BLUE,bluefin,0.008799458769760148,1.84426303,4.38775773,17.63804555,4852524.6747009065,2063405.9918422,551457175.0,1000000000.0,1000000000.0,2026-08-25,,
1234,SPDR Gold Shares Tokenized Stock (Ondo),GLDon,spdr-gold-shares-tokenized-stock-ondo,429.4080792648016,-0.07313483,1.22562293,5.79995652,4848510.948352089,1609892.36458168,11291.1498001,11291.1498001,,2026-08-25,,
1235,IMPT,IMPT,impt,0.0032824331817278857,0.34283552,0.99112926,16.69449023,4847743.596675501,269136.47452241,1476875027.8485882,1644710276.3874676,2759360954.815418,2026-08-25,,
1236,Galeon,GALEON,galeon,0.005865336071027136,0.0,-1.18720985,20.54296743,4837603.305527582,0.0,824778537.3158374,3931074356.4648747,4000000000.0,2026-08-25,,
1237,Altcoinist,ALTT,altcoinist,0.019675124808685843,-1.27437113,14.94811703,56.36008363,4820405.578128031,70872.2868657,245000000.0,1000000000.0,1000000000.0,2026-08-25,,
1238,Nash,NEX,nash,0.10858393776173127,0.0,11.26512142,14.83391793,4809323.545418292,0.0,44291298.0,50000000.0,50000000.0,2026-08-25,,
1239,Applied Optoelectronics Tokenized bStocks,AAOIB,applied-optoelectronics-tokenized-bstocks,108.01854419907663,0.96115693,-4.42243557,-30.21894499,4793153.704099659,4022877.08400117,44373.43365104,44373.43365104,,2026-08-25,,
1240,Unstable Coin (usduc.io),USDUC,unstable-coin-sol,0.0047627458733641714,1.89992941,3.3837879,77.32202654,4762346.918222701,1029252.70521018,999916234.216127,999916234.216127,1000000000.0,2026-08-25,,
1241,Obyte,GBYTE,obyte,5.075014789910551,0.37896957,-2.78690264,1.58362279,4776839.53210027,5313.38876781,941246.42584233,1000000.0,1000000.0,2026-08-25,,
1242,GOLDAO,GOLDAO,gold-dao,0.006026893237669086,0.75141632,-0.24043293,20.29259577,4776666.591878681,90.08583825,792558687.1231964,987794316.0971963,,2026-08-25,,
1243,Alltoscan,ATS,alltoscan,0.06456934119590614,0.1007742,-1.09026424,-10.54394834,4767398.170482062,438148.6717561,73833774.3917438,98561539.0,100000000.0,2026-08-25,,
1244,Lava Network,LAVA,lava-network,0.01781032753421126,-0.05460645,-0.09638624,0.57710238,4710946.883428352,392754.46939905,264506471.0,958528058.925283,,2026-08-25,,
1245,ANOA,ANOA,anoa,15.8909124318176,1.41971728,-1.95376599,3.11477441,4715816.933641932,40275.90470292,296761.87279213,10000000.0,10000000.0,2026-08-25,,
1246,Roam,ROAM,roam,0.01307210517397804,-1.65641386,-4.37217263,11.49833639,4715339.880458336,890904.02500705,360717712.847424,995632201.038645,1000000000.0,2026-08-25,,
1247,SmarDex,SDEX,smardex,0.0004806878452508297,0.10809216,-0.0148536,-3.74399052,4714312.4097153535,288594.18010298,9807430032.38486,10000000000.0,10000000000.0,2026-08-25,,
1248,Checkmate,CHECK,checkmate,0.013099910197483156,0.17801677,-4.48326411,-11.29614338,4705706.157738673,3527681.02114365,359216673.0,1000000000.0,1000000000.0,2026-08-25,,
1249,Bluzelle,BLZ,bluzelle,0.00970966801430434,1.58225317,9.01857295,50.15273362,4691355.587082438,3009547.74120606,483163335.77740306,500000000.0,,2026-08-25,,
1250,Vultisig,VULT,vultisig,0.07143534554886849,-0.0793417,-0.15827742,-11.75930259,4644143.269787305,1563.6735472,65011840.20465435,100000000.0,100000000.0,2026-08-25,,
1251,Hey Anon,ANON,hey-anon,0.3014645720645142,0.12946897,9.35111597,8.0063766,4619550.570889996,569312.2745159,15323693.060362,20961083.951299,20961083.951299,2026-08-25,,
1252,Alephium,ALPH,alephium,0.03383656198665558,0.1059394,-1.25062243,29.3124056,4607862.733736562,255282.76546915,136179991.7956737,223746699.86465856,,2026-08-25,,
1253,DAO Maker,DAO,dao-maker,0.02156059199316044,0.13368886,-3.24450007,11.96144566,4608719.736477144,1108937.82472795,213756641.65154397,269222355.47154397,,2026-08-25,,
1254,MonaCoin,MONA,monacoin,0.06993255653903248,0.16278843,1.40976447,11.26248894,4596644.204220179,4066.95075775,65729674.871168,65729674.871168,105120000.0,2026-08-25,,
1255,PinLink,PIN,pinlink,0.05194100481764496,3.86184832,5.2217943,148.94088943,4581541.066495633,216882.26671945,88206631.4,100000000.0,100000000.0,2026-08-25,,
1256,Book of Ethereum,BOOE,book-of-ethereum,0.04755858428370727,0.04957479,1.36094747,88.64847898,4574708.2088613445,34775.53014848,96191009.0,100000000.0,100000000.0,2026-08-25,,
1257,Clash of Lilliput,COL,clash-of-lilliput,0.055574027729200004,0.70560517,3.11069624,-21.00303644,4561204.981457453,0.0,82074400.0,1000000000.0,1000000000.0,2026-08-25,,
1258,Ycash (y.cash),YEC,ycash,0.26961883509398493,0.01959004,-8.82028442,102.65561783,4553077.702439054,0.0,16887090.625,16887090.625,21000000.0,2026-08-25,,
1259,Counterparty,XCP,counterparty,1.7593889055512002,-0.01314306,-4.68587685,14.52895952,4551560.93042302,17.59388906,2587012.40871873,2587012.40871873,,2026-08-25,,
1260,RSS3,RSS3,rss3,0.004890462994633707,-0.82695612,-1.33656408,10.56292341,4546269.378975181,95364.35432033,929619421.3030119,1055772199.8297999,1000000000.0,2026-08-25,,
1261,DOWGE,DJI6930,dowge,0.004526224777562002,11.06485938,42.53904314,126.73192824,4526128.029507382,223212.64840428,999978625.0,999978625.0,999978625.0,2026-08-25,,
1262,Broadcom Tokenized Stock (Ondo),AVGOon,broadcom-tokenized-stock-ondo,360.4636281783681,0.03339377,-2.69860139,-8.64005186,4509418.662189062,3021969.6646275,12510.05180461,12510.05180461,,2026-08-25,,
1263,Polyhedra Network,ZKJ,polyhedra-network,0.005456156840319554,-0.60881412,-4.04629706,4.86910569,4478867.518491095,2040884.59328832,820883205.8113599,1000000000.0,1000000000.0,2026-08-25,,
1264,Nomina,NOM,nomina,0.0015347620844425934,0.70402656,-7.26310994,-5.82072731,4450810.044883521,4883143.22788675,2900000000.0,7500000000.0,7500000000.0,2026-08-25,,
1265,Harvest Finance,FARM,harvest-finance,6.579473694258026,-2.01407743,-10.63381923,28.81654901,4422613.33168177,357477.87910096,672183.450713,690420.0,,2026-08-25,,
1266,House Party Protocol,HPP,house-party-protocol,0.0048915158447971775,0.29726378,-2.83615884,-4.39796022,4420082.871534807,1560647.28215643,903622315.0,1700000000.0,1700000000.0,2026-08-25,,
1267,Aspecta,ASP,aspecta,0.011567686126280709,0.56244899,-1.76987205,21.1185625,4413685.703139054,608771.41021353,381553031.0,1000000000.0,1000000000.0,2026-08-25,,
1268,ThunderCore,TT,thundercore,0.00030190909417950046,-0.96991637,71.13493306,5.02444521,4400066.400937599,1473435.85715144,14574143296.0,14574143296.0,,2026-08-25,,
1269,Venus LTC,vLTC,venus-ltc,1.0615501394083917,0.99601197,0.43440254,17.19087555,4397341.943382255,0.0,4142378.0,4142378.0,,2026-08-25,,
1270,CONX,XPLA,xpla,0.004351085920791719,0.95785404,9.65583783,12.85198941,4392694.260796986,418939.13394534,1009562748.4179158,1999879778.1998,2000000000.0,2026-08-25,,
1271,XMAQUINA,DEUS,deus-token,0.021795661921530405,-0.04007974,-2.01229924,-9.14751396,4389023.301794576,430258.62348653,201371415.9081798,999987281.5088582,1000000000.0,2026-08-25,,
1272,Jager Hunter,JAGER,jager-hunter,3.3291009847041455e-10,0.40576967,-2.48693752,-2.0287264,4385105.148194694,45017.16424049,1.3172040044271574e+16,1.3172040044271574e+16,1.46e+16,2026-08-25,,
1273,SCOR,SCOR,scor,0.01235097881956716,-0.01036919,0.50287168,-0.72131378,4383791.4246461,12865.18082847,354934737.4558715,4000000000.0,4000000000.0,2026-08-25,,
1274,SpaceX tokenized stock (PreStocks),SPACEX,spacex-tokenized-stock-prestocks,500.0533242804043,-0.20319937,-0.18062624,-4.89394067,4371731.4707761975,1658.60020093,8742.53056325,8742.53056325,,2026-08-25,,
1275,Sport.Fun,FUN,sport-fun,0.024502880996971364,0.41750281,1.99515553,4.27074954,4361512.817460903,471012.26926381,178000000.0,1000000000.0,1000000000.0,2026-08-25,,
1276,ABBC Coin,ABBC,abbc-coin,0.004780975894292978,-0.01109578,18.99028725,25.38356072,4328237.058480179,205.83225584,905304095.6861483,907217636.86,1225109279.0,2026-08-25,,
1277,Gochujangcoin,GOCHU,gochujangcoin,3.8720868310819165e-07,1.38509958,4.88898336,33.81868103,4328281.66345763,193317.16425481,11178162712452.0,29999999950000.0,29999999950000.0,2026-08-25,,
1278,Pups (Bitcoin),PUPS,pups-runes,0.004469653022841036,10.15444139,21.31767509,94.80976031,4328616.071676282,101887.13933829,968445660.0,968445660.0,1000000000.0,2026-08-25,,
1279,Diamond,DMD,diamond,1.1645877516506216,0.34174985,1.11016572,20.08415694,4301361.4307863675,15522.26260245,3693462.70788943,4380000.0,4380000.0,2026-08-25,,
1280,Klever Coin,KLV,klever,0.0004846201714449907,0.10245586,6.93030435,25.4049783,4303805.323238373,128972.83743378,8880780406.65482,10000000000.0,10000000000.0,2026-08-25,,
1281,Enzyme,MLN,enzyme,1.3101426843240238,-0.3055083,-5.12742136,-21.51751382,4292313.342456353,1868302.10576445,3276218.22707883,3276837.84275076,,2026-08-25,,
1282,SPDR S&P 500 Trust Tokenized ETF (Robinhood),SPY,spdr-sp-500-trust-tokenized-etf-robinhood,764.3343773999494,0.06249249,-0.54406954,-1.3014052,4248710.853993741,9208122.1309993,5558.707,5558.707,,2026-08-25,,
1283,Coca-Cola Tokenized Stock (Ondo),KOon,coca-cola-tokenized-stock-ondo,94.00047326299082,-0.05043279,1.15178429,5.88493347,4234596.387366757,1060132.20988532,45048.67093083,45048.67093083,,2026-08-25,,
1284,Lockheed Tokenized Stock (Ondo),LMTon,lockheed-tokenized-stock-ondo,575.7017840844582,-0.01185858,0.19951583,-5.09696983,4235092.571163345,1377541.0385417,7356.3999422,7356.3999422,,2026-08-25,,
1285,Scroll,SCR,scroll,0.022179386252847107,0.35914332,-0.30800453,10.03898897,4214083.3880409505,2317581.334163,190000000.0,1000000000.0,1000000000.0,2026-08-25,,
1286,BNBTiger,BNBTIGER,bnbtiger,9.9199536414e-19,2.26756331,3.33285043,7.82558306,4211760.6327098785,43380.2236029,4.2457462856807e+24,4.2457462856807e+24,1e+25,2026-08-25,,
1287,Australian Digital Dollar,AUDD,novatti-australian-digital-dollar,0.7166169777213508,0.25369869,-0.4804851,0.24092054,4206054.359679478,21420.78079374,5869320.0,5670229.704638,,2026-08-25,,
1288,Sui Name Service,NS,sui-name-service,0.013225902263294185,0.05137537,-3.43574839,24.58646949,4167582.6729874653,300925.16871236,315107626.6875,500000000.0,500000000.0,2026-08-25,,
1289,AIVille Governance Token,AIV,aiville,0.001496499990564246,0.0,3.92169365,0.01272145,4156019.9137954013,0.0,2777160000.0,10000000000.0,10000000000.0,2026-08-25,,
1290,Truth,TRUU,truth,0.0003401840711650918,0.08772095,6.7032788,16.50699939,4132825.621291463,134209.16146137,12148792291.0,100000000000.0,100000000000.0,2026-08-25,,
1291,Meta Tokenized bStocks,METAB,meta-tokenized-bstocks,561.7921677421085,0.27564932,1.86865372,-1.08588776,4116117.5831333403,3266620.1366901,7326.76213639,7326.76213639,,2026-08-25,,
1292,AC Milan Fan Token,ACM,ac-milan-fan-token,0.29139115770895707,0.46506646,0.18816793,11.1704004,4093059.69813316,1567724.25437512,14046616.0,19920000.0,19920000.0,2026-08-25,,
1293,Ref Finance,REF,ref-finance,0.04259271947285692,0.0,-5.47410882,16.16479712,4088695.9350291477,0.0,95995183.81620954,99990506.14259167,99990506.14259167,2026-08-25,,
1294,Beefy,BIFI,beefy-finance,50.92942865326201,0.41215924,1.92740873,29.13264835,4074354.2922609607,2999.41784229,80000.0,80000.0,80000.0,2026-08-25,,
1295,GamerCoin,GHX,gamercoin,0.006197486461081562,0.32380724,-5.98385742,26.35745779,4028150.052172536,337195.08968216,649965123.3557609,808000000.0,808000000.0,2026-08-25,,
1296,GameStop (gamestop-coin.vip),GME,gamestop,9.88658199468955e-06,-0.44446656,25.05505525,91.89419696,4066326.3000325644,139084.54771841,411297484026.0,411297484026.0,420690000000.0,2026-08-25,,
1297,Shibinhood,WOOF,shibinhood,4.070700944475223e-06,6.46641799,5.45397227,56.18595748,4070700.944475223,1322701.3134238,1000000000000.0,1000000000000.0,1000000000000.0,2026-08-25,,
1298,Arsenal Fan Token,AFC,arsenal-fan-token,0.17071310460320743,-0.36430653,-1.17811079,3.57148167,4031462.181322381,558833.54190054,23615423.02621,39266147.13,40000000.0,2026-08-25,,
1299,HOPR,HOPR,hopr,0.011791778877796975,0.80104519,4.25511389,7.82045387,4023046.161790855,32835.46332943,341173813.0,394545361.0,1000000000.0,2026-08-25,,
1300,Gearbox Protocol,GEAR,gearbox-protocol,0.0004012911930389586,1.63536712,4.52869928,36.81263219,4012911.930389586,1817.93910879,10000000000.0,10000000000.0,10000000000.0,2026-08-25,,
1301,错版马,哭哭马,crying-horse,0.004003045907258278,0.94995801,-4.45344644,-8.09121395,4003045.907258278,199161.42978234,1000000000.0,1000000000.0,1000000000.0,2026-08-25,,
1302,Oraichain,ORAI,oraichain-token,0.2879618538116702,-4.32149367,8.12649501,35.57518862,3980698.2785363854,165307.14622079,13823700.0,18014986.26,19779272.0,2026-08-25,,
1303,BitMine Immersion Technologies Tokenized bStocks,BMNRB,bitmine-immersion-technologies-tokenized-bstocks,24.38753372221184,0.5573061,5.40388396,30.50089656,3954928.3692967254,2965271.10969119,162170.08305742,162170.08305742,,2026-08-25,,
1304,Wexo,WEXO,wexo,0.013371669057085528,1.53880667,-0.68726615,-4.85495731,3920468.921430472,93341.88757218,293192189.0,920900277.0,928000000.0,2026-08-25,,
1305,PlatON,LAT,platon,0.0005650947509090006,0.2230628,2.12672054,7.13480149,3940165.6447071186,1303408.06791212,6972575197.998289,10250000000.0,,2026-08-25,,
1306,VitaDAO,VITA,vitadao,0.27172644480073005,0.30794843,2.88479637,18.13471951,3930865.579290177,537.27769945,14466260.66216289,27219552.0,64298880.0,2026-08-25,,
1307,CESS Network,CESS,cess-network,0.001476621578840613,0.22445941,-1.46438583,0.90049947,3913047.1839276245,173061.84643562,2650000000.0,10000000000.0,10000000000.0,2026-08-25,,
1308,AMD Tokenised Stock (xStock),AMDx,amd-tokenised-stock-xstock,456.49948380980913,0.72436734,-3.38144628,-10.05748,3909406.111446166,438107.80859228,8563.87849296,348854.57353012,,2026-08-25,,
1309,Aragon,ANT,aragon,0.09009729757790037,0.0,-14.71458548,-2.50066549,3891526.466809609,0.0,43192488.24799543,43192488.24799543,,2026-08-25,,
1310,Bitrue Coin,BTR,bitrue-coin,0.010911948892614735,-0.16040806,-9.81614267,17.85625862,3890278.497995844,521782.04669539,356515461.74568367,801307097.3484074,1000000000.0,2026-08-25,,
1311,VestChain,VEST,vestchain,0.0009827243706142237,0.0,0.0,0.0,3877782.587367552,0.0,3945951381.0,3945951381.0,,2026-08-25,,
1312,Vertcoin,VTC,vertcoin,0.052052726192928014,0.33433199,2.33210118,22.3597204,3874282.016114227,4774.73282808,74429954.0,74429954.0,84000000.0,2026-08-25,,
1313,TrustSwap,SWAP,trustswap,0.03868882498661677,0.71667265,1.20384609,14.85461206,3868695.3995040418,209943.483408,99995164.0,99995164.26708125,,2026-08-25,,
1314,Steem Dollars,SBD,steem-dollars,0.39463783247067413,0.03374446,-0.74740944,10.67624242,3868101.9639122905,717854.34344249,9801650.135,9801650.135,,2026-08-25,,
1315,MetFi,METFI,metfi2,0.01168977656809097,0.52938937,-2.34400144,13.98724107,3863840.1164551643,7180.21191705,330531562.6820538,449836372.58032507,500000000.0,2026-08-25,,
1316,SIX Token,SIX,six,0.004535446027415463,0.88937279,0.00978427,14.20995779,3859513.1313591697,970688.01619712,850966610.126,999999970.0,1000000000.0,2026-08-25,,
1317,Sperax,SPA,sperax,0.0018771628156399975,-7.02768854,-12.02327222,-2.21590991,3844809.172065202,796881.54106066,2048202287.0,4615267291.67,5000000000.0,2026-08-25,,
1318,SUNDOG,SUNDOG,sundog,0.0038304463049682676,-0.63730637,-2.25144074,0.49473855,3820566.0747519103,1379925.24045791,997420606.0,1000000000.0,1000000000.0,2026-08-25,,
1319,Minutes Network Token,MNTX,minutes-network-token,0.049319724405002124,-0.01122448,-0.67620627,10.75392479,3830723.115280565,55630.97368125,77671219.0,93328736.60546489,500000000.0,2026-08-25,,
1320,SPACEM WORLD,SPCM,spacem,0.00039361568581830725,0.03972451,2.82657237,-0.09711476,3827801.5288213943,252389.6722502,9724717959.0,42582201726.0,42582201726.0,2026-08-25,,
1321,Tectonic,TONIC,tectonic,1.5388845898146254e-08,1.58755959,3.65201501,17.65095,3812338.501670995,176991.09672864,247733879909099.0,500000000000000.0,,2026-08-25,,
1322,Cult DAO,CULT,cult-dao,8.803074076525012e-07,0.0,0.42082214,34.32556177,3801775.4417890706,0.0,4318690730920.0,4957113505372.0,6666666666666.0,2026-08-25,,
1323,TSMC Tokenized bStocks,TSMB,tsmc-tokenized-bstocks,409.18719425347905,0.07520066,-2.09528163,-5.01246798,3763523.397984947,1898388.57450356,9197.55908992,9197.55908992,,2026-08-25,,
1324,Suilend,SEND,suilend,0.05046022434356119,0.75132275,-1.45753639,1.7433001,3759358.1924239025,1264.50238025,74501416.53806585,100000000.0,100000000.0,2026-08-25,,
1325,Giant Mammoth,GMMT,giant-mammoth,0.0017887893585320442,0.60690232,1.41234817,-2.13820201,3756457.652917293,86632.60195448,2100000000.0,3000000000.0,3000000000.0,2026-08-25,,
1326,Quantoz EURQ,EURQ,quantoz-eurq,1.113493636900866,-0.0166128,-1.33415471,0.68777197,3730498.7594316797,4205034.52096383,3350265.0,5000000.0,,2026-08-25,,
1327,Open Loot,OL,open-loot,0.00465266070964237,0.53100206,5.06151357,6.12013812,3725426.4904718795,2570083.62861312,800708825.1140146,5000000000.0,5000000000.0,2026-08-25,,
1328,Shapeshift FOX Token,FOX,fox-token,0.004822791718911307,0.41137045,0.73766391,25.21838433,3724577.0139916646,7601.58016623,772286516.0,999089275.0,,2026-08-25,,
1329,Shadow Token,SHDW,genesysgo-shadow,0.022055306850828675,-0.45487416,-3.70793127,25.01049147,3728528.1314366683,14702.52223811,169053559.61060128,169053559.6117189,,2026-08-25,,
1330,Mr Miggles,MIGGLES,mr-miggles,0.003880761181748401,5.26218358,-18.40118781,117.7395689,3715328.566480916,351790.90904364,957371091.0,958766520.0,958766520.0,2026-08-25,,
1331,Hivemapper,HONEY,hivemapper,0.0006077194548771569,-0.3335829,-1.45193051,8.26721104,3712849.4480807125,141930.05105394,6109479330.114946,6574602827.431451,10000000000.0,2026-08-25,,
1332,Bellscoin,BELLS,bellscoin,0.06015701959272832,-0.02249851,0.72028707,63.24102956,3698609.431398702,13508.54060611,61482591.0,61482591.0,,2026-08-25,,
1333,TQQQ tokenized ETF (xStock),TQQQX,tqqq-tokenized-stock-xstock,69.14419660626722,-0.32172411,-3.70330113,-9.99545995,3696353.292048609,87207.32679336,53458.61942828,2132842.76955929,,2026-08-25,,
1334,Solana Name Service,SNS,sns,0.0008156017145854813,4.42102298,22.78618259,10.33902315,3670207.715634666,1102.05271906,4500000000.0,10000000000.0,10000000000.0,2026-08-25,,
1335,PaLM AI,PALM,palm-ai,0.047748563666193684,0.55277961,-2.00194769,50.48682926,3682654.127419888,9721.5606796,77125966.61891283,77125966.61891283,,2026-08-25,,
1336,Inflation Hedging Coin,IHC,inflation-hedging-coin,3.0625751198101484e-05,0.67396645,-0.57014192,-1.17853674,3664156.3746165023,1936.97986407,119642987723.47,621439126933.0,1000000000000.0,2026-08-25,,
1337,Fei USD,FEI,fei-usd,0.9993976987876835,0.0,-0.0742781,-0.06225472,3647415.0476511125,0.0,3649613.21411446,3904487.91025694,,2026-08-25,,
1338,Measurable Data Token,MDT,measurable-data-token,0.0053768999276695125,-2.06520109,35.46453422,93.79825681,3635628.591604484,2760804.07657305,676157012.5,1000000000.0,,2026-08-25,,
1339,Kendu,KENDU,kendu,3.830046983981229e-06,1.58556784,5.14558412,31.30348387,3632524.3649284076,12684.27469014,948428147258.0,996747147258.0,1000000000000.0,2026-08-25,,
1340,AST SpaceMobile Tokenized Stock (Ondo),ASTSon,ast-spacemobile-tokenized-stock-ondo,62.936427412007724,0.55825721,-8.06808494,-11.58152204,3625236.5084074503,565266.31981658,57601.56172633,57601.56172633,,2026-08-25,,
1341,Pundi AI,PUNDIAI,pundi-ai,0.5123674432915809,0.73701286,1.73761587,8.3168629,3616090.616183981,7231.04880207,7057612.0,8312980.0,18930226.0,2026-08-25,,
1342,AXT Tokenized bStocks,AXTIB,axt-tokenized-bstocks,64.87255364455972,1.48140234,-5.38573717,-31.00155835,3596427.7247503926,3456354.89715843,55438.3560181,55438.3560181,,2026-08-25,,
1343,Dimitra,DMTR,dimitra,0.007384635183735011,0.14343164,2.91566778,48.49450413,3592648.5112031945,125917.0541964,486503181.51344335,971071679.0,1000000000.0,2026-08-25,,
1344,DIMO,DIMO,dimo,0.007099342951830784,-0.0015411,-2.29731764,6.85082825,3588990.7413283973,20632.4169904,505538437.2440925,1000000000.0,1000000000.0,2026-08-25,,
1345,SpaceChain,SPC,spacechain,0.011680665549323593,0.01112683,-0.03541593,2.14667479,3588098.731658171,43.93290118,307182730.0,391259213.0,,2026-08-25,,
1346,Central African Republic Meme,CAR,central-african-republic-meme,0.0036115632168865113,2.67659947,4.22986219,41.10234917,3586130.2848975663,3024.49008909,992957915.876973,992957915.876973,1000000000.0,2026-08-25,,
1347,Yee Token,YEE,yee-token,0.003574756114572809,0.25449842,-11.40547,28.90914314,3574756.114572809,428768.96642544,1000000000.0,1000000000.0,1000000000.0,2026-08-25,,
1348,Star Atlas,ATLAS,star-atlas,0.00014128374174912788,1.23460786,1.84882327,14.36818728,3567365.742603155,67894.98824996,25249655044.7934,36000000000.0,,2026-08-25,,
1349,Marina Protocol,BAY,marina-protocol,0.0178300961899275,0.24729946,0.56012135,-0.77137251,3566019.2379855,533301.08441968,200000000.0,1000000000.0,1000000000.0,2026-08-25,,
1350,PussFi,PUSS,pussfi,0.004051453583267227,0.05512288,-0.65641636,-0.15521047,3560517.1598139126,697044.69678138,878824621.0,1000000000.0,1000000000.0,2026-08-25,,
1351,KiboShib,KIBSHI,kiboshib,3.5547626022136267e-06,0.40184904,-0.40899902,116.54738751,3554762.6022136267,148464.6395515,1000000000000.0,1000000000000.0,1000000000000.0,2026-08-25,,
1352,BTSE Token,BTSE,btse,0.8151792641730888,0.80561352,-1.87723677,-15.02046081,3549870.108666456,8722090.91672912,4354711.0,165904711.0,,2026-08-25,,
1353,Pfizer Tokenized Stock (Ondo),PFEon,pfizer-tokenized-stock-ondo,29.658786245357966,-0.12755986,-0.18812847,3.98764664,3544133.5940429824,809523.83873797,119496.91955441,119496.91955441,,2026-08-25,,
1354,Ren,REN,ren,0.0035668907752839005,0.22960726,3.34667313,11.83739142,3541487.4195673293,25707.15843962,992878011.322186,999999632.80375,,2026-08-25,,
1355,Major,MAJOR,major,0.04248909267176813,1.1476102,0.63594379,-6.04941762,3541460.265631641,880032.80506346,83349868.0,99999999.0,99999999.0,2026-08-25,,
1356,LOFI,LOFI,lofitheyeti,0.0035250001642802074,4.64359501,-7.04269612,-2.14774387,3525000.1642802074,225182.00629653,1000000000.0,1000000000.0,1000000000.0,2026-08-25,,
1357,iShares Russell 2000 Tokenized ETF (Ondo),IWMon,ishares-russell-2000-tokenized-etf-ondo,300.22317456032994,0.08450291,-0.71847029,-2.04725835,3494783.4189751395,175445.76207927,11640.61843025,11640.61843025,,2026-08-25,,
1358,BitShares,BTS,bitshares,0.0011654637906432393,0.22082442,0.42975017,5.32178988,3490633.9808039404,96701.76002311,2995060000.0,2995060000.0,3600570502.0,2026-08-25,,
1359,Gems,GEMS,gems-vip,0.005819458655056423,0.47417399,1.33548389,17.91159747,3485071.335366141,173483.09430341,598865211.0,838059738.7,843303980.0,2026-08-25,,
1360,Wolf Safe Poor People,WSPP,wolf-safe-poor-people,2.5588174783545284e-10,0.09991555,3.63558296,15.43924921,3455427.122769955,4200.88250369,1.3504e+16,4.999999975e+16,4.999999975e+16,2026-08-25,,
1361,Bullbit PERP DEX,BUBI,bullbit-perp-dex,0.05621299084719388,1.0776688,-0.34626182,5.98181062,3440618.2176081836,12935059.56055934,61206816.53393892,4000000000.0,4000000000.0,2026-08-25,,
1362,Arm Holdings plc Tokenized Stock (Ondo),ARMon,arm-holdings-plc-tokenized-stock-ondo,238.71891315291757,0.65876891,-2.00325833,-12.3824939,3439597.3257402773,1170907.61468848,14408.56646133,14408.56646133,,2026-08-25,,
1363,NATIX Network,NATIX,natix-network,8.450119206865846e-05,-0.35459696,18.65065234,40.5349437,3431016.6504863044,332640.40630766,40603174541.0,99991483316.62,100000000000.0,2026-08-25,,
1364,ALTSEASON,ALTSZN,altseason,0.003436178030361341,-0.28720072,-2.99382485,62.2939424,3436060.770786055,1793180.90239465,999965875.0,999965875.0,999965875.0,2026-08-25,,
1365,MileVerse,MVC,mileverse,0.001241572910265071,-0.07521561,1.607998,9.86446531,3428020.0516022816,12433.26197281,2761029999.334,3000000000.0,3000000000.0,2026-08-25,,
1366,GmeStop,GME,gme,0.0004937814099638237,1.40093931,20.2430088,39.56503836,3399790.7844670056,1895187.34384943,6885214218.0,6885214218.0,,2026-08-25,,
1367,Stonks,STNK,stonks,5.842632692519582,3.55846572,6.29826847,16.07961894,3399692.086960521,10200.57955941,581876.74390574,581876.74390574,581918.12,2026-08-25,,
1368,ASML Holding NV Tokenized Stock (Ondo),ASMLon,asml-holding-nv-tokenized-stock-ondo,1752.9380181864897,0.29592968,-1.10841926,-7.38109355,3397507.5464334567,2383565.49368641,1938.17893798,1938.17893798,,2026-08-25,,
1369,PIBBLE,PIB,pibble,0.00011444439346220686,0.31403517,2.32579774,1.1220367,3393104.701725317,21360.64621111,29648500892.670006,29648500892.670006,30000000000.0,2026-08-25,,
1370,XBorg,XBG,xborg,0.014208959220240642,3.23658135,0.86461875,35.39070593,3391298.874063158,7865.60286223,238673278.0,1000000000.0,1000000000.0,2026-08-25,,
1371,Nexa,NEXA,nexa,5.778160315266265e-07,0.05073894,7.46038846,7.67246286,3385782.3746540514,108786.84731318,5859620000000.0,10912295000000.0,21000000000000.0,2026-08-25,,
1372,TSMC tokenized stock(xStock),TSMX,tsmc-tokenized-stock-xstock,409.46983779979615,0.18466136,-2.08046303,-4.96753666,3382425.5948790605,275048.41503836,8260.49999935,240555.19600885,,2026-08-25,,
1373,OctaSpace,OCTA,octaspace,0.08433445255969967,0.94690511,14.99982131,68.16929485,3372058.436874333,20315.68408732,39984352.0,44907921.32955668,48000000.0,2026-08-25,,
1374,Broadcom tokenized stock (xStock),AVGOX,broadcom-tokenized-stock-xstock,360.0510860283415,0.28935673,-2.54087553,-8.48767012,3363083.4610329755,441273.06987464,9340.57302293,249641.42818919,,2026-08-25,,
1375,Unibright,UBT,unibright,0.02241096616705791,0.12097254,-6.86024043,10.6319404,3361644.9081046414,0.57171191,149999999.24349335,150000000.0,150000000.0,2026-08-25,,
1376,MEVerse,MEV,meverse,0.0019463246621488016,-1.43315132,-7.18978306,26.01615393,3360611.815968076,835508.97182026,1726645035.8070574,1999999999.99999,,2026-08-25,,
1377,Coherent Tokenized bStocks,COHRB,coherent-tokenized-bstocks,275.0594159296562,1.08996181,-3.82425762,-21.67118851,3360052.7306359755,1294728.17957416,12215.73425974,12215.73425974,,2026-08-25,,
1378,tao.bot,TAOBOT,tao-bot,0.04368488606661319,0.05005227,2.47568671,105.56510393,3349174.6130019734,13607.64947944,76666667.0,100000000.0,100000000.0,2026-08-25,,
1379,Propchain,PROPC,propchain,0.07809084968080575,0.00491301,-0.53166914,3.54001888,3347839.915748501,49661.78220259,42871090.90799635,63763337.0,100000000.0,2026-08-25,,
1380,Minima,MINIMA,minima-global,0.006039207033861405,-0.8507944,2.46949103,44.29711875,3341897.3955702214,34865.69070371,553366920.0,999978154.0,1000000000.0,2026-08-25,,
1381,DAOBase,BEE,daobase,0.019168710266320832,0.63659548,-0.51112802,-24.5255422,3337080.4123349185,102806.13384355,174089981.32744092,1023994887.175673,1000000000.0,2026-08-25,,
1382,Swell Network,SWELL,swell-network,0.0006389249412827039,-0.00838807,1.45444432,8.01528103,3336746.793952801,550527.41146184,5222439410.885976,10000000000.0,10000000000.0,2026-08-25,,
1383,客服小何,客服小何,kefuxiaohe,0.003309414393855712,0.04028511,-2.34899971,3.26088519,3309414.393855712,640168.9019091,1000000000.0,1000000000.0,1000000000.0,2026-08-25,,
1384,Djed,DJED,djed,1.0004432241408239,0.29963063,0.84539651,0.83113133,3294863.7861893116,18269.28782077,3293404.07,1000000000000.0,1000000000000.0,2026-08-25,,
1385,Grin,GRIN,grin,0.013758866882233064,0.00388956,-2.07392806,-1.18295121,3293347.6932463697,6330.69494433,239361840.0,239361840.0,,2026-08-25,,
1386,Axiome,AXM,axiome,0.003396268082599097,1.48883985,1.07661903,2.60255409,3286519.6039474118,23020.16613098,967685566.63298,993159078.871403,1000000000.0,2026-08-25,,
1387,Neon EVM,NEON,neon,0.013708504492850871,1.11698208,-0.96135232,9.57576731,3282714.2527624015,79048.6547081,239465527.0,1000000000.0,1000000000.0,2026-08-25,,
1388,Nakamoto Games,NAKA,nakamoto-games,0.033444332761037684,0.21081183,-0.56443685,16.84159772,3263999.655813473,488628.0038136,97595000.0,180000000.0,180000000.0,2026-08-25,,
1389,Tradr 2X Long SNDK ETF Tokenized bStocks,SNXXB,tradr-2x-long-sndk-etf-tokenized-bstocks,12.713700479927867,1.77143915,-14.81545327,-34.16228841,3198230.6043871315,37085201.69845128,251557.80643381,251557.80643381,,2026-08-25,,
1390,The Bull (thebullcoin.com),BULL,the-bull,0.003196781265451046,-1.90411686,15.4474115,77.05954399,3196781.265451046,509334.74812496,1000000000.0,1000000000.0,1000000000.0,2026-08-25,,
1391,Apple Tokenized Stock (Reality),rAAPL,apple-tokenized-stock-reality,310.86550405845145,0.10085522,0.33081645,1.9472525,3187298.657949393,2566663.84797996,10252.98277338,10252.98277338,,2026-08-25,,
1392,Boson Protocol,BOSON,boson-protocol,0.018658049489339038,0.8745282,-6.32558202,1.777019,3180516.3267710423,86564.02870858,170463495.0501309,200000000.0,200000000.0,2026-08-25,,
1393,Qualcomm Tokenized Stock (Ondo),QCOMon,qualcomm-tokenized-stock-ondo,160.99879917113512,0.54788136,-1.41744214,-2.41029442,3174785.282163971,1089117.32399646,19719.310321,19719.310321,,2026-08-25,,
1394,VOOI,VOOI,vooi,0.009167483165563916,2.24419994,-0.9765092,4.20898652,3161431.9280949254,495698.69842535,344852766.13,1000000000.0,1000000000.0,2026-08-25,,
1395,YURU COIN,YURU,yuru-coin,0.416139386944552,3.84421995,0.88476378,26.00558813,3140371.4954577284,48386.01401663,7546441.39434983,9390441.39434983,10000000.0,2026-08-25,,
1396,League of Traders,LOT,league-of-traders,0.006381553845585642,0.6037128,1.37872293,11.36296595,3139369.9903304596,360443.29375811,491944449.0,1000000000.0,1000000000.0,2026-08-25,,
1397,iShares Core S&P MidCap Tokenized ETF (Ondo),IJHon,ishares-core-sp-midcap-tokenized-etf-ondo,77.20950837102028,0.04971556,-0.76981152,-2.1669916,3127427.165653829,346159.96639821,40505.72567598,40505.72567598,,2026-08-25,,
1398,Odos,ODOS,odos,0.0008336364042347696,0.26140468,-1.09063931,15.61355044,3124871.4841998103,316338.08124895,3748482513.870376,10000000000.0,10000000000.0,2026-08-25,,
1399,ZenChain,ZTC,zenchain,0.0005578660532515622,0.08465058,0.54831358,0.8320642,3110094.027025197,417296.23777672,5574983473.0,21000000000.0,21000000000.0,2026-08-25,,
1400,Games for a Living,GFAL,games-for-a-living,0.0007272758386770388,0.0,-1.00156902,-5.56473705,3103972.8389771963,0.0,4267944394.555333,10000000000.0,10000000000.0,2026-08-25,,
1401,Advanced Micro Devices Tokenized bStocks,AMDB,advanced-micro-devices-tokenized-bstocks,455.7863574289448,0.65759518,-3.41931637,-10.14604443,3101511.8435650514,2470076.06897147,6804.7491835,6804.7491835,,2026-08-25,,
1402,Shido Network,SHIDO,shido-network,0.00013050676435663017,-2.75481931,-5.62668856,-12.36153009,3092308.094449656,55567.94148139,23694619276.58738,24696122974.59001,,2026-08-25,,
1403,Lumentum Tokenized bStocks,LITEB,lumentum-tokenized-bstocks,827.3812239043069,0.94749959,-3.41973441,-14.71350571,3085219.242412106,3067320.6130522,3728.89685344,3728.89685344,,2026-08-25,,
1404,SK Hynix tokenized stock (Backpack),SKHY,sk-hynix-tokenized-stock-backpack,152.75510477517176,0.22703914,-7.65802476,-12.70875577,3084496.404395927,2941642.60154622,20192.42767,20192.42767,,2026-08-25,,
1405,Vanar Chain,VANRY,vanar,0.0008111396952116053,0.21385404,-2.41060131,-9.17977,3082330.8418041,1106605.84268049,3800000000.0,10000000000.0,2400000000.0,2026-08-25,,
1406,Forest Protocol,FOREST,forest-protocol,0.024874816961215344,0.09325627,-5.59924541,36.1200709,3066775.0478345263,193504.11370958,123288346.30687825,1000000000.0,1000000000.0,2026-08-25,,
1407,Suku,SUKU,suku,0.00461062134860072,-0.014877,2.79494528,18.7157999,3061666.016722584,40953.21156311,664046293.3812101,1500000000.0,,2026-08-25,,
1408,Star Atlas DAO,POLIS,star-atlas-polis,0.010422379020160242,1.91664728,0.74999737,14.45169172,3058226.0898446864,27610.31834659,293428792.4023,360000000.0,,2026-08-25,,
1409,Rainbow,RNBW,rainbow,0.014452609914056684,-0.66561714,-1.96433558,8.00230709,3035048.0819519036,206079.10907184,210000000.0,1000000000.0,1000000000.0,2026-08-25,,
1411,Cratos,CRTS,cratos,4.719937209924808e-05,0.21635549,4.94450382,21.05696195,3014898.9172331234,759443.73426963,63875826799.0,100000000000.0,100000000000.0,2026-08-25,,
1411,Electra Protocol,XEP,electra-protocol,0.00016356443848837877,0.11122489,3.12534289,4.63039973,3014584.0449843174,57506.01964966,18430559068.0,18430559068.0,30000000560.0,2026-08-25,,
1412,PeiPei (ETH),PEIPEI,peipei-coin,7.15809889911661e-09,-0.16660882,-1.67747711,18.53293802,3011300.2129936814,45331.95910854,420684354244576.0,420690000000000.0,420690000000000.0,2026-08-25,,
1413,United States Oil Tokenized Fund (Ondo),USOon,united-states-oil-tokenized-fund-ondo,132.13848393510096,-0.13035033,-0.30234759,1.39320545,3010994.4269787464,1041825.22731919,22786.65788581,22786.65788581,,2026-08-25,,
1414,Flamingo,FLM,flamingo,0.005288867101800472,-0.0148747,-0.00702086,0.05513754,2995898.2062114705,0.0,566453674.9640744,566453674.9640744,1000000000.0,2026-08-25,,
1415,SWEAT,SWEAT,sweat-economy,0.0003548893133295019,0.29011267,-13.95360954,41.39231129,3001199.727016497,786385.1645728,8456720488.03,19724436538.95,21867346500.41,2026-08-25,,
1416,Cycle Network,CYC,cycle-network,0.019421096844005656,3.74115086,-12.98116409,39.54788131,2985022.584923669,319891.82694995,153700000.0,499895888.668899,1000000000.0,2026-08-25,,
1416,Palantir Technologies Tokenized Stock (Ondo),PLTRon,palantir-technologies-tokenized-stock-ondo,175.65119136837856,0.18707719,-2.43971171,2.33097024,2980932.0725017334,2247161.03306672,16970.74781719,16970.74781719,,2026-08-25,,
1418,Alibaba Tokenized bStocks,BABAB,alibaba-tokenized-bstocks,117.7222479020744,-0.23798668,1.35913935,-5.42738669,2959785.8380654454,3334646.97083304,25142.11112013,25142.11112013,,2026-08-25,,
1419,Tectum,TET,tectum,0.296255524919129,0.4464848,-8.4537978,40.55662256,2943117.6310710767,127465.55038237,9934389.01054919,10000000.0,10000000.0,2026-08-25,,
1420,JPMorgan Chase Tokenized Stock (Ondo),JPMon,jpmorgan-chase-tokenized-stock-ondo,360.9163631952614,0.07038218,0.81073378,-1.41423468,2941153.875737941,1129891.68959365,8149.12865047,8149.12865047,,2026-08-25,,
1421,Impossible Finance Launchpad,IDIA,impossible-decentralized-incubator-access,0.004319352388687308,0.0,0.11400893,7.03882973,2937159.6243073693,0.0,680000000.0,1000000000.0,1000000000.0,2026-08-25,,
1422,Pain (paintoken.com),PAIN,pain,0.5865204037463242,2.53027701,2.6328148,30.25398602,2932518.8936622893,2391.63701345,4999858.274207,9999858.274207,10000000.0,2026-08-25,,
1423,Verified USD,USDV,verified-usd,0.17033329755784726,0.0,1.39242783,3.6314129,2919821.8750765696,0.0,17141815.0,17141815.0,,2026-08-25,,
1424,EarthMeta,EMT,earthmeta,0.002028239076019464,-1.326511,243.7574115,2009.35114833,2915674.125268089,26294.66906499,1437539666.67,2100000000.0,2100000000.0,2026-08-25,,
1424,South Korea Bull 3X ETF Tokenized bStocks,KORUB,south-korea-bull-3x-etf-tokenized-bstocks,18.5251981217601,2.04528646,-11.38068718,-21.87402786,2909514.0494599827,9520289.27075219,157057.10839564,157057.10839564,,2026-08-25,,
1426,Microsoft Tokenized bStocks,MSFTB,microsoft-tokenized-bstocks,486.35295890819054,-0.03442753,0.76648386,1.46997685,2900436.7417827835,1994939.69912943,5963.6457199601455,5963.6457199601455,,2026-08-25,,
1427,Goldfinch,GFI,goldfinch-protocol,0.03311902608986157,1.36503648,-5.38031244,11.82523879,2900718.3784225183,166148.06839418,87584652.11362267,114285714.0,114285714.0,2026-08-25,,
1428,DaGama World,DGMA,dagama-world,0.01800408375147736,0.03641399,-0.06560862,0.36593859,2897062.4727218417,104853.32596977,160911408.36223435,700000000.0,700000000.0,2026-08-25,,
1429,KYVE Network,KYVE,kyve-network,0.0023847654252652775,-1.50185776,-4.19451138,-18.44564511,2894683.8634997085,2882.04460866,1213823310.599913,1274711058.599913,,2026-08-25,,
1430,Alibaba Tokenized Stock (Ondo),BABAon,alibaba-tokenized-stock-ondo,118.99767152173821,-0.15036181,1.42772519,-5.46474036,2872951.032068557,2009250.93417234,24142.91805318,24142.91805318,,2026-08-25,,
1431,Broadcom Tokenized bStocks,AVGOB,broadcom-tokenized-bstocks,359.01791316016323,0.27511405,-2.71031378,-8.72141582,2869525.2464602324,1442476.37005688,7992.70772091,7992.70772091,,2026-08-25,,
1432,World3,WAI,world3,0.008450659250471455,-0.56147006,1.62460337,1.81505393,2865291.266252759,91012.6839544,339061271.0,1000000000.0,1000000000.0,2026-08-25,,
1433,BigONE Token,ONE,bigone-token,0.000331982808872909,0.0154351,-5.96801436,-8.89781584,2849797.4418250374,0.0,8584171727.145089,8584171727.145089,13508522147.21,2026-08-25,,
1434,Avalon Labs (AVL),AVL,avalon-labs-avl,0.017723567608849248,-4.33373581,-3.81919473,7.53651487,2865617.2698220466,2560340.97047556,161683998.0,162250000.8,1000000000.0,2026-08-25,,
1435,OpenChat,CHAT,openchat,0.09457682227728818,1.3739599,15.33326247,46.62584143,2832392.064439096,24272.33793236,29948057.0,100761456.0,,2026-08-25,,
1436,Cointel,COLS,cointel,0.0036948500283071717,1.2149456,-0.05883422,0.0421277,2831536.6286877114,544612.90830044,766346836.0,10000000000.0,10000000000.0,2026-08-25,,
1437,IBM Tokenized Stock (Ondo),IBMon,ibm-tokenized-stock-ondo,236.3688577025983,-0.20867165,-1.95265856,0.83311187,2827928.3038163767,1807125.80287346,11964.04776544,11964.04776544,,2026-08-25,,
1438,Pkoin,PKOIN,pocketnet,0.20275532444425265,0.07045406,-1.63975584,1.21790744,2823201.0252542007,16622.95531677,13924177.0,16609085.0,24375000.0,2026-08-25,,
1438,Footballcoin (XFC),XFC,footballcoin,0.00714327520193192,0.09795038,-0.05766923,-1.24825633,2823507.88022159,37902.07821326,395267968.8804323,1000000000.0,,2026-08-25,,
1440,Cisco Systems Tokenized Stock (Ondo),CSCOon,cisco-systems-tokenized-stock-ondo,112.12153809953563,0.12142072,-0.60926233,-2.14543851,2822803.1617095997,1700053.39968992,25176.27932649,25176.27932649,,2026-08-25,,
1441,Oasys,OAS,oasys,0.0004128291154914069,0.89312589,-2.0490008,5.93094002,2805779.3568772194,14272.35783192,6796466750.019288,10000000000.0,10000000000.0,2026-08-25,,
1442,IBStoken,IBS,ibstoken,0.0006969649357029429,-0.05210011,0.28266615,1.66812622,2805294.4600713677,143593.24522598,4025015200.0,20000000000.0,20000000000.0,2026-08-25,,
1443,BitForex Token,BF,bitforex-token,0.0006495729260212165,0.0,0.0,0.0,2786066.156590516,0.0,4289073705.17397,10000000000.0,,2026-08-25,,
1445,WHALE,WHALE,whale,0.27816831701956873,0.0,2.34265682,31.02725804,2781683.170195687,0.0,10000000.0,10000000.0,10000000.0,2026-08-25,,
1445,雪球,雪球,xue-qiu,0.0051139810313500355,0.94991993,-3.86031372,-9.97414671,2781738.252038672,124547.75597469,543947706.2949378,543947706.2949378,1000000000.0,2026-08-25,,
1446,GAIB,GAIB,gaib,0.013572677947970525,0.11807441,-0.25703258,4.64994617,2780114.249736942,316222.10163911,204831667.0,1000000000.0,1000000000.0,2026-08-25,,
1447,zkVerify,VFY,zkverify,0.007087600821399162,0.53102827,-1.1056498,11.320827,2767374.952953309,42636.57265591,390452992.86578643,1023225925.4335295,,2026-08-25,,
1448,Nine Chronicles,WNCG,wrapped-ncg,0.004241638497833232,0.14491393,-1.00344818,3.77450358,2763370.983349805,35405.11109041,651486680.15,723789440.0,1000000000.0,2026-08-25,,
1449,Ampleforth Governance Token,FORTH,ampleforth-governance-token,0.19237839733388154,-0.36839426,7.09009003,8.52437377,2759387.74446573,909358.03916664,14343542.63632151,15297897.14455933,,2026-08-25,,
1450,TrueFi,TRU,truefi-token,0.002218322187238167,130.78423229,-1.70443459,115.87575043,2755952.625923456,405714.96109696,1242359041.34135,1257020975.20003,1450000000.0,2026-08-25,,
1451,GAMEE,GMEE,gamee,0.0015571081725488053,0.65248768,-0.77904925,7.2675943,2747213.9697855064,343068.78211925,1764305151.18846,3180000000.0,,2026-08-25,,
1452,STUFF.io,STUFF,book-io,0.0008216987281504678,0.0,-2.76862044,37.44716336,2744724.9001127346,0.0,3340305644.978589,5820296509.899704,10000000000.0,2026-08-25,,
1453,CloakCoin,CLOAK,cloakcoin,0.4427592097146602,0.0,0.0,0.0,2734755.5149205397,0.0,6176620.28234935,6176620.28234935,,2026-08-25,,
1454,ROA CORE,ROA,roa-core,0.0034821425249223045,2.48429551,3.00474546,6.43622307,2733481.882064009,93476.98185938,785000000.0,949999869.89,1000000000.0,2026-08-25,,
1455,Chevron Tokenized Stock (Ondo),CVXon,chevron-tokenized-stock-ondo,207.63082097004167,-0.23473276,-1.00518764,0.13751568,2732019.850336538,1469283.3068361,13158.06505784,13158.06505784,,2026-08-25,,
1456,TSMC Tokenized Stock (Reality),rTSM,tsmc-tokenized-stock-reality,409.4367619164477,0.11171892,-2.08321263,-4.86217507,2718668.5684761247,70326.56252142,6640.02068537,6640.02068537,,2026-08-25,,
1457,Inter Milan Fan Token,INTER,inter-milan-fan-token,0.21214374302657896,0.11859858,0.13025922,4.49501533,2715235.8284594193,151178.15038681,12799038.0,19728000.0,19728000.0,2026-08-25,,
1457,Cryptex Finance,CTX,cryptex-finance,0.2914363319674515,0.34705079,1.2109172,12.4878499,2721608.6733658845,843647.23319297,9338604.61045688,10000000.0,,2026-08-25,,
1459,USD Coin (Wormhole),USDC(WormHole),usd-coin-wormhole-from-ethereum,1.0000714303078957,0.24042629,-0.02283725,0.00241107,2714975.975990292,186231.93952306,2714782.058272,216120.116666,,2026-08-25,,
1459,Procter & Gamble Tokenized Stock (Ondo),PGon,procter-gamble-tokenized-stock-ondo,150.36313270304765,0.18394801,1.39616512,2.36014435,2714444.52451121,500575.77406692,18052.59358271,18052.59358271,,2026-08-25,,
1461,PornRocket,PORNROCKET,pornrocket,7.069558752559502e-09,0.0,0.08940898,16.16391134,2702801.5382764116,0.0,382315450352240.8,382315450352240.8,1000000000000000.0,2026-08-25,,
1462,BRN Metaverse,BRN,brn-metaverse,0.09634269886009794,-0.31442558,-10.64833126,31.23755902,2702364.593985736,160278.07456424,28049500.6467477,28103646.51957318,29700000.0,2026-08-25,,
1463,Roundhill Memory ETF Tokenized ETF (Ondo),DRAMon,roundhill-memory-etf-tokenized-etf-ondo,53.81371829619496,0.4705877,-6.8296027,-11.76280776,2699534.308322671,236480.2757673,50164.42635434,50164.42635434,,2026-08-25,,
1464,CLV,CLV,clover,0.002204000914055338,0.00506443,0.87671189,16.06349157,2698007.726448551,94390.91887585,1224140929.0,2000000000.0,,2026-08-25,,
1465,Dragonchain,DRGN,dragonchain,0.00725864938379303,-0.11576056,1.98836216,26.99311418,2691308.677339855,302.49280605,370772651.3625188,433494437.0,433494437.0,2026-08-25,,
1466,Rayls,RLS,rayls,0.001788311744107791,1.25107722,2.99811968,14.46594445,2682467.6161616864,528658.6321073,1500000000.0,9951752541.12472,10000000000.0,2026-08-25,,
1467,BORGY,BORGY,borgy,3.441999379846254e-05,-0.00039018,9.16727707,31.94882401,2670199.117565502,0.0,77576978462.0,77576978462.0,77576978462.0,2026-08-25,,
1468,FEED EVERY GORILLA,FEG,feed-every-gorilla,3.06697917276165e-05,-1.10730939,-1.5609236,5.78292127,2655142.756079833,154728.3867938,86571920007.17172,96213792341.2003,100000000000.0,2026-08-25,,
1469,Metahero,HERO,metahero,0.0005209407634892343,-0.0239313,1.87793327,15.89012252,2654528.3059613938,4388.26614451,5095643290.0,9766213274.0,10000000000.0,2026-08-25,,
1470,Ancient8,A8,ancient8,0.0043118610007759125,0.63447016,-0.77516438,11.20971736,2642859.159629053,1186486.45214092,612927726.37,1000000000.0,1000000000.0,2026-08-25,,
1471,LIBRA,LIBRA,libra-viva-la-libertad-project,0.008796231384099715,-0.55617858,0.37901689,7.22164452,2638727.635443795,6065.25321011,299983881.758002,999983882.758002,1000000000.0,2026-08-25,,
1472,Dingocoin,DINGO,dingocoin,2.2852837388587417e-05,0.87215724,1.81213713,12.19386794,2630886.027524139,41192.60190526,115122948752.0,115122948752.0,,2026-08-25,,
1473,Depinsim,ESIM,depinsim,0.01953003500235622,0.23004721,-18.69265113,-20.55139366,2626789.7078169114,30754.45182603,134500000.0,1000000000.0,1000000000.0,2026-08-25,,
1474,Volt Inu,VOLT,volt-inu-v2,4.785640860533252e-08,0.21310877,4.18217498,26.68611073,2620917.8153040977,39026.52577957,54766287142827.0,69000000000000.0,69000000000000.0,2026-08-25,,
1474,Myro,MYRO,myro,0.0027725050623664993,5.32102346,18.42950396,44.53292434,2617809.8569932617,264211.2115151,944203815.0,999981490.5,999999999.086093,2026-08-25,,
1476,DogeBonk,DOBO,dogebonk,4.465240517181065e-09,0.0,1.8124359,18.29605346,2603055.4472094937,0.0,582959739166037.0,582959739166037.0,,2026-08-25,,
1476,MANEKI,MANEKI,maneki-coin,0.00029375308112429685,1.86226088,6.64991862,33.27528625,2602289.91585405,40889.51803528,8858766369.0,8858766369.0,8858766369.0,2026-08-25,,
1478,Invesco QQQ Tokenized Stock (Reality),rQQQ,invesco-qqq-tokenized-stock-reality,707.2407742173359,0.2478093,-0.94073772,-3.03399582,2599104.5382129536,296272.1538468,3674.99249614,3674.99249614,,2026-08-25,,
1479,Vara Network,VARA,vara-network,0.00043275478272987943,-0.98736232,-3.62994942,14.26711313,2581212.7892748103,16831.05492984,5964608347.0,10032406684.0,,2026-08-25,,
1480,BlackFort Exchange Network,BXN,blackfort-exchange-network,0.000574592983601237,0.71317564,1.44005587,7.30221459,2579686.729376523,273513.25110776,4489589680.0,49999999999.0,49999999999.0,2026-08-25,,
1481,AMD Tokenized Stock (Reality),rAMD,amd-tokenized-stock-reality,455.84206188206286,0.54997582,-3.41535802,-10.10817372,2555761.1471229293,19749.27097118,5606.68126274,5606.68126274,,2026-08-25,,
1482,Aavegotchi,GHST,aavegotchi,0.04843630197999654,-0.06427226,5.16817344,14.54018568,2554908.4283854496,314709.31134242,52747801.21406849,52747802.71425598,,2026-08-25,,
1483,Jesus Coin,JESUS,jesus-toys,1.6815158940221857e-08,-0.19192965,1.07331949,30.03774673,2546260.4507427537,1773.6827,151426487242538.0,157000000000000.0,,2026-08-25,,
1484,McDonald's Tokenized Stock (Ondo),MCDon,mcdonalds-tokenized-stock-ondo,277.24235577036677,-0.00840847,0.49876531,2.55349308,2546191.572244046,643832.6446601,9183.9919812,9183.9919812,,2026-08-25,,
1485,nubcat,NUB,nubcat,0.002676811660133821,2.3319229,1.00010236,25.19542283,2542971.75436048,421773.94538142,950000253.0,999975253.03,999975253.03,2026-08-25,,
1486,Stake DAO,SDT,stake-dao,0.10632513134872691,0.0,2.0074543,22.98436637,2540823.483427714,0.0,23896734.96,65085259.52,100000000.0,2026-08-25,,
1487,SpaceN,SN,spacen,0.06358571497544,0.97549465,3.14529677,10.60627567,2544064.4561673542,0.0,40010000.0,1000000000.0,1000000000.0,2026-08-25,,
1487,Zypto,ZYPTO,zypto,0.002829315388951927,0.37137013,0.46271054,6.86134449,2536362.397973174,47831.16379281,896457994.0,896457994.0,1000000000.0,2026-08-25,,
1489,Zeus Network,ZEUS,zeus-network,0.002721111371745287,0.68325246,11.62305305,14.81744302,2534441.4423229755,1881531.22957303,931399379.179918,999996598.696284,1000000000.0,2026-08-25,,
1490,Not Pixel,PX,not-pixel,0.012940266617264372,-0.01910389,-4.51231961,13.73887186,2528907.1044824114,4934.80254396,195429289.0,225000000.0,225000000.0,2026-08-25,,
1491,Buying.com,BUY,buying-com,0.00761937250309709,0.00388956,3.10192109,28.76499832,2528027.930265037,18172.64396361,331789518.0,986800000.0,1000000000.0,2026-08-25,,
1492,Bloom Energy Tokenized bStocks,BEB,bloom-energy-tokenized-bstocks,208.26879190691335,1.06924574,3.96527424,-11.11792266,2520671.3473615786,1579413.83755283,12102.97195409,12102.97195409,,2026-08-25,,
1493,CreatorBid,BID,creatorbid,0.006529288465448014,0.54280687,0.83013858,23.1115186,2516643.271229193,72634.84289396,385439130.8558169,1000000000.0,1000000000.0,2026-08-25,,
1494,Coinbase Tokenized Stock (Reality),rCOIN,coinbase-tokenized-stock-reality,182.43083548982443,1.29670251,-2.80847947,21.44165656,2514503.185596782,74572.72447707,13783.32330083,13783.32330083,,2026-08-25,,
1495,MATH,MATH,math,0.021961541178696597,0.07511381,-2.91325553,11.46706657,2511437.605602243,56918.89740161,114356164.04,200000000.0,,2026-08-25,,
1496,Palo Alto Networks Tokenized Stock (Ondo),PANWon,palo-alto-networks-tokenized-stock-ondo,351.1621230733167,-0.05061263,-1.92623386,-6.42825674,2471263.06336979,303125.32087876,7037.38501676,7037.38501676,,2026-08-25,,
1497,Aleph Cloud,ALEPH,aleph-im,0.0099656927360428,-0.14446405,-2.65243683,5.86431484,2463723.3631115668,153770.71213595,247220482.1448135,500000000.0,500000000.0,2026-08-25,,
1498,WYDE: End Hunger,EAT,wyde-end-hunger,0.000238927088932449,0.46765033,0.62924065,22.88562757,2451854.4608855993,14723.57604321,10261935856.0,100000000000.0,100000000000.0,2026-08-25,,
1499,Russell,RUSSELL,russell,0.00252038853887659,0.18506317,-4.88041991,37.67635665,2447255.5915839016,178415.49062446,970983463.0,970983463.0,1000000000.0,2026-08-25,,
1500,Immunefi,IMU,immunefi,0.002328398420394666,3.15449489,-1.36749531,-1.5693056,2443557.5928102047,456882.76489264,1049458533.9892213,10000000000.0,10000000000.0,2026-08-25,,
