rank,name,symbol,slug,price_usd,change_1h_pct,change_24h_pct,change_7d_pct,market_cap_usd,volume_24h_usd,circulating_supply,total_supply,max_supply,date_snapshot,fdv_usd,liq_mkt_cap_pct
1,Bitcoin,BTC,bitcoin,86683.24936002003,0.14002406,1.37728489,14.35707408,1741307415880.2268,36865932310.77257,20088165.0,20088165.0,21000000.0,2026-09-23,1820348236560.42,2.1171
2,Ethereum,ETH,ethereum,2767.0998454783,0.29785615,1.19652997,15.1674473,337789268252.5261,14308354472.734766,122073393.48614593,122073393.48614593,,2026-09-23,337789268252.53,4.2359
3,Tether USDt,USDT,tether,0.9999065439368647,-0.00431967,0.01804897,0.07278019,183452970401.182,89017720482.13875,183470116796.00073,189327421025.78757,,2026-09-23,189309727230.37,48.5235
4,BNB,BNB,bnb,795.1798498319014,0.49947361,0.7073935,11.35231323,105886170345.03812,1809506074.4683473,133160027.09,133160027.09,133160027.09,2026-09-23,105886170345.04,1.7089
5,XRP,XRP,xrp,1.602769948071159,0.85956399,5.63034126,23.72626012,100780907904.43724,6824580700.673832,62879209849.0,99985622230.0,100000000000.0,2026-09-23,160276994807.12,6.7717
6,USDC,USDC,usd-coin,1.0000302137353119,0.01002604,0.00409266,0.01926797,75276439813.26134,17375538346.441093,75274165499.54912,75274165499.54912,,2026-09-23,75276439813.26,23.0823
7,Solana,SOL,solana,118.98577020898912,0.44151295,1.94907278,22.37313053,69904988807.95003,4312599844.91421,587507133.7115978,634530761.2786099,,2026-09-23,75500131352.03,6.1692
8,TRON,TRX,tron,0.3446416629530666,0.16044797,-0.86368798,3.48081162,32728154414.714108,637341166.5842986,94962849628.45898,94962839619.51239,,2026-09-23,32728150965.21,1.9474
9,Zcash,ZEC,zcash,1614.9087919716176,0.24655853,10.74810756,42.83091257,27263600649.54587,1926051771.7880943,16882439.9155448,16882439.9155448,21000000.0,2026-09-23,33913084631.4,7.0646
10,Hyperliquid,HYPE,hyperliquid,97.10219223756174,0.14776815,4.78080662,25.08174257,24405577709.198063,1173866678.717798,251339101.07291406,951496551.3579171,951496551.3579171,2026-09-23,92392401043.33,4.8098
11,Dogecoin,DOGE,dogecoin,0.10312898643825978,1.26651826,2.99004688,28.82365535,17711509614.899628,2532222151.3528824,171741333126.57907,171741333126.57907,,2026-09-23,17711509614.9,14.297
12,Monero,XMR,monero,570.0597186214108,0.67264948,-1.30449589,12.41107104,10721827700.55505,147993803.22605288,18808253.50453441,18808253.50453441,,2026-09-23,10721827700.56,1.3803
13,Chainlink,LINK,chainlink,13.147367646183412,1.02218834,1.45587367,20.95929714,9835545347.274887,490920961.4443379,748099970.424884,1000000000.0,1000000000.0,2026-09-23,13147367646.18,4.9913
14,Cardano,ADA,cardano,0.2565427363253672,0.96231521,3.82622809,31.48460751,9432402750.988834,966660332.7148627,36767374068.33432,44994754748.60082,45000000000.0,2026-09-23,11544423134.64,10.2483
15,UNUS SED LEO,LEO,unus-sed-leo,8.990189233948051,-0.04278203,0.19127008,1.83364104,8269696156.91396,92332.90194766,919857851.9,985239504.0,,2026-09-23,8857489581.72,0.0011
16,Stellar,XLM,stellar,0.22002160766963513,0.98470641,2.87726224,24.43633121,7685955038.464664,355151871.4546152,34932728289.146996,50001786839.70148,50001806812.0,2026-09-23,11001477921.16,4.6208
17,Bitcoin Cash,BCH,bitcoin-cash,340.5577426574854,0.05482136,28.36924224,55.12697671,6842868228.691741,1404071897.6174335,20093121.875,20093121.875,21000000.0,2026-09-23,7151712595.81,20.5188
18,Uniswap,UNI,uniswap,10.73173202165268,1.35791883,18.62928011,68.92224223,6661233528.110273,2197753585.489955,620704422.6104751,887952418.9163101,,2026-09-23,9529267407.79,32.9932
19,NEAR Protocol,NEAR,near-protocol,4.361444381416264,0.51051505,-0.69223165,85.42780348,5700645479.061178,1736491574.5664597,1307054494.0,1307054494.0,,2026-09-23,5700645479.06,30.4613
20,Avalanche,AVAX,avalanche,11.25036838860153,0.7908445,1.46669116,54.52361637,4983164242.975009,640149988.8112745,442933428.5643279,469602128.5643279,715748719.0,2026-09-23,8054990329.29,12.8449
21,Litecoin,LTC,litecoin,63.532918846036694,1.70380627,4.85114506,24.00312639,4932727870.651597,489123246.16561216,77640504.4856413,84000000.0,84000000.0,2026-09-23,5337672300.1,9.9196
22,Ethena USDe,USDe,ethena-usde,0.9997878943690051,-0.00677628,-0.00662373,0.04957478,4893686970.671386,184404313.84790498,4894725169.441998,4894725169.441998,,2026-09-23,4893706489.46,3.7683
23,Dai,DAI,multi-collateral-dai,0.9998715658371792,0.00085249,0.08512074,0.02129969,4610264727.105989,15902952.27273231,4610856918.654223,4610856918.654223,,2026-09-23,4610264727.11,0.3449
24,Canton,CC,canton-network,0.11464727468178508,0.72149342,-2.16426246,25.62810416,4547436859.237138,26636070.24253122,39664587508.591034,39664587508.591034,,2026-09-23,4547647457.43,0.5857
25,Hedera,HBAR,hedera,0.10079672470538435,0.57693676,8.69870668,35.42806754,4418092443.297558,244515492.89219663,43831706399.30082,50000000000.0,50000000000.0,2026-09-23,5040826565.23,5.5316
26,World Liberty Financial USD,USD1,usd1,0.9994350605714541,-0.01027969,-0.01675408,0.02845477,4370990193.444769,1286583040.4864318,4373460933.96557,4373460933.96557,,2026-09-23,4370990193.44,29.4346
27,Sui,SUI,sui,1.028417646208347,0.7666975,-1.56924428,48.98194563,4212951089.850712,993078476.163981,4096537146.5409594,10000000000.0,10000000000.0,2026-09-23,10284176462.08,23.572
28,Gram (prev. Toncoin),GRAM,gram,1.4633521293427996,0.2463766,1.48352934,11.54814941,4113398729.765436,88953248.67444557,2810942525.236758,5253880295.501116,,2026-09-23,7689063729.88,2.1622
29,Bittensor,TAO,bittensor,316.91845258462394,1.21251703,0.97806674,45.14078357,3658057894.1225953,459721843.28213674,11542584.10732905,21000000.0,21000000.0,2026-09-23,6650055751.06,12.563
30,Shiba Inu,SHIB,shiba-inu,6.175803517265385e-06,0.91073962,2.53679976,25.43696795,3639024091.880044,177828050.29295334,589238968128860.8,589496070237722.4,589552695333683.0,2026-09-23,3640573850.47,4.886
31,Cronos,CRO,cronos,0.06858685234398108,1.5518429,2.28529014,23.19420643,3411386031.3934817,14788469.68107141,49738192012.14374,98938197016.37503,100000000000.0,2026-09-23,6858023124.67,0.4336
32,Global Dollar,USDG,global-dollar-usdg,0.9999073064366815,-0.02088734,-0.04536138,0.01040241,3268344907.426362,713237799.8734533,3268647890.046524,3268647890.046524,,2026-09-23,3268417626.0,21.8188
33,MemeCore,M,memecore,1.2999257575589767,0.17986069,-8.66262448,15.13090989,2960821711.1509905,2154259.04573253,2277685240.048534,5417274986.555759,10000000000.0,2026-09-23,12983429116.89,0.0728
34,PayPal USD,PYUSD,paypal-usd,0.9998039332971608,0.00041811,-0.00301583,0.01975323,2860669521.565252,100804873.31314036,2861230513.598116,2861230513.598116,,2026-09-23,2860644015.57,3.5238
35,Tether Gold,XAUt,tether-gold,4339.511620601285,0.02718547,-0.19368877,0.30456146,2702750508.124532,233355123.76610285,622823.659532,707747.089,,2026-09-23,3071306439.65,8.6333
36,OKB,OKB,okb,124.13803216253335,0.0807643,1.58663688,11.39084594,2606898675.4132004,39040932.51983999,21000000.0,21000000.0,21000000.0,2026-09-23,2606655725.79,1.4984
37,Ripple USD,RLUSD,ripple-usd,0.9999492463582564,-0.00132304,-0.00893388,-0.01307933,2426463054.519942,463839528.58154505,2426586212.6072364,2426586212.6072364,,2026-09-23,2426543086.91,19.1152
38,Aave,AAVE,aave,149.69922882967177,1.40216169,4.95648524,23.93742665,2309698225.4742813,316806815.66793907,15428925.3427101,16000000.0,,2026-09-23,2396289047.58,13.7168
39,Mantle,MNT,mantle,0.6873435174647461,1.07657969,6.56599816,26.08417093,2269810636.5969434,53667251.94904699,3302294382.53684,6219316794.889999,6219316795.0,2026-09-23,4275441983.39,2.3641
40,Ethena,ENA,ethena,0.21779033828309013,0.65842839,2.91087303,55.47739436,2198661524.4485083,575234076.5815549,10095312500.0,15000000000.0,15000000000.0,2026-09-23,3267191228.95,26.1538
41,Ondo,ONDO,ondo-finance,0.44459443335793514,1.26708834,1.37434659,35.46046134,2164877299.8353925,251507336.31317896,4869330647.0,10000000000.0,10000000000.0,2026-09-23,4445923354.69,11.6192
42,Pump.fun,PUMP,pump-fun,0.004424998186180548,1.12443556,0.22730795,27.48011085,2066249051.3659868,218462914.62969965,466949129565.51434,832460949820.7855,1000000000000.0,2026-09-23,4424998186.18,10.5729
43,Polkadot,DOT,polkadot-new,1.2114147721380073,0.97874755,1.89810557,27.21077707,2064308573.1070063,174665791.93428287,1704047713.9499793,1704047713.9499793,2100000000.0,2026-09-23,2543971021.49,8.4612
44,Pepe,PEPE,pepe,4.928849983382248e-06,0.84334213,-4.73673063,45.55234282,2039421865.5978513,785091192.5748742,413772355107949.6,413772355107949.6,413772355107949.6,2026-09-23,2038900340.52,38.4762
45,Aster,ASTER,aster,0.7398136534942786,1.12000729,1.5080707,9.24732119,2000847550.701028,153427888.27282432,2704529094.9290404,7795741639.279309,8000000000.0,2026-09-23,5914198063.8,7.6592
46,PAX Gold,PAXG,pax-gold,4337.054384279992,0.04322677,-0.17555643,0.12759474,1886200667.209075,233453478.04400885,434903.623539,434903.623539,,2026-09-23,1886253039.02,12.3698
47,World Liberty Financial,WLFI,world-liberty-financial-wlfi,0.05834752970967944,-0.04342097,1.8951214,2.20481619,1854156016.1806536,69995146.64833446,31777798056.0,100000000000.0,100000000000.0,2026-09-23,5834752970.97,3.775
48,Worldcoin,WLD,worldcoin-org,0.46889585973904463,1.1949383,2.21327273,29.63803585,1710699148.8959887,269611018.0108509,3648356267.952647,10000000000.0,,2026-09-23,4688074159.53,15.7633
49,Arbitrum,ARB,arbitrum,0.2503501457057399,1.60443583,13.24455652,63.78953589,1698769591.0589185,484806842.475231,6785574605.0,10000000000.0,,2026-09-23,2507176172.17,28.5155
50,Internet Computer,ICP,internet-computer,3.040741206697252,1.7282518,2.50461362,23.04066729,1693405503.5687172,76800011.27627079,556905500.4875064,556905500.4875064,,2026-09-23,1693405503.57,4.5352
51,Sky,SKY,sky,0.07122912524433851,1.56117752,3.66628072,16.8682984,1668512728.0361097,27669950.98787307,23424585410.98998,23459804203.605965,23462665147.0,2026-09-23,1673678560.56,1.6623
52,Venice Token,VVV,venice-token,32.70693112763742,0.14394419,6.03657211,51.55187497,1583684927.480295,78136328.27619295,48420468.47195878,81030159.67594442,,2026-09-23,2650518484.94,4.9365
53,USDD,USDD,usdd,1.0010716693808246,0.03963009,0.15892599,0.04010694,1527543683.3252265,2319221.76644272,1525908414.0,1525908414.0,,2026-09-23,1527579668.7,0.1518
54,Ethereum Classic,ETC,ethereum-classic,9.550340410317169,0.56783566,8.24459109,32.42053523,1511391011.072859,113917488.00184439,158255197.83987108,210700000.0,210700000.0,2026-09-23,2010857028.87,7.5443
55,Bitget Token,BGB,bitget-token-new,2.118178825650571,-0.06235197,-0.4178776,12.18684038,1478610179.8693888,16547435.20553532,698057294.2963176,910920874.6481038,919992035.98,2026-09-23,1952827608.74,1.1196
56,Morpho,MORPHO,morpho,2.6886742749759964,-0.58962996,2.81145853,29.58131445,1422315786.7651918,38958716.54282014,529002638.9596374,999999999.8010328,1000000000.0,2026-09-23,2688268862.24,2.7411
57,United Stables,U,united-stables,0.9995602710295328,0.0097475,-0.00175007,0.02540793,1419804404.0147784,173042317.04138356,1420429007.8,1420429007.8,,2026-09-23,1419969971.59,12.1872
58,Lighter,LIT,lighter,5.097368789768806,-0.3214784,8.57098509,24.05606382,1274342197.4422016,83444082.91234127,250000000.0,1000000000.0,1000000000.0,2026-09-23,5101903436.1,6.5441
59,GateToken,GT,gatetoken,11.134050021252639,0.92609822,1.77229815,22.45878545,1187308429.218645,3603137.45433472,106637605.09,140052780.28,142622843.67,2026-09-23,1587145549.33,0.3023
60,Polygon (prev. MATIC),POL,polygon-ecosystem-token,0.11009239129378984,0.86784322,-0.11512764,19.90008636,1180117404.7998035,127041582.32758069,10719336649.256454,10719336659.256454,,2026-09-23,1179066846.99,10.7811
61,Kaspa,KAS,kaspa,0.042268738728075586,1.85596259,-1.74411172,29.31695833,1171524500.800363,20908346.16899559,27716097902.448586,27716097902.448586,28704026601.0,2026-09-23,1210286901.4,1.7901
62,Algorand,ALGO,algorand,0.11381504018282904,0.9195037,2.50429815,27.73044407,1030669192.9020361,84661142.70141953,9055650213.244226,10000000000.0,10000000000.0,2026-09-23,1139334607.16,8.2148
63,Pi,PI,pi,0.09125302959676729,0.43814321,-0.07232855,6.03798227,1025959860.8780016,8755776.44134185,11243022455.380999,100000000000.0,100000000000.0,2026-09-23,9123831585.71,0.8532
64,KuCoin Token,KCS,kucoin-token,7.446182936947271,0.09690994,0.55905158,9.23645042,1021281379.1523821,29395902.91122833,137155021.2773955,142155021.2773955,200000000.0,2026-09-23,1487554202.43,2.8731
65,Jupiter,JUP,jupiter-ag,0.30438857030971656,1.8038447,3.22961311,42.12321558,1010378046.4482857,66834654.00665898,3319369204.37,6862435229.582892,6862435229.582892,2026-09-23,2088611546.74,6.6265
66,Cosmos,ATOM,cosmos,1.849642085620624,1.27129844,2.5521991,23.04101756,984096454.1183828,52105104.89563185,532046962.906438,532046962.906438,,2026-09-23,984299875.8,5.2939
67,Render,RENDER,render,1.8723525378525143,1.69659446,2.41075291,42.86659802,971332011.9432358,49040731.9868709,518776241.2826915,533536414.5626915,644168762.0,2026-09-23,1203866738.42,5.0623
68,JUST,JST,just,0.11281797987784675,-0.42932842,-0.56769311,-2.31235974,923837447.0988598,43409177.86061241,8188743036.341737,8188743036.341737,,2026-09-23,923844050.05,4.6911
69,Quant,QNT,quant,75.06972026762622,0.46894409,12.54081238,23.62153394,906297064.5243412,21637647.09903806,12072738.0,14881364.0,14881364.0,2026-09-23,1117053445.54,2.3881
70,Filecoin,FIL,filecoin,1.0475041761160528,1.34880239,4.69004078,28.91730215,870225858.8278128,223924055.68013382,830761231.0,1957033819.0,,2026-09-23,2051805018.08,25.7357
71,PancakeSwap,CAKE,pancakeswap,2.683866816320774,0.56059565,7.04930085,21.73803585,856141870.6273501,84056918.0269928,318995661.5660263,330627631.6090779,400000000.0,2026-09-23,1073337684.16,9.8265
72,VeChain,VET,vechain,0.009669825608898917,1.62785447,7.96683593,36.03320914,831460353.1555824,22992447.08168207,85985041177.0,85985041177.0,86712634466.0,2026-09-23,839157663.2,2.7718
73,Dash,DASH,dash,63.734817234022884,0.47814614,7.41982412,26.15219913,818546815.1592299,214397134.4099542,12843008.74596803,12843007.56450086,18900000.0,2026-09-23,1203311059.66,26.219
74,Injective,INJ,injective,8.006026913391551,2.63218718,5.88570571,46.39662385,800370152.2844422,188977877.211213,99970954.5,100000000.0,,2026-09-23,802803704.98,23.6561
75,Aerodrome Finance,AERO,aerodrome-finance,0.7338124492308055,-0.09719908,6.22066832,39.37990627,728404026.043708,68688186.20340224,992629692.7876235,1983240735.5767915,,2026-09-23,1457945219.24,9.5186
76,Aptos,APT,aptos,0.8327325988648934,2.83675287,8.12458654,51.93042452,725025418.6997466,158653023.58863166,870658143.6682513,1209098342.5355153,2100000000.0,2026-09-23,1747874536.58,21.8867
77,ether.fi,ETHFI,ether-fi-ethfi,0.7252793354926343,0.95515175,2.68043137,23.39672974,700148406.5178145,66354414.65518517,965350000.0,1000000000.0,1000000000.0,2026-09-23,723469802.98,9.4973
78,XDC Network,XDC,xdc-network,0.031037249219052154,0.45462192,1.58571877,12.85474975,666608470.6784507,13980223.44530001,21477691723.7,38096907522.75,,2026-09-23,1184867005.24,2.0951
79,Stable,STABLE,stable,0.024759343024992355,1.16595827,0.05122083,-7.75581852,657786195.5508798,9701418.85114481,26567191015.0,100000000000.0,,2026-09-23,2476279949.71,1.4757
80,Pudgy Penguins,PENGU,pudgy-penguins,0.010254466384993405,3.71533611,16.10139106,50.45057215,644599818.652686,474064095.57052076,62860396090.04,76724221264.3,88888888888.0,2026-09-23,911299375.94,73.5957
81,Flare,FLR,flare,0.007385409347357069,0.93246139,7.26974386,18.05627065,641650211.1323904,5460628.77107642,86880791700.73494,106609006284.04596,,2026-09-23,788812082.68,0.8507
82,OFFICIAL TRUMP,TRUMP,official-trump,2.2388059688975575,1.21436334,3.63952091,19.55961687,631045245.9405868,434577993.463495,281866876.677718,999998940.390084,999998940.390084,2026-09-23,2237924467.69,68.8939
83,Stacks,STX,stacks,0.3372911815680033,0.46106062,-0.29010362,41.12301946,612050530.3789083,31565526.71342747,1814605788.19049,1814570813.19049,,2026-09-23,612121045.74,5.156
84,Nexo,NEXO,nexo,0.8943486254762434,-0.26651364,2.93365634,11.53312789,577879643.4808125,6903408.76153052,646145839.5746847,1000000000.0,1000000000.0,2026-09-23,894262073.45,1.1948
85,Curve DAO Token,CRV,curve-dao-token,0.36358979529948365,1.1333059,0.27286599,15.44731299,567489760.142023,62901782.0287086,1560796720.5861483,2420341860.776682,3030303030.299,2026-09-23,1101540143.21,11.0878
86,LayerZero,ZRO,layerzero,1.4295662662643203,1.98513214,22.04592295,48.48676353,538698632.3115613,163775679.00728083,376826625.68645024,1000000000.0,1000000000.0,2026-09-23,1429383272.91,30.419
87,Pyth Network,PYTH,pyth-network,0.0668953964056484,1.25831221,3.78919251,25.70518822,526798565.6845962,67258881.31137805,7874959922.355961,9999981857.422035,10000000000.0,2026-09-23,668911165.98,12.7657
88,Pieverse,PIEVERSE,pieverse,1.7659454008223434,0.4595106,-3.43075516,53.66516724,521575894.53166896,563926358.4564127,295352220.0,1000000000.0,1000000000.0,2026-09-23,1764527665.77,108.1844
89,币安人生,币安人生,bianrensheng,0.5187352924101721,0.4634372,2.56236835,7.8485833,518735292.4101721,3833783.67048568,1000000000.0,1000000000.0,1000000000.0,2026-09-23,518172769.79,0.7386
90,Raydium,RAY,raydium,1.884210727699866,1.47439525,4.29651545,50.18295901,508244608.30131525,71618308.6146603,269738729.766044,554997456.645924,555000000.0,2026-09-23,1045749616.31,14.1285
91,Virtuals Protocol,VIRTUAL,virtual-protocol,0.7590087606784384,1.99862223,6.11241071,28.75476435,500176791.32288516,117765372.65582414,658986848.683806,1000000000.0,1000000000.0,2026-09-23,757912954.81,23.6823
92,TrueUSD,TUSD,trueusd,0.9996696187272894,-0.00398007,0.03753677,0.05578606,494351704.4775039,17569955.48518172,494515083.0,494515083.0,,2026-09-23,494387508.57,3.559
93,Pons,PONS,pons,0.713985855134833,-0.05235833,18.58286822,19.63316308,488632132.91561985,108615294.91021147,684372287.4920875,684372287.4920875,684372287.4920875,2026-09-23,487836918.81,22.2623
94,SPX6900,SPX,spx6900,0.5236199907371387,0.84161647,4.01544948,13.12745265,487486593.19879353,23308913.94786276,930993090.07,930993090.07,1000000000.0,2026-09-23,522274563.68,4.7964
95,Artificial Superintelligence Alliance,FET,artificial-superintelligence-alliance,0.210741305526066,1.29035588,4.56335167,40.3298033,487130315.6644999,185864395.02328348,2311508484.055814,2714384546.672,2719493897.0,2026-09-23,571877372.38,38.233
96,Bitcoin SV,BSV,bitcoin-sv,23.72651813735506,1.63317864,24.10147114,47.54918932,476603837.9961985,57224027.2239283,20087390.625,20087390.625,,2026-09-23,473711695.78,12.1017
97,Sei,SEI,sei,0.0619766394880724,0.96142234,1.64648391,47.0334574,469774319.4461069,98233184.83606328,7579861111.0,10000000000.0,10000000000.0,2026-09-23,618131402.49,20.9577
98,Celestia,TIA,celestia,0.5079192031806203,2.05948374,14.60273781,55.5470363,467251634.6240655,102841747.74195859,919932996.62251,1168685161.483695,,2026-09-23,592973229.85,22.0373
99,EURC,EURC,euro-coin,1.1434781495792368,-0.01731449,-0.3260713,-0.8941763,462801223.53737056,64517532.46980753,404731147.4274052,404731147.4274052,,2026-09-23,462834471.92,13.9216
100,Pendle,PENDLE,pendle,2.489905350536316,0.00901686,0.90317048,10.48412582,432229262.68687,73975085.18197875,173592647.84654143,281527448.45853144,,2026-09-23,702157068.61,17.0941
101,Midnight,NIGHT,midnight-network,0.024681957375231076,0.99621815,2.32344671,23.48609802,409903124.1289201,16339947.03488727,16607399401.0,24000000000.0,24000000000.0,2026-09-23,592835170.58,3.9613
102,Falcon Finance,FF,falcon-finance-ff,0.12713033588803171,-0.15899348,0.06392605,-7.18095189,399189254.6884196,11499611.25139184,3140000000.0,10000000000.0,10000000000.0,2026-09-23,1270763572.91,2.8795
103,BitTorrent [New],BTT,bittorrent-new,3.907411517496126e-07,-0.08790374,9.98811358,25.17284726,385676320.3338879,29965212.775662,987037885840674.8,987037885840674.8,,2026-09-23,385596198.39,7.7717
104,Tezos,XTZ,tezos,0.34644497929421075,1.0104473,1.43409239,40.15936925,380004325.3440509,10456885.40983584,1096867751.174251,1116848818.087073,,2026-09-23,386410015.19,2.7562
105,Lido DAO,LDO,lido-dao,0.4373684683626946,1.29423249,2.46694069,29.91659255,364831486.459501,72056621.07221873,834151322.8543006,1000000000.0,,2026-09-23,437322828.91,19.7428
106,Kite,KITE,kite,0.13875451548471737,-1.2188252,15.62677908,38.56521609,348153979.10371006,46534997.27339372,2509136210.0,10000000000.0,10000000000.0,2026-09-23,1378398188.86,13.4471
107,Useless Coin,USELESS,theuselesscoin,0.34383844530383745,1.89483722,33.9556456,52.8437376,343521902.6121552,118121204.35208309,999079385.403216,999079385.403216,1000000000.0,2026-09-23,346247758.92,34.22
108,Sun [New],SUN,sun-token,0.01736888276143987,0.05976736,-0.18614436,4.81193525,333867825.3925184,21988153.32797913,19222181989.37517,19222181989.37517,19900730000.0,2026-09-23,345590942.76,6.5887
109,Decred,DCR,decred,18.794013616923152,1.28288107,4.60976222,25.81429638,331070326.1780947,3093206.59339831,17615733.01617601,17615733.01617601,21000000.0,2026-09-23,394896512.37,0.9377
110,Bonk,BONK,bonk1,3.7108664780447416e-06,-0.2690599,8.51282267,45.50922801,326535447.4492171,156907549.43018186,87994394134404.12,87994394134404.12,88872433754423.19,2026-09-23,328792293.31,48.0757
111,First Digital USD,FDUSD,first-digital-usd,0.9993956544641001,0.00971742,0.01009335,0.15136274,324846159.81674314,253719231.54285258,325042597.859737,325042597.859737,,2026-09-23,324926888.34,78.1283
112,Monad,MON,monad,0.027145593440325178,1.29358682,8.18553758,25.50893432,321001121.4547629,34059743.36277125,11825165000.0,100682925000.0,114166666695.0,2026-09-23,3098647263.75,10.6145
113,Optimism,OP,optimism-ethereum,0.13801666246550187,2.83446367,8.6112267,47.53861466,317386563.9718132,137843352.39331198,2299624975.0,4294967296.0,4294967296.0,2026-09-23,592958947.74,43.5114
114,Terra Classic,LUNC,terra-luna,5.7195882691607704e-05,1.11290135,4.6291744,18.40828019,315214540.79423434,16284447.4091615,5511140417114.07,6448174787406.064,6448174787406.064,2026-09-23,368774257.99,5.1754
115,Starknet,STRK,starknet-token,0.04241123481864091,0.76096196,-2.335566,59.05516011,311748259.3164925,59863268.42770342,7350605580.091965,10165100000.0,,2026-09-23,431153673.42,19.2008
116,Immutable,IMX,immutable-x,0.15481222569279118,1.41587409,2.56784932,31.35869343,309624451.3855824,10630380.26454704,2000000000.0,2000000000.0,2000000000.0,2026-09-23,309321888.79,3.4348
117,Gnosis,GNO,gnosis-gno,117.0489131165056,0.74792938,-0.0587976,3.63507017,308951455.55408096,934645.00907317,2639507.25665059,2999934.74577109,,2026-09-23,351730771.09,0.3027
118,Ethereum Name Service,ENS,ethereum-name-service,7.229432000762961,0.83538377,8.43683014,34.92917011,304902577.2938372,55388600.48467657,42175177.42219018,100000000.0,,2026-09-23,720786389.39,18.2268
119,Arweave,AR,arweave,4.500030171842584,1.56328361,0.66861046,78.78352352,295438077.8558694,26361652.12472033,65652466.0,65652466.0,66000000.0,2026-09-23,298826764.42,8.9426
120,FLOKI,FLOKI,floki-inu,3.059411232766616e-05,1.09630389,4.63928799,30.90667568,291393072.6607397,73003562.2677521,9524482016013.059,9645350291807.617,10000000000000.0,2026-09-23,305227269.7,25.0507
121,Conflux,CFX,conflux-network,0.05530448597136256,1.23672235,3.36343222,23.2981767,289891443.3432434,13480052.50960708,5241734702.92,5241734702.11,,2026-09-23,289912454.81,4.6764
122,The Graph,GRT,the-graph,0.02630854907472125,-1.42495942,11.21132312,53.16759905,287850263.4503023,29395233.1789801,10941320353.043917,11612995353.043709,,2026-09-23,304678096.24,10.2426
123,Plasma,XPL,plasma-xpl,0.09842250268063044,2.32471214,2.31757908,21.95719751,273395840.7795312,111547643.02280629,2777777777.7778,10000000000.0,,2026-09-23,988206044.44,40.7319
124,Jito,JTO,jito,0.5197021728747563,0.97379524,0.74846097,25.06588289,272584808.2370983,41255783.92116129,524501959.9,986522513.1176277,,2026-09-23,512392702.21,15.1286
125,Maple Finance,SYRUP,maple-finance,0.2190329830123557,-0.23113114,-1.13780413,10.17064376,260870321.27506745,10744751.58885694,1191009306.8510675,1244677492.5110993,,2026-09-23,272586550.12,4.0744
126,dogwifhat,WIF,dogwifhat,0.2534625001360216,0.60931735,1.49623277,41.25560327,253167925.42982918,172405697.25057915,998837797.678022,998837797.678022,998840592.989347,2026-09-23,252711572.07,68.1397
127,Trust Wallet Token,TWT,trust-wallet-token,0.5793161238407786,0.29307986,-1.28330726,14.23339504,249025127.6084863,8465094.194074,429860515.46,999860531.46,999860531.46,2026-09-23,579628255.46,3.4023
128,Zama,ZAMA,zama,0.09811078621790618,-1.42029579,-0.00967135,110.14564875,241090157.59787562,119374692.64341976,2457325712.0008106,11306970172.62471,,2026-09-23,1109539899.82,49.3932
129,AINFT,NFT,apenft,2.3966550629090953e-07,-1.22274199,-0.58773303,1.53247343,237294158.22370186,9411810.20607239,990105592982874.8,990105592982874.8,999990000000000.0,2026-09-23,239537534.05,3.9662
130,Theta Network,THETA,theta-network,0.23570010404305536,1.64378355,4.01125697,29.46417009,235700104.04305536,9218476.0254261,1000000000.0,1000000000.0,1000000000.0,2026-09-23,235292337.05,3.9284
131,EigenCloud,EIGEN,eigencloud,0.2544395541690265,1.26504632,6.45153793,33.1438244,235429276.30058238,30542348.30042772,925285681.5815067,1844491886.3761358,,2026-09-23,468682678.27,12.971
132,BUILDon,B,buildon,0.23279667450268465,0.48574221,13.73776454,11.17280138,232796674.50268465,8749876.17848353,1000000000.0,1000000000.0,,2026-09-23,232850774.54,3.7539
133,IOTA,IOTA,iota,0.049629240952823395,0.71702426,4.10113274,27.27682569,230937371.62067187,7162714.11101245,4653252139.0,4600000000.0,,2026-09-23,228545679.47,3.0996
134,Compound,COMP,compound,23.001760359399203,0.77632347,0.52801012,22.21503334,230017603.59289852,22193811.86967203,9999999.99995246,10000000.0,,2026-09-23,230361184.45,9.6426
135,JasmyCoin,JASMY,jasmy,0.004566502501742088,0.68650168,4.71633459,25.39436911,225790714.7244316,18955919.47772715,49444999677.16958,50000000000.0,50000000000.0,2026-09-23,228245078.97,8.3951
136,Akash Network,AKT,akash-network,0.7557031094013867,3.21550672,14.85539019,52.66212012,225273474.3983156,11990525.89708766,298097852.973982,298097852.973982,388539008.0,2026-09-23,291669470.45,5.3772
137,Kaia,KAIA,kaia,0.03391081230271963,0.90655522,4.82849667,25.13665096,217921791.5480329,6679773.24685701,6426321776.153846,6426321852.930926,,2026-09-23,218156721.54,3.0896
138,Zebec Network,ZBCN,zebec-network,0.002133975938079081,2.87663279,5.48270786,24.89893003,213394966.7873877,9943950.7762853,99998768954.94765,99998768954.94765,100000000000.0,2026-09-23,214287113.32,4.6535
139,Fartcoin,FARTCOIN,fartcoin,0.21269994131935788,2.39615711,6.35126999,55.8552225,212699570.37066022,43970308.68712353,999998256.0,1000000000.0,1000000000.0,2026-09-23,211605909.58,20.6955
140,edgeX,EDGE,edgex,0.6079616457897707,-0.4148517,1.54546008,2.50514318,212786576.02641976,7547763.31145149,350000000.0,1000000000.0,1000000000.0,2026-09-23,608706148.76,3.5404
141,THORChain,RUNE,thorchain,0.6412825736612411,0.44551984,1.04639237,31.30075917,210750376.5110266,11933274.80518037,328638864.0,353936041.0,354196525.0,2026-09-23,227070742.59,5.6603
142,Convex Finance,CVX,convex-finance,2.093988150329519,1.21483262,1.83634762,14.76263694,208693333.03419587,6352845.4587721,99663091.69483837,99991663.73033543,,2026-09-23,209512532.1,3.0761
143,Mina,MINA,mina,0.15488532838422475,0.30766806,21.65925741,88.1777162,199376048.02012998,62354207.3593192,1287249412.8400393,1287249412.8400393,,2026-09-23,199201410.97,31.3193
144,Axie Infinity,AXS,axie-infinity,1.131084663102512,1.21623684,5.68334885,24.35492829,197630327.52785704,31428377.26138409,174726379.00134403,270000000.0,,2026-09-23,305323887.39,15.9014
145,Kamino,KMNO,kamino-finance,0.03492848360131059,1.67168969,4.23459175,40.59430003,195336360.37741417,13361408.09160021,5592466097.5,9999956794.435389,10000000000.0,2026-09-23,348708601.95,6.8549
146,eCash,XEC,ecash,9.493510242401936e-06,0.79442872,8.15454307,34.60872972,190700486.34514236,22077904.46654826,20087457797580.0,20087457797580.0,21000000000000.0,2026-09-23,198429456.85,11.6235
147,DoubleZero,2Z,doublezero,0.0547201436500394,0.62946817,4.53225678,20.8525293,189956464.26926064,4933726.41400936,3471417500.0,9998071045.1,10000000000.0,2026-09-23,546742379.08,2.6148
148,Meteora,MET,meteora,0.3456041452571012,2.23716118,24.06110261,74.21577701,188669654.5138926,36970332.34832672,545912591.336362,997732629.378397,1000000000.0,2026-09-23,343724945.46,19.78
149,Neo,NEO,neo,2.6331310740215663,0.41691221,4.25347108,26.2754361,185737987.83125576,7582366.53722472,70538831.0,100000000.0,,2026-09-23,263343898.25,4.075
150,Onyxcoin,XCN,onyxcoin,0.004640346901460035,-0.3091184,5.68772136,16.58361369,182475186.69872493,10937626.14163559,39323608896.85017,53402422627.32442,68892071756.90897,2026-09-23,319317773.88,6.0226
151,OriginTrail,TRAC,origintrail,0.3630414414630007,0.13187995,1.73109191,18.04725774,181520720.73150036,4700468.15375424,500000000.0,500000000.0,500000000.0,2026-09-23,181552028.04,2.5873
152,Chiliz,CHZ,chiliz,0.016957080149897084,1.0874316,6.11487922,24.80595451,178645538.810669,45427520.86219368,10535159192.0,10535159192.0,,2026-09-23,179196621.82,25.2458
153,MX Token,MX,mx-token,1.941272986213639,0.03898836,0.90663458,10.48673297,178281335.62007937,6349663.9343865,91837334.0,409024834.0,413787834.0,2026-09-23,801612584.65,3.5808
154,Telcoin,TEL,telcoin,0.0018496433487512171,0.53877484,13.88942163,25.90306779,177881890.02135867,1478593.64612206,96170913241.98,100000000000.0,100000000000.0,2026-09-23,184889080.36,0.8306
155,Cash Cat,CASHCAT,cash-cat,0.17714604156378747,1.52836004,11.08529819,15.88534758,177146041.56378746,32097730.63641987,1000000000.0,1000000000.0,1000000000.0,2026-09-23,176817031.54,18.1755
156,Decentraland,MANA,decentraland,0.08773688708346286,0.53901076,1.54707559,21.04702262,174237523.39688683,17277197.02093382,1985909566.5331404,2193179327.320146,,2026-09-23,192576993.19,9.9052
157,DeXe,DEXE,dexe,1.991252245754824,0.82037762,2.61497305,14.43790302,166735130.74845996,13710635.13430233,83733806.7559872,96504599.33609451,,2026-09-23,191976543.62,8.2281
158,Vaulta,A,vaulta,0.09861025474230009,1.85371805,5.38656695,29.88539643,164552855.79915798,7346199.60189671,1668719508.2214,2100000000.0,2100000000.0,2026-09-23,206848841.82,4.4877
159,AIOZ Network,AIOZ,aioz-network,0.12808218083065817,0.09186026,-0.47051383,92.13042246,163932038.09899852,17587411.49618651,1279897305.2757328,1279897305.2757328,,2026-09-23,163427646.48,10.7356
160,Vision,VSN,vision-token,0.04414334825515027,0.04557498,0.37772668,6.85132873,161870626.00473744,2946847.20481879,3666931313.617602,4116944177.2648344,4200000000.0,2026-09-23,185162879.47,1.8115
161,ApeCoin,APE,apecoin-ape,0.16151056755744875,1.34730261,9.6809993,30.46190804,161510567.55744874,52648611.65535446,1000000000.0,1000000000.0,1000000000.0,2026-09-23,161569181.6,32.6435
162,Sentient,SENT,sentient,0.021721455238094364,1.41885705,13.33933592,41.16361472,157217262.26271877,26052994.77157413,7237878887.0,34359738368.0,,2026-09-23,746273528.8,16.6933
163,SafePal,SFP,safepal,0.3132202600436554,1.22782825,2.325158,16.18260663,156610130.0218277,1167820.76145639,500000000.0,500000000.0,500000000.0,2026-09-23,156678304.95,0.7466
164,GoМining,GOMINING,gomining-token,0.3865873449240451,-0.1995882,-0.44827192,10.67559926,155807440.15303206,18670855.31357487,403032955.4208361,403122545.54969597,403122545.54969597,2026-09-23,156088189.33,11.9513
165,Horizen,ZEN,horizen,8.223599289592403,0.04691696,7.40294185,31.51431678,150740014.2265978,41791836.71045766,18330175.01440894,21000000.0,21000000.0,2026-09-23,172631857.82,27.7386
166,1inch,1INCH,1inch,0.10434301620240208,0.77810336,1.61099443,18.8765588,147537390.1746456,8318216.79034231,1413965165.5119507,1500000000.0,1500000000.0,2026-09-23,156790727.8,5.6459
167,Basic Attention Token,BAT,basic-attention-token,0.09284630860500281,0.9083717,9.82711636,29.73925669,138872513.0875336,10540733.15000493,1495724656.9526057,1500000000.0,1500000000.0,2026-09-23,139428432.93,7.5924
168,MarsCoin,MARSCOIN,marscoin-meme-bsc,0.13752320176311691,-0.87942012,37.99334355,52.24898163,137523201.7631169,152493724.68147588,1000000000.0,1000000000.0,1000000000.0,2026-09-23,137790659.85,110.5967
169,MultiversX,EGLD,multiversx-egld,4.377543661709987,1.07599172,0.6610236,15.03837486,134879897.00528035,12675666.43197159,30811776.51865901,30816932.0,,2026-09-23,134758643.35,9.4152
170,ZKsync,ZK,zksync,0.012393020439841244,1.12169987,3.96102271,39.70381981,131552827.76996246,15202578.16437644,10615073896.517164,14968561183.697824,21000000000.0,2026-09-23,260302404.87,11.5525
171,The Sandbox,SAND,the-sandbox,0.04420700412255274,1.15438105,6.61284148,32.01618785,129864250.43339208,29132990.93980517,2937639702.3733225,3000000000.0,,2026-09-23,132742157.33,22.428
172,Golem,GLM,golem-network-tokens,0.12782211850040434,0.28243468,2.88610841,14.75022057,127822118.50040434,2396953.82481201,1000000000.0,1000000000.0,1000000000.0,2026-09-23,127908304.1,1.8681
173,AWE,AWE,awe-network,0.06504987895560976,0.03470747,1.65979863,4.68615976,126354204.2588727,2418010.19246475,1942420282.5203903,1942420283.0,1942420283.027067,2026-09-23,126170491.05,1.9121
174,Sonic,S,sonic,0.04278570490972733,1.49029206,6.21856581,66.97868108,123222830.14001471,59302222.01561166,2880000000.0,3222625000.0,,2026-09-23,137617167.43,47.882
175,Four,FORM,binaryx-new,0.3221033206022862,1.08448943,4.10999776,36.43898011,123000710.91134775,41991323.37982187,381867255.144574,572301922.0959299,580000000.0,2026-09-23,186017650.85,33.88
176,Humanity,H,humanity-protocol,0.06268516571321824,-0.44013648,-6.24930646,-27.66891262,121958540.24497686,5409975.00831854,1945572590.5381122,10000000000.0,10000000000.0,2026-09-23,623997067.21,4.445
177,SOON,SOON,soon,0.2005382482043109,0.71481004,3.6012682,14.28896961,120663667.36892144,5827286.24166628,601699019.76,998466231.2532852,,2026-09-23,200227365.92,4.8308
178,Fluid,FLUID,instadapp,1.4381816741341733,0.62705056,2.07522493,30.11884431,120371487.00708833,1430895.76479874,83696996.82034639,100000000.0,,2026-09-23,143841898.3,1.1862
179,dYdX,DYDX,dydx-chain,0.14070109256609045,1.26693477,2.30404978,33.55268448,119046380.66605426,5273873.39846795,846094216.4335754,958342962.317931,1000000000.0,2026-09-23,141292219.86,4.4611
180,GEODNET,GEOD,geodnet,0.25367457128086524,-0.38866905,1.22569991,18.63411911,118719099.2966717,2554382.61160769,467997634.51744413,961448067.618101,1000000000.0,2026-09-23,253357765.6,2.1109
181,Genius Terminal,GENIUS,genius-terminal,0.35369450113793705,-0.39436935,2.57328902,16.39384383,118621021.57611348,21289829.02285035,335377059.0,953973324.288,1000000000.0,2026-09-23,353625934.91,17.9684
182,Aethir,ATH,aethir,0.005788031182185191,2.0296731,5.28400031,38.83335125,116505917.1231492,12316610.1875947,20128764593.0,42000000000.0,42000000000.0,2026-09-23,242904433.51,10.5584
183,Dog (Bitcoin),DOG,dog-go-to-the-moon-rune,0.0011563250378819965,-0.28548583,-0.68458377,18.23595796,115632503.78819965,1306212.15824426,100000000000.0,100000000000.0,100000000000.0,2026-09-23,115790480.62,1.1316
184,DeepBook Protocol,DEEP,deepbook-protocol,0.01985391324799184,0.84121988,0.22784046,36.90299452,114064389.39431748,5162092.52568177,5745184234.94445,10000000000.0,10000000000.0,2026-09-23,197422969.53,4.5688
185,SuperVerse,SUPER,superverse,0.17679499697968962,1.65069863,16.26486383,56.1037675,113177549.60388906,12749940.28447889,640162626.4169173,999998077.4169173,999998077.417,2026-09-23,175771571.3,11.7005
186,Official Melania Meme,MELANIA,melania-meme,0.11316356330088621,0.53145586,3.55262985,16.13078609,113163079.99754049,7881265.5371899,999995729.161122,999995729.161126,,2026-09-23,113169608.64,6.9606
187,Reserve Rights,RSR,reserve-rights,0.0017629965980223681,0.87128231,6.11593086,29.69510967,110281033.11793394,7564274.45503003,62553174091.0,100000000000.0,100000000000.0,2026-09-23,176908385.39,6.8743
188,Grass,GRASS,grass,0.4510122069253653,-0.13353305,5.96214674,45.94320577,110004173.37224205,35884559.29713997,243905091.0,1000000000.0,,2026-09-23,451209723.02,32.6058
189,Plume,PLUME,plume,0.016637924955281973,2.61313183,12.16818982,34.20997061,109912497.61846983,22657896.86108143,6606142167.0,10000000000.0,10000000000.0,2026-09-23,166210508.95,20.6741
190,Cheems (cheems.pet),CHEEMS,cheems-pet,5.853628859614034e-07,0.96443727,5.01516219,17.30770781,109752634.65956067,1157795.58196564,187495034775398.0,203672952644644.2,203672960023058.0,2026-09-23,119189272.44,1.0632
191,Qtum,QTUM,qtum,1.0241469602384392,0.96797646,4.12182574,18.41993878,108675307.92800194,8315674.65632515,106113001.5,107822406.0,107822406.0,2026-09-23,110480407.5,7.6542
192,Gala,GALA,gala,0.002163114073241393,1.07359824,3.1775369,32.03200941,108509953.34554353,42242624.67525727,50163768378.12489,50163768378.12489,50170378256.701866,2026-09-23,108340984.09,38.9385
193,Seeker,SKR,solana-mobile-seeker,0.021076976255883596,0.87222538,0.06110532,15.36252429,106052815.67544,25799821.9836671,5031690238.102136,10608743691.09625,,2026-09-23,223096466.56,24.3737
194,0x Protocol,ZRX,0x,0.12419729815324955,1.05711701,2.76919903,13.21101729,105368560.87435354,5142807.43602714,848396562.8973439,1000000000.0,1000000000.0,2026-09-23,124345557.88,4.8787
195,ORDI,ORDI,ordi,4.949754084656335,1.1985231,1.38244011,27.18795847,103944835.77778304,20501155.24533998,21000000.0,21000000.0,21000000.0,2026-09-23,103830180.81,19.7496
196,Helium,HNT,helium,0.5554451198725645,7.53737292,16.36828069,35.88536655,103491333.62912191,11707051.93870012,186321438.2959488,186321438.2959488,223000000.0,2026-09-23,124582657.86,12.5094
197,Beam,BEAM,onbeam,0.001964658432677196,1.58964458,1.75267022,27.24791571,100787340.4432121,4197233.4478292,51300184687.0,58470184687.0,58470184687.0,2026-09-23,114925490.49,4.1586
198,WEMIX,WEMIX,wemix,0.20051443475988073,-0.1143583,1.35299478,7.18982471,100138286.41026817,431646.24347798,499406870.78307045,560203782.9927065,590000000.0,2026-09-23,118316646.92,0.4304
199,Gas,GAS,gas,1.4660931347609492,0.87047754,4.6005284,18.58397592,95284810.29121122,2675424.87946194,64992331.0,64992331.0,,2026-09-23,95281716.27,2.8158
200,peaq,PEAQ,peaq,0.037401791532251046,3.21692149,5.17522624,58.30689384,94802024.41915204,4626112.70061658,2534692070.4962907,4446785188.532599,5667620228.64,2026-09-23,212188626.47,4.8915
201,Rain,RAIN,rain,0.013125580182371827,0.0944648,-5.21500197,-6.33370185,9308823150.481731,32834325.37359202,709212318323.5625,1142408527031.5757,1142408527031.5757,2026-09-23,14994306511.56,0.352
202,Decimal,DEL,decimal,0.4770919925788013,0.0245415,-2.50436755,-2.26892118,5305741908.125764,266344.92820653,11121003895.804047,11121003895.804047,92075616000.0,2026-09-23,43930086529.55,0.005
203,Bitway,BTW,bitway-btw,0.9076704172048871,-0.28368671,8.72026722,32.4180765,2550345776.195203,12996281.40402069,2809770736.0,10000000000.0,10000000000.0,2026-09-23,9065016946.24,0.5082
204,Ondo US Dollar Yield,USDY,ondo-us-dollar-yield,1.1465947973040942,0.01416128,-0.01692496,0.02773036,2261492400.694514,2992829.52023066,1972355365.6547177,1972355365.6547177,,2026-09-23,2261015115.43,0.1313
205,HTX,HTX,htx,1.7383138860760702e-06,0.15249926,0.0665747,4.99234691,1561410425.1125107,6618918.71735414,898232728634017.2,999990000000000.0,999990000000000.0,2026-09-23,1738174692.71,0.4231
206,USDGO,USDGO,usdgo,1.0000690618886907,-0.0012117,9.269e-05,0.01010079,1403881754.0000155,42663648.73028422,1403784805.97,1403784805.97,,2026-09-23,1403860509.12,3.0425
207,Falcon USD,USDf,falcon-finance,0.9964053021379466,-0.00164785,0.08000579,0.01935808,1208196364.6338844,486091.32238456,1212555133.98163,1212555133.98163,,2026-09-23,1208100491.67,0.0401
208,c8ntinuum,CTM,c8ntinuum,0.25307390923684725,0.39447854,-0.06611036,7.26819047,1128296596.3059602,18038371.89468548,4458367912.0,8888883774.0,8888888888.0,2026-09-23,2249266597.64,1.599
209,AKEDO,AKE,akedo,0.04741826262069954,0.14170134,-18.43729293,71.60773092,1080958569.2671218,47177734.08829086,22796250000.0,100000000000.0,100000000000.0,2026-09-23,4729484649.99,4.3434
210,Jupiter Perps LP,JLP,jupiter-perps-lp,4.879065401589064,0.25340127,1.2771087,13.22985089,945824457.2346084,7255939.31449258,193853613.219975,193853613.219975,,2026-09-23,946946350.17,0.7672
211,GHO,GHO,gho,0.9990396888371278,-0.00157219,-0.00557916,0.01197944,698328742.4971523,605383.59438987,699000000.0,699000000.0,,2026-09-23,698333066.24,0.1018
212,Beldex,BDX,beldex,0.075849767970411,0.03199685,0.57291942,0.48058013,596998874.9497976,3843523.66939678,7870806871.587095,9939718245.382559,,2026-09-23,754011234.57,0.6478
213,Usual USD,USD0,usual-usd,0.99910244749695,-0.00065765,0.00427389,0.00625958,549383668.5006747,158373.0127672,549877212.1688269,549877212.1688269,,2026-09-23,549383668.5,0.0288
214,USDai,USDAI,usdai,1.0000462109462305,0.01064321,-0.01362678,0.0260468,501374293.9099262,88477.01221345,501351126.0,501351126.0,,2026-09-23,501374293.91,0.0176
215,Unibase,UB,unibase,0.14984828547293244,-0.04067491,1.80161752,19.00035915,374620713.6823311,4858638.94975037,2500000000.0,10000000000.0,10000000000.0,2026-09-23,1497767214.15,1.2919
216,Derive,DRV,derive,0.4727661719854608,0.42265134,10.5765305,238.54251149,348679084.95756036,57881385.66312461,737529683.0,1500000000.0,1500000000.0,2026-09-23,707043830.98,16.5964
217,Bedrock,BR,bedrock-dao,1.1420092337854058,0.15555266,2.08702337,424.77662787,344506118.0972579,23333589.6941455,301666666.0,1000000000.0,1000000000.0,2026-09-23,1140846649.55,6.8105
218,Ribbita by Virtuals,TIBBIR,ribbita-by-virtuals,0.26606337572435507,0.31740474,0.99677896,28.97297251,266063375.72435507,1917769.65988752,1000000000.0,1000000000.0,1000000000.0,2026-09-23,266834748.1,0.7267
219,Artificial Inu,AI,artificial-inu-ai,0.2669112387297908,0.23474545,14.87537867,-1.87467935,266867862.68170747,24438317.81143607,999837488.866,999837488.866,1000000000.0,2026-09-23,267307911.58,9.1285
220,Ape and Pepe,APEPE,ape-and-pepe,1.2575972338191254e-06,0.28131296,1.88409646,2.62660642,264095419.10201633,17516995.92269081,210000000000000.0,210000000000000.0,210000000000000.0,2026-09-23,264204536.43,6.6481
221,STONK (stonkfun.xyz),STONK,stonk-fun,0.3143724076899013,0.17154474,-13.95990412,106.74342342,259305448.64155775,58072106.80749533,824835266.3867947,824835266.3867947,1000000000.0,2026-09-23,314336122.1,22.1535
222,48 Club Token,KOGE,bnb48-club-token,69.48920544970416,0.02485528,0.41756721,1.80668397,235445301.48279858,101955.12953357,3388228.43,3388228.433995,3388228.433995,2026-09-23,235445064.08,0.0433
223,AUSD,AUSD,agora-finance,1.0000472308913984,-0.0009561,0.02718924,0.00582703,230699616.9410429,364182.90971896,230688721.3071,230688721.3071,,2026-09-23,230626711.59,4.5299
224,Solstice USX,USX,solstice-usx,1.00085753329504,0.01749929,0.08116401,-0.07354479,218341460.649454,2279715.26751808,218154386.0,359692577.0,,2026-09-23,359910717.15,1.0724
225,Legacy Frax Dollar,FRAX,frax,0.9921903410788464,0.16770814,0.00084474,0.09156894,217597507.65442103,253521.42877771,219310245.87260038,219310245.87260038,,2026-09-23,217679980.29,0.121
226,Backpack,BP,backpack-exchange,0.8593729480033387,-0.21704035,-1.5155288,85.31563936,214842706.30460632,11219605.08562577,249999382.4610961,999999382.4610962,1000000000.0,2026-09-23,855802431.61,5.2316
227,EUR CoinVertible,EURCV,eur-coinvertible,1.1432730685150565,-0.00267016,-0.32640225,-0.93723612,191818893.1510785,28514615.22537091,167780470.33,167780470.33,,2026-09-23,191787211.53,14.868
228,SwissBorg,BORG,swissborg,0.18948499013079076,0.67653386,4.91504298,16.83612861,186122094.55155247,518962.25426703,982252443.442,982252443.442,982602443.0,2026-09-23,186201032.7,0.2787
229,USAT,USAT,tether-usat,0.9991687701410041,0.0054011,0.01429576,0.05241578,183165206.44925338,907461.55629958,183317585.5,183317585.5,,2026-09-23,183161062.05,0.496
230,Non-Playable Coin,NPC,non-playable-coin,0.023780057308695927,0.926668,0.66917987,23.66415566,181281058.68292215,4265638.68696431,7623238932.087478,8050126520.0,8050126520.0,2026-09-23,191091574.36,2.3476
231,WeFi,WFI,wfi,2.0005612454475097,-1.13106026,-1.67265422,0.55948304,172828682.49583933,642224.61118746,86390098.2232508,1000000000.0,1000000000.0,2026-09-23,2000561245.45,0.3715
232,DGrid AI,DGAI,dgrid-ai,1.0514020927426815,-0.28222193,-0.76511474,38.01681031,157710313.91140223,1132825649.6487405,150000000.0,1000000000.0,1000000000.0,2026-09-23,1051011062.17,718.1087
233,Shuffle,SHFL,shuffle,0.3249858262507778,-0.49564484,0.31266839,3.67327807,156650567.95009267,479301.14211001,482022769.2921354,956134768.8996149,,2026-09-23,310730247.88,0.3054
234,Strategy PP Variable tokenized stock (xStock),STRCX,strategy-pp-variable-tokenized-stock-xstock,104.978135370539,-0.12034903,5.96842714,0.59381694,152510780.90527642,530520.50512568,1452786.14796274,2831365.23824526,,2026-09-23,297608184.29,0.3475
235,GUSD,GUSD,gusd,0.9986928382792861,-0.02982576,0.01757356,0.0719572,149244657.75245652,344666.99348855,149440000.0,320000000.0,,2026-09-23,319607728.69,0.2309
236,龙虾 (Lobster),龙虾,lobster-2,0.14727441855511444,4.32901567,-32.3366616,-28.36346045,147274418.55511445,53647494.29013898,1000000000.0,1000000000.0,1000000000.0,2026-09-23,147018852.66,36.4859
237,Joseon Mun,JSM,joseon-mun,0.0004596623971324356,0.04282941,-0.16808085,0.14783662,145469358.8205019,476037.004757,316470000000.0,2400000000000.0,2400000000000.0,2026-09-23,1103299064.18,0.3261
238,Ailey,ALE,project-ailey,0.27013153816868124,0.03281574,0.16071426,1.52975921,140909239.51069784,66550.63424545,521631944.4444444,1000000000.0,1000000000.0,2026-09-23,270024733.33,0.0474
239,Rollbit Coin,RLB,rollbit-coin,0.08054913555246766,-0.18252978,0.54780329,0.83880143,126340554.79495385,124097.5309679,1568490511.1447015,1568490511.1447015,,2026-09-23,126309934.61,0.0976
240,Zano,ZANO,zano,7.838559640548547,-0.4942618,-2.38028844,32.9665097,121257215.79431635,1494991.84733246,15469323.62,15469323.62,,2026-09-23,121292443.2,1.2297
241,Circle Internet Group Tokenized bStocks,CRCLB,circle-internet-group-tokenized-bstocks,94.88026042660012,0.55871172,3.47344399,11.78459918,117950551.88675708,85340427.95182295,1243151.64562606,1243151.64562606,,2026-09-23,118006029.58,72.3096
242,牛来 (Niu Lai),牛来,niu-lai,0.11752541760107042,2.37940242,13.77785941,3.52147881,117525417.60107042,44358102.31725559,1000000000.0,1000000000.0,1000000000.0,2026-09-23,117764278.19,37.6357
243,Quack AI,Q,quack-ai,0.026092396152227377,0.15761142,1.52810855,11.34424813,116925261.43896627,1804379.92070546,4481200605.601911,9999978302.60191,10000000000.0,2026-09-23,260949274.15,1.5418
244,ViciCoin,VCNT,vicicoin,19.145800468141218,-0.11824112,0.27717439,6.25368845,116580919.09972544,395222.26396382,6089111.77642936,3046308.25603069,10000000.0,2026-09-23,191031868.2,0.3415
245,Circle Internet Group Tokenized Stock (Ondo),CRCLon,circle-internet-group-tokenized-stock-ondo,94.72064988127427,0.54218561,3.40720561,11.38762111,111948932.23345391,9421131.41511294,1181885.17893167,1181885.17893167,,2026-09-23,112019606.22,8.4118
246,PumpMeme,PM,pumpmeme,3.464937153346928,0.15630302,10.17268913,59.1829932,110905760.37838577,107996.02250102,32008015.0,100000000.0,100000000.0,2026-09-23,346693315.64,0.0973
247,Frax USD,FRXUSD,frax-usd,1.0000307198462635,-0.00262793,0.01156686,0.01983633,105141421.15551662,3896593.35072508,105138191.32644266,105138191.32644266,,2026-09-23,105116311.53,3.7101
248,lium,SN51,celium,27.473649620393353,1.40910516,5.36115089,40.5180625,104937747.6697628,4827868.82852349,3819578.0,3819578.0,21000000.0,2026-09-23,575945468.31,4.5989
249,SoSoValue,SOSO,sosovalue,0.3008400094137167,-0.64118058,0.22674803,4.1565155,102887748.91982569,3690748.72150125,342001548.0,1000000000.0,1000000000.0,2026-09-23,302087819.57,3.5693
250,MicroStrategy tokenized stock (xStock),MSTRX,microstrategy-tokenized-stock-xstock,169.55225097592975,0.18929018,3.14321535,31.52532497,102657451.07612921,12922044.24526344,605462.03595199,1519733.4332931,,2026-09-23,258561272.89,12.6074
251,Bulla,BULLA,bulla-mascot,0.09935117888907125,0.24318211,-5.93850566,41.66421163,99351178.88907126,1678525.88193962,1000000000.0,1000000000.0,1000000000.0,2026-09-23,99227583.76,1.6899
252,Kinetiq,KNTQ,kinetiq,0.3457698173780153,-0.45833008,13.06297284,77.50061964,96980201.16115104,1670753.5317395,280476190.48,1000000000.0,1000000000.0,2026-09-23,348186631.92,1.7184
253,UnifAI Network,UAI,unifai-network,0.3937323085079257,1.18655586,5.79355719,7.53426718,94102021.73339424,15873544.55696025,239000000.0,1000000000.0,1000000000.0,2026-09-23,394004643.65,16.8442
254,USD.AI,CHIP,usd-ai,0.046951486463937216,0.5405551,-0.68978053,23.91884042,93902972.92787443,22948037.43374644,2000000000.0,10000000000.0,10000000000.0,2026-09-23,470504135.89,24.2956
255,Orca,ORCA,orca,1.5384771735446954,0.9485914,1.64781281,17.1441611,93537512.97701982,14587097.20539382,60798765.549122,74999533.886261,,2026-09-23,115396227.81,15.6039
256,Rootstock Infrastructure Framework,RIF,rsk-infrastructure-framework,0.09266950464534623,0.54808311,4.78480058,10.31310319,92669504.64534622,7839874.9827139,1000000000.0,1000000000.0,1000000000.0,2026-09-23,92617765.31,8.4515
257,Tagger,TAG,tagger,0.0008371343535339891,1.36427622,0.97371445,20.67077986,90749191.79860657,2901586.89586994,108404572594.0,405380800000.0,,2026-09-23,339205950.87,3.1983
258,Prom,PROM,prom,4.9269774265901995,0.46001305,1.5855198,-10.70536606,89917338.03527114,17647797.32219524,18250000.0,19250000.0,19250000.0,2026-09-23,95025337.93,19.5866
259,Walrus,WAL,walrus-xyz,0.0350644314734136,-0.00978226,-0.98971487,29.10848429,89896436.18996412,6909855.35126747,2563750000.0,5000000000.0,5000000000.0,2026-09-23,175321896.0,7.5929
260,Kusama,KSM,kusama,4.734938660301814,1.24947612,2.16396233,28.02661127,89364791.91433354,3776623.08644537,18873484.60574086,18873484.60574086,,2026-09-23,89425089.67,4.1926
261,Safe,SAFE,safe1,0.11519366033908328,2.42956977,6.04675205,26.22594423,89310485.3138371,2528428.53390911,775307296.0,1000000000.0,1000000000.0,2026-09-23,114856654.78,2.7321
262,YZY MONEY,YZY,yzy,0.2935768542050043,-0.0015872,-0.04825558,1.86384887,88946611.22229439,1583.59949423,302975558.012428,999999391.345807,1000000000.0,2026-09-23,293575896.51,0.0018
263,CoW Protocol,COW,cow-protocol,0.1538734384225774,0.04906553,-2.38788043,17.7215734,88521791.66908222,4259141.71277918,575289618.3809049,1000000000.0,1000000000.0,2026-09-23,153889370.2,4.8092
264,GMX,GMX,gmx,8.453352078408795,0.17287444,5.06295591,19.73253016,88413146.99480647,4350116.37547366,10458945.30060184,10458945.30060184,13250000.0,2026-09-23,111982674.42,4.9243
265,KAITO,KAITO,kaito,0.3661857198527973,1.61297404,4.78741594,29.45052362,88393164.08293198,25571876.05495892,241388889.0,1000000000.0,1000000000.0,2026-09-23,365899107.5,28.8913
266,o1.exchange,O,o1-exchange,0.5507611254749801,-0.5419229,-1.08812899,3.67411298,88121780.07599682,3456683.74068244,160000000.0,1000000000.0,1000000000.0,2026-09-23,549253290.23,3.943
267,Livepeer,LPT,livepeer,1.7656077943420778,0.60846143,3.79716714,33.96745043,87731205.44721378,10716267.70750099,49688954.55058027,49688954.55058027,,2026-09-23,87625969.28,12.2121
268,FTX Token,FTT,ftx-token,0.2647283020548727,0.22607253,1.09019498,34.52441576,87067842.38663137,4021283.23489036,328895103.813207,328895103.813207,352170015.0,2026-09-23,93239036.94,4.6062
269,AIVIVE,AVV,aivive,0.008684208398111482,0.15681747,-1.15202697,-2.9152434,86842083.97434857,117568.01721962,9999999999.220856,10000000000.0,10000000000.0,2026-09-23,86836011.92,0.1358
270,Catecoin (cate.meme),CATE,catecoin-cate-meme,0.09048527567237703,3.80041994,-5.63562563,50.78551051,87242776.76324464,7425313.41467777,964165452.5,964170613.0,964165452.5,2026-09-23,88931514.76,8.4005
271,DigiByte,DGB,digibyte,0.004695918759249218,0.49094069,4.47497698,32.87772261,86800534.44882068,2610718.63820738,18484249600.327057,18484249600.327057,21000000000.0,2026-09-23,98747569.11,3.0039
272,Purr,PURR,purr,0.14560234570733518,1.52088807,16.66540688,43.58829396,86683301.19106032,4191097.94283706,595342752.0,595342752.0,1000000000.0,2026-09-23,145711482.43,4.8303
273,Synthetix,SNX,synthetix,0.2503850350093566,1.39113753,5.55757115,26.32873183,86261709.42587982,14150777.48872254,344516234.45728827,581404223.5556632,339889850.089,2026-09-23,85377947.27,16.4512
274,Yearn,YFI,yearn-finance,2389.702147321083,1.41311822,3.35290758,18.21111602,86210768.04764631,4611437.56661027,36075.94701469,36646.35595035,,2026-09-23,87621715.41,5.3661
275,Huma Finance,HUMA,huma-finance,0.024181508803839263,0.62559195,-1.47058429,6.99871199,85703738.16833211,8064108.9960034,3544184892.0,9999995376.45759,10000000000.0,2026-09-23,242196547.72,9.3946
276,Velo,VELO,velo,0.004871963490520304,1.15281619,-2.67111427,24.03022153,85570563.1843016,4254888.62551778,17563876115.0,23999804349.0,24000000000.0,2026-09-23,117451534.66,4.9667
277,ZetaChain,ZETA,zetachain,0.0528683731447553,0.59742046,-14.84784234,56.99254166,84963881.32376105,40004808.23540415,1607083333.0,2100000000.0,2100000000.0,2026-09-23,111312767.61,45.3948
278,Anonymous Cat,ZCAT,anonymous-cat,0.08766402467358936,-0.69979188,-2.02619481,3.72551788,84874176.10511798,6432392.2307494,968175673.2153333,968175673.2153333,1000000000.0,2026-09-23,85603647.15,7.7722
279,lisUSD,lisUSD,lisusd,0.9969912284807663,1.91941035,0.08189535,-0.08917536,83901231.03766564,1386.53843251,84154432.49738103,84154432.49738103,,2026-09-23,83901231.04,0.0017
280,RedStone,RED,redstone,0.16058011902405342,1.32321289,3.29619483,22.73879444,83756999.2157071,3990705.67459294,521590093.0,1000000000.0,1000000000.0,2026-09-23,160557444.18,4.7283
281,Data Network,DATA,data-network,0.23041929315003187,0.0374982,3.81730043,25.12641762,82739317.16463712,56158096.70669914,359081551.0,1032608638.0,,2026-09-23,237507445.57,67.7773
282,Circle tokenized stock (xStock),CRCLX,circle-tokenized-stock-xstock,94.90514176264315,0.57680933,3.55371931,11.75632598,82692240.1622086,38884926.06163227,871314.647725,3234843.98792514,,2026-09-23,307392333.4,46.9948
283,Theta Fuel,TFUEL,theta-fuel,0.011043586339289865,1.52951652,2.46137079,19.35523805,82554108.3724051,1055377.44992395,7475298860.0,7475298860.0,,2026-09-23,82566327.73,1.2763
284,Banana For Scale,BANANAS31,banana-for-scale,0.008228493740143783,0.38290766,4.74340373,11.9192867,82284937.40143783,7149806.78787803,10000000000.0,10000000000.0,10000000000.0,2026-09-23,82584877.93,8.6738
285,Diem,DIEM,venice-ai,2135.3612702322816,-0.61242837,4.77640603,23.06050557,82032737.76363184,991703.16794265,38416.32744173,36725.02854036,,2026-09-23,78647229.08,1.2167
286,Centrifuge,CFG,centrifuge,0.14093759645473694,1.62117221,1.64567067,34.55057256,81342100.10976587,13534100.71079734,577149761.0,697164473.0,,2026-09-23,98316044.23,16.6527
287,U.S. Dollar Tokenized Currency (Ondo),USDon,us-dollar-tokenized-currency-ondo,0.999908974962554,-0.00070074,-0.00056949,0.06211206,81186737.11460765,16263442.2303054,81194127.81313224,81194127.81313224,,2026-09-23,81186737.11,20.0321
288,FUNToken,FUN,funtoken,0.007511724838763865,0.66453204,6.80488529,8.22802091,81173213.41007972,670949.65618825,10806201658.398026,10806201658.398026,,2026-09-23,81172901.66,0.8261
289,Wormhole,W,wormhole,0.012402981490686365,1.86563606,4.32451027,37.10610444,80881663.03364265,36262530.2225351,6521146798.0,10000000000.0,10000000000.0,2026-09-23,123951988.01,44.8925
290,Nockchain,NOCK,nockchain,0.034521546742540585,-2.28982333,-14.05878947,19.66148048,80370279.09907468,2917535.53571379,2328119296.0,4294967296.0,4294967296.0,2026-09-23,147164500.02,3.6539
291,Berachain,BERA,berachain,0.23910789254034812,2.01494051,3.47220051,33.1559153,80099558.04571722,19457686.89127719,334993367.19803536,560786422.753591,,2026-09-23,133499855.29,24.3228
292,Solstice eUSX,EUSX,solstice-eusx,1.0540999563211184,-0.0074408,0.01354239,0.09082196,79859180.8507644,11074542.08702262,75760539.0,140284603.0,,2026-09-23,147856111.81,13.8966
293,AI Rig Complex,ARC,ai-rig-complex,0.0789953420969301,1.80945225,1.17254505,3.11566397,78993968.05788387,4047018.80389361,999982606.075121,999982606.075121,999998319.0,2026-09-23,78898936.17,5.1154
294,ONEchain,ONE,cross,0.15256452336989487,-0.40660471,0.39441514,28.64926829,78960730.1564214,3662474.50599829,517556299.54009676,985219446.3520968,985222890.0,2026-09-23,150215261.03,4.637
295,Holo,HOT,holo,0.00044405374838179905,0.39431041,5.63524993,22.58880513,78739371.58859813,20291243.90835096,177319461609.17828,177619433541.14133,,2026-09-23,78839935.16,25.7858
296,Zilliqa,ZIL,zilliqa,0.003904395340119054,0.621444,6.20179745,39.15145006,78664700.44525954,7329037.87947797,20147729313.410378,20589684739.120377,21000000000.0,2026-09-23,82024796.24,9.305
297,Law Blocks (AI),LBT,law-blocks,0.3202284197219883,0.05974144,0.02137885,0.20454702,78455318.53230666,704136.85508904,244997988.0,1000000000.0,,2026-09-23,319994078.95,0.8972
298,SushiSwap,SUSHI,sushiswap,0.2725276369957449,0.91035525,6.90698082,32.04916998,78170474.59069362,20297433.15009981,286835036.0808146,291514753.90092283,,2026-09-23,79326092.38,26.1458
299,Turbo,TURBO,turbo,0.0011301064343960654,0.92530762,6.64444786,30.6647338,77977343.96202745,16700294.60100162,68999999990.0,68999999990.0,69000000000.0,2026-09-23,78058825.26,21.3956
300,Pharos,PROS,pharos,0.5726587471630777,-0.95621388,-0.29969762,16.41993061,77652526.11531334,2692975.62304693,135600000.0,1000000000.0,,2026-09-23,571823944.7,3.46
301,BOOK OF MEME,BOME,book-of-meme,0.0011249398040487338,1.14389714,4.20560584,31.51263807,77471025.29841125,23190704.70166261,68866818490.72087,68866818490.72087,,2026-09-23,77823388.91,29.8303
302,NEXPACE,NXPC,maplestory-universe,0.25056876725683197,1.11116982,1.59246099,19.20379107,77075889.56394185,9558344.02893891,307603738.5175758,988350564.5175759,1000000000.0,2026-09-23,250606644.53,12.3215
303,Mubarak,MUBARAK,mubarak,0.07692199828218522,1.96549464,62.83091527,162.71644679,76921998.28218523,358273330.6418171,1000000000.0,1000000000.0,1000000000.0,2026-09-23,77831719.7,460.4798
304,VeThor Token,VTHO,vethor-token,0.0007474146763049302,-0.07204942,11.13564932,5.42060629,77144031.85410164,13908049.11320815,103214499661.0,103214499661.0,,2026-09-23,76527577.23,18.3024
305,Baby Doge Coin,BabyDoge,baby-doge-coin,4.2701252976165236e-10,0.9025725,2.92925614,18.53231025,76514677.1659856,4556928.97387126,1.7918602343751872e+17,2.026150676904291e+17,,2026-09-23,86617041.46,5.9375
306,XPR Network,XPR,proton,0.0025667349247533366,-0.05821134,0.05070286,1.49065396,76525540.1812678,1720903.27703524,29814352640.493996,32581235651.174397,,2026-09-23,83668910.12,2.2431
307,Kava,KAVA,kava,0.0702166931940316,0.2715949,0.13076135,6.60212088,76033929.60665861,9257516.09532555,1082846915.0,1082846915.0,,2026-09-23,75898010.38,12.1791
308,SuperTrust,SUT,supertrust,0.40255109462312705,-0.90465126,2.09879606,4.6633304,75842128.54768227,62515.47917501,188403732.0,188403732.0,238403732.0,2026-09-23,97145262.96,0.0837
309,Targon,SN4,targon,17.15934074806371,1.44766382,0.69104111,37.89038913,75752517.95212096,532613.64667308,4414652.0,4414652.0,21000000.0,2026-09-23,359326731.51,0.7069
310,Re,RE,re-protocol,0.4735238019176142,1.16394336,1.10625222,13.14645729,75574398.78605123,16368157.67140716,159600000.0,1000000000.0,1000000000.0,2026-09-23,473931066.6,21.6939
311,Bio Protocol,BIO,bio,0.030226249551604908,1.12471482,4.66477275,21.65019479,75091392.59757794,14668742.63467063,2484310614.5,3310224601.485554,3320000000.0,2026-09-23,100408441.05,19.4852
312,USDsui,USDsui,usdsui,1.002445183705095,-0.0158606,0.01428241,0.15046522,74797911.71476476,4377681.02057463,74615463.2,74615463.2,,2026-09-23,74712080.21,5.8611
313,Numeraire,NMR,numeraire,9.948286138236742,1.83346767,5.20907446,15.22106801,74498117.64704958,8062822.30505289,7488537.88600956,10599960.00790286,11000000.0,2026-09-23,109483002.34,10.7998
314,Collector Crypt,CARDS,collector-crypt,0.1793420580294964,1.32828348,-1.80782461,43.93210855,74442763.90390572,6247573.75834909,415088154.568083,1977217112.458179,2000000000.0,2026-09-23,357439882.87,8.371
315,Cap,CAP,cap-app,0.04719119789118833,0.76980198,2.28556035,-15.00941727,73618268.71025379,11582884.37480364,1560000000.0,10000000000.0,10000000000.0,2026-09-23,471252989.21,15.7528
316,The Black Bull,ANSEM,the-black-bull,0.1768557754128348,1.64130932,3.93727858,49.67981237,73382960.66918883,9489169.04289145,414931095.678899,997362256.849582,1000000000.0,2026-09-23,176308692.39,12.9723
317,"SpaceX 
Pre-IPO stock (Republic)",preSPCX,spacex-pre-ipo-stock-republic,153.4609972208794,-0.03638729,0.71411923,7.16894016,72855608.43061249,24842.15064443,474750.0,474750.0,,2026-09-23,72842143.52,0.0341
318,GoPlus Security,GPS,goplus-security,0.012647113993412661,1.07695932,12.04221111,17.05728653,72846494.41759908,8782386.8358578,5759930246.184362,9822841357.12709,10000000000.0,2026-09-23,126931448.01,12.0463
319,Tesla tokenized stock (xStock),TSLAX,tesla-tokenized-stock-xstock,378.74583787339844,0.03870588,0.64496169,6.09911688,72441889.46028359,15060460.64977678,191267.8166103,548254.13753631,,2026-09-23,207739673.22,20.7833
320,Lisk,LSK,lisk,0.3171149104681399,-0.61329867,-8.81470126,-20.79492229,72142033.09044611,45259626.25183064,227494926.0,400000000.0,400000000.0,2026-09-23,127399270.49,62.3222
321,SpaceX Tokenized bStocks,SPCXB,spacex-tokenized-bstocks,154.08408848221003,0.01894189,0.76610853,7.10249123,71393650.65708487,41100299.48258971,463342.13584505,463342.13584505,,2026-09-23,71391388.71,57.6403
322,iShares Core S&P 500 Tokenized ETF (Ondo),IVVon,ishares-core-sp-500-tokenized-etf-ondo,784.1480026008285,0.0477622,-0.11632859,2.09365893,70804447.76203395,1664.5953612,90294.74987782,90294.74987782,,2026-09-23,70803996.63,0.0024
323,ZIGChain,ZIG,zigcoin,0.04949387314275865,-1.4963617,-1.16687737,23.27502375,69733936.98524882,8265425.94648672,1408940795.2396517,2000000000.0,1953940796.0,2026-09-23,96857910.23,11.8475
324,Strategy Tokenized bStocks,MSTRB,strategy-tokenized-bstocks,169.48595219106022,0.11750227,3.05290306,31.52961947,69320288.40038553,31036187.21839962,409003.15043362,409003.15043362,,2026-09-23,69645224.89,44.936
325,Comedian,BAN,comedian,0.0689933600635408,0.31408923,-0.23750768,2.2049037,68990728.58779462,5453372.87148855,999961859.0,999961859.0,999961859.0,2026-09-23,69075659.99,7.9265
326,Spark,SPK,spark,0.022363954998447365,2.40354253,3.36720051,23.64168183,68969011.46320242,10242165.85925321,3083936247.76971,10000000000.0,10000000000.0,2026-09-23,223272217.4,14.9549
327,Aurora,AURORA,aurora-near,0.09254007065573243,-10.2914558,80.76500151,524.67298074,68300418.91813463,39834674.86131871,738063181.0,999739990.0,1000000000.0,2026-09-23,91828626.38,58.5005
328,Axelar,AXL,axelar,0.054794689313454895,2.15105188,4.59781544,25.39207791,68093980.16069153,9002388.633237,1242711310.41838,1255093240.603186,,2026-09-23,68927921.74,13.2194
329,Gravity,G,gravity-token,0.006063222791542232,0.14291818,-4.28340551,44.51772298,67199910.84322086,35256021.68777172,11083200000.0,12000000000.0,12000000000.0,2026-09-23,72902518.19,52.3077
330,Nervos Network,CKB,nervos-network,0.0013504516912383549,1.16738175,4.26559706,24.53996868,66942531.96398841,2410892.66979336,49570475121.996086,50417103256.479675,,2026-09-23,68351557.25,3.6163
331,SP500 tokenized ETF (xStock),SPYX,sp500-tokenized-stock-xstock,776.4920353281309,0.00833818,0.00079252,1.89943347,66468983.24599418,22913206.88689333,85601.62914988,269051.52846538,,2026-09-23,209100682.08,33.9514
332,Oasis,ROSE,oasis-network,0.0082494845698515,1.23859482,8.16203407,30.54811595,66333789.92463854,6302632.94764963,8040961755.0,9999999999.0,10000000000.0,2026-09-23,82589839.84,9.5678
333,MindWaveDAO,NILA,mindwavedao,0.07825016289776834,0.04729396,0.22045862,0.09642219,65946590.599766895,246892.34457617,842766176.55,1057021569.0,1057021569.0,2026-09-23,82756954.19,0.3749
334,Linea,LINEA,linea,0.0029200737014145367,0.79876533,2.00071921,19.67690445,65653577.45022241,13144987.25507772,22483534377.375004,69550249354.00148,72009990000.0,2026-09-23,211124165.74,20.0427
335,io.net,IO,io-net,0.16428009391455914,2.68670619,8.67613473,34.47354377,65287563.82158265,29504583.12673438,397416158.3784961,797848826.9349266,800000000.0,2026-09-23,131441387.52,45.1213
336,Stronghold SHx,SHX,stronghold-token,0.003661790703151157,0.62025188,1.31192612,9.61177627,64442668.14020633,623079.77951775,17598675993.346684,99756866344.0,99756866344.0,2026-09-23,366161349.93,0.9709
337,Astar,ASTR,astar,0.007326404179940521,1.519738,4.86313032,13.53285492,64237082.14909792,2874946.57953731,8767886752.0,8768664956.0,10000000000.0,2026-09-23,73354228.41,4.5044
338,Nexus,NEX,nexus-labs,1.0654567406060485e-06,-0.03634369,-1.54781042,6.38180038,63927404.43636291,820580.81781806,60000000000000.0,100000000000000.0,100000000000000.0,2026-09-23,106463082.35,1.285
339,Creditcoin,CTC,creditcoin,0.11522305861641549,0.18265335,2.97012054,16.48941682,63322475.40435924,1526524.73110911,549564264.0,549564264.0,600000000.0,2026-09-23,69277951.81,2.407
340,Fidelity Digital Dollar,FIDD,fidelity-digital-dollar,0.9999907313214568,0.04176622,0.02990334,0.02480016,62600479.770898394,15420527.71706207,62601060.0,62601060.0,,2026-09-23,62589648.39,24.9574
341,ECOMI,OMI,ecomi-new,0.00022015832347810772,1.52726268,4.71426092,14.87906546,62207998.39716717,1048252.40882838,282560283955.61914,305278604837.5089,,2026-09-23,67394059.17,1.6854
342,Allora,ALLO,allora,0.30868074289703784,1.00030365,18.22565007,48.94291299,61890488.95085609,19754271.38793259,200500000.0,785499999.0,1000000000.0,2026-09-23,307897497.28,32.0719
343,Alchemy Pay,ACH,alchemy-pay,0.00602638563625787,1.44497307,2.20512006,17.477385,61519358.946076125,5943397.23710956,10208334258.588377,15346246088.0,15346246088.0,2026-09-23,92711748.26,9.6327
344,Threshold,T,threshold,0.005478502640024592,-0.32715414,5.94719392,24.85281447,61112696.94947433,14582665.24053848,11155000000.0,11155000000.0,11155000000.0,2026-09-23,61211595.29,23.803
345,Babylon,BABY,babylon,0.013101771421045577,0.77972391,4.23717059,22.68893818,60467197.89325574,69029613.54778841,4615192552.98,10986580507.0,,2026-09-23,143942934.45,114.1443
346,Venus BUSD,vBUSD,venus-busd,0.02232992640271866,0.00999001,-0.06987423,0.17010206,60174026.267319575,0.0,2694770470.0,2694770470.0,,2026-09-23,60155993.9,
347,Alaya Governance Token,AGT,alaya-ai,0.018427318607234983,-0.31178486,11.49513325,15.94746748,60071442.73447966,27601470.39854591,3259912308.18,5000000000.0,5000000000.0,2026-09-23,91981745.28,45.5006
348,SPACE ID,ID,space-id,0.038852700713182996,1.05212614,2.2610654,18.22593528,60115169.0894373,6746415.65757895,1547258439.849969,1994841761.516639,2000000000.0,2026-09-23,77773195.53,10.9677
349,ChainOpera AI,COAI,chainopera-ai,0.3178201175663332,1.1147724,-2.22011481,7.5601813,59750213.248842165,3508942.95005801,188000098.0,1000000000.0,1000000000.0,2026-09-23,318382661.07,5.9231
350,Blur,BLUR,blur-token,0.02062558127938847,1.38530858,3.66283427,24.94131609,59691889.90489842,8866929.3912592,2894070673.515982,3000000000.0,,2026-09-23,61981423.95,14.7473
351,AB,AB,newton,0.0006023388029102227,0.12461171,1.14364573,-5.19913355,59525325.82343317,665370.48600699,98823661261.46,98823661261.46,98823661261.46,2026-09-23,59469705.03,1.1188
352,Celo,CELO,celo,0.09760223316516671,1.60714544,2.76566043,23.28038094,59231831.51852738,3803613.09107177,606869634.0,1000000000.0,1000000000.0,2026-09-23,97645003.1,6.3948
353,Brett (Based),BRETT,based-brett,0.005895671478630192,0.94989438,0.79122658,26.21084113,58956700.31079619,5016069.56653755,9999997544.723145,9999997544.723145,9999997544.723145,2026-09-23,59040851.96,8.5449
354,BAS,BAS,bnb-attestation-service,0.02351097893275409,-0.2036102,-2.40379739,0.90863001,58777447.331885226,1499890.87429866,2500000000.0,10000000000.0,10000000000.0,2026-09-23,235017803.62,2.5543
355,Enjin Coin,ENJ,enjin-coin,0.029328109578681084,0.16495208,4.03038862,19.28686496,58732761.359499015,7905969.34617163,2002609858.0248244,2024739845.4373505,,2026-09-23,59647282.36,13.4665
356,Peanut the Squirrel,PNUT,peanut-the-squirrel,0.05839516269235651,1.18229388,3.48883033,32.43553874,58385905.634604275,14357901.27527053,999841475.606447,999841475.606447,,2026-09-23,58506196.47,24.5149
357,Invesco QQQ Trust Tokenized bStocks,QQQB,invesco-qqq-trust-tokenized-bstocks,746.8624671534122,-0.02995874,0.43786811,5.83018599,58244787.45267139,34762922.02162094,77985.96129039027,77985.96129039027,,2026-09-23,58254192.26,59.4975
358,Popcat (SOL),POPCAT,popcat-sol,0.05924001883244064,1.38938422,4.82018298,34.61375453,58051230.471476324,13922976.17010747,979932680.9073647,979932680.9073647,979973220.96,2026-09-23,58009231.03,24.0381
359,Ontology,ONT,ontology,0.058013832117655054,0.9762097,3.12684255,19.0687476,58013832.117655054,4876540.5195348,1000000000.0,1000000000.0,1000000000.0,2026-09-23,58211192.86,8.4146
360,Tellor,TRB,tellor,20.483693549526475,0.72304439,6.24795977,24.20938973,57656292.0652877,26530072.73394592,2814741.0,2894948.0,,2026-09-23,59351364.46,46.0307
361,Jelly-My-Jelly,JELLYJELLY,jelly-my-jelly,0.05724982427630833,0.01304791,1.30494404,3.32138248,57249772.69421665,2673722.44929622,999999099.0,999999099.0,,2026-09-23,57456278.24,4.6654
362,Qubic,QUBIC,qubic,4.016528319241592e-07,0.03828528,-0.90011121,5.65292443,57238631.70472068,1098867.66342185,142507725964518.0,177337170861933.0,200000000000000.0,2026-09-23,80208645.07,1.9207
363,Toshi,TOSHI,toshithecat,0.00013588140729820089,1.38809306,5.65103341,27.80491392,57160045.78442649,8716452.12070654,420661273098.1283,420689980957.16724,420690000000.0,2026-09-23,57430564.08,15.2072
364,Polymesh,POLYX,polymesh,0.04366369421028675,0.94150463,1.79465692,10.97444747,57154822.86649696,1469334.16220338,1308978177.412937,1321394562.995993,,2026-09-23,57823941.68,2.5675
365,TROLL (SOL),TROLL,troll-sol,0.05686148613043586,0.55116282,4.95786557,29.9729743,56790300.388358496,4881569.89170362,998748085.093765,998748085.093765,1000000000.0,2026-09-23,56807434.58,8.6294
366,Altlayer,ALT,altlayer,0.007948955066914624,1.26158599,4.51229842,26.37116225,56646700.795398325,5830867.7285404,7126307837.765356,10000000000.0,10000000000.0,2026-09-23,79683803.24,10.3191
367,Siacoin,SC,siacoin,0.0010130699441825634,0.27917566,7.69425149,13.81393933,56757888.4642113,8066517.82618334,56025636522.075195,62217525676.30304,,2026-09-23,62877598.23,14.2892
368,TronBank,TBK,tronbank,0.3013325475544132,0.20296993,-0.0758125,-0.04635098,55846982.67943002,299032.47617327,185333390.410956,1000000000.0,1000000000.0,2026-09-23,301302584.7,0.5367
369,Venus,XVS,venus,3.392674621118902,0.85102273,2.73273669,16.15293423,55674407.45766481,1186796.14916711,16410181.84033912,30000000.0,,2026-09-23,102190754.78,2.1896
370,RaveDAO,RAVE,ravedao,0.20563162101428964,0.96518936,2.92241305,20.08403523,55566804.582954794,3200154.97297849,270224999.0,1000000000.0,1000000000.0,2026-09-23,206410089.59,5.7326
371,StandX DUSD,DUSD,standx-dusd,0.9989196439498815,-0.00904937,0.03463933,0.02961978,55100117.80919835,778390.6371194,55159709.93555,55159709.93555,,2026-09-23,55100117.82,1.4127
372,Pirate Chain,ARRR,pirate-chain,0.2836623655302724,-0.01844192,13.23596628,24.55022736,55658470.08200517,86907.7102561,196213797.97055,196213797.97055,,2026-09-23,55602213.91,0.1561
373,Flow,FLOW,flow,0.03248453333645384,1.39827785,0.77653605,22.89982128,54903418.65031306,4723615.0521516,1690140291.7400372,1690140291.7400372,,2026-09-23,55026691.46,8.619
374,Somnia,SOMI,somnia,0.19099488086103672,-0.00958654,-0.75424647,25.2935,54814126.42175857,5232150.96162609,286992647.0,1000000000.0,1000000000.0,2026-09-23,192915015.69,9.454
375,AI Analysis Token,AIAT,ai-analysis-token,0.37132292046985965,0.83988562,1.25378811,3.27390501,54357762.665476285,374740.61740385,146389462.2952275,500000000.0,500000000.0,2026-09-23,185496058.61,0.6961
376,BIM,BIM,bim,1.8102467753392681,0.35546698,1.12338974,15.22317455,54307403.260178044,263406.16183133,30000000.0,30000000.0,30000000.0,2026-09-23,54311851.46,0.4846
377,Boner Coin,BONER,boner-coin,0.05396146350562691,-2.61626725,14.58920938,44.22957905,53961463.50562691,5410521.45232146,1000000000.0,1000000000.0,1000000000.0,2026-09-23,55156646.39,9.7004
378,aelf,ELF,aelf,0.06532561825690467,2.44728022,5.57443747,-7.36003801,53995626.01376352,2270825.87506571,826561270.3643472,999999981.7676573,,2026-09-23,65304243.36,4.2159
379,ssv.network,SSV,ssv-network,3.344713008111018,1.02004569,-1.35025664,20.48660977,53867368.740887396,7005176.39596162,16105228.94199221,17361673.60305064,,2026-09-23,58203511.7,12.962
380,Synapse,SYN,synapse-2,0.22648859307771604,-2.3797753,-7.4218964,119.93066548,53708245.600654125,21117134.52517067,237134439.62374288,251087201.16515473,250000000.0,2026-09-23,56612245.05,38.921
381,Holoworld AI,HOLO,holoworld-ai,0.06651626306567468,0.83732147,1.52825613,15.77123406,53045483.64549079,3001498.44513062,797481415.8323424,2047999950.3187609,2048000000.0,2026-09-23,137172782.65,5.7512
382,Lombard,BARD,lombard,0.14498710363561695,0.50879005,5.35529318,21.89476748,52739058.94745567,4330544.04861108,363750000.0,1000000000.0,1000000000.0,2026-09-23,145311873.07,8.2388
383,MegaETH,MEGA,megaeth,0.04629544728203885,0.74737163,0.102869,36.27561062,52304262.456481695,12723064.79208678,1129792788.0,10000000000.0,10000000000.0,2026-09-23,465093602.3,24.2224
384,Verge,XVG,verge,0.0031639228408648495,0.81570503,2.94034383,19.25534806,52274178.8875697,3285443.01728416,16521951234.841335,16521951234.841335,16521951235.741348,2026-09-23,52299911.89,6.3265
385,Nillion,NIL,nillion,0.10370643162348331,13.64306339,49.81021272,157.09993079,52273530.15793097,87500030.47655147,504052924.583456,1010636954.663666,,2026-09-23,103346086.99,170.1443
386,0G,0G,zero-gravity,0.2444700080660119,0.70325414,5.74849696,30.13205096,52131761.91108862,21922060.32611304,213243998.0,1000000000.0,,2026-09-23,245856219.7,40.591
387,Loaded Lions,LION,loaded-lions,0.00168364328605919,1.02103723,1.12691956,18.12563892,51932348.71499794,111167.78720678,30845220686.0,100000000000.0,100000000000.0,2026-09-23,168683595.59,0.2137
388,Keeta,KTA,keeta,0.08559090431943306,-0.2527891,-1.12405138,6.45244266,51914403.489110336,1092844.49879251,606541126.0916352,1000000000.0,1000000000.0,2026-09-23,85547808.39,2.1054
389,Ankr,ANKR,ankr,0.005158213453159205,0.50510586,1.35297649,14.97753217,51582134.53159205,6814679.54732715,10000000000.0,10000000000.0,10000000000.0,2026-09-23,51815490.1,13.2153
390,Notcoin,NOT,notcoin,0.0005158683663603428,1.05078831,1.93065239,22.84405147,51292459.37932269,6051111.36486229,99429355866.90741,102452705868.52051,102456957533.56,2026-09-23,52987484.76,11.791
391,Ronin,RON,ronin,0.06628885202648835,2.15812962,4.55284396,36.32827358,51201620.63299702,1248793.83888121,772401679.4337813,1000000000.0,1000000000.0,2026-09-23,66163467.35,2.4436
392,Mog Coin,MOG,mog-coin,1.2940359756335212e-07,1.20887066,6.39184482,34.42289324,50540843.011877865,10583478.30841857,390567526433216.7,390567526433216.7,420690000000000.0,2026-09-23,54528864.29,20.9456
393,Magma Finance,MAGMA,magma-finance,0.26401333182033543,-0.58997841,13.6501138,9.79524804,50162533.04586373,2018461.07387516,190000000.0,1000000000.0,1000000000.0,2026-09-23,264612149.85,4.0175
394,SKYAI,SKYAI,skyai,0.04978677069244656,0.15714154,-0.82647803,-3.97590282,49786770.69244656,4144626.47835914,1000000000.0,1000000000.0,1000000000.0,2026-09-23,49832050.65,8.2998
395,Nano,XNO,nano,0.37186717280992476,3.08541156,-10.04344938,17.79445485,49550667.48712718,2736785.69666956,133248297.0,133248297.0,133248297.0,2026-09-23,49280133.91,5.5475
396,Mask Network,MASK,mask-network,0.49490143673008574,0.66145124,2.5923006,16.97039015,49490143.673008576,4788885.14292163,100000000.0,100000000.0,100000000.0,2026-09-23,49564799.22,9.6539
397,Espresso,ESP,espresso,0.09493523411306554,0.51357578,1.19407424,15.64272129,49418536.11755627,14817726.45819496,520550000.0,3590000000.0,,2026-09-23,341562728.38,29.8856
398,XYO,XYO,xyo,0.0035365058528359318,-0.35353387,-1.18244316,10.32577586,49044313.37146194,2755210.32889722,13868014196.027187,13930752875.47967,13931216938.0,2026-09-23,49475052.97,5.61
399,Vitalum,VAM,vitalum,0.14426127170121808,0.09626098,1.33736884,14.20436015,49008276.207100786,826566.72138075,339718870.0,1000000000.0,1000000000.0,2026-09-23,144469016.63,1.6818
400,ConstitutionDAO,PEOPLE,constitutiondao,0.009633221901526849,1.35368626,3.47714982,27.96220388,48745425.79736573,24765272.89644057,5060137334.7,5060137334.7,,2026-09-23,48763792.8,50.7622
401,Moo Deng (moodengsol.com),MOODENG,moo-deng-solana,0.04901662099821014,1.16958347,2.06903904,29.4851533,48525072.08669913,10102221.18996035,989971791.17,989971791.17,989971791.17,2026-09-23,48710832.14,20.7224
402,Casper,CSPR,casper,0.0027961827978385274,-0.43736521,-0.75325993,9.59597399,48293792.22073577,2734202.90719131,17271328705.0,19971246758.0,,2026-09-23,55933366.15,5.6763
403,VVS Finance,VVS,vvs-finance,1.10629458854406e-06,0.88903062,1.51343983,19.16324042,48179495.37350994,197058.25223182,43550330872463.74,95109375459623.39,100000000000000.0,2026-09-23,110981938.45,0.4054
404,Score,SN44,score,11.064478953164993,0.45847469,0.70479612,34.64760089,47776276.28154005,2708167.92671404,4317987.0,4317987.0,21000000.0,2026-09-23,231975516.77,5.6858
405,Aztec,AZTEC,aztec,0.016574309559893242,1.35783684,4.32407855,30.45679833,47727375.17894476,2776893.48979242,2879599600.0,10350000000.0,10350000000.0,2026-09-23,172041191.73,5.5357
406,Atoshi,ATOS,atoshi,0.05231481565618187,1.22041237,-13.42093023,19.0931239,47248682.02331553,113371.27753004,903160633.0,100000000000.0,100000000000.0,2026-09-23,5468959551.28,0.2358
407,Nesa,NES,nesa,0.16568799326401284,-0.18913108,-3.29641633,-0.02148256,47643810.64293164,1816801.66156886,287551377.1659627,1028547974.4805406,,2026-09-23,170605563.82,3.8031
408,OpenLedger,OPEN,openledger,0.1450807390000867,1.24082947,0.8828503,9.03037139,47644094.53380833,7816165.59799479,328397104.0,1000000000.0,1000000000.0,2026-09-23,145910407.47,16.4462
409,Matrixdock Gold,XAUM,matrixdock-gold,4332.802688277142,0.11016552,-0.18083534,0.35619323,47553926.14630657,598991.37953025,10975.32695753,10975.32695753,,2026-09-23,47547137.06,1.2705
410,Micron Technology Tokenized bStocks,MUB,micron-technology-tokenized-bstocks,1092.1084340806985,0.14783192,3.88987159,17.54809944,47518409.70567848,26470546.55287468,43510.70665036841,43510.70665036841,,2026-09-23,47559192.03,55.6617
411,Dusk,DUSK,dusk,0.09505637833963862,2.75861693,10.40772756,42.36837734,47433132.72649201,9925218.2731378,498999999.31632507,500000000.0,1000000000.0,2026-09-23,95822540.28,20.9441
412,River,RIVER,river,1.2712851374373524,0.81520369,0.54369551,6.58023909,47282979.30867515,4559065.13724927,37193056.0,100000000.0,100000000.0,2026-09-23,127476203.62,9.6162
413,Acurast,ACU,acurast,0.12008894342069677,0.10134513,-0.06750729,0.92209521,46825283.288556695,2038192.88976425,389921686.0,1029906841.0,,2026-09-23,123688831.29,4.3631
414,COTI,COTI,coti,0.015481403974932764,-1.88330361,6.37128754,-4.00490367,46842394.150848776,48836304.93174621,3025720033.318374,1424972976.9554138,4910000000.0,2026-09-23,76204538.19,103.5205
415,Request,REQ,request,0.05876617722099724,0.91796624,3.14629363,14.40917981,46818709.608388744,666338.96749035,796694830.6390833,999416740.9347085,,2026-09-23,58909977.48,1.43
416,Harmony,ONE,harmony,0.0030940624494685282,-2.82409495,-26.14989758,364.07508496,46500363.023567,88553955.80045132,15028902545.762915,15028902545.762915,,2026-09-23,46735720.94,187.9389
417,StorX Network,SRX,storx-network,0.05551037666984708,0.00937715,0.04049452,0.63586087,46295654.14265247,1288679.45046445,834000000.0,977000000.0,1500000000.0,2026-09-23,83271096.75,2.7816
418,Arcium,ARX,arcium,0.22138799119162136,0.2953665,5.87239462,36.71184171,46232751.303230464,10108647.06040629,208831342.0,1000000000.0,1000000000.0,2026-09-23,222234459.84,21.7222
419,Railgun,RAIL,railgun,3.0125453317464794,0.31522275,-5.47619874,56.46925414,46070463.73848472,992006.41567729,15292869.87086632,60000000.0,100000000.0,2026-09-23,301189129.25,2.1533
420,Magic Eden,ME,magiceden,0.0778954497375152,0.75654862,3.01801555,27.93411948,46052435.27293599,135086073.02209014,591208285.312161,999990224.531502,1000000000.0,2026-09-23,77987886.65,293.6677
421,SPDR S&P 500 Tokenized ETF (Ondo),SPYon,spdr-sp-500-tokenized-etf-ondo,782.1367576802893,0.0481162,0.03958203,2.24564404,45695066.438383676,3385019.84691729,58423.37160308,58423.37160308,,2026-09-23,45693553.37,7.4177
422,Rocket Pool,RPL,rocket-pool,1.9899283218550532,0.37085673,0.59280278,22.54144495,45349579.16040625,8844147.17596419,22789554.10722051,22789554.10722051,,2026-09-23,45494914.15,19.4522
423,Moca Network,MOCA,mocaverse,0.010677590348227529,2.06221435,3.61928383,20.37690921,45200228.435354754,2446191.51541219,4233186230.3425,8888888888.0,8888888888.0,2026-09-23,95338940.05,5.3994
424,Amp,AMP,amp,0.0005015516615332901,1.52760684,2.99812985,16.62011239,45029906.5753412,3994574.55141764,89781193103.18022,99720253743.71327,100000000000.0,2026-09-23,50376155.95,8.9858
425,Unitas,UP,unitas,0.30757062450507067,1.84583224,1.87685683,0.26765364,44905311.17774032,12674082.68090549,146000000.0,999999885.0,1000000000.0,2026-09-23,308811634.51,28.2945
426,Succinct,PROVE,succinct,0.22976040798818004,1.62026555,-0.94034615,24.25029325,44803279.557695106,59394163.26962993,195000000.0,1000000000.0,1000000000.0,2026-09-23,230073530.96,132.662
427,Movement,MOVE,movement,0.009931814628386994,2.74306381,7.38689331,30.50130547,44651783.263479255,7482938.34223236,4495833333.0,10000000000.0,10000000000.0,2026-09-23,99290668.21,16.8309
428,Ontology Gas,ONG,ontology-gas,0.09160800244317915,1.15462307,0.79642457,23.00738682,44079787.0959729,4897784.55263536,481178346.0,800000000.0,1000000000.0,2026-09-23,91342122.2,11.0687
429,DAPPOS,DOS,dappos,0.220259167215424,0.6467348,1.91957175,10.48000848,44051833.4430848,9734129.22855855,200000000.0,1000000000.0,1000000000.0,2026-09-23,220867888.26,22.2482
430,Merlin Chain,MERL,merlin-chain,0.031586568417841535,1.99351654,14.96726686,36.74986476,43942556.38783544,6066772.01422037,1391178548.0,2100000000.0,2100000000.0,2026-09-23,66673180.62,13.8321
431,Open Campus,EDU,open-campus,0.05292108478694653,0.61579611,3.0505289,10.32777133,43728435.11006077,2124145.21734245,826295139.0,1000000000.0,1000000000.0,2026-09-23,52924272.26,4.9105
432,KUB Coin,KUB,bitkub-coin,0.6321003884049173,-0.6043275,0.12328771,6.50461949,43598982.69974217,258964.76524377,68974776.0,110000000.0,110000000.0,2026-09-23,69620081.7,0.5979
433,ETHGas,GWEI,eth-gas,0.024777617050918008,-0.37495053,1.54765928,21.42294245,43360829.839106515,5317524.86822451,1750000000.0,10000000000.0,10000000000.0,2026-09-23,249184366.58,11.8434
434,cat in a dogs world,MEW,mew,0.0004870549293311799,1.12296153,4.00290625,27.30376172,43292102.332147725,7237410.19557925,88885461834.04018,88885477802.4595,88888888888.0,2026-09-23,43416263.39,16.6269
435,Alchemist AI,ALCH,alchemist-ai,0.05092525832525489,1.25162605,1.32068809,47.69941641,43286469.57646666,5337330.88948633,850000000.0,1000000000.0,1000000000.0,2026-09-23,50840973.45,12.1792
436,EscoinToken,ELG,escointoken,0.2747671015691483,0.05547594,-2.71335058,-2.67273581,43176146.44803654,312440.31821417,157137248.97,225000000.0,370000000.0,2026-09-23,101645993.88,0.7239
437,REAL,ASSET,real-finance,0.2451805685682599,1.48395887,-0.4153408,4.62146421,43160956.93151468,475097.41775839,176037429.0,1000000000.0,1000000000.0,2026-09-23,244933151.45,1.1043
438,Snek,SNEK,snek,0.0005778589422175947,0.34306445,7.37837644,33.15448034,43164156.973719314,658078.04615575,74696701600.0,75243353767.0,76715880000.0,2026-09-23,44715061.97,1.4555
439,Micron Technology Tokenized Stock (Ondo),MUon,micron-technology-tokenized-stock-ondo,1089.9821740037294,0.14868312,3.69609744,17.18675264,43059060.13954873,8497213.82442012,39504.37095809,39504.37095809,,2026-09-23,43074841.47,19.6982
440,Status,SNT,status,0.008899349340351241,-0.51620338,7.14626837,21.77835609,42826298.62360353,3920846.61609746,4812295482.0327635,6804870174.878168,,2026-09-23,60505706.21,9.1954
441,Veranta,AVNT,avantis,0.12088402852358048,1.77682478,-0.82103219,28.08491665,42806853.89101864,36418053.52880765,354115050.7129933,1000000000.0,1000000000.0,2026-09-23,122095795.35,82.681
442,LAB,LAB,lab,0.06255320550258522,0.98181813,8.70526257,23.99561119,42762137.97543439,10191982.77336493,683612256.6679194,989999803.0,1000000000.0,2026-09-23,63338270.55,23.3544
443,Paycoin,PCI,payprotocol,0.03986616708567472,-0.11530366,1.65407884,12.18216361,42660227.94099861,631906.48210202,1070086016.7800754,1900000000.0,1900000000.0,2026-09-23,75856549.19,1.4767
444,Irys,IRYS,irys,0.01660322474644472,0.68549221,3.60683182,24.99994026,42617375.81081842,2328645.69962514,2566813162.0,10000000000.0,,2026-09-23,166259400.68,5.3836
445,SpaceX tokenized stock (xStock),SPCXx,spacex-tokenized-stock-xtock,154.28438090455654,0.16130121,0.87416108,7.36561121,42577794.58305271,13183328.28563539,275969.57212015,1571236.01723351,,2026-09-23,242086825.07,31.0525
446,SentismAI,SENTIS,sentismai,0.20571669971739343,0.9971132,-1.60840218,-8.01802334,42478212.77339118,2896697.77079318,206488889.0,1000000000.0,1000000000.0,2026-09-23,206215589.31,6.7068
447,NVIDIA tokenized stock (xStock),NVDAX,nvidia-tokenized-stock-xstock,228.53775750730028,0.02008429,0.35810143,7.18721586,42154241.14089785,37041269.64228144,184451.97677916,1023543.61222153,,2026-09-23,234159625.79,87.7704
448,Waves,WAVES,waves,0.3040672655289781,0.35512667,8.76038408,25.64828248,42034101.27988239,5115770.11846104,138239482.0,138239482.0,,2026-09-23,41790514.81,12.405
449,Neiro,NEIRO,neiro,9.974305695406532e-05,1.25387902,2.69297974,28.09732017,41960342.86576541,14902743.07547291,420684347834.75116,420690000000.0,420690000000.0,2026-09-23,42138709.82,35.3319
450,Bifrost,BFC,bifrost,0.030137142759595684,-0.03382148,-1.00079652,15.65724247,41789324.35922876,3145017.7750823,1386638564.0,2584913482.0,,2026-09-23,78056692.62,7.4507
451,Giggle Fund,GIGGLE,giggle-fund,42.2046100291714,1.21618065,9.07565419,25.42089765,41649145.19076914,37759197.85542104,986838.7638692,986838.7638692,986838.7638692,2026-09-23,41783408.64,91.1276
452,Frankencoin,ZCHF,frankencoin,1.2195751773264065,0.01276224,0.37417421,-0.24219786,41642750.94035028,1148721.75351216,34145292.32354574,34145292.32354574,,2026-09-23,41641241.51,2.7956
453,Chump Coin,CHUMP,chump-coin,0.041810875259098525,-0.1284949,-4.22083168,42.08620781,41810875.25909852,2355791.75806088,1000000000.0,1000000000.0,1000000000.0,2026-09-23,41951773.62,5.616
454,Lista DAO,LISTA,lista-dao,0.08810126500739263,0.47740835,0.54934381,25.94089368,41479855.10305746,3624887.90484532,470820198.7744087,795588564.255041,800000000.0,2026-09-23,70591640.15,8.6507
455,Phala Network,PHA,phala-network,0.04937231729382732,4.72015478,-9.20380877,83.44295348,41497248.05732681,53295292.05511654,840496260.4928192,1000000000.0,,2026-09-23,50647934.03,124.2843
456,Band,BAND,band-protocol,0.22536609418156978,1.02441486,4.94439554,25.31204563,41166055.76753897,2265109.59524597,182663039.51814902,182663039.51814902,,2026-09-23,41336897.78,5.5693
457,StraitsX USD,XUSD,straitsx-xusd,1.0002614549561495,-0.00517873,0.00242031,-0.00509591,41142558.45510033,11812932.27153256,41131804.341,41131804.341,,2026-09-23,41145606.98,28.7752
458,APRO,AT,apro,0.1642198012980519,0.58958865,2.75445764,11.35936864,41054950.32451297,2733581.17064739,250000000.0,1000000000.0,1000000000.0,2026-09-23,164434051.88,6.5253
459,Ravencoin,RVN,ravencoin,0.002475044678695466,1.45740681,5.72923016,18.20632523,40768619.848656975,10868283.33817373,16471872285.612675,16471872285.612675,21000000000.0,2026-09-23,51994588.4,26.4026
460,Memecoin,MEME,meme,0.0006286393730007289,0.87731893,2.10444409,23.34533335,40714247.30851882,8800215.43863883,64765665431.0,69000000000.0,69000000000.0,2026-09-23,43423359.92,21.6382
461,Aegis YUSD,YUSD,aegis-yusd,0.9999022436752629,4.3e-07,0.01152849,0.05307757,40655256.37048741,0.0,40659231.0674832,40659231.0674832,,2026-09-23,40655256.37,
462,ZORA,ZORA,zora,0.009074297530870084,1.06228657,7.13601692,24.88294895,40562109.95391498,17383062.05016661,4469999999.0,10000000000.0,10000000000.0,2026-09-23,91162449.28,42.9684
463,ApeX Protocol,APEX,apex-token,0.26130151622743764,0.73863584,2.4057001,23.96004316,40514135.86260995,1692249.39675946,155047458.0,499999990.0,500000000.0,2026-09-23,131000681.58,4.1778
464,哈基米,哈基米,hajimi,0.04015040278387357,2.18851405,18.77449001,24.73298021,40150402.78387357,7606301.97404536,1000000000.0,1000000000.0,1000000000.0,2026-09-23,39985298.64,18.7835
465,Terra,LUNA,terra-luna-v2,0.05665805334368981,1.29797549,4.82461571,30.06084762,40226336.21334113,15006156.19762911,709984438.91686,1186707049.0,,2026-09-23,67559127.3,37.3834
466,Concordium,CCD,concordium,0.0031571131268186858,0.17349494,-0.26445253,-0.90285387,40173520.68222723,216827.63753343,12724764387.112318,14668655577.751167,,2026-09-23,46241126.8,0.5413
467,Capricorn,APR,apriori,0.14457602671485484,0.97691668,-1.06168633,-4.00404797,40165027.42172061,2945165.33143343,277812500.0,1000000000.0,1000000000.0,2026-09-23,144621738.44,7.3404
468,WINkLink,WIN,wink,4.0308663198602976e-05,0.56526199,1.26981357,7.23663401,40054793.35893241,13262713.01350962,993701854154.286,993701854154.286,993701859243.3864,2026-09-23,40282412.27,33.5203
469,τemplar,SN3,templar,9.48388555652754,1.07338782,-2.82465224,41.38022001,40007515.1553014,1649020.52639774,4218473.0,4218473.0,21000000.0,2026-09-23,198798947.32,4.061
470,AO,AO,ao,5.274048530090121,0.12844241,-5.64859427,86.06952651,39819755.109273985,296467.08437658,7550130.58414037,7550130.58414037,21000000.0,2026-09-23,110843673.43,0.7452
471,Talus,US,talus-network,0.018003510405111924,2.75213627,10.02747501,12.228161,39607722.89124623,2400905.10623099,2200000000.0,10000000000.0,10000000000.0,2026-09-23,181787613.01,6.0204
472,B3 (Base),B3,b3,0.0008476341090900569,-4.76391034,42.24735486,48.08434874,39356993.77210819,29876919.51769817,46431583333.0,100000000000.0,100000000000.0,2026-09-23,91571716.1,75.5982
473,Gemini Dollar,GUSD,gemini-dollar,1.0000992602054382,-0.00079119,-0.02278641,0.02371598,39414930.33578192,5206105.55755829,39411018.39,39411018.39,148548675.98,2026-09-23,148631337.98,13.6075
474,FLock.io,FLOCK,flock-io,0.08433627425959403,-0.01210606,16.40400596,26.89338199,39320217.30018809,61674730.81167172,466231377.2500455,480581898.02004546,1000000000.0,2026-09-23,84521341.99,156.744
475,UMA,UMA,uma,0.41791253889325375,0.68420326,3.38415817,18.95584987,38692039.99273099,6769613.10001436,92584060.99802138,131302291.65148799,,2026-09-23,55054128.98,17.4511
476,NVIDIA Tokenized Stock (Ondo),NVDAon,nvidia-tokenized-stock-ondo,228.44352261890717,0.00599378,0.32006855,7.16116773,38538115.39746351,2390097.191921,168698.65669929,168698.65669929,,2026-09-23,38593565.85,6.1857
477,Wiki Cat,WKC,wiki-cat,7.194436406891416e-08,-0.39902399,-3.82559626,7.49280996,38460632.95540729,214544.78817154,534588545651283.75,534588545651283.75,553003328316637.0,2026-09-23,39453106.61,0.5379
478,GOHOME,GOHOME,gohome,76.70256684923794,0.08610597,-0.26143021,5.10892516,38343229.6550998,298062.89960758,499895.0,9999895.37,9999895.37,2026-09-23,766473261.01,0.7793
479,Nasdaq tokenized ETF (xStock),QQQX,nasdaq-tokenized-stock-xstock,748.5604263242116,-0.04645455,0.46940553,5.77788223,38207760.92956713,3302129.90934804,51041.65219792,269977.61404744,,2026-09-23,202169659.13,8.7367
480,Xphere,XP,xphere,0.012774297400576298,0.1600909,1.6740444,4.09136657,38168419.45299562,329899.72227989,2987907534.646383,2987907534.6496606,5500000000.0,2026-09-23,70425433.61,0.8602
481,Solayer,LAYER,solayer,0.0791910189416372,0.74762007,3.48159255,18.31183795,38136591.05376879,11036028.05440639,481577223.8247747,999998154.2775509,,2026-09-23,79430871.88,29.0515
482,Vanta Network,VANTA,proprietary-trading-network,8.87954005233867,1.14746201,0.3672183,47.52126042,38129499.7456467,747965.06045997,4294085.0,4294085.0,21000000.0,2026-09-23,186221050.85,1.9616
483,XPIN Network,XPIN,xpin-network,0.0008996331772330851,0.91068531,0.28426468,9.67844718,37916082.40395501,1342526.80558497,42146158416.0,100000000000.0,100000000000.0,2026-09-23,89689615.54,3.5319
484,Eurite,EURI,eurite,1.1424185073004571,-0.04008984,-0.39365626,-1.03850849,37859579.67125162,4765894.89554853,33139851.48990108,33139851.48990108,,2026-09-23,37867026.6,12.5781
485,Fractal Bitcoin,FB,fractal-bitcoin,0.3410733812759866,0.15823566,-0.31552654,5.41820716,37546948.26084677,544017.34688864,110084663.07273883,158581625.0,210000000.0,2026-09-23,71651501.89,1.4499
486,KGeN,KGEN,kgen,0.1691673519513176,0.3373313,4.89785456,6.74262927,37582541.13101835,1735803.84060586,222161904.75,978000000.0,978000000.0,2026-09-23,166038055.9,4.589
487,TokenPocket,TPT,tokenpocket,0.010827551682745117,0.05994939,7.20796273,25.54867972,37533246.654534265,52687.51980648,3466457400.0,3466457400.0,5900000000.0,2026-09-23,63879679.74,0.0658
488,Chainbase,C,chainbase,0.0860144712224603,1.39404417,7.34989275,57.84666269,37502309.31782709,8809888.74173008,435999998.4285714,1000000000.0,1000000000.0,2026-09-23,85940076.01,23.5154
489,ChangeNOW Token,NOW,now-token,0.4413193796187407,-0.03100667,-0.1021666,11.83030999,37425503.033792414,781.97773813,84803670.0,199763509.8661694,200000000.0,2026-09-23,88861516.39,0.0055
490,Mango,MNGO,mango-markets,0.03337385310013852,0.0,0.41327321,4.4192162,37294179.14840271,0.0,1117466989.397395,1117466989.397395,,2026-09-23,37294179.15,
491,Powerledger,POWR,power-ledger,0.06563110642707151,-0.34310561,3.20676673,5.5793267,37288926.09104652,1802153.95615378,568159339.694837,1000000000.0,,2026-09-23,65768774.81,4.8019
492,Sahara AI,SAHARA,sahara-ai,0.010113650967056185,-0.65296868,8.41950302,24.11122502,37013855.532178715,16081084.36729558,3659791667.0,10000000000.0,10000000000.0,2026-09-23,101475185.28,43.5287
493,Teller,DEBIT,teller,2.1468781966590846,-0.7278051,-4.17676163,-9.7901434,36969242.546469435,96923664.73829913,17220000.0,100000000.0,100000000.0,2026-09-23,212897419.05,263.0347
494,BankrCoin,BNKR,bankr-coin,0.000371574497829293,0.83717393,-0.35371112,84.69536732,36897347.63444867,6555624.74382014,99299999999.99966,100000000000.0,100000000000.0,2026-09-23,37360554.64,17.6973
495,NotInEmploymentEducationTraining,NEET,notinemploymenteducationtraining,0.03666472880853122,-0.58521356,25.11959764,54.74230378,36656150.141943514,3547340.66265886,999766024.0,999766024.0,1000000000.0,2026-09-23,36718081.0,9.6902
496,Catizen,CATI,catizen,0.06600070071241179,0.17782068,-0.94316583,5.48451764,36629471.41964794,3619193.04418057,554986099.0,1000000000.0,1000000000.0,2026-09-23,66112520.61,9.8716
497,Ampleforth,AMPL,ampleforth,1.2944972866754476,1.27997711,0.80799016,15.2097012,36601255.247322306,6669.7072118,28274493.6,10630913.57552586,,2026-09-23,13761710.3,0.0182
498,IoTeX,IOTX,iotex,0.0038676049356811673,0.80553994,2.89074821,33.75322464,36515483.40072123,7234340.72458352,9441368497.553144,9441368502.273277,10000000000.0,2026-09-23,38628881.27,19.7239
499,Renzo,REZ,renzo,0.004011365781282726,1.59524772,3.84126101,9.94617001,36208791.340552725,8302856.85133689,9026549388.615997,9814629224.12962,9814629224.13,2026-09-23,39559582.07,22.9994
500,UNIPOLY,UNP,unipoly,0.16492906036834987,-0.01507391,4.38530575,22.72348217,36157397.90455334,353965.2638093,219230000.0,1000000000.0,1000000000.0,2026-09-23,164956030.17,0.9762
501,Liquity BOLD,BOLD,liquity-v2,0.9958865628994457,0.0380046,0.05780483,0.06517188,36130334.63744151,956486.2349369,36279568.35992532,36279568.35992532,,2026-09-23,,
502,deBridge,DBR,debridge,0.0186229594353549,1.55179431,13.02976878,19.36849982,35843321.72319256,4294650.91975566,1924684519.0,10000000000.0,10000000000.0,2026-09-23,,
503,Momentum,MMT,momentum-token,0.17424543324593306,0.76834288,4.7787891,32.11973959,35562695.5783924,5453567.11015019,204095424.0,1000000000.0,,2026-09-23,,
504,Celo Dollar,CUSD,celo-dollar,0.9996062039914573,0.04403782,-0.04654863,-0.01198267,35540164.530852556,46389.06751826,35554165.61936053,57241566.21607361,1000000000000000.0,2026-09-23,,
505,Propy,PRO,propy,0.35466956105556313,-0.45835886,4.00968171,0.06764123,35466956.10555632,412811.79011818,100000000.0,100000000.0,,2026-09-23,,
506,Bancor,BNT,bancor,0.3474595826860953,0.76894864,2.54713691,15.86199923,35260346.45619247,1655467.51793338,101480425.9638096,101480425.9638096,,2026-09-23,,
507,Vana,VANA,vana,1.170886596264288,1.06766654,4.90591736,29.97128352,35224952.36201484,2412116.96179707,30084000.0,112641600.0,120000000.0,2026-09-23,,
508,Ore,ORE,ore-new,72.75056919991896,-0.61781321,-1.19104043,26.36499003,35087486.32511956,1749815.16768994,482298.44399841,482298.44399841,3000000.0,2026-09-23,,
509,BitDCA,BDCA,bitdca,0.42890333129913444,1.21539686,-1.77739196,5.56778722,35160399.60035172,197992.47901461,81977445.8124445,142665333.0,142665333.0,2026-09-23,,
510,Zerebro,ZEREBRO,zerebro,0.03480549145257834,1.10737146,1.87897681,21.08618659,34803672.86793694,5594560.29681274,999947750.065708,999947979.956524,1000000000.0,2026-09-23,,
511,Manta Network,MANTA,manta-network,0.07224248163312008,1.77504999,1.86517286,27.92940114,34800380.915495895,5150549.91264071,481716299.4514493,1000000000.0,,2026-09-23,,
512,The Index,INDEX,the-index-finance,0.03545244911695062,0.30124245,-3.96398174,34.61279206,34762534.53044901,3307783.92650809,980539720.0,980539720.0,1000000000.0,2026-09-23,,
513,would,WOULD,wouldmeme,0.034743567982514025,0.22458391,0.21684393,10.1918359,34724549.08587492,9029.14142743,999452592.3,999452789.37,1000000000.0,2026-09-23,,
514,BSquared Network,B2,bsquared-network,0.513322319982604,-0.76023124,3.0443664,26.28271771,34573988.14704672,5703117.25415581,67353370.0,207444584.9777,210000000.0,2026-09-23,,
515,Alphabet tokenized stock (xStock),GOOGLX,alphabet-tokenized-stock-xstock,353.18073724575396,0.10671633,-1.24651071,2.19048176,34469227.617549926,11036206.79137672,97596.56737328,524347.34422148,,2026-09-23,,
516,BUSD,BUSD,binance-usd,1.001088251374309,0.01030288,-0.10879109,0.1681952,34453129.69734507,1070157.88418528,34415676.78978082,34415676.78978082,,2026-09-23,,
517,Euler,EUL,euler-finance,1.4341376319461703,2.70312529,0.74508718,13.13640724,34458347.90054219,6520433.82838383,24027225.23484801,27182818.28459045,27182818.28459045,2026-09-23,,
518,Mixue Tokenized Stock (xStock),MIXUx,mixue-tokenized-stock-xstock,27.397535111716017,0.0,0.0,0.6695552,34333655.89420145,0.0,1253165.86890765,1253165.86890765,,2026-09-23,,
519,TerraClassicUSD,USTC,terrausd,0.006155517791641438,1.57806702,4.91915364,20.38357333,34300792.25891043,1655401.90349554,5572365058.466307,6076096478.291628,6076096478.291628,2026-09-23,,
520,A Meme Coin,MEME,a-meme-coin,0.03423904467141677,4.86331634,30.6111676,17.05037519,34239044.67141677,5960438.93043201,1000000000.0,1000000000.0,1000000000.0,2026-09-23,,
521,IOST,IOST,iostoken,0.000964705675940603,-0.01099199,7.59226753,28.95100344,34143871.79295639,14529084.88324359,35393045407.0,48804805965.0,90000000000.0,2026-09-23,,
522,Core,CORE,core-dao,0.022783354879253672,1.27078787,3.4940442,25.02361078,34135706.62914777,4806447.69300092,1498273928.9300826,2093769839.0352812,2100000000.0,2026-09-23,,
523,MultiBank Group,MBG,multibank-group,0.1031247743706541,-0.1094565,-0.44550563,-0.095497,33948398.44297464,5789473.34426082,329197311.2198656,977514798.0,1000000000.0,2026-09-23,,
524,Subsquid,SQD,subsquid,0.02992728248438646,0.8080336,3.25730467,8.24160945,33938728.164480664,1079938.82472802,1134039757.274555,1336997644.8069928,1337000000.0,2026-09-23,,
525,Locus Chain,LOCUS,locus-chain,0.005993298219529457,0.33338028,3.62756995,1.99059585,33800832.96507481,79288.71945646,5639771579.350604,7000000000.0,7000000000.0,2026-09-23,,
526,Hyperlane,HYPER,hyperlane,0.07846326411522736,0.53794313,4.41374758,19.16765153,33729203.50336488,4427663.97163609,429872550.9791666,811333333.3333333,1000000000.0,2026-09-23,,
527,SMART,SMART,smart-blockchain,0.005016149626536135,-0.0063145,-0.47259645,0.08803509,33710682.976406395,236826.77313479,6720430108.0,836732311077.0,836732311077.0,2026-09-23,,
528,Dogelon Mars,ELON,dogelon,3.3533379419574956e-08,-1.14907233,-0.27013409,12.86920836,33485894.581100598,4517219.46412102,998583953085067.2,998583953085067.2,1000000000000000.0,2026-09-23,,
529,Billions Network,BILL,billions-network,0.013797459455974315,0.07137076,0.10661956,13.52314052,33502914.392312095,7285074.86284,2428194444.0,10000000000.0,10000000000.0,2026-09-23,,
530,HashKey Platform Token,HSK,hashkey-platform-token,0.0968611149938872,-0.10111053,-1.26985604,1.04459469,33413211.100041363,341093.82862991,344960009.0,1000000000.0,1000000000.0,2026-09-23,,
531,Invesco QQQ Tokenized ETF (Ondo),QQQon,invesco-qqq-tokenized-etf-ondo,750.0549342063442,-0.01710308,0.46999039,5.84917031,33411665.204532277,3859536.02683591,44545.62416803,44545.62416803,,2026-09-23,,
532,Steem,STEEM,steem,0.05976458938212689,-0.48020831,2.20390274,-1.061422,33396711.550445978,3793833.28328804,558804333.732,558804333.732,,2026-09-23,,
533,Hive,HIVE,hive-blockchain,0.05654338426795568,0.62519694,2.86135705,7.24477059,33256872.345563862,1101245.43912016,588165578.982,588165578.982,,2026-09-23,,
534,Orbs,ORBS,orbs,0.00750358957073826,-0.83154593,2.16061055,18.6680667,32988292.754242625,2971235.05391493,4396334906.547532,10000000000.0,,2026-09-23,,
535,Electroneum,ETN,electroneum,0.0018346502701303228,-1.40316982,13.45906568,90.05487954,32986677.225099936,243504.16182346,17979817604.56,17979817604.56,21000000000.0,2026-09-23,,
536,Anoma,XAN,anoma,0.013198328581383919,-0.14478272,6.44678667,15.82967704,32995821.4534598,1996657.46334286,2500000000.0,10000000000.0,10000000000.0,2026-09-23,,
537,MicroStrategy Tokenized Stock (Ondo),MSTRon,microstrategy-tokenized-stock-ondo,169.41833483031084,0.22890941,3.03575593,31.56047745,32942475.608415768,5046282.85941116,194444.57201997,194444.57201997,,2026-09-23,,
538,SwftCoin,SWFTC,swftcoin,0.0032607598262710267,7.85079261,18.59456515,36.42872838,32607598.262710266,1816952.64956626,10000000000.0,10000000000.0,,2026-09-23,,
539,Tornado Cash,TORN,torn,6.231677705622016,0.71538794,-4.74540474,8.13913542,32781512.68480003,120179.3836871,5260463.43109587,9999997.246815,,2026-09-23,,
540,MVL,MVL,mvl,0.00116621440712142,-0.20715137,2.99069677,14.91340545,32424211.18675449,110004.09327334,27802958863.102654,30000000000.0,30000000000.0,2026-09-23,,
541,Blast,BLAST,blast,0.00046389714335630557,-3.29720322,19.22920804,39.92617361,32411064.58776827,11515287.24522381,69866919966.94254,100000000000.0,100000000000.0,2026-09-23,,
542,Rekt (rekt.com),REKT,rekt-eth,1.1359308370754691e-07,-0.20514579,3.38266753,1.10723295,32323760.123155694,241179.42676894,284557466600479.0,420690000000000.0,420690000000000.0,2026-09-23,,
543,MYX Finance,MYX,myx-finance,0.08338298426356089,1.40607844,5.29308796,48.16466232,32299990.769013096,9450849.35722972,387369090.4,1000000000.0,1000000000.0,2026-09-23,,
544,AntFun,ANTFUN,ant-fun,0.01697308478165355,-5.0542744,23.00562626,-81.21789518,32042406.01508335,15520256.25931603,1887836326.0,10000000000.0,10000000000.0,2026-09-23,,
545,Hims & Hers Health Tokenized Stock (Ondo),HIMSon,hims-hers-health-tokenized-stock-ondo,30.44825452072428,0.2170635,3.99665335,8.60417239,32107631.39921469,2613289.62549667,1054498.25957547,1054498.25957547,,2026-09-23,,
546,iota,SN9,iota-macrocosmos-ai,8.016827236734299,1.42429326,-0.32393776,32.10135546,32102053.876181204,238526.74180373,4004334.0,4004334.0,21000000.0,2026-09-23,,
547,EthereumPoW,ETHW,ethereum-pow,0.29678503336525003,1.58995496,1.4514744,19.74277818,31999065.230441336,2613798.30159859,107818999.04993,107818999.04993,,2026-09-23,,
548,Kyber Network Crystal v2,KNC,kyber-network-crystal-v2,0.15242016493219313,0.66516079,2.11749375,11.20056941,31891753.877069037,3273093.90429901,209235791.67662403,241046921.2585437,,2026-09-23,,
549,BORA,BORA,bora,0.02867189404054521,-1.64104731,2.06482609,18.21415544,31531915.471089594,892643.46774319,1099750000.0,1205750000.0,1205750000.0,2026-09-23,,
550,Ark,ARK,ark,0.1578735894778976,0.42229631,2.75412462,-1.07095405,31463980.623712037,2697760.93546499,199298570.0,199298570.0,,2026-09-23,,
551,Spacecoin,SPACE,spacecoin-org,0.005225053818846013,0.62356781,1.85400395,19.79471575,31447984.311299555,1928323.04110481,6018690984.171536,21000000000.0,21000000000.0,2026-09-23,,
552,Across Protocol,ACX,across-protocol,0.043441580262238697,-0.00481375,-10.5253857,4.86237354,31339008.674725916,851568.50105247,721405816.3986069,1000000000.0,1000000000.0,2026-09-23,,
553,OpenGradient,OPG,opengradient,0.1362429484434389,0.71302725,1.66611048,32.44301846,31331620.510341633,20901764.70765105,229968749.71,1000000000.0,1000000000.0,2026-09-23,,
554,Musebook,musebook,musebook,0.00031296811882520933,-9.80392659,68.5105097,243196.38151474,31296811.882520933,41659705.4108469,100000000000.0,100000000000.0,,2026-09-23,,
555,Pundi X (New),PUNDIX,pundix-new,0.12087255125156188,0.54879704,2.41486574,0.62185516,31231840.431814414,1484140.44928097,258386541.0999244,258386541.0999244,258526640.0,2026-09-23,,
556,Audiera,BEAT,audiera,0.09098956845322179,0.2004062,2.93055258,9.93970293,31097201.45103639,6695448.95019718,341766666.0,1000000000.0,1000000000.0,2026-09-23,,
557,LUSD,LUSD,lusd,0.9997201533849001,-0.01039847,-0.00174067,0.0583747,30768207.122645043,17545.69205506,30776819.91152082,10000000000000.0,10000000000000.0,2026-09-23,,
558,iExec RLC,RLC,rlc,0.3530473266676915,0.02079649,2.72960027,28.04463917,30715041.51026976,1841440.33200188,86999784.9868455,86999784.9868455,86999784.9868455,2026-09-23,,
559,Sign,SIGN,sign,0.01283528720568895,1.20771825,6.79949352,18.14244827,30633552.1223541,4152951.14467606,2386666666.0,10000000000.0,10000000000.0,2026-09-23,,
560,Folks Finance,FOLKS,folks-finance,2.4993452475929643,-3.64134688,17.03626159,24.17048637,30488030.563639753,8333868.62446463,12198406.999994,50000000.0,50000000.0,2026-09-23,,
561,LCX,LCX,lcx,0.03195038360833745,4.95019083,17.79435432,33.50689716,30328095.180581667,346284.67097558,949224759.0,949224759.0,,2026-09-23,,
562,PlaysOut,PLAY,playsout,0.029563215572670665,0.42648668,5.58969754,-12.59078381,30169424.31113706,1663766.34123382,1020505507.4938059,3999999999.442537,5000000000.0,2026-09-23,,
563,Osmosis,OSMO,osmosis,0.03810546182914875,0.85260842,2.77482261,20.67773977,30085821.97347263,3379426.82542665,789540935.322256,973563366.257452,1000000000.0,2026-09-23,,
564,Metal DAO,MTL,metal,0.32180907329616987,0.47592514,2.54712253,9.26027008,30056242.088211056,1605503.37418364,93397746.0,93397746.0,,2026-09-23,,
565,Arkham,ARKM,arkham,0.13343562155204486,1.48585005,4.25883015,38.5520051,30036358.411365297,32253287.52839796,225100000.0,1000000000.0,1000000000.0,2026-09-23,,
566,CEA Industries Tokenized bStocks,BNCB,cea-industries-tokenized-bstocks,6.33329561677218,-0.38258357,1.45843388,32.81311796,30037001.741571166,24079289.72765442,4742712.72953461,4742712.72953461,,2026-09-23,,
567,MANTRA,MANTRA,mantra-new,0.004623849832118761,1.22840755,4.22856521,14.63704328,29989964.930473845,5056150.44881328,6485929694.808387,8181666736.085125,10000000000.0,2026-09-23,,
568,ZEROBASE,ZBT,zerobase,0.09215321267276379,1.73651015,9.85340906,20.91131839,29757807.644558556,11828326.26098382,322916660.0,1000000000.0,1000000000.0,2026-09-23,,
569,CARV,CARV,carv,0.04493224320232824,1.21355284,-9.79440382,30.45717702,29784591.73516451,33075598.02017958,662877916.0,1000000000.0,,2026-09-23,,
570,NVIDIA Tokenized bStocks,NVDAB,nvidia-tokenized-bstocks,228.17968317953046,0.03395235,0.41418695,7.18059018,29437089.13010751,30680208.76045279,129008.37059602095,129008.37059602095,,2026-09-23,,
571,iShares Bitcoin Trust Tokenized Stock (Ondo),IBITon,ishares-bitcoin-trust-tokenized-stock-ondo,49.03082373452912,-0.02342526,1.18605561,14.11395795,29390503.650146175,2604.14686552,599429.12257149,599429.12257149,,2026-09-23,,
572,Ardor,ARDR,ardor,0.029361040683540972,0.21641752,2.76891574,14.4907443,29316007.63706686,1892310.08711353,998466231.2566,998466231.2566,998466231.2566,2026-09-23,,
573,Ergo,ERG,ergo,0.34831434220694024,0.76005644,7.49256869,43.84383962,29061886.49013851,161221.02474777,83435802.0,83435802.0,97739924.0,2026-09-23,,
574,Flux,FLUX,zel,0.06911620689251634,0.87802835,9.59122608,28.93582458,29026875.40783829,7465085.24778308,419972054.4991484,419972054.4991484,560000000.0,2026-09-23,,
575,DEAPcoin,DEP,deapcoin,0.0009660034235978375,0.79125098,2.00493036,-0.40782254,28838002.189446636,137445.40680238,29852898535.32895,29852898535.328953,,2026-09-23,,
576,Illuvium,ILV,illuvium,3.9212809717951393,0.92225397,3.36470084,20.59240803,28811642.163456548,2974293.90112451,7347507.70747926,9171098.58741494,,2026-09-23,,
577,Nosana,NOS,nosana,0.3967984701517614,0.87171094,5.85324126,47.82814456,28762698.50617778,914980.84344155,72486918.851217,99999719.080422,,2026-09-23,,
578,Clearpool,CPOOL,clearpool,0.02936726923819297,-0.7838352,4.08415327,14.10847623,28741979.601891614,4124016.17043354,978707940.7612014,993627634.645902,1000000000.0,2026-09-23,,
579,USDK,USDK,usdk,1.000659837502553,1.61845945,-0.96547515,1.65089106,28618943.400081314,22.24954093,28600072.0,28600072.0,,2026-09-23,,
580,SKALE,SKL,skale-network,0.004620563078051211,1.32386772,-0.14843416,31.09546626,28611193.497506097,8580620.91369667,6192144337.0,6342291667.0,7000000000.0,2026-09-23,,
581,SLT,SLT,slt-game,3.3664218948897338,0.56195861,0.74551929,12.27893238,28614586.106562737,13662.76373554,8500000.0,100000000.0,100000000.0,2026-09-23,,
582,Defi App,HOME,defi-app,0.006588157985050027,1.38541729,-3.85460654,23.95566744,28561985.22392115,17479718.41888699,4335352201.44,10000000000.0,10000000000.0,2026-09-23,,
583,Civic,CVC,civic,0.02853955578890411,0.62432392,3.90164158,-1.62972594,28539555.78890411,10792477.73144602,1000000000.0,1000000000.0,,2026-09-23,,
584,Metis,METIS,metisdao,3.5984732792274308,0.88856529,2.13926896,27.08321769,28530615.734498087,2755795.91557716,7928533.442,10000000.0,10000000.0,2026-09-23,,
585,Velvet,VELVET,velvet,0.06136481285310858,0.08934396,5.82011742,19.93022983,28462128.20095096,4284370.67526005,463818381.8645696,1000000000.0,1000000000.0,2026-09-23,,
586,Canopy,CNPY,canopy,0.4228344356805263,0.53042183,3.06436477,13.65638766,28383055.787822563,51900721.71823651,67125696.0,233754000.0,560000000.0,2026-09-23,,
587,Cyber,CYBER,cyberconnect,0.3646777434513154,1.46282619,9.95627192,35.41891648,28370463.530016895,12590116.39764402,77795983.0,100000000.0,100000000.0,2026-09-23,,
588,Pipedog,PIPEDOG,pipedog,0.002279438081414481,0.84975076,-1.19682606,-0.11390819,28141210.652928498,4182407.62228425,12345678912.0,12345678912.0,12345678912.0,2026-09-23,,
589,Swarm Network,TRUTH,swarm-network-ai,0.0135586518122299,0.32788635,-0.13715897,-1.69175689,28273928.484897614,1205842.76482357,2085305300.0,10000000000.0,10000000000.0,2026-09-23,,
590,Frax (prev. FXS),FRAX,frax-share,0.30175881608191946,1.25960631,3.64784036,15.9712388,28244038.069011215,728989.90387737,93598054.35259831,99681495.59113361,99681495.59113361,2026-09-23,,
591,Gensyn,AI,gensyn,0.021536429143812163,0.70668,1.02472343,14.13903623,28098047.434105456,2736403.07152123,1304675313.0,10000000000.0,10000000000.0,2026-09-23,,
592,Cartesi,CTSI,cartesi,0.029630609212242788,0.77106303,0.48115914,22.36199771,28066085.480811466,3860317.46444413,947199069.7111657,1000000000.0,1000000000.0,2026-09-23,,
593,Pax Dollar,USDP,paxos-standard,0.9966583948812651,0.01145346,-0.21738847,0.21508374,27990461.741953123,361560.51252307,28084308.41069443,28084308.41069443,,2026-09-23,,
594,Playnance,GCOIN,playnance,0.0011173687853291733,3.15479125,16.85876717,-18.70224548,27963271.221647892,287934.02094112,25026000000.0,77000000000.0,77000000000.0,2026-09-23,,
595,AI Companions,AIC,ai-companions,0.037178550380991875,5.36973689,43.51500657,25.00055644,27883901.63217879,254399.67536588,749999700.0,1000000000.0,1000000000.0,2026-09-23,,
596,Cysic,CYS,cysic,0.17298098419078384,0.71877784,9.147936,33.28664917,27815342.257878043,15825793.77288548,160800000.0,1000000000.0,1000000000.0,2026-09-23,,
597,Degen,DEGEN,degen-base,0.0011344969219593164,2.07767043,1.90699905,17.90667635,27802553.63227704,2993075.91636306,24506504243.538223,36296303431.12809,,2026-09-23,,
598,Velodrome Finance,VELO,velodrome-finance,0.03027397063781016,1.16763919,1.4130703,33.25399873,27706813.94566413,2455050.15700304,915202511.0,2615883401.6465106,,2026-09-23,,
599,Usual,USUAL,usual,0.01418757476745137,0.83127748,0.04866896,28.71709772,27554334.426676895,13903317.04784141,1942145495.500124,1942145495.500124,3000000000.0,2026-09-23,,
600,Burnedfi,BURN,burnedfi-app,2.2425135244417964,-0.13268715,-4.89713131,-3.54605679,27519702.658283696,56774.20187782,12271811.23250254,12271811.23250254,21000000.0,2026-09-23,,
601,Electronic USD,eUSD,electronic-usd,1.0006583138675225,0.09395006,-0.04034347,0.17963698,27512811.149534825,252490.92709076,27494711.0,27494711.0,,2026-09-23,,
602,GMT,GMT,green-metaverse-token,0.008755333424287026,0.60759483,1.32644291,23.02896368,27241345.77429784,8370630.32072888,3111400155.102167,5073850155.102167,,2026-09-23,,
603,Uquid Coin,UQC,uquid-coin,2.7113986520977367,0.00086707,0.02192348,0.49793982,27113986.520977367,38643.21244546,10000000.0,40000000.0,,2026-09-23,,
604,OpenEden,EDEN,openeden,0.06370416913783228,0.8277555,5.7164266,38.96588322,27074878.354140885,4992095.15995708,425009520.1078732,1000000000.0,1000000000.0,2026-09-23,,
605,Bounce Token,AUCTION,bounce-token,3.891893190124122,1.413277,5.31564366,18.93127822,27011323.229536436,8025900.67993762,6940407.12578625,7641035.64836274,10000000.0,2026-09-23,,
606,Tokenised GBP,TGBP,tokenised-gbp,1.3335388520238423,0.00152729,-0.27037521,-1.00686919,26813949.87892979,161975.11390234,20107363.08,20107363.08,,2026-09-23,,
607,SATS (Ordinals),SATS,sats-ordinals,1.2753371079226311e-08,1.21620304,3.52526571,26.14677321,26782079.266375255,3920076.60562041,2100000000000000.0,2100000000000000.0,2100000000000000.0,2026-09-23,,
608,Fogo,FOGO,fogo,0.007307580026148244,1.18957336,5.21790171,21.53306468,26712205.1019154,2803129.57716581,3655410547.17606,9829410549.180784,,2026-09-23,,
609,"OpenAI
Pre-IPO stock (Republic)",preOPAI,openai-pre-ipo-stock-republic,918.8462210457345,0.18262604,-0.79995901,5.02068618,26721885.80045205,335683.57755043,29082.0,29082.0,,2026-09-23,,
610,Lorenzo Protocol,BANK,lorenzo-protocol,0.03443966736593576,0.9842659,-1.13991894,29.08860137,26724464.39439098,47125139.40133753,775979167.0004375,2100000000.0,2100000000.0,2026-09-23,,
611,Everything,EV,everything,0.0002663933491614559,-0.03392375,5.6174658,8.00703107,26639334.91614559,482238.71949256,100000000000.0,100000000000.0,100000000000.0,2026-09-23,,
612,MetYa,MY,metya,0.026820060286944232,0.95056949,0.41107533,6.50350747,26456497.043338597,114226.78389058,986444353.9754975,994243267.9861139,1000000000.0,2026-09-23,,
613,DOGS,DOGS,dogs,5.1103374044692906e-05,0.90718899,2.12604911,10.28049703,26407668.53759506,5796826.0249917,516750000000.0,545217353977.2271,550000000000.0,2026-09-23,,
614,Liquity USD,LUSD,liquity-usd,1.0087577844827427,-0.08336021,0.22294907,-0.07085242,26379972.210799895,7514.94078192,26150947.84554913,26150947.84554913,,2026-09-23,,
615,OKZOO,AIOT,okzoo,0.05013038926752736,0.23311776,0.14552821,10.36325611,26330986.912638355,701538.64598139,525249999.0,1000000000.0,1000000000.0,2026-09-23,,
616,COINDEPO,COINDEPO,coindepo,0.10514592593116537,-0.0468891,0.78313761,-2.15285453,26320005.78923153,1584633.89244939,250318836.0,1000000000.0,1000000000.0,2026-09-23,,
617,ANyONe Protocol,ANYONE,anyone-protocol,0.26788318696809627,-0.19106746,-7.23715715,41.24091138,26212360.61368517,580502.57762961,97849965.5404165,100000000.0,100000000.0,2026-09-23,,
618,iShares Silver Trust Tokenized ETF (Ondo),SLVon,ishares-silver-trust-tokenized-etf-ondo,60.066905903889115,-0.03855228,0.61132107,2.86221884,26194457.25234379,4434864.86654439,436088.00650156,436088.00650156,,2026-09-23,,
619,Yield Guild Games,YGG,yield-guild-games,0.02797267627763374,1.4535483,6.90727009,27.47159332,26163809.180805027,8334509.66442331,935334500.0358427,999716389.322777,1000000000.0,2026-09-23,,
620,IQ,IQ,iq,0.0009537821886916757,-0.48522182,7.17352352,18.61515079,26162079.585421503,2330807.85334274,27429826112.929,27429826112.929,60000000000.0,2026-09-23,,
621,Tokenlon Network Token,LON,tokenlon-network-token,0.21075809765808806,-0.00603519,0.3498066,11.10497103,26022534.563529857,0.0,123471101.95379587,140451028.83876702,200000000.0,2026-09-23,,
622,WAX,WAXP,wax,0.0056478498219029545,0.30018932,2.51810675,11.00568688,26016801.665031385,1238486.94007905,4606496717.411907,4608433461.251633,,2026-09-23,,
623,4,4,4four,0.02600974550903915,2.34404806,28.66494543,22.35035342,26009745.50903915,9414564.74802776,1000000000.0,1000000000.0,1000000000.0,2026-09-23,,
624,Impossible Cloud Network,ICNT,impossible-cloud-network,0.10263286531452515,1.29949347,6.28679991,20.99398844,25966743.961406376,1488525.84228574,253006129.0,700000000.0,700000000.0,2026-09-23,,
625,Gstock,GSTOCK,gstock,0.026178728161375574,-8.54389446,-13.15111798,7386.16629608,25869727.807403095,11430991.44095166,988196510.0799518,988196510.0799518,,2026-09-23,,
626,Abey,ABEY,abeychain,0.024556881372346465,0.11745073,0.05400255,7.50644531,25836723.114530448,10713.80826836,1052117437.9913409,1349408703.990362,1409147800.161027,2026-09-23,,
627,StrikeX,STRX,strikecoin,0.029486298877322712,0.6973775,-3.76283666,17.00174435,25732132.606656387,47800.07655217,872680993.7630533,880456959.285762,1000000000.0,2026-09-23,,
628,Xertra,STRAX,stratis-new,0.01161492195033749,1.3844833,1.16651741,9.65826674,25664563.600769956,1295836.96774065,2209619979.4114184,2209619979.4114184,,2026-09-23,,
629,Lucidum Coin,LUCIC,lucidum-coin,0.15606693553402542,0.18532159,-2.32490486,11.26104579,25611426.102250777,45510.53129032,164105395.0,210000000.0,210000000.0,2026-09-23,,
630,Hunter Biden's Laptop,LAPTOP,hunter-biden-s-laptop,0.07311818807670342,-1.80874907,-14.6390241,-70.14428335,25591365.813938603,8747462.67109073,349999999.82346946,982499999.8234694,982499999.8234694,2026-09-23,,
631,MiL.k,MLK,milk-alliance,0.04420971093776299,0.23372828,1.0628232,14.29791557,25415948.797366377,1596032.33065481,574895158.9651,986245419.0,986245419.0,2026-09-23,,
632,Smooth Love Potion,SLP,smooth-love-potion,0.0006967917385624092,1.19714289,3.21202356,16.4314836,25321397.8922986,1808790.62392741,36339980070.0,36339980070.0,,2026-09-23,,
633,Block Street,BSB,block-street,0.1071173701128512,0.94362851,1.75376294,17.07282532,25311834.557666738,8049996.73801135,236300000.0,1000000000.0,1000000000.0,2026-09-23,,
634,Cetus Protocol,CETUS,cetus-protocol,0.02618869802699901,0.25544076,-3.06192289,31.88076862,25277786.783306833,3861752.90377584,965217391.0,1000000000.0,1000000000.0,2026-09-23,,
635,Power Protocol,POWER,powerprotocol,0.12026087330259896,-0.26118621,-1.30674502,-24.45881981,25254783.39354578,3777182.69516976,210000000.0,1000000000.0,1000000000.0,2026-09-23,,
636,KiiChain,KII,kiichain,0.08074982860418863,-0.02919901,-0.12862712,-3.3236335,25230283.947378736,59529509.9387785,312450000.0,1800000000.0,1800000000.0,2026-09-23,,
637,Victoria VR,VR,victoria-vr,0.0015021918265387573,-0.0100912,0.33665499,0.21501449,25236822.685851123,637884.67346046,16800000000.0,16800000000.0,16800000000.0,2026-09-23,,
638,ArcBlock,ABT,arcblock,0.25511233640721387,0.55698706,12.88613985,41.3527522,25142419.123863406,343732.68316513,98554305.44029327,186000000.0,186000000.0,2026-09-23,,
639,Big Time,BIGTIME,big-time,0.008697714241028621,1.17088285,5.25201584,21.22867619,25127272.688724995,13299991.95625932,2888951279.8886065,5000000000.0,5000000000.0,2026-09-23,,
640,UNS TOKEN,UNS,uns-token,0.23611668296460053,0.0,0.0,-0.10121107,24934913.411130268,0.0,105604200.0,1000000000.0,1000000000.0,2026-09-23,,
641,Ark of Panda,AOP,ark-of-panda,0.031596189728403876,-0.34304351,-3.4199986,20.70884061,24887265.442739453,1393552.50007469,787666666.6666666,2000000000.0,2000000000.0,2026-09-23,,
642,Firo,FIRO,firo,1.2997620108023649,0.22406352,8.74836502,34.08254862,24779582.0044469,213153.37387413,19064707.07599005,19064707.07599005,21400000.0,2026-09-23,,
643,Zest Protocol,ZEST,zest-protocol,0.16906665498644974,-0.10931132,12.7643258,33.55899254,24683731.62802166,5631455.10130492,146000000.0,1000000000.0,1000000000.0,2026-09-23,,
644,Aleo,ALEO,aleo,0.01711141481755783,1.08775664,5.45474251,9.81268978,24637924.55103123,1247320.08342663,1439853151.461826,2075956820.653606,5000000000.0,2026-09-23,,
645,WOO,WOO,wootrade,0.012972951668187033,0.89079665,1.0368922,23.89947776,24503078.743185006,1658619.95811383,1888782088.2947378,1888782088.2947378,1888782088.2947378,2026-09-23,,
646,CZ's Dog,BROCCOLI,broccoli-714,0.025123367401200334,0.85852384,22.04312166,42.4446888,24278691.9722566,28664940.22574278,966378892.7871438,966378892.7871438,1000000000.0,2026-09-23,,
647,Alphabet Tokenized bStocks,GOOGLB,alphabet-tokenized-bstocks,352.4741258059945,0.02685192,-1.32888966,2.30495117,24225999.93270042,7301091.19233174,68731.28595553896,68731.28595553896,,2026-09-23,,
648,API3,API3,api3,0.28025911768005124,1.57140441,7.29336045,24.93942056,24220547.3024448,23733791.78750671,86421978.0,184342307.5737388,,2026-09-23,,
649,Aevo,AEVO,aevo,0.0259463475145532,0.89200932,3.91856535,23.74498669,24200205.210094575,3971563.63910675,932701806.9314295,1000000000.0,1000000000.0,2026-09-23,,
650,Metaplex,MPLX,metaplex,0.05123021795508101,-1.35852232,36.16074125,59.9630103,24150359.944726717,16697219.07608839,471408495.0,999982241.0,1000000000.0,2026-09-23,,
651,Liquity,LQTY,liquity,0.24885757093573965,1.34333822,5.69785884,22.10412927,23974975.314477112,1581043.25265364,96340148.4002589,100000000.0,100000000.0,2026-09-23,,
652,RHEA Finance,RHEA,rhea-finance,0.05830437870127617,0.08651455,7.68202482,306.29510781,23881159.587018896,5559932.18045053,409594615.6870064,999424423.0258427,1000000000.0,2026-09-23,,
653,aixbt,AIXBT,aixbt,0.02382302435027426,0.88395099,3.89093896,25.01259348,23797173.20954333,6832521.01259429,998914867.3841392,998914867.3841392,1000000000.0,2026-09-23,,
654,Bless,BLESS,bless,0.0095125539683381,1.2578654,2.0720426,7.35157602,23483797.41866455,2237237.37664737,2468716340.199362,9999966340.199362,10000000000.0,2026-09-23,,
655,Chia,XCH,chia-network,1.6246997175606188,0.19278122,-1.33740113,19.97517012,23414727.161761027,965983.56558195,14411726.0,33191992.0,,2026-09-23,,
656,Boundless,ZKC,boundless,0.04322896036690473,0.54174112,3.09329928,13.57078365,23332251.138930783,7869109.61965146,539736578.0,1072223726.0,,2026-09-23,,
657,Solv Protocol,SOLV,solv-protocol,0.0042066271229793985,0.25606326,-0.07799287,-11.05275231,23329000.528780714,4354452.60783852,5545773334.97,9660000000.0,9660000000.0,2026-09-23,,
658,Celer Network,CELR,celer-network,0.002974198039114027,0.87805742,-9.25938089,48.26133914,23250567.44993595,10761268.55863144,7817424106.9912,10000000000.0,10000000000.0,2026-09-23,,
659,WhiteRock,WHITE,whiterock,3.5727813899060194e-05,0.0,1.05841902,0.29819955,23223079.034389127,0.0,650000000000.0,1000000000000.0,1000000000000.0,2026-09-23,,
660,Gigachad,GIGA,gigachad-meme,0.0024905115619992704,3.84532437,5.7672032,24.92802341,23167764.36154346,2443920.60722347,9302411888.0,9603935545.16,10000000000.0,2026-09-23,,
661,Isiklar Coin,ISIKC,isiklar-coin,0.23094143585872037,0.0,0.00055511,21.14027158,23094143.585872035,0.0,100000000.0,100000000.0,100000000.0,2026-09-23,,
662,Oho,OHO,oho,0.0009535147451388748,0.29747435,1.52228562,14.00092423,23002490.910439353,140647.8690445,24123896382.0,45000000000.0,45000000000.0,2026-09-23,,
663,Trusta.AI,TA,trusta-ai,0.0582730340927183,-0.88109475,7.23424753,14.49347469,22702221.72632687,5128557.42621912,389583657.0,1000000000.0,1000000000.0,2026-09-23,,
664,Biconomy,BICO,biconomy,0.022816108749161887,0.95079312,1.5129303,24.25665902,22816108.749161888,6860500.39078922,1000000000.0,1000000000.0,1000000000.0,2026-09-23,,
665,Brevis,BREV,brevis,0.08975999429904065,0.71971695,0.69452885,25.00489203,22439998.57476016,14057048.54859104,250000000.0,1000000000.0,1000000000.0,2026-09-23,,
666,Capybobo,PYBOBO,capybobo,0.0005684417070044768,-1.16981805,2.49257469,24.29133775,22380813.209001716,986341.26062667,39372222223.0,100000000000.0,100000000000.0,2026-09-23,,
667,Codatta,XNY,codatta,0.006503652402396152,0.17007959,3.67884041,4.45705304,22361724.843572102,1091278.24371336,3438333333.3333335,10000000000.0,10000000000.0,2026-09-23,,
668,NaoX Protocol,NAORIS,naoris-protocol,0.04118701055810053,0.18742851,11.07672992,23.21912626,22332880.235898126,1800369.43571105,542231153.3,4000000000.0,4000000000.0,2026-09-23,,
669,OpenServ,SERV,openserv,0.028969621892017145,-2.3535176,1.0987376,50.68869637,22306608.856853202,797998.58023903,770000000.0,1000000000.0,1000000000.0,2026-09-23,,
670,Grvt,GRVT,grvt,0.1951237731234733,0.17740378,3.70471875,17.45596308,22305052.753888063,7144547.62373836,114312328.0,1000000000.0,1000000000.0,2026-09-23,,
671,Fabric Protocol,ROBO,fabric-foundation,0.009990916636737034,1.63368649,4.6893904,22.3177557,22289735.016560324,7056337.02290459,2231000000.0,10000000000.0,10000000000.0,2026-09-23,,
672,Definitive,EDGE,definitive,0.08467980345387086,-1.1716324,4.15029735,28.66377748,22211408.956364576,2980235.87998951,262298777.87168214,1000000000.0,1000000000.0,2026-09-23,,
673,Bonfida,FIDA,bonfida-sns,0.022126087876901006,0.67369411,2.6075304,18.51146881,21924979.74221424,7451636.38165058,990910813.705268,990910813.705268,,2026-09-23,,
674,Worldwide USD,WUSD,worldwide-usd,0.9960583095516488,0.0,0.0,0.0,21792071.478388622,0.0,21878309.0,658895.223364,,2026-09-23,,
675,SNC SCANDIC COIN,SNC,scandic-coin,0.17042244446678168,-0.04349682,-0.6431148,-3.60248932,21747591.948273785,153053.83925329,127609905.0,1000000000.0,1000000000.0,2026-09-23,,
676,Shentu,CTK,shentu,0.13229407752014158,0.17005276,2.27671947,8.50064198,21722409.57895038,1244797.36140855,164197899.0,164197899.0,,2026-09-23,,
677,QANplatform,QANX,qanplatform,0.011937597534550684,-0.3021104,-6.86326661,1.96970609,21633165.985257838,54490.69800357,1812187579.8413806,2200000000.0,3333333000.0,2026-09-23,,
678,SPDR S&P 500 Trust Tokenized ETF (Robinhood),SPY,spdr-sp-500-trust-tokenized-etf-robinhood,773.2706112224073,-0.02572881,-0.04663096,2.18827743,21572736.24446041,24127593.44163964,27898.042330042314,27898.042330042314,,2026-09-23,,
679,Pocket Network,POKT,pocket-network,0.009075097232604702,0.66886034,1.09072078,13.13070631,21559868.82772322,467565.26493501,2375717667.273432,2375717667.273432,,2026-09-23,,
680,OVERTAKE,TAKE,overtake,0.06063156162715815,1.17847946,3.68126561,1.97357826,21361678.081332095,821370.09008986,352319444.0,1000000000.0,1000000000.0,2026-09-23,,
681,Tutorial,TUT,tutorial,0.025671673620636652,0.11507118,14.69616647,30.75370041,21334323.405140657,24834512.84232548,831045288.2974744,831045288.2974744,1000000000.0,2026-09-23,,
682,Freysa,FAI,freysa-ai,0.0025983111220026518,1.39507213,2.64210128,17.19813179,21279388.59586512,267033.24471041,8189700000.0,8189700000.0,8189700000.0,2026-09-23,,
683,Perle,PRL,perle,0.12108141735804097,0.36565395,3.02262305,12.90082118,21189248.03765717,5118606.78724277,175000000.0,1000000000.0,1000000000.0,2026-09-23,,
684,ChainGPT,CGPT,chaingpt,0.022636414503901647,1.43403305,5.2258174,21.75677474,21121195.92144106,4961514.31304281,933062783.3220043,997766421.9854141,1000000000.0,2026-09-23,,
685,Intel Tokenized Stock (Ondo),INTCon,intel-tokenized-stock-ondo,123.04417025874932,-0.09337793,0.15917186,25.88714498,21073543.557208646,2532770.74724651,171268.11869992,171268.11869992,,2026-09-23,,
686,Goatseus Maximus,GOAT,goatseus-maximus,0.021020981356708178,2.31708924,14.10137639,33.80227997,21020536.06588928,8207565.46914725,999978816.839645,999978816.839645,1000000000.0,2026-09-23,,
687,Sonic SVM,SONIC,sonic-svm,0.027002049400389225,0.6290292,3.31963649,29.62757595,21041336.367415898,6933630.54210909,779249606.4062676,2399996092.1039987,,2026-09-23,,
688,Symbol,XYM,symbol,0.0032126823292601167,0.22560828,-0.17543081,8.17348617,21018253.57717369,84810.77427606,6542275713.271101,8560284458.807498,8999999999.0,2026-09-23,,
689,Enso,ENSO,enso,1.020533596798763,0.36001911,2.24764678,13.00019839,21012786.75808653,7226497.2913345,20590000.0,100000000.0,127339703.0,2026-09-23,,
690,Moonbirds,BIRB,moonbirds,0.07370841962593586,0.40849821,7.3125571,21.43146948,21006899.59339172,3913403.24354322,285000000.0,1000000000.0,1000000000.0,2026-09-23,,
691,Gradients,SN56,gradients,5.018208708837389,1.42108891,0.77277483,43.02319074,20953726.173890162,71110.62609331,4175539.0,4175539.0,21000000.0,2026-09-23,,
692,Cobak Token,CBK,cobak-token,0.2095023806389074,0.00150042,1.10874549,13.44441206,20950238.06389074,2540372.35678969,100000000.0,100000000.0,100000000.0,2026-09-23,,
693,Chromia,CHR,chromia,0.021343457979369474,2.04267012,17.63734582,39.64364492,20874583.067013394,44640996.59858076,978031914.3782,978031914.3782,978064789.0,2026-09-23,,
694,dKargo,DKA,dkargo,0.0041718804381602,-0.03242505,1.65313562,11.2319138,20859402.190801,1767668.14625753,5000000000.0,5000000000.0,5000000000.0,2026-09-23,,
695,Orbler,ORBR,orbler,0.020502137171084525,-0.00116701,0.0061723,13.27479566,20821698.857635926,114.9907322,1015586750.0,2000000000.0,2000000000.0,2026-09-23,,
696,Audius,AUDIO,audius,0.01425758604723714,0.66867364,4.47785058,14.33214329,20778195.646628343,17867288.93279412,1457343170.0,1457343170.0,,2026-09-23,,
697,QuarkChain,QKC,quarkchain,0.002851711646341317,-0.06639589,2.81991197,21.38661722,20738218.449732672,1162025.97033947,7272200356.0,10000000000.0,,2026-09-23,,
698,Roundhill Memory ETF Tokenized bStocks,DRAMB,roundhill-memory-etf-tokenized-bstocks,63.06792191650038,0.11544091,1.06544621,13.45190975,20741596.13086646,3452015.80296943,328877.11376201,328877.11376201,,2026-09-23,,
699,MESSIER,M87,messier,2.3375914066507556e-05,-0.70022692,-7.5615331,65.64171388,20684090.92930263,236228.52092605,884846293944.0,884846293944.0,884846293944.0,2026-09-23,,
700,MediBloc,MED,medibloc,0.0017894309627308818,-0.08707538,1.39129331,14.26072536,20647488.216571532,314667.36705076,11538577708.0,12328795620.0,,2026-09-23,,
701,Edel,EDEL,edel,0.030322434657088275,0.19323494,-1.31360436,17.96072629,20568212.070751846,3720223.61430398,678316642.5570564,1000000000.0,1000000000.0,2026-09-23,,
702,Solend,SLND,solend,0.2053190390158125,0.05412227,-0.34931332,-5.34385249,20531903.90158125,53.38387712,100000000.0,100000000.0,,2026-09-23,,
703,SanDisk Tokenized bStocks,SNDKB,sandisk-tokenized-bstocks,1876.8733053274655,0.09978343,4.93129136,22.55248106,20493646.81524348,109254796.68841726,10919.03580123,10919.03580123,,2026-09-23,,
704,GameBuild,GAME,gamebuild,0.0010489018612792782,-0.09257214,1.19953081,17.85167869,20473099.259616535,369884.99033898,19518603232.0,21419639000.0,21419639400.0,2026-09-23,,
705,The Interfold,FOLD,interfold,0.061888875818599275,-1.16305459,4.71610573,17.66378984,20402569.64945286,4307793.15933757,329664570.2412539,1200000000.0,1200000000.0,2026-09-23,,
706,WalletConnect Token,WCT,walletconnect-token,0.04519876567101483,1.10371748,6.24026256,29.09415426,20425669.649643313,8279203.30260628,451907687.0,1000000000.0,1000000000.0,2026-09-23,,
707,Tensor,TNSR,tensor,0.03870558816887396,1.17383568,0.02577657,14.91214186,20393164.59325005,10062139.49431622,526879077.6224326,783790872.360011,,2026-09-23,,
708,Alphabet Class A Tokenized Stock (Ondo),GOOGLon,alphabet-class-a-tokenized-stock-ondo,353.3555607290302,0.07052332,-1.3210582,2.23288952,20362482.22093635,13460256.33291255,57626.04153993,57626.04153993,,2026-09-23,,
709,Janction,JCT,janction,0.0017684506429554406,0.6131314,6.4745229,16.13888772,20326019.04930391,2828793.14858616,11493687500.0,50000000000.0,50000000000.0,2026-09-23,,
710,Pixels,PIXEL,pixels,0.0058080059847837725,0.95356278,6.44618062,25.3345468,20139830.824868355,7421557.24174787,3467598152.9,5000000000.0,5000000000.0,2026-09-23,,
711,UPCX,UPC,upcx,0.14026885439899667,0.13546475,10.27098451,5.02900394,20136549.083498035,13097190.90609317,143556808.6,780000000.0,780000000.0,2026-09-23,,
712,Tesla Tokenized bStocks,TSLAB,tesla-tokenized-bstocks,378.87950296252893,0.03031992,0.69401851,6.13765732,20123035.635415185,9735153.75052623,53111.96693954,53111.96693954,,2026-09-23,,
713,NVIDIA Tokenized Stock (Robinhood),NVDA,nvidia-tokenized-stock-robinhood,228.16496690725262,-0.00381031,0.30104676,7.21393217,20057047.268693168,26030453.8895193,87905.90220998393,87905.90220998393,,2026-09-23,,
714,NYM,NYM,nym,0.02375661375758249,0.02134405,-4.88566562,8.98392898,19982966.833958946,2160016.23947512,841153837.742591,1000000000.0,1000000000.0,2026-09-23,,
715,Adventure Gold,AGLD,adventure-gold,0.21507150020639543,0.86152427,3.36143564,26.24744581,19965087.579231188,5957743.66410047,92830001.0,92830001.0,96000000.0,2026-09-23,,
716,Sapien,SAPIEN,sapien-io,0.07981983892897374,0.96029327,1.87778859,10.98933072,19954959.732243434,2607446.61309552,250000000.0,1000000000.0,1000000000.0,2026-09-23,,
717,pippin,PIPPIN,pippin,0.01975368586549913,1.08864786,4.33491167,19.44196465,19753611.848438192,3055275.32465652,999996253.0,999996253.0,,2026-09-23,,
718,PolySwarm,NCT,polyswarm,0.010416050378410154,0.06166533,0.43106457,12.17850313,19639471.133843742,407495.81810358,1885500782.0,1885913076.0,1885913076.0,2026-09-23,,
719,Comtech Gold,CGO,comtech-gold,139.310584429751,0.07282081,-0.32779417,0.02737661,19642792.40459489,923822.15292645,141000.0,141000.0,141000.0,2026-09-23,,
720,siren,SIREN,siren-bsc,0.02706114904077654,0.82586375,1.02571261,5.64061838,19581164.85846225,1565784.19826897,723589557.4484577,723589557.4484577,,2026-09-23,,
721,BitMart Token,BMX,bitmart-token,0.06037538503820952,0.32024618,1.47417513,17.05958089,19578627.42463394,648157.93622551,324281615.96391135,626297236.4413097,881679315.0,2026-09-23,,
722,Animecoin,ANIME,anime,0.0035164788993258655,0.77385637,4.75793014,23.39045137,19476386.404531993,5700006.28799218,5538604656.0,10000000000.0,,2026-09-23,,
723,STBL,STBL,stbl,0.027648872366506982,0.11863661,4.22246362,14.10046008,19354210.65655489,1908797.30227583,700000000.0,10000000000.0,10000000000.0,2026-09-23,,
724,Fusionist,ACE,fusionist,0.17491826313722988,0.59349546,0.51573873,16.56289325,19337594.262124825,17232892.893603,110552174.0,146307870.0,147000000.0,2026-09-23,,
725,Taiko,TAIKO,taiko,0.09372927675002679,0.89290086,1.3841618,24.40698637,19331228.164993692,4329551.38409842,206245357.2169292,1000000000.0,1000000000.0,2026-09-23,,
726,Orochi Network,ON,orochi-network,0.13395962074433812,4.26361944,-1.11135472,-17.63703379,19327024.28288938,9044537.06642628,144275000.0,700000000.0,1000000000.0,2026-09-23,,
727,Cheelee,CHEEL,cheelee,0.3377206528809189,-0.0609015,-0.34684406,-1.17265752,19192028.265138052,196457.2480418,56828115.48959432,1000000000.0,1000000000.0,2026-09-23,,
728,Adshares,ADS,adshares,0.4950751018203473,0.15181381,0.73796327,8.53359633,19184012.199545532,401693.82605912,38749701.063551,38758206.0,38758206.0,2026-09-23,,
729,AVA (Travala),AVA,ava,0.2578246304571086,0.8147146,0.55042798,63.9367039,19175413.74364262,18626505.17576124,74373863.0,74373863.0,100000000.0,2026-09-23,,
730,Micron Technology tokenized stock (xStock),MUx,micron-technology-tokenized-stock-xstock,1092.3569069826644,0.17620247,3.91375491,17.58556989,19157975.18159945,2910634.26733728,17538.20116771,197603.57600895,,2026-09-23,,
731,Cluster Protocol,CP,cluster-protocol,0.014002954397196402,1.30387885,-0.695281,14.96929091,19171328.179702837,15281611.24449823,1369091667.08,5000000000.0,5000000000.0,2026-09-23,,
732,Epic Chain,EPIC,epic-chain,0.5680811210414907,0.59994158,-10.71980148,68.00690377,19087525.666994087,15524585.75453327,33600000.0,33600000.0,33600000.0,2026-09-23,,
733,iShares 20+ Year Treasury Bond Tokenized ETF (Ondo),TLTon,ishares-20-year-treasury-bond-tokenized-etf-ondo,85.34632234375262,-0.06073559,-0.11432043,1.02392617,18954183.008118354,937492.93117609,222085.52738542,222085.52738542,,2026-09-23,,
734,MetaMUI,MMUI,metamui,0.03979356579511828,-0.00831119,2.8523978,24.45946511,18951546.074302707,1184485.65737328,476246491.0,800000000.0,800000000.0,2026-09-23,,
735,Public Masterpiece Token,PMT,public-masterpiece-token,0.10214232208571597,0.03456044,0.86152344,-6.57916874,18874091.630902834,51849.65214163,184782284.61522582,361071410.0,2000000000.0,2026-09-23,,
736,Quantix Finance,QFI,quantix-finance,18.784072575722785,0.50614674,1.92809139,-1.78900677,18784072.575722784,1297540.34359135,1000000.0,10000000.0,10000000.0,2026-09-23,,
737,Initia,INIT,initia,0.09018403018631385,0.46334061,9.36908925,32.29135993,18751269.296350475,3433145.4246097,207922281.335306,1000000000.0,1000000000.0,2026-09-23,,
738,DIA,DIA,dia,0.1561621875163564,2.83831192,9.81668057,34.11709142,18688882.19407497,3451978.75342417,119676104.0,168817248.0,200000000.0,2026-09-23,,
739,DODO,DODO,dodo,0.0186588086906837,1.02939864,-0.58440841,5.97130657,18658808.6906837,6564789.06057118,1000000000.0,1000000000.0,1000000000.0,2026-09-23,,
740,Mira,MIRA,mira-network,0.05509914684498279,0.09661964,2.07341979,22.82572174,18564590.38071168,5456599.60912895,336930632.21,1000000000.0,1000000000.0,2026-09-23,,
741,Sandisk Corporation tokenized stock(xstock),SNDKX,sandisk-corporation-xstock,1875.3720796372397,0.16082243,4.87780126,22.47135305,18496218.130482316,5094554.49727302,9862.6924925,67575.63458759,,2026-09-23,,
742,Fulcrom Finance,FUL,fulcrom-finance,0.0011028016455355409,1.35653384,2.13013294,25.40032929,18423842.09075093,8356.48339314,16706396989.282663,20000000000.0,,2026-09-23,,
743,Citrea,CTR,citrea,0.01221966922916553,0.07843591,3.04391963,7.31062362,18329503.843748294,6618447.44195016,1500000000.0,10000000000.0,10000000000.0,2026-09-23,,
744,DebtReliefBot,DRB,debtreliefbot,0.00018573236478707067,-1.51714588,-5.25807966,14.53299731,18328944.257101275,619583.72677863,98684708387.33003,98684708387.33003,100000000000.0,2026-09-23,,
745,SynFutures,F,synfutures,0.0037521210677179825,-0.14209195,2.92619999,19.02117212,18304230.354330216,5790426.88088789,4878368801.0,10000000000.0,10000000000.0,2026-09-23,,
746,Rujira,RUJI,rujira,0.22841650720844217,-0.34205534,0.05264385,14.7035013,18261899.751314953,1319.96386591,79950000.0,100000000.0,100000000.0,2026-09-23,,
747,Simon's Cat,CAT,simonscat,2.3417941782392487e-06,0.54503113,5.74031743,19.35333902,18244746.915034067,3633585.14177762,7790926753755.939,8098237698505.2295,9000000000000.0,2026-09-23,,
748,Coinbase Tokenized bStocks,COINB,coinbase-tokenized-bstocks,201.76187927245283,0.0884784,2.41400471,17.32149809,18209314.9743045,8080208.28531994,90251.51351666,90251.51351666,,2026-09-23,,
749,Felysyum,FELY,felysyum,0.415951769755025,0.44358744,-1.04707149,-0.17266248,18205061.35124469,1141051.69379306,43767241.0,500000000.0,500000000.0,2026-09-23,,
750,Basecat,BASECAT,basecat,0.018189065332562006,-0.23604614,2.82634152,-6.17155776,18189064.41677967,3890979.35806269,999999949.6520399,999999949.6520399,1000000000.0,2026-09-23,,
751,Spell Token,SPELL,spell-token,9.315805560018633e-05,0.83577443,1.99277243,15.72867994,18188392.901338123,2361661.47873428,195242298523.26096,196008739620.0,,2026-09-23,,
752,Stargate Finance,STG,stargate-finance,0.1298601773635811,1.58132722,8.49816391,-10.31390342,18162306.625618447,17826181.93490736,139860479.12723714,1000000000.0,1000000000.0,2026-09-23,,
753,Tether Gold Tokens,XAUT0,tether-gold-tokens,4351.178876806081,0.04579246,0.09247231,0.50991095,18077494.772102542,704434.70425111,4154.619997,4154.619997,,2026-09-23,,
754,Umia,UMIA,umia,0.7411139340599138,-2.36036145,-1.88716981,24.24491474,18046013.12726879,80255.17207043,24349850.0,50000000.0,50000000.0,2026-09-23,,
755,Treasure,MAGIC,magic-token,0.05291432174447594,1.93225417,6.39567607,26.75365218,17863793.601221405,5394636.88658841,337598461.29155606,347687042.97175324,,2026-09-23,,
756,MAX Exchange Token,MAX,max-exchange-token,0.2610972133259177,-0.0694392,0.79634904,1.40935892,17841074.54439477,80172.93169459,68331156.49581613,285000000.0,500000000.0,2026-09-23,,
757,Tesla Tokenized Stock (Ondo),TSLAon,tesla-tokenized-stock-ondo,378.71180154148743,0.03394225,0.66738267,6.12628698,17803843.473691322,4458713.48846296,47011.58876281,47011.58876281,,2026-09-23,,
758,Argus,ARGUS,argus-arc,0.017733330407327958,3.08737089,9.67614146,-23.64136718,17733330.407327957,3730191.83582532,1000000000.0,1000000000.0,1000000000.0,2026-09-23,,
759,Solstice,SLX,solstice,0.07295509992401843,-0.80396242,9.98699285,21.87608384,17717454.105934855,16741700.18685583,242854223.0,1000000000.0,1000000000.0,2026-09-23,,
760,ICON,ICX,icon,0.016084329282533238,2.14870416,-7.09194816,23.38072842,17649962.039026394,3421457.35657409,1097339014.203928,1108792074.2180953,,2026-09-23,,
761,Bitlayer,BTR,bitlayer,0.05295411808256324,3.06637882,5.91071575,4.86164671,17648861.27453219,3426221.76205412,333285907.0,1000000000.0,1000000000.0,2026-09-23,,
762,Xai,XAI,xai-games,0.008327548318171955,1.20523254,4.4794125,21.86879135,17569894.722412445,4558742.46657921,2109852029.8071775,2218684646.7478,2500000000.0,2026-09-23,,
763,Constellation,DAG,constellation,0.0060890141541058715,0.20129389,2.8729004,-7.91577826,17496467.47939371,588835.93380935,2873448318.0,3003804388.0,,2026-09-23,,
764,Test,TST,test-token-bsc,0.018608427119091067,1.67945262,13.82974307,25.50598154,17436833.42941401,38714891.55636936,937039617.4712114,937039617.4712114,,2026-09-23,,
765,YieldBasis,YB,yieldbasis,0.09432543364257917,0.80787767,6.26213129,18.60128018,17343164.597117312,4442384.51851869,183865198.67838153,752221242.4440547,1000000000.0,2026-09-23,,
766,Coin98,C98,coin98,0.017320258960718576,0.5583988,5.43833681,28.52184052,17320238.938499216,10374677.41061547,999998844.0,1000000000.0,,2026-09-23,,
767,iShares Core MSCI EAFE Tokenized ETF (Ondo),IEFAon,ishares-core-msci-eafe-tokenized-etf-ondo,101.82029696523836,0.30935124,0.15523243,0.93245451,17288049.223154977,1575634.27207414,169789.81341075,169789.81341075,,2026-09-23,,
768,4Stock,4Stock,4stock,0.017254111006632517,0.1660076,64.04440345,87.22480583,17254111.006632518,27350435.24127796,1000000000.0,1000000000.0,1000000000.0,2026-09-23,,
769,Portal,PORTAL,portal-gaming,0.01968301467887229,0.08179211,-0.40820351,5.21776754,17198856.73476466,9478373.48304374,873791795.3811152,1000000000.0,1000000000.0,2026-09-23,,
770,Mey Network,MEY,mey-network,0.06044132580549539,-0.17905212,1.05427137,6.68517021,17184030.00514303,1123613.49065385,284309283.03,2300000000.0,2300000000.0,2026-09-23,,
771,Newton Protocol,NEWT,newton-protocol,0.05090143104951062,0.31232785,2.37508366,26.12299178,17178953.79572341,12841078.39573875,337494515.21341014,1000000000.0,1000000000.0,2026-09-23,,
772,Marvell Technology Tokenized Stock (Ondo),MRVLon,marvell-technology-tokenized-stock-ondo,261.25373940689684,0.07011481,0.18877756,16.68620339,17163957.511242036,5006691.53205139,65698.41851913,65698.41851913,,2026-09-23,,
773,Divi,DIVI,divi,0.0035786479465345768,-3.96071809,-0.65565826,-4.56825815,17099170.73054829,0.0,4778109214.991784,4778109214.991784,,2026-09-23,,
774,JOE,JOE,joe,0.037398747330169395,0.32182877,1.39327134,33.38593122,17098021.27413117,5500616.75206066,457181657.0,464573155.0,500000000.0,2026-09-23,,
775,Intel Tokenized bStocks,INTCB,intel-tokenized-bstocks,123.30549892270092,0.07050397,0.21816604,26.10686469,17054929.157338087,12462667.093289,138314.42479325,138314.42479325,,2026-09-23,,
776,ARPA,ARPA,arpa-chain,0.011213211748232735,1.42265751,4.51384552,20.40011057,17039446.29749841,13500573.89772916,1519586598.3877385,1999999999.9877386,,2026-09-23,,
777,HarryPotterObamaSonic10Inu (ERC-20),BITCOIN,harrypotterobamasonic10inu-eth,0.016893469402428037,-1.00614202,-0.14009021,16.43302197,16890059.540096503,629401.70246072,999798155.0,999798155.0,999798155.0,2026-09-23,,
778,Apertum,APTM,apertum,0.0855892638351261,-0.07169839,7.722197,-2.41740686,16878051.940180875,331086.07948244,197198237.06737,197494584.01696,2100000000.0,2026-09-23,,
779,Katana,KAT,katana-network,0.005148358277983503,1.39808827,5.74984634,22.04031704,16811928.937622122,9790527.08434692,3265493198.0,10000000000.0,10000000000.0,2026-09-23,,
780,Saga,SAGA,saga,0.040264046420839465,0.46763006,4.25192228,88.6018036,16770193.927787656,52862119.95318424,416505429.0,1104581084.0,,2026-09-23,,
781,KernelDAO,KERNEL,kerneldao,0.058401849297984545,0.90414103,-10.23677998,50.22559018,16720917.836844346,88286604.78675313,286308020.0,1000000000.0,1000000000.0,2026-09-23,,
782,Banana Gun,BANANA,banana-gun,4.161687612654571,0.24598017,1.15041751,11.91159942,16693497.575803148,4584025.11552797,4011232.73285643,8402893.46593683,10000000.0,2026-09-23,,
783,Peercoin,PPC,peercoin,0.5458100691383974,0.12418368,10.59026041,92.44398054,16615778.131984305,20548.43655873,30442417.74105335,30442417.74105335,,2026-09-23,,
784,Orderly,ORDER,orderly-network,0.04114330220700449,0.89012047,1.80793951,30.15478518,16589419.879137397,3590617.54489452,403210704.7623686,994579868.3749709,1000000000.0,2026-09-23,,
785,Goldgr,GOLDGR,goldgr,139.9791090710238,0.0,-0.24699306,1.00729661,16470425.415373221,0.0,117663.45367305,10000000000.0,100000000.0,2026-09-23,,
786,Circle Tokenized Stock (Reality),rCRCL,circle-tokenized-stock-reality,94.78818236908498,0.4777588,3.30191254,11.68894317,16361412.139787182,4405319.08251041,172610.2529963,172610.2529963,,2026-09-23,,
787,Tokamak Network,TOKAMAK,tokamak-network,0.37276899668478947,-0.6605027,2.94566677,14.53256796,16342734.82078235,426300.06615416,43841454.0,105720223.79697862,,2026-09-23,,
788,GRIFFAIN,GRIFFAIN,griffain,0.016348715806316895,-0.3685377,4.10866667,32.09388835,16346772.27098184,4852498.45807277,999881120.0,999881120.0,999881120.0,2026-09-23,,
789,Hemi,HEMI,hemi,0.006492808109199197,0.68050964,-0.75571027,-2.52802096,16291709.086471196,12468342.29711728,2509193066.0,10000000000.0,,2026-09-23,,
790,Puffer,PUFFER,puffer,0.029424214247786948,0.53249495,6.03288711,7.3503858,16245968.49116771,6614349.25056281,552129221.0,1000000000.0,1000000000.0,2026-09-23,,
791,MovieBloc,MBL,moviebloc,0.0008309839727540227,0.72695385,3.43069626,16.18088415,16350346.9245498,3706288.49929362,19675887214.0,30000000000.0,30000000000.0,2026-09-23,,
792,Graphite Protocol,GP,graphite-protocol,0.45175134013531393,0.16438133,-15.93918487,52.76868064,16171292.676867712,343999.75259129,35796889.21791332,58648953.31618604,,2026-09-23,,
793,Fartboy,FARTBOY,fartboy,0.016169100412842898,0.86265889,-2.79439284,24.53671119,16160053.105890594,1709701.62453795,999440457.0,999440457.0,999440457.0,2026-09-23,,
794,Based,BASED,basedone,0.06875368463542388,0.37738948,1.05901653,11.36517997,16157115.889324611,4711686.22014039,235000000.0,1000000000.0,1000000000.0,2026-09-23,,
795,PepeCoin,PEPECOIN,pepecoin,0.1509121097368771,0.91892983,3.87575943,19.75223361,16156230.806167,197191.74080637,107057219.16111442,107630586.03315184,133769420.0,2026-09-23,,
796,Superform,UP,superform,0.06954303750890395,-4.37645133,10.56732273,25.88335635,16060199.53926877,7817981.90926087,230939000.0,1000000000.0,1000000000.0,2026-09-23,,
797,Hermez Network,HEZ,hermez-network,3.4151115905212053,4.084e-05,0.60516424,3.73696349,16051024.475449665,6177.30530062,4700000.0,100000000.0,100000000.0,2026-09-23,,
798,Araracoin,ARARA,araracoin,0.0004427284154291049,-0.03088778,-0.05796782,0.11312986,16048905.059305053,14694.24235159,36250000000.0,100000000000.0,100000000000.0,2026-09-23,,
799,Young,YNG,young,0.5873192712215884,0.00400807,0.69910188,0.22560376,15857620.322982887,6270.69321539,27000000.0,100000000.0,100000000.0,2026-09-23,,
800,World Mobile Token,WMTX,world-mobile-token,0.018190933162842943,4.54246868,4.69772823,-41.33749091,15846816.78999024,485660.70230839,871138201.0,2000000000.0,2000000000.0,2026-09-23,,
801,MetaMask USD,mUSD,metamask-usd,0.9999934057913543,0.00270156,0.00774582,0.00345002,15838477.71911857,5828276.58280765,15838582.162034,15838582.162034,,2026-09-23,,
802,Particle Network,PARTI,particle-network,0.026524493353897755,2.32943585,4.55914678,22.03890299,15687579.746226469,12050708.24880786,591437488.9999996,1000000000.0,1000000000.0,2026-09-23,,
803,Lumia,LUMIA,lumia,0.08503629663756924,0.82530495,-0.21977944,20.26403799,15619200.256955843,1957378.03126644,183676863.5812774,238888888.0,238888888.0,2026-09-23,,
804,zkPass,ZKP,zkpass,0.05175808744414399,0.81346238,2.81370157,21.91962834,15613689.677811379,7961707.09369532,301666666.0,1000000000.0,1000000000.0,2026-09-23,,
805,wojak (wojakcto.com),WOJAK,wojaknew,5.093739472499901e-08,1.70919981,0.496784,8.31837039,15582433.808475593,854614.91863315,305913443210083.5,305913443210083.5,420690000000000.0,2026-09-23,,
806,NeuralAI,NEURAL,neuralai,1.55760399184117,-0.35990298,43.23426302,162.24750974,15576039.9184117,642010.97350409,10000000.0,10000000.0,,2026-09-23,,
807,Metadium,META,metadium,0.008859766915901969,-0.26890675,2.92295043,11.52456933,15447966.85173418,231363.7506703,1743608720.0,2000000000.0,2000000000.0,2026-09-23,,
808,Namecoin,NMC,namecoin,1.0538715191365247,0.40188613,53.89940316,6.99816504,15530272.254603483,12251.38641677,14736400.0,14736400.0,,2026-09-23,,
809,QIE Blockchain,QIE,qi-blockchain,0.1838481650266947,-0.05085296,2.22550556,2.28152025,15511102.933016554,60239.34631455,84369093.0,84369093.0,150000565.0,2026-09-23,,
810,DogBull,DOGO,dogbull,0.015289956629895515,0.0,-0.75422912,14.66893571,15442856.19619447,0.0,1010000000.0,1010000000.0,1010000000.0,2026-09-23,,
811,Undeads Games,UDS,undeads-games,0.12380572388077564,0.67381155,-0.43878919,8.14851365,15433738.805670736,194513.04004973,124660947.18313152,250000000.0,250000000.0,2026-09-23,,
812,Bubblemaps,BMT,bubblemaps,0.02100247058829782,0.02777782,4.1803912,17.22060039,15405166.12533598,4719910.50353869,733493046.0,1000000000.0,1000000000.0,2026-09-23,,
813,DeBox,BOX,debox,0.029966688845216277,0.37995628,1.37737068,30.34631634,15229442.360633558,6068.47787727,508212383.4,1000000000.0,1000000000.0,2026-09-23,,
814,Doodles,DOOD,doodles,0.001949869527219049,0.61660664,4.6259981,26.18830494,15208982.312308582,9684508.82922888,7800000000.0,10000000000.0,10000000000.0,2026-09-23,,
815,Strategy Stretch Preferred Tokenized Stock (Ondo),STRCon,strategy-stretch-perferred-tokenized-stock-ondo,104.17109307206653,-0.01346058,-0.06848688,1.51561304,15164616.416272385,1450538.14319677,145574.13164304,145574.13164304,,2026-09-23,,
816,SaucerSwap,SAUCE,saucerswap,0.016379875753746425,0.19697125,6.63890071,26.32280198,15151656.768334134,151232.03717842,925016587.190451,925216548.927303,1000000000.0,2026-09-23,,
817,Bertram The Pomeranian,BERT,bertram-the-pomeranian,0.015665588775345962,0.87075755,-20.06444405,11.49553026,15144697.57794594,1858629.95975204,966749338.0,979946262.03,979947881.0,2026-09-23,,
818,Zentry,ZENT,zentry,0.001889094053578649,0.2159643,-7.80027866,3.99521194,15130910.498173459,2675007.94659775,8009612051.612713,9706992814.355925,10000000000.0,2026-09-23,,
819,MicroStrategy Tokenized Stock (Reality),rMSTR,microstrategy-tokenized-stock-reality,169.56900259766053,0.16685764,3.01163956,31.8207586,15099421.788246421,1258593.62558031,89045.8843122,89045.8843122,,2026-09-23,,
820,AEON,AEON,aeon-xyz,0.06420464616177689,1.28509701,7.34651936,26.52631495,14998205.343391081,16019891.88939221,233600000.0,1000000000.0,1000000000.0,2026-09-23,,
821,Realio Network,RIO,realio-network,0.06616612763446751,2.03484774,22.10747037,43.87919509,14978556.276869375,547369.86589924,226378009.6005904,226378009.6005904,226516693.3199546,2026-09-23,,
822,ROGin AI,ROG,rogin-ai,0.22327164537642372,-0.93647448,1.09987252,-4.8764451,14956939.304463366,15001.96700901,66989873.61,200000000.0,,2026-09-23,,
823,MyNeighborAlice,ALICE,myneighboralice,0.1492098832356847,1.30104235,3.1220947,17.64617293,14861115.079711655,12498157.62107455,99598731.380533,99598731.380533,99598731.380533,2026-09-23,,
824,Radworks,RAD,radworks,0.2512754862511968,0.41082202,1.57987647,10.33523917,14844345.322738731,2123649.01983651,59075978.89552598,99998580.0,99999620.0,2026-09-23,,
825,我踏马来了,我踏马来了,wotamalaile,0.01483956602184949,1.89893965,10.19951013,3.14570102,14839566.02184949,2198782.56610536,1000000000.0,1000000000.0,1000000000.0,2026-09-23,,
826,Ridges AI,SN62,ridges-ai,3.390017255824514,1.14744765,1.37519031,42.73012352,14822935.201524083,291612.32151223,4372525.0,4372525.0,21000000.0,2026-09-23,,
827,StonkBroker,STONKBROKER,stonkbroker,0.012723949800790776,1.36917324,-6.08980724,38.33057699,14804212.907412162,1629240.92362311,1163491929.7223334,2371490721.7223334,2441112676.069,2026-09-23,,
828,ResearchCoin,RSC,researchcoin,0.06059407233709264,0.30435084,-0.49090348,8.26080844,14753772.122408153,258252.38539265,243485403.0,1000000000.0,1000000000.0,2026-09-23,,
829,Braintrust,BTRST,braintrust,0.06099616930322197,2.86031254,4.33840803,10.74067462,14721290.171829108,34939.23397116,241347782.0,250000000.0,250000000.0,2026-09-23,,
830,HeyElsa,ELSA,heyelsa,0.05756729438178994,0.81265434,3.01957085,14.20906829,14716886.188537596,2187036.30641692,255646654.0,1000000000.0,1000000000.0,2026-09-23,,
831,Lagrange,LA,lagrange,0.07535234599209423,1.02295888,1.57469691,18.25812207,14543002.776474187,8554483.36085856,193000000.0,1000000000.0,,2026-09-23,,
832,tokenbot,CLANKER,tokenbot-2,14.730171067421779,-0.10479691,8.33141119,34.13831218,14528032.369308706,2465479.76273107,986277.23349662,1000000.0,1000000.0,2026-09-23,,
833,SK Hynix Tokenized bStocks,SKHYB,sk-hynix-tokenized-bstocks,191.58263696111632,0.26704623,-0.78477029,8.03500721,14486546.40991038,14050479.47977274,75615.13214191,75615.13214191,,2026-09-23,,
834,Just a chill guy,CHILLGUY,just-a-chill-guy,0.014479628425024791,1.83362967,1.7434656,27.87003553,14478721.887294212,6002520.39346817,999937392.196542,999937392.196542,1000000000.0,2026-09-23,,
835,State Street SPDR S&P 500 ETF Tokenized bStocks,SPYB,state-street-spdr-sp-500-etf-tokenized-bstocks,773.2131896627855,0.03231418,0.05299066,2.08052248,14400289.193247125,5135939.8371655,18623.95699629412,18623.95699629412,,2026-09-23,,
836,iShares Core US Aggregate Bond Tokenized ETF (Ondo),AGGon,ishares-core-us-aggregate-bond-tokenized-etf-ondo,100.1971338335071,0.00023851,0.45630068,0.55172346,14263817.967421893,252054.59000705,142357.54478889,142357.54478889,,2026-09-23,,
837,OpenKaito,SN5,openkaito,4.06921782300477,1.43552858,0.40703025,44.38011017,14166363.32968201,43516.47750724,3481348.0,3481348.0,,2026-09-23,,
838,Uchain,UCN,uchain,283.3238638701177,0.11174603,0.6582429,191.60223186,14166193.193505885,206840.1163312,50000.0,100000.0,100000.0,2026-09-23,,
839,Maverick Protocol,MAV,maverick-protocol,0.012064348723651357,0.95357272,4.1398832,21.10240589,14148073.873873943,1852295.8710522,1172717582.8511639,2000000000.0,2000000000.0,2026-09-23,,
840,EVAA Protocol,EVAA,evaa-protocol,0.7920365321156142,3.47712143,3.01603868,77.21920839,14141287.873536378,4138819.67184145,17854337.9,50000000.0,50000000.0,2026-09-23,,
841,Ponke,PONKE,ponke,0.02531774050514887,0.93325469,2.75108662,28.97829273,14065124.553001778,2013464.72498069,555544226.0,555544226.0,555555555.0,2026-09-23,,
842,Space and Time,SXT,space-and-time,0.010041907343781636,1.42218607,12.89613633,27.9393789,14058670.28129429,59311844.18537274,1400000000.0,5000000000.0,5000000000.0,2026-09-23,,
843,Fluent,BLEND,fluent,0.07016983006515476,0.23004542,4.06769867,15.80007388,14033966.013030952,7272284.91517443,200000000.0,1000000000.0,1000000000.0,2026-09-23,,
844,ANDY (ETH),ANDY,boysclubandy,1.4030508934171017e-05,0.06202844,-0.32180832,52.74535852,14030508.934171017,63743.53982563,1000000000000.0,1000000000000.0,1000000000000.0,2026-09-23,,
845,OG Fan Token,OG,og-fan-token,2.8977360371601764,0.62167382,2.2438557,8.26746941,13999368.478566015,2951635.07193495,4831140.0,5000000.0,5000000.0,2026-09-23,,
846,Storj,STORJ,storj,0.032981917482806836,0.23804209,1.31685561,4.1523849,14017314.864229107,2684902.29929701,424999998.00000113,424999998.00000113,,2026-09-23,,
847,Vow,VOW,vow,0.03913324913320941,0.05486323,-0.5936183,7.40834762,13942600.194269532,105297.77825402,356285269.0,1142857140.0,1142857142.0,2026-09-23,,
848,MobileCoin,MOB,mobilecoin,0.07007248108391308,0.00020133,0.89768083,0.21325465,13902361.117261019,128.76952278,198399727.0,250000000.0,,2026-09-23,,
849,Intel tokenized stock (xStock),INTCX,intel-tokenized-stock-xstock,122.9920121475549,-0.26634641,-0.00090522,25.83444021,13849290.808205767,3578406.25345302,112603.17289216,1870761.28082215,,2026-09-23,,
850,ULTILAND,ARTX,ultiland,0.17837394002997223,0.28195093,25.2165954,43.91478499,13790819.027102476,2575309.9894839,77314090.975314,115598074.215314,280000000.0,2026-09-23,,
851,Osaka Protocol,OSAK,osaka-protocol,1.830649715567158e-08,0.14007022,1.0760407,17.58393216,13745794.734515486,60266.48672742,750869738630302.0,761459789745212.0,1000000000000000.0,2026-09-23,,
852,Delysium,AGI,delysium,0.005813265740522667,-0.3437711,1.63790495,41.46234146,13727794.763732458,924245.37111805,2361460042.6813107,3000000000.0,,2026-09-23,,
853,Bluwhale,BLUAI,bluwhale,0.011148158945290074,0.2104634,-1.4809086,-0.70888726,13689939.184816211,3086852.37835109,1228000000.0,10000000000.0,10000000000.0,2026-09-23,,
854,Origin Protocol,OGN,origin-protocol,0.019963839793404336,0.80338476,0.63605934,17.36017235,13688312.40298787,2189356.62937668,685655292.0,1409664846.0,1409664846.0,2026-09-23,,
855,Corn,CORN,use-corn,0.025984752264320163,0.00368007,-0.01427962,0.75818736,13641994.938768085,2583252.70634288,525000000.0,2100000000.0,2100000000.0,2026-09-23,,
856,Hippo Protocol,HP,hippo-protocol-ai,0.009266405143245796,-0.09024728,3.31080323,12.93910361,13509788.890564613,230476.40633503,1457932033.1587038,1457932033.1587038,,2026-09-23,,
857,Coinbase tokenized stock (xStock),COINX,coinbase-tokenized-stock-xstock,201.68875559898842,0.49141056,2.49801813,17.48639479,13493968.765174855,3539748.142888,66904.91358876,782529.63072184,,2026-09-23,,
858,Hegic,HEGIC,hegic,0.01912225094380071,-4.54026798,14.62834697,31.49333799,13456850.967338722,16.1695367,703727349.1958504,3012009888.0,3012009888.0,2026-09-23,,
859,Hunt Town,HUNT,hunt,0.10616350387507438,-0.38116434,6.01446999,13.38470878,13394402.772262137,377248.10932968,126167678.0,198912688.0,198912688.0,2026-09-23,,
860,Dolomite,DOLO,dolomite,0.030300108248243404,0.84660639,9.18336024,29.71270366,13381193.404902177,12651237.96134008,441621967.0,998851995.6451048,1000000000.0,2026-09-23,,
861,Buttcoin,BUTTCOIN,buttcoin,0.013375400641511492,1.25420714,-3.99154247,33.97635841,13374713.680934545,937542.70259501,999948640.0,999948640.0,999948640.0,2026-09-23,,
862,GYEN,GYEN,gyen,0.006362142965982586,0.04177587,-0.20412202,5.65668357,13352743.713810023,10.89011608,2098780833.0,2098780833.0,,2026-09-23,,
863,Faith Tribe,FTRB,faith-tribe,0.004042543925229607,0.04275307,1.00974731,10.71853722,13347329.846686011,84053.22594722,3301715477.569712,5000000000.0,5000000000.0,2026-09-23,,
864,Loopring,LRC,loopring,0.00974605725056123,0.21234587,1.83263241,8.47433095,13336572.949455455,2200947.97510191,1368406998.500595,1373873397.4424574,,2026-09-23,,
865,Ninja Squad Token,NST,ninja-squad-token,1.5453150795520512,-0.1018924,-0.40833794,22.17504198,13307132.230839994,284645.00720319,8611274.43,8611274.43,10000000.0,2026-09-23,,
866,Apple tokenized stock (xStock),AAPLX,apple-tokenized-stock-xstock,341.05224835430425,0.02390683,0.51202957,2.60982695,13264758.874265678,9079114.19530268,38893.62682191,637630.0507982,,2026-09-23,,
867,Venom,VENOM,venom,0.013338854601466877,-18.7734096,-6.89499249,63.18594281,13191050.355118765,81231.85230811,988919270.0,7367646470.547814,8000000000.0,2026-09-23,,
868,RollX,ROLL,rollx,0.08483680458184703,-0.06775468,-3.41521782,-14.61677493,13149704.71018629,283974.86457852,155000000.0,1000000000.0,1000000000.0,2026-09-23,,
869,DeAgentAI,AIA,deagentai,0.06907034466806239,-0.07545527,-0.05584145,4.12938674,13050945.23054739,2444830.65813689,188951500.0,1000000000.0,1000000000.0,2026-09-23,,
870,INFINIT,IN,infinit,0.037788689555788596,1.82422101,-2.23778084,27.8273063,13039693.337311827,15776457.29168534,345068683.0,1000000000.0,1000000000.0,2026-09-23,,
871,Chintai,CHEX,chex-token,0.01038923581392623,-0.39950062,2.8838126,4.96105206,12975324.568393245,192962.96621875,1248920016.9083176,1248920016.9083176,,2026-09-23,,
872,XSGD,XSGD,xsgd,0.7824180819765009,-0.04635891,-0.22563229,-0.4242279,12918796.980901701,221057.06944149,16511373.239569,83617320.371568,,2026-09-23,,
873,Robinhood tokenized stock (xStock),HOODX,robinhood-tokenized-stock-xstock,124.41933834523661,0.20951051,2.51476993,13.15269252,12879492.486116799,3403554.87619222,103516.80580698,1915889.53376268,,2026-09-23,,
874,Recall,RECALL,recall-network,0.04780355929863301,0.93481,5.65694674,19.69031375,12808177.448159186,1295167.3636113,267933552.14714,1000000000.0,1000000000.0,2026-09-23,,
875,iShares Core S&P Total US Stock Market Tokenized ETF (Ondo),ITOTon,ishares-core-sp-total-us-stock-market-tokenized-etf-ondo,170.56188138627653,0.00673892,1.45388896,2.30623883,12804985.369099496,466.68948675,75075.30560184,75075.30560184,,2026-09-23,,
876,MEET48,IDOL,meet48,0.012224060468560949,0.4959136,0.32376142,33.00038204,12791256.874302177,2585155.60357283,1046400000.0,4800000000.0,4800000000.0,2026-09-23,,
877,Drift,DRIFT,drift,0.020882882386099838,0.90662015,17.05064853,82.09935163,12770213.031613199,12704994.43638079,611515824.085346,1000000000.0,,2026-09-23,,
878,Manifesting (manifesting.meme),MANIFEST,manifesting,0.01407160189784548,4.12056716,3.67813975,30.71124957,12664437.936871624,672095.46806263,899999732.0,899999732.0,999999813.51579,2026-09-23,,
879,Ellipsis,EPS,ellipsis,0.01754215622326397,0.0,-0.38484759,10.339916,12695286.031533582,0.0,723701571.7997887,723701571.7997887,1000000000.0,2026-09-23,,
880,USD CoinVertible,USDCV,usd-coinvertible,1.000403502634112,0.05827932,0.07477341,0.03404097,12551503.52199223,34321544.73532518,12546441.0,12546441.0,,2026-09-23,,
881,Infinex,INX,infinex,0.006283074498684279,-0.06244775,-1.0543691,8.65264619,12530335.472726058,733818.51952202,1994300000.0,10000000000.0,10000000000.0,2026-09-23,,
882,BLUE CHIP (basebluechip.com),BLUECHIP,basebluechip,0.01250415838928609,1.45780346,-0.20684997,17.97005673,12504158.38928609,2785197.01449368,1000000000.0,1000000000.0,1000000000.0,2026-09-23,,
883,Dymension,DYM,dymension,0.019087481915370824,1.13239908,3.13174054,30.21845517,12485157.977097394,6470308.20909177,654101889.0,1072246468.0,,2026-09-23,,
884,Mind Network,FHE,mind-network,0.022771338788389914,1.48462356,1.96850165,17.4432309,12476224.53700151,2918854.25622174,547891569.0,1000000000.0,1000000000.0,2026-09-23,,
885,DIAM,DIAM,diam,0.005337417371916516,-0.01701372,-0.74020441,-1.81931282,12456928.461113632,773588.49915446,2333886895.6842885,5401462494.44995,10000000000.0,2026-09-23,,
886,Heima,HEI,heima,0.1525781998616964,0.08209334,-0.5726414,36.51390923,12431642.979989411,4757434.79409661,81477190.0,82263555.0,100000000.0,2026-09-23,,
887,RateX,RTX,ratex,0.7088730796483607,-0.08150003,1.99892236,1.08977311,12403566.623769527,202054.04144298,17497584.51812328,99999984.51812328,100000000.0,2026-09-23,,
888,MyShell,SHELL,myshell,0.028068363390289296,0.23318846,3.27194703,40.57127258,12393741.790315727,5579633.594166,441555555.55489,1000000000.0,1000000000.0,2026-09-23,,
889,Solomon,SOLO,solomon,0.9606204630477412,1.16797019,10.96542092,28.43716384,12391964.816621743,367288.65946113,12899959.238122,25799959.238122,25800000.0,2026-09-23,,
890,AriaAI,ARIA,aria-ai,0.033446884405836076,0.26168049,-0.71833416,11.18667308,12373461.207173342,690603.84035001,369943611.4,1000000000.0,1000000000.0,2026-09-23,,
891,TENDIES (TendiesRH),TENDIES,tendies-rh,0.012351215216202175,6.82404315,-3.37350608,1.64069744,12351215.216202175,1764236.6020228,1000000000.0,1000000000.0,1000000000.0,2026-09-23,,
892,Freedom Dollar,FUSD,freedom-dollar,0.9998564925117343,-0.00729869,0.01164282,0.06801492,12298234.857894331,163086.81827951,12300000.0,12300000.0,,2026-09-23,,
893,saffron.finance,SFI,saffron-finance,122.68901966020776,0.03974011,1.63859577,5.62041381,12264825.85122515,26794.58643339,99966.7768574,100000.0,100000.0,2026-09-23,,
894,BounceBit,BB,bouncebit,0.009773712426873492,2.80372693,6.91000785,26.48378543,12182731.778270848,12379424.19997606,1246479459.0,2100000000.0,2100000000.0,2026-09-23,,
895,Global Commercial Business,GCB,global-commercial-business,0.010135361217716434,-0.00831119,-4.8154093,0.97163184,12181130.632114142,4.18932263,1201844746.3738875,1201844746.3738875,2500000000.0,2026-09-23,,
896,Bone ShibaSwap,BONE,bone-shibaswap,0.052890252256145215,-0.0536742,2.92617257,19.64373787,12160704.014022257,1631191.90609741,229923350.6228802,249999401.82484713,250000000.0,2026-09-23,,
897,StablR Euro,EURR,stablr-euro,1.0203066309897715,-0.00128916,-0.00936845,0.02533146,12124856.65123012,73.83068984,11883541.95,11883541.95,,2026-09-23,,
898,MAGIC•INTERNET•MONEY (Bitcoin),MIM,magic-internet-money-bitcoin,0.0005721008848286515,-0.70189422,4.95301478,27.38586839,12014118.581401682,24456.69165545,21000000000.0,21000000000.0,21000000000.0,2026-09-23,,
899,SoFi Technologies Tokenized Stock (Ondo),SOFIon,sofi-technologies-tokenized-stock-ondo,17.218904196534584,0.08082645,1.26669273,0.37241019,12001878.3415001,598119.3519926,697017.54562962,697017.54562962,,2026-09-23,,
900,Hamster Kombat,HMSTR,hamster-kombat,0.00018550059001686727,0.81445928,4.12723175,19.08831866,11941600.48233583,6267661.28978738,64375000000.0,100000000000.0,100000000000.0,2026-09-23,,
901,Humidifi,WET,humidifi,0.0694440855753824,-0.19013829,-1.5568471,24.54907574,11857557.774945168,6560405.41197875,170749714.344984,999999700.344984,1000000000.0,2026-09-23,,
902,Moonriver,MOVR,moonriver,0.947997851395944,1.5254168,6.34924189,22.75391255,11838817.103734072,5178405.05215909,12488232.0,12592434.0,,2026-09-23,,
903,BOB (Build on Bitcoin),BOB,bob-build-on-bitcoin,0.005303400107783048,0.50730392,4.76096823,19.22816496,11773548.239278367,1383231.26645999,2220000000.0,10000000000.0,10000000000.0,2026-09-23,,
904,Wayfinder,PROMPT,wayfinder,0.022494401841016254,1.04794468,0.21814671,18.25712481,11676880.57156893,5407505.65649348,519101626.0,1000000000.0,1000000000.0,2026-09-23,,
905,SLERF (OLD),SLERF,slerf-old,0.02326821364153022,0.30306462,1.70002171,24.76449136,11634054.467284417,1733.76657701,499997750.0,499997750.0,499997750.0,2026-09-23,,
906,FirmaChain,FCT,firmachain,0.009366864660724063,-0.18268463,1.67926469,14.12503529,11627438.605563061,234812.57543365,1241337312.614086,1252932031.262971,,2026-09-23,,
907,Neon EVM,NEON,neon,0.04817476389988777,43.83918598,252.63180125,283.92155044,11536195.2253872,3120744.35488486,239465527.0,1000000000.0,1000000000.0,2026-09-23,,
908,Wanchain,WAN,wanchain,0.05793654832586064,-0.31939108,0.81868695,2.18899842,11533148.953887394,216922.79157861,199065171.93637234,199065171.93637234,210000000.0,2026-09-23,,
909,Counterparty,XCP,counterparty,4.446370296543102,0.0,0.0,-2.44978943,11501034.265002774,0.0,2586611.88744096,2586611.88744096,,2026-09-23,,
910,SuperRare,RARE,superrare,0.013874425264462755,0.69814099,4.19777356,22.58327742,11452730.441311982,6550448.73105376,825456206.1497726,1000000000.0,1000000000.0,2026-09-23,,
911,EGL1,EGL1,egl1,0.011430733478603133,-0.55054591,1.10095925,-4.55576016,11430733.478603132,1012041.21190006,1000000000.0,1000000000.0,1000000000.0,2026-09-23,,
912,Gold tokenized ETF (xStock),GLDX,gold-tokenized-stock-xstock,398.5259921814099,0.0732625,0.07894901,0.47475309,11415262.923033092,10304531.92217654,28643.70993859,331827.72606141,,2026-09-23,,
913,USDB,USDB,usdb,0.9999848457766876,0.02542283,0.19926419,0.27662621,11383514.796605732,16706.38844254,11383687.30754531,11383687.30754531,,2026-09-23,,
914,Sleepless AI,AI,sleepless-ai,0.01867039581442105,0.880501,2.38458793,10.44517369,11342265.426081227,5682924.92134109,607499998.33,1000000000.0,1000000000.0,2026-09-23,,
915,Verona,VERONA,verona,0.12254950368241187,-0.02131305,1.27926191,19.31209231,11357392.656192048,684668.73597769,92675958.0,200000000.0,200000000.0,2026-09-23,,
916,iShares MSCI EAFE Tokenized ETF (Ondo),EFAon,ishares-msci-eafe-tokenized-etf-ondo,108.62913408467165,0.00673892,0.18213563,-0.02886095,11355754.594144553,74.20293499,104536.91534808,104536.91534808,,2026-09-23,,
917,Nexa (nexaagent.xyz),NXA,nexaagent-xyz,1.1299203046855,0.2360457,2.65297356,14.47237901,11299203.046855,0.0,10000000.0,1000000000.0,1000000000.0,2026-09-23,,
918,Intuition,TRUST,intuition,0.06283463746912595,0.60653919,2.69253155,16.89797486,11288106.395834444,1373581.56397105,179647832.0,1057692307.6923077,,2026-09-23,,
919,Gains Network,GNS,gains-network,0.48328417642781946,0.89938948,6.22042212,20.41941054,11268701.179362854,651906.92042026,23316925.58745689,23316925.58745689,,2026-09-23,,
920,Autonomi,ANT,autonomi,0.03281534182476426,0.04825865,0.10918122,-5.30636259,11259268.9801141,223802.85873039,343109910.0,1200000000.0,1200000000.0,2026-09-23,,
921,Ycash (y.cash),YEC,ycash,0.6645293039316624,2.80188008,-11.19329195,13.96335682,11256491.990782514,0.0,16939045.3125,16939045.3125,21000000.0,2026-09-23,,
922,Hana Network,HANA,hana-network,0.014634577479635074,0.604816,-0.02021386,-4.52565099,11190135.58836784,1793774.76279692,764636738.1593088,1000000000.0,1000000000.0,2026-09-23,,
923,RAMP,RAMP,ramp,0.023398281839138314,0.0,-0.32952792,11.75784966,11180605.512178734,0.0,477838740.0,1000000000.0,1000000000.0,2026-09-23,,
924,THENA,THE,thena,0.08376706061066123,0.7278235,1.57323119,26.7847593,11164750.982283287,5342765.54511329,133283308.50924383,284596517.7147613,326120291.0,2026-09-23,,
925,TEXITcoin,TXC,texitcoin,0.17713829011336343,0.52551332,1.39822481,1.85941355,11151764.790617669,14019.25092669,62955134.0,69218556.0,353396296.0,2026-09-23,,
926,Broadcom Tokenized bStocks,AVGOB,broadcom-tokenized-bstocks,364.085749626101,0.0019658,-0.42992645,6.98614521,11129601.581533968,2947374.93541387,30568.627288938245,30568.627288938245,,2026-09-23,,
927,Artificial Liquid Intelligence,ALI,alethea-artificial-liquid-intelligence-token,0.0012202745293642301,-0.21741074,1.20429508,5.78372643,11126574.429072922,125897.66798359,9118091184.669674,9870903732.81426,9870903732.81426,2026-09-23,,
928,WhiteCoin,XWC,whitecoin,0.01454964747363219,1.61876217,6.8454437,96.30529974,11120653.826047199,764699.92599126,764324623.4110321,971792390.0,1000000000.0,2026-09-23,,
929,IAGON,IAG,iagon,0.0224678050290415,-0.23001316,-1.3197132,21.61779684,11104036.099741077,194311.79645155,494219888.653484,1000000000.0,1000000000.0,2026-09-23,,
930,IXS,IXS,ix-swap,0.061295138650743125,-0.22310566,13.79480598,25.81101696,11033124.957133763,238378.38983556,180000000.0,180000000.0,180000000.0,2026-09-23,,
931,iShares TIPS Bond Tokenized ETF (Ondo),TIPon,ishares-tips-bond-tokenized-etf-ondo,109.88820953431218,0.07096731,-0.04378382,-0.08334527,11008529.28105288,100.008255,100179.34888288,100179.34888288,,2026-09-23,,
932,Google Tokenized Stock (Reality),rGOOGL,google-tokenized-stock-reality,352.43635848589764,0.01236438,-1.36117634,2.2864163,10918618.647884198,365793.68057448,30980.39797821,30980.39797821,,2026-09-23,,
933,BENQI,QI,benqi,0.0015164346347397142,0.65582615,3.38225694,21.40854294,10918329.370125942,994239.16551253,7200000000.0,7200000000.0,7200000000.0,2026-09-23,,
934,GUNZ,GUN,gunz,0.0031465089377065267,0.14551595,2.87595077,25.47354257,10906042.564490393,5982898.73056261,3466077097.0,10000000000.0,10000000000.0,2026-09-23,,
935,Wibx,WBX,wibx,0.0009270692459967302,-0.01371984,-1.00621882,-0.21190254,10894256.137976328,41702.63280825,11751286309.0,11751286309.0,12000000000.0,2026-09-23,,
936,Haedal Protocol,HAEDAL,haedal-protocol,0.021231925898332647,0.33127535,1.53732057,17.28038876,10881362.022895481,3178746.09334262,512500000.0,1000000000.0,1000000000.0,2026-09-23,,
937,ORIGYN,OGY,origyn-foundation,0.0013873941363466058,0.08400072,-1.01396529,2.02542362,10861410.44553836,120674.00505934,7828640875.0,10414447163.363216,10620490364.0,2026-09-23,,
938,TG Casino,TGC,tg-casino,0.14235178572828694,-2.616e-05,1.31977788,6.97562615,10854323.661757989,66.66622077,76249999.99983217,76249999.99983217,100000000.0,2026-09-23,,
939,Pepecoin,PEP,pepecoin-org,0.00011014205267922973,-15.03809835,19.73892902,20.62635888,11335990.781927977,193811.09575894,102921550000.0,102921550000.0,,2026-09-23,,
940,Act I : The AI Prophecy,ACT,act-i-the-ai-prophecy,0.011402763414146954,1.00334561,3.25071301,24.61069164,10812535.500097938,12408665.99546607,948238168.888364,948238168.888364,,2026-09-23,,
941,Alien Worlds,TLM,alien-worlds,0.0015360073514529605,0.61620266,2.28740711,13.20623948,10799802.6576572,4782986.16759395,7031087870.407201,7093242582.7436,10000000000.0,2026-09-23,,
942,Gods Unchained,GODS,gods-unchained,0.02419858407921019,-0.03219116,2.73536416,20.19215588,10759967.45062654,67966.44229562,444652770.402,500000000.0,500000000.0,2026-09-23,,
943,SpaceX Tokenized Stock (Ondo),SPCXon,spacex-tokenized-stock-ondo,154.0166214598488,0.03323612,0.72905638,7.08106315,10729576.002957348,2290182.56549997,69665.05239017,69665.05239017,,2026-09-23,,
944,Bella Protocol,BEL,bella-protocol,0.13353118252059046,1.5869205,6.06816598,17.7566466,10682494.601647237,6894188.00714345,80000000.0,100000000.0,,2026-09-23,,
945,Decentrawood,DEOD,decentrawood,0.020052160032344116,-0.33240422,-2.01710336,-0.22330824,10672988.154199287,1303087.33774646,532261269.4584408,1890000000.0,1890000000.0,2026-09-23,,
946,USDM,USDM,usdm,1.0040233621410313,0.07529503,0.44973623,0.83184303,10594262.447642984,214660.4401767,10551808.7,10551808.7,,2026-09-23,,
947,Meta tokenized stock (xStock),METAX,meta-tokenized-stock-xstock,743.7027258699757,0.27264731,0.1108579,10.74056176,10578157.503882455,9744546.3237899,14223.63685908,216095.08090237,,2026-09-23,,
948,Bullbit PERP DEX,BUBI,bullbit-perp-dex,0.0462643242845564,0.7726945,-1.73545115,4.79653362,10517302.326192295,16001954.46822644,227330723.81007627,4000000000.0,4000000000.0,2026-09-23,,
949,Auki,AUKI,auki-labs,0.008369910046924148,1.93428139,21.83459329,55.42598239,10510821.361104427,142166.76028791,1255786657.4643822,9991616050.76035,10000000000.0,2026-09-23,,
950,Orchid,OXT,orchid,0.010519874617962732,0.2874553,-4.17800922,5.21332042,10490572.921379998,2149215.76530383,997214634.4279902,1000000000.0,,2026-09-23,,
951,dForce,DF,dforce,0.010421130243272566,-0.01242826,9623.28885046,3067.85019149,10420360.607659023,0.0,999926146.6275177,999926146.6275177,999926146.6275177,2026-09-23,,
952,PDD Holdings Tokenized Stock (Ondo),PDDon,pdd-holdings-tokenized-stock-ondo,79.7463373315552,0.28457271,-0.26140785,2.03740941,10389980.312267415,992934.85992924,130287.86850824,130287.86850824,,2026-09-23,,
953,iShares Gold Trust Tokenized ETF (Ondo),IAUon,ishares-gold-trust-tokenized-etf-ondo,81.50210526191019,0.01336975,-0.23992966,0.11498316,10357522.855881533,1732923.26899512,127082.88727754,127082.88727754,,2026-09-23,,
954,Forta,FORT,forta,0.01596367789857218,0.01607448,1.39140686,14.32433483,10349641.20894692,229584.55691533,648324357.0,1000000000.0,1000000000.0,2026-09-23,,
955,Toko Token,TKO,tokocrypto,0.057220934874061304,0.79585082,3.03802203,17.09427087,10329844.524156136,1423983.69617241,180525616.13841677,493162058.66,500000000.0,2026-09-23,,
956,Cookie DAO,COOKIE,cookie,0.012837108191247048,0.28562265,0.11572787,32.17650346,10307070.62542689,11916005.96481201,802912188.0,999892385.0,1000000000.0,2026-09-23,,
957,Boba Network,BOBA,boba-network,0.02087729835976226,1.59927673,7.0774765,15.64786541,10304635.755734576,2367163.31431399,493580902.0,500000000.0,500000000.0,2026-09-23,,
958,Autonolas,OLAS,autonolas,0.034432604797238024,0.23855163,4.69307439,30.36881773,10304967.23019777,99377.2421984,299279339.76764876,473690026.153825,,2026-09-23,,
959,Everlyn AI,LYN,everlyn,0.040319526547743664,-0.78072088,-1.15933942,22.02721118,10307226.109742226,1400841.51824831,255638570.0,1000000000.0,1000000000.0,2026-09-23,,
960,Atletico De Madrid Fan Token,ATM,atletico-de-madrid-fan-token,1.1439385606088746,0.57341774,0.83220783,4.77388275,10285708.696513409,3247528.70829962,8991487.0,10000000.0,10000000.0,2026-09-23,,
961,Caldera,ERA,caldera,0.06900029042772887,0.39342554,1.54934069,23.91471604,10246543.128517738,6570678.46850396,148500000.0,1000000000.0,1000000000.0,2026-09-23,,
962,SPECTRE AI,SPECTRE,spectre-ai,1.0235592050553066,0.73986197,-17.2144948,97.02475098,10228602.164741743,106237.5961704,9993171.0,10000000.0,10000000.0,2026-09-23,,
963,iShares Core MSCI Emerging Markets Tokenized ETF (Ondo),IEMGon,ishares-core-msci-emerging-markets-tokenized-etf-ondo,83.99089621252502,-0.41021103,2.49011488,2.5870358,10183963.887081495,58728.45851106,121250.80629349,121250.80629349,,2026-09-23,,
964,SpaceX Tokenized Stock (Reality),rSPCX,spacex-tokenized-stock-reality,154.07152020287538,-0.0166616,0.7446127,7.44579502,10171974.693173539,641563.12267668,66021.12239679,66021.12239679,,2026-09-23,,
965,ShareX,SHARE,sharex-network,0.5645228715450425,-0.01852558,-1.95131544,17.15929689,10161411.687810766,856388.00959075,18000000.0,100000000.0,100000000.0,2026-09-23,,
966,Tradoor,TRADOOR,tradoor,0.7062999250398583,1.61588942,1.6156621,9.96624379,10134697.624396928,1742848.11035225,14349000.0,60000000.0,60000000.0,2026-09-23,,
967,GeorgePlaysClashRoyale,CLASH,georgeplaysclashroyale,0.010084697980365088,0.91091822,-2.91459774,21.89623499,10081546.036980426,654543.21428809,999687452.87258,999687452.87258,999999967.828928,2026-09-23,,
968,up,UP,up,0.47855714111386266,3.30058637,-19.47399741,33.76286846,10072131.029837137,1420857.47863224,21046872.2844545,504371425.538,,2026-09-23,,
969,Eesee,ESE,eesee,0.0072556179739738744,0.41784068,0.85640773,-4.40370541,10060457.82816814,244954.25786456,1386574908.4716578,1389612698.4782739,1389612698.4782739,2026-09-23,,
970,AVA,AVA,ava-sol,0.009978222425062359,0.82399695,-10.60508819,12.20501854,9970151.635438792,1443307.21448979,999191159.579356,999191159.579356,999995926.72,2026-09-23,,
971,Coq Inu,COQ,coq-inu,1.435627393946923e-07,0.10476975,1.17448149,57.1807925,9966125.36877954,1908195.12954907,69420000000000.0,69420000000000.0,69420000000000.0,2026-09-23,,
972,Squid,QUID,squidrouter,0.06951841745922,-1.22722069,5.80326547,19.69391029,9952061.783337796,4431401.85584219,143157197.0,1000000000.0,1000000000.0,2026-09-23,,
973,Energy Web Token,EWT,energy-web-token,0.3302218685263311,-0.04894108,3.95173074,22.13372236,9927175.382256422,343987.73714798,30062138.0,81697497.88969615,100000000.0,2026-09-23,,
974,Ambire Wallet,WALLET,ambire-wallet,0.013698656221967623,-0.35488208,-1.78326962,20.67917121,9924618.929527957,13442.27182537,724495802.2679996,724495802.2679996,1000000000.0,2026-09-23,,
975,OLAXBT,AIO,olaxbt,0.04287698734334888,2.20459084,7.47692826,13.0814594,9872426.33580608,854845.39218956,230250000.0,1000000000.0,1000000000.0,2026-09-23,,
976,StakeStone,STO,stakestone,0.043763486360671684,1.07058833,4.64853234,16.9190543,9861372.245350191,7953519.28485153,225333333.0,1000000000.0,1000000000.0,2026-09-23,,
977,Bitcoin Diamond,BCD,bitcoin-diamond,0.052868058895632675,0.0,0.0,0.0,9859517.51259642,0.0,186492897.953,189492897.953,210000000.0,2026-09-23,,
978,ColossusXT,COLX,colossusxt,0.0007720673080000002,0.0,0.0,0.0,9830236.551021257,0.0,12732356945.0,17120727169.876518,,2026-09-23,,
979,Decentralized Social,DESO,deso,1.1050814225733552,1.09789838,-1.19928929,-4.5733157,9818135.681784187,3315.40786017,8884536.0,10808492.0,10808492.0,2026-09-23,,
980,TAC Protocol,TAC,tac-protocol,0.001634118913748934,0.41777965,1.12538012,-6.52940397,9812088.62555987,2154372.75359796,6004513223.0,10121275816.0,,2026-09-23,,
981,AMD Tokenized Stock (Ondo),AMDon,amd-tokenized-stock-ondo,620.4729802799857,0.01645811,-0.08602101,22.23195024,9808854.950862901,4551084.36789095,15808.67380629,15808.67380629,,2026-09-23,,
982,Collect on Fanable,COLLECT,collect-on-fanable,0.018241074040960138,0.18856223,2.4464531,7.78280943,9795456.759995595,1546800.63335179,537000000.0,3000000000.0,3000000000.0,2026-09-23,,
983,Coinbase Tokenized Stock (Ondo),COINon,coinbase-tokenized-stock-ondo,201.92099064481053,0.1387136,2.49220461,17.43249599,9773903.926726285,4055021.28296927,48404.59575557,48404.59575557,,2026-09-23,,
984,NAVI Protocol,NAVX,navi-protocol,0.011966262814669025,1.37366228,-0.82511312,41.52601679,9766474.74883197,634164.50944549,816167495.24,1000000000.0,1000000000.0,2026-09-23,,
985,TokenFi,TOKEN,tokenfi,0.00246791988153639,0.56865511,0.36229608,25.25673584,9753773.015106358,1700166.95570331,3952224336.0,10000000000.0,10000000000.0,2026-09-23,,
986,Bitcoin Gold,BTG,bitcoin-gold,0.5539167515197512,0.58294023,1.97917043,17.70163464,9701255.660784023,0.0,17513923.589,17513923.589,21000000.0,2026-09-23,,
987,APX,APX,apollox,0.21753495744590015,0.39952957,-0.0103258,0.47996068,9607597.464292128,1247.55115856,44165763.41152658,3975255603.3659782,,2026-09-23,,
988,iShares Russell 1000 Growth Tokenized ETF (Ondo),IWFon,ishares-russell-1000-growth-tokenized-etf-ondo,505.43104907783965,0.0,-0.20211254,4.51239928,9590054.41762012,0.0,18974.0112625,18974.0112625,,2026-09-23,,
989,Moss Coin,MOC,moss-coin,0.021218589304310843,-0.09584333,4.09129341,13.5468178,9558755.675499128,401445.64273621,450489688.0,500000000.0,500000000.0,2026-09-23,,
990,Micron Tokenized Stock (Reality),rMU,micron-tokenized-stock-reality,1091.8647964894467,0.04463483,3.8277431,17.6512375,9544953.757124715,3172963.35207163,8741.8825003,8741.8825003,,2026-09-23,,
991,Mango Network,MGO,mango-network,0.005950713740330382,0.42304192,-0.20437926,11.62607213,9538774.312334748,859872.25553879,1602963061.0,10000000000.0,10000000000.0,2026-09-23,,
992,ELYSIA,EL,elysia,0.0018661561144223376,1.30612524,2.75835303,21.21831758,9521802.888527378,453006.81291417,5102361380.668745,6803300704.688,7000000000.0,2026-09-23,,
993,Opinion,OPN,opinion,0.05255745876077987,0.5289916,0.44297601,21.5353163,9526799.048280064,7226278.41267236,181264453.66474378,1000000000.0,1000000000.0,2026-09-23,,
994,Semicon Bull 3X ETF Tokenized bStocks,SOXLB,semicon-bull-3x-etf-tokenized-bstocks,148.8475563237136,0.28731317,2.4759594,43.28993667,9514974.960658068,30563566.74825279,63924.294060729524,63924.294060729524,,2026-09-23,,
995,heyAura,ADX,adx-net,0.06385910665061209,-0.02382308,3.21862744,12.20146216,9444761.873625528,2493193.41740188,147900000.0,150000000.0,150000000.0,2026-09-23,,
996,Avail,AVAIL,avail,0.002346449952626952,-0.15737433,4.94438699,13.41466082,9414654.046914013,742524.6388804,4012296975.0,11135577598.0,,2026-09-23,,
997,Wecan Group,WECAN,wecan-group,0.001568635862971062,-0.00346982,-0.02850006,-4.3867068,9411815.177826373,1114.10507455,6000000000.0,6000000000.0,6000000000.0,2026-09-23,,
998,MARBLEX,MBX,marblex,0.029330376321596713,0.12712048,1.28968391,12.7220812,9389154.868030049,1623719.04504852,320117095.1603704,321270941.0,,2026-09-23,,
999,LUCA,LUCA,luca,0.356518407427747,0.5582155,-0.76139381,0.50585497,9378128.350320978,128753.98628496,26304752.16688938,27211691.03149541,,2026-09-23,,
1000,Agoras: Tau Net,AGRS,agoras-tokens,0.3130867693760481,7.39563546,39.79323112,68.42943846,9349337.882765735,51859.75372567,29861810.83728983,42000000.0,42000000.0,2026-09-23,,
1001,Aura,AURA,aura,0.009632080919596962,-0.87362869,-1.93385613,-38.14750721,9278473.936766889,1143919.15429426,963288620.0,963288620.0,965383478.0,2026-09-23,,
1002,Landwolf 0x67,WOLF,landwolf-coin,1.0283881253148146e-05,-3.07175944,-2.79389205,53.17779695,9277701.222361494,175331.58957143,902159505150.0,902159505150.0,1000000000000.0,2026-09-23,,
1003,Kishu Inu,KISHU,kishu-inu,9.935706324865801e-11,-0.32022538,-0.82165821,3.07813332,9253729.09239766,67051.41387791,9.313609712113394e+16,9.670293841273085e+16,1e+18,2026-09-23,,
1004,Yooldo,ESPORTS,yooldo,0.010279756382655304,0.58947605,-0.08487528,3.99669299,9251676.40280653,1363966.73070503,899989849.7999991,899999019.7999991,900000000.0,2026-09-23,,
1005,Koma Inu,KOMA,koma-inu,0.023799339615106153,0.48145318,5.52698819,24.92875936,9228796.957911726,2448610.70221217,387775337.76836115,605954338.425861,1000000000.0,2026-09-23,,
1006,iShares 0-3 Month Treasury Bond Tokenized ETF (Ondo),SGOVon,ishares-0-3-month-treasury-bond-tokenized-etf-ondo,102.47577493663438,0.2017182,-2.15024054,0.090552,9205719.975873912,469104.65469773,89833.13355343,89833.13355343,,2026-09-23,,
1007,KAIO,KAIO,kaio,0.013492265601078005,-0.10323413,-2.28001738,2.49294624,9191605.94073439,584818.75854405,681250000.0,10000000000.0,10000000000.0,2026-09-23,,
1008,Stader,SD,stader,0.1275310308001188,0.15345227,4.531758,19.3748518,9176527.405413749,2361506.70552292,71955251.57948618,120000000.0,120000000.0,2026-09-23,,
1009,KGST,KGST,kgst,0.011380104133159687,-0.00596308,0.09293789,-0.01173266,9169446.880614359,191594.70086103,805743671.0,805743671.0,,2026-09-23,,
1010,Wirex Token,WXT,wirex-token,0.000914915587190504,-1.50674806,-3.15656978,-0.10220727,9149155.87190504,291819.75708885,10000000000.0,10000000000.0,10000000000.0,2026-09-23,,
1011,Save,SAVE,save,0.19983452938413498,0.00135093,-2.13973531,-6.68295782,9125012.741246643,0.0,45662843.0,50000001.0,,2026-09-23,,
1012,SuperWalk,GRND,superwalk,0.011478901647488514,0.73767732,5.9603339,14.66664011,9086495.036893232,53718.79350095,791582271.1906656,1000000000.0,,2026-09-23,,
1013,NUMINE,NUMI,numine,0.02369890331733937,0.10445939,0.19702554,6.69833825,9086629.97287294,395563.08023004,383419850.75,1000000000.0,1000000000.0,2026-09-23,,
1014,IBS,IBS,ibs,8.792304685942945,0.46459181,-1.58081365,-24.82916915,9081650.640460152,1111200.65955534,1032908.99995536,2616684.46089892,871020.0,2026-09-23,,
1015,Apple Tokenized Stock (Ondo),AAPLon,apple-tokenized-stock-ondo,341.57540796608924,0.07890897,0.55627842,2.66121383,9061838.895908106,3185281.36632988,26529.54130939,26529.54130939,26529.54130939,2026-09-23,,
1016,Klickl Token,KLK,klickl-token,0.09050243207617685,-0.26337944,0.20576155,-1.06112834,9050243.207617685,0.0,100000000.0,100000000.0,1000000000.0,2026-09-23,,
1017,Access Protocol,ACS,access-protocol,0.0001674354357359832,0.06116532,2.97966915,11.39778788,9014685.519285912,573596.41440914,53839771011.797745,90516784710.855,,2026-09-23,,
1018,Tria,TRIA,tria,0.004169716883727106,-0.00593647,2.83022284,22.88658943,8996873.028511465,1988830.46449486,2157670000.0,10000000000.0,10000000000.0,2026-09-23,,
1019,BitMine Immersion Technologies Tokenized bStocks,BMNRB,bitmine-immersion-technologies-tokenized-bstocks,29.102361919727073,0.39829333,4.86651441,24.42357172,8984336.461349484,2153146.23711605,308715.02753388,308715.02753388,,2026-09-23,,
1020,xU3O8,XU3O8,xu3o8,5.613697678766152,0.12049811,0.10627869,-0.86510506,8981916.286025843,965447.32904542,1600000.0,1600000.0,,2026-09-23,,
1021,KONET,KONET,konet,0.018936493789130013,-0.28567902,-0.0411514,1.50054094,8954002.057570372,1211962.68289378,472843714.2207486,999997956.2,1000000000.0,2026-09-23,,
1022,Resolv,RESOLV,resolv,0.019116484253267407,0.81827943,4.3141,20.65603452,8928973.709309487,3504349.2592956,467082419.07940465,1000000000.0,1000000000.0,2026-09-23,,
1023,X Empire,X,x-empire,1.2924675680284093e-05,-0.02786572,3.58830122,5.17466417,8918026.219396025,43831.30755348,690000000000.0,690000000000.0,690000000000.0,2026-09-23,,
1024,WazirX,WRX,wazirx,0.023292847679790753,-0.00258029,1.41563964,3.83243245,8894533.962942788,19236.12773036,381856872.3419691,962646668.99,,2026-09-23,,
1025,AhaToken,AHT,ahatoken,0.0012196194885299636,0.67001987,3.2110056,16.03053677,8878708.67381699,182600.92193408,7279900622.544749,7673122637.674749,10500000000.0,2026-09-23,,
1026,Cycle Network,CYC,cycle-network,0.05695484391826312,0.76693606,4.52021753,54.07975712,8753959.510237042,339901.41335672,153700000.0,499895888.668899,1000000000.0,2026-09-23,,
1027,Assemble AI,ASM,assemble-protocol,0.0058087589390465565,0.45917539,7.39305309,13.54068846,8713138.408569835,177437.2828225,1500000000.0,3000000000.0,3000000000.0,2026-09-23,,
1028,Nakamoto Games,NAKA,nakamoto-games,0.08868556009660597,0.30916462,10.73314663,36.11365127,8690741.461666903,559473.39046422,97995000.0,180000000.0,180000000.0,2026-09-23,,
1029,MWX Token,MWXT,mwx-token,0.05137572459396746,0.07664091,0.2880496,-1.89106604,8623255.49661707,150007.24037839,167846888.0929343,1000000000.0,1000000000.0,2026-09-23,,
1030,ParagonsDAO,PDT,paragonsdao,0.10486490128630592,0.0,77.56539131,73.55975307,8612239.111710733,0.0,82126993.93286309,84264330.26777703,162500000.0,2026-09-23,,
1031,Epic Private Internet Cash,EPIC,epic-cash,0.442092268165994,0.00493976,39.68771899,60.62563366,8586675.011241686,4153.72974471,19422812.0,19422812.0,21000000.0,2026-09-23,,
1032,Dexsport,DESU,dexsport,0.014300181339088058,0.3241549,0.41544872,0.5793804,8580108.803452834,17043.82325243,600000000.0,600000000.0,600000000.0,2026-09-23,,
1033,SUPRA,SUPRA,supra,0.00019410369516655084,-0.25455745,10.52705851,14.85348227,8561398.799044993,549788.94879785,44107345775.663246,82326130919.42203,100000000000.0,2026-09-23,,
1034,sUSD,SUSD,susd,0.19627893888088094,0.00020133,-3.05440007,-10.25982093,8557784.166478854,30.05133443,43600114.28262539,43600114.28262539,142399574.0,2026-09-23,,
1035,Santos FC Fan Token,SANTOS,santos-fc-fan-token,0.5316748579974336,0.49999327,1.85016731,12.40248337,8557229.3699487,2060325.18936778,16094854.291549,30000000.0,30000000.0,2026-09-23,,
1036,MAP Protocol,MAPO,map-protocol,0.0013674254760203924,0.05302217,3.73932268,10.00614759,8546713.712030295,1055766.67931613,6250222671.661588,9697223991.055454,10000000000.0,2026-09-23,,
1037,Balancer,BAL,balancer,0.12245799035756659,0.7563755,0.31208969,12.23521389,8546210.561114289,227611.88561959,69788917.29449508,72368512.92020285,96150704.0,2026-09-23,,
1038,Swarms,SWARMS,swarms,0.008536578894574282,0.32695477,4.07503467,25.86195621,8536449.394672452,3595274.812431,999984830.0,999984830.0,,2026-09-23,,
1039,Echelon Prime,PRIME,echelon-prime,0.23762142929653887,0.2633812,1.98249176,7.16900063,8500631.229847124,328289.73353282,35773841.0,111111111.1,111111112.0,2026-09-23,,
1040,SquidGrow,SQGROW,squid-grow,0.008490599394339255,-0.92023382,17.93311522,91.91736998,8490599.394339254,19225.39818984,1000000000.0,1000000000.0,1000000000.0,2026-09-23,,
1041,Verified Emeralds,VEREM,verified-emeralds,3.3953695030736366,0.55109962,-5.04854199,7.67854273,8488423.757684091,132499.5956436,2500000.0,50000000.0,50000000.0,2026-09-23,,
1042,WeBuy,WE,webuy,0.023406215458887412,0.11999294,1.35186569,14.32879413,8473781.20628818,20660.65338766,362031240.0,2500000000.0,,2026-09-23,,
1043,PAAL AI,PAAL,paal-ai,0.008450897242180403,2.14672012,10.90263675,62.94218328,8441057.221971167,645922.57334604,998835624.203295,1000000000.0,1000000000.0,2026-09-23,,
1044,Alchemix,ALCX,alchemix,3.2016446981876943,1.90249876,48.43369789,54.21771698,8419204.507801278,3786526.60149797,2629649.85232965,2722627.7744995,,2026-09-23,,
1045,Heroes of Mavia,MAVIA,heroes-of-mavia,0.033652218979095004,-0.28937075,2.95727816,17.63071373,8413054.744773751,727577.94457104,250000000.0,250000000.0,256989887.032251,2026-09-23,,
1046,Zircuit,ZRC,zircuit,0.0012775025306882223,-1.67328632,-13.12074259,53.45302118,8425446.024568964,7633066.08863639,6595248011.0,10000000000.0,,2026-09-23,,
1047,Robinhood Markets Tokenized Stock (Ondo),HOODon,robinhood-markets-tokenized-stock-ondo,124.55110002497457,0.2045646,2.62690702,13.18192718,8354925.789963073,2939622.4130599,67080.30509797,67080.30509797,,2026-09-23,,
1048,MUX Protocol,MCB,mcdex,2.1821626319414187,-1.75067535,-6.54356069,-7.83508178,8339184.6877046665,11096.92917357,3821523.0,4803143.0,4803143.0,2026-09-23,,
1049,Groestlcoin,GRS,groestlcoin,0.091541930400715,0.0,0.0,0.0,8326272.615256274,0.0,90955833.88736624,90955808.88736624,105000000.0,2026-09-23,,
1050,Ref Finance,REF,ref-finance,0.08653915478730172,0.0,-1.99127233,75.89679277,8307342.0711064385,0.0,95995183.81620954,99990506.14259167,99990506.14259167,2026-09-23,,
1051,Pikaboss,PIKA,pikachu,1.973499807607203e-08,0.0,0.42338084,12.08046146,8302316.340622743,0.0,420690000000000.0,420690000000000.0,420690000000000.0,2026-09-23,,
1052,Utrust,UTK,utrust,0.01178880376632181,0.0,0.0,0.0,8300140.214863685,0.0,704069758.0,427693292.0,1000000000.0,2026-09-23,,
1053,Joe coin,JOE,joe-coin,0.008294021746094105,0.1531654,14.38050395,60.40075045,8294021.746094105,127676.0932367,1000000000.0,1000000000.0,1000000000.0,2026-09-23,,
1054,BitMine Immersion Technologies Tokenized Stock (Ondo),BMNRon,bitmine-immersion-technologies-tokenized-stock-ondo,29.04188737462564,0.42164488,4.91473319,24.20974504,8292919.4778647935,1773773.80413245,285550.29399055,285550.29399055,,2026-09-23,,
1055,Venus LINK,vLINK,venus-link,0.26806910485647395,1.03053653,1.46574269,20.92219499,8285295.461359755,0.0,30907312.0,30907312.0,,2026-09-23,,
1056,Amazon tokenized stock (xStock),AMZNX,amazon-tokenized-stock-xstock,255.88388168024406,0.19381308,-1.34691358,2.84901372,8276471.49405977,9742570.3280993,32344.63788697,500511.36193873,,2026-09-23,,
1057,Portal To Bitcoin,PTB,portaltobitcoin,0.0010150499653403281,1.04449566,-7.96929203,58.75568322,8260253.221301818,4555687.43681447,8137779915.624452,8389797955.025996,8400000000.0,2026-09-23,,
1058,Moonbeam,GLMR,moonbeam,0.006799488937700752,1.38080956,1.76081237,12.60722717,8244742.593334296,3764062.87248435,1212553277.0,1237043061.0,1237043061.0,2026-09-23,,
1059,Vine Coin,VINE,vine-coin,0.008220368243552724,-0.93143369,2.2792141,13.63006599,8220319.77626156,2713584.18281212,999994104.0,999994104.0,,2026-09-23,,
1060,Intel Tokenized Stock (Reality),rINTC,intel-tokenized-stock-reality,123.23474007996732,-0.03466708,0.16953162,26.202165,8151083.888514218,301486.76617559,66142.74419068,66142.74419068,,2026-09-23,,
1061,Build On BNB,BOB,build-on-bnb,1.9317770748257825e-08,0.5866588,0.04008256,6.47814821,8126792.976084584,182888.83462734,420690000000000.0,420690000000000.0,420690000000000.0,2026-09-23,,
1062,Abelian,ABEL,abelian,0.0664415621821019,0.0553864,-1.11767014,6.95386509,8122471.409177003,12477.7537142,122249856.0,142829837.0,225180000.0,2026-09-23,,
1063,YELLOW,YELLOW,yellow,0.04184098639841583,-0.00049137,35.59169225,42.14118413,8114466.957831241,0.0,193935842.73,10000000000.0,10000000000.0,2026-09-23,,
1064,Paris Saint-Germain Fan Token,PSG,paris-saint-germain-fan-token,0.4715079264704722,-0.09888151,0.05717249,5.18018632,8104473.6815057965,2587627.88909164,17188414.5027482,19890000.0,19890000.0,2026-09-23,,
1065,Unicorn Fart Dust,UFD,unicorn-fart-dust,0.00807279030184985,-1.03940677,-2.81033841,12.86850609,8072790.30184985,164700.89303498,1000000000.0,1000000000.0,1000000000.0,2026-09-23,,
1066,AIW3.ai,AIW3,aiw3-ai,0.03908330687696595,-0.04404034,-0.88422765,-3.85439749,8069074.398973595,173594.88261635,206458333.33333334,1000000000.0,1000000000.0,2026-09-23,,
1067,ISLM,ISLM,islamic-coin,0.003689160129869267,1.66243437,-4.06228958,-5.13056105,8066196.94806697,5973.20636037,2186458886.06435,18162982098.425728,100000000000.0,2026-09-23,,
1068,Partisia Blockchain,MPC,partisia-blockchain,0.01579406199799231,0.7811611,27.46418483,79.76860282,8036016.638069159,242585.54619773,508799866.6265,614682884.5571,1000000000.0,2026-09-23,,
1069,Harold,HAROLD,harold-sol,0.01019101595572746,0.0,-0.19935369,60.65574473,8020384.904565167,0.0,787005431.0,999993177.5,1000000000.0,2026-09-23,,
1070,Towns,TOWNS,towns,0.0021359203954351685,1.00757646,2.89719069,22.92530042,7993496.355229974,2130435.24840081,3742413047.0,10626795024.0,,2026-09-23,,
1071,Quantoz USDQ,USDQ,quantoz-usdq,1.0009774528776514,0.00376999,0.22985636,0.10764815,7987849.121858849,575108.44926208,7980049.0,11000000.0,,2026-09-23,,
1072,Broccoli (firstbroccoli.com),BROCCOLI,broccoli,0.007967798895118085,2.44348047,10.54743219,32.18628973,7967798.895118085,3482383.5173832,1000000000.0,1000000000.0,1000000000.0,2026-09-23,,
1073,Bitlight,LIGHT,bitlight,0.1844337353563156,1.03228717,2.28196614,10.21291547,7941158.179092291,2287693.19832244,43056972.0,420000000.0,420000000.0,2026-09-23,,
1074,FC Barcelona Fan Token,BAR,fc-barcelona-fan-token,0.2836341039397999,0.47549487,-0.11665798,7.80772409,7941380.5132971965,2364198.1594061,27998680.0,39960000.0,39960000.0,2026-09-23,,
1075,Defigram,DFG,defigram,0.790938598211,0.23961767,2.6552252,14.47811506,7909385.98211,0.0,10000000.0,1000000000.0,1000000000.0,2026-09-23,,
1076,Microsoft Tokenized Stock (Ondo),MSFTon,microsoft-tokenized-stock-ondo,503.29966154914683,0.11754038,-0.09175189,0.39672126,7902964.958205859,3553537.50601291,15702.30533015,15702.30533015,,2026-09-23,,
1077,Creta World,CRETA,creta-world,0.0025650163000039573,-0.06946183,-2.50619701,-6.91178761,7899913.192044249,102601.79899048,3079868612.1534824,10000000000.0,10000000000.0,2026-09-23,,
1078,Bera USD,BUSD,honey-bera,1.0061793899428995,1.08512426,0.51091653,0.43738672,7893227.894846043,102401.80317818,7844752.11253729,7844752.11253729,,2026-09-23,,
1079,Alephium,ALPH,alephium,0.056939500576120204,-0.17059839,-0.44509975,21.15508921,7869714.724155069,146445.3571046,138211867.76365125,224466733.96888003,,2026-09-23,,
1080,AS Roma Fan Token,ASR,as-roma-fan-token,0.8749649077898427,0.44159695,0.64179092,6.78196841,7844392.560685882,2482014.49239333,8965379.6293394,9995000.0,9995000.0,2026-09-23,,
1081,FIGHT,FIGHT,fight-id,0.0038070385461172604,-0.05087695,5.41516914,16.79390011,7804429.0195403835,1217649.42124703,2050000000.0,10000000000.0,10000000000.0,2026-09-23,,
1082,Quai Network,QUAI,quai-network,0.009956998166755129,0.29252041,3.51649013,12.30980403,7791196.303863383,311335.99042719,782484457.0,1106597431.0,,2026-09-23,,
1083,iShares MSCI South Korea ETF Tokenized bStocks,EWYB,ishares-msci-south-korea-etf-tokenized-bstocks,189.08182171805458,0.07948426,-0.74618751,6.20242629,7786594.906653392,2481709.34732352,41181.08676922,41181.08676922,,2026-09-23,,
1084,ZClassic,ZCL,zclassic,0.8383909499488436,1.67803254,4.46562006,0.31047223,7786157.1502267225,0.0,9287024.33,9287024.33,11462487.0,2026-09-23,,
1085,iShares MSCI Emerging Markets Tokenized ETF (Ondo),EEMon,ishares-msci-emerging-markets-tokenized-etf-ondo,69.44136805063694,-0.05418102,-0.68241612,3.40100827,7755805.06856611,915803.07208672,111688.54079762,111688.54079762,,2026-09-23,,
1086,GamerCoin,GHX,gamercoin,0.011904816968510238,0.62721628,12.64502454,33.55597316,7737715.829465513,335119.43531419,649965123.3557609,808000000.0,808000000.0,2026-09-23,,
1087,Yei Finance,CLO,clovis,0.059809512262036506,0.03085988,-14.26684137,-19.50568725,7721408.033028913,4284807.53074044,129100000.0,999986862.9799656,1000000000.0,2026-09-23,,
1088,Elastos,ELA,elastos,0.33421315581226896,0.20975707,0.05620921,18.41209614,7716546.622176423,111646.88312539,23088698.0,26229451.0,28219999.0,2026-09-23,,
1089,Cea Industries Tokenized 4Stock,BNC4,cea-industries-tokenized-4stock,6.231674040562392,-0.65111794,1.15020322,31.91200728,7703190.3901305925,9063328.19363284,1236135.0,1236135.0,984523.0,2026-09-23,,
1090,Sophon,SOPH,sophon,0.0038525309078906956,0.57811191,-13.45713987,2.22406994,7705061.815781391,28186637.39523005,2000000000.0,10000000000.0,10000000000.0,2026-09-23,,
1091,district0x,DNT,district0x,0.007704260852888071,1.59884272,5.94417473,28.71937355,7704260.852888071,26579.70113205,1000000000.0,1000000000.0,,2026-09-23,,
1092,Gitcoin,GTC,gitcoin,0.0877741122232775,0.42073157,0.35786646,17.85698101,7679488.9067261135,2513442.5101248,87491501.9042429,100000000.0,,2026-09-23,,
1093,Alpine F1 Team Fan Token,ALPINE,alpine-f1-team-fan-token,0.35950652489965634,0.8428492,0.8013726,15.02587602,7670236.801924503,3382730.32114425,21335459.22168,40000000.0,40000000.0,2026-09-23,,
1094,Microsoft tokenized stock (xStock),MSFTX,microsoft-tokenized-stock-xstock,503.54351321652456,0.34371439,0.02970164,0.56287083,7666130.920590028,3939344.66903241,15224.3663544,292034.95861179,,2026-09-23,,
1095,Marvell Technology Tokenized bStocks,MRVLB,marvell-technology-tokenized-bstocks,260.9565277881885,0.0931738,0.23751556,16.70459931,7638692.000597997,3583110.00975231,29271.89469197,29271.89469197,,2026-09-23,,
1096,Telos,TLOS,telos,0.01691281760315713,-0.04016431,0.52450786,9.29438408,7633275.199266708,290908.76876694,451330782.27260005,467563681.3478,,2026-09-23,,
1097,Kleros,PNK,kleros,0.008320055697257422,-0.0016909,0.71009807,0.80986036,7617245.795575565,10591.33541706,915528221.5341986,915528222.0793128,,2026-09-23,,
1098,Treehouse,TREE,treehouse,0.04878646143292786,3.33583063,2.92477046,23.94658925,7616661.836952747,10102408.33119361,156122449.0,1000000000.0,1000000000.0,2026-09-23,,
1099,Chainbounty,BOUNTY,sentinel-protocol,0.014344273970893998,1.94997529,2.58337616,14.02331315,7612259.652304582,186065.58870553,530682812.3717267,555416661.0,1000449852.0,2026-09-23,,
1100,Marvell tokenized stock (xStock),MRVLX,marvell-tokenized-stock-xstock,260.8438709243039,-0.09625143,0.25353642,16.7344316,7614429.8285421785,1896904.92284686,29191.522889,986614.93533386,,2026-09-23,,
1101,Infinity Ground,AIN,infinity-ground,0.02384369107296409,1.46491379,14.91120135,10.38370747,7605347.42611003,3042310.25090866,318966866.4485252,1000000000.0,1000000000.0,2026-09-23,,
1102,USDH,USDH,hyperliquid-usd,0.9988962694923035,-0.00324803,0.00715311,0.39476771,7601499.5291426545,6923.91058648,7609898.806616,8198411.87,,2026-09-23,,
1103,Anthropic tokenized stock (PreStocks),ANTHROPIC,anthropic-tokenized-stock-prestocks,1028.6958420624194,0.33589669,0.09243542,5.4650095,7593657.136095971,1178274.51798578,7381.82932758,7381.82932758,,2026-09-23,,
1104,AITECH Cloud Network,ACN,solidus-ai-tech,0.004248447171710515,-0.03690282,-0.60171179,1.61440614,7579914.16642558,1402121.84912006,1784161097.0,1986052500.0,2000000000.0,2026-09-23,,
1105,McDull,MCDULL,mcdull,1.0013207220845547e-06,0.0,0.0,18.45067611,7565534.3446373,0.0,7555555555554.0,8888888888888.0,8888888888888.0,2026-09-23,,
1106,Marlin,POND,marlin,0.0009060091329573218,0.69968888,-2.05982546,14.98444021,7499957.080412571,1188181.64547207,8278014876.0,10000000000.0,,2026-09-23,,
1107,Fuel Network,FUEL,fuel-network,0.0007993241541735867,-0.01582945,-0.42316807,1.46368046,7482061.338460029,74738.49246885,9360484478.535067,10558812118.547276,,2026-09-23,,
1108,Badger DAO,BADGER,badger-dao,0.3800890867988044,0.28482522,-2.34307727,4.03858628,7415230.935524794,176910.93157084,19509191.90544915,21000000.0,21000000.0,2026-09-23,,
1109,Galatasaray Fan Token,GAL,galatasaray-fan-token,0.8420539009853175,0.13608797,0.2824738,-2.47586382,7388383.020181412,1580003.3390484,8774240.0,9975000.0,9975000.0,2026-09-23,,
1110,GAIB,GAIB,gaib,0.03604237869047824,0.14175802,3.51103064,26.2003685,7382620.509815935,780799.00862632,204831667.0,1000000000.0,1000000000.0,2026-09-23,,
1111,inSure DeFi,SURE,insure,0.00027485517966486345,0.0,2.12044677,1.96672598,7363387.627099463,0.0,26790063174.642704,88000000000.0,88000000000.0,2026-09-23,,
1112,QuickSwap [Old],QUICK,quickswap,11.024538470845188,0.50431508,1.07390627,11.15849481,7329530.724758816,2577.54955361,664837.8745416,894399.84763885,1000000.0,2026-09-23,,
1113,PayAI Network,PAYAI,payai-network,0.007316302049591873,0.60132426,5.35615203,27.10422113,7315882.4061351465,334316.64544566,999942642.6828905,999942642.6828905,1000000000.0,2026-09-23,,
1114,Soil,SOIL,soil,0.0958875162826103,0.00317322,-5.78268229,0.13292124,7282918.447329811,31798.09911497,75952728.04715045,99000000.0,100000000.0,2026-09-23,,
1115,Redbelly Network,RBNT,redbelly-network,0.0024126460657348425,-0.16625982,-2.34839946,0.78408867,7259634.935902039,175408.22180583,3008992922.3377,10000000000.0,10000000000.0,2026-09-23,,
1116,Venus DAI,vDAI,venus-dai,0.026274743846961473,0.02027594,0.10661702,0.07539627,7213405.773228167,0.0,274537625.0,274537625.0,,2026-09-23,,
1117,Gleec Coin,GLEEC,gleec,0.039592173318530495,-0.00866866,0.16765823,0.16765823,7196077.282749482,0.23755304,181755046.0,210000075.0,,2026-09-23,,
1118,Wilder World,WILD,wilder-world,0.014330821549630474,0.99586757,-2.40840025,7.8248647,7164965.209967135,115672.66052375,499968908.6318912,499968908.6318912,500000000.0,2026-09-23,,
1119,PRIZM,PZM,prizm,0.0015030857919701933,-0.00480207,0.22845095,4.4645294,7164571.79284688,517.02045359,4766575421.79,4766575421.79,6000000000.0,2026-09-23,,
1120,DEXTools,DEXT,dextools,0.10241620233354322,0.86625861,3.02768567,13.31617546,7160981.894139118,7582.91316189,69920400.590696,112551255.0,200000000.0,2026-09-23,,
1121,Meta Platforms Tokenized Stock (Ondo),METAon,meta-platforms-tokenized-stock-ondo,744.4525872631397,0.2805518,0.11769966,10.69010116,7134524.922941218,6364062.7010244,9583.58536864,9583.58536864,,2026-09-23,,
1122,Hivemapper,HONEY,hivemapper,0.0011665019109690048,-1.14578285,0.89013049,5.65329743,7126719.31360472,121998.95848898,6109479330.114946,6574602827.431451,10000000000.0,2026-09-23,,
1123,SanDisk Tokenized Stock (Ondo),SNDKon,sandisk-tokenized-stock-ondo,1872.7758623085474,0.08286958,4.96425466,22.25383873,7123266.4048505165,7980690.5778046,3803.58725687,3803.58725687,,2026-09-23,,
1124,Clash of Lilliput,COL,clash-of-lilliput,0.0866027288073,24.94619224,27.81912742,42.5410949,7107867.005221863,0.0,82074400.0,1000000000.0,1000000000.0,2026-09-23,,
1125,AMO Coin,AMO,amo-coin,0.000332331863659232,0.63914075,3.36801427,3.18570214,7045435.509575718,76507.69623952,21200000000.0,21200000000.0,21200000000.0,2026-09-23,,
1126,Mansory,MNSRY,mansory,0.007823583474503093,0.12829073,0.85726556,10.86100704,7041133.025872226,240772.48827416,899988227.75,899988227.75,1000000000.0,2026-09-23,,
1127,Dimitra,DMTR,dimitra,0.009039328744586421,-0.08062485,-1.03381134,6.60524695,7018898.397541746,192942.89474306,776484470.9011502,999999999.0,1000000000.0,2026-09-23,,
1128,Meta Platforms Tokenized Stock (Robinhood),META,meta-platforms-tokenized-stock-robinhood,739.4377332781759,-0.62264585,-0.48661383,10.28879088,7013741.636676978,40218363.10545152,9485.236310003691,9485.236310003691,,2026-09-23,,
1129,Gearbox Protocol,GEAR,gearbox-protocol,0.0007012381157616591,-0.92773305,60.04446404,111.59292081,7012381.157616591,54208.55050574,10000000000.0,10000000000.0,10000000000.0,2026-09-23,,
1130,Pangolin,PNG,pangolin,0.029401165264164954,-0.44539575,1.73875308,25.60871422,6997155.096099963,544066.7432262,237989040.0,230000000.0,538000000.0,2026-09-23,,
1131,Pitbull Token,PIT,pitbull,1.7353140011921743e-10,-0.54340781,0.96234324,11.74326166,6974601.462599815,58120.40779124,4.019215806366e+16,1e+17,1e+17,2026-09-23,,
1132,MCOIN,MCOIN,mcoin1,0.03935163418917619,-0.02055932,1.41883815,6.22731502,6965239.251484185,131822.70635183,177000000.0,500000000.0,500000000.0,2026-09-23,,
1133,Keyboard Cat,KEYCAT,keyboard-cat,0.0006960177745181086,-2.12115371,-1.60687096,32.87136095,6960177.745181086,150575.76309965,10000000000.0,10000000000.0,10000000000.0,2026-09-23,,
1134,LOAN Protocol,LOAN,loan-protocol,0.0003771422868534271,-0.08198271,0.26604972,10.39440331,6941958.337701848,106234.44179407,18406735547.0,37383070168.80277,,2026-09-23,,
1135,Bitcoin Limited Edition,BTCLE,bitcoin-limited-edition,444.5827740857253,-0.66387775,-0.03348585,-0.10057926,6925977.20437188,41782.02765448,15578.6,210000.0,210000.0,2026-09-23,,
1136,Purple Pepe,$PURPE,purple-pepe,1.6583892754257426e-05,0.4575651,3.59599978,39.79787317,6919028.946172932,460536.15989248,417213801892.0,420683240832.10004,420690000000.0,2026-09-23,,
1137,Radix,XRD,radix-protocol,0.000511039761826458,0.42825737,6.54974245,-11.40766502,6915775.5474172225,136921.56043506,13532754325.612972,13532754339.153187,24000000000.0,2026-09-23,,
1138,OMG Network,OMG,omg,0.048980299333632724,0.06382814,0.77782349,9.4408977,6869261.586211133,232283.96411863,140245398.24513277,140245398.24513277,140245399.0,2026-09-23,,
1139,SanDisk Tokenized Stock (Reality),rSNDK,sandisk-tokenized-stock-reality,1876.7676034896447,-0.04601358,4.86909666,22.70041676,6876559.3325200565,565649.4165244,3664.04413617,3664.04413617,,2026-09-23,,
1140,Turtle,TURTLE,turtle-xyz,0.044366868774270235,0.61124446,1.37585179,14.62071404,6863554.599379606,643568.8791499,154700000.0,1000000000.0,1000000000.0,2026-09-23,,
1141,Dent,DENT,dent,6.848773351678015e-05,-0.3480158,2.3577385,3.96741812,6848773.351678011,144239.70966176,99999999999.99994,99999999999.99994,100000000000.0,2026-09-23,,
1142,Kekius Maximus (kekiusmaximus.vip),KEKIUS,kekius-maximus-vip,0.006841719237787791,0.03750678,6.49053915,26.28780277,6841719.237787791,2700393.93214073,1000000000.0,1000000000.0,,2026-09-23,,
1143,Helium Mobile,MOBILE,helium-mobile,7.612008171087179e-05,8.98263577,-1.91682078,38.26684753,6796000.8951466335,13226.76304029,89280000000.0,100880000000.0,,2026-09-23,,
1144,FLORK,FLORK,flork-meme,0.006813428659473223,0.5849126,4.2910523,77.49815524,6813428.659473223,2690671.74975936,1000000000.0,1000000000.0,1000000000.0,2026-09-23,,
1145,The Juggernaut,JUGGERNAUT,the-juggernaut,0.006812912097212743,0.71265449,-3.635139,23.28387834,6812912.097212743,1757783.64870723,1000000000.0,1000000000.0,1000000000.0,2026-09-23,,
1146,SPACEM WORLD,SPCM,spacem,0.0006997849178851667,0.70252063,35.96354754,72.92073423,6805210.958395221,315603.10532069,9724717959.0,42582201726.0,42582201726.0,2026-09-23,,
1147,Starpower,STAR,starpower,0.036312073330578815,-1.09773893,-4.65654977,-12.10145065,6762360.9580452135,3614960.59328402,186228995.97282293,553228995.9728229,1000000000.0,2026-09-23,,
1148,DACXI,DXI,dacxi,0.0008028498795917303,-0.13602499,11.84540688,-13.31984803,6742968.12950804,909849.30880378,8398790734.0,10000000000.0,,2026-09-23,,
1149,SK hynix tokenized stock (xStock),SKHYx,sk-hynix-tokenized-stock-xstock,191.54065480204275,0.32301344,-0.76860368,7.87002876,6737522.547971672,5191883.29483747,35175.41774583,348168.29855335,,2026-09-23,,
1150,Minswap,MIN,minswap,0.0039054792733034895,0.89386211,2.32226369,22.87998356,6706472.534805178,143201.95597361,1717195782.0,2457545156.0,2500000000.0,2026-09-23,,
1151,Liqwid Finance,LQ,liqwid-finance,0.3310507050439917,0.05107507,-2.02980721,36.3179215,6668153.734973868,28868.31329459,20142394.0,21000000.0,21000000.0,2026-09-23,,
1152,LinqAI,LNQ,linqai,0.014982935396976236,0.13870748,1.51135753,197.52377302,6654536.236600058,190426.30095712,444141021.7882295,873400434.3366884,1000000000.0,2026-09-23,,
1153,Inverse Finance,INV,inverse-finance,9.189202173674161,0.16337134,1.17207995,9.22371912,6650393.375911852,11965.678198,723718.2565168,727000.0,,2026-09-23,,
1154,Shadow Token,SHDW,genesysgo-shadow,0.03933380772076217,1.10144502,90.3615036,110.19784483,6649518.187528902,3592571.67739852,169053508.23736763,169053508.23848522,,2026-09-23,,
1155,Polkastarter,POLS,polkastarter,0.06698139915256333,-0.37744782,0.07501796,10.39598009,6645199.956752038,91288.78515954,99209631.94000003,100000000.0,,2026-09-23,,
1156,CREPE,CREPE,crepe,1.1431407541946753e-05,0.71748011,-4.00822397,14.84996084,6639490.36049266,388584.30725682,580811272464.0,690000000000.0,690000000000.0,2026-09-23,,
1157,GameStop Tokenized bStocks,GMEB,gamestop-tokenized-bstocks,24.054858823292246,0.11522193,1.59791046,12.4922189,6637275.7142608315,2153944.90666693,275922.45554291,275922.45554291,,2026-09-23,,
1158,Unibright,UBT,unibright,0.04388039355059001,1.19701061,0.97462019,73.25523282,6582058.999392692,3286.45440524,149999999.24349335,150000000.0,150000000.0,2026-09-23,,
1159,Nexa,NEXA,nexa,1.1220887495237903e-06,-0.05291429,-0.31222282,7.94215278,6575013.678484592,96423.08892272,5859620000000.0,11019920000000.0,21000000000000.0,2026-09-23,,
1160,Croatian Football Federation Token,VATRENI,croatian-ff-fan-token,1.6970794825125655,-0.20611091,0.96465735,20.98851308,6557555.8503361335,3178.70988564,3864024.0,20999999.44183582,30000000.0,2026-09-23,,
1161,Konnect,KCT,konnect,0.0008858940849262077,-1.79734924,-1.61199869,-8.12478244,6533468.911766545,298500.79580702,7375000040.0,10000000000.0,10000000000.0,2026-09-23,,
1162,Taiwan Semiconductor Manufacturing Tokenized Stock (Ondo),TSMon,taiwan-semiconductor-manufacturing-tokenized-stock-ondo,451.66108148468356,-0.24183223,1.48486722,7.60460545,6526699.647532203,3157372.06829752,14450.43621221,14450.43621221,,2026-09-23,,
1163,Nebius Tokenized bStocks,NBISB,nebius-tokenized-bstocks,235.3996906098098,0.19742989,0.09122504,12.74178729,6511954.988208439,3394469.85946381,27663.39654627,0.0,,2026-09-23,,
1164,SpaceX tokenized stock (Backpack),SPCX,spacex-tokenized-stock-backpack,153.91241189495224,-0.44990619,0.76776974,7.78567359,6508615.0595396515,2297118.74583708,42287.785497,42287.785497,,2026-09-23,,
1165,Wen,WEN,wen,8.937425900568028e-06,2.2506894,5.44456845,17.5253534,6503916.329090208,262252.68358859,727716951329.0,727716951329.0,727716951329.0,2026-09-23,,
1166,PumpBTC (Governance token),PUMP,pumpbtc-pump,0.011971236338470992,0.35916112,0.76929043,8.03310868,6497219.261385563,2132968.6877503,542735860.99925,1000000000.0,1000000000.0,2026-09-23,,
1167,Advanced Micro Devices Tokenized bStocks,AMDB,advanced-micro-devices-tokenized-bstocks,620.4468923907474,0.00552487,-0.06259891,22.23281963,6493073.051989708,5330331.43954436,10465.15524797,10465.15524797,,2026-09-23,,
1168,Broadcom tokenized stock (xStock),AVGOX,broadcom-tokenized-stock-xstock,365.1948220221462,0.2250957,-0.29648577,7.0831045,6482958.873593009,656960.19828015,17752.05584158,249959.05223653,,2026-09-23,,
1169,Giggle Mascot,MAX,giggle-mascot,0.006505161812409073,0.49356244,-14.65991847,106.73627977,6505161.812409073,403704.96466572,1000000000.0,1000000000.0,1000000000.0,2026-09-23,,
1170,Bitgert,BRISE,bitrise-token,1.6335968899873342e-08,0.1865355,0.07548742,8.13853327,6463979.533990882,611148.14896864,395690000000000.0,1000000000000000.0,,2026-09-23,,
1171,Splintershards,SPS,splintershards,0.004078534196439953,0.9318285,0.57226871,9.95772947,6440140.734242604,3359.74110547,1579033158.4970002,2750047956.229,3000000000.0,2026-09-23,,
1172,Quickswap [New],QUICK,quickswap-new,0.009730443917765834,0.25642679,1.993213,7.28560651,6429469.207044458,277032.56457076,660758055.992239,894399843.6052603,1000000000.0,2026-09-23,,
1173,Apu Apustaja,APU,apu-apustaja,1.9026910104458695e-05,2.5847005,-0.70726762,22.99129608,6428979.903250346,236355.53917006,337888804222.80457,337888804222.80457,420690000000.0,2026-09-23,,
1174,Lingo,LINGO,lingo,0.013198837821102672,-0.09307943,-2.56107463,-4.43412506,6417355.897092476,169320.4075768,486206133.0,486206133.0,1000000000.0,2026-09-23,,
1175,Bobo (bobothebear),BOBO,bobo-bobothebear,0.0063511635642394745,0.65870127,2.57607126,6.91278492,6351156.533501409,1168674.90492692,999998893.0,999998893.0,999998895.0,2026-09-23,,
1176,RealLink,REAL,reallink,0.004620854784235121,-0.62715861,4.04799705,-51.89705438,6349247.403468007,261591.81788837,1374041752.0,3413751475.0,12000000000.0,2026-09-23,,
1177,Alibaba Tokenized bStocks,BABAB,alibaba-tokenized-bstocks,113.77387087507789,0.77858112,-3.63230924,4.56459093,6343277.966553867,16794550.51413177,55753.38096318,55753.38096318,,2026-09-23,,
1178,Amazon Tokenized Stock (Ondo),AMZNon,amazon-tokenized-stock-ondo,256.0091804741397,0.2112419,-1.29664958,2.94803147,6317914.1219023755,3023105.59314284,24678.46703857,24678.46703857,,2026-09-23,,
1179,Upland,SPARKLET,upland-sparklet,0.022063569327372818,4.13177766,4.603842,2.43767471,6280891.208120332,15149.46220395,284672489.52,1000000000.0,1000000000.0,2026-09-23,,
1180,Sherwood Protocol,WOOD,sherwood-protocol,0.00626413363324913,-0.09930531,12.45834572,70.71661684,6264133.63324913,927213.82116802,1000000000.0,1000000000.0,1000000000.0,2026-09-23,,
1181,Bluefin,BLUE,bluefin,0.01037394832969887,-0.24417955,0.50854369,14.80094957,6262996.311433369,2979508.91653689,603723492.0,1000000000.0,1000000000.0,2026-09-23,,
1182,Hyperion,RION,hyperion-xyz,0.1570461764903345,0.43985493,-0.25758593,-2.62201635,6262078.752924798,234809.9623318,39874124.240842,100000000.0,100000000.0,2026-09-23,,
1183,frong,FRONG,frong,0.006235360615910439,-0.79947364,11.780882,12.21981653,6235360.615910439,1685437.98460947,1000000000.0,1000000000.0,1000000000.0,2026-09-23,,
1184,Open Loot,OL,open-loot,0.007776951061382107,-0.37660988,11.35497153,45.7443591,6227073.347328456,1052424.06378258,800708825.1140146,5000000000.0,5000000000.0,2026-09-23,,
1185,Grove,GROVE,grove-finance,0.007952692663312756,-2.42960695,1.59518009,-1.32912085,6206456.189616178,632913.90903828,780421984.3987824,10000000000.0,10000000000.0,2026-09-23,,
1186,BREW (brew.family),BREW,brew,0.0062269451929782595,5.16417158,7.66511221,-10.0044097,6226945.192978259,2203105.62543404,1000000000.0,1000000000.0,1000000000.0,2026-09-23,,
1187,Destra Network,DSYNC,destra-network,0.006356492754486653,0.63698603,6.99669563,61.67885766,6197248.055451631,783687.33733356,974947710.1310906,999874315.1676701,1000000000.0,2026-09-23,,
1188,The Arena,ARENA,the-arena,0.0009220164598530493,0.58667326,-6.42501718,45.08140817,6185508.523531993,8111.06892473,6708674728.559442,10000000000.0,10000000000.0,2026-09-23,,
1189,House Party Protocol,HPP,house-party-protocol,0.006795714068601488,0.40619085,3.90131618,8.30151546,6140758.878747745,256928.31729392,903622315.0,1700000000.0,1700000000.0,2026-09-23,,
1190,BugsCoin,BGSC,bugscoin,0.0006068991919553839,-0.35201675,-1.36426429,-3.26118871,6176044.31193302,64692.11262155,10176392379.159817,12985800644.0,14745800644.0,2026-09-23,,
1191,Alitas,ALT,alitas,0.008096020077393571,-0.01163633,7.11081964,28.47242116,6152975.258819114,513.19835313,760000000.0,1000000000.0,1000000000.0,2026-09-23,,
1192,BNBTiger,BNBTIGER,bnbtiger,1.447172846029e-18,0.49811431,1.91358071,40.50221806,6144328.735765594,17549.66411573,4.2457462856807e+24,4.2457462856807e+24,1e+25,2026-09-23,,
1193,Origin Dollar,OUSD,origin-dollar,0.9996382042477285,-0.00012752,0.00737608,0.00341247,6142927.76800642,4037.44082242,6145151.05755611,6145151.05755611,,2026-09-23,,
1194,FC Porto Fan Token,PORTO,fc-porto,0.47245670869040146,0.36150394,1.39719549,8.97217555,6136365.224900207,1468659.6292285,12988206.35209,40000000.0,40000000.0,2026-09-23,,
1195,Reppo,REPPO,reppo,0.0150990304929531,0.93873683,0.01820533,6.33842155,6132559.702284954,87945.15341563,406155859.15579766,1000000000.0,1000000000.0,2026-09-23,,
1196,Phoenix,PHNIX,phoenix-xrp,1.1555446417903012e-05,0.67453332,10.56482512,19.36008572,6124376.319429263,59768.97479555,529999110198.0,589000000000.0,589000000000.0,2026-09-23,,
1197,Beefy,BIFI,beefy-finance,76.27909845096256,0.38359823,1.74088402,32.74659573,6102327.876077005,12350.474352,80000.0,80000.0,80000.0,2026-09-23,,
1198,Commonwealth,CWU,commonwealth,0.006687626795206455,-3.98835797,-3.06244183,1.61150298,6022186.385243154,15003.78599877,900496778.552255,999999266.114444,1000000000.0,2026-09-23,,
1199,Klever Coin,KLV,klever,0.000675634177449616,0.41069944,11.09590287,12.70831968,6000158.765160896,256664.71196159,8880780406.65482,10000000000.0,10000000000.0,2026-09-23,,
1200,Pups (Bitcoin),PUPS,pups-runes,0.006173967669126655,-3.80749513,31.23264975,114.17016833,5979152.194146025,201093.77685765,968445660.0,968445660.0,1000000000.0,2026-09-23,,
1201,PepeFork,PORK,pepefork,1.464622617492905e-08,-0.6948982,-3.69172672,-8.697077,5970178.660041244,9593.35242182,407625731620941.9,420690000000000.0,420690000000000.0,2026-09-23,,
1202,Green Satoshi Token (SOL),GST,green-satoshi-token,0.0011909462402354477,2.3075441,1.51164211,6.81618716,5964610.331021736,118873.27179292,5008295193.780153,5018295193.780153,,2026-09-23,,
1203,RIZE,RIZE,rize,0.002952279207478758,6.42709815,53.45815277,10.80395928,5962121.523715293,176373.04424993,2019497853.9333127,4943183959.796327,5000000000.0,2026-09-23,,
1204,MEVerse,MEV,meverse,0.003449106895992975,-0.50306955,1.38592052,-42.53100644,5955383.299934159,1267135.18934085,1726645035.8070574,1999999999.99999,,2026-09-23,,
1205,Brickken,BKN,brickken,0.1145168778250733,-0.48528134,-4.64377704,-13.56614904,5937379.921095605,149407.17958398,51847203.95682692,150000000.0,150000000.0,2026-09-23,,
1206,U.S. Dollar Payment Token,USDPT,us-dollar-payment-token,0.9996932250526771,0.0101311,0.02750738,0.02193292,5920627.292507861,125458.00709949,5922444.15,5922444.15,,2026-09-23,,
1207,LeverUp,LV,leverup,0.06576029891043718,0.0,3.97449543,22.27492419,5918426.901939346,0.0,90000000.0,1000000000.0,1000000000.0,2026-09-23,,
1208,Oraichain,ORAI,oraichain-token,0.4278836438245625,0.45264025,-7.53104489,-3.32353661,5914935.127137604,242019.8404266,13823700.0,18014986.26,19779272.0,2026-09-23,,
1209,Daddy Tate,DADDY,daddy-tate,0.009779861950477095,0.44456103,-0.06673611,-0.88108496,5864117.076994683,181029.46753017,599611436.918965,599611436.918965,999689062.0,2026-09-23,,
1210,LUKSO,LYX,lukso-network,0.191779028550399,-0.69127131,-2.72045488,-1.13675638,5856146.501735927,112579.63526091,30535906.59,42115181.93,,2026-09-23,,
1211,dYdX (ethDYDX),ETHDYDX,dydx-ethdydx,0.14033778674946512,0.99351222,2.11903442,33.20269484,5846047.42108267,3986068.13854362,41656973.19652899,1000000000.0,,2026-09-23,,
1212,Direxion Semiconductor Bull 3X tokenized ETF (xStock),SOXLx,direxion-semiconductor-bull-3x-tokenized-etf-xstock,148.84943138358014,0.28214493,2.62420057,43.2453361,5845212.15068589,11395962.20675655,39269.29445651,541485.75995472,,2026-09-23,,
1213,Hashflow,HFT,hashflow,0.006308467340645473,0.79345887,3.63820382,12.71355483,5838782.72788651,1741845.38562206,925546953.4204,997353568.2839,,2026-09-23,,
1214,Resistance Dog,REDO,resistance-dog,0.05831463221315402,1.44274584,3.11602984,38.61249998,5831462.810780391,118521.52943675,99999992.96,99999992.96,100000000.0,2026-09-23,,
1215,Limitless,LMTS,limitless-lmts,0.04430267757378588,-1.20046975,-3.64781018,-4.38677474,5830173.889175825,1302928.20065333,131598680.0,1000000000.0,1000000000.0,2026-09-23,,
1216,VNX Gold,VNXAU,vnx-gold,138.252471781988,0.187544,0.35154288,0.8259406,5820429.062021695,3384.33493514,42100.0,44000.0,,2026-09-23,,
1217,Milady Meme Coin,LADYS,milady-meme-coin,7.919710049797154e-09,0.22814244,2.39709508,20.71391498,5815965.974420698,131044.33189389,734366023232083.0,888000888000888.0,888000888000888.0,2026-09-23,,
1218,Tokemak,TOKE,tokemak,0.06366323254810753,0.0,26.78775968,42.53490071,5799588.778001514,0.0,91097931.19001643,100000000.0,100000000.0,2026-09-23,,
1219,crow with knife,CAW,crow-with-knife,7.549754498521435e-09,0.5482739,1.30276698,15.35372729,5812264.550761981,20323.36960976,769861397731578.0,777777777777777.0,777777777777777.0,2026-09-23,,
1220,Altura,ALU,altura,0.005853248461028192,-2.54353004,-0.9935463,26.88246717,5794715.97641791,3475825.55045597,990000000.0,990000000.0,990000000.0,2026-09-23,,
1221,Marvell Tokenized Stock (Reality),rMRVL,marvell-tokenized-stock-reality,260.62772697155606,-0.10614332,0.07948613,16.69713639,5790732.458040515,105992.51815103,22218.40525307,22218.40525307,,2026-09-23,,
1222,RACA,RACA,radio-caca,1.403675831501875e-05,-0.30519535,0.74650501,6.55086197,5778517.504138258,163938.20181824,411670371068.18915,415670371068.18945,500000000000.0,2026-09-23,,
1223,Hey Anon,ANON,hey-anon,0.37388754427510273,-0.2707922,0.16460273,-18.66333728,5738685.156171059,354157.20851076,15348693.060362,20961083.951299,20961083.951299,2026-09-23,,
1224,Apple Tokenized bStocks,AAPLB,apple-tokenized-bstocks,340.46390897317895,0.00359189,0.61447211,2.63200232,5720741.557815916,9123580.39516122,16802.78410439852,16802.78410439852,,2026-09-23,,
1225,Asteroid Shiba,ASTEROID,asteroid-shiba,1.361246402151024e-05,-0.16903254,-14.09175644,-1.90673224,5726627.4892091425,554888.24096841,420690000000.0,420690000000.0,420690000000.0,2026-09-23,,
1226,ProShares UltraPro QQQ Tokenized Stock (Ondo),TQQQon,proshares-ultrapro-qqq-tokenized-stock-ondo,80.82803523784413,-0.00755215,1.21134719,17.92791001,5674673.108492181,1604483.02314102,70206.74314047,70206.74314047,,2026-09-23,,
1227,Aligned,ALIGN,aligned,0.006835345789600382,1.01000374,0.91356596,-8.33291973,5671442.796865435,2199679.79698215,829722880.3690131,10000000000.0,10000000000.0,2026-09-23,,
1228,Kryll,KRL,kryll,0.14195845716847383,0.03719701,2.64057769,7.22441915,5664478.684018897,72138.56095271,39902368.60137464,49417348.0,49417348.0,2026-09-23,,
1229,Alphabet Class A Tokenized Stock (Robinhood),GOOGL,alphabet-class-a-tokenized-stock-robinhood,352.37012770603036,-0.1057642,-1.40401418,2.19747304,5646795.251648437,5502095.80778956,16025.181499946424,16025.181499946424,,2026-09-23,,
1230,Luna by Virtuals,LUNA,luna-by-virtuals,0.005638996094898882,1.63593406,4.91172292,25.26731272,5638996.094898882,6241.81461906,1000000000.0,1000000000.0,1000000000.0,2026-09-23,,
1231,Nash,NEX,nash,0.12719401974578082,0.0,-3.25688387,1.24620035,5634529.84970644,0.0,44298701.0,50000000.0,50000000.0,2026-09-23,,
1232,Polyhedra Network,ZKJ,polyhedra-network,0.006693253148192494,1.62193024,-0.14807143,2.53421784,5628244.164559081,1489750.84399459,840883205.8113599,1000000000.0,1000000000.0,2026-09-23,,
1233,LimeWire,LMWR,limewire,0.010715481353204001,-1.2725126,4.73982657,4.27581888,5614967.135388726,774010.71698029,524005124.0171132,633045269.0,633045269.0,2026-09-23,,
1234,Fwog (SOL),FWOG,fwog-solana,0.005699692300457353,1.73736399,29.63905836,35.24525114,5560821.167055784,2120846.67357533,975635328.0,975635328.0,975635328.0,2026-09-23,,
1235,Grow,GROW,grow,0.000139705122113117,-3.39027017,-15.34579818,-20.85339841,5504284.552296122,2146.00487149,39399303826.8088,40238344889.8088,50000000000.0,2026-09-23,,
1236,NKN,NKN,nkn,0.006835057420946948,0.30352757,0.53602081,15.65152713,5504057.294243995,130398.23744898,805268625.4509107,805268625.4509107,1000000000.0,2026-09-23,,
1237,Measurable Data Token,MDT,measurable-data-token,0.008126214009182921,0.96388492,-1.60463629,3.07744824,5494596.587384772,97794.74223353,676157012.5,1000000000.0,,2026-09-23,,
1238,Galeon,GALEON,galeon,0.006636543340404684,0.90853348,-1.55450965,7.86413306,5473678.509132137,651.6821963,824778537.3158374,3931074356.4648747,4000000000.0,2026-09-23,,
1239,NetX,NETX,netx,0.2088624679428398,-0.69123965,-5.6805237,43.43902286,5468028.7241369365,135869.7805,26180044.59103391,30000000.0,50000000.0,2026-09-23,,
1240,CONX,XPLA,xpla,0.005392101889377746,0.18646346,2.19597398,6.47800448,5466490.98468355,99764.3884717,1013795936.507125,1999879416.0637,2000000000.0,2026-09-23,,
1241,Ika,IKA,ika,0.0018152288008707737,0.17959495,-0.69388415,1.29289523,5445686.402612321,234929.27330285,3000000000.0,10291666666.6667,,2026-09-23,,
1242,doginme,DOGINME,doginme,8.022772585677843e-05,-0.59164995,-0.30152511,2.48776522,5424939.300573563,242809.74560235,67619258088.6326,67619258088.6326,69000000000.0,2026-09-23,,
1243,iShares Russell 2000 Value Tokenized ETF (Ondo),IWNon,ishares-russell-2000-value-tokenized-etf-ondo,219.10223278486023,0.0,0.0,-0.59446418,5413935.726001306,0.0,24709.63283755,24709.63283755,,2026-09-23,,
1244,Apple Tokenized Stock (Robinhood),AAPL,apple-tokenized-stock-robinhood,340.62087573197493,0.07605837,0.59713751,2.74573364,5398659.247681796,5838032.82629638,15849.466760016936,15849.466760016936,,2026-09-23,,
1245,DOWGE,DJI6930,dowge,0.005364533164838967,-0.59673138,1.44238326,38.75360093,5364418.497942569,185374.47851072,999978625.0,999978625.0,999978625.0,2026-09-23,,
1246,NATIX Network,NATIX,natix-network,0.0001320634125315406,0.04549742,-4.09637476,46.84496072,5362193.7894982295,117763.55432515,40603174541.0,99991483316.62,100000000000.0,2026-09-23,,
1247,Cryptocurrency Coin,CRYPTO,cryptocurrency-coin,0.005361336777970075,1.56811984,2.96291268,39.15035432,5361215.146287634,18294.94117968,999977313.18,999977313.18,999977313.18,2026-09-23,,
1248,Venus LTC,vLTC,venus-ltc,1.2898927656347943,1.60904207,4.63404855,23.88452263,5343223.414724728,0.0,4142378.0,4142378.0,,2026-09-23,,
1249,Suilend,SEND,suilend,0.07067528407678968,0.2818507,-1.12336327,41.16330545,5338544.290843458,2978.90951825,75536226.85185185,100000000.0,100000000.0,2026-09-23,,
1250,DAO Maker,DAO,dao-maker,0.02482010618947343,0.57506011,2.62004029,14.80119264,5303986.420382245,671075.53409612,213697168.73458597,269162882.554586,,2026-09-23,,
1251,Enzyme,MLN,enzyme,1.6152239594725415,-1.79709143,14.60210555,21.59812839,5291669.650374589,1692230.58434678,3276121.32010635,3276740.93577827,,2026-09-23,,
1252,tao.bot,TAOBOT,tao-bot,0.06872206548579882,0.0,-6.78085492,126.33584822,5268691.710151931,0.0,76666667.0,100000000.0,100000000.0,2026-09-23,,
1253,Populous,PPT,populous,0.0989303862767401,-5.14236294,1.47440114,40.67457624,5268265.266328953,2639.54990145,53252245.99438964,53252246.0,53252246.0,2026-09-23,,
1254,S.S. Lazio Fan Token,LAZIO,lazio-fan-token,0.3994192700734927,-0.08741844,1.6570767,12.13379436,5263914.174437519,1018264.99372776,13178918.91763,40000000.0,40000000.0,2026-09-23,,
1255,Propchain,PROPC,propchain,0.12277591072508609,0.01139641,-3.4721934,31.12583699,5263537.23000721,79493.49835187,42871090.90799635,63763337.0,100000000.0,2026-09-23,,
1256,Bitrue Coin,BTR,bitrue-coin,0.014802988192685721,-0.16113353,0.61933818,5.77503099,5237608.022830669,654325.15738997,353820995.7783128,801307097.3484074,1000000000.0,2026-09-23,,
1257,SpaceN,SN,spacen,0.1306627803225,0.05425128,2.88082848,91.08585378,5227817.840703225,0.0,40010000.0,1000000000.0,1000000000.0,2026-09-23,,
1258,Manchester City Fan Token,CITY,manchester-city-fan-token,0.373717411546115,0.22013479,0.78263239,8.91316128,5222498.645237311,2006569.2412608,13974459.0,19740000.0,19740000.0,2026-09-23,,
1259,GOLDAO,GOLDAO,gold-dao,0.006587653207331001,1.50755755,23.27420411,41.02083696,5221101.777225172,3103.22620835,792558687.1231964,987794316.0971963,,2026-09-23,,
1260,NEM,XEM,nem,0.0005800245320610901,3.1507911,7.21173971,11.60867557,5220220.787969787,292967.37943325,8999999999.0,8999999999.0,8999999999.0,2026-09-23,,
1261,AMD Tokenised Stock (xStock),AMDx,amd-tokenised-stock-xstock,620.2500031743987,-0.07987412,-0.11159621,22.16314606,5204526.857877941,908939.89869346,8391.01464126,348854.44239098,,2026-09-23,,
1262,Robinhood Tokenized bStocks,HOODB,robinhood-tokenized-bstocks,124.35951228005467,0.23753805,2.45040718,13.06798409,5156310.4072387125,3661284.33435255,41462.93526487,41462.93526487,,2026-09-23,,
1263,BeatSwap,BTX,beatswap,0.0228883448178606,0.07680281,-0.91574811,1.61428087,5144275.50140605,336294.0449326,224755243.0,1500000000.0,1500000000.0,2026-09-23,,
1264,Juventus Fan Token,JUV,juventus-fan-token,0.31542326410821714,0.36195011,1.39660668,9.01627841,5125610.378055738,2056088.32952681,16249944.0,19956000.0,19956000.0,2026-09-23,,
1265,Reactive Network,REACT,reactive-network,0.00420834663775716,0.48079416,-3.83464286,3.01964303,5049863.422573662,79426.24413911,1199963752.335998,2400000000.0,2400000000.0,2026-09-23,,
1266,Nomina,NOM,nomina,0.0017582557371847672,1.77737089,-2.03317072,13.52752495,5098941.637835825,4688702.55096387,2900000000.0,7500000000.0,7500000000.0,2026-09-23,,
1267,Verified USD,USDV,verified-usd,0.296737595917126,0.17673293,0.69183331,57.32861269,5086620.972756129,2.2811399,17141815.0,17141815.0,,2026-09-23,,
1268,Eli Lilly Tokenized Stock (Ondo),LLYon,eli-lilly-tokenized-stock-ondo,1179.4919736059119,0.09759896,1.00811643,3.17004192,5081391.367188725,4219231.63086376,4308.11864845,4308.11864845,,2026-09-23,,
1269,PinLink,PIN,pinlink,0.057493023039972835,2.38666017,-0.81118201,5.50567805,5071265.891358592,234749.0972638,88206631.4,100000000.0,100000000.0,2026-09-23,,
1270,CateCoin,CATE,catecoin,8.823484232731e-08,-0.31975019,0.23768267,10.2992004,5053482.1492427895,463.70330407,57273090946281.0,60000000000000.0,,2026-09-23,,
1271,Micron Technology Inc tokenized stock (Backpack),MU,micron-technology-inc-tokenized-stock-backpack,1088.7370099131758,-0.23516606,4.02730417,16.85929157,5043707.207245814,3255155.38845208,4632.622168,4632.622168,,2026-09-23,,
1272,Aspecta,ASP,aspecta,0.012446569150649735,1.9682381,-4.68827434,36.18463247,5028602.539724832,1654809.34075552,404015153.0,1000000000.0,1000000000.0,2026-09-23,,
1273,Hydranet,HDN,hydranet,0.02664932019919931,-0.00924317,-13.02908781,-25.31803172,5010423.101782888,45571.0708656,188013167.47784916,300000000.0,300000000.0,2026-09-23,,
1274,VNX Swiss Franc,VCHF,vnx-swiss-franc,1.2299671327143864,0.07944412,-0.39886012,0.98559247,5005808.112731379,95633.70112563,4069871.44582,4069871.44582,,2026-09-23,,
1275,BFG Token,BFG,betfury,0.0044448738924405115,0.02101319,-0.44887851,0.16390029,4990744.038839127,968.85735456,1122808916.43,3327754200.68,,2026-09-23,,
1276,Manyu (manyushiba.com),MANYU,manyu-ethereum,4.986278602496218e-09,-1.56912477,-9.24543307,3.35572225,4986278.602496218,947680.90147044,1000000000000000.0,1000000000000000.0,1000000000000000.0,2026-09-23,,
1277,Broadcom Tokenized Stock (Ondo),AVGOon,broadcom-tokenized-stock-ondo,366.96036300108295,0.09257306,-0.26575096,7.22365456,4984237.728321341,3608360.30245857,13582.49617904,13582.49617904,,2026-09-23,,
1278,SymVerse (symverse.org),SYMM,symverse-org,0.029996190601400408,-0.00484257,0.01326395,9.96158052,4954701.292361886,5896.91801453,165177684.0,315177684.0,315177684.0,2026-09-23,,
1279,Equilibria Finance,EQB,equilibria-finance,0.14611682716112503,-0.21775636,1.65626981,30.32610827,4942009.741474164,5657.13834785,33822317.64466485,100000000.0,100000000.0,2026-09-23,,
1280,SpaceX tokenized stock (PreStocks),SPACEX,spacex-tokenized-stock-prestocks,560.5197158397748,-0.13801133,-5.91498917,-0.20771018,4900347.240548576,5458.28309765,8742.50646689,8742.50646689,,2026-09-23,,
1281,Harvest Finance,FARM,harvest-finance,7.183996304875604,-0.3326462,1.4767628,11.85649686,4828963.4261207245,106777.36540092,672183.450713,690420.0,,2026-09-23,,
1282,Particl,PART,particl,0.31071054097950596,-0.00484257,2.18689345,-20.34834232,4857016.215772051,135.08010536,15631964.72337388,15656422.56675996,,2026-09-23,,
1283,Sperax,SPA,sperax,0.0023680561357508705,0.32336383,-3.76664273,9.43603275,4850257.992989316,219455.36355066,2048202287.0,4615267291.67,5000000000.0,2026-09-23,,
1284,MonaCoin,MONA,monacoin,0.07360428344840671,2.28042353,3.27144161,8.73850883,4837985.620189065,18087.60909563,65729674.871168,65729674.871168,105120000.0,2026-09-23,,
1285,apM Fashion,APM,apm-fashion,0.005346080862695766,-1.03844893,-12.43811615,-6.2056252,4811472.77642619,2066804.04207507,900000000.0,10000000000.0,10000000000.0,2026-09-23,,
1286,Steem Dollars,SBD,steem-dollars,0.4903473847538666,0.00020133,0.00755978,9.22610241,4806213.509969633,65073.02723831,9801650.135,9801650.135,,2026-09-23,,
1287,Nebius Group Tokenized Stock (Ondo),NBISon,nebius-group-tokenized-stock-ondo,234.86541673656546,0.22923003,0.07829138,12.46905019,4795717.994009148,1995376.11500705,20419.00446922,20419.00446922,,2026-09-23,,
1288,StablR USD,USDR,stablr-usd,0.2243927670058375,-0.00253114,0.02766056,0.18883693,4790913.463058586,96.76386084,21350569.926944,21350569.926944,,2026-09-23,,
1289,Oracle Tokenized Stock (Ondo),ORCLon,oracle-tokenized-stock-ondo,150.84394812868268,0.09201049,0.040557,6.42647942,4785359.075946629,1817415.13780888,31723.90497141,31723.90497141,,2026-09-23,,
1290,Invesco QQQ Tokenized ETF (Robinhood),QQQ,invesco-qqq-tokenized-etf-robinhood,746.9708084499821,0.01368625,0.52233889,5.8519736,4781985.419220578,1654601.9634664,6401.837080010582,6401.837080010582,,2026-09-23,,
1291,Rally,RALLY,rally-token,0.0005367965059574086,0.00964384,-2.38502173,-13.20318925,4766309.96581131,10011.68216003,8879174720.614681,8879174720.614681,50000000000.0,2026-09-23,,
1292,Checkmate,CHECK,checkmate,0.012344140620223243,-7.19230453,10.32317333,12.24127408,4762781.004930405,2694673.58547033,385833340.0,1000000000.0,1000000000.0,2026-09-23,,
1293,NVIDIA Tokenized Stock (Reality),rNVDA,nvidia-tokenized-stock-reality,228.28173231364983,0.00718655,0.39461381,7.31830619,4749769.691348078,9938572.6044349,20806.61314074,20806.61314074,,2026-09-23,,
1294,Zypher Network,POP,zypher-network,0.001988508331976646,0.43069257,-4.34372074,8.76617442,4747563.64458275,5782752.34595603,2387500001.0,10000000000.0,10000000000.0,2026-09-23,,
1295,Layer3,L3,layer3-xyz,0.0031026392611683455,1.47447556,4.64571956,-5.51570287,4744194.945182035,2251935.14557974,1529083643.2578168,3333333312.0,3333333333.0,2026-09-23,,
1296,Scroll,SCR,scroll,0.024903606140282596,0.81618039,2.64551105,16.59786414,4731685.166653694,2267421.73498867,190000000.0,1000000000.0,1000000000.0,2026-09-23,,
1297,Tesla Tokenized Stock (Robinhood),TSLA,tesla-tokenized-stock-robinhood,378.972100634344,0.03564092,0.88092676,6.34427096,4726755.818246198,2693912.98491701,12472.56938,12472.56938,,2026-09-23,,
1298,Rain Coin,RAIN,rain-coin,4.724987492192213,-0.64963728,-1.27326579,-1.71388132,4724987.492192213,7934.30548684,1000000.0,1000000.0,1000000.0,2026-09-23,,
1299,Aergo,AERGO,aergo,0.0096,1.5013745,1.69312054,1.39620551,4703999.959381644,82613.31168,489999995.7689212,500000000.0,500000000.0,2026-09-23,,
1300,SIX Token,SIX,six,0.005510779707004408,0.50599583,-1.03692944,9.55535168,4689489.526420693,605521.60446357,850966610.126,999999970.0,1000000000.0,2026-09-23,,
1301,Jimothy The Raccoon,JIMOTHY,jimothy-the-raccoon,0.004677102497774678,0.6330204,-0.61493986,19.31962296,4676770.995313737,1410634.97636201,999929122.258685,999929122.258685,1000000000.0,2026-09-23,,
1302,Jager Hunter,JAGER,jager-hunter,3.5481641218653113e-10,0.10690665,0.41739316,16.69757473,4669090.43136154,36839.3376015,1.3159172662246934e+16,1.3159172662246934e+16,1.46e+16,2026-09-23,,
1303,Obyte,GBYTE,obyte,4.943282423938051,-0.13572715,4.57084397,4.58995408,4667676.760743342,8592.23320487,944246.42584448,1000000.0,1000000.0,2026-09-23,,
1304,OctaSpace,OCTA,octaspace,0.11672668187601186,2.88424748,-5.68505638,17.22112342,4667240.735922478,13509.18195694,39984352.0,44907921.32955668,48000000.0,2026-09-23,,
1305,ProjectVex,VEX,projectvex,0.004665089958016873,-0.25973477,-8.86062444,38.02704374,4665089.958016873,1076798.87124312,1000000000.0,1000000000.0,1000000000.0,2026-09-23,,
1306,IMPT,IMPT,impt,0.003153490087274628,0.32501641,0.90609208,12.01877182,4657289.643101751,77699.52214944,1476868331.3435643,1644703579.8824437,2759360954.815418,2026-09-23,,
1307,Sui Name Service,NS,sui-name-service,0.014405605474837692,0.41666717,-3.00337577,42.67979992,4652576.882217652,260603.94531624,322969894.625,500000000.0,500000000.0,2026-09-23,,
1308,PaLM AI,PALM,palm-ai,0.06014438189114628,-0.0003031,7.71218202,126.08723467,4638693.590051693,3490.39693327,77125966.61891283,77125966.61891283,,2026-09-23,,
1309,tx,TX,tx,0.0018732811543188735,2.14805883,12.30768214,21.89804965,4650105.834913768,111990.07281439,2482332043.0,101927474788.0,,2026-09-23,,
1310,HOPR,HOPR,hopr,0.0135079251049222,0.04888898,3.74917783,13.73208606,4608550.313764732,14979.2616424,341173813.0,394545361.0,1000000000.0,2026-09-23,,
1311,Applied Optoelectronics Tokenized bStocks,AAOIB,applied-optoelectronics-tokenized-bstocks,106.4502502494714,0.20720439,-4.65192491,9.80029827,4596286.398151431,2586781.0162026,43177.78856677,43177.78856677,,2026-09-23,,
1312,ALTSEASON,ALTSZN,altseason,0.00458759431908007,-0.45792705,7.81444774,64.59861447,4587437.7674239315,1689669.03454864,999965875.0,999965875.0,999965875.0,2026-09-23,,
1313,Arrow Finance,ARROW,arrow-finance,0.509272463735745,3.42222216,17.95345763,89.88282038,4583452.173621705,1265573.74652681,9000000.0,10000000.0,10000000.0,2026-09-23,,
1314,SUPERFORTUNE,GUA,superfortune,0.03651430274221682,-0.31376243,-1.85367049,10.69793936,4564287.842777102,1188308.71066581,125000000.0,1000000000.0,1000000000.0,2026-09-23,,
1315,DIMO,DIMO,dimo,0.00903668823695857,1.81661682,3.89382615,17.26552304,4558405.157345291,59043.68993082,504433154.91422653,998893318.6414026,1000000000.0,2026-09-23,,
1316,Star Atlas DAO,POLIS,star-atlas-polis,0.015475513316300912,-0.07886991,31.48399701,67.72877607,4554766.7107141195,436301.52364448,294320880.8406,360000000.0,,2026-09-23,,
1317,Grok (grokoneth.com),GROK,grok-erc,0.0007207402977939534,-0.11248724,0.07610725,12.37567104,4554279.683098459,136045.65507051,6318891419.056528,6594615419.056528,6900000000.0,2026-09-23,,
1318,Roam,ROAM,roam,0.012548220175330502,0.5087423,1.47910133,0.38671382,4569744.41820193,1291833.85792379,364174707.99452,995631903.493435,1000000000.0,2026-09-23,,
1319,Bluzelle,BLZ,bluzelle,0.009402830191958768,-0.13928312,1.56093113,7.43732868,4547806.096957295,128687.07698543,483663535.77740306,500000000.0,,2026-09-23,,
1320,Mamo,MAMO,mamo,0.007512708379969234,-0.21004342,2.12261438,6.76908468,4543644.209828581,849014.06918246,604794433.6483333,1000000000.0,1000000000.0,2026-09-23,,
1321,PlatON,LAT,platon,0.0006447164595614875,-1.57149645,0.15695759,36.55639444,4531562.082110335,1250595.72087362,7028767475.849054,10250000000.0,,2026-09-23,,
1322,TrustSwap,SWAP,trustswap,0.045295653081425635,0.28537803,2.05276568,12.23704335,4529346.258364262,256800.23324822,99995164.0,99995164.26708125,,2026-09-23,,
1323,Wolf Safe Poor People,WSPP,wolf-safe-poor-people,3.3537366114296924e-10,3.17348433,0.05378194,1.4651093,4528885.920074657,18708.97616207,1.3504e+16,4.999999975e+16,4.999999975e+16,2026-09-23,,
1324,BTSE Token,BTSE,btse,1.0345995915172945,-0.6439433,0.17572047,-2.97206074,4505382.221775869,389062.80371982,4354711.0,165904711.0,,2026-09-23,,
1325,Micron Technology Tokenized Stock (Robinhood),MU,micron-technology-tokenized-stock-robinhood,1092.8960339793534,0.11725625,4.07164901,17.46740124,4491121.727124908,3620854.43886986,4109.376910054514,4109.376910054514,,2026-09-23,,
1326,FAR Labs,FAR,farcana,0.0009267878469235252,0.00335321,-1.20823139,-1.65509416,4478600.323594774,42737.83557051,4832390000.0,5000000000.0,5000000000.0,2026-09-23,,
1327,Oracle tokenized stock (xStock),ORCLX,oracle-tokenized-stock-xstock,149.561705895737,0.01892729,-0.0478185,6.28585467,4440734.722885971,1091403.08237861,29691.65600439,488120.57865679,,2026-09-23,,
1328,Sταking,SN88,staking,0.9840470464089,1.70851698,0.19553867,32.53862749,4435471.642773772,167350.3641961,4507377.62890526,4507377.62890526,21000000.0,2026-09-23,,
1329,Nimiq,NIM,nimiq,0.00030543825053198855,0.0021271,-3.08575659,-20.93701964,4403822.016216119,5779.85719732,14418043609.61957,14418043609.61957,21000000000.0,2026-09-23,,
1330,NetNet,NET,netnet,750.5559849576414,-0.64380905,18.48928431,-12.82364336,4386768.476358971,1868124.92607481,5844.69188745,103970.98372764,,2026-09-23,,
1331,Swell Network,SWELL,swell-network,0.0008385484574695325,0.72727164,-5.95798645,19.67199806,4379268.512226529,2927440.20741741,5222439410.885976,10000000000.0,10000000000.0,2026-09-23,,
1332,Cratos,CRTS,cratos,6.85460754270731e-05,-1.52026195,2.77324768,20.87941464,4378437.241730912,5850860.9403258,63875826799.0,100000000000.0,100000000000.0,2026-09-23,,
1333,Observer,OBSR,observer,0.0006642405944365068,-0.22090155,4.74263556,28.1031419,4322267.265799463,231133.74647756,6507080871.0,14000000000.0,14000000000.0,2026-09-23,,
1334,Solana Name Service,SNS,sns,0.0009587203701665099,-0.00105837,1.79916376,17.10573123,4314241.665749295,0.0,4500000000.0,10000000000.0,10000000000.0,2026-09-23,,
1335,Chrono.tech,TIME,chrono-tech,6.067437219058388,0.13712125,1.49398328,14.35595844,4308566.045937209,0.0,710113.0,710113.0,710113.0,2026-09-23,,
1336,AXT Tokenized bStocks,AXTIB,axt-tokenized-bstocks,77.1952797097309,0.18353962,-5.35978915,32.57903121,4298397.973361019,4918555.78311129,55682.1348342,55682.1348342,,2026-09-23,,
1337,Bytecoin,BCN,bytecoin-bcn,2.329846789705242e-05,0.0,0.00848535,-18.50821295,4288475.102036574,0.0,184066828814.058,184066828814.058,184470000000.0,2026-09-23,,
1338,Diamond,DMD,diamond,1.1581446158550628,0.63079463,0.72172305,27.97618443,4277563.949003604,5993.83016023,3693462.70788943,4380000.0,4380000.0,2026-09-23,,
1339,BitShares,BTS,bitshares,0.0014269612867406983,0.32288681,4.56134496,2.26527296,4273834.671465596,75646.4696292,2995060000.0,2995060000.0,3600570502.0,2026-09-23,,
1340,Rainbow,RNBW,rainbow,0.020315467438858762,0.37984104,-1.93819641,4.33820403,4266248.16216034,237349.88005195,210000000.0,1000000000.0,1000000000.0,2026-09-23,,
1341,MileVerse,MVC,mileverse,0.0015408949700648922,-0.00808057,1.99000602,4.39626086,4254457.238172033,89898.32230428,2761029999.334,3000000000.0,3000000000.0,2026-09-23,,
1342,Cult DAO,CULT,cult-dao,9.8240956362246e-07,0.0,0.44064868,14.29917529,4242723.07638348,0.0,4318690730920.0,4957113505372.0,6666666666666.0,2026-09-23,,
1343,SmarDex,SDEX,smardex,0.0004317825880099774,0.011771,-1.4139074,0.56795151,4235726.896171551,18561.47028896,9809860364.433395,10000000000.0,10000000000.0,2026-09-23,,
1344,Scamcoin,SCAM,scamcoin,0.004208006058783866,0.43532609,2.43844404,45.74649277,4207816.93415956,32053.98864033,999955056.0,999955056.0,1000000000.0,2026-09-23,,
1345,Australian Digital Dollar,AUDD,novatti-australian-digital-dollar,0.712731994112966,-0.04556041,-0.80471691,-0.12042401,4183252.1476871134,13191.1529506,5869320.0,5670229.704638,,2026-09-23,,
1346,Tesla Tokenized Stock (Reality),rTSLA,tesla-tokenized-stock-reality,378.81309230585333,0.00550311,0.62567624,6.18761694,4179746.83482872,369126.57346879,11033.79719372,11033.79719372,,2026-09-23,,
1347,Ampleforth Governance Token,FORTH,ampleforth-governance-token,0.2900861869196624,0.07936139,-2.51855579,6.55184937,4160863.5902901087,227469.1239171,14343542.63632151,15297897.14455933,,2026-09-23,,
1348,Arm Holdings plc Tokenized Stock (Ondo),ARMon,arm-holdings-plc-tokenized-stock-ondo,328.95069053862585,-0.03955735,0.50944966,34.95982483,4157728.9668198866,2679280.21999151,12639.36841115,12639.36841115,,2026-09-23,,
1349,Vultisig,VULT,vultisig,0.06387603773580382,-1.15054475,-1.19659897,24.09761039,4152698.7581865494,13.13224838,65011840.20465435,100000000.0,100000000.0,2026-09-23,,
1350,Stonks,STNK,stonks,7.110353512526786,0.41448199,-5.69943602,64.65249678,4137345.1713834237,41140.17994859,581876.15624095,581876.15624095,581918.12,2026-09-23,,
1351,Shapeshift FOX Token,FOX,fox-token,0.005354064015311618,1.27382134,0.80092287,14.81261382,4134871.4448259803,56679.73951656,772286516.0,999089275.0,,2026-09-23,,
1352,Coca-Cola Tokenized Stock (Ondo),KOon,coca-cola-tokenized-stock-ondo,90.94926680393158,0.09176809,1.6601241,0.1465627,4133734.2099365056,1475695.48278687,45450.98993319,45450.98993319,,2026-09-23,,
1353,Yala,YALA,yala,0.013397833709914195,-0.00831119,0.01186658,0.06791165,4122830.0379020795,0.0,307723631.0860649,998788638.537866,1000000000.0,2026-09-23,,
1354,OWB,OWB,owb,0.008919728686405629,-2.00165294,-4.73280487,-12.81338393,4059648.7025840385,55894.67685576,455131410.9779218,1000000000.0,1000000000.0,2026-09-23,,
1355,TQQQ tokenized ETF (xStock),TQQQX,tqqq-tokenized-stock-xstock,80.55416134417511,-0.12842376,1.63610725,17.00818477,4089813.6725507528,276826.88352877,50770.97947897,2132842.76954629,,2026-09-23,,
1356,Book of Ethereum,BOOE,book-of-ethereum,0.0424612302462009,1.37156332,1.26216961,33.6945664,4084388.580763383,61631.84508323,96191009.0,100000000.0,100000000.0,2026-09-23,,
1357,Games for a Living,GFAL,games-for-a-living,0.0009413220607895356,0.7745047,9.65703908,16.42219954,4082226.1035559312,13276.05486019,4336694393.555333,10000000000.0,10000000000.0,2026-09-23,,
1358,GALAXIA,GXA,galaxia,0.0011395051124776534,-0.07531964,3.98436605,13.28070504,4072784.7565447167,56533.46564901,3574169797.0,7619439991.0,,2026-09-23,,
1359,Rayls,RLS,rayls,0.0027133790436260356,1.90387452,13.64653472,20.31670821,4070068.5654390533,3775493.50158016,1500000000.0,9941472826.61472,10000000000.0,2026-09-23,,
1360,Yee Token,YEE,yee-token,0.004047027662440229,0.22853259,1.09617765,41.65590345,4047027.662440229,476248.74083773,1000000000.0,1000000000.0,1000000000.0,2026-09-23,,
1361,Crypto Sustainable Token,CST,crypto-sustainable-token,19.303792024087272,0.51713645,-12.38233633,-30.7348716,4036812.9717858266,16270.77608817,209120.20636923,10000000.0,10000000.0,2026-09-23,,
1362,AC Milan Fan Token,ACM,ac-milan-fan-token,0.2829494513240552,0.24786937,0.68912692,7.55128348,4008436.507268033,1199659.90240127,14166617.0,19920000.0,19920000.0,2026-09-23,,
1363,TSMC tokenized stock(xStock),TSMX,tsmc-tokenized-stock-xstock,447.8152978541379,-0.23203215,1.00624279,7.78598603,3999748.145072735,166339.75325349,8931.69162429,241063.68628662,,2026-09-23,,
1364,Grin,GRIN,grin,0.016518227561447545,-5.05728012,-0.71364858,37.99572062,3995358.1845489694,3365.28166791,241875720.0,241875720.0,,2026-09-23,,
1365,TSMC Tokenized bStocks,TSMB,tsmc-tokenized-bstocks,446.89989551603895,-0.12037821,1.5163524,7.71983992,3992189.9138647425,1647538.44282272,8933.074171465018,8933.074171465018,,2026-09-23,,
1366,Avalon Labs (AVL),AVL,avalon-labs-avl,0.0246851027678515,0.42138395,5.2354335,14.93401827,3991186.1065470963,956479.15060872,161683998.0,162250000.8,1000000000.0,2026-09-23,,
1367,Ancient8,A8,ancient8,0.006202171160755352,-0.75760471,17.28218891,25.04895992,3988990.7690734277,12457945.04045077,643160381.37,1000000000.0,1000000000.0,2026-09-23,,
1368,GmeStop,GME,gme,0.0005775987450954119,-0.18258445,2.74941247,32.93685052,3976891.0920298877,3718385.11802441,6885214218.0,6885214218.0,,2026-09-23,,
1369,Marina Protocol,BAY,marina-protocol,0.019816534278424284,0.308083,5.87050859,24.62517428,3963306.855684857,433915.43431781,200000000.0,1000000000.0,1000000000.0,2026-09-23,,
1370,Cryptex Finance,CTX,cryptex-finance,0.42265044481318825,0.1000632,-6.20000764,15.29493703,3946965.3925440907,1651686.37450106,9338604.61045688,10000000.0,,2026-09-23,,
1371,Lockheed Tokenized Stock (Ondo),LMTon,lockheed-tokenized-stock-ondo,535.4693479200083,-0.03394037,-2.09665056,-1.9669435,3938832.107433918,267861.05455837,7355.84982172,7355.84982172,,2026-09-23,,
1372,fanC,FANC,fanc,0.0020383088752332803,0.88987277,2.11481044,-10.61545997,3938721.713276244,536052.29474831,1932347820.85,2000000000.0,2000000000.0,2026-09-23,,
1373,Bitmine Tokenised Stock (xStock),BMNRx,bitmine-tokenised-stock-xstock,29.103624960456003,0.4475201,4.81436511,24.41499364,3920642.2718068543,672172.85992256,134713.1938765,3863076.06561078,,2026-09-23,,
1374,LOFI,LOFI,lofitheyeti,0.0039189561125696085,0.19500737,-5.78004909,8.41153368,3918956.1125696087,207533.64991683,1000000000.0,1000000000.0,1000000000.0,2026-09-23,,
1375,Depinsim,ESIM,depinsim,0.02897849991980651,0.29632032,-2.04941731,12.74399948,3897608.2392139756,7583.46117078,134500000.0,1000000000.0,1000000000.0,2026-09-23,,
1376,Star Atlas,ATLAS,star-atlas,0.00015304308710482049,1.07755681,4.14723478,14.76176377,3904866.5251658875,137956.69078149,25514818075.3268,36000000000.0,,2026-09-23,,
1377,EarthMeta,EMT,earthmeta,0.002706551750694121,-0.00799442,-5.9838538,28.52784446,3890775.5015179315,11700.03822575,1437539666.67,2100000000.0,2100000000.0,2026-09-23,,
1378,Suku,SUKU,suku,0.005737458758117685,-6.36519458,14.74178433,27.6811041,3890262.644369257,509436.42651463,678046293.3812101,1500000000.0,,2026-09-23,,
1379,Altcoinist,ALTT,altcoinist,0.01583066473233095,0.58921851,-8.21801485,-7.48447541,3878512.859421083,27436.26412965,245000000.0,1000000000.0,1000000000.0,2026-09-23,,
1380,VestChain,VEST,vestchain,0.0009827243706142237,0.0,0.0,0.0,3877782.587367552,0.0,3945951381.0,3945951381.0,,2026-09-23,,
1381,XBorg,XBG,xborg,0.01622017761184011,1.72983596,7.94134155,20.79608654,3871322.9603600907,17402.35815442,238673278.0,1000000000.0,1000000000.0,2026-09-23,,
1382,Arsenal Fan Token,AFC,arsenal-fan-token,0.158056907733864,0.13634392,-0.30310769,-2.77002536,3861788.9412272125,205828.70034861,24432902.02621,39266147.13,40000000.0,2026-09-23,,
1383,World3,WAI,world3,0.011251488656080135,0.06631185,1.15590858,22.74966474,3861481.4278664235,40568.89813568,343197380.0,1000000000.0,1000000000.0,2026-09-23,,
1384,TARS AI,TAI,tars-protocol,0.004326362541747663,-0.37800075,0.17680978,26.10502026,3859936.331404026,251351.10707388,892189753.9,892189753.9,999999988.0,2026-09-23,,
1385,Forest Protocol,FOREST,forest-protocol,0.03052325943879734,0.29901753,-2.33658312,-6.02147292,3854731.9584215293,221797.80359353,126288346.30687825,1000000000.0,1000000000.0,2026-09-23,,
1386,SPDR Gold Shares Tokenized Stock (Ondo),GLDon,spdr-gold-shares-tokenized-stock-ondo,397.19529364029813,0.07439695,-0.31074825,0.11257448,3846514.89638219,2303311.91146453,9684.19051779,9684.19051779,,2026-09-23,,
1387,Circle Internet Group Tokenized Stock (Robinhood),CRCL,circle-internet-group-tokenized-stock-robinhood,95.00339972106725,0.95175017,3.85807059,11.85874325,3831309.2662864323,4577482.34505142,40328.12802,40328.12802,,2026-09-23,,
1388,ASML Tokenized bStocks,ASMLB,asml-tokenized-bstocks,1750.1614328444912,0.71526872,1.57995853,9.38273608,3813762.9868468223,1144639.21108596,2179.09211989,2179.09211989,,2026-09-23,,
1389,Meta Tokenized bStocks,METAB,meta-tokenized-bstocks,741.8240969119227,0.26786976,0.12448195,10.64297408,3810725.2258584416,4252222.18978469,5136.96608363329,5136.96608363329,,2026-09-23,,
1390,Ket (ketonsolana.com),KET,ket-on-solana,0.0038045879765733264,0.55024755,0.08613201,46.88128859,3804496.046464071,1119122.306653,999975837.039432,999975837.039432,1000000000.0,2026-09-23,,
1391,Quantoz EURQ,EURQ,quantoz-eurq,1.1275093986855904,-0.16348438,-0.39607361,1.24752239,3777455.2755873795,1947619.27315587,3350265.0,5000000.0,,2026-09-23,,
1392,MORI COIN,MORI,mori-coin,0.004697569112959535,0.41208217,1.04909543,25.12321448,3758092.800456995,793710.61384236,800007985.0,999998186.0,999999999.0,2026-09-23,,
1393,Kori The Pom,KORI,kori-the-pom,0.003747356097005297,2.31904099,24.82050152,52.60183807,3747356.097005297,131433.93243287,1000000000.0,1000000000.0,1000000000.0,2026-09-23,,
1394,Fei USD,FEI,fei-usd,1.000047243362461,3.63e-06,0.05360537,0.03743898,3705356.7809599545,0.0,3705181.73571623,3960056.43185871,,2026-09-23,,
1395,ABBC Coin,ABBC,abbc-coin,0.004085481159910736,-0.00484257,-2.04837092,-5.70439429,3698602.826915785,18.40204601,905304095.6861483,907217636.86,1225109279.0,2026-09-23,,
1396,XMAQUINA,DEUS,deus-token,0.01833505511342453,0.17585066,-2.87717206,38.45725813,3692156.0089448094,102448.48835997,201371415.9081798,999987281.5088582,1000000000.0,2026-09-23,,
1397,Lava Network,LAVA,lava-network,0.01389935777209819,0.00766296,-0.19170501,15.95011874,3676470.0734641147,578058.43775966,264506471.0,957202945.105938,,2026-09-23,,
1398,VitaDAO,VITA,vitadao,0.2538195274648768,-1.99744729,9.6066145,27.19345418,3662326.206774552,10290.21419167,14428859.13213017,27219552.0,64298880.0,2026-09-23,,
1399,雪球,雪球,xue-qiu,0.006808647477965688,-0.05094871,3.49827078,-14.69774087,3656443.5688817883,134862.36278992,537029355.7883354,537029355.7883354,1000000000.0,2026-09-23,,
1400,ANOA,ANOA,anoa,12.117940607480767,2.92336314,-3.46934175,-2.86844752,3651400.558234026,12239.24270959,301321.87279247,10000000.0,10000000.0,2026-09-23,,
1401,Qualcomm Tokenized Stock (Ondo),QCOMon,qualcomm-tokenized-stock-ondo,200.6276771800438,0.21139901,0.61190184,4.42621479,3640211.241962599,1196451.18403198,18144.11298146,18144.11298146,,2026-09-23,,
1402,Alltoscan,ATS,alltoscan,0.049031242428157,-0.1509842,0.68359011,2.12681382,3620161.6915874397,182118.61914348,73833774.3917438,98561539.0,100000000.0,2026-09-23,,
1403,Alon,ALON,alon,0.0036186300861301606,0.07357861,-4.7345398,-2.01817952,3611254.384408065,1218035.27887495,997961742.0,997961742.0,,2026-09-23,,
1404,客服小何,客服小何,kefuxiaohe,0.003605787430203957,1.36280811,3.10963261,-1.2006254,3605787.430203957,552264.04563263,1000000000.0,1000000000.0,1000000000.0,2026-09-23,,
1405,OpenAI tokenized stock (PreStocks),OPENAI,openai-tokenized-stock-prestocks,1888.9463497914305,-3.81162366,8.98771642,21.04475069,3592479.865775218,4974857.48655096,1901.84325043,1901.84325043,,2026-09-23,,
1406,Purple Bitcoin,PBTC,purple-bitcoin,0.18535533595316472,0.8874692,-10.00839226,6.36256862,3579613.5729792933,55525.32074508,19312169.0,19312169.0,19312169.0,2026-09-23,,
1407,RSS3,RSS3,rss3,0.0038274424859901074,37.92507812,-5.84224579,-3.88701589,3558064.868896685,129681.71992979,929619421.3030119,1055772199.8297999,1000000000.0,2026-09-23,,
1408,Sport.Fun,FUN,sport-fun,0.019942359967954,0.25299576,3.58116474,16.7985817,3549740.074295812,601697.9456062,178000000.0,1000000000.0,1000000000.0,2026-09-23,,
1409,Pfizer Tokenized Stock (Ondo),PFEon,pfizer-tokenized-stock-ondo,29.625500322702,0.0631748,0.69124416,2.92518626,3549626.0986691187,50.43719734,119816.57896083,119816.57896083,,2026-09-23,,
1410,CoinEx Token,CET,coinex-token,0.004998902553087067,1.545e-05,0.0114384,0.04714081,3542390.2222630335,55903.66013457,708633582.0,2777476547.0,10000000000.0,2026-09-23,,
1411,Vertcoin,VTC,vertcoin,0.04738621027608807,0.6537544,1.23952632,9.01923022,3531843.9923013165,2092.36407591,74533160.0,74533160.0,84000000.0,2026-09-23,,
1412,Avici,AVICI,avici,0.2727858010280491,-0.77450962,-0.62807971,-1.59911581,3518932.741474818,117640.84627354,12899985.0,12899505.140152,12900000.0,2026-09-23,,
1413,一 (USD1_ONE),一,usd1-one,0.0035125217797830704,-1.30775374,-7.37629348,-25.48857232,3512521.7797830706,2161872.65303738,1000000000.0,1000000000.0,1000000000.0,2026-09-23,,
1414,Amazon Tokenized Stock (Robinhood),AMZN,amazon-tokenized-stock-robinhood,256.1120354511124,0.09017667,-1.17946763,3.19339039,3499493.305698457,1227967.32743002,13663.91587,13663.91587,,2026-09-23,,
1415,Broadcom Tokenized Stock (Reality),rAVGO,broadcom-tokenized-stock-reality,364.61485044674146,0.02806796,-0.41895374,7.12579773,3481700.4516090923,1410146.10642909,9548.98147276,9548.98147276,,2026-09-23,,
1416,Ramses,RAM,ramses,0.05269606622549226,2.09809864,-5.86156554,22.16439669,3479652.246213946,32233.48233672,66032485.82776808,241449268.85619172,1000000000.0,2026-09-23,,
1417,AST SpaceMobile Tokenized Stock (Ondo),ASTSon,ast-spacemobile-tokenized-stock-ondo,63.60005462341416,-0.10980837,2.40066736,7.68708501,3473980.8119943673,1108693.13419026,54622.2928984,54622.2928984,,2026-09-23,,
1418,Amaterasu Omikami,OMIKAMI,amaterasu-omikami,0.003664600291318265,-0.16200067,-8.030211,2.32912263,3470288.5657820087,37330.48830399,946976011.0,999476011.0,1000000000.0,2026-09-23,,
1419,Vara Network,VARA,vara-network,0.0005785209412789762,-0.70155294,-7.76950565,40.41976951,3450650.8352668784,472080.85353746,5964608347.0,10032406684.0,,2026-09-23,,
1420,PussFi,PUSS,pussfi,0.003939854098473839,0.1317869,-0.73343994,0.53478408,3462440.7848865683,401299.799117,878824621.0,1000000000.0,1000000000.0,2026-09-23,,
1421,PIBBLE,PIB,pibble,0.00011668163373916836,-0.82012186,0.11803442,8.43429404,3459435.522073928,46031.73609753,29648500892.670006,29648500892.670006,30000000000.0,2026-09-23,,
1422,GameStop Tokenized Stock (Robinhood),GME,gamestop-tokenized-stock-robinhood,24.044886229019742,-0.01816033,1.43374634,12.65989271,3454910.3783531585,5893811.36521373,143685.86923,143685.86923,,2026-09-23,,
1423,IREN Tokenized Stock (Ondo),IRENon,iren-tokenized-stock-ondo,48.3946013002683,0.09094172,2.05746981,16.00848737,3429095.143979217,2081258.03977301,70856.97684961,70856.97684961,,2026-09-23,,
1424,Nine Chronicles,WNCG,wrapped-ncg,0.004547835935707296,-0.17818144,2.92753137,8.42492993,3403551.090273916,76804.37121544,748389154.4,723789440.0,1000000000.0,2026-09-23,,
1425,AIVille Governance Token,AIV,aiville,0.0012257810273547897,-0.0100421,9.65820121,11.53801028,3404190.037928628,1445.42228952,2777160000.0,10000000000.0,10000000000.0,2026-09-23,,
1426,ASML Holding NV Tokenized Stock (Ondo),ASMLon,asml-holding-nv-tokenized-stock-ondo,1761.8038329662977,0.74106511,1.6738213,9.67534081,3396034.2257400434,2430221.30898758,1927.58930489,1927.58930489,,2026-09-23,,
1427,Augur,REP,augur,0.30819977238617796,0.0,-63.57954396,-32.51486523,3390197.4962479575,0.0,11000000.0,11000000.0,,2026-09-23,,
1428,Giant Mammoth,GMMT,giant-mammoth,0.0016124786408879333,0.25968661,3.64530345,10.1947353,3386205.14586466,53442.67487476,2100000000.0,3000000000.0,3000000000.0,2026-09-23,,
1429,Pundi AI,PUNDIAI,pundi-ai,0.479331380093185,0.54241386,0.0247312,6.7551513,3382934.9001222234,3122.41587766,7057612.0,8312980.0,18930226.0,2026-09-23,,
1430,Aavegotchi,GHST,aavegotchi,0.06408627859064699,0.1023457,-0.04875805,-2.75128352,3380410.2836488606,72823.41713975,52747801.21406849,52747802.71425598,,2026-09-23,,
1431,iShares Russell 2000 Tokenized ETF (Ondo),IWMon,ishares-russell-2000-tokenized-etf-ondo,289.656457830875,0.02241942,0.59765096,0.40341766,3369354.6562360367,36.81052787,11632.24421602,11632.24421602,,2026-09-23,,
1432,Djed,DJED,djed,1.020205463268206,-0.00015516,1.04996364,2.53124301,3359948.824963745,0.0,3293404.07,1000000000000.0,1000000000000.0,2026-09-23,,
1433,Tradr 2X Long SNDK ETF Tokenized bStocks,SNXXB,tradr-2x-long-sndk-etf-tokenized-bstocks,19.610837418305103,0.19515491,9.63233265,46.95204845,3323695.7730820556,21437697.93885194,169482.60302131,169482.60302131,,2026-09-23,,
1434,Highstreet,HIGH,highstreet,0.03402015400808107,-0.02003341,9.74540492,3.04543858,3320732.1845833324,14847701.55426708,97610733.4433152,100000000.0,100000000.0,2026-09-23,,
1435,Strategy Inc. Tokenized Stock (Robinhood),MSTR,strategy-inc-tokenized-stock-robinhood,169.44617773651635,0.39141448,3.02835659,31.41420745,3320057.9576264457,1963593.24741705,19593.58424,19593.58424,,2026-09-23,,
1436,Coreum,COREUM,coreum,0.00861091751201983,0.81394998,-7.13212031,-9.54209281,3313412.584609175,119.51941474,384792048.0,897767382.677904,,2026-09-23,,
1437,iShares 0-3 Month Tokenized Treasury Bond ETF (Robinhood),SGOV,ishares-0-3-month-tokenized-treasury-bond-etf-robinhood,100.3125616141313,-0.33698979,-0.12113918,-0.01834265,3298096.7331108605,1073859.27498859,32878.20269008312,32878.20269008312,,2026-09-23,,
1438,Coherent Tokenized bStocks,COHRB,coherent-tokenized-bstocks,308.79093068047496,0.15923672,-4.71813873,11.44975236,3298446.6994072557,2250529.72349056,10681.81209901,10681.81209901,,2026-09-23,,
1439,Kin,KIN,kin,1.1957800473192384e-06,1.09942668,2.3008896,30.89455077,3297795.9721680097,1987.59551164,2757861681637.17,2757861681637.17,2757861681637.17,2026-09-23,,
1440,SCOR,SCOR,scor,0.00923949549859289,-0.01266276,2.85575125,-20.82702569,3280483.4341560244,216632.85933773,355050060.3258715,4000000000.0,4000000000.0,2026-09-23,,
1441,Ski Mask Dog,SKI,ski-mask-dog,0.0033118023430825753,0.25828619,-7.12682275,17.7638998,3276687.458493581,46471.5699478,989397047.0,1000000000.0,1000000000.0,2026-09-23,,
1442,WOM Protocol,WOM,wom-protocol,0.016968627778851792,-0.05268605,0.11631549,0.14437564,3274945.1613183958,0.0,193000000.0,1000000000.0,,2026-09-23,,
1443,Pain (paintoken.com),PAIN,pain,0.6543214807476474,1.28e-06,1.08666938,18.98125406,3271512.179211637,0.0,4999854.468286,9999854.468286,10000000.0,2026-09-23,,
1444,Boson Protocol,BOSON,boson-protocol,0.01917278660079706,0.746563,-2.67494978,7.2477178,3268260.2138221855,66512.66032389,170463495.0501309,200000000.0,200000000.0,2026-09-23,,
1445,FEED EVERY GORILLA,FEG,feed-every-gorilla,3.765965026839099e-05,-0.27048537,3.17459163,2.61970405,3266811.516982974,230817.69500287,86745667941.71529,96127540275.74385,100000000000.0,2026-09-23,,
1446,CESS Network,CESS,cess-network,0.0012251943665146435,1.4912574,-0.72287462,-5.68855377,3246765.0712638055,21080.95405116,2650000000.0,10000000000.0,10000000000.0,2026-09-23,,
1447,TermMax,TMX,termmax,0.021218353625588618,2.39502598,2.45686007,-18.53269294,3242164.4339899407,3558278.71186168,152800000.0,1000000000.0,1000000000.0,2026-09-23,,
1448,GameStop (gamestop-coin.vip),GME,gamestop,7.846297372416685e-06,0.10971511,-3.87520387,23.85756617,3227162.368194797,25291.7975545,411297484026.0,411297484026.0,420690000000.0,2026-09-23,,
1449,Humans.ai,HEART,humans-ai,0.00041354679325956387,-0.01574161,-0.00607567,66.28587121,3225664.987424598,31833.5509078,7800000000.0,7800000000.0,7800000000.0,2026-09-23,,
1450,Aleph Cloud,ALEPH,aleph-im,0.013188877695767131,3.82208184,9.20651157,27.02565466,3260560.702896527,326124.69445738,247220482.1448135,500000000.0,500000000.0,2026-09-23,,
1451,Robin the Frog,ROBIN,robin-the-frog,0.0032233935782714587,0.99510754,-15.74288705,34.73843216,3223393.578271459,1376021.33500276,1000000000.0,1000000000.0,1000000000.0,2026-09-23,,
1452,Lumentum Tokenized bStocks,LITEB,lumentum-tokenized-bstocks,943.8591790783606,-0.11890441,-1.57584815,10.83836341,3220538.2447228865,4335982.82930275,3412.09612208,3412.09612208,,2026-09-23,,
1453,Palantir Technologies Tokenized Stock (Ondo),PLTRon,palantir-technologies-tokenized-stock-ondo,184.7801634025097,0.1005361,1.19818231,7.07088608,3218437.2178372527,2815510.59746916,17417.65543754,17417.65543754,,2026-09-23,,
1454,CloakCoin,CLOAK,cloakcoin,0.519141085356999,-0.03611965,1.20643061,-2.21484086,3208447.5469528153,0.0,6180299.80182835,6180299.80182835,,2026-09-23,,
1455,Odos,ODOS,odos,0.0008494859906937692,0.49587471,3.09266655,16.37303992,3198963.272951934,670610.38442375,3765763423.99639,10000000000.0,10000000000.0,2026-09-23,,
1456,League of Traders,LOT,league-of-traders,0.006481467658471318,0.57009099,0.5429605,7.96992327,3188522.0359579925,139874.11330336,491944449.0,1000000000.0,1000000000.0,2026-09-23,,
1457,MetFi,METFI,metfi2,0.009546538675641723,-1.66675298,2.07945894,30.89377453,3183595.139384288,30502.02011591,333481615.4369463,449541721.8878403,500000000.0,2026-09-23,,
1458,Adappter Token,ADP,adappter-token,0.0006744669713043106,-0.07538713,-1.1142577,32.83719812,3161062.111747433,263875.5551856,4686755981.0,10000000000.0,10000000000.0,2026-09-23,,
1459,BlackFort Exchange Network,BXN,blackfort-exchange-network,0.0007024150078942171,0.06040493,0.73798554,11.5592017,3153555.1705189957,290060.49334582,4489589680.0,49999999999.0,49999999999.0,2026-09-23,,
1460,Inflation Hedging Coin,IHC,inflation-hedging-coin,2.6313497807295115e-05,0.15575156,-1.80477774,-2.62732851,3148225.495119764,1145.30765679,119642987723.47,621439126933.0,1000000000000.0,2026-09-23,,
1461,Secret,SCRT,secret,0.008619818869829952,0.06408408,5.58271137,0.40588827,3139622.6084408765,1161996.78112158,364233014.156458,1449760889.196281,,2026-09-23,,
1462,Unstable Coin (usduc.io),USDUC,unstable-coin-sol,0.0031232141135261455,-3.91297307,-2.19344976,4.28809183,3122952.495047723,120345.65370371,999916234.216127,999916234.216127,1000000000.0,2026-09-23,,
1463,Dingocoin,DINGO,dingocoin,2.697027317098919e-05,-0.18927971,-0.9527119,12.39743409,3104897.3760912293,65632.44711588,115122948752.0,115122948752.0,,2026-09-23,,
1464,Major,MAJOR,major,0.03717451223662948,0.60992333,-1.11666651,-4.31666627,3098490.687887452,752219.02222663,83349868.0,99999999.0,99999999.0,2026-09-23,,
1465,Real,REAL,realyn,0.0030905547741846276,0.0,-0.06353705,43.27053992,3075778.9753294936,0.0,995219046.438343,999998716.084432,999999998.859557,2026-09-23,,
1466,ROA CORE,ROA,roa-core,0.0038289827971953036,0.15327586,1.67720492,6.27339485,3070844.2033506334,30618.49336053,802000000.0,949999869.89,1000000000.0,2026-09-23,,
1467,Oracle Tokenized bStocks,ORCLB,oracle-tokenized-bstocks,149.47799800536848,0.02120508,-0.10188187,6.27136465,3070723.0788554726,3450198.7306746,20542.97702559,20542.97702559,,2026-09-23,,
1468,Central African Republic Meme,CAR,central-african-republic-meme,0.003089614702381423,0.0,1.35307929,19.27769956,3067855.15091868,0.0,992957195.780441,992957195.780441,1000000000.0,2026-09-23,,
1469,ALEX Lab,ALEX,alex-lab,0.005020282217523425,0.31409101,6.03736137,49.13194642,3044750.3461171538,109078.14566746,606489877.3,606489877.3,1000000000.0,2026-09-23,,
1470,Aragon,ANT,aragon,0.07025017447724463,0.08307589,-6.29251345,-7.87439861,3034279.835528017,60.46133671,43192488.24799543,43192488.24799543,,2026-09-23,,
1471,ZenChain,ZTC,zenchain,0.0005437865109001266,0.01871111,1.93014174,-0.67289001,3031600.8111085403,275902.95260102,5574983473.0,21000000000.0,21000000000.0,2026-09-23,,
1472,Minutes Network Token,MNTX,minutes-network-token,0.038942035684851155,-1.38475892,-1.34817081,-11.44587015,3024675.3819838893,55342.4667677,77671219.0,93328736.60546489,500000000.0,2026-09-23,,
1473,Propbase,PROPS,propbase,0.005892674993747866,-0.03942063,5.81782253,30.5794754,3019839.681235655,815602.09332165,512473483.509562,1200000000.0,1200000000.0,2026-09-23,,
1474,zkVerify,VFY,zkverify,0.0076940748134458675,0.26383142,4.27813319,14.66132858,3018641.4210014567,87346.26437168,392333255.6795777,1025106188.2473208,,2026-09-23,,
1475,DeFinity,DEFX,definity,0.020370226211626794,0.0,0.76081252,32.42306771,3016355.478248084,0.0,148076680.49,169696000.0,171516755.0,2026-09-23,,
1476,PornRocket,PORNROCKET,pornrocket,7.887261687828246e-09,0.0,-0.75229478,9.86204574,3015318.219053365,0.0,382302291770875.8,382302291770875.8,1000000000000000.0,2026-09-23,,
1477,Mitosis,MITO,mitosis,0.01663312376102605,0.62420381,-0.62524075,18.27932842,3015137.6074486235,5763979.06551785,181273082.0,1000000000.0,1000000000.0,2026-09-23,,
1478,SUNDOG,SUNDOG,sundog,0.0028636690201578573,2.16453935,-4.01629692,0.66618679,2856282.4894692763,1633623.64793629,997420606.0,1000000000.0,1000000000.0,2026-09-23,,
1479,iShares Core S&P MidCap Tokenized ETF (Ondo),IJHon,ishares-core-sp-midcap-tokenized-etf-ondo,74.23031017552434,0.00673211,0.12841008,-0.13846845,3005598.863241207,1.09738082,40490.18327061,40490.18327061,,2026-09-23,,
1480,Impossible Finance Launchpad,IDIA,impossible-decentralized-incubator-access,0.004419002634132222,0.0,-0.80735721,2.36597913,3004921.791209911,20.7708931,680000000.0,1000000000.0,1000000000.0,2026-09-23,,
1481,Qualcomm Tokenized bStocks,QCOMB,qualcomm-tokenized-bstocks,196.46370358891608,0.16639035,0.62968594,4.54283682,3000671.994934851,2071688.05854276,15273.416616503915,15273.416616503915,,2026-09-23,,
1482,Flamingo,FLM,flamingo,0.005289044540235043,-0.00861487,-51.46305088,0.06601477,2995998.7168648136,0.0,566453674.9640744,566453674.9640744,1000000000.0,2026-09-23,,
1483,Microsoft Tokenized bStocks,MSFTB,microsoft-tokenized-bstocks,500.11818671691424,0.170408,-0.08851915,0.37909018,2983565.670554711,2311737.18975319,5965.721203103381,5965.721203103381,,2026-09-23,,
1484,Metahero,HERO,metahero,0.0005843525964017403,-0.05671704,0.29668094,11.62585444,2977652.386848606,717.34030799,5095643290.0,9766213274.0,10000000000.0,2026-09-23,,
1485,Palo Alto Networks Tokenized Stock (Ondo),PANWon,palo-alto-networks-tokenized-stock-ondo,374.6834640075298,0.01203834,0.90054565,-0.19870569,2964573.2487165486,647170.86223643,7912.20732564,7912.20732564,,2026-09-23,,
1486,Not Pixel,PX,not-pixel,0.015136913060692501,0.76956048,-2.46822975,15.88027812,2958196.1571059492,6409.79877238,195429289.0,225000000.0,225000000.0,2026-09-23,,
1487,BigONE Token,ONE,bigone-token,0.00034395098279634576,-0.29623043,0.61514815,9.97755781,2952534.302044158,0.0,8584171727.145089,8584171727.145089,13508522147.21,2026-09-23,,
1488,Oklo Tokenized Stock (Reality),rOKLO,oklo-tokenized-stock-reality,40.58497444094015,-0.03496274,-0.05039102,12.47471427,2943335.8904502736,10208.73037262,72522.79768547,72522.79768547,,2026-09-23,,
1489,BioPassport Token,BIOT,biopassport-token,0.0003339849769408671,0.18059247,2.30277453,14.04503814,2939067.7964113653,69922.9201822,8799999997.999117,8800000000.0,8800000000.0,2026-09-23,,
1490,Rocket Lab Tokenized bStocks,RKLBB,rocket-lab-tokenized-bstocks,72.23293282507933,-0.00894926,0.98462414,13.49550541,2932974.040373987,2275545.92153439,40604.38813244,40604.38813244,,2026-09-23,,
1491,LeisureMeta,LM,leisuremeta,0.0008188500854455957,-0.77707106,2.43451207,12.50776153,2921718.38116593,100328.88754232,3568074832.13,4668074832.13,5000000000.0,2026-09-23,,
1492,Microsoft Tokenized Stock (Robinhood),MSFT,microsoft-tokenized-stock-robinhood,500.7874739847114,0.20027774,0.05985197,0.41806309,2908341.308556614,1411096.49751708,5807.536050003924,5807.536050003924,,2026-09-23,,
1493,Ren,REN,ren,0.0029225489977078084,-0.05533225,-4.20776479,-12.09839528,2901734.6368357767,39124.14259503,992878011.322186,999999632.80375,,2026-09-23,,
1494,Coinbase Tokenized Stock (Reality),rCOIN,coinbase-tokenized-stock-reality,201.92499601743936,0.1135989,2.31416175,17.52500295,2892332.199732329,75359.05433374,14323.79475933,14323.79475933,,2026-09-23,,
1495,Everscale,EVER,everscale,0.0014535487469734165,-4.53256574,6.42860309,-19.18380947,2886055.1693473947,14603.94109889,1985523482.0,2117524486.0,,2026-09-23,,
1496,KYVE Network,KYVE,kyve-network,0.002360826355607052,0.14679078,-12.20365021,54.15106086,2884951.3859236944,3866.40783627,1222009140.601055,1274062547.601055,,2026-09-23,,
1497,MANEKI,MANEKI,maneki-coin,0.00032493797573993153,0.6331911,2.3762162,21.48972465,2878549.611495843,42571.53779652,8858766369.0,8858766369.0,8858766369.0,2026-09-23,,
1498,OpenChat,CHAT,openchat,0.0957766425592396,1.92881323,3.45016276,34.87983333,2868324.350632733,2341.85112264,29948057.0,100761456.0,,2026-09-23,,
1499,Chamber,DHT,dhedge-dao,0.05260804459377008,1.64092971,1.64411343,18.29909458,2861220.680839872,343.02146614,54387512.45999936,100000000.0,100000000.0,2026-09-23,,
1500,DogeBonk,DOBO,dogebonk,4.891945859905593e-09,0.77088495,0.17515078,10.81003858,2851807.482504939,4.06944065,582959739166037.0,582959739166037.0,,2026-09-23,,
