rank,name,symbol,slug,price_usd,change_1h_pct,change_24h_pct,change_7d_pct,market_cap_usd,volume_24h_usd,circulating_supply,total_supply,max_supply,date_snapshot,fdv_usd,liq_mkt_cap_pct
1,Bitcoin,BTC,bitcoin,63649.812990761406,0.35947923,0.9806388,0.75673312,1277161312627.9045,26523310062.520336,20065437.0,20065437.0,21000000.0,2026-08-04,1336646072805.99,2.0767
2,Ethereum,ETH,ethereum,1862.3776958361204,0.51456435,-0.03532165,-0.72726465,224755855982.54272,8035266271.79019,120682209.88956693,120682209.88956693,,2026-08-04,224755855982.54,3.5751
3,Tether USDt,USDT,tether,0.9989175546536689,-0.00399411,0.02112612,0.00078759,183087307558.04428,49510979633.29209,183285704315.72986,189097136389.3742,,2026-08-04,188892449074.08,27.0423
4,BNB,BNB,bnb,590.3789632078349,0.27164504,1.00320219,4.52465126,78617766608.24268,1017331744.8907793,133164918.65,133164918.65,133164921.06,2026-08-04,78617768031.06,1.294
5,USDC,USDC,usd-coin,0.9997568849208441,-0.00661901,-0.00241452,-0.00069859,72098293437.67297,8973272515.915684,72115825882.39078,72115825882.39078,,2026-08-04,72098293437.67,12.4459
6,XRP,XRP,xrp,1.075454531842271,0.45907382,0.11439095,1.69164421,67251690714.92994,1061449146.0535752,62533271955.0,99985635707.0,100000000000.0,2026-08-04,107545453184.23,1.5783
7,Solana,SOL,solana,73.69421311070667,0.83631451,0.98732594,0.51876813,42830523068.29917,1483218512.0772498,581192487.9903024,631502741.3320092,,2026-08-04,46538097599.72,3.463
8,TRON,TRX,tron,0.3288333369874584,0.00904085,0.89104872,1.61244114,31203499256.864193,452232353.6150648,94891532417.99898,94891528767.35329,,2026-08-04,31203498056.41,1.4493
9,Hyperliquid,HYPE,hyperliquid,54.34345698657447,1.02933396,3.65612337,-3.41854359,13717467441.566668,283722073.5784773,252421693.47002643,952854295.4736818,952854333.4762646,2026-08-04,51781398485.74,2.0683
10,Dogecoin,DOGE,dogecoin,0.0703657729879248,0.57910117,0.38193924,0.58582196,12036592025.570642,477760324.52155226,171057483126.57913,171057483126.57913,,2026-08-04,12036592025.57,3.9692
11,UNUS SED LEO,LEO,unus-sed-leo,9.7437384969381,-0.01478116,-0.07670641,-0.12217202,8964794604.684496,178709.30191395,920056978.9,985239504.0,,2026-08-04,9599925887.8,0.002
12,Zcash,ZEC,zcash,483.65979805582555,1.04238131,1.28013584,2.08304126,8127186625.777118,294681254.2335423,16803519.0405448,16803519.0405448,21000000.0,2026-08-04,10156855759.17,3.6259
13,Cardano,ADA,cardano,0.19229039867201278,0.3770786,3.10895969,24.21845777,7020333135.462833,641288299.7007103,36509015447.18997,44994129553.537605,45000000000.0,2026-08-04,8653067940.24,9.1347
14,Monero,XMR,monero,362.13146119916667,0.07216476,-0.64478954,6.2217165,6803235957.02014,68417644.95342879,18786647.07698088,18786647.07698088,,2026-08-04,6803415155.47,1.0055
15,Chainlink,LINK,chainlink,8.186436796101466,0.54971142,-1.4990472,-1.72795533,6124273125.048689,201649722.07515472,748099970.424884,1000000000.0,1000000000.0,2026-08-04,8186436796.1,3.2926
16,Stellar,XLM,stellar,0.1708201295643726,0.40784896,-0.8040433,-0.80095045,5857525989.199478,94103990.74850872,34290607343.159184,50001786839.912476,50001806812.0,2026-08-04,8541894360.06,1.6063
17,Dai,DAI,multi-collateral-dai,0.9995643596022324,-0.00425509,-0.01067426,-0.02080764,4587950007.486937,33596296.54550812,4589949574.945499,4589949574.945499,,2026-08-04,4587993479.72,0.7328
18,Canton,CC,canton-network,0.11639387459413746,0.96207153,0.31734937,-2.67638977,4568609478.975727,11527762.9792872,39251287878.390114,39251287878.390114,,2026-08-04,4568287284.95,0.2524
19,Bitcoin Cash,BCH,bitcoin-cash,212.53226748760366,0.379312,0.36482741,-0.88400873,4265593009.7898107,78683700.44730471,20070331.25,20070331.25,21000000.0,2026-08-04,4463153846.49,1.8445
20,World Liberty Financial USD,USD1,usd1,0.9990453204637597,0.01118858,0.03307903,0.02429057,3968341138.3309617,757518520.7349514,3972133252.6624985,3972133252.6624985,,2026-08-04,3968362785.29,19.0882
21,Ethena USDe,USDe,ethena-usde,0.9997918489698617,0.00347191,0.03174201,-0.00969319,3856109160.9580503,41092196.81227409,3856911981.1600814,3856911981.1600814,,2026-08-04,3856048856.44,1.0655
22,Gram (prev. Toncoin),GRAM,gram,1.3748590171442876,3.69604716,-2.74796909,-5.296396,3765521670.8560147,74758973.24798183,2738842036.820153,5225232771.765828,,2026-08-04,7183123094.2,1.9886
23,Global Dollar,USDG,global-dollar-usdg,0.9998405943191513,0.0007992,0.00355316,-0.00362095,3435352415.9317794,176103143.47648156,3435900117.929406,3435900117.929406,,2026-08-04,3435281178.7,5.1269
24,Litecoin,LTC,litecoin,44.29231280199272,0.54581181,-0.5186944,-4.37138521,3430753173.8862343,162792636.02051708,77457079.04717687,84000000.0,84000000.0,2026-08-04,3720889440.81,4.7447
25,Hedera,HBAR,hedera,0.0706292316319241,0.78523631,1.92262737,4.702741,3092931480.860308,34808727.11764673,43791096255.708336,50000000000.0,50000000000.0,2026-08-04,3531390206.32,1.125
26,Shiba Inu,SHIB,shiba-inu,5.023349588213034e-06,0.46968748,3.4046942,7.73042767,2959956764.9596453,90725529.59276079,589239652343725.5,589496370727572.6,589552695333683.0,2026-08-04,2961529289.33,3.0651
27,Avalanche,AVAX,avalanche,6.793482868023218,2.334135,4.76308125,6.0075251,2933235421.150175,276908897.4430226,431771961.1772119,463441061.1772119,715748719.0,2026-08-04,4862426660.34,9.4404
28,Sui,SUI,sui,0.6942151843947192,0.68521296,1.12682842,1.83774479,2828600516.4378004,119125139.10164155,4074529886.4415293,10000000000.0,10000000000.0,2026-08-04,6941773047.95,4.2124
29,PayPal USD,PYUSD,paypal-usd,0.9995915246211368,-0.00264862,-0.01015425,0.00479148,2723270073.389297,52740675.01113389,2724382916.733378,2724382916.733378,,2026-08-04,2723270073.39,1.9367
30,Cronos,CRO,cronos,0.05545582838809729,0.16996409,1.72536299,0.87797785,2622991903.1662083,2285678.26856305,47298759740.990395,98832098196.21902,100000000000.0,2026-08-04,5545582838.81,0.0871
31,Tether Gold,XAUt,tether-gold,4041.934965091932,0.17505432,0.09620709,0.13392966,2476993376.8979845,159981522.82362914,612823.659532,707747.089,,2026-08-04,2860685991.81,6.4587
32,Uniswap,UNI,uniswap,3.9212516587116877,0.38674775,-4.77406358,5.78027454,2450038910.420294,237126078.36694455,624810423.7271129,892058420.0329479,,2026-08-04,3500333476.0,9.6795
33,NEAR Protocol,NEAR,near-protocol,1.7556027929489473,1.06378352,3.20453019,4.56899885,2286900525.5921454,116102182.84004298,1302629806.0,1302629806.0,,2026-08-04,2286787909.01,5.077
34,Bittensor,TAO,bittensor,191.09703478048183,0.67714813,0.36596221,2.20854191,2139357270.171547,102025219.24246661,11195135.87758744,21000000.0,21000000.0,2026-08-04,4013037730.39,4.769
35,Ondo,ONDO,ondo-finance,0.3735676307634619,1.20251917,0.80149591,-4.7681389,1819024313.203705,94792244.14490798,4869330647.0,10000000000.0,10000000000.0,2026-08-04,3735230073.85,5.2112
36,OKB,OKB,okb,86.21740333597647,0.04102715,0.37557731,1.85157309,1810565470.0555058,15540447.64394211,21000000.0,21000000.0,21000000.0,2026-08-04,1810537959.42,0.8583
37,PAX Gold,PAXG,pax-gold,4050.872421072512,0.20018463,0.06753381,0.31404255,1790183342.1562433,111202441.33548057,441925.38201,441925.38201,,2026-08-04,1790154821.62,6.2117
38,World Liberty Financial,WLFI,world-liberty-financial-wlfi,0.05519474837057795,-0.33247303,-0.16484239,0.74206855,1753864111.7602892,29642855.17081111,31775923680.0,100000000000.0,100000000000.0,2026-08-04,5519389596.56,1.6903
39,Aster,ASTER,aster,0.6065382716881501,0.21406383,0.96241267,-2.29087387,1637670980.7773244,44488986.7100254,2700029094.9807177,7813984360.600964,8000000000.0,2026-08-04,4852365730.02,2.7167
40,USDD,USDD,usdd,0.9986607514428079,-0.03375198,0.25228579,-0.02509696,1587597482.0504208,7847427.58666642,1589726521.0,1589726521.0,,2026-08-04,1589613873.44,0.495
41,MemeCore,M,memecore,1.1868371208946542,-0.12713252,-2.76978558,-0.03240032,1580170842.9534724,9802605.20225177,1331413397.1157877,5398730169.73641,10000000000.0,2026-08-04,11872077070.28,0.6201
42,Ripple USD,RLUSD,ripple-usd,1.000025165836021,0.02128702,0.01824619,0.00034859,1551050573.8325825,115987305.64308517,1551011541.3304667,1551011541.3304667,,2026-08-04,1551005604.53,7.4807
43,Aave,AAVE,aave,92.70422129962488,0.50934266,1.45181339,-4.71820891,1429697763.1872568,184737528.53443074,15422143.06041576,16000000.0,,2026-08-04,1483199715.43,12.9206
44,Polkadot,DOT,polkadot-new,0.838050042522237,1.38913965,5.81008265,10.24638005,1421653050.9847176,93760590.23279998,1696382052.2054267,1696382052.2054267,2100000000.0,2026-08-04,1760292408.95,6.5969
45,Sky,SKY,sky,0.0561815906178886,0.25754879,0.99707664,0.29950026,1314325283.4386723,12087859.95719873,23394234107.35869,23462665147.365967,23462665147.0,2026-08-04,1318156731.07,0.9188
46,Mantle,MNT,mantle,0.39679910714490746,0.24038657,-0.33667535,-0.53869827,1310347462.5202615,19448672.13229164,3302294382.53684,6219316794.889999,6219316795.0,2026-08-04,2467824407.05,1.4842
47,Pepe,PEPE,pepe,2.942086300181043e-06,1.11637885,2.45726768,5.2884465,1217354014.934964,147600774.3347947,413772367880593.25,413772367880593.25,413772367880593.25,2026-08-04,1218537779.95,12.133
48,Worldcoin,WLD,worldcoin-org,0.3305252218626659,2.4814166,4.77412287,1.47595321,1182413497.1125295,162918625.63852307,3577377515.849079,10000000000.0,,2026-08-04,3300949142.31,13.8294
49,Internet Computer,ICP,internet-computer,2.117409264539559,0.98048886,2.74645456,1.35438908,1175790904.1623142,29507142.33539302,555296948.8957043,555296948.8957043,,2026-08-04,1175733826.39,2.5094
50,Bitget Token,BGB,bitget-token-new,1.6131908728937485,0.55907582,0.50602045,-2.00319679,1126627955.0763206,8643774.23235393,698384781.3714509,910920874.6481038,919992035.98,2026-08-04,1484339045.05,0.7585
51,United Stables,U,united-stables,0.9994921025251396,0.01439629,0.00416828,-0.01632107,1105847165.407986,94552461.32920972,1106409107.8,1106409107.8,,2026-08-04,1106063142.14,8.5545
52,Ethereum Classic,ETC,ethereum-classic,6.596900259288897,0.46929219,0.53327086,-2.3609737,1040535499.4630388,29018663.68878987,157730973.42162967,210700000.0,210700000.0,2026-08-04,1389978216.58,2.7894
53,Morpho,MORPHO,morpho,1.9339283284027844,0.45640289,0.20949572,-0.29382616,998751284.0547748,10486075.89816139,516436555.2676067,999999999.8010328,1000000000.0,2026-08-04,1935453247.16,1.0507
54,Audiera,BEAT,audiera,2.99517978072319,-1.02050313,-21.53357337,1.12162695,989956835.1952398,70978908.28675294,330516666.0,1000000000.0,1000000000.0,2026-08-04,2994379329.18,7.1612
55,Pi,PI,pi,0.08341590351987689,0.37370031,-0.15136764,9.64965197,916889249.620488,8339652.22775246,10991779875.6685,100000000000.0,100000000000.0,2026-08-04,8338782228.71,0.9069
56,KuCoin Token,KCS,kucoin-token,6.485503148508604,0.73816336,-0.94570906,-1.80296129,889519322.4474925,3703312.23931129,137155021.29577178,142155021.29577178,200000000.0,2026-08-04,1297106369.23,0.4163
57,Ethena,ENA,ethena,0.09184344670334524,0.31446328,4.80901102,10.68687363,878109453.7152649,166837855.33868518,9560937500.0,15000000000.0,15000000000.0,2026-08-04,1376407853.72,18.9882
58,JUST,JST,just,0.1057355560658652,0.26432228,0.72754701,2.89434306,865841298.428075,25644140.03705903,8188743036.341737,8188743036.341737,,2026-08-04,866140914.24,2.9244
59,Pump.fun,PUMP,pump-fun,0.002141482512133778,1.15242311,2.37606967,3.60278542,846804747.9872564,85623449.61020732,395429214662.8357,843691018334.0583,1000000000000.0,2026-08-04,2138256839.56,10.1212
60,Algorand,ALGO,algorand,0.09116850553318359,0.62602245,6.86300794,15.40916441,817691998.7993988,41774575.26198101,8969018347.04063,10000000000.0,10000000000.0,2026-08-04,912717662.81,5.0993
61,Stable,STABLE,stable,0.03172489264537699,0.38874698,-2.54815652,-14.41423603,795786434.6472254,10674110.16803618,25083975651.0,100000000000.0,,2026-08-04,3171792715.9,1.3438
62,Polygon (prev. MATIC),POL,polygon-ecosystem-token,0.07283902564839842,0.62567776,0.14662219,-0.2911385,778670886.3485346,34364805.1503674,10690297946.972277,10690297956.972277,,2026-08-04,778865172.11,4.4087
63,Quant,QNT,quant,59.96571368416771,0.59384866,-0.39202365,-2.76027084,723950350.2919716,4539948.35449003,12072738.0,14881364.0,14881364.0,2026-08-04,892280195.95,0.6273
64,Kaspa,KAS,kaspa,0.026007098924413146,0.42352859,-2.8574941,-6.49938047,718264334.6335169,9050125.60297766,27618010633.215008,27618010633.215008,28704026601.0,2026-08-04,746804741.66,1.2594
65,Cosmos,ATOM,cosmos,1.3633998865317534,0.58269981,8.10259277,4.76628356,712653991.9215729,49396333.93994153,522703572.855971,522703572.855971,,2026-08-04,712277129.61,6.9349
66,Render,RENDER,render,1.366160562555893,0.63314278,-0.25659202,-2.87090587,708725985.7266645,12395442.5772837,518772101.2826915,533532274.5626915,644168762.0,2026-08-04,880260458.83,1.747
67,GateToken,GT,gatetoken,6.462351398126674,0.05599623,0.16625368,-1.28062875,688759654.5775231,1458541.64842842,106580347.02,140052780.28,142622843.67,2026-08-04,920767618.58,0.2119
68,Jupiter,JUP,jupiter-ag,0.19361859618482233,0.43572956,0.1009054,6.5122873,642874335.7739104,11894600.71291904,3320312968.08,6862435229.582892,6864785739.32,2026-08-04,1328827012.2,1.848
69,Filecoin,FIL,filecoin,0.7238855787080695,0.43304492,1.57033365,4.0308582,589347580.5278412,59660228.76741023,814144663.0,1957163491.0,,2026-08-04,1416791855.32,10.1274
70,Venice Token,VVV,venice-token,12.34180254084696,0.95533502,5.01834714,-1.84935618,587043659.9087466,11744930.52468207,47565471.73444411,80732951.2959438,,2026-08-04,996001006.71,2.0017
71,币安人生,币安人生,bianrensheng,0.560192737612499,-1.26238409,-2.85729463,-11.81582556,560192737.612499,14558278.52268576,1000000000.0,1000000000.0,1000000000.0,2026-08-04,555144917.38,2.6732
72,Arbitrum,ARB,arbitrum,0.08359732942789924,1.59528852,3.77675176,7.92074258,552917450.137156,41376236.6108024,6614056381.0,10000000000.0,,2026-08-04,836798554.46,7.4912
73,XDC Network,XDC,xdc-network,0.026119504151820225,0.47172314,-0.80681033,-4.31591356,548964609.5392486,7030015.2537423,21017420788.25,38086636587.3,,2026-08-04,995466415.55,1.2799
74,Flare,FLR,flare,0.0062514034666641535,0.18010748,-0.87904652,0.31038094,542545664.7082372,1556608.28429061,86787817743.86864,106297496745.22316,,2026-08-04,664765963.35,0.2867
75,Lighter,LIT,lighter,2.0152839398846534,0.49156558,0.57317302,-4.79590131,503820984.97116333,28837673.45075541,250000000.0,1000000000.0,1000000000.0,2026-08-04,2015227170.52,5.7204
76,Injective,INJ,injective,4.995366339711556,1.25012523,-0.48109405,5.88822773,499391541.0581355,37707581.52452426,99970954.5,100000000.0,,2026-08-04,499151288.91,7.5563
77,TrueUSD,TUSD,trueusd,0.9954313992117823,0.00773875,0.01943451,-0.00192748,492255841.00202066,20417973.93087504,494515083.0,494515083.0,,2026-08-04,492241793.84,4.1487
78,Aptos,APT,aptos,0.5765430814472448,1.10459036,2.85714825,-1.86476068,487518374.20903885,28452112.17350706,845588803.1563311,1206648568.053811,2100000000.0,2026-08-04,1211177678.13,5.8347
79,Nexo,NEXO,nexo,0.7237090141049797,0.34506839,-0.77894411,2.32567049,467621568.5266295,7838944.90257659,646145839.5746847,1000000000.0,1000000000.0,2026-08-04,723515718.49,1.6761
80,PancakeSwap,CAKE,pancakeswap,1.4358020242680105,0.20384137,-0.01022516,4.71172488,462358336.7009047,16783831.8498691,322020953.3668966,334338590.4859509,400000000.0,2026-08-04,574336655.67,3.6341
81,EURC,EURC,euro-coin,1.1508124210617294,0.00424234,-0.23228499,1.19230049,455401366.2724055,34789095.19137064,395721629.2923361,395721629.2923361,,2026-08-04,455461743.94,7.6309
82,VeChain,VET,vechain,0.004744885482212088,0.49733268,1.87445706,5.12543476,407989173.5681559,6682506.87735207,85985041177.0,85985041177.0,86712634466.0,2026-08-04,411401959.66,1.6376
83,Dash,DASH,dash,31.3060042569054,0.53483759,0.71189652,3.58506804,400437133.8174894,35745551.11299344,12791064.95135552,12791064.95135552,18900000.0,2026-08-04,591905923.64,8.9296
84,Aerodrome Finance,AERO,aerodrome-finance,0.411472205688161,2.09461591,3.82836715,-5.7971932,398574872.56188613,16041861.6681685,968655639.5596517,1949897341.6920464,,2026-08-04,801225881.81,4.0378
85,Pudgy Penguins,PENGU,pudgy-penguins,0.006194619527942602,1.21240242,1.78040981,4.88265915,389396237.15356857,35081355.04417086,62860396090.04,76724221264.3,88888888888.0,2026-08-04,550532081.65,9.0108
86,ether.fi,ETHFI,ether-fi-ethfi,0.3982497159683108,0.08168211,-0.17643598,-3.71402581,387683354.50423956,23545988.75875236,973468000.0,1000000000.0,1000000000.0,2026-08-04,398149741.95,6.074
87,Virtuals Protocol,VIRTUAL,virtual-protocol,0.5637335056500117,0.67475251,0.73761213,-0.63768733,370674933.91541666,27978196.31472984,657535750.8473986,1000000000.0,1000000000.0,2026-08-04,563759755.32,7.5579
88,OFFICIAL TRUMP,TRUMP,official-trump,1.4698581653577547,0.64564701,2.57670263,-3.17390179,364892623.05766577,154927855.4043633,248250226.897813,999999076.966343,999999076.966343,2026-08-04,1470137206.5,42.3279
89,First Digital USD,FDUSD,first-digital-usd,0.9969937286674376,0.00590526,0.05759957,-0.02241179,349102869.05318063,123940036.80774225,350155531.589737,350155531.589737,,2026-08-04,349185128.6,35.5173
90,Sun [New],SUN,sun-token,0.01795727960978097,-0.04721834,0.00964219,1.31862825,345178096.6933058,10695406.18230486,19222181989.37517,19222181989.37517,19900730000.0,2026-08-04,357351624.9,3.1003
91,Artificial Superintelligence Alliance,FET,artificial-superintelligence-alliance,0.14539911188819307,0.93004022,3.88279238,2.86459681,325048523.1477531,111976978.10971339,2235560581.674696,2714384546.672,2719493897.0,2026-08-04,395401361.96,34.4685
92,Midnight,NIGHT,midnight-network,0.019331492151463882,0.36133804,1.01641993,-0.13861756,321045811.1766575,13597566.79295849,16607399401.0,24000000000.0,24000000000.0,2026-08-04,464070424.7,4.2354
93,Curve DAO Token,CRV,curve-dao-token,0.20614201698234266,0.68510751,2.72077043,-1.3799582,316650678.1401966,21688753.27650236,1536080236.2155974,2406136435.7472205,3030303030.299,2026-08-04,624828568.93,6.8323
94,Celestia,TIA,celestia,0.3377691165205351,0.50384955,3.53068175,2.7998686,310724955.5272736,14509495.01693348,919932996.62251,1168685161.483695,,2026-08-04,394660634.82,4.668
95,Pyth Network,PYTH,pyth-network,0.03912217478191516,0.13982086,0.01928429,-8.53164715,308086406.2629,10504802.68007283,7874981592.416937,9999981857.422035,10000000000.0,2026-08-04,391317770.76,3.4098
96,Sei,SEI,sei,0.041706155849754796,0.62496234,1.47403769,-1.7855642,306076843.7269617,18725240.51840419,7338888888.0,10000000000.0,10000000000.0,2026-08-04,417033799.06,6.1195
97,SPX6900,SPX,spx6900,0.3234921719258606,0.32062615,-1.10203708,1.2222165,301168976.75471264,5819176.90819879,930993090.07,930993090.07,1000000000.0,2026-08-04,323221414.54,1.9338
98,Terra Classic,LUNC,terra-luna,5.004775680288199e-05,0.547401,-1.08178648,-1.46666453,276379472.80743086,12206016.746938,5522314894071.647,6453192086806.023,6453193291876.1,2026-08-04,322865407.74,4.4149
99,Gnosis,GNO,gnosis-gno,104.43267112361565,1.28955469,0.01843921,-1.79022191,275651038.2857271,1233130.49308197,2639509.60288512,2999934.74577109,,2026-08-04,313344635.14,0.4473
100,Lido DAO,LDO,lido-dao,0.3293167481399587,0.42233758,1.30287574,-13.34401179,275409511.48713285,28175290.61095351,836305815.1238776,1000000000.0,,2026-08-04,329430664.15,10.2294
101,LayerZero,ZRO,layerzero,0.738337560237516,0.78074282,2.98437229,-14.4279754,268224034.9283127,20515851.51090578,363281037.52710027,1000000000.0,1000000000.0,2026-08-04,737952126.93,7.6508
102,AINFT,NFT,apenft,2.6978583857676646e-07,0.76166346,0.06434127,0.86745027,267116467.68243146,7379966.17179573,990105592982874.8,990105592982874.8,999990000000000.0,2026-08-04,269768204.64,2.7611
103,BitTorrent [New],BTT,bittorrent-new,2.625106092969652e-07,0.25490512,-0.02235521,-1.63711477,259107916.8112239,4686664.38511889,987037885840674.8,987037885840674.8,,2026-08-04,259111968.41,1.8044
104,Jito,JTO,jito,0.5079591454463859,0.7331266,3.6174083,-10.02584327,257052678.56692263,16880453.50605023,506049907.5,986522984.2441254,,2026-08-04,501354891.89,6.5651
105,Bitcoin SV,BSV,bitcoin-sv,12.763663449753713,0.36894549,0.91034933,-2.2790599,256101870.07165295,7954977.94626282,20064918.75,20064918.75,,2026-08-04,256085977.07,3.1058
106,Bonk,BONK,bonk1,2.8550604778531554e-06,1.48287498,0.46672822,-2.91214404,251229899.03040293,24153779.6344422,87994598005613.4,87994598005613.4,88872433754423.19,2026-08-04,253573627.5,9.6117
107,Stacks,STX,stacks,0.13744297157161736,0.17084288,0.00737393,2.97832136,249404811.75995782,3660249.66310404,1814605788.19049,1814570813.19049,,2026-08-04,249484477.82,1.4673
108,Monad,MON,monad,0.021047955003628608,-0.09068228,0.77244714,4.03715084,248895540.83048388,15257650.18525598,11825165000.0,100682925000.0,114166666695.0,2026-08-04,2403557104.64,6.1303
109,Pendle,PENDLE,pendle,1.363524527834107,0.63080846,-0.03022929,-8.46294706,234610705.3792703,18477269.3415154,172061961.91566724,281527448.45853144,,2026-08-04,383621911.68,7.883
110,Decred,DCR,decred,13.329694189579724,1.11744171,0.92228326,20.08777263,233836120.55836037,492201.93002942,17542497.01701019,17542497.01701019,21000000.0,2026-08-04,279875427.45,0.2105
111,Immutable,IMX,immutable-x,0.11077339871841853,0.65901803,0.47226799,-5.56228379,221546797.43683705,9063635.41252661,2000000000.0,2000000000.0,2000000000.0,2026-08-04,221584678.07,4.0804
112,KAITO,KAITO,kaito,0.9165591197930394,-0.57594865,-10.83259816,-31.0982129,221247187.62965968,64011827.40868116,241388889.0,1000000000.0,1000000000.0,2026-08-04,914636975.39,28.8118
113,Tezos,XTZ,tezos,0.19945009805270575,0.95990461,-0.32977226,-3.26118981,217890132.6691757,8162237.71305777,1092454377.292896,1112435444.205718,,2026-08-04,222089640.26,3.7439
114,JasmyCoin,JASMY,jasmy,0.00428202552378335,0.70175136,-0.28240473,-0.10825083,211724750.64109963,3787573.92863735,49444999677.16958,50000000000.0,50000000000.0,2026-08-04,214128408.55,1.7899
115,Pieverse,PIEVERSE,pieverse,0.7766829392604184,-0.02535001,4.64977163,20.12394283,210172127.5999944,25320015.67226031,270602220.0,1000000000.0,1000000000.0,2026-08-04,777346981.2,12.0433
116,Plasma,XPL,plasma-xpl,0.07728309792234467,0.7609348,3.14578554,-2.34969059,207805663.30230543,29470091.33888922,2688888888.8889,10000000000.0,,2026-08-04,772700906.79,14.1625
117,Conflux,CFX,conflux-network,0.039505041120149194,1.61404123,-4.66731821,-6.68823818,206568087.62834185,14687712.38735859,5228904508.67,5228904506.26,,2026-08-04,206501820.21,7.1302
118,Optimism,OP,optimism-ethereum,0.08923917982945881,0.71696535,3.99109906,2.26381089,204042471.55627123,30423652.28189978,2286467356.0,4294967296.0,4294967296.0,2026-08-04,383738855.09,14.898
119,FLOKI,FLOKI,floki-inu,2.062534149877892e-05,0.53927593,1.14233653,0.01567924,197495086.39300787,11872685.5930654,9575360796072.16,9646229071866.719,,2026-08-04,198928297.35,6.019
120,DoubleZero,2Z,doublezero,0.05531746422202111,0.80859661,1.05036649,-5.63948794,192030013.35594797,1634054.48320904,3471417500.0,9998214988.8,10000000000.0,2026-08-04,553520322.75,0.8494
121,Falcon Finance,FF,falcon-finance-ff,0.06445340064838047,-0.17752665,0.29353695,3.43430278,191426599.92569,15909743.84390219,2970000000.0,10000000000.0,10000000000.0,2026-08-04,644067636.55,8.2909
122,DeXe,DEXE,dexe,2.229997273683487,0.12544025,-2.34376037,-21.63758225,186725884.15668786,54683741.51262139,83733682.70906265,96504599.33609451,,2026-08-04,215810056.96,29.2359
123,Maple Finance,SYRUP,maple-finance,0.15616150536075674,-0.35267756,1.7068623,-7.35980922,185989806.25653416,4762045.65884052,1191009306.8510675,1244677492.5110993,,2026-08-04,193976701.48,2.589
124,Velvet,VELVET,velvet,0.4379031263482138,2.23527134,9.58153323,8.07131139,184400057.8842298,5993388.61928217,421097833.7195011,1000000000.0,1000000000.0,2026-08-04,433966928.0,3.2878
125,Zebec Network,ZBCN,zebec-network,0.0017782994560512687,1.21250868,-5.7376909,-2.3834635,177827767.27499112,10415268.45476385,99998775048.75327,99998775048.75327,100000000000.0,2026-08-04,178199972.13,5.8544
126,Ethereum Name Service,ENS,ethereum-name-service,4.249645048030204,0.89247241,0.48829691,-1.17666201,174379556.8053256,9588546.60083965,41033911.02891147,100000000.0,,2026-08-04,424965050.3,5.4926
127,Kite,KITE,kite,0.09626892235249919,0.80871099,4.22287078,-0.47671113,173284060.23449853,19759770.09686239,1800000000.0,10000000000.0,10000000000.0,2026-08-04,965208940.52,11.447
128,Kaia,KAIA,kaia,0.02686252386322078,1.15943878,3.37344669,2.89531146,171513825.96867624,4154618.72434742,6384873842.904498,6384873842.904498,,2026-08-04,171547265.91,2.4264
129,Starknet,STRK,starknet-token,0.024679439593896586,0.65066605,-2.10400055,-14.6393096,168122459.79024866,51167497.66155803,6812247869.348971,10145600000.0,,2026-08-04,250481610.28,30.4859
130,BUILDon,B,buildon,0.16601153136028068,0.36127247,3.26657682,-5.67217641,166011531.3602807,5514773.27821511,1000000000.0,1000000000.0,,2026-08-04,166979955.37,3.3285
131,Compound,COMP,compound,16.47725497604022,0.04520438,0.15388746,-1.02154201,164772549.75820875,6535611.26493444,9999999.99986688,10000000.0,,2026-08-04,164745205.8,3.9818
132,EigenCloud,EIGEN,eigencloud,0.18942794573669017,0.76895024,1.60320621,-5.46529114,164669362.29697055,7644682.37518941,869298147.412026,1827993097.3266551,,2026-08-04,346047449.26,4.6389
133,Raydium,RAY,raydium,0.6103455749076744,0.77596586,0.64041331,1.68791926,164374542.53662583,8859730.04969699,269313892.480486,554997631.926184,555000000.0,2026-08-04,338788113.12,5.3909
134,The Graph,GRT,the-graph,0.014778671292091093,0.08276743,1.78974641,-1.98994167,161318474.63927406,9636958.67241081,10915627761.854664,11600219428.521122,,2026-08-04,171446574.27,5.9661
135,Trust Wallet Token,TWT,trust-wallet-token,0.3686751989510003,-0.51930339,-0.38483999,5.29135406,158478911.05839503,3197756.52996025,429860515.46,999860531.46,999860531.46,2026-08-04,368580180.37,2.0142
136,Telcoin,TEL,telcoin,0.0016462817857281205,0.4477326,-1.06036175,-3.35908198,158165282.2144851,715068.91555239,96074246575.31,100000000000.0,100000000000.0,2026-08-04,164664496.96,0.4335
137,Akash Network,AKT,akash-network,0.5181407311585001,-2.75051461,12.8899433,16.5391802,153596728.20507059,11245276.21641709,296438243.451054,296438243.451054,388539008.0,2026-08-04,201599715.81,7.3173
138,IOTA,IOTA,iota,0.03343768273082358,0.3591887,0.39280576,5.47938822,152657103.7791033,4883191.36029599,4565421145.0,4600000000.0,,2026-08-04,153668304.74,3.1935
139,THORChain,RUNE,thorchain,0.43971089311981726,0.27620246,-0.36193865,-0.11405086,148692257.9057402,2429522.26033071,338159141.0,354074957.0,354196525.0,2026-08-04,155743625.74,1.6283
140,MX Token,MX,mx-token,1.5875499576738685,0.04600536,-1.41196332,-3.76922355,145796355.70458093,4014065.38798206,91837334.0,409024834.0,413787834.0,2026-08-04,656893617.88,2.7237
141,Axie Infinity,AXS,axie-infinity,0.8291148581076957,0.45945146,0.64153341,-1.2531898,144442027.12410113,9329287.81684588,174212325.00134403,270000000.0,,2026-08-04,223957033.94,6.4527
142,Humanity,H,humanity-protocol,0.07411722191708019,-0.10819659,-2.46180953,14.58768842,144200435.44870186,7356534.47223328,1945572590.5381122,10000000000.0,10000000000.0,2026-08-04,745277276.26,5.0731
143,OriginTrail,TRAC,origintrail,0.28375983847815384,-2.20769569,2.05225668,6.87153615,141879919.2390769,4254359.02880441,500000000.0,500000000.0,500000000.0,2026-08-04,141815625.74,2.9993
144,dogwifhat,WIF,dogwifhat,0.14155599104179487,1.42125053,2.37135835,-4.91320583,141391628.80188936,49358737.89593769,998838888.847474,998838888.847474,998840592.989347,2026-08-04,141528030.69,34.8684
145,Vision,VSN,vision-token,0.036608182700733016,0.02189256,0.96591029,-8.800664,133816895.7030297,1879694.29149786,3655382098.5041757,4105991143.3466773,4200000000.0,2026-08-04,153783638.7,1.4046
146,Decentraland,MANA,decentraland,0.06727348699397692,0.30876172,-0.19897434,-0.79900056,133599061.39538157,7596474.32617783,1985909566.5331404,2193179327.320146,,2026-08-04,147534511.59,5.6868
147,ApeCoin,APE,apecoin-ape,0.13332897799501855,0.51738449,2.06059141,-10.92204456,133328977.99501856,7519244.22172409,1000000000.0,1000000000.0,1000000000.0,2026-08-04,133115180.75,5.658
148,Chiliz,CHZ,chiliz,0.01270271215112693,0.07906598,-0.49146973,-2.78045112,132995436.40976015,17727419.39410862,10469845717.0,10469845717.0,,2026-08-04,132955125.33,13.3116
149,eCash,XEC,ecash,6.607135536676197e-06,-0.06014268,-3.00731803,-0.51655285,132571049.16705833,9621965.26480663,20064829672580.0,20064829672580.0,21000000000000.0,2026-08-04,138253868.78,7.2815
150,Neo,NEO,neo,1.872105914995701,0.46997568,3.42429046,-0.78148431,132056162.75198212,3868345.92575285,70538831.0,100000000.0,,2026-08-04,187214742.49,2.9294
151,Fartcoin,FARTCOIN,fartcoin,0.13156710624916584,0.81027701,4.17994484,7.80636875,131566876.79613253,11748905.85948299,999998256.0,1000000000.0,1000000000.0,2026-08-04,132256904.33,8.9044
152,Convex Finance,CVX,convex-finance,1.321080542979315,0.29821286,2.27491097,-2.80941641,131101686.59836197,3658460.11575552,99238223.81238016,99983163.91527155,,2026-08-04,132059030.82,2.7881
153,Onyxcoin,XCN,onyxcoin,0.003305561878462023,-3.57924222,10.01564979,-3.16558874,129220212.60777906,23798993.75421838,39091754249.02385,48402422627.32442,68892071756.90897,2026-08-04,226754130.59,18.5118
154,Theta Network,THETA,theta-network,0.12866150289525813,0.025336,3.69391775,-1.68348154,128661502.89525813,3373461.53426635,1000000000.0,1000000000.0,1000000000.0,2026-08-04,128662505.39,2.6177
155,edgeX,EDGE,edgex,0.3628812791997655,2.04833365,2.52498102,-8.08162836,127008447.71991792,5089440.60081168,350000000.0,1000000000.0,1000000000.0,2026-08-04,364395173.2,4.0065
156,Tagger,TAG,tagger,0.0011691884117752613,0.23108993,-12.31600863,-16.40740952,126745370.06035487,6129379.96892506,108404572594.0,405380800000.0,,2026-08-04,480046360.16,4.827
157,The Sandbox,SAND,the-sandbox,0.04263454205120861,0.20090925,0.42957767,0.31198577,125244923.42213537,14122246.10945355,2937639702.3733225,3000000000.0,,2026-08-04,127759605.98,11.2866
158,Arweave,AR,arweave,1.820905276744249,0.70648705,4.42966682,1.19835264,119546921.7706724,5932099.74813279,65652466.0,65652466.0,66000000.0,2026-08-04,120176147.74,4.9661
159,SOON,SOON,soon,0.21159546969110643,0.29001924,-3.55428871,-12.01064564,118099952.13135666,10325745.08781507,558140267.86,998466231.2532852,,2026-08-04,211353525.35,8.73
160,GoМining,GOMINING,gomining-token,0.2891765861417371,0.48204735,0.88375041,2.22427525,116747650.98757023,6779479.24235042,403724425.0831134,403890250.7458408,403890250.7458408,2026-08-04,116800527.76,5.8081
161,Genius Terminal,GENIUS,genius-terminal,0.34786388568829807,0.89253244,5.83684931,-1.25246618,116665566.9144536,20228531.92656061,335377059.0,953973324.288,1000000000.0,2026-08-04,347317084.7,17.3154
162,1inch,1INCH,1inch,0.0809683163029379,0.36002955,0.33622814,-1.29834247,114340378.0215749,4664496.85948666,1412161981.9013836,1500000000.0,1500000000.0,2026-08-04,121456443.18,4.0738
163,Zama,ZAMA,zama,0.050216820507355764,0.50000008,4.15104203,-17.83300674,110477005.11618268,38301599.15180297,2200000000.0,11196548333.0,,2026-08-04,562384564.13,34.6128
164,AWE,AWE,awe-network,0.0566315320906836,0.32434937,-3.77240518,4.50057128,110002236.59184207,2347694.72519248,1942420283.0270672,1942420283.0,1942420283.027067,2026-08-04,110143148.46,2.1291
165,SafePal,SFP,safepal,0.21424461729848043,0.40149159,-0.4557281,3.5019554,107122308.64924021,1227225.40237814,500000000.0,500000000.0,500000000.0,2026-08-04,107105798.81,1.144
166,Vaulta,A,vaulta,0.06427255999489774,-0.00062118,1.40792244,3.67579129,106581802.72796418,5610263.92270094,1658278474.3042,2100000000.0,2100000000.0,2026-08-04,134975698.3,5.2538
167,Fluid,FLUID,instadapp,1.2892387421092073,-0.50037389,8.95989425,10.05518022,101459217.18843566,4950376.7448345,78696996.82034639,100000000.0,,2026-08-04,128655040.14,4.8943
168,Centrifuge,CFG,centrifuge,0.17441103716261055,0.2393078,0.03010728,-1.86799153,100662698.17857619,4900488.86831569,577157844.0,697164473.0,,2026-08-04,121388171.58,4.8708
169,Basic Attention Token,BAT,basic-attention-token,0.06661207201459007,0.63425852,0.56678325,-4.46954653,99633318.562925,4926998.28489561,1495724656.9526057,1500000000.0,1500000000.0,2026-08-04,100040631.68,4.937
170,Sentient,SENT,sentient,0.01358189010383702,0.15107842,0.58032852,16.76475308,98304075.6281162,12835220.13440329,7237878887.0,34359738368.0,,2026-08-04,465582047.0,13.0615
171,WEMIX,WEMIX,wemix,0.19436102546058168,0.3349758,-1.13134917,-7.52257089,96820275.508835,329557.68567785,498146556.28307074,558943468.4927068,590000000.0,2026-08-04,114390488.73,0.3417
172,dYdX,DYDX,dydx-chain,0.11336043890655262,0.33105071,1.0497718,-2.34217985,96197565.42031065,2106321.1180033,848599091.0780612,958342962.317931,1000000000.0,2026-08-04,113582981.0,2.1871
173,AB,AB,newton,0.0009566104998810552,0.04932795,-2.05042011,-2.43407029,94535751.99940132,463951.50000612,98823661261.46,98823661261.46,98823661261.46,2026-08-04,94577674.03,0.4905
174,Cheems (cheems.pet),CHEEMS,cheems-pet,5.035099164251862e-07,0.66616744,3.24030893,8.93716205,94405609.28989802,1051230.77992077,187495034775398.0,203672952644644.2,203672960023058.0,2026-08-04,102419310.9,1.1157
175,Kamino,KMNO,kamino-finance,0.018005446142179582,0.09122499,-0.74638071,0.12062978,93911972.9664145,3157426.18951244,5215753735.0,9999957168.76396,10000000000.0,2026-08-04,179896044.21,3.3064
176,Golem,GLM,golem-network-tokens,0.09256288165462567,0.25145893,1.34043177,-5.87022892,92562881.65462567,3069103.54881769,1000000000.0,1000000000.0,1000000000.0,2026-08-04,92920074.42,3.3278
177,Gala,GALA,gala,0.0018075772513074782,0.71921987,1.82048988,-2.52237274,88897258.56893188,24505391.94298458,49180337108.48577,49180337108.48577,50000000000.0,2026-08-04,90405378.27,27.4843
178,YZY MONEY,YZY,yzy,0.29268598150393327,-0.73527819,-0.74202066,-0.46614137,88676710.7296599,118588.22634956,302975599.562387,999999432.895766,1000000000.0,2026-08-04,291485978.74,0.1348
179,GEODNET,GEOD,geodnet,0.1997371780282055,0.59708485,2.74147121,-8.9749575,87842939.53636707,1677932.98505579,439792633.51744413,963193067.618101,1000000000.0,2026-08-04,200508677.63,1.923
180,Nexus,NEX,nexus-labs,1.463534379558211e-06,-0.02717845,-1.45534259,-2.52860401,87812062.77349266,1214022.53186974,60000000000000.0,100000000000000.0,100000000000000.0,2026-08-04,146355964.3,1.379
181,DeepBook Protocol,DEEP,deepbook-protocol,0.01560725153310808,0.66432004,0.58316429,-4.55483139,87517359.76289153,2181570.43809323,5607480572.55556,10000000000.0,10000000000.0,2026-08-04,156070560.08,2.4805
182,Meteora,MET,meteora,0.16039216675487258,0.03136682,-0.82422934,-2.43615876,86310809.03559284,6281212.39184613,538123592.827957,997733866.791769,1000000000.0,2026-08-04,160423747.2,7.1528
183,MultiversX,EGLD,multiversx-egld,2.7144131849392,0.73655135,2.15284168,-3.40560655,82760019.1591978,3589253.65070083,30489101.51865901,30494257.0,,2026-08-04,82833473.15,4.3264
184,ZKsync,ZK,zksync,0.008107992065338243,1.58800978,2.77979818,-5.16450576,82347593.66325927,7410319.48488137,10156348575.536493,14831834715.600285,21000000000.0,2026-08-04,170068052.9,8.9969
185,o1.exchange,O,o1-exchange,0.5028238426137298,0.62675811,4.27673695,7.72709808,80451814.81819677,95067342.99536097,160000000.0,1000000000.0,1000000000.0,2026-08-04,502385701.13,118.2502
186,Aethir,ATH,aethir,0.003937066094508061,1.38900215,3.07646033,-2.34687792,79248276.60343465,5735467.72680151,20128764593.0,42000000000.0,42000000000.0,2026-08-04,165240159.39,7.2211
187,Reserve Rights,RSR,reserve-rights,0.0012639273089777405,0.46149182,0.2655247,3.59950119,79062664.99685375,5450588.81860387,62553174091.0,100000000000.0,100000000000.0,2026-08-04,126310895.06,6.8947
188,Four,FORM,binaryx-new,0.20449701393167075,0.34999586,2.42888915,5.99584452,78090713.39534882,5110601.55915329,381867255.144574,572301922.0959299,580000000.0,2026-08-04,118550954.6,6.5431
189,Data Network,DATA,data-network,0.21646956149650765,-0.21270836,0.34772591,-10.86253422,77386057.46711956,15459722.68394727,357491635.0,1031018722.0,,2026-08-04,223202892.62,19.9918
190,Grass,GRASS,grass,0.3155263291714264,-0.13356171,-0.02349389,-2.36373687,76958478.02945271,10438545.27015374,243905091.0,1000000000.0,,2026-08-04,315646655.5,13.5599
191,Official Melania Meme,MELANIA,melania-meme,0.07683799599163293,0.09357488,1.08585183,-3.98450958,76837681.4972883,5871961.11537963,999995907.0465,999995907.046504,,2026-08-04,77092407.75,7.6287
192,Yearn,YFI,yearn-finance,2124.798189207398,0.25502929,1.54221083,3.62553906,76569114.96318705,2959165.95234412,36035.94701469,36646.35595035,,2026-08-04,77800791.92,3.875
193,XPR Network,XPR,proton,0.0025809718647547436,0.22940043,-0.75556962,1.54732079,75709766.65354405,2105344.48824141,29333820987.133602,32380535249.6509,,2026-08-04,83680541.06,2.7821
194,Horizen,ZEN,horizen,4.115611116692493,0.80141646,-0.53387428,7.43814305,75125930.30621122,8780122.95618266,18253894.30053491,21000000.0,21000000.0,2026-08-04,86528068.73,11.6695
195,Beam,BEAM,onbeam,0.001455957726999232,1.67594849,0.67393852,-3.69110281,74690900.29152533,1965800.18611681,51300184687.0,58470184687.0,58470184687.0,2026-08-04,85231492.22,2.6391
196,Rootstock Infrastructure Framework,RIF,rsk-infrastructure-framework,0.07448971041479016,-1.72300212,-14.6053857,-13.14822949,74489710.41479015,9465249.37125403,1000000000.0,1000000000.0,1000000000.0,2026-08-04,74493038.29,12.6982
197,Synthetix,SNX,synthetix,0.21505109597496433,0.29302798,2.30086863,2.83979291,74088593.8012076,18535975.31676407,344516234.45728827,581404223.5556632,339889850.089,2026-08-04,73105036.81,25.0181
198,RaveDAO,RAVE,ravedao,0.28840813062251713,0.12858791,-4.76186302,8.8480278,72817444.88608561,4295934.91517135,252480555.0,1000000000.0,1000000000.0,2026-08-04,288480454.2,5.8759
199,ORDI,ORDI,ordi,3.4432445781524708,-0.02559544,-1.49647536,-1.6897676,72308136.14120188,11703312.00857365,21000000.0,21000000.0,21000000.0,2026-08-04,72281984.56,16.1878
200,NEXPACE,NXPC,maplestory-universe,0.24085397030261477,1.30254777,-0.33034772,-11.54100378,70907732.20777813,4585003.48346146,294401342.5175758,988350564.5175759,1000000000.0,2026-08-04,241008011.12,6.4647
201,Rain,RAIN,rain,0.012697408314709818,0.06209514,-0.74417031,-7.1577411,8819358064.893705,28944863.05765155,694579385517.324,1149834575654.182,1149834575654.182,2026-08-04,14599310588.45,0.3275
202,Decimal,DEL,decimal,0.6749173928577086,0.17153811,-3.41175147,-13.2898447,7505758955.316487,276008.46136998,11121003895.804047,11121003895.804047,92075616000.0,2026-08-04,62140501344.72,0.0037
203,Ondo US Dollar Yield,USDY,ondo-us-dollar-yield,1.1402642857541763,-0.02270575,0.10061479,0.30858034,2148445613.614373,1371456.06491901,1884164610.3064437,1884164610.3064437,,2026-08-04,2148616552.34,0.064
204,HTX,HTX,htx,1.7981607792348483e-06,0.17360498,0.19404251,1.36848294,1615166863.2547884,78275024.15594546,898232728634017.2,999990000000000.0,999990000000000.0,2026-08-04,1796981019.63,4.8356
205,Falcon USD,USDf,falcon-finance,0.9950908083767417,0.00334127,-0.00380018,-0.00837021,1255883544.2138307,535077.58125607,1262079333.5057645,1262079333.5057645,,2026-08-04,1256288502.11,0.0425
206,USDGO,USDGO,usdgo,0.999898627712329,-0.00046736,0.00145664,0.00149999,1112527703.7876968,11619237.9853563,1112640494.7,1112640494.7,,2026-08-04,1112619696.92,1.0448
207,c8ntinuum,CTM,c8ntinuum,0.1963955023517626,0.01999415,0.60658049,1.70054566,875603567.1833218,14158235.3779461,4458368734.0,8888884596.0,8888888888.0,2026-08-04,1747495568.76,1.6147
208,Jupiter Perps LP,JLP,jupiter-perps-lp,3.583051065603656,0.48327224,0.69390177,0.40386064,800873674.5124363,1969098.1242452,223517237.083393,223517237.083393,,2026-08-04,801980568.41,0.2465
209,GHO,GHO,gho,0.9983343855644871,0.01076958,0.03032483,-0.04099754,647919016.2313521,352073.29266976,649000000.0,649000000.0,,2026-08-04,647926359.77,0.0776
210,Beldex,BDX,beldex,0.08081098853484911,0.09881852,-1.71564387,-1.57852313,635971935.7548437,13367671.95090772,7869869522.516554,9938809522.516554,,2026-08-04,803350906.91,1.8261
211,Usual USD,USD0,usual-usd,0.9988927089171525,0.02442486,0.00186692,-0.06611836,555762629.007567,717410.22919295,556378702.1831808,556378702.1831808,,2026-08-04,555762629.01,0.1291
212,Solstice USX,USX,solstice-usx,1.0028664362871549,0.02324029,0.0500443,0.13411824,518519295.30941284,14167071.83688699,517037241.0,359692577.0,,2026-08-04,360726848.72,2.7323
213,USDai,USDAI,usdai,0.9996766022077692,-0.00852417,-0.01680548,-0.02788968,501188990.1527192,101396.76631546,501351126.0,501351126.0,,2026-08-04,501188990.15,
214,Unibase,UB,unibase,0.19065500983581893,1.29597865,10.77734718,59.50214449,476637524.58954734,17454459.13016396,2500000000.0,10000000000.0,10000000000.0,2026-08-04,1903017172.15,3.6707
215,Ducky,DUCKY,ducky,0.0006364973280678388,0.36086352,0.93753048,0.76739337,263765043.04526132,953.60805731,414400864566.0,420690000000.0,420690000000.0,2026-08-04,267797936.51,0.0004
216,Bitway,BTW,bitway-btw,0.10693507925594621,-1.16661601,26.57218627,51.98607859,235257174.36308166,19946606.41563262,2200000000.0,10000000000.0,10000000000.0,2026-08-04,1071176947.9,8.4214
217,Legacy Frax Dollar,FRAX,frax,0.9910712579957022,0.00577293,6.858e-05,-0.09934922,217361793.76663318,115894.12331582,219320045.87260038,219320045.87260038,,2026-08-04,217383251.75,0.0538
218,AUSD,AUSD,agora-finance,0.9998128376130039,-0.00071927,0.00033785,-0.02030827,212391279.76780638,436457.12465773,212431038.868113,212431038.868113,,2026-08-04,212416504.57,0.8013
219,48 Club Token,KOGE,bnb48-club-token,60.370183273811165,0.56193529,-2.3244173,-4.77937901,204547971.29263747,17015.67485993,3388228.43,3388228.433995,3388228.433995,2026-08-04,204552424.92,0.0083
220,Ape and Pepe,APEPE,ape-and-pepe,9.434812617261983e-07,-0.39126243,-0.09271639,-1.0353391,198131064.96250165,6281943.22917129,210000000000000.0,210000000000000.0,210000000000000.0,2026-08-04,198134340.21,3.1686
221,USAT,USAT,tether-usat,0.9983296338035932,0.00211191,0.03596806,-0.03144491,185174396.92309883,4205670.62869913,185484223.5,185484223.5,,2026-08-04,185172650.93,2.2689
222,WeFi,WFI,wfi,2.07788245490351,-0.02218041,-0.87585576,1.52243707,177834861.5199259,618176.57460695,85584659.0841848,1000000000.0,1000000000.0,2026-08-04,2077946682.85,0.3524
223,EUR CoinVertible,EURCV,eur-coinvertible,1.1507388467933017,0.02950714,-0.16975852,1.20295547,154682081.691152,9447680.60237042,134419796.57,134419796.57,,2026-08-04,154682085.42,6.1078
224,GUSD,GUSD,gusd,0.9983868220706886,0.01332395,0.02680201,0.01436002,149198926.6902437,168629.48101213,149440000.0,320000000.0,,2026-08-04,319447734.71,0.113
225,Strategy PP Variable tokenized stock (xStock),STRCX,strategy-pp-variable-tokenized-stock-xstock,94.67841495336442,-0.00294895,4.24753165,1.81278531,142210768.07711703,225016.66175903,1502040.01775025,2756544.92598415,,2026-08-04,260987520.11,0.158
226,Zano,ZANO,zano,9.21957563229416,-0.16460345,1.75640144,4.42179637,141968272.63094932,1220219.50436134,15398569.12,15398569.12,,2026-08-04,141905317.24,0.859
227,SwissBorg,BORG,swissborg,0.14327649039915613,0.43650546,-0.39666733,4.55161258,140733682.78236535,130990.29865713,982252443.442,982252443.442,982602443.0,2026-08-04,140803037.02,0.0931
228,Joseon Mun,JSM,joseon-mun,0.00042936082783009695,0.19432989,0.06786993,27.35161859,135879821.1833908,524127.61816253,316470000000.0,2400000000000.0,2400000000000.0,2026-08-04,1030542396.23,0.3856
229,Ailey,ALE,project-ailey,0.2600989553594709,0.04254841,0.12859457,-0.0440911,126545366.7533648,94446.49438919,486527777.7777778,1000000000.0,1000000000.0,2026-08-04,260090106.99,0.0746
230,Shuffle,SHFL,shuffle,0.2839341218357274,0.08400144,5.11881777,2.91532549,120738509.99659173,718363.31321775,425234238.19573915,956134768.8996149,,2026-08-04,271331532.52,0.5953
231,Talus,US,talus-network,0.054432961388773904,-0.28333388,5.76465987,19.27880517,119752515.05530259,9432338.69386788,2200000000.0,10000000000.0,10000000000.0,2026-08-04,544276055.54,7.8407
232,TronBank,TBK,tronbank,0.6081427672878129,0.27616656,0.11445726,-4.87615186,112709160.91535139,219135.36481578,185333390.410956,1000000000.0,1000000000.0,2026-08-04,607764659.42,0.1946
233,Aster USDF,USDF,usdf,0.9989388659041868,0.00339412,-0.03203701,-0.06810694,112186542.63267206,86338.28737219,112305714.05501048,112305714.05501048,,2026-08-04,112198379.82,0.0778
234,Frax USD,FRXUSD,frax-usd,0.9996567818304279,-0.02687736,0.00915457,-0.01640828,109525014.40664919,1026254.1210888,109562618.2879515,109562618.2879515,,2026-08-04,109575989.06,0.9363
235,SoSoValue,SOSO,sosovalue,0.3178004841056014,-0.12240245,-3.28028418,-7.97386035,108688257.51926507,4017926.48246778,342001548.0,1000000000.0,1000000000.0,2026-08-04,317299092.91,3.7006
236,Rollbit Coin,RLB,rollbit-coin,0.06733289252268412,-0.02461705,0.68621667,5.15297973,107970528.21145368,14302.87531426,1603533194.0489402,1603533194.0489402,,2026-08-04,107970528.21,0.0132
237,RealLink,REAL,reallink,0.07389844773210877,0.5007858,1.17274826,0.61404794,101539552.59190716,4860875.28655377,1374041752.0,3351508975.0,12000000000.0,2026-08-04,889416269.29,4.7657
238,SpaceX Tokenized bStocks,SPCXB,spacex-tokenized-bstocks,114.67650115173707,0.28789777,5.4789558,3.63853604,101097575.83293283,68172661.4694544,881589.2952573,881589.2952573,,2026-08-04,101103898.2,67.4387
239,ViciCoin,VCNT,vicicoin,16.484854624916853,-0.03603701,-0.27071747,-0.35929577,100378122.42930721,114142.24237876,6089111.77642936,3047557.18994202,10000000.0,2026-08-04,164851703.0,0.1148
240,AKEDO,AKE,akedo,0.0043019835964026015,-2.6786174,-9.64430827,-1.68949731,98069093.55949281,18877005.21541855,22796250000.0,100000000000.0,100000000000.0,2026-08-04,432728769.51,19.0603
241,Smilek to the Bank,SMILEK,bscbet-online,4.9942660605176454e-05,-0.01511632,0.01567754,-0.02541693,97832730.89888537,962.67095304,1958901062006.0,2008932945814.0,2008932945814.0,2026-08-04,100352606.11,0.001
242,Ribbita by Virtuals,TIBBIR,ribbita-by-virtuals,0.09711404045286998,2.12969187,4.5901704,-5.42085316,97114040.45286998,942848.56739163,1000000000.0,1000000000.0,1000000000.0,2026-08-04,97111500.17,0.9699
243,Light,LIGHT,light,0.14035252978002338,0.71050574,-5.5439773,11.22845169,95096644.47748315,0.0,677555613.8997248,919834376.5900799,1000000000.0,2026-08-04,139660801.81,
244,AIVIVE,AVV,aivive,0.009334218704745137,0.01068716,-0.62113247,4.07020275,93342187.04017867,217668.66794077,9999999999.220856,10000000000.0,10000000000.0,2026-08-04,93343765.33,0.2333
245,Backpack,BP,backpack-exchange,0.3694427841880482,0.15437118,-2.83615677,-14.15445215,92360638.81364116,1267484.46298075,249999845.08190894,999999845.081909,1000000000.0,2026-08-04,369531930.81,1.3719
246,Quack AI,Q,quack-ai,0.021739825596453675,0.88953695,-4.43198659,-5.21244485,91413081.22782083,1868917.2910046,4204867275.60191,9999978302.60191,10000000000.0,2026-08-04,218249517.02,2.0425
247,UnifAI Network,UAI,unifai-network,0.379786813827954,1.76249037,-26.11449095,23.80844852,90769048.50488101,20306197.20633145,239000000.0,1000000000.0,1000000000.0,2026-08-04,384400777.71,22.1162
248,Circle Internet Group Tokenized Stock (Ondo),CRCLon,circle-internet-group-tokenized-stock-ondo,60.28102635074765,0.61999326,-2.7339398,-4.43157598,87243420.0597915,4191149.29107624,1447278.27877651,1447278.27877651,,2026-08-04,87139337.01,4.8081
249,U.S. Dollar Tokenized Currency (Ondo),USDon,us-dollar-tokenized-currency-ondo,0.9991795841926755,-0.00646539,-0.00962243,0.00264947,83208219.24455203,18947631.36954847,83276540.63486817,83276540.63486817,,2026-08-04,83211487.11,22.7783
250,Solstice eUSX,EUSX,solstice-eusx,1.047431078955871,0.01211976,0.09279868,0.63407318,82369942.34157085,6505209.447801,78639964.0,140284603.0,,2026-08-04,146938453.08,7.8976
251,AntFun,ANTFUN,ant-fun,0.04311148024697305,-1.26411826,-1.60411443,1.88810399,81387418.47786717,23831940.41974531,1887836326.0,10000000000.0,10000000000.0,2026-08-04,430885914.15,29.2457
252,StandX DUSD,DUSD,standx-dusd,0.9984938096514595,0.00290958,0.01491043,-0.02435455,78694359.40661147,15789.83570432,78813066.887296,78813066.887296,,2026-08-04,78699100.36,0.0205
253,would,WOULD,wouldmeme,0.07864090940191268,0.11428288,-0.54444248,0.7978399,78597860.76257107,33626.57841442,999452592.3,999452789.37,1000000000.0,2026-08-04,78645556.3,0.0187
254,The Black Bull,ANSEM,the-black-bull,0.18550099008115525,2.62412598,-10.40467757,15.98936058,77381624.94792072,13251249.94813741,417149390.491484,999939118.689142,1000000000.0,2026-08-04,185693201.66,17.0783
255,lisUSD,lisUSD,lisusd,0.9968188197740944,-0.03923618,0.03543344,-0.03827624,74890073.28851523,2394.2565855,75129072.40805034,75129072.40805034,,2026-08-04,74890073.29,0.0032
256,Comedian,BAN,comedian,0.0732459170989923,1.8300337,1.55831828,3.96988264,73243123.42646822,4781245.77285708,999961859.0,999961859.0,999961859.0,2026-08-04,73408677.74,6.511
257,USDsui,USDsui,usdsui,0.9995761349038351,0.02630299,0.05233445,-0.04927168,72806787.77776495,1490441.15531028,72837661.12,72837661.12,,2026-08-04,72756825.38,2.0523
258,Derive,DRV,derive,0.09816956341090227,0.80646772,2.6194695,-6.42380288,72402966.98269115,3579331.12613566,737529683.0,1500000000.0,1500000000.0,2026-08-04,147242387.18,4.9439
259,Law Blocks (AI),LBT,law-blocks,0.2954039244194993,0.07052885,0.08856779,-0.10335363,72373367.1300814,618053.97486138,244997988.0,1000000000.0,,2026-08-04,295232400.66,0.8553
260,Banana For Scale,BANANAS31,banana-for-scale,0.007026611804948307,-0.11145871,-2.47737579,3.49709337,70266118.04948308,3186880.58259437,10000000000.0,10000000000.0,10000000000.0,2026-08-04,70304432.67,4.5258
261,BNB Attestation Service,BAS,bnb-attestation-service,0.02791327248343014,-1.26764134,-2.03336175,7.48261483,69783181.20857535,2244199.32805429,2500000000.0,10000000000.0,10000000000.0,2026-08-04,278868716.72,3.2148
262,Micron Technology Tokenized bStocks,MUB,micron-technology-tokenized-bstocks,825.9502812046779,0.27847122,-1.83922467,-4.88650011,69262235.82687639,25745940.36513198,83857.63332613066,83857.63332613066,,2026-08-04,69322639.8,34.8906
263,Qtum,QTUM,qtum,0.6491988591643768,0.58701912,0.7255597,0.99562172,68866502.7622572,5806243.80773757,106079211.0,107822406.0,107822406.0,2026-08-04,70044229.65,8.3785
264,DigiByte,DGB,digibyte,0.0037341525588681485,0.83386609,-1.5065214,-7.56606654,68749352.67745687,2237412.27313895,18410965163.752,18410965163.752,21000000000.0,2026-08-04,78049844.21,3.2576
265,iShares Core S&P 500 Tokenized ETF (Ondo),IVVon,ishares-core-sp-500-tokenized-etf-ondo,760.5805156158876,0.26578736,0.54425701,2.25803349,68493798.09245963,493697.94169292,90054.63154285,90054.63154285,,2026-08-04,68641059.27,0.7183
266,0x Protocol,ZRX,0x,0.08026634473530195,0.49283946,3.10170172,0.71587678,68097690.98976348,4991499.82894212,848396562.8973439,1000000000.0,1000000000.0,2026-08-04,80410638.19,7.332
267,Plume,PLUME,plume,0.010831570109542403,0.88426665,-0.93233387,-4.68452422,66959790.90432393,6182630.45714394,6181909938.0,10000000000.0,10000000000.0,2026-08-04,108393254.15,9.2165
268,MindWaveDAO,NILA,mindwavedao,0.07899172475493374,0.60629512,0.6504257,0.75124144,66571553.85080549,284541.9929072,842766176.55,1057021569.0,1057021569.0,2026-08-04,83537709.37,0.4313
269,Orca,ORCA,orca,1.0848088724395657,0.98050922,-0.17510332,-6.11524272,65955056.98300839,8899849.32244613,60798780.926898,74999549.264037,,2026-08-04,81462853.81,13.3741
270,Collector Crypt,CARDS,collector-crypt,0.1585349379434076,1.64230981,12.62737573,29.07156038,65930498.83809055,3258444.7403474,415873621.886589,1999705568.158354,2000000000.0,2026-08-04,316806832.81,4.9479
271,Cash Cat,CASHCAT,cash-cat,0.06572693334967585,2.53251174,51.18601549,81.19745098,65726933.34967585,21894026.65364077,1000000000.0,1000000000.0,1000000000.0,2026-08-04,69239681.99,32.3095
272,GMX,GMX,gmx,6.20633632618108,0.81821595,1.68998399,-6.1158866,64864645.03138492,2747648.83277345,10451358.35738664,10451358.35738664,13250000.0,2026-08-04,82218593.85,4.2429
273,Sonic,S,sonic,0.022465470043087788,0.0010783,2.41216364,3.86815446,64700553.724092826,11465604.97014027,2880000000.0,3222625000.0,,2026-08-04,72519640.88,17.6451
274,Livepeer,LPT,livepeer,1.3005752178791934,0.48797018,2.27917199,-4.3963001,64624222.89081027,8652019.34506057,49688954.55058027,49688954.55058027,,2026-08-04,64633140.01,13.3974
275,Safe,SAFE,safe1,0.08385284485252359,0.34561617,0.35477839,-7.96427775,64352817.90209482,1522038.61318756,767449429.0,1000000000.0,1000000000.0,2026-08-04,83852613.36,2.3497
276,FTX Token,FTT,ftx-token,0.19553536344010433,0.29208649,-1.72465601,-3.61345098,64310623.65778627,1502246.85176369,328895103.813207,328895103.813207,352170015.0,2026-08-04,68868661.21,2.3326
277,Huma Finance,HUMA,huma-finance,0.019710882679606388,-0.9250536,5.77247275,-5.27520691,64274112.929171935,5110180.63608338,3260843970.0,9999996010.090069,10000000000.0,2026-08-04,197837600.6,7.9045
278,Velo,VELO,velo,0.0036578365234993166,1.05462413,5.0287847,5.87794081,64245787.547664285,2123079.61262226,17563876115.0,23999804349.0,24000000000.0,2026-08-04,87977733.44,3.3068
279,CoW Protocol,COW,cow-protocol,0.11169642266977212,1.0575937,-1.17678836,-13.10393046,64225095.33983252,2325261.90192302,574996887.1403565,1000000000.0,1000000000.0,2026-08-04,112213641.66,3.6233
280,LAB,LAB,lab,0.14061498709186862,0.00748765,1.91999925,-1.15609414,63993204.93924866,9163199.01005681,455095194.7777778,989999998.7777778,1000000000.0,2026-08-04,141000565.26,14.2875
281,Numeraire,NMR,numeraire,8.471049860330112,0.16007895,-1.20070997,-1.88504187,63889867.851304196,6090122.90341715,7542142.8163822,10628347.9672755,11000000.0,2026-08-04,93224638.66,9.5206
282,Re,RE,re-protocol,0.3996413674721889,-0.63934268,-4.572796,-12.89311471,63782762.248561345,19124666.48698908,159600000.0,1000000000.0,1000000000.0,2026-08-04,400792861.74,29.9524
283,Walrus,WAL,walrus-xyz,0.025359373457249722,-0.0240426,1.44968245,-5.00217887,63657310.57204727,2719272.17328125,2510208333.0,5000000000.0,5000000000.0,2026-08-04,126814148.65,4.2759
284,SanDisk Tokenized bStocks,SNDKB,sandisk-tokenized-bstocks,1291.9312358718075,0.68908948,3.1093512,5.48666096,63210911.230574176,103687510.33893469,48927.45796019,48927.45796019,,2026-08-04,63260848.9,164.3669
285,Tesla tokenized stock (xStock),TSLAX,tesla-tokenized-stock-xstock,322.7994136885916,0.39535533,2.67375391,5.69749049,62919900.20880046,15921114.27678332,194919.49966644,528270.70405249,,2026-08-04,170613107.53,25.1809
286,Fidelity Digital Dollar,FIDD,fidelity-digital-dollar,0.9997712245509596,0.02770527,0.02209482,0.0129919,62586738.4143881,2415103.61995947,62601060.0,62601060.0,,2026-08-04,62586699.12,3.7259
287,ChainOpera AI,COAI,chainopera-ai,0.3303457892537399,0.19222799,-1.64389181,-1.04729195,62105040.75359045,2431735.7734209,188000098.0,1000000000.0,1000000000.0,2026-08-04,330024099.75,3.9138
288,Undeads Games,UDS,undeads-games,0.49855505068240646,-0.26707523,-20.95150186,-39.54620907,62064955.86946474,250345.4471822,124489674.27872244,250000000.0,250000000.0,2026-08-04,124772126.91,0.401
289,Qubic,QUBIC,qubic,4.398659343449861e-07,-0.41563211,-0.17432331,4.88531001,61981960.1367064,1500588.15383385,140911026058440.0,174873154546773.0,200000000000000.0,2026-08-04,88017994.83,2.4167
290,Circle Internet Group Tokenized bStocks,CRCLB,circle-internet-group-tokenized-bstocks,60.17643455257321,0.27861856,-2.77685985,-4.54289456,61964742.38615623,15692335.00428704,1029717.74328073,1029717.74328073,,2026-08-04,62071753.3,25.2458
291,XPIN Network,XPIN,xpin-network,0.0015347332659633776,0.14138889,1.57611507,7.20972805,61837347.46578097,2441628.72554607,40291918366.0,100000000000.0,100000000000.0,2026-08-04,153367614.05,3.9477
292,Gas,GAS,gas,0.9346389798438393,0.24362285,2.26104685,-2.59873545,60744365.94351313,2116507.60087234,64992331.0,64992331.0,,2026-08-04,60572075.49,3.4803
293,Venus BUSD,vBUSD,venus-busd,0.02230092939510353,-0.02,0.0,-0.049985,60095885.987479955,0.0,2694770470.0,2694770470.0,,2026-08-04,60101896.78,
294,Stronghold SHx,SHX,stronghold-token,0.0034048073800410916,-0.44677273,0.39843515,-2.73182991,59920101.90109877,437969.15162822,17598675993.346684,99756866344.0,99756866344.0,2026-08-04,339972569.67,0.7065
295,Dog (Bitcoin),DOG,dog-go-to-the-moon-rune,0.0005985032179529374,0.1952436,-0.89572673,-1.60069227,59850321.79529374,632049.04868127,100000000000.0,100000000000.0,100000000000.0,2026-08-04,59726401.49,1.0615
296,Keeta,KTA,keeta,0.10291784826988147,0.46288384,-0.07996054,-11.55949407,59774416.89012361,796211.30092179,580797382.5237501,1000000000.0,1000000000.0,2026-08-04,102872814.57,1.3313
297,Holo,HOT,holo,0.0003379348649050557,-0.06029208,2.22042854,0.40704768,59746087.31151794,3709683.6469487,176797642138.2383,177619433541.14133,,2026-08-04,60230394.01,6.2528
298,AIOZ Network,AIOZ,aioz-network,0.046996060352156394,0.08396452,-3.13693534,-2.55628249,59672236.41200505,2121820.87251428,1269728482.8741398,1269728482.8741398,,2026-08-04,59750080.73,3.5471
299,Quantix Finance,QFI,quantix-finance,58.93802800552064,0.54914135,0.37475413,0.59789303,58938028.00552064,2662779.10466887,1000000.0,10000000.0,10000000.0,2026-08-04,590875661.07,4.4843
300,Kusama,KSM,kusama,3.1477720461725056,1.72750843,3.88643201,4.73177015,58595609.49095421,5161679.74452941,18614946.89941186,18614946.89941186,,2026-08-04,58583373.88,8.8119
301,Glidr,GLIDR,glidr,1.6448832457201314,0.65929426,29.75175247,63.70472662,58330372.64358604,81407.47546045,35461710.0,100000000.0,100000000.0,2026-08-04,164733441.46,0.1391
302,OpenLedger,OPEN,openledger,0.18817234504243752,0.00129078,3.84317784,19.36039741,58254567.69679525,14873872.38303948,309580920.0,1000000000.0,1000000000.0,2026-08-04,187608986.34,25.6889
303,Ravencoin,RVN,ravencoin,0.0035347633459820046,0.80745102,-0.90281433,2.00560767,57925350.004837885,1817090.34127031,16387334691.212673,16387334691.212673,21000000000.0,2026-08-04,74290737.5,3.1261
304,Jelly-My-Jelly,JELLYJELLY,jelly-my-jelly,0.0568340513942356,0.43153307,3.13119329,0.42986953,56834000.18675529,3261167.19384657,999999099.0,999999099.0,,2026-08-04,56863087.35,5.7433
305,ZIGChain,ZIG,zigcoin,0.04026273662104254,-0.2745459,0.17539808,0.01225259,56727812.153376326,4648594.66979652,1408940795.2396517,2000000000.0,1953940796.0,2026-08-04,78639479.33,8.1514
306,Billions Network,BILL,billions-network,0.02325978215854266,0.31525926,-2.5179724,2.61516275,56479273.80602361,6601258.69571409,2428194444.0,10000000000.0,10000000000.0,2026-08-04,232797241.94,11.6506
307,aPriori,APR,apriori,0.20054450950424174,0.76150112,-3.20498786,-1.21758795,55713771.54664716,3520802.20289772,277812500.0,1000000000.0,1000000000.0,2026-08-04,200774930.92,6.3111
308,Pharos,PROS,pharos,0.410091085119978,-0.44131434,-2.91515199,2.10473624,55608351.142269015,3145585.89581974,135600000.0,1000000000.0,,2026-08-04,409341122.65,5.6197
309,Baby Doge Coin,BabyDoge,baby-doge-coin,3.085275360598634e-10,0.60851967,1.30933081,4.51646534,55283822.307542585,2738332.55581826,1.7918602343751872e+17,2.026150676904291e+17,,2026-08-04,62492238.85,4.9561
310,Theta Fuel,TFUEL,theta-fuel,0.0073834347313109045,0.2142567,0.95231465,-1.24649069,54792755.300838105,520888.51322289,7421038757.0,7421038757.0,,2026-08-04,54944713.61,0.9543
311,Turbo,TURBO,turbo,0.0007912267077338,0.49446459,0.51133969,2.70792287,54594642.82571993,4882677.71234108,68999999990.0,68999999990.0,69000000000.0,2026-08-04,54597568.55,8.9421
312,"SpaceX 
Pre-IPO stock (Republic)",preSPCX,spacex-pre-ipo-stock-republic,113.84172895747173,0.45162067,5.15942762,3.44917954,54046360.82255971,106661.75448784,474750.0,474750.0,,2026-08-04,53690909.34,0.2003
313,Diem,DIEM,venice-ai,1401.9829130734379,0.53733096,4.56715474,-0.9792908,53859034.656339675,434396.69044104,38416.32744173,37214.49308322,,2026-08-04,52177797.66,0.8067
314,SuperVerse,SUPER,superverse,0.08238572971186396,0.92022824,-0.09070728,0.53221509,52740265.11162109,2292757.70400496,640162626.4169173,999998077.4169173,999998077.417,2026-08-04,82407990.55,4.2403
315,Mina,MINA,mina,0.04091252548884859,0.42596148,0.12510295,-6.1368511,52664624.413323484,2168498.37132831,1287249412.8400393,1287249412.8400393,,2026-08-04,52656931.13,4.1197
316,Allora,ALLO,allora,0.26254866689146594,1.21107752,4.56883533,-24.69707228,52641007.71173892,76441942.40221497,200500000.0,785499999.0,1000000000.0,2026-08-04,263975880.54,144.3011
317,Nano,XNO,nano,0.3933385223745798,-0.22592963,0.15136579,4.76531473,52411688.25090916,115121.20530094,133248297.0,133248297.0,133248297.0,2026-08-04,52635759.26,0.2181
318,Dohrnii,DHN,dohrnii,3.062779115127904,0.21180861,0.10234486,-0.34899426,52297082.027531795,106876.53263456,17075042.0,372000000.0,372000000.0,2026-08-04,1139748196.01,0.2054
319,Wormhole,W,wormhole,0.008356072237515692,0.56502572,3.45693852,-6.11748401,52200985.606871694,95176479.00259043,6247072084.0,10000000000.0,10000000000.0,2026-08-04,83676511.33,181.5727
320,AI Rig Complex,ARC,ai-rig-complex,0.052114754018104156,1.75312849,1.69917387,-3.50075354,52113854.732453234,3281124.90514118,999982744.125577,999982744.125577,999998319.0,2026-08-04,52028610.57,6.2989
321,Zilliqa,ZIL,zilliqa,0.002544837564845441,0.61903562,-0.29253259,8.91813687,51137177.686360985,5713918.728184,20094476124.04557,20536431535.5889,21000000000.0,2026-08-04,53566322.07,11.0517
322,Magma Finance,MAGMA,magma-finance,0.2666439324211746,1.14320392,3.42616678,-14.97108353,50662347.160023175,2007547.68669571,190000000.0,1000000000.0,1000000000.0,2026-08-04,267463348.2,3.941
323,GoPlus Security,GPS,goplus-security,0.009104445264656771,-0.19986101,-2.67593035,-1.35299931,50624127.0522143,8007207.6237906,5560374693.968,9822841360.54709,10000000000.0,2026-08-04,91002643.71,15.8111
324,Bio Protocol,BIO,bio,0.022255518044219377,1.00066342,0.6190634,-7.17837283,50301094.02300698,9394061.93565081,2260162802.01,3310580971.0844073,3320000000.0,2026-08-04,73885055.55,18.6842
325,Useless Coin,USELESS,theuselesscoin,0.05015152816527767,1.7541445,-0.62169527,-11.71118656,50105617.19655427,5463529.43782564,999084554.93974,999084554.93974,1000000000.0,2026-08-04,50229765.98,10.9097
326,Linea,LINEA,linea,0.0022490729055486655,1.02966515,1.20441996,-5.02367692,50019936.59452154,9588613.26018655,22240246846.20843,69654526510.73672,72009990000.0,2026-08-04,162318796.51,19.2563
327,FUNToken,FUN,funtoken,0.004624820196103407,1.63747822,-7.8675825,-5.95105921,49976739.672925316,2889192.01044502,10806201658.398026,10806201658.398026,,2026-08-04,49934288.95,5.7751
328,Enjin Coin,ENJ,enjin-coin,0.02494272518200203,-0.0136068,2.48370376,-1.90063911,49616589.31097219,7327784.24164215,1989220862.9542265,2011215588.3417807,,2026-08-04,50176367.02,14.7691
329,Unitas,UP,unitas,0.33825922221387866,0.21363906,4.18023647,15.94730769,49385846.443226285,56066331.00932778,146000000.0,999999961.340917,1000000000.0,2026-08-04,338394715.16,113.8467
330,USD.AI,CHIP,usd-ai,0.0246178222519789,0.47361396,-1.85984068,-4.20725245,49235644.5039578,4536840.50478459,2000000000.0,10000000000.0,10000000000.0,2026-08-04,245582443.76,9.2222
331,River,RIVER,river,2.5097067596562845,0.16124992,2.64959889,-7.50260323,49190252.48926318,2829483.54383601,19600000.0,100000000.0,100000000.0,2026-08-04,251756201.54,5.7119
332,Targon,SN4,targon,11.08880080842609,0.64362066,-1.01138964,5.87736715,48953196.66651986,512612.64814588,4414652.0,4414652.0,21000000.0,2026-08-04,233078598.95,1.0475
333,aelf,ELF,aelf,0.059457429286885626,0.06851086,-0.10643844,0.67182186,48907862.833992876,1273127.96706951,822569415.1358199,996445498.4766299,,2026-08-04,59259615.25,2.6112
334,Holoworld AI,HOLO,holoworld-ai,0.06732893299756934,0.33758974,1.06105999,3.01376075,48900899.31102712,11208280.05689052,726298444.574972,2047999951.0613904,2048000000.0,2026-08-04,138234837.9,22.8346
335,ECOMI,OMI,ecomi-new,0.00017295119668737309,0.43543323,2.34509922,15.99466613,48869139.24644828,773327.49128354,282560283955.61914,305278604837.5089,,2026-08-04,52801289.87,1.5776
336,Union,U,union,0.02537297204795491,-44.91621361,-48.98589485,-56.9051433,48692002.00862787,1726657.27182389,1919050000.0,10000000000.0,,2026-08-04,662290970.84,1.3606
337,io.net,IO,io-net,0.1277254284062675,0.7165931,-1.46452243,-7.37024807,48332787.98908079,16586087.11358599,378411633.3933478,800000000.0,800000000.0,2026-08-04,102301036.58,34.1071
338,lium,SN51,celium,12.591809079749705,0.68601574,-1.9446205,7.84877324,48095396.94121222,1151063.88753389,3819578.0,3819578.0,21000000.0,2026-08-04,264994272.03,2.4012
339,Circle tokenized stock (xStock),CRCLX,circle-tokenized-stock-xstock,60.25338865808749,0.39449088,-2.7952999,-4.54341549,47821141.8708572,12039322.80084196,793667.25981541,3043251.43947935,,2026-08-04,183496394.5,25.1423
340,Berachain,BERA,berachain,0.15820746755443313,-0.43344286,3.27745953,-4.81568738,47765537.32446851,18292177.01907724,301917084.3375912,554274028.7820357,,2026-08-04,87807805.47,38.5987
341,SP500 tokenized ETF (xStock),SPYX,sp500-tokenized-stock-xstock,763.3106206106189,0.1568438,1.19250672,2.95281758,47262451.567224726,5345650.4964052,61917.71775613,259962.02487432,,2026-08-04,198417228.81,11.4065
342,REAL,ASSET,real-finance,0.2665514400117434,-0.13031931,5.42215494,-1.27612993,46923030.195915036,1395160.48460881,176037429.0,1000000000.0,1000000000.0,2026-08-04,266556827.57,2.9756
343,Spark,SPK,spark,0.015531219317085208,0.07976583,-0.70822683,-3.08900495,46755951.90795233,7374200.59763933,3010449530.9340057,10000000000.0,10000000000.0,2026-08-04,155577445.17,15.7655
344,Pirate Chain,ARRR,pirate-chain,0.23583495578799746,2.78507314,13.4565942,11.8801689,46274072.36937972,107777.08068997,196213797.97055,196213797.97055,,2026-08-04,46295016.85,0.2322
345,CROSS,CROSS,cross,0.09637391063319775,-1.07398247,1.73960406,15.80095419,45914150.52353354,3065192.46117866,476416804.3183834,985221379.9946746,985222890.0,2026-08-04,95227973.98,6.5921
346,Cysic,CYS,cysic,0.2846991727124212,0.56287661,-0.93329238,-6.09763343,45779626.97215733,3284010.07688941,160800000.0,1000000000.0,1000000000.0,2026-08-04,284609279.84,7.1298
347,Matrixdock Gold,XAUM,matrixdock-gold,4055.6408294204703,0.19749577,0.04996322,0.28175288,45650801.927506596,337090.81654964,11256.12544295,11256.12544295,,2026-08-04,45653360.88,0.7386
348,Perle,PRL,perle,0.26035501001655476,0.30356345,-3.96839988,43.09343016,45562126.752897084,266452942.98453984,175000000.0,1000000000.0,1000000000.0,2026-08-04,260063803.87,585.4594
349,Venus,XVS,venus,2.7733901853323633,0.4168644,2.37683737,2.27458578,45425438.079040274,1235164.29991431,16379028.92974884,30000000.0,,2026-08-04,83085783.54,2.74
350,Babylon,BABY,babylon,0.010565061861916723,0.89865571,-4.21552365,-9.05825985,45278914.14369327,7559834.19147776,4285721629.98,10907514345.0,,2026-08-04,115606174.51,16.642
351,StraitsX USD,XUSD,straitsx-xusd,1.0000669407276213,0.00461021,0.02573903,0.00048077,45134825.49682145,8849000.8005274,45131804.341,45131804.341,,2026-08-04,45133698.85,19.6003
352,Popcat (SOL),POPCAT,popcat-sol,0.046000675798666735,1.86807638,4.42822472,11.71831178,45077722.92897833,9927023.8379535,979936101.9449382,979936101.9449382,979973220.96,2026-08-04,44921538.39,22.0686
353,ZetaChain,ZETA,zetachain,0.028895912434085187,0.78799708,2.56733834,-4.17743279,45032774.54271446,3932759.18072349,1558447917.0,2100000000.0,2100000000.0,2026-08-04,60670816.93,8.7317
354,Concordium,CCD,concordium,0.0035462485956229447,-0.04340606,0.99620299,-1.43707204,44918985.31195411,125766.00800492,12666620543.014557,14590056619.011702,,2026-08-04,51739447.1,0.2799
355,SKYAI,SKYAI,skyai,0.045065833145717736,15.83013163,46.49632465,95.69921927,45065833.14571773,32491385.06810467,1000000000.0,1000000000.0,1000000000.0,2026-08-04,45500619.88,72.3111
356,Flow,FLOW,flow,0.026585956182586645,-0.07299066,-5.54391741,11.55032611,44641498.00451813,3942376.79369788,1679138327.6918797,1679138327.6918797,,2026-08-04,44805557.2,8.8309
357,SushiSwap,SUSHI,sushiswap,0.1553964464181823,0.37423475,0.65508709,0.38587837,44573145.31518969,3533762.04700129,286835036.0808146,291514753.90092283,,2026-08-04,45380081.1,7.8995
358,Axelar,AXL,axelar,0.036435804491406674,0.6262434,-0.04978504,-5.15949289,44267537.36600744,3533952.83761355,1214946067.0327141,1249744150.537163,,2026-08-04,45629642.95,7.976
359,EscoinToken,ELG,escointoken,0.281643148043962,0.41213158,-0.09166191,1.61724408,44256629.474878624,321889.46627779,157137248.97,225000000.0,370000000.0,2026-08-04,104362939.92,0.7285
360,Kava,KAVA,kava,0.04058258585232878,0.08779405,0.19095083,-10.01539381,43944728.988646686,7897975.70436006,1082846942.0,1082846942.0,,2026-08-04,43986254.79,17.9827
361,Xphere,XP,xphere,0.015235006262488127,0.20573749,-1.37962531,-11.58730558,43927265.79694365,484294.04091415,2883311305.562247,2883311305.562247,5500000000.0,2026-08-04,83655508.78,1.11
362,Bedrock,BR,bedrock-dao,0.14519146304152086,-0.54298414,-1.25231857,-0.2894866,43799424.587397814,2185487.49689914,301666666.0,1000000000.0,1000000000.0,2026-08-04,144618160.36,4.9838
363,Toshi,TOSHI,toshithecat,0.00010394956798981725,0.34060855,0.98345091,-0.61189281,43728016.915042445,2437834.48284733,420665691648.9156,420689980957.16724,420690000000.0,2026-08-04,43769362.74,5.549
364,SPDR S&P 500 Tokenized ETF (Ondo),SPYon,spdr-sp-500-tokenized-etf-ondo,764.0380286981479,0.03037109,1.14403941,2.87572241,43572596.62638027,1378526.80816337,57029.35585631,57029.35585631,,2026-08-04,43565865.31,3.1868
365,Cap,CAP,cap-app,0.027757456826700375,2.11306667,-2.30130637,16.03780157,43301632.649652585,12724088.37556672,1560000000.0,10000000000.0,10000000000.0,2026-08-04,278553956.84,29.4504
366,Loaded Lions,LION,loaded-lions,0.0013968892955694655,0.35463876,0.21433229,-2.20269033,43087358.59575125,20337.3438077,30845220686.0,100000000000.0,100000000000.0,2026-08-04,139721802.31,0.0473
367,StorX Network,SRX,storx-network,0.05164332719049574,-0.56312162,-0.5731898,2.93311587,43070534.87687345,2087896.02104512,834000000.0,977000000.0,1500000000.0,2026-08-04,77601650.14,4.8555
368,Alchemy Pay,ACH,alchemy-pay,0.0042974401365981985,0.5321205,0.06066202,-1.12595271,42974401.36598193,3645513.78073495,9999999999.999989,15346246087.999989,15346246087.999989,2026-08-04,65913043.85,8.4527
369,Alaya Governance Token,AGT,alaya-ai,0.01472887783169413,-0.90560653,7.38614146,-6.33356894,42925987.86936175,3353315.59508566,2914409934.0,5000000000.0,5000000000.0,2026-08-04,73743780.25,7.8178
370,Oasis,ROSE,oasis-network,0.005412669050078804,-0.19514336,0.91071498,6.19649601,42914116.25448172,2089429.99285849,7928457450.0,10000000000.0,10000000000.0,2026-08-04,54133174.59,4.866
371,KUB Coin,KUB,bitkub-coin,0.6161752656526627,0.18652149,0.29017791,-4.18300194,42500550.9251329,151588.59985138,68974776.0,110000000.0,110000000.0,2026-08-04,67998911.03,0.3561
372,SentismAI,SENTIS,sentismai,0.2055991273745105,0.01562119,0.47294496,-0.06396589,42453935.39093216,1961634.71749232,206488889.0,1000000000.0,1000000000.0,2026-08-04,205319283.61,4.6329
373,Micron Technology Tokenized Stock (Ondo),MUon,micron-technology-tokenized-stock-ondo,827.4516558902258,0.67813486,-1.82601173,-5.0200263,42455768.94668587,4973596.14967566,51309.06276453,51309.06276453,,2026-08-04,42483961.58,11.7309
374,Janction,JCT,janction,0.003693536614430454,0.5955713,-0.17051632,-7.80767956,42452355.61607163,2617288.4101429,11493687500.0,50000000000.0,50000000000.0,2026-08-04,184326487.3,6.1578
375,Frankencoin,ZCHF,frankencoin,1.2359508121086873,-0.01010928,-0.26269256,0.94133797,42240453.4602624,186474.69129037,34176484.24713188,34176484.24713188,,2026-08-04,42240191.39,0.4415
376,MicroStrategy tokenized stock (xStock),MSTRX,microstrategy-tokenized-stock-xstock,93.6591315826003,-0.20530075,-0.39766858,-1.48007592,42087894.404242374,2579715.45696857,449373.10108544,1278065.64295907,,2026-08-04,119922263.23,6.1271
377,Polymesh,POLYX,polymesh,0.03222931394260939,1.09812932,0.70875993,-4.56175417,41879073.43325549,684929.6685181,1299409398.159371,1304350769.287103,,2026-08-04,42050486.39,1.6351
378,Astar,ASTR,astar,0.004793184634864295,0.45735181,-0.52187072,-3.52582425,41876460.837925315,1786955.55833787,8736667587.0,8737445791.0,10000000000.0,2026-08-04,47972797.1,4.2543
379,iShares Bitcoin Trust Tokenized Stock (Ondo),IBITon,ishares-bitcoin-trust-tokenized-stock-ondo,36.08795157683871,0.49377808,1.48380356,1.01603919,41704188.29091835,635.37694778,1155626.36471958,1155626.36471958,,2026-08-04,41683805.6,0.0015
380,peaq,PEAQ,peaq,0.017317958804088266,0.51224079,-0.12064171,-4.38962638,41570186.228214405,893711.80440993,2400409118.561992,4430286580.9741335,5667620228.64,2026-08-04,98021774.3,2.1532
381,VVS Finance,VVS,vvs-finance,9.544865589378862e-07,0.43508699,1.34331235,-0.12913399,41568205.455064304,61590.02825234,43550330872463.74,95109375459623.39,100000000000000.0,2026-08-04,95615699.48,0.148
382,Non-Playable Coin,NPC,non-playable-coin,0.005441914208421602,-0.23229625,-3.71523629,-7.06770049,41452374.04844158,1768118.89454269,7617241371.481418,8050126520.0,8050126520.0,2026-08-04,43812342.7,4.3101
383,MegaETH,MEGA,megaeth,0.036621298294611276,-0.49561788,1.4770391,-2.9275761,41374478.70044852,9630586.47747006,1129792788.0,10000000000.0,10000000000.0,2026-08-04,367505297.23,23.275
384,KGeN,KGEN,kgen,0.1908808616131836,-0.70546791,-6.20434293,-9.04955859,40827901.37119297,3435605.42738144,213892063.49,978000000.0,978000000.0,2026-08-04,186959982.3,8.3879
385,RedStone,RED,redstone,0.08691527333961263,1.13058202,0.28946971,-6.26977319,40823989.50711634,1481266.35722366,469698684.0,1000000000.0,1000000000.0,2026-08-04,87356054.83,3.6466
386,Aegis YUSD,YUSD,aegis-yusd,0.9986591033443678,-0.00015591,0.04502318,-0.02480358,40604711.24052423,1694.66949017,40659231.0674832,40659231.0674832,,2026-08-04,40604711.24,0.0042
387,BOOK OF MEME,BOME,book-of-meme,0.0005865262368199253,-1.85667417,-1.68252653,7.58358688,40392204.40081797,42691633.65828142,68866832999.35506,68866832999.35506,,2026-08-04,40444678.13,99.3597
388,Request,REQ,request,0.05065018810517275,0.17936876,0.76972497,3.95397096,40352743.03428831,1276233.23612697,796694830.6390833,999416740.9347085,,2026-08-04,50747131.06,3.1497
389,SPACE ID,ID,space-id,0.027209951907216978,0.74735339,0.14110965,-5.71155443,40293633.421445675,4711129.34632938,1480841772.8499722,1994841761.516639,2000000000.0,2026-08-04,54394246.91,11.6745
390,SMART,SMART,smart-blockchain,0.005990071348678573,-0.15008633,-0.87600771,64.19795287,40255855.84072765,260970.85470242,6720430108.0,836732311077.0,836732311077.0,2026-08-04,5012177447.73,0.6516
391,Nervos Network,CKB,nervos-network,0.0008170852252909289,0.46895611,0.84178058,-2.9324352,40247518.705821685,1511876.89459485,49257430510.37458,50096139852.7686,,2026-08-04,40951105.71,3.7522
392,Aztec,AZTEC,aztec,0.013935225183304386,0.61695165,-0.77248754,-0.89393487,40127868.86375324,2611439.81752892,2879599600.0,10350000000.0,10350000000.0,2026-08-04,144326182.16,6.5105
393,NVIDIA Tokenized Stock (Ondo),NVDAon,nvidia-tokenized-stock-ondo,206.75622513204345,0.36047631,2.44720394,6.34146908,40110059.44012433,2096429.93459309,193996.86473531,193996.86473531,,2026-08-04,40126552.94,5.2159
394,Playnance,GCOIN,playnance,0.0016008068017000692,-0.71176124,-1.11789734,-11.27402106,40061791.01934593,430444.47255836,25026000000.0,77000000000.0,77000000000.0,2026-08-04,123294773.63,1.0523
395,XYO,XYO,xyo,0.002885967796987727,0.19534236,-0.55685419,-2.57931352,40022642.37790311,1336190.12342588,13868014196.027187,13930752875.47967,13931216938.0,2026-08-04,40282699.01,3.3352
396,Brett (Based),BRETT,based-brett,0.003983852005035812,0.15019734,1.90534033,-10.43720202,39838510.268898495,5955875.51302136,9999997544.723145,9999997544.723145,9999997544.723145,2026-08-04,40033061.02,14.88
397,Peanut the Squirrel,PNUT,peanut-the-squirrel,0.039714135393337055,1.11981385,1.85491905,-3.4906946,39707849.36397343,6750011.50943445,999841718.085982,999841718.085982,,2026-08-04,39678678.66,17.0886
398,Mog Coin,MOG,mog-coin,1.0156423094166324e-07,1.15448042,3.66567585,0.32989932,39667690.45297738,9440839.93364041,390567526433216.7,390567526433216.7,420690000000000.0,2026-08-04,42726482.08,23.8626
399,Altlayer,ALT,altlayer,0.005732125463513789,0.51722436,-0.14597852,-0.24184874,39468608.5001263,4162486.21615905,6885510226.765356,10000000000.0,10000000000.0,2026-08-04,57341702.67,10.5629
400,Zerebro,ZEREBRO,zerebro,0.03907881024272991,-3.07414859,12.27669449,3.41727562,39076774.935782485,9400121.50190831,999947917.888626,999948147.779442,1000000000.0,2026-08-04,39338917.96,24.231
401,Blur,BLUR,blur-token,0.013666697047617502,1.9526437,-1.56794895,-4.87965814,39054747.764479995,14414698.24359134,2857658118.007991,3000000000.0,,2026-08-04,41048157.16,36.9716
402,Irys,IRYS,irys,0.015069001568422134,-0.20858635,-8.07326146,8.1204285,38679311.564024575,5868373.17091121,2566813162.0,10000000000.0,,2026-08-04,150631814.99,15.1539
403,Gemini Dollar,GUSD,gemini-dollar,0.9992895252875078,-0.03107759,0.03650072,-0.03615226,38606073.12009024,703346.91286533,38633521.26,38633521.26,148548675.98,2026-08-04,148486362.23,1.8315
404,Gravity,G,gravity-token,0.0035038839453636434,0.88142794,0.31235402,8.54966863,38407823.86710358,6102563.31753745,10961500000.0,12000000000.0,12000000000.0,2026-08-04,41918128.49,15.868
405,Creditcoin,CTC,creditcoin,0.069887256900517,0.38605331,-2.30307957,1.87415503,38407538.90151155,1842435.56687346,549564264.0,549564264.0,600000000.0,2026-08-04,41935847.89,4.8123
406,Giggle Fund,GIGGLE,giggle-fund,38.84223359168229,0.07250061,-3.6848187,51.71233448,38381736.314253084,57239821.69381479,988144.41820545,988144.41820545,988144.41820545,2026-08-04,37738687.97,153.0994
407,Lombard,BARD,lombard,0.11127218382556356,0.62595599,5.27513074,1.77497606,38180268.0751465,5240111.08021132,343125000.0,1000000000.0,1000000000.0,2026-08-04,112306283.61,13.6584
408,Eurite,EURI,eurite,1.150549561313563,0.01072957,-0.14011376,1.19299426,38129041.59370232,4118557.0413753,33139851.48990108,33139851.48990108,,2026-08-04,38150303.07,10.8552
409,Purr,PURR,purr,0.06396164662881236,1.47312508,4.92941862,-2.80580806,38079102.72644867,519493.40217167,595342752.0,595342752.0,1000000000.0,2026-08-04,64019578.36,1.361
410,Ontology,ONT,ontology,0.037858238484338336,0.70870931,1.94251799,-4.23791661,37858238.484338336,3202590.56486352,1000000000.0,1000000000.0,1000000000.0,2026-08-04,37899510.3,8.3983
411,Tellor,TRB,tellor,13.470779642328948,0.69210462,0.49708835,-3.02246125,37716957.1575736,8217274.64389666,2799909.0,2883328.0,,2026-08-04,38908923.64,21.8326
412,Paycoin,PCI,payprotocol,0.035134971511451604,0.29641517,-3.18858097,0.31633626,37527171.77134777,594444.66432476,1068086016.7800754,1900000000.0,1900000000.0,2026-08-04,66777199.55,1.5935
413,Threshold,T,threshold,0.00336168296302104,-0.37265344,2.54917393,-1.54356946,37499573.4524997,10029745.08068559,11155000000.0,11155000000.0,11155000000.0,2026-08-04,37564073.79,26.6536
414,BitDCA,BDCA,bitdca,0.45682409846160543,0.46276874,-2.62702716,-3.38942712,37449272.77745507,195493.86178829,81977445.8124445,142665333.0,142665333.0,2026-08-04,65185502.28,0.5227
415,SuperTrust,SUT,supertrust,0.19857141155046362,-0.26286079,4.26242871,1.89441616,37411595.004615255,89241.69467482,188403732.0,188403732.0,238403732.0,2026-08-04,47368861.73,0.2375
416,Ronin,RON,ronin,0.04810746123232652,1.07306558,0.37027427,-2.06280327,37158283.84914453,1237013.55601402,772401679.4337813,1000000000.0,1000000000.0,2026-08-04,48122623.54,3.3468
417,Fractal Bitcoin,FB,fractal-bitcoin,0.3437701497542777,-0.05781405,-1.39275377,-6.58087239,37036197.38475892,1218567.48844364,107735349.9459796,154985325.0,210000000.0,2026-08-04,72194607.52,3.2919
418,TROLL (SOL),TROLL,troll-sol,0.03676536238604504,1.11430379,-4.19908307,-13.5698705,36720160.130389996,3009906.27336147,998770520.600874,998770520.600874,1000000000.0,2026-08-04,36932691.68,8.1683
419,NVIDIA tokenized stock (xStock),NVDAX,nvidia-tokenized-stock-xstock,206.8524513569577,0.35108886,2.46343362,6.23213832,36663755.166125625,21783043.64278695,177245.9302542,953132.56714795,,2026-08-04,197273463.18,59.3452
420,Celo,CELO,celo,0.06056159273867381,0.22111045,-2.42353346,-4.41568695,36658948.24768382,1676641.10468041,605316779.0,1000000000.0,1000000000.0,2026-08-04,60686764.13,4.5259
421,BIM,BIM,bim,1.2143431328941727,0.51614221,-0.31847438,-0.53069544,36430293.98682518,215094.75076392,30000000.0,30000000.0,30000000.0,2026-08-04,36430625.43,0.591
422,Subsquid,SQD,subsquid,0.032863490333549863,0.49449273,0.64679596,11.22044696,36259550.06979161,3024164.93066323,1103338376.47107,1336997644.8069928,1337000000.0,2026-08-04,44011657.82,8.3308
423,COTI,COTI,coti,0.012213875712861842,0.99567553,0.86073404,-12.84337633,36229260.47821572,22479031.29747872,2966237853.563913,2966272475.989861,4910000000.0,2026-08-04,59025931.89,63.2136
424,Zest Protocol,ZEST,zest-protocol,0.2478195954947109,-0.0244161,-0.38301578,9.48514098,36181660.94222779,9906000.40529254,146000000.0,1000000000.0,1000000000.0,2026-08-04,245755965.83,27.4968
425,ssv.network,SSV,ssv-network,2.2809091891808517,0.6816499,-0.745327,2.50785605,36151740.678286076,5550567.77674094,15849706.27053738,17361673.60305064,,2026-08-04,39577155.91,15.2907
426,Orochi Network,ON,orochi-network,0.25066388291282354,0.93652296,2.68383436,26.70274857,36164531.707247615,6224820.5626856,144275000.0,700000000.0,1000000000.0,2026-08-04,249929917.89,17.1948
427,MultiBank Group,MBG,multibank-group,0.10978374683993351,-0.01590721,-2.50847111,-4.01300256,36138781.45307976,5951426.46560984,329181527.25986564,977514798.0,1000000000.0,2026-08-04,109884029.48,16.4211
428,ZEROBASE,ZBT,zerobase,0.11427925306524553,-0.09120861,-5.14408635,0.0467905,36069388.5630426,9140010.79760366,315624994.0,1000000000.0,1000000000.0,2026-08-04,111367162.89,26.9239
429,Vitalum,VAM,vitalum,0.10600643932537017,0.42289948,0.87398124,0.73200993,36012387.78033832,617379.9970771,339718870.0,1000000000.0,1000000000.0,2026-08-04,106174720.16,1.7196
430,AI Analysis Token,AIAT,ai-analysis-token,0.2454831471911871,-0.12405685,0.93821879,3.9691202,35936145.91985807,376570.82053297,146389462.2952275,500000000.0,500000000.0,2026-08-04,122796101.9,1.0337
431,Euler,EUL,euler-finance,1.4954169328427354,-1.21789982,2.05265865,-1.5751416,35844083.35275556,45608502.31063735,23969290.81484801,27182818.28459045,27182818.28459045,2026-08-04,40391217.87,127.9302
432,Propy,PRO,propy,0.35802375213002846,-1.07308738,-1.91452355,-9.04062616,35802375.213002846,2105163.53497306,100000000.0,100000000.0,,2026-08-04,35866430.73,5.8745
433,Moo Deng (moodengsol.com),MOODENG,moo-deng-solana,0.03611990595417174,0.3334706,2.10342546,2.45214055,35757687.99434335,4659311.69354747,989971791.17,989971791.17,989971791.17,2026-08-04,35803202.81,13.0478
434,SK Hynix Tokenized bStocks,SKHYB,sk-hynix-tokenized-bstocks,142.4437184301307,1.05548658,-2.28803241,2.25349188,35657589.7809168,29722125.90051099,250327.56918942,250327.56918942,,2026-08-04,35760852.86,82.7264
435,Celo Dollar,CUSD,celo-dollar,0.9998894551992149,0.02254602,0.04108095,-0.03463884,35550235.291205056,146527.08542486,35554165.61936053,57241566.21607361,1000000000000000.0,2026-08-04,1000043026338662.0,0.4014
436,Magic Eden,ME,magiceden,0.06032419489194264,0.91407597,-0.30638739,-2.17957196,35353821.96581501,127599552.72768253,586063718.36613,999990727.400676,1000000000.0,2026-08-04,60637573.96,360.9693
437,Amp,AMP,amp,0.00039281698290100726,0.12644115,-0.03257644,-4.93840344,35267577.39604398,3095462.33636517,89781193103.18022,99720253743.71327,100000000000.0,2026-08-04,39320643.31,8.7657
438,GOHOME,GOHOME,gohome,70.45419324700504,0.19030418,0.14319516,-0.77969287,35219698.93321159,298158.40255538,499895.0,9999895.37,9999895.37,2026-08-04,704293820.17,0.848
439,Rocket Pool,RPL,rocket-pool,1.550638322136849,0.16392027,1.0465814,-2.90388786,35206338.50505162,8730931.07071152,22704416.62794436,22704416.62794436,,2026-08-04,35226967.9,24.7267
440,ConstitutionDAO,PEOPLE,constitutiondao,0.0069554333410210625,-0.8475631,0.49956227,-1.54649288,35195447.92791784,9248998.80979226,5060137334.7,5060137334.7,,2026-08-04,35079844.52,26.443
441,Ampleforth,AMPL,ampleforth,1.238529967535201,0.10621457,-1.0651989,-1.92375032,35018807.64048225,227.16355736,28274493.6,10630913.57552586,,2026-08-04,13167672.93,0.0006
442,Mask Network,MASK,mask-network,0.34856928985332414,0.23762899,-0.04154689,-2.99356042,34856928.985332415,7990775.83426923,100000000.0,100000000.0,100000000.0,2026-08-04,34873782.33,22.9098
443,Notcoin,NOT,notcoin,0.00034671250523574473,0.21698248,2.01846949,1.64143701,34473401.06659186,2109046.61665027,99429355866.90741,102452705868.52051,102456957533.56,2026-08-04,35553142.64,6.1373
444,BUSD,BUSD,binance-usd,0.9997963246282273,-0.02098865,-0.0146035,-0.02386269,34408667.16401585,359756.76946343,34415676.78978082,34415676.78978082,,2026-08-04,34411324.19,1.0425
445,Tokenised GBP,TGBP,tokenised-gbp,1.343426717814912,-0.06001584,-0.36666029,0.99174923,34380492.068907715,57604.08814442,25591639.36,25591639.36,,2026-08-04,34380087.48,0.1679
446,Invesco QQQ Tokenized ETF (Ondo),QQQon,invesco-qqq-tokenized-etf-ondo,703.4672975786378,0.30928695,1.09929711,3.53665177,34180596.55056217,2541202.87850392,48588.74985122,48588.74985122,,2026-08-04,34195254.53,7.4225
447,Espresso,ESP,espresso,0.06561660988392719,0.05330386,0.65905503,-14.59451342,34156726.2750783,17782005.61472589,520550000.0,3590000000.0,,2026-08-04,233966447.74,52.6663
448,Wiki Cat,WKC,wiki-cat,6.357714605413001e-08,-0.1541777,19.00577504,18.92376247,34100010.518686645,306057.8339832,536356421058184.4,536356421058184.4,553003328316637.0,2026-08-04,35173664.05,0.8989
449,Ankr,ANKR,ankr,0.003405497996487217,0.85439991,0.377394,2.25210133,34054979.96487217,3613205.12271137,10000000000.0,10000000000.0,10000000000.0,2026-08-04,34066372.12,10.6969
450,VeThor Token,VTHO,vethor-token,0.00033199234435824215,0.55414719,0.30210189,-2.44911084,33854156.20463686,937407.19556532,101972701419.0,101972701419.0,,2026-08-04,33903497.95,2.7723
451,Nasdaq tokenized ETF (xStock),QQQX,nasdaq-tokenized-stock-xstock,702.9996944738107,0.24232399,1.14776477,3.44009601,33820580.330054894,2259812.38154099,48108.95452148,254464.42819736,,2026-08-04,179184620.82,6.8695
452,Burnedfi,BURN,burnedfi-app,2.750395605613196,0.37194229,-1.19267064,-6.06573655,33812022.14905893,61269.78500169,12293512.27876202,12293512.27876202,21000000.0,2026-08-04,57836467.57,0.1844
453,APRO,AT,apro,0.13520194521286977,0.09742486,0.78543837,3.08452498,33800486.30321744,2582006.7538063,250000000.0,1000000000.0,1000000000.0,2026-08-04,135129824.09,7.6144
454,Prom,PROM,prom,1.8485353295954647,-0.88185328,-3.43524148,-5.51354967,33735769.76511723,2244071.95731176,18250000.0,19250000.0,19250000.0,2026-08-04,35658629.91,6.6225
455,Helium,HNT,helium,0.18054560479575996,-0.5268722,-1.31789984,-0.90738986,33639516.76355795,2894541.3859826,186321438.2959488,186321438.2959488,223000000.0,2026-08-04,40202071.37,8.5214
456,Defi App,HOME,defi-app,0.007817699434003105,-0.16655319,17.79927633,38.51911717,33398194.809787665,68131886.00541173,4272125718.28,10000000000.0,10000000000.0,2026-08-04,76911331.75,207.4146
457,Fogo,FOGO,fogo,0.008546455655713122,0.22685172,2.91882399,3.88350659,33048343.76315938,2183129.34479028,3866906363.8172946,10040906365.82194,,2026-08-04,85845166.06,6.6012
458,Verge,XVG,verge,0.0019896059776176333,0.4967125,4.60579134,-4.22827092,32872172.938747358,1474669.12702653,16521951234.841335,16521951234.841335,16521951235.741348,2026-08-04,32859486.4,4.4844
459,Spacecoin,SPACE,spacecoin-org,0.00591575717547547,-0.03183181,0.16838029,-1.35524332,32852278.85454116,1735322.97382142,5553351478.10571,21000000000.0,21000000000.0,2026-08-04,124366444.4,5.2711
460,Succinct,PROVE,succinct,0.16831795661915744,0.74524302,1.82777325,-4.53570676,32822001.5407357,3561882.9185515,195000000.0,1000000000.0,1000000000.0,2026-08-04,168496658.39,10.8074
461,Rekt (rekt.com),REKT,rekt-eth,1.1552783170869322e-07,0.20108023,-0.44098874,-0.89277185,32557899.487388458,114923.12365997,281818666600479.0,420690000000000.0,420690000000000.0,2026-08-04,48640072.38,0.3815
462,Atoshi,ATOS,atoshi,0.035941859162814706,0.2111809,0.2313373,-1.91768638,32461272.27268458,5950.60784909,903160633.0,100000000000.0,100000000000.0,2026-08-04,3594185916.28,0.0183
463,Anoma,XAN,anoma,0.012956240733713958,-1.68615973,1.77877531,15.82705164,32390601.834284894,2954979.14411247,2500000000.0,10000000000.0,10000000000.0,2026-08-04,128703786.82,9.0821
464,ApeX Protocol,APEX,apex-token,0.22146780500916,0.279472,0.34863917,-20.51926212,32365032.397170678,809812.31567253,146138769.0,499999990.0,500000000.0,2026-08-04,111203885.6,2.4734
465,Memecoin,MEME,meme,0.0005038254946634457,0.07538968,1.22204056,-0.14028757,32335040.671630166,4497559.53907485,64179048131.0,69000000000.0,69000000000.0,2026-08-04,34799601.32,13.8759
466,PumpMeme,PM,pumpmeme,1.0058204351064672,0.29064605,0.36087303,-1.56804185,32194315.574194327,124165.21023615,32008015.0,100000000.0,100000000.0,2026-08-04,100806814.74,0.3846
467,BSquared Network,B2,bsquared-network,0.47655146016827443,0.03452661,-0.64348514,8.06299471,32097346.82075405,2841586.08910677,67353370.0,207444584.9777,210000000.0,2026-08-04,100351124.92,8.7862
468,Alphabet tokenized stock (xStock),GOOGLX,alphabet-tokenized-stock-xstock,373.9254927373023,0.29363412,3.62049966,14.98187851,32024717.338109113,33025709.82398964,85644.64835942,498297.54520716,,2026-08-04,186353450.99,103.7634
469,Moca Network,MOCA,mocaverse,0.007557646474720854,0.44292052,0.55131348,-6.55742424,31992924.990584858,1878707.54908537,4233186230.3425,8888888888.0,8888888888.0,2026-08-04,67400623.82,5.8485
470,Momentum,MMT,momentum-token,0.15673675643274676,-4.72752299,-0.79094023,-13.122627,31989254.760526177,23759439.09443738,204095424.0,1000000000.0,,2026-08-04,155296673.26,75.7517
471,Pax Dollar,USDP,paxos-standard,0.9982883250466694,-0.04438771,-0.05868491,-0.08485157,31899331.054799434,3820296.53239674,31954025.96069443,31954025.96069443,,2026-08-04,31900678.99,11.9601
472,Lorenzo Protocol,BANK,lorenzo-protocol,0.041670422323845796,-6.29967548,-4.42904916,-85.49854656,31875569.516229015,77345210.03293273,764944719.5064375,1212195831.9983332,2100000000.0,2026-08-04,85955562.11,247.9287
473,Hims & Hers Health Tokenized Stock (Ondo),HIMSon,hims-hers-health-tokenized-stock-ondo,30.902124222012365,0.09716104,9.97474235,3.95263702,31823920.03277037,1002661.25619852,1029829.52900375,1029829.52900375,,2026-08-04,31778758.42,3.1504
474,Seeker,SKR,solana-mobile-seeker,0.006456048995172618,-0.26657874,0.03970914,-12.82418192,31795003.60273442,2362753.87892461,4924839267.252851,10493458662.140715,,2026-08-04,67942928.05,7.4535
475,Score,SN44,score,7.3298737891439085,0.65762711,1.17531915,10.63478483,31650299.73316414,1035092.02128204,4317987.0,4317987.0,21000000.0,2026-08-04,154324133.16,3.2692
476,SpaceX tokenized stock (xStock),SPCXx,spacex-tokenized-stock-xtock,114.61346097802257,0.23031714,5.30470665,3.61752047,31428495.91956445,15444885.42446333,274212.95588998,1257049.20627799,,2026-08-04,144231565.49,49.1397
477,Arcium,ARX,arcium,0.1499038465610313,1.91805935,-3.28881256,2.05849723,31304621.44830225,3404045.89336978,208831342.0,1000000000.0,1000000000.0,2026-08-04,149656637.18,10.9187
478,Movement,MOVE,movement,0.007500381912449062,1.26852663,0.26513226,-11.15782464,31251591.30437122,6164632.39494369,4166666667.0,10000000000.0,10000000000.0,2026-08-04,75180822.6,19.6722
479,Grvt,GRVT,grvt,0.2733261768840323,0.04077558,2.9402856,82.21745126,31244551.582953516,167149860.81139934,114312328.0,1000000000.0,1000000000.0,2026-08-04,272339145.23,535.203
480,Epic Chain,EPIC,epic-chain,0.9280067928128624,1.22426814,-0.17397277,28.42312804,31181028.238512177,11408299.17546969,33600000.0,33600000.0,33600000.0,2026-08-04,31088650.3,36.7472
481,Casper,CSPR,casper,0.0018718134886559893,-0.98971328,0.22193117,21.06293195,31157875.759126216,2103706.43219027,16645822860.0,19762860100.0,,2026-08-04,37075727.21,6.7356
482,UMA,UMA,uma,0.3401046165944926,0.30972716,0.45179116,-6.38273569,30801030.734829064,1773011.5977688,90563400.88306768,129380455.4186673,,2026-08-04,43995344.91,5.6777
483,LUSD,LUSD,lusd,0.9988809719969083,-0.00443435,0.01292428,-0.00074339,30742379.788193718,31058.19323193,30776819.91152082,10000000000000.0,10000000000000.0,2026-08-04,9989380645516.66,0.1011
484,WINkLink,WIN,wink,3.0713194895243914e-05,-0.9170846,6.44729571,26.07542764,30519758.71440583,8378337.43417285,993701854154.286,993701854154.286,993701859243.3864,2026-08-04,30454614.55,27.3622
485,Degen,DEGEN,degen-base,0.0012408734132271855,-0.46106299,1.00463448,3.6936693,30462421.638400566,3679496.8502121,24549177469.42117,36377103618.963646,36963632968.517365,2026-08-04,45988412.96,12.1361
486,Pipedog,PIPEDOG,pipedog,0.0024660991538552673,5.23859887,9.48756993,-32.03516851,30445668.318652015,4948276.48302769,12345678912.0,12345678912.0,12345678912.0,2026-08-04,29879889.65,16.5522
487,Ore,ORE,ore-new,62.80368378157407,1.02321353,2.07214351,2.6513632,30259708.746541046,579170.00388742,481814.23325074,481814.23325074,3000000.0,2026-08-04,188448325.9,1.9045
488,MANTRA,MANTRA,mantra-new,0.0054720868827350085,-0.60836665,-4.30561027,-8.45423639,30177498.7474567,12903892.07962275,5514806214.548563,7410081101.69047,10000000000.0,2026-08-04,54672440.45,42.1933
489,Block Street,BSB,block-street,0.12765805238320585,-0.37232676,0.51580039,6.08883489,30165597.778151542,780915056.1770656,236300000.0,1000000000.0,1000000000.0,2026-08-04,128091008.43,2579.9375
490,Dusk,DUSK,dusk,0.06049773080011856,0.89685081,0.16680736,-1.13591508,30067372.166298144,2984082.38223505,496999999.31632507,500000000.0,1000000000.0,2026-08-04,60601982.82,9.8188
491,ChangeNOW Token,NOW,now-token,0.354159152579372,0.01001444,-0.06993696,-0.36511148,30033995.90282071,0.0,84803670.0,199763509.8661694,200000000.0,2026-08-04,70831830.52,
492,Liquity BOLD,BOLD,liquity-v2,1.0019179335506359,0.01391068,0.02720684,-0.1976314,30025147.139775205,4476.58971491,29967671.13786547,29967671.13786547,,2026-08-04,30037251.61,0.1268
493,cat in a dogs world,MEW,mew,0.00033681014467568685,0.62394064,0.64800024,-0.79205517,29937543.057546366,2557579.39564391,88885514675.8513,88885530644.27063,88888888888.0,2026-08-04,29946539.58,8.5719
494,Asteroid Shiba,ASTEROID,asteroid-shiba,7.11305775946829e-05,1.04728307,9.41601009,-5.75200729,29923922.688307147,2583839.77321684,420690000000.0,420690000000.0,420690000000.0,2026-08-04,29888815.57,8.6282
495,HashKey Platform Token,HSK,hashkey-platform-token,0.08668281265710623,0.64457182,4.83161618,-1.96904958,29902103.83434068,1133366.43942789,344960009.0,1000000000.0,1000000000.0,2026-08-04,86592397.46,3.7979
496,Across Protocol,ACX,across-protocol,0.041734437317439234,4.29973506,3.42210933,3.2708296,29895893.573428456,21031409.84166792,716336327.8636106,1000000000.0,1000000000.0,2026-08-04,40623914.03,71.9013
497,DEAPcoin,DEP,deapcoin,0.001000347053598232,0.05100091,1.65582069,4.33786977,29863259.09118329,82496.84484034,29852898535.32895,29852898535.328953,,2026-08-04,29845056.44,0.2763
498,MetYa,MY,metya,0.030254986419193376,-1.43051061,-0.35461324,-1.93190401,29844830.27783224,38009.07684958,986443353.9754975,994243267.9861139,1000000000.0,2026-08-04,30247715.83,0.1275
499,0G,0G,zero-gravity,0.13912685740941302,1.19594638,-0.05257124,-23.33896157,29667967.303159155,7417388.36507517,213243998.0,1000000000.0,,2026-08-04,139996553.36,24.8672
500,MarsCoin,MARSCOIN,marscoin-meme-bsc,0.029232682376737974,-5.31988198,-9.35850989,510.86448613,29232682.376737975,19829100.78091554,1000000000.0,1000000000.0,1000000000.0,2026-08-04,30080725.8,65.7431
501,PlaysOut,PLAY,playsout,0.03397655852342052,-0.22082633,-3.13698722,-6.70692968,29527896.885683827,1634405.99969163,869066738.0373392,3999999999.98607,5000000000.0,2026-08-04,,
502,Collect on Fanable,COLLECT,collect-on-fanable,0.054736931134738036,0.69841468,-0.85537946,3.0489592,29393732.019354325,2017373.0075421,537000000.0,3000000000.0,3000000000.0,2026-08-04,,
503,BankrCoin,BNKR,bankr-coin,0.00029372178634793115,-0.87164848,-7.68245936,-6.25704091,29166573.384349465,3021866.04886514,99299999999.99966,100000000000.0,100000000000.0,2026-08-04,,
504,Terra,LUNA,terra-luna-v2,0.04096967909592839,0.81665263,-0.50997204,0.19559785,29087834.625526525,2781646.60042674,709984438.91686,1186707049.0,,2026-08-04,,
505,Nesa,NES,nesa,0.20482447417420463,-0.77098143,1.50965431,-8.91154805,28982663.095649954,19588532.92074045,141500000.0,1000000000.0,,2026-08-04,,
506,Gensyn,AI,gensyn,0.022187788802689012,-0.43883075,-1.29280732,-2.24943896,28947860.300926182,3129480.10664986,1304675313.0,10000000000.0,10000000000.0,2026-08-04,,
507,Waves,WAVES,waves,0.21515127568697032,0.1473648,-4.24588785,-3.87614281,28849187.042212423,2812288.3176221,134087920.0,134087920.0,,2026-08-04,,
508,Tornado Cash,TORN,torn,5.477571269514117,0.07644327,-1.08370747,-2.63812909,28813467.84024649,64729.44058782,5260263.43109587,9999997.246815,,2026-08-04,,
509,USDK,USDK,usdk,1.003360680061122,0.0,-1.11527871,0.61802661,28696187.691717055,0.0,28600072.0,28600072.0,,2026-08-04,,
510,Fabric Protocol,ROBO,fabric-foundation,0.01281717720387878,-0.08792635,11.6038274,17.1815075,28595122.34185356,15712607.76359713,2231000000.0,10000000000.0,10000000000.0,2026-08-04,,
511,Solayer,LAYER,solayer,0.05997605985305596,0.75777616,-0.29493644,-3.59226854,28517770.19002456,10207637.52824938,475485889.86829704,999998385.2467978,,2026-08-04,,
512,Sahara AI,SAHARA,sahara-ai,0.007969994037685398,-0.2153247,2.99100454,-0.62037498,28496879.72859992,8891063.02145826,3575520834.0,10000000000.0,10000000000.0,2026-08-04,,
513,MYX Finance,MYX,myx-finance,0.08208209322697074,2.17504866,11.20059447,24.4846932,28379973.23553959,9196643.14000717,345751090.4,1000000000.0,1000000000.0,2026-08-04,,
514,Mango,MNGO,mango-markets,0.025336819043556252,0.05398619,-3.37291604,2.28530507,28313058.89750939,1223.56073818,1117466989.397395,1117466989.397395,,2026-08-04,,
515,Bancor,BNT,bancor,0.26676865281926154,0.67089204,1.29434036,-3.24345245,28258352.65729029,2084467.07357899,105928310.38673653,105928310.38673653,,2026-08-04,,
516,Dogelon Mars,ELON,dogelon,2.8292100013193718e-08,0.16992275,-1.88546585,-6.27675781,28252037.072253067,5729905.34969773,998583953085067.2,998583953085067.2,1000000000000000.0,2026-08-04,,
517,Siacoin,SC,siacoin,0.0005040071587693599,0.7951161,-0.12435154,-4.20504144,28237321.881736003,2429141.90127681,56025636522.075195,62217525676.30304,,2026-08-04,,
518,Status,SNT,status,0.005859324326479599,-0.38007314,-2.78495653,-10.43535856,28196799.984082438,1552524.65922443,4812295482.0327635,6804870174.878168,,2026-08-04,,
519,Band,BAND,band-protocol,0.1565271808858253,2.15986375,2.86317156,1.72595737,28195214.435398217,1437902.51273517,180129829.693697,180129829.693697,,2026-08-04,,
520,Kinetiq,KNTQ,kinetiq,0.09892479743381975,0.15118684,7.20768241,-14.2520223,27746050.328243442,166635.00239147,280476190.48,1000000000.0,1000000000.0,2026-08-04,,
521,TerraClassicUSD,USTC,terrausd,0.004990321505359374,0.5722331,1.02205365,-0.47062759,27822176.18866781,839160.38363942,5575227199.046812,6078476762.446462,6078477255.877948,2026-08-04,,
522,Impossible Cloud Network,ICNT,impossible-cloud-network,0.10941694246117536,0.72860963,-17.04165099,-29.35901158,27683157.059117712,25873455.93266764,253006129.0,700000000.0,700000000.0,2026-08-04,,
523,ETHGas,GWEI,eth-gas,0.01575727554188627,-1.08950268,-10.11787747,-16.34380433,27575232.198300973,13220390.49278927,1750000000.0,10000000000.0,10000000000.0,2026-08-04,,
524,Liquity USD,LUSD,liquity-usd,1.006193643051848,0.00234351,0.14860231,0.19228751,27541496.45982179,0.0,27371964.28342234,27371964.28342234,,2026-08-04,,
525,Electronic USD,eUSD,electronic-usd,1.0000869597662887,0.00650623,-0.01376248,-0.08409475,27497101.933642734,75689.35407644,27494711.0,27494711.0,,2026-08-04,,
526,Manta Network,MANTA,manta-network,0.056961590759277723,1.07342102,-2.45550459,-4.57019572,27214724.597723935,2680411.12875648,477773254.4853707,1000000000.0,,2026-08-04,,
527,UNS TOKEN,UNS,uns-token,0.25629096499244447,0.02048708,0.0337548,-0.63450972,27065402.325255103,473.30129226,105604200.0,1000000000.0,1000000000.0,2026-08-04,,
528,Uquid Coin,UQC,uquid-coin,2.6978914276536807,-0.00428806,-0.0097248,-0.0999598,26978914.276536807,39578.50096118,10000000.0,40000000.0,,2026-08-04,,
529,Avantis,AVNT,avantis,0.07991703186247884,0.92689498,-1.27657084,-4.51312996,26758891.69135341,16065912.72634912,334833402.4391708,1000000000.0,1000000000.0,2026-08-04,,
530,COINDEPO,COINDEPO,coindepo,0.10689211463071034,-0.13066514,2.84084099,5.11120319,26757109.711937983,1339062.19234133,250318836.0,1000000000.0,1000000000.0,2026-08-04,,
531,Bless,BLESS,bless,0.013763505758445147,-1.94985064,-33.51392441,59.95463303,26723680.705583006,28701248.43282736,1941633270.9553761,9999966603.955376,10000000000.0,2026-08-04,,
532,Open Campus,EDU,open-campus,0.03299603897134381,-0.31506005,1.25874703,7.89480158,26696086.904747467,2715500.36316876,809069444.0,1000000000.0,1000000000.0,2026-08-04,,
533,deBridge,DBR,debridge,0.013869379087939018,0.14705211,-0.72270786,0.56569472,26694179.21869857,1830380.94116734,1924684519.0,10000000000.0,10000000000.0,2026-08-04,,
534,Swarm Network,TRUTH,swarm-network-ai,0.012779015689237259,-0.01160118,0.03774313,-3.773715,26648149.14554961,2330431.13508628,2085305300.0,10000000000.0,10000000000.0,2026-08-04,,
535,Neiro,NEIRO,neiro,6.255276176936737e-05,0.43470302,2.23311437,5.25840024,26314965.553248677,3563842.82580992,420684312073.5773,420690000000.0,420690000000.0,2026-08-04,,
536,iota,SN9,iota-macrocosmos-ai,6.5596563307828495,0.64831456,-2.1854881,3.28184788,26267054.87366901,591131.45375397,4004334.0,4004334.0,21000000.0,2026-08-04,,
537,Nockchain,NOCK,nockchain,0.011596308576324888,0.42989037,1.95407716,-25.80928485,26214244.827929348,580452.78182387,2260568064.0,4294967296.0,4294967296.0,2026-08-04,,
538,Core,CORE,core-dao,0.02095128495143917,-1.88583929,-2.64446317,18.43387499,26108337.648387436,14329495.89045485,1246144936.1650739,2093769839.0352812,2100000000.0,2026-08-04,,
539,Folks Finance,FOLKS,folks-finance,2.138572095316652,0.11749871,4.72858448,15.50355202,26087172.817502484,1346017.65458865,12198406.999994,50000000.0,50000000.0,2026-08-04,,
540,Catizen,CATI,catizen,0.0383457730480622,0.54995973,4.71420841,10.2033853,25872425.35320325,2835858.42831744,674713881.0,1000000000.0,1000000000.0,2026-08-04,,
541,Locus Chain,LOCUS,locus-chain,0.00459760279631018,-0.12975935,-3.95714225,-15.84517105,25521172.294521,125553.28134289,5550973719.392004,7000000000.0,7000000000.0,2026-08-04,,
542,EthereumPoW,ETHW,ethereum-pow,0.23655758814327776,-0.14827944,0.10005685,2.58494607,25505402.371273797,1574931.10049636,107818999.04993,107818999.04993,,2026-08-04,,
543,Frax (prev. FXS),FRAX,frax-share,0.2722319542348949,0.7731053,4.57611829,6.39409557,25483368.159524683,699775.22504261,93609026.28475569,99681495.59113361,99681495.59113361,2026-08-04,,
544,Alphabet Class A Tokenized Stock (Ondo),GOOGLon,alphabet-class-a-tokenized-stock-ondo,374.0092644521996,0.36993228,3.72326927,14.89218982,25318669.38662387,3727303.76866396,67695.30007153,67695.30007153,,2026-08-04,,
545,SwftCoin,SWFTC,swftcoin,0.0025152670714555566,0.26364646,2.23986424,1.55216688,25152670.714555565,681249.38690408,10000000000.0,10000000000.0,,2026-08-04,,
546,ZORA,ZORA,zora,0.005609127438302521,1.24424223,0.13934467,-7.84451328,25072799.643603142,8898909.58579533,4469999999.0,10000000000.0,10000000000.0,2026-08-04,,
547,WhiteRock,WHITE,whiterock,3.841670793056304e-05,1.4605066,-9.97122899,-7.13240989,24970860.154865976,109.04314761,650000000000.0,1000000000000.0,1000000000000.0,2026-08-04,,
548,Victoria VR,VR,victoria-vr,0.0014805094017151725,0.26449131,-0.02494305,-0.10422922,24872557.9488149,481231.25340674,16800000000.0,16800000000.0,16800000000.0,2026-08-04,,
549,Snek,SNEK,snek,0.0003319753851862234,0.10438705,0.47908399,16.79832828,24798364.05812171,1375089.31066569,74699405934.0,75243418166.0,76715880000.0,2026-08-04,,
550,Vana,VANA,vana,0.8197780241375872,0.20664185,-2.71153958,-31.76774914,24662202.078155175,2771668.07126964,30084000.0,112641600.0,120000000.0,2026-08-04,,
551,Orbs,ORBS,orbs,0.005581038023300562,0.43459487,4.35278229,2.05161268,24455585.878803488,10360886.315823,4381906336.545748,10000000000.0,,2026-08-04,,
552,Capybobo,PYBOBO,capybobo,0.0007647928583220268,0.04316096,-1.42702433,-1.18987162,24294919.799617983,452650.27609806,31766666667.0,100000000000.0,100000000000.0,2026-08-04,,
553,Alchemist AI,ALCH,alchemist-ai,0.02830689450550579,0.9201541,0.18979833,5.30220441,24060860.32967992,3145939.13563192,850000000.0,1000000000.0,1000000000.0,2026-08-04,,
554,ICON,ICX,icon,0.021840237428679795,1.45627661,2.42243864,1.18228096,23963805.020214055,789764.70512641,1097231891.2955437,1108792174.2180953,,2026-08-04,,
555,Hive,HIVE,hive-blockchain,0.04176693201707418,0.88612208,-0.6869409,-4.14666372,23862762.853486776,658579.43335061,571331474.472,571331474.472,,2026-08-04,,
556,Roundhill Memory ETF Tokenized bStocks,DRAMB,roundhill-memory-etf-tokenized-bstocks,50.83693469842526,1.14253934,-1.94896967,1.97689173,23851036.58792857,4520125.53466117,469167.48087621,469167.48087621,,2026-08-04,,
557,Merlin Chain,MERL,merlin-chain,0.01760935579638172,0.97892055,-0.3408365,2.31094693,23817460.92747598,1281176.45444095,1352545840.0,2100000000.0,2100000000.0,2026-08-04,,
558,UNIPOLY,UNP,unipoly,0.10801450806054794,0.03896927,-0.14647335,-2.33610256,23680020.602113925,266841.93871499,219230000.0,1000000000.0,1000000000.0,2026-08-04,,
559,iExec RLC,RLC,rlc,0.27049844436062803,-0.33517092,6.54402007,4.19715664,23533306.498650827,2935182.83260609,86999784.9868455,86999784.9868455,86999784.9868455,2026-08-04,,
560,World Mobile Token,WMTX,world-mobile-token,0.027366953795359996,-2.59795068,-22.08507543,13.58844667,23524967.113025174,6173707.64069266,859612191.0,2000000000.0,2000000000.0,2026-08-04,,
561,Klickl Token,KLK,klickl-token,0.23486191421812416,-0.11851401,-8.31895631,-11.97562257,23486191.421812415,0.0,100000000.0,100000000.0,1000000000.0,2026-08-04,,
562,iShares Silver Trust Tokenized ETF (Ondo),SLVon,ishares-silver-trust-tokenized-etf-ondo,53.0786895045042,1.03318125,1.07782414,2.54007481,23428451.7786876,3184543.50857122,441390.92350235,441390.92350235,,2026-08-04,,
563,BORA,BORA,bora,0.02127794930117524,-0.50537003,6.48497725,5.33429428,23400424.74396747,872031.63127711,1099750000.0,1205750000.0,1205750000.0,2026-08-04,,
564,QANplatform,QANX,qanplatform,0.012853193381101474,2.10605819,7.76273773,6.52307816,23224196.55299478,99413.70880819,1806881439.0626206,2200000000.0,3333333000.0,2026-08-04,,
565,Vanta Network,VANTA,proprietary-trading-network,5.39539193702547,0.59629026,0.64124382,4.8405859,23168271.585902017,498989.201214,4294085.0,4294085.0,21000000.0,2026-08-04,,
566,Railgun,RAIL,railgun,1.4680088744717308,1.20506182,2.27292833,-2.55655183,23153330.450787622,45960.4999014,15771928.12210992,60000000.0,100000000.0,2026-08-04,,
567,Lista DAO,LISTA,lista-dao,0.05259807915767152,1.91670704,1.71772671,9.40674753,23146978.645266484,2799739.88098205,440072698.7744087,795588564.255041,800000000.0,2026-08-04,,
568,Semicon Bull 3X ETF Tokenized bStocks,SOXLB,semicon-bull-3x-etf-tokenized-bstocks,116.35656608503166,1.97701507,-3.65645241,-2.18529972,23093423.54370829,29587379.34300601,198471.16772793,198471.16772793,,2026-08-04,,
569,Isiklar Coin,ISIKC,isiklar-coin,0.23056626882834136,0.22353325,-0.10267937,-0.17627256,23056626.882834136,414995.51020304,100000000.0,100000000.0,100000000.0,2026-08-04,,
570,SKALE,SKL,skale-network,0.0036859365663172625,1.24554683,-0.62528309,-4.46506515,22823851.23566266,5534394.54033309,6192144337.0,6342291667.0,7000000000.0,2026-08-04,,
571,Trusta.AI,TA,trusta-ai,0.06418227926207382,0.77513902,-1.21854788,-1.4535784,22659931.021094944,798377.29482962,353055879.0,1000000000.0,1000000000.0,2026-08-04,,
572,Zeebu,ZBU,zeebu,0.12474589707896648,0.0,-0.62859987,-3.43727938,22398072.046590514,0.0,179549568.932212,271574623.461212,,2026-08-04,,
573,UPCX,UPC,upcx,0.16708094601221082,2.92142749,-1.91743681,-16.55726505,22382828.610209458,5789002.99718465,133963980.6,780000000.0,780000000.0,2026-08-04,,
574,Powerledger,POWR,power-ledger,0.039341594374407776,1.80218676,0.6357753,-1.65551851,22352294.282305636,1936931.63991402,568159339.694837,1000000000.0,,2026-08-04,,
575,Aleo,ALEO,aleo,0.017033512286482453,-0.03801904,1.77255559,-2.96593311,22349308.761696078,705356.20078248,1312078706.129925,2041943320.78061,5000000000.0,2026-08-04,,
576,Osmosis,OSMO,osmosis,0.028486824690317387,0.34882813,5.02772705,5.06838667,22314609.728260156,3145104.87166393,783330889.660189,975494026.386957,1000000000.0,2026-08-04,,
577,Renzo,REZ,renzo,0.002608822098118532,0.49259099,1.11390457,-5.67241826,22314405.610572476,4689598.38893361,8553440890.6860695,9814629224.12962,10000000000.0,2026-08-04,,
578,AIHub,AIH,aihub,18.96067907882999,-10.70823058,-16.4555959,-14.07494799,22183994.522231087,0.0,1170000.0,100000000.0,100000000.0,2026-08-04,,
579,Chia,XCH,chia-network,1.5377383373140943,-0.64102703,-7.62916961,22.75691075,22161463.577066302,1326687.63120259,14411726.0,33191992.0,,2026-08-04,,
580,OpenGradient,OPG,opengradient,0.0897504240308603,0.28302981,0.6591949,-8.96740206,21966410.78074957,10637848.03660279,244749938.71,1000000000.0,1000000000.0,2026-08-04,,
581,WOO,WOO,wootrade,0.01157872614516001,1.19166974,0.67981438,-7.69787005,21869690.5482482,2180510.93604924,1888782088.2947378,1888782088.2947378,1888782088.2947378,2026-08-04,,
582,Everything,EV,everything,0.00021868510062465098,0.01416215,1.42179038,5.4734811,21868510.062465098,254074.65914804,100000000000.0,100000000000.0,100000000000.0,2026-08-04,,
583,Cyber,CYBER,cyberconnect,0.303800458987933,0.56360439,1.28481526,-1.36580304,21860088.711268116,6164378.63532104,71955417.0,100000000.0,100000000.0,2026-08-04,,
584,sUSD,SUSD,susd,0.5008812324175462,0.00421287,-13.50030787,-13.80907607,21838478.975427262,23652.48230701,43600114.28262539,43600114.28262539,142399574.0,2026-08-04,,
585,Worldwide USD,WUSD,worldwide-usd,0.9963042629354092,-0.00548584,0.02648575,1.59767576,21797452.52251813,16.20731092,21878309.0,661842.663364,,2026-08-04,,
586,Infinity Ground,AIN,infinity-ground,0.07020009154903592,0.45017687,-2.24916022,-6.11125672,21759702.40185426,920733.79321739,309966866.4485252,1000000000.0,1000000000.0,2026-08-04,,
587,SLT,SLT,slt-game,2.558696261430642,0.01505701,0.09724328,1.67126151,21748918.22216046,32412.37049969,8500000.0,100000000.0,100000000.0,2026-08-04,,
588,Kyber Network Crystal v2,KNC,kyber-network-crystal-v2,0.10383452184896963,0.48894506,1.25961238,-1.82785745,21723001.341075275,2672797.50297181,209207891.1161359,240999725.27847165,,2026-08-04,,
589,Chainbase,C,chainbase,0.055934167434128476,-0.08124367,7.3637244,-0.12690564,21649186.240893748,9063540.04871099,387047617.4761905,1000000000.0,1000000000.0,2026-08-04,,
590,Invesco QQQ Trust Tokenized bStocks,QQQB,invesco-qqq-trust-tokenized-bstocks,700.7651550075841,0.19790988,1.10139912,3.4356767,21540447.5221672,461351721.78639597,30738.46832743,30738.46832743,,2026-08-04,,
591,MVL,MVL,mvl,0.0007707883255222829,-0.00683577,-0.78744091,-7.4297052,21430196.10665581,45510.88440161,27802958863.102654,30000000000.0,30000000000.0,2026-08-04,,
592,Arkham,ARKM,arkham,0.09505010382573055,0.94520409,2.31484267,-4.74828897,21395778.371171948,57837203.17724214,225100000.0,1000000000.0,1000000000.0,2026-08-04,,
593,Illuvium,ILV,illuvium,2.9109644870471136,0.29069607,2.32319684,4.59712135,21377057.970433813,1535916.84817198,7343634.06546355,9167224.94539923,,2026-08-04,,
594,SATS (Ordinals),SATS,sats-ordinals,1.0162253822707117e-08,1.59590958,-1.15268741,10.63335514,21340733.027684946,8283349.26674048,2100000000000000.0,2100000000000000.0,2100000000000000.0,2026-08-04,,
595,Tokenlon Network Token,LON,tokenlon-network-token,0.17246913814436038,0.00012064,-0.20455002,0.48449895,21294704.186185036,0.99920137,123469650.36933687,140451028.83876702,200000000.0,2026-08-04,,
596,B3 (Base),B3,b3,0.00045684262779110003,0.50711005,1.09701018,-5.56063034,21211926.542349163,3318893.79496583,46431583333.0,100000000000.0,100000000000.0,2026-08-04,,
597,SanDisk Tokenized Stock (Reality),rSNDK,sandisk-tokenized-stock-reality,1292.6570487097968,1.06978974,3.35009616,5.80157981,21212611.321948215,2305018.82162446,16410.08444051,16410.08444051,,2026-08-04,,
598,IOST,IOST,iostoken,0.0006099168457065046,0.91483487,1.36234954,-7.49369786,21201760.679521073,3676925.42122784,34761723387.0,48617354501.0,90000000000.0,2026-08-04,,
599,siren,SIREN,siren-bsc,0.029118978424784243,-3.16123564,-4.79701672,-2.65058191,21081322.970201008,2430463.8007685,723971928.6394303,723971928.6394303,,2026-08-04,,
600,"OpenAI
Pre-IPO stock (Republic)",preOPAI,openai-pre-ipo-stock-republic,717.5745063595218,-0.0716563,1.17738142,3.19024014,20868501.793947615,704305.17117329,29082.0,29082.0,,2026-08-04,,
601,SNC SCANDIC COIN,SNC,scandic-coin,0.16264124116838347,-0.02300914,0.12749409,-1.51555712,20754633.334579505,182083.92854943,127609905.0,1000000000.0,1000000000.0,2026-08-04,,
602,GMT,GMT,green-metaverse-token,0.0066636971065385945,0.86168105,1.34188748,0.70412565,20733428.210838046,2679113.29678317,3111400155.102167,5073850155.102167,,2026-08-04,,
603,Hana Network,HANA,hana-network,0.03070882594597075,1.10110554,0.94402684,2.50415795,20727268.60431489,2603558.90667946,674961284.4457988,1000000000.0,1000000000.0,2026-08-04,,
604,Somnia,SOMI,somnia,0.08520108123869682,1.10674751,2.28087821,-3.41013919,20723962.272475105,2938081.3905276,243235907.0,1000000000.0,1000000000.0,2026-08-04,,
605,Wibx,WBX,wibx,0.0017633574325515598,-1.08694458,-2.70186268,2.79405165,20721718.055016536,12620.31546464,11751286309.0,11751286309.0,12000000000.0,2026-08-04,,
606,IoTeX,IOTX,iotex,0.0021809917224747902,0.11469013,-1.46682501,-8.28028898,20591546.541997656,1125522.07651387,9441368497.553144,9441368502.273277,10000000000.0,2026-08-04,,
607,Micron Tokenized Stock (Reality),rMU,micron-tokenized-stock-reality,826.0318292176536,0.49306077,-1.63629902,-4.80668459,20583392.757001158,778922.84809828,24918.40148157,24918.40148157,,2026-08-04,,
608,Bounce Token,AUCTION,bounce-token,2.9705527447736837,0.99341047,-0.37142527,1.94462146,20557434.382455703,5923177.77222824,6920407.12578625,7641035.64836274,10000000.0,2026-08-04,,
609,RollX,ROLL,rollx,0.13248860654267114,0.10153491,-0.05501674,28.31881809,20535734.014114026,415342.83075281,155000000.0,1000000000.0,1000000000.0,2026-08-04,,
610,OKZOO,AIOT,okzoo,0.0418237987966872,-0.16456812,-10.25297162,-8.48337818,20378645.92186204,614527.88411748,487249999.0,1000000000.0,1000000000.0,2026-08-04,,
611,TokenPocket,TPT,tokenpocket,0.005874552544582703,0.67638713,-0.94294892,7.72903381,20363886.13985754,7497.83190546,3466457400.0,3466457400.0,5900000000.0,2026-08-04,,
612,Steem,STEEM,steem,0.03661806612933816,0.88267352,2.027964,-0.5217692,20303425.88074902,3001141.18829397,554464722.66,554464722.66,,2026-08-04,,
613,Ark of Panda,AOP,ark-of-panda,0.028156126362922952,-0.14390193,-0.52301283,-10.63636727,20300567.10766745,1381922.71843444,721000000.0,2000000000.0,2000000000.0,2026-08-04,,
614,τemplar,SN3,templar,4.80828026711718,0.36206781,-1.85213958,4.09497922,20283600.48326661,524289.42165612,4218473.0,4218473.0,21000000.0,2026-08-04,,
615,Hyperlane,HYPER,hyperlane,0.059767920135195864,0.81496918,-4.14611136,-4.01036625,20211957.65977701,10259752.00563731,338174017.3333334,808000000.0,1000000000.0,2026-08-04,,
616,MetaMask USD,mUSD,metamask-usd,1.0067226637357516,0.01815475,0.43766306,0.64670253,20205467.573222242,3474875.19249381,20070540.081261,20070540.081261,,2026-08-04,,
617,What IF,IF,what-if,0.022409604689314463,-1.83408952,-36.0661459,32.5169626,20470644.94978928,3779224.3754373,913476397.0,1000000000.0,1000000000.0,2026-08-04,,
618,Cartesi,CTSI,cartesi,0.021468699749209046,0.95765025,1.3162163,0.51845139,20004331.970273457,635083.40757544,931790569.7111657,1000000000.0,1000000000.0,2026-08-04,,
619,NaoX Protocol,NAORIS,naoris-protocol,0.033266044375361924,1.14811354,1.11958179,6.9008912,19935009.752379388,762019.85905587,599260000.0,4000000000.0,4000000000.0,2026-08-04,,
620,Ontology Gas,ONG,ontology-gas,0.041763537505837375,0.56877353,0.44470029,-1.10733221,19926353.075740524,311949.16230793,477123210.0,800000000.0,1000000000.0,2026-08-04,,
621,Sapien,SAPIEN,sapien-io,0.07952471704627276,-0.32050454,-0.82617152,-2.42002718,19881179.26156819,2694332.78462817,250000000.0,1000000000.0,1000000000.0,2026-08-04,,
622,Cheelee,CHEEL,cheelee,0.3484951764935514,0.00335858,0.05071102,-1.47533371,19804324.137342095,346327.68833458,56828115.48959432,1000000000.0,1000000000.0,2026-08-04,,
623,Intel Tokenized bStocks,INTCB,intel-tokenized-bstocks,91.2810679884861,0.75643892,-1.24722539,2.86131721,19755227.45753309,6074780.82220111,216421.95794669,216421.95794669,,2026-08-04,,
624,Synapse,SYN,synapse-2,0.08388826395185255,-1.77425222,0.58102188,-41.85345801,19585918.500175517,12397205.68973277,233476264.4678975,247597777.317815,250000000.0,2026-08-04,,
625,Pundi X (New),PUNDIX,pundix-new,0.07574563380603744,0.50878638,0.55890492,0.63049118,19571652.322563518,1102977.03726971,258386541.0999244,258386541.0999244,258526640.0,2026-08-04,,
626,Public Masterpiece Token,PMT,public-masterpiece-token,0.10390266207824085,0.1987636,0.38254621,0.20599087,19298104.136094183,144155.26990263,185732528.4078122,361071410.0,2000000000.0,2026-08-04,,
627,iShares 20+ Year Treasury Bond Tokenized ETF (Ondo),TLTon,ishares-20-year-treasury-bond-tokenized-etf-ondo,85.32971685333092,-0.04808305,0.15961401,-1.50194087,19214901.270669304,1188814.96608846,225184.16771143,225184.16771143,,2026-08-04,,
628,Smooth Love Potion,SLP,smooth-love-potion,0.0005284918329301085,0.34219588,1.4008713,3.45036886,19205382.67583791,1362344.76203477,36339980070.0,36339980070.0,,2026-08-04,,
629,Constellation,DAG,constellation,0.006676792770376218,-0.03779126,-5.36988341,-10.596429,19185418.955672104,573599.91168003,2873448318.0,3003804388.0,,2026-08-04,,
630,wojak (wojakcto.com),WOJAK,wojaknew,6.261117491624103e-08,-3.04412663,0.155171,-2.82435977,19153600.960173864,1038776.63653704,305913456915588.3,305913456915588.3,420690000000000.0,2026-08-04,,
631,Storj,STORJ,storj,0.04500348519537718,0.02132058,-0.22517769,-19.3874434,19126481.11802838,10128051.21234001,424999998.00000113,424999998.00000113,,2026-08-04,,
632,OpenServ,SERV,openserv,0.0246280074785463,1.89942703,-9.00691569,-19.60197633,18963565.75848065,703289.50088759,770000000.0,1000000000.0,1000000000.0,2026-08-04,,
633,Xertra,STRAX,stratis-new,0.00863657347056425,0.33937122,-0.18645553,0.04187014,18936736.181255314,640328.15368498,2192621442.496468,2192621442.496468,,2026-08-04,,
634,Metis,METIS,metisdao,2.4664004670968525,0.59416788,-0.2685972,-2.83933164,18892496.46904586,1092132.52575492,7659946.842,10000000.0,10000000.0,2026-08-04,,
635,龙虾 (Lobster),龙虾,lobster-2,0.018886313404954135,-0.18066857,-4.30592289,11.70551512,18886313.404954135,2440545.03883272,1000000000.0,1000000000.0,1000000000.0,2026-08-04,,
636,Solstice,SLX,solstice,0.07769331776807446,1.57495304,-3.15931842,-15.909421,18868150.31885782,13399671.1242927,242854223.0,1000000000.0,1000000000.0,2026-08-04,,
637,Direxion MU Bull 2X ETF Tokenized bStocks,MUUB,direxion-mu-bull-2x-etf-tokenized-bstocks,23.758063221382596,0.17298594,-3.73890786,-14.51561653,18799777.246046025,2153934.09123799,791300.91838151,791300.91838151,,2026-08-04,,
638,pippin,PIPPIN,pippin,0.01881137539506621,0.62749168,18.37164505,25.11300784,18811304.908842605,7916353.26852226,999996253.0,999996253.0,,2026-08-04,,
639,Metal DAO,MTL,metal,0.20403105880562122,0.1572132,-0.95950285,-0.42835249,18784912.089602977,298783.17280976,92068885.0,92068885.0,,2026-08-04,,
640,WAX,WAXP,wax,0.004071651779291339,1.52163228,6.61807575,10.71800473,18756050.555749904,32671623.69570663,4606496717.411907,4608433461.251633,,2026-08-04,,
641,Freysa,FAI,freysa-ai,0.0022814629171295404,-0.1391845,3.94145156,3.72499051,18684496.852415796,265041.98330591,8189700000.0,8189700000.0,8189700000.0,2026-08-04,,
642,Enso,ENSO,enso,0.906936163501735,-1.14161485,-3.41942312,7.90159052,18673815.606500722,12145584.60748013,20590000.0,100000000.0,127339703.0,2026-08-04,,
643,Ark,ARK,ark,0.09405339956899056,0.22257048,1.77648806,-2.8581283,18647470.742487233,967928.55858606,198264718.0,198264718.0,,2026-08-04,,
644,Ardor,ARDR,ardor,0.018651959560656163,0.43717307,-9.5596085,-6.38367686,18623351.768078867,1948153.97243612,998466231.2566,998466231.2566,998466231.2566,2026-08-04,,
645,Orbler,ORBR,orbler,0.018291437574659102,-0.05127035,-0.08233798,-23.35371721,18576541.63927592,8633.08088277,1015586750.0,2000000000.0,2000000000.0,2026-08-04,,
646,DODO,DODO,dodo,0.018492335418026383,-0.52095407,0.29244456,0.30748017,18492335.418026384,6252524.82276741,1000000000.0,1000000000.0,1000000000.0,2026-08-04,,
647,MicroStrategy Tokenized Stock (Ondo),MSTRon,microstrategy-tokenized-stock-ondo,93.68641175397732,-0.1696512,-0.04077201,-1.30294369,18437497.415433332,1363920.05019586,196800.12362786,196800.12362786,,2026-08-04,,
648,iShares MSCI South Korea ETF Tokenized bStocks,EWYB,ishares-msci-south-korea-etf-tokenized-bstocks,161.49616625471194,1.11282718,-0.5823325,4.20902808,18386149.558825042,6885979.96107041,113848.82988384,113848.82988384,,2026-08-04,,
649,Harmony,ONE,harmony,0.0012242426524409428,0.76943991,1.00069506,-3.88865611,18367174.034073584,1385455.29296163,15002886884.762915,15002886884.762915,,2026-08-04,,
650,Civic,CVC,civic,0.01836445491572212,1.43060245,0.46315663,-0.03649095,18364454.91572212,7516470.38296438,1000000000.0,1000000000.0,,2026-08-04,,
651,Apertum,APTM,apertum,0.1534948383760532,1.07183705,-1.60805229,0.14372719,18335171.20410223,329348.87776903,119451386.10578,119747733.05891,2100000000.0,2026-08-04,,
652,Comtech Gold,CGO,comtech-gold,129.89546401661855,0.00421351,-0.09436541,-0.11921827,18315260.426343214,471990.42770005,141000.0,141000.0,141000.0,2026-08-04,,
653,MAX Exchange Token,MAX,max-exchange-token,0.26443590772500547,-0.03195958,-1.32620164,-0.61195492,18095654.98464304,78901.04908753,68431156.49581613,285000000.0,500000000.0,2026-08-04,,
654,Power Protocol,POWER,powerprotocol,0.08561714117381225,1.15279803,-0.79961396,2.56095602,17979599.646500573,2118644.67488466,210000000.0,1000000000.0,1000000000.0,2026-08-04,,
655,Ergo,ERG,ergo,0.2155947610469565,-0.08910871,1.34981908,6.85278857,17965306.62301989,109348.41041066,83329050.0,83329050.0,97739924.0,2026-08-04,,
656,DOGS,DOGS,dogs,3.4727037528295075e-05,0.44860492,1.18336846,0.10868009,17945196.64274648,2744792.32846135,516750000000.0,545217355809.66595,550000000000.0,2026-08-04,,
657,CARV,CARV,carv,0.027058800615987474,1.07711563,0.36843016,-4.85895256,17936681.361785293,3186101.01820342,662877916.0,1000000000.0,,2026-08-04,,
658,MEET48,IDOL,meet48,0.017090560113975143,-3.34405364,-29.7649952,4.3502467,17883562.10326359,30102113.90208105,1046400000.0,4800000000.0,4800000000.0,2026-08-04,,
659,Brevis,BREV,brevis,0.071535895292383,1.81077075,2.65944316,3.09349131,17883973.82309575,12496110.41197796,250000000.0,1000000000.0,1000000000.0,2026-08-04,,
660,Young,YNG,young,0.6604343864524893,-1.163e-05,-0.24017161,0.54765065,17831728.43421721,9715.82884118,27000000.0,100000000.0,100000000.0,2026-08-04,,
661,Aevo,AEVO,aevo,0.01943076309408228,-0.62288736,2.16866187,5.63704028,17821728.743691072,4094088.23148115,917191396.8277835,1000000000.0,1000000000.0,2026-08-04,,
662,Tria,TRIA,tria,0.008257891658780341,0.21061707,1.17720775,4.51788098,17817805.09540058,4503619.38808093,2157670000.0,10000000000.0,10000000000.0,2026-08-04,,
663,Clearpool,CPOOL,clearpool,0.01817174062003304,-0.06198602,-1.12519072,-2.36162242,17730293.448678493,455605.69327617,975706940.7612014,993627634.645902,1000000000.0,2026-08-04,,
664,IQ,IQ,iq,0.0006541454357018108,0.19806057,-0.15097256,-5.1625595,17708911.49442705,404215.92708058,27071826122.928997,27071826122.928997,60000000000.0,2026-08-04,,
665,Based,BASED,basedone,0.07530164600952191,-0.15048379,-1.88266979,-3.41584194,17695886.81223765,6751938.53744349,235000000.0,1000000000.0,1000000000.0,2026-08-04,,
666,Gigachad,GIGA,gigachad-meme,0.0018993176918087286,-0.01044847,-0.0224014,-3.98174263,17668235.475370236,1682551.43780086,9302411888.0,9603935545.16,10000000000.0,2026-08-04,,
667,Nosana,NOS,nosana,0.2461140418712642,0.10428402,-0.23477715,-1.88936256,17658185.25468907,171323.66586564,71747979.596896,99999720.527749,,2026-08-04,,
668,MiL.k,MLK,milk-alliance,0.031148402026480896,-0.0082909,-0.15332465,-2.21039521,17610532.74723048,1240192.7476004,565375158.9651,986245419.0,986245419.0,2026-08-04,,
669,ChainGPT,CGPT,chaingpt,0.01883827108646545,0.94264637,1.12690345,5.70619295,17576082.499039542,9156747.28355259,932998703.4567763,997766421.9854141,1000000000.0,2026-08-04,,
670,NotInEmploymentEducationTraining,NEET,notinemploymenteducationtraining,0.017577477571921383,1.02265551,8.23007641,-1.56678604,17573364.864029016,1054753.5436718,999766024.0,999766024.0,1000000000.0,2026-08-04,,
671,Phala Network,PHA,phala-network,0.020892436796227914,1.65040283,5.58819038,1.44512119,17560014.999812137,11807696.51639776,840496260.4928192,1000000000.0,,2026-08-04,,
672,Symbol,XYM,symbol,0.002686206937781066,0.61375292,-0.0549009,-0.69771215,17546771.71394996,100539.3857202,6532174222.007045,8549647960.943996,8999999999.0,2026-08-04,,
673,Audius,AUDIO,audius,0.01214705492366408,0.8408494,0.7909093,-2.77765018,17540029.409196526,1894645.28818,1443973829.0,1443973829.0,,2026-08-04,,
674,Liquity,LQTY,liquity,0.18058668233872063,-0.83353019,0.28046106,-8.82268697,17383530.077116832,3569572.75030374,96261417.79664075,100000000.0,100000000.0,2026-08-04,,
675,aixbt,AIXBT,aixbt,0.017386262485748136,0.87927309,-0.40337135,2.32715203,17367396.085256934,4504582.61715912,998914867.3841392,998914867.3841392,1000000000.0,2026-08-04,,
676,Tutorial,TUT,tutorial,0.02081034922747277,-0.46655044,16.29259243,44.980513,17353177.856030606,24777303.86630749,833872496.148302,833872496.148302,1000000000.0,2026-08-04,,
677,RateX,RTX,ratex,0.9858154920940166,0.21227808,-2.28730269,-4.67653673,17249394.186679844,652583.70892291,17497588.87440448,99999988.87440448,100000000.0,2026-08-04,,
678,Yield Guild Games,YGG,yield-guild-games,0.01836514270367055,0.83582586,1.51702527,3.4282293,17177551.568824597,6711900.81486833,935334500.0358427,999716389.322777,1000000000.0,2026-08-04,,
679,iShares Core MSCI EAFE Tokenized ETF (Ondo),IEFAon,ishares-core-msci-eafe-tokenized-etf-ondo,100.5513172244544,-0.12556508,0.302046,1.43125307,17112911.084546,1044131.93153047,170190.81954288,170190.81954288,,2026-08-04,,
680,LCX,LCX,lcx,0.01802526072030328,-7.00627452,-5.65785273,-12.09677545,17110023.763142046,110284.68626266,949224759.0,949224759.0,,2026-08-04,,
681,ArcBlock,ABT,arcblock,0.17351862433980686,-0.16110425,0.35679112,-9.44094498,17101007.502764832,34640.38606589,98554305.44029327,186000000.0,186000000.0,2026-08-04,,
682,Cetus Protocol,CETUS,cetus-protocol,0.017787484480043646,0.32161327,0.55587823,3.32063697,17014115.58728686,1182116.12226628,956521739.0,1000000000.0,1000000000.0,2026-08-04,,
683,Stargate Finance,STG,stargate-finance,0.12006139136508018,0.63032964,2.41545096,-6.40440328,16917252.479906462,10994727.44843978,140905017.73767415,1000000000.0,1000000000.0,2026-08-04,,
684,Oho,OHO,oho,0.0007011357959933427,0.26417034,1.01591961,1.1188249,16914127.29225449,125394.35165096,24123896382.0,45000000000.0,45000000000.0,2026-08-04,,
685,Bonfida,FIDA,bonfida-sns,0.017032338621167938,0.56803618,0.48322475,-5.85109831,16877528.522405185,6118052.89479292,990910813.705268,990910813.705268,,2026-08-04,,
686,Definitive,EDGE,definitive,0.06437447835527596,0.41298954,-0.87452293,-2.18676726,16786503.736291338,1362645.01538359,260763336.11044416,1000000000.0,1000000000.0,2026-08-04,,
687,StrikeX,STRX,strikecoin,0.019222390852878926,0.00087503,-5.511918,-6.59028602,16775015.151992207,0.0,872680993.7630533,880456959.285762,1000000000.0,2026-08-04,,
688,Codatta,XNY,codatta,0.006705941468357821,-2.87881038,1.39151457,8.00292764,16764853.670894552,3183463.03333822,2500000000.0,10000000000.0,10000000000.0,2026-08-04,,
689,STBL,STBL,stbl,0.023938738928530528,0.35499764,-2.49402981,8.08390424,16757117.24997137,1710791.15816732,700000000.0,10000000000.0,10000000000.0,2026-08-04,,
690,Biconomy,BICO,biconomy,0.016735868187765884,-0.73716146,-7.38664388,35.57603965,16739931.842950663,85664061.95137236,1000242811.1370851,1000000000.0,1000000000.0,2026-08-04,,
691,Lisk,LSK,lisk,0.0744137057127031,1.88618882,4.82074566,-0.72017472,16724468.217275571,5318827.62043194,224749836.8357773,400000000.0,400000000.0,2026-08-04,,
692,BounceBit,BB,bouncebit,0.01383927941317932,1.465159,-1.2358873,-15.70140055,16710730.924093906,2716310.90523334,1207485623.0,2100000000.0,2100000000.0,2026-08-04,,
693,Acurast,ACU,acurast,0.07688746056297269,0.27367697,-2.34210191,3.76899414,16684578.942165073,1312939.49806925,217000000.0,1000000000.0,,2026-08-04,,
694,MobileCoin,MOB,mobilecoin,0.08400485842532852,0.27657229,0.81561281,1.62079445,16666540.978258828,6003.7015109,198399727.0,250000000.0,,2026-08-04,,
695,API3,API3,api3,0.19154172612873843,0.27009079,1.83628785,-8.04630398,16553414.841579858,5272062.52646051,86421978.0,177700521.07835844,,2026-08-04,,
696,Flux,FLUX,zel,0.03977204625665011,0.80634544,0.96997161,2.24149269,16542810.473496897,2782398.85589857,415940642.4991484,415940642.4991484,560000000.0,2026-08-04,,
697,Cobak Token,CBK,cobak-token,0.1646117213457748,0.51337368,0.04494381,-0.19175397,16461172.13457748,1525948.6277318,100000000.0,100000000.0,100000000.0,2026-08-04,,
698,dKargo,DKA,dkargo,0.0032766461768823194,0.18841627,-2.35661292,-4.34307454,16383230.884411598,1587887.74339087,5000000000.0,5000000000.0,5000000000.0,2026-08-04,,
699,Marvell Technology Tokenized Stock (Ondo),MRVLon,marvell-technology-tokenized-stock-ondo,196.94521578226687,1.06059869,2.08749188,6.75552797,16336568.65496349,1411739.45924366,82949.81216007,82949.81216007,,2026-08-04,,
700,BitMart Token,BMX,bitmart-token,0.05030932623851141,0.03203064,0.88572128,-13.75783968,16314389.610680087,398180.14548441,324281615.96391135,626297236.4413097,881679315.0,2026-08-04,,
701,Blast,BLAST,blast,0.00024404125529872293,1.31849709,-7.18751216,-3.56700577,16263969.767262673,2272760.51493338,66644345634.73491,100000000000.0,100000000000.0,2026-08-04,,
702,Starpower,STAR,starpower,0.08755469315245697,-1.53706319,-14.69756917,-12.43274245,16299105.59352727,5951640.5723817,186159131.01478195,553159131.014782,1000000000.0,2026-08-04,,
703,Nillion,NIL,nillion,0.034637309210810395,-0.12112616,13.86673747,-7.403446,16257457.632791815,24386261.19039733,469362603.597332,1009963877.740595,,2026-08-04,,
704,Sign,SIGN,sign,0.006801303081560619,0.57649374,0.68032589,-12.47670612,16232443.350123808,4322835.69341564,2386666666.0,10000000000.0,10000000000.0,2026-08-04,,
705,Infinex,INX,infinex,0.008116719817760173,1.39597111,1.55350306,10.42302585,16187174.332559112,1598581.04034765,1994300000.0,10000000000.0,10000000000.0,2026-08-04,,
706,Fulcrom Finance,FUL,fulcrom-finance,0.0009686672287659417,-0.0691302,12.96449536,0.27611064,16182939.274272108,2513.58857763,16706396989.282663,20000000000.0,,2026-08-04,,
707,Pocket Network,POKT,pocket-network,0.006917399454082967,-0.10890614,-0.92333808,-3.19783864,16179906.014416458,219141.63639993,2339015712.742501,2376219848.379468,,2026-08-04,,
708,TENDIES (TendiesRH),TENDIES,tendies-rh,0.016074559547173812,-6.0804759,14.5719773,47.97697775,16074559.547173811,2722528.41871593,1000000000.0,1000000000.0,1000000000.0,2026-08-04,,
709,Tensor,TNSR,tensor,0.03041931338591697,1.21642606,2.57111279,0.34596497,16027300.352963792,5049638.28624026,526879096.5013644,783790891.2389427,,2026-08-04,,
710,Shentu,CTK,shentu,0.09815402961731019,0.6045214,-1.1355984,3.12829221,15925698.5085651,1186992.45245578,162252111.0,162252111.0,,2026-08-04,,
711,Araracoin,ARARA,araracoin,0.00043635765261793545,-0.01647879,-0.0186092,-0.00326784,15817964.90740016,14282.73990894,36250000000.0,100000000000.0,100000000000.0,2026-08-04,,
712,Adshares,ADS,adshares,0.4071683251387409,2.19390699,1.50378991,-0.52623536,15777650.881672947,52599.43539862,38749701.063551,38758206.0,38758206.0,2026-08-04,,
713,EVAA Protocol,EVAA,evaa-protocol,0.8727896780941777,-1.15299356,-1.3107592,-1.99273428,15583081.828325676,2356379.36361917,17854337.9,50000000.0,50000000.0,2026-08-04,,
714,GameBuild,GAME,gamebuild,0.0008054611421951748,0.13293747,0.34076634,-2.08157967,15466274.655670395,221171.95655085,19201763866.0,21419639000.0,21419639400.0,2026-08-04,,
715,OpenEden,EDEN,openeden,0.03915084966249732,0.22806828,-4.47340852,-2.51219914,15464597.34282401,4915949.36040446,395000299.5117008,1000000000.0,1000000000.0,2026-08-04,,
716,WalletConnect Token,WCT,walletconnect-token,0.03558436031266241,0.73417477,0.385629,-4.20576336,15454569.44075424,5438343.43708168,434307918.0,1000000000.0,1000000000.0,2026-08-04,,
717,Intel Tokenized Stock (Ondo),INTCon,intel-tokenized-stock-ondo,91.36238837152322,1.19226691,-1.15462849,2.52444931,15406949.699483266,2087431.04820458,168635.58379003,168635.58379003,,2026-08-04,,
718,Velodrome Finance,VELO,velodrome-finance,0.01679377686216593,2.08216475,2.26872877,-6.29278156,15369706.75342796,1297955.52831323,915202511.0,2559801486.741842,,2026-08-04,,
719,Humidifi,WET,humidifi,0.0667421272587328,0.13927489,-1.34506721,5.91211936,15350689.269508544,1748699.14382234,230000000.0,999999713.031846,1000000000.0,2026-08-04,,
720,Yei Finance,CLO,clovis,0.11884362405982496,-3.73736729,-12.60359899,-1.47024156,15342711.866123402,5235210.69523086,129100000.0,999986862.9799656,1000000000.0,2026-08-04,,
721,Goldgr,GOLDGR,goldgr,130.1169597180391,0.02258331,0.32267376,0.29324901,15310010.861861607,1226.7675926,117663.45367305,10000000000.0,100000000.0,2026-08-04,,
722,Spell Token,SPELL,spell-token,7.811196681741638e-05,0.83653347,1.1112066,-1.48091136,15250759.943605063,1823726.35680022,195242298523.26096,196008739620.0,,2026-08-04,,
723,Tesla Tokenized Stock (Ondo),TSLAon,tesla-tokenized-stock-ondo,322.6595801473065,0.33461361,2.67164675,5.62352747,15232038.89070323,4038561.56722219,47207.76889299,47207.76889299,,2026-08-04,,
724,MediBloc,MED,medibloc,0.0013165960345687187,-0.44306224,1.08308376,-1.02558708,15191645.654915815,48044.1192168,11538577708.0,12328795620.0,,2026-08-04,,
725,Big Time,BIGTIME,big-time,0.0055613304757980795,0.73431053,1.28102421,-7.78539856,15186024.929702275,9360698.79556617,2730646020.0107064,5000000000.0,5000000000.0,2026-08-04,,
726,Bluwhale,BLUAI,bluwhale,0.012281670316049315,-1.18111666,3.5888189,2.93092737,15081891.148108559,3832523.33117878,1228000000.0,10000000000.0,10000000000.0,2026-08-04,,
727,Usual,USUAL,usual,0.00791874797550938,1.21106314,1.97216235,-3.88955224,15056259.474772114,51372853.68537192,1901343434.7623127,1901343434.7623127,3000000000.0,2026-08-04,,
728,NVIDIA Tokenized Stock (Reality),rNVDA,nvidia-tokenized-stock-reality,206.5354287641039,0.30772764,2.43744188,6.31424058,14988639.581564277,594977.25867739,72571.76006681,72571.76006681,,2026-08-04,,
729,TAC Protocol,TAC,tac-protocol,0.0032112282093406646,-0.61434822,-0.47985822,3.95532875,14956413.924282266,1390177.97563086,4657536914.0,10113747326.0,,2026-08-04,,
730,Rujira,RUJI,rujira,0.18585064555349493,-0.11723801,-2.33080474,-5.71270725,14858759.11200192,4583.47937661,79950000.0,100000000.0,100000000.0,2026-08-04,,
731,Abey,ABEY,abeychain,0.014125370000730495,0.14586254,-4.11557316,-7.94642691,14813390.532756878,13095.43976525,1048708142.2993382,1345999408.2983592,1407721663.6971838,2026-08-04,,
732,哈基米,哈基米,hajimi,0.014743807793473042,-0.05951982,-3.02292329,4.10432122,14743807.793473043,1064037.97562469,1000000000.0,1000000000.0,1000000000.0,2026-08-04,,
733,Bifrost,BFC,bifrost,0.010529389879529224,-0.00617764,-5.86620292,-5.39370282,14600458.062346537,1043954.31334876,1386638564.0,2584913482.0,,2026-08-04,,
734,Hermez Network,HEZ,hermez-network,3.0986817676150133,9.671e-05,-0.07307103,-0.15221339,14563804.307790563,0.0,4700000.0,100000000.0,100000000.0,2026-08-04,,
735,Tether Gold Tokens,XAUT0,tether-gold-tokens,4042.7974876181,0.25798503,0.12819957,0.17656129,14521487.616708359,337285.83598028,3591.940398,3591.940398,,2026-08-04,,
736,NYM,NYM,nym,0.017280564052385664,0.03706312,-1.07526446,0.26350285,14503598.047589473,1235804.15865382,839301194.314151,1000000000.0,1000000000.0,2026-08-04,,
737,Moonriver,MOVR,moonriver,1.1604478656920383,1.72392917,1.57320766,-1.20368253,14491942.170667015,1423047.37045449,12488232.0,12592434.0,,2026-08-04,,
738,Mango Network,MGO,mango-network,0.009037467562957407,0.05758674,-0.99628856,-5.47597161,14486726.668406416,633588.69325741,1602963061.0,10000000000.0,10000000000.0,2026-08-04,,
739,Chintai,CHEX,chex-token,0.011547088582483728,0.98120906,-0.65872693,-8.46376251,14421410.878208596,175639.75100195,1248921819.1401987,1248921819.1401987,,2026-08-04,,
740,HeyElsa,ELSA,heyelsa,0.056352465102161325,1.00562089,-0.70839788,18.91314336,14406319.14801931,7963880.36608804,255646654.0,1000000000.0,1000000000.0,2026-08-04,,
741,Zentry,ZENT,zentry,0.0017974415718132683,-0.47928407,0.51010214,-2.57512432,14396809.675665252,1755307.07549531,8009612051.612713,9706992814.355925,10000000000.0,2026-08-04,,
742,Pixels,PIXEL,pixels,0.004126291945600064,0.12477367,2.67982015,-2.2160815,14308322.328888929,5676651.54550967,3467598152.9,5000000000.0,5000000000.0,2026-08-04,,
743,iShares Core US Aggregate Bond Tokenized ETF (Ondo),AGGon,ishares-core-us-aggregate-bond-tokenized-etf-ondo,100.83065741690022,-0.00533143,0.04409645,0.13535026,14284772.459582418,533406.86783961,141670.92455343,141670.92455343,,2026-08-04,,
744,Bulla,BULLA,bulla-mascot,0.014216386144004533,-0.61629846,0.21388836,-0.79160567,14216386.144004533,1496777.36166144,1000000000.0,1000000000.0,1000000000.0,2026-08-04,,
745,Loopring,LRC,loopring,0.010379301625871978,-0.08314901,-0.81018477,-4.46391367,14203108.984391822,2776483.56348302,1368406998.500595,1373873397.4424574,,2026-08-04,,
746,Taiko,TAIKO,taiko,0.06972959857778051,0.92808882,1.42932702,0.58620545,14151216.053839708,3135020.98177979,202944177.83080462,1000000000.0,1000000000.0,2026-08-04,,
747,Alpha Quark Token,AQT,alpha-quark-token,0.5233579450765705,0.00421351,831.4805118,281.22064098,14029238.270669509,6889.1982879,26806201.0,30000000.0,30000000.0,2026-08-04,,
748,Particle Network,PARTI,particle-network,0.024094861683965657,1.2208457,-0.06935647,-5.93302599,14026572.49219782,9309193.83632248,582139572.9999996,1000000000.0,1000000000.0,2026-08-04,,
749,QuarkChain,QKC,quarkchain,0.001931035702733235,0.15312109,-1.63664778,1.02073542,14015667.96670895,886919.55422802,7258109183.0,10000000000.0,,2026-08-04,,
750,Banana Gun,BANANA,banana-gun,3.4916136451874826,0.76325,-0.85286444,-5.88750718,14000437.523596406,5506332.82599179,4009732.73285643,8402893.46593683,10000000.0,2026-08-04,,
751,Atletico De Madrid Fan Token,ATM,atletico-de-madrid-fan-token,1.585890241221235,0.36055682,-3.73539287,-5.12965349,13994225.353706352,5561524.73583832,8824208.0,10000000.0,10000000.0,2026-08-04,,
752,Treasure,MAGIC,magic-token,0.04151947797436437,0.24375326,-0.87138491,3.22973396,13993999.60972909,1778505.15918895,337046617.45433056,347687042.97175324,,2026-08-04,,
753,Tokamak Network,TOKAMAK,tokamak-network,0.3191120090841416,0.10811151,-0.32917313,-8.76538798,13990334.467109976,148712.39320052,43841454.0,105720223.79697862,,2026-08-04,,
754,Strategy Stretch Preferred Tokenized Stock (Ondo),STRCon,strategy-stretch-perferred-tokenized-stock-ondo,95.31661495325966,0.21051984,2.04850167,5.51145764,13940977.724221198,345351.9978531,146259.68128492,146259.68128492,,2026-08-04,,
755,Moonbirds,BIRB,moonbirds,0.04873152512285101,0.57049855,7.05882124,-19.05865532,13888484.660012538,4977751.94850845,285000000.0,1000000000.0,1000000000.0,2026-08-04,,
756,Yooldo,ESPORTS,yooldo,0.017215738491856866,-1.86062531,-5.1787929,-39.56600048,13871590.600085031,5784029.94862818,805750540.7999991,899999019.7999991,900000000.0,2026-08-04,,
757,Adventure Gold,AGLD,adventure-gold,0.14928781632532542,0.82110684,2.44159911,2.60167016,13858388.138767775,6197817.42986055,92830001.0,92830001.0,96000000.0,2026-08-04,,
758,Recall,RECALL,recall-network,0.04204513673822432,-0.02595272,-0.90527869,12.64140653,13851121.379954105,1439317.38031623,329434566.14714,1000000000.0,1000000000.0,2026-08-04,,
759,Faith Tribe,FTRB,faith-tribe,0.00418710366851841,0.28051023,2.86072802,-5.51172303,13825480.860980362,51675.69120638,3301919884.3654265,5000000000.0,5000000000.0,2026-08-04,,
760,DIA,DIA,dia,0.11465441517128296,1.7169345,2.10070381,-8.04332637,13721393.714097638,4674185.15463732,119676104.0,168817248.0,200000000.0,2026-08-04,,
761,Global Commercial Business,GCB,global-commercial-business,0.011369334938994594,0.00421351,-0.34576711,-15.54247109,13664175.466195734,322.96693506,1201844746.3738875,1201844746.3738875,2500000000.0,2026-08-04,,
762,Electroneum,ETN,electroneum,0.0007599192350737618,0.03056435,-1.38691546,5.46848741,13663209.240822991,266609.06564918,17979817604.56,17979817604.56,21000000000.0,2026-08-04,,
763,Namecoin,NMC,namecoin,0.92593850159235,0.18418796,0.6037567,-0.37209382,13645000.134865506,6784.94714565,14736400.0,14736400.0,,2026-08-04,,
764,Solend,SLND,solend,0.1362041144493413,0.0,3.13240534,15.14964254,13620411.44493413,0.0,100000000.0,100000000.0,,2026-08-04,,
765,Braintrust,BTRST,braintrust,0.056393627939930066,-0.00029464,-1.16714093,-4.61477356,13610477.02223535,8784.54131134,241347782.0,250000000.0,250000000.0,2026-08-04,,
766,Gradients,SN56,gradients,3.2482260731195995,0.59629026,-0.70498734,1.67109417,13563094.649127739,83692.11747513,4175539.0,4175539.0,21000000.0,2026-08-04,,
767,Sonic SVM,SONIC,sonic-svm,0.018293399415892617,-0.06138749,3.29957059,-9.82820563,13534668.631266728,1355588.43108865,739866239.3774837,2399996728.1763034,,2026-08-04,,
768,Animecoin,ANIME,anime,0.0024313210893841205,1.30486221,0.89888213,-3.10718496,13466126.305893881,3038567.65399597,5538604656.0,10000000000.0,,2026-08-04,,
769,SoFi Technologies Tokenized Stock (Ondo),SOFIon,sofi-technologies-tokenized-stock-ondo,18.032056101230815,-0.26784334,9.75932686,6.83705014,13405907.689256914,260451.7843599,743448.64578931,743448.64578931,,2026-08-04,,
770,PDD Holdings Tokenized Stock (Ondo),PDDon,pdd-holdings-tokenized-stock-ondo,89.22736629701306,0.01417141,2.05345391,4.62643649,13377666.78296574,640330.51009453,149927.84543741,149927.84543741,,2026-08-04,,
771,Buttcoin,BUTTCOIN,buttcoin,0.01331081882048411,-2.67183147,23.64687372,59.37294774,13310135.17682949,962600.49480786,999948640.0,999948640.0,999948640.0,2026-08-04,,
772,Corn,CORN,use-corn,0.02533197957354611,0.49198029,0.32178036,-2.4410281,13299289.276111707,2804121.09858797,525000000.0,2100000000.0,2100000000.0,2026-08-04,,
773,Radix,XRD,radix-protocol,0.0009781447256019462,0.05690814,-1.11975218,-0.65463184,13206292.678432412,145698.06039102,13501368798.26788,13501368811.808094,24000000000.0,2026-08-04,,
774,DeBox,BOX,debox,0.025970071342788708,-0.02294098,-0.56200732,-8.70463093,13198311.854186688,9909.40382549,508212383.4,1000000000.0,1000000000.0,2026-08-04,,
775,Goatseus Maximus,GOAT,goatseus-maximus,0.013162127377912659,1.12339262,-0.44187361,4.90179989,13161851.798046647,2391884.01654314,999979062.66532,999979062.66532,1000000000.0,2026-08-04,,
776,AEON,AEON,aeon-xyz,0.07017320324569344,2.83282963,2.69951191,-24.35780264,13192562.210190367,58285466.15491261,188000000.0,1000000000.0,1000000000.0,2026-08-04,,
777,Fluent,BLEND,fluent,0.06565061616689927,-0.97531604,-0.84477752,-4.1413284,13130123.233379854,8880966.15542078,200000000.0,1000000000.0,1000000000.0,2026-08-04,,
778,Mey Network,MEY,mey-network,0.04601087598771831,0.12153162,1.99156051,-2.04801834,13081319.163650436,364329.41717083,284309283.03,2300000000.0,2300000000.0,2026-08-04,,
779,zkPass,ZKP,zkpass,0.04524207235977988,-0.49961804,-1.42945361,4.16627408,13044797.515322508,7547027.33799086,288333333.0,1000000000.0,1000000000.0,2026-08-04,,
780,CZ's Dog,BROCCOLI,broccoli-714,0.013442285235803644,-0.13055401,-0.14090447,7.5223623,12997813.978720848,6373874.33559241,966934844.091915,966934844.091915,1000000000.0,2026-08-04,,
781,saffron.finance,SFI,saffron-finance,130.3212197882324,0.25275107,1.04084865,25.04162938,12941025.879319692,15988.44415364,99300.98797685,100000.0,100000.0,2026-08-04,,
782,RIZE,RIZE,rize,0.0065590827805593966,-2.38422833,-5.7651465,-8.92641714,12923431.457483115,246187.73568709,1970310772.0773313,4943996877.940346,5000000000.0,2026-08-04,,
783,Celer Network,CELR,celer-network,0.0016537906806313777,0.66699648,-0.36266373,6.17719699,12911845.227878803,2067937.31275612,7807424106.9912,10000000000.0,10000000000.0,2026-08-04,,
784,Lumia,LUMIA,lumia,0.07390923042639046,0.08178772,0.22175546,4.75650578,12836323.30059772,2016022.31647648,173676863.1812774,238888888.0,238888888.0,2026-08-04,,
785,Lucidum Coin,LUCIC,lucidum-coin,0.07795350348037304,1.10609457,1.17367294,4.81123825,12792590.480280492,21544.06123872,164105395.0,210000000.0,210000000.0,2026-08-04,,
786,Mubarak,MUBARAK,mubarak,0.01277617756925604,-0.26596016,-3.79983926,20.66555409,12776177.56925604,12440104.61011771,1000000000.0,1000000000.0,1000000000.0,2026-08-04,,
787,ROGin AI,ROG,rogin-ai,0.19060258812866893,7.43695911,6.54832648,-6.17028423,12768443.288478417,27910.1150952,66989873.61,200000000.0,,2026-08-04,,
788,SynFutures,F,synfutures,0.002837375062038724,1.57667188,0.93513174,-4.87443954,12723916.695597652,2105264.99564785,4484397169.0,10000000000.0,10000000000.0,2026-08-04,,
789,Chromia,CHR,chromia,0.013038616252716743,1.08897251,0.52369147,6.50667295,12710459.25551719,1114038.48517676,974831915.3782,974831915.3782,978064789.0,2026-08-04,,
790,ARPA,ARPA,arpa-chain,0.008322721066644646,0.29621785,-1.22699196,3.49467617,12647095.394992508,4754815.31453301,1519586598.3877385,1999999999.9877386,,2026-08-04,,
791,Xai,XAI,xai-games,0.006057016139576437,1.04321337,0.78027355,-6.67944663,12645043.328160273,4378838.27114821,2087668752.5294478,2212992321.4900703,2500000000.0,2026-08-04,,
792,Mira,MIRA,mira-network,0.04075258571678147,0.56529707,-1.7967843,5.08898294,12633630.798486382,177845956.2908984,310008078.66,1000000000.0,1000000000.0,2026-08-04,,
793,Coin98,C98,coin98,0.012541423727759014,0.56089308,6.25055747,7.25553286,12541409.41799454,9952660.56969527,999998859.0,1000000000.0,,2026-08-04,,
794,IBS,IBS,ibs,25.13243840266922,0.55053095,0.28932059,0.63243763,12532318.242335524,1615506.41680901,498651.10744704,929846.12359697,871020.0,2026-08-04,,
795,AO,AO,ao,1.7333858154712731,-4.02703256,-3.41611987,-9.7933604,12527297.636943322,305223.5664794,7227068.27593221,7227068.27593221,21000000.0,2026-08-04,,
796,AVA (Travala),AVA,ava,0.17093110024001198,-0.38831089,-2.29764039,9.89387498,12525654.45376153,11858951.27123591,73278967.0,73278967.0,100000000.0,2026-08-04,,
797,Tesla Tokenized bStocks,TSLAB,tesla-tokenized-bstocks,323.0496145149231,0.47884827,2.98579419,5.82313949,12518341.184877003,6054263.97838519,38750.52197067,38750.52197067,,2026-08-04,,
798,TEXITcoin,TXC,texitcoin,0.1983725730323543,-1.32791995,0.98071029,16.40125773,12488571.91717665,79894.34291275,62955134.0,69218556.0,353396296.0,2026-08-04,,
799,Eesee,ESE,eesee,0.009133766872586277,-0.25523422,1.82900605,12.93916262,12481610.635911962,353737.89927914,1366534838.2575617,1369572628.2641776,1369572628.2641776,2026-08-04,,
800,Newton Protocol,NEWT,newton-protocol,0.039788344094152425,1.6502086,0.56094972,-3.15320832,12445803.5534593,3455590.6264165,312800239.28636986,1000000000.0,1000000000.0,2026-08-04,,
801,MovieBloc,MBL,moviebloc,0.000637179391840878,0.34684181,-1.00051615,-6.48052641,12442767.298953777,1707107.72553221,19527887214.0,30000000000.0,30000000000.0,2026-08-04,,
802,iShares Core S&P Total US Stock Market Tokenized ETF (Ondo),ITOTon,ishares-core-sp-total-us-stock-market-tokenized-etf-ondo,164.51291476663081,-0.29670222,-1.07537828,1.7694877,12421342.60630212,650315.14440426,75503.75375649,75503.75375649,,2026-08-04,,
803,USD CoinVertible,USDCV,usd-coinvertible,0.9996918793148741,0.01659271,0.02759308,0.01265551,12418613.388968144,17661817.59247329,12422441.0,12422441.0,,2026-08-04,,
804,Firo,FIRO,firo,0.652709357329861,-0.05342127,-0.24469703,-3.79238226,12323279.667957192,204699.45139857,18880194.57599005,18880194.57599005,21400000.0,2026-08-04,,
805,FLock.io,FLOCK,flock-io,0.02811419964898191,0.94745038,0.86036647,-1.758779,12221785.316063775,1188768.52808338,434719304.431857,435194825.201857,1000000000.0,2026-08-04,,
806,tokenbot,CLANKER,tokenbot-2,12.356176683756209,1.55947536,-2.39452907,-2.86947457,12186616.041696977,2374472.27822336,986277.25659814,1000000.0,1000000.0,2026-08-04,,
807,Radworks,RAD,radworks,0.20593619066550536,0.50772504,1.38199113,-0.05221483,12165882.053580409,3694108.8478908,59075978.89552598,99998580.0,99999620.0,2026-08-04,,
808,SaucerSwap,SAUCE,saucerswap,0.013255591622099569,-0.14810349,1.38713152,2.87169952,12153168.03081672,29009.75589176,916833316.63259,917033278.369442,1000000000.0,2026-08-04,,
809,Superform,UP,superform,0.06293197003407923,0.25849748,-0.83636526,-3.62271908,12075179.678617561,1727352.82915151,191876715.0,1000000000.0,1000000000.0,2026-08-04,,
810,USDB,USDB,usdb,0.999553985948835,0.01810523,0.25210983,0.49297991,11998072.85137672,413.38619842,12003426.54827938,12003426.54827938,,2026-08-04,,
811,DeAgentAI,AIA,deagentai,0.06338309774756162,0.0641785,-1.20823243,3.16277992,11976331.394048389,2023379.99677893,188951500.0,1000000000.0,1000000000.0,2026-08-04,,
812,OG Fan Token,OG,og-fan-token,2.517456564214849,0.6658523,-0.1779239,4.20748339,11975027.314830936,2031984.42106512,4756796.0,5000000.0,5000000.0,2026-08-04,,
813,Aurora,AURORA,aurora-near,0.01643642076390142,0.13693757,1.47940327,-1.5419256,11925475.459754247,229686.67657283,725551848.0,999739990.0,1000000000.0,2026-08-04,,
814,iShares Gold Trust Tokenized ETF (Ondo),IAUon,ishares-gold-trust-tokenized-etf-ondo,75.53583231784347,0.02985156,-0.09588163,-0.76552659,11913101.126947967,1002187.89011507,157714.56752895,157714.56752895,,2026-08-04,,
815,Mind Network,FHE,mind-network,0.022922583768036863,-1.56659479,-4.9912696,18.35516725,11856004.656192426,6190835.90827744,517219384.0,1000000000.0,1000000000.0,2026-08-04,,
816,Metadium,META,metadium,0.006802160831883193,0.04423598,-2.92122908,-10.01784006,11846702.619650222,392919.17165797,1741608720.0,2000000000.0,2000000000.0,2026-08-04,,
817,XSGD,XSGD,xsgd,0.7794087886673051,-0.005857,-0.27202065,0.68776229,11837821.606475702,413301.11894452,15188206.469569,83617320.371568,,2026-08-04,,
818,Strategy Tokenized bStocks,MSTRB,strategy-tokenized-bstocks,93.54052334964274,-0.22998535,-0.37535242,-1.52615496,11815711.667636864,5152901.30720648,126316.50160296,126316.50160296,,2026-08-04,,
819,KAIO,KAIO,kaio,0.017322951224022432,0.10692434,-5.06438167,27.80261309,11801260.521365281,1391424.20320127,681250000.0,10000000000.0,10000000000.0,2026-08-04,,
820,Bitcoin Diamond,BCD,bitcoin-diamond,0.06321034397945764,0.0,0.0,0.0,11788280.229335021,0.0,186492897.953,189492897.953,210000000.0,2026-08-04,,
821,Secret,SCRT,secret,0.03248499509180141,0.35184273,3.97413132,-8.01899011,11776872.992986346,8236990.61280147,362532700.396147,362606336.3541,,2026-08-04,,
822,EGL1,EGL1,egl1,0.011764380893660532,-0.21951366,0.52389897,1.40547925,11764380.893660532,1019235.46139451,1000000000.0,1000000000.0,1000000000.0,2026-08-04,,
823,Gains Network,GNS,gains-network,0.4975760482286633,0.20030784,0.71565387,1.95336876,11642454.683044365,329930.54484737,23398342.27248419,23398342.27248419,,2026-08-04,,
824,Wirex Token,WXT,wirex-token,0.0011618353948855764,1.0368641,-2.40734081,-4.19822059,11618353.948855763,326831.84562322,10000000000.0,10000000000.0,10000000000.0,2026-08-04,,
825,Boundless,ZKC,boundless,0.03723176068012827,-0.03603053,-0.78765933,-0.35843502,11607320.877768384,3857973.25982055,311758581.0,1062468934.0,,2026-08-04,,
826,Orchid,OXT,orchid,0.011535026543562749,-0.27979256,-3.64789524,-9.73203664,11502897.27775609,3643146.62277657,997214634.4279902,1000000000.0,,2026-08-04,,
827,MyNeighborAlice,ALICE,myneighboralice,0.11553030983535437,0.71825231,0.18952949,-0.43190772,11491149.912135072,3807673.92841167,99464373.708609,99464373.708609,99464373.708609,2026-08-04,,
828,Freedom Dollar,FUSD,freedom-dollar,0.9989395486669914,0.01270643,0.00820508,0.03311915,11487804.809670402,169305.83469513,11500000.0,11500000.0,,2026-08-04,,
829,KONET,KONET,konet,0.02482866184503007,9.04786653,19.11797088,4.45015366,11487433.594598325,1205110.94733476,462668252.77568287,999997956.2,1000000000.0,2026-08-04,,
830,Ridges AI,SN62,ridges-ai,2.6174660221938724,1.23523085,-5.84589731,16.24218184,11444935.618693262,552525.36285899,4372525.0,4372525.0,21000000.0,2026-08-04,,
831,Decentralized Social,DESO,deso,1.287713020077953,-0.00548584,3.47844312,1.90047473,11440732.684551297,2172.20129534,8884536.0,10808492.0,10808492.0,2026-08-04,,
832,Alien Worlds,TLM,alien-worlds,0.0016350274106404874,0.74598935,-0.45619314,-1.32325395,11429543.707016377,7916624.40256547,6990429415.8219,7054991430.5569,10000000000.0,2026-08-04,,
833,Metaplex,MPLX,metaplex,0.024358579204180678,-0.04827707,5.19193164,4.63950418,11424992.996289428,1594946.02071498,469033637.0,999982241.0,1000000000.0,2026-08-04,,
834,GYEN,GYEN,gyen,0.005417870873811446,0.3696111,-0.82956084,-2.10824342,11370923.545624424,26.50448319,2098780833.0,2098780833.0,,2026-08-04,,
835,Amazon Tokenized Stock (Ondo),AMZNon,amazon-tokenized-stock-ondo,280.3640088421353,-0.04774492,1.61281175,21.53870269,11367210.47053279,2372362.73651002,40544.47115904,40544.47115904,,2026-08-04,,
836,iShares MSCI EAFE Tokenized ETF (Ondo),EFAon,ishares-msci-eafe-tokenized-etf-ondo,107.45005984266786,0.17105757,-0.32925597,2.08819631,11226087.96640702,506499.26726361,104477.26118389,104477.26118389,,2026-08-04,,
837,INFINIT,IN,infinit,0.03252567201962925,0.74144378,1.40499294,-11.45111539,11223590.807503415,2681376.24858923,345068683.0,1000000000.0,1000000000.0,2026-08-04,,
838,Hashflow,HFT,hashflow,0.0129922473969372,47.08600645,49.51003941,36.06129178,11201512.121218186,50065050.17119817,862168936.5197,997353568.2839,,2026-08-04,,
839,JOE,JOE,joe,0.024487219628662904,1.2887394,1.66694795,-3.30188309,11195107.645155031,4666273.63755902,457181657.0,464573155.0,500000000.0,2026-08-04,,
840,OVERTAKE,TAKE,overtake,0.03362399263000566,-4.26406893,-13.41019462,59.20487895,11182429.310147485,2553228.83979751,332572917.0,1000000000.0,1000000000.0,2026-08-04,,
841,Felysyum,FELY,felysyum,0.25417509400490584,-1.23301719,1.09920715,-1.84151537,11124542.59551037,168438.96338488,43767241.0,500000000.0,500000000.0,2026-08-04,,
842,iShares TIPS Bond Tokenized ETF (Ondo),TIPon,ishares-tips-bond-tokenized-etf-ondo,110.9151654841312,-0.11662785,-0.25589646,-0.06184466,11110606.983264744,600978.95700662,100172.11744461,100172.11744461,,2026-08-04,,
843,Hamster Kombat,HMSTR,hamster-kombat,0.00017203799493632595,-0.2156299,2.13369908,-0.00030513,11074945.924025983,8828042.20295065,64375000000.0,100000000000.0,100000000000.0,2026-08-04,,
844,Gods Unchained,GODS,gods-unchained,0.02483494356454711,0.24511413,5.06265412,19.60386976,10948933.101475693,489745.12181428,440868048.402,500000000.0,500000000.0,2026-08-04,,
845,Microsoft Tokenized Stock (Ondo),MSFTon,microsoft-tokenized-stock-ondo,487.4922807757442,0.2762265,3.53069675,24.86474652,10938556.415349217,2864597.43996983,22438.41973855,22438.41973855,,2026-08-04,,
846,Citrea,CTR,citrea,0.007260860244494791,0.49896156,-0.83680532,1.12323593,10891290.366742186,6757247.80729244,1500000000.0,10000000000.0,10000000000.0,2026-08-04,,
847,Osaka Protocol,OSAK,osaka-protocol,1.4505859086706914e-08,0.35966246,-1.70614499,-0.47364513,10892010.621043611,57783.354536,750869738630302.0,761459789745212.0,1000000000000000.0,2026-08-04,,
848,Orderly,ORDER,orderly-network,0.027687653551324777,0.94806253,-0.2816903,-5.72179053,10882214.714667687,2720658.13100063,393034920.58275205,994601729.7824053,1000000000.0,2026-08-04,,
849,DIAM,DIAM,diam,0.005292023657330637,-0.03836091,-0.67773117,-7.80047676,10879648.530806297,303527.73015705,2055857878.8164618,5401462494.44995,10000000000.0,2026-08-04,,
850,Nebius Tokenized bStocks,NBISB,nebius-tokenized-bstocks,214.91646708447647,0.42505266,8.80852956,18.36163346,10812164.589746416,4281316.9103487,50308.68381759,0.0,,2026-08-04,,
851,Circle Tokenized Stock (Reality),rCRCL,circle-tokenized-stock-reality,60.16749153306881,0.36868728,-2.89847216,-4.69968807,10751781.651262397,546916.37299894,178697.52215535,178697.52215535,,2026-08-04,,
852,Defigram,DFG,defigram,1.07442165052532,0.1922936,0.50035725,-18.84854498,10744216.5052532,0.0,10000000.0,1000000000.0,1000000000.0,2026-08-04,,
853,Micron Technology tokenized stock (xStock),MUx,micron-technology-tokenized-stock-xstock,826.2778596067313,0.18104,-1.77045006,-4.84179107,10675935.271077273,8239412.61242973,12920.5147481,190534.89754903,,2026-08-04,,
854,StablR USD,USDR,stablr-usd,0.49843503626064645,21.19434176,42.9146074,113.17384485,10641872.0957218,669.35361747,21350569.926944,21350569.926944,,2026-08-04,,
855,MetaMUI,MMUI,metamui,0.022277416788873537,0.00641121,0.02716983,5.69463664,10609541.57424551,567062.03143266,476246491.0,800000000.0,800000000.0,2026-08-04,,
856,Test,TST,test-token-bsc,0.011253441394083734,-0.59228755,-0.29538911,5.64793342,10570816.914658278,5003462.52318583,939340824.2402781,939340824.2402781,,2026-08-04,,
857,Simon's Cat,CAT,simonscat,1.3916896649263435e-06,0.50688137,0.96793475,7.01246191,10530487.770022811,1229218.69400883,7566692514440.816,8098237710343.852,9000000000000.0,2026-08-04,,
858,GPU,GPU,gpu-gpuonbsc,0.010607312671309158,-6.9860603,-53.37115246,-60.6698603,10607312.671309158,7462650.07165512,1000000000.0,1000000000.0,1000000000.0,2026-08-04,,
859,Hippo Protocol,HP,hippo-protocol-ai,0.0073572352118622016,0.03313393,-1.56195906,-12.51248411,10455762.732015943,73953.08396115,1421153793.6367633,1421154773.9426603,,2026-08-04,,
860,Autonomi,ANT,autonomi,0.030528503634037897,0.16011264,0.54744854,-37.46267107,10427705.824989924,337547.68011335,341572779.0,1200000000.0,1200000000.0,2026-08-04,,
861,Alphabet Tokenized bStocks,GOOGLB,alphabet-tokenized-bstocks,373.49065113556026,0.24902168,3.62413764,15.20369455,10359441.837645745,3566033.56040723,27736.81698899,27736.81698899,,2026-08-04,,
862,Origin Protocol,OGN,origin-protocol,0.015251577126620754,-0.10772233,1.55130099,-2.15985543,10351628.637467543,4116598.6869224,678725128.0,1409664846.0,1409664846.0,2026-08-04,,
863,Katana,KAT,katana-network,0.004406709580027179,0.13652699,2.89012202,-0.6909444,10320513.836423654,3588192.42574033,2342000000.0,10000000000.0,10000000000.0,2026-08-04,,
864,Initia,INIT,initia,0.050135145556427854,0.24593528,0.22116161,0.89702409,10249623.879931863,1200166.48558469,204439894.732045,1000000000.0,1000000000.0,2026-08-04,,
865,Sleepless AI,AI,sleepless-ai,0.017349208500329717,-0.3913558,-0.5621528,-5.74384176,10243623.264940249,3194899.93881939,590437498.33,1000000000.0,1000000000.0,2026-08-04,,
866,Space and Time,SXT,space-and-time,0.007281252949960031,1.37526352,3.92137959,11.04798576,10193754.129944043,42043966.5812435,1400000000.0,5000000000.0,5000000000.0,2026-08-04,,
867,YieldBasis,YB,yieldbasis,0.06669177398920445,0.87297769,2.04559158,0.49213378,10189157.139893565,3278103.42098262,152779818.71561712,745090632.5824045,1000000000.0,2026-08-04,,
868,Pythia,PYTHIA,pythia,0.010181534745579682,0.03390356,-1.05300843,-34.87876278,10162780.783555534,52319.39692358,998158041.739995,998158041.739995,1000000000.0,2026-08-04,,
869,Wanchain,WAN,wanchain,0.05102662440769236,-0.09260896,-0.21087586,-0.58681322,10154429.999538189,1249262.1643852,199002581.83661842,199002581.83661842,210000000.0,2026-08-04,,
870,Solv Protocol,SOLV,solv-protocol,0.002378206723991283,1.49063949,2.63029071,1.10532144,10118195.837187394,3215992.50364514,4254548494.508622,9660000000.0,9660000000.0,2026-08-04,,
871,QIE Blockchain,QIE,qi-blockchain,0.11976563864704279,0.01849834,19.92796281,20.05081891,10104518.305216746,62448.25526361,84369093.0,84369093.0,150000565.0,2026-08-04,,
872,IXS,IXS,ix-swap,0.05608654007582038,0.15867543,0.61240784,3.06587004,10095577.21364767,56985.81434226,180000000.0,180000000.0,180000000.0,2026-08-04,,
873,Bone ShibaSwap,BONE,bone-shibaswap,0.04388371475377556,-0.7198262,0.94021032,-6.94736525,10089890.7339668,1221481.81929358,229923350.6228802,249999401.82484713,250000000.0,2026-08-04,,
874,AI Companions,AIC,ai-companions,0.013450166574757475,-0.43194296,-2.97257201,4.49275187,10087620.896018134,928418.21506783,749999700.0,1000000000.0,1000000000.0,2026-08-04,,
875,TG Casino,TGC,tg-casino,0.130757887871922,0.01702173,0.76348081,4.8481886,10022591.974602988,7947.04440292,76649998.99983217,76649998.99983217,100000000.0,2026-08-04,,
876,Decentrawood,DEOD,decentrawood,0.017584113024299262,0.37934176,1.20743808,2.69358507,9982520.527797699,314052.24281844,567701112.5896984,1890000000.0,1890000000.0,2026-08-04,,
877,Caldera,ERA,caldera,0.06711449661505843,0.95132636,5.54665452,-13.22207559,9966502.747336177,25266571.70586406,148500000.0,1000000000.0,1000000000.0,2026-08-04,,
878,Hunt Town,HUNT,hunt,0.07852598310224669,0.01109897,2.83607693,-0.49192457,9907440.950677702,198186.72246684,126167678.0,198912688.0,198912688.0,2026-08-04,,
879,Wayfinder,PROMPT,wayfinder,0.02031657867159331,1.12378111,1.28650737,1.87435065,9900364.762185065,4835719.57404427,487304724.0,1000000000.0,1000000000.0,2026-08-04,,
880,USDH,USDH,hyperliquid-usd,0.9929059132778565,-0.00725169,0.8757037,0.78831113,9899967.96100945,22812.48970985,9970700.978431,10511369.46,,2026-08-04,,
881,Ponke,PONKE,ponke,0.01780777878328206,0.23752766,-0.57372249,-4.18093693,9893008.680937653,1495147.55276185,555544226.0,555544226.0,555555555.0,2026-08-04,,
882,SuperRare,RARE,superrare,0.01198427585655742,0.34076247,0.02281514,0.56227704,9892755.573801743,7576775.09277658,825477958.9697726,1000000000.0,1000000000.0,2026-08-04,,
883,ColossusXT,COLX,colossusxt,0.0007720673080000002,0.0,0.0,0.0,9830236.551021257,0.0,12732356945.0,17008965793.69056,,2026-08-04,,
884,Doodles,DOOD,doodles,0.0012591035451773622,0.85827642,-1.44657929,-10.45727181,9821007.652383424,7415736.51552914,7800000000.0,10000000000.0,10000000000.0,2026-08-04,,
885,SideShift Token,XAI,sideshift-token,0.06805440193927535,0.0,1029.41268355,-0.55650392,9820232.369584125,0.0,144299738.0,210000000.0,210000000.0,2026-08-04,,
886,AriaAI,ARIA,aria-ai,0.027344780656565485,1.2057401,2.24588438,6.36650953,9819814.572568454,627881.48495484,359111111.4,1000000000.0,1000000000.0,2026-08-04,,
887,Augur,REP,augur,0.889576039612148,0.0,-1.87925194,26.34856768,9785336.435733628,0.0,11000000.0,11000000.0,,2026-08-04,,
888,Ninja Squad Token,NST,ninja-squad-token,1.1295419028794293,0.61445716,3.8327767,3.75902074,9726795.305879174,286971.85789714,8611274.43,8611274.43,10000000.0,2026-08-04,,
889,Apple tokenized stock (xStock),AAPLX,apple-tokenized-stock-xstock,305.10521035574067,0.0594198,-1.27220489,-9.80579186,9683636.06747732,9185561.75289854,31738.67813069,637248.12100649,,2026-08-04,,
890,APX,APX,apollox,0.21872807222432186,0.23962745,0.00713216,-0.07910557,9660372.183522383,236.24138181,44166128.67878685,3975255603.427746,,2026-08-04,,
891,XION,XION,xion,0.1040266207666269,0.59321513,-2.41195901,-7.67054143,9640766.737049842,194701.74381051,92675958.0,200000000.0,200000000.0,2026-08-04,,
892,Opinion,OPN,opinion,0.05350253499105664,0.62601656,9.35839673,-0.47728592,9644605.239841662,9024493.46639263,180264453.66474378,1000000000.0,1000000000.0,2026-08-04,,
893,Meta Platforms Tokenized Stock (Ondo),METAon,meta-platforms-tokenized-stock-ondo,589.9340356821493,-0.07148122,4.76765802,-1.04019325,9634519.10020081,2573496.16151852,16331.51931819,16331.51931819,,2026-08-04,,
894,Hegic,HEGIC,hegic,0.013676913749424062,-0.0001806,2.2246743,-0.31302074,9624818.258062474,2.40149063,703727349.1958504,3012009888.0,3012009888.0,2026-08-04,,
895,iShares Core MSCI Emerging Markets Tokenized ETF (Ondo),IEMGon,ishares-core-msci-emerging-markets-tokenized-etf-ondo,79.37796817720046,1.52838696,-1.30310325,1.42302256,9588041.60752797,893142.52960731,120789.70812309,120789.70812309,,2026-08-04,,
896,Just a chill guy,CHILLGUY,just-a-chill-guy,0.00958253980991394,3.40367096,1.6378924,-2.24707098,9581979.69039577,4462636.69991837,999941547.905954,999941547.905954,1000000000.0,2026-08-04,,
897,USDM,USDM,usdm,0.99598840463471,-0.44215156,-0.3880065,0.05521258,9570958.024330512,116647.81537082,9609507.48,9609507.48,,2026-08-04,,
898,Ellipsis,EPS,ellipsis,0.013204974202310659,0.0,0.87131653,3.87187212,9556460.585787885,0.0,723701571.7997887,723701571.7997887,1000000000.0,2026-08-04,,
899,Dolomite,DOLO,dolomite,0.02163054112403116,0.32297597,0.89794442,0.53838921,9552522.118469032,2845498.60493687,441621967.0,998851995.6451048,1000000000.0,2026-08-04,,
900,Maverick Protocol,MAV,maverick-protocol,0.008132540561476213,2.67926969,2.57494129,-7.49661853,9537173.309693431,1025618.58152795,1172717582.8511639,2000000000.0,2000000000.0,2026-08-04,,
901,AITECH Cloud Network,ACN,solidus-ai-tech,0.005313775938542996,-0.0712554,0.22922056,-1.30073136,9480632.307723077,1476754.02959673,1784161097.0,1986052500.0,2000000000.0,2026-08-04,,
902,Nexa (nexaagent.xyz),NXA,nexaagent-xyz,0.94802563111318,0.1185986,0.49476925,0.24352734,9480256.3111318,0.0,10000000.0,1000000000.0,1000000000.0,2026-08-04,,
903,4,4,4four,0.009466564133503582,0.20404881,-0.69292941,3.39271069,9466564.133503582,2248045.44754103,1000000000.0,1000000000.0,1000000000.0,2026-08-04,,
904,MWX Token,MWXT,mwx-token,0.05616501559619158,0.34987727,-0.23446534,-13.20456861,9427123.087511878,115960.49406499,167846888.0929343,1000000000.0,1000000000.0,2026-08-04,,
905,Venom,VENOM,venom,0.009525071124128912,0.22839596,-8.84881146,-5.17616283,9419526.382771643,95452.68706541,988919270.0,7367646470.547814,8000000000.0,2026-08-04,,
906,Kishu Inu,KISHU,kishu-inu,1.0093124520850774e-10,0.58001469,-2.02083309,-8.97065479,9400342.25629656,159784.73134334,9.313609712113394e+16,9.670293841273085e+16,1e+18,2026-08-04,,
907,Resistance Dog,REDO,resistance-dog,0.0937854153500167,0.58540473,1.84592346,-8.11068276,9378540.874752346,445167.03522277,99999992.96,99999992.96,100000000.0,2026-08-04,,
908,Coreum,COREUM,coreum,0.024105452164793713,9.80000519,124.4654158,93.44072703,9275586.306457005,474.64908431,384792048.0,897767382.677904,,2026-08-04,,
909,BENQI,QI,benqi,0.001282334933715504,0.96369152,2.17664213,7.23821551,9232811.52275163,704725.15019199,7200000000.0,7200000000.0,7200000000.0,2026-08-04,,
910,CateCoin,CATE,catecoin,1.6102784619938407e-07,0.22397589,19.60992916,122.43002097,9222562.480261073,227037.55488542,57273090946281.0,60000000000000.0,,2026-08-04,,
911,GeorgePlaysClashRoyale,CLASH,georgeplaysclashroyale,0.009178427668153093,-2.06304452,-4.55739194,1.41161874,9175562.035711186,655786.60105197,999687786.127917,999687786.127917,999999967.828928,2026-08-04,,
912,iShares Russell 1000 Growth Tokenized ETF (Ondo),IWFon,ishares-russell-1000-growth-tokenized-etf-ondo,482.95379496304804,0.11752824,2.49503965,2.52982969,9170214.233871412,126350.06228826,18987.76721399,18987.76721399,,2026-08-04,,
913,Gleec Coin,GLEEC,gleec,0.050452034693032534,0.00263036,29.12477676,1.10003191,9169911.886425724,1127.42177991,181755046.0,210000075.0,,2026-08-04,,
914,Intuition,TRUST,intuition,0.0506290838863092,0.61308972,4.24385109,4.82975004,9095405.156321581,1289195.56097442,179647832.0,1057692307.6923077,,2026-08-04,,
915,AMD Tokenized Stock (Ondo),AMDon,amd-tokenized-stock-ondo,489.80031221083976,1.15511457,1.02822508,1.76903257,9103356.168347413,2165545.6102432,18585.85211442,18585.85211442,,2026-08-04,,
916,ResearchCoin,RSC,researchcoin,0.0702264375689325,2.23900382,2.70331761,-9.75548824,9098052.144649953,363745.93321184,129553092.24847884,1000000000.0,1000000000.0,2026-08-04,,
917,Boba Network,BOBA,boba-network,0.018912085689781945,-0.13774919,-0.19970851,1.18190533,9334644.313463865,1433275.87474964,493580902.0,500000000.0,500000000.0,2026-08-04,,
918,Lagrange,LA,lagrange,0.04711890983511793,-0.14099849,0.36478555,-30.77683009,9093949.59817776,7354991.22905629,193000000.0,1000000000.0,,2026-08-04,,
919,Artificial Liquid Intelligence,ALI,alethea-artificial-liquid-intelligence-token,0.0009962110298855269,-0.17422033,-4.42355407,-10.8339025,9083543.00966992,66592.28510721,9118091184.669674,9870903732.81426,9870903732.81426,2026-08-04,,
920,OpenKaito,SN5,openkaito,2.6043402745296897,0.64839384,0.43454029,-2.90361262,9066614.806053387,58503.85625653,3481348.0,3481348.0,,2026-08-04,,
921,Fartboy,FARTBOY,fartboy,0.009067657194419177,0.409798,-0.04904327,-3.48959056,9062583.45030964,381614.74368709,999440457.0,999440457.0,999440457.0,2026-08-04,,
922,KernelDAO,KERNEL,kerneldao,0.03164225966469712,0.42899052,0.76210068,-3.27555395,9059432.712925296,4767492.59086255,286308020.0,1000000000.0,1000000000.0,2026-08-04,,
923,Moonbeam,GLMR,moonbeam,0.007517673420452716,0.43747473,1.02575634,-2.32469178,9050398.779374473,3190549.71886206,1203882940.0,1241178903.0,,2026-08-04,,
924,Portal,PORTAL,portal-gaming,0.010315987651987114,0.87493223,-1.39434805,8.56143712,9014025.371559236,18053768.92103491,873791795.3811152,1000000000.0,1000000000.0,2026-08-04,,
925,Everlyn AI,LYN,everlyn,0.03524091159709088,1.80717966,3.35693885,2.69286397,9008936.246176729,529642.3307459,255638570.0,1000000000.0,1000000000.0,2026-08-04,,
926,Vow,VOW,vow,0.025195763166867426,1.88387085,0.20735234,-7.19597961,8976879.257567653,110701.73600615,356285269.0,1142857140.0,1142857142.0,2026-08-04,,
927,Redbelly Network,RBNT,redbelly-network,0.0033250771165667077,0.14128938,-0.49635061,-8.03355705,8931969.33912729,175076.29640779,2686244266.2232,10000000000.0,10000000000.0,2026-08-04,,
928,Quai Network,QUAI,quai-network,0.011346414333235919,0.56820593,-6.06397838,-17.52839586,8878392.858439125,252820.96044341,782484457.0,1068821269.0,,2026-08-04,,
929,PepeCoin,PEPECOIN,pepecoin,0.08289518455799032,0.67397734,-5.81001386,32.74624654,8874527.940625798,156222.37493003,107057219.16111442,107630586.03315184,133769420.0,2026-08-04,,
930,Ambire Wallet,WALLET,ambire-wallet,0.012250252512101852,0.00301878,-0.39320782,-6.50278208,8862242.38709634,14277.00717408,723433445.8282762,723433445.8282762,1000000000.0,2026-08-04,,
931,Echelon Prime,PRIME,echelon-prime,0.24562502416306875,-0.4720728,-0.35777528,5.36602818,8786950.560030779,613865.27202292,35773841.0,111111111.1,111111112.0,2026-08-04,,
932,Unicorn Fart Dust,UFD,unicorn-fart-dust,0.008786748606561678,0.24525442,-11.16239036,-17.69861581,8786748.606561678,1211965.88750538,1000000000.0,1000000000.0,1000000000.0,2026-08-04,,
933,IAGON,IAG,iagon,0.02331840126382466,-0.0712804,-0.0821997,8.94244674,8768195.363409497,180944.40897727,376020434.0,1000000000.0,1000000000.0,2026-08-04,,
934,Telos,TLOS,telos,0.01941536480032785,-2.06064307,4.87779518,20.4023828,8753932.049585233,1005491.15429953,450876516.5946,467629079.7232,,2026-08-04,,
935,NVIDIA Tokenized bStocks,NVDAB,nvidia-tokenized-bstocks,206.71853653630004,0.3440899,2.38100105,6.31444351,8715660.299454942,25845477.60561534,42161.96788876,42161.96788876,,2026-08-04,,
936,Ika,IKA,ika,0.002904308847336036,-1.66443653,23.74814182,16.28412328,8712926.542008108,665881.52964378,3000000000.0,10291666666.6667,,2026-08-04,,
937,SpaceX Tokenized Stock (Ondo),SPCXon,spacex-tokenized-stock-ondo,114.66128114716007,0.24287875,5.35348545,3.56154033,8702064.58262763,1661639.15133959,75893.66258222,75893.66258222,,2026-08-04,,
938,Avail,AVAIL,avail,0.0021925963524910626,-0.01346141,-2.26381022,-3.14148214,8655614.00651542,471731.1405562,3947655024.0,11070935647.0,,2026-08-04,,
939,ISLM,ISLM,islamic-coin,0.003949686528013488,0.03289553,4.09987888,-17.44614203,8635827.20634374,1969.38409498,2186458886.06435,18162982098.425728,100000000000.0,2026-08-04,,
940,Dexsport,DESU,dexsport,0.014326024668670412,0.27195829,0.90208688,-2.0732423,8595614.801202247,9759.63358259,600000000.0,600000000.0,600000000.0,2026-08-04,,
941,AVA,AVA,ava-sol,0.008594517205243993,2.30422067,8.99073493,20.16664961,8587576.704860326,811071.42754683,999192450.231011,999192450.231011,999995926.72,2026-08-04,,
942,BOB (Build on Bitcoin),BOB,bob-build-on-bitcoin,0.003864876551835197,-0.20882688,-1.18704612,-24.28133114,8580025.945074137,1183324.34453259,2220000000.0,10000000000.0,10000000000.0,2026-08-04,,
943,xU3O8,XU3O8,xu3o8,5.358651024762465,-0.07502145,-1.84025286,-0.78130879,8573841.639619945,728409.32811216,1600000.0,1600000.0,,2026-08-04,,
944,Applied Optoelectronics Tokenized bStocks,AAOIB,applied-optoelectronics-tokenized-bstocks,112.5496134304986,1.52934028,15.90297934,18.26460107,8571094.326928096,1249638.39753344,76153.92061938,76153.92061938,,2026-08-04,,
945,Vanar Chain,VANRY,vanar,0.0036071833824729083,1.9392232,-2.38501115,-11.97926903,8568029.783548027,20330074.99621859,2375268700.0,2377565576.0,2400000000.0,2026-08-04,,
946,PolySwarm,NCT,polyswarm,0.0045413308307748436,-0.13981677,-1.59890122,-3.6679734,8562682.832746677,177113.34240001,1885500782.0,1885913076.0,1885913076.0,2026-08-04,,
947,Limitless,LMTS,limitless-lmts,0.0650253460368861,-0.13618149,-3.48229922,-6.1128343,8557249.704997443,1373575.28442206,131598680.0,1000000000.0,1000000000.0,2026-08-04,,
948,Coinbase tokenized stock (xStock),COINX,coinbase-tokenized-stock-xstock,148.39081339537256,0.58085748,0.14703138,-8.59959193,8528266.57572456,5847634.94141016,57471.66135549,782531.36681427,,2026-08-04,,
949,我踏马来了,我踏马来了,wotamalaile,0.008496890135593328,-0.69141344,1.64516659,6.80053857,8496890.135593329,1676045.21548261,1000000000.0,1000000000.0,1000000000.0,2026-08-04,,
950,Vine Coin,VINE,vine-coin,0.00847741582292385,1.08670866,-0.8592972,0.53544113,8477365.840080159,2321364.72844016,999994104.0,999994104.0,,2026-08-04,,
951,Konnect,KCT,konnect,0.0011487007822559398,-0.0380529,0.082267,-14.91067742,8471668.315085588,725147.00977,7375000040.0,10000000000.0,10000000000.0,2026-08-04,,
952,Bubblemaps,BMT,bubblemaps,0.011877670950820313,0.75132738,1.7594829,4.99720733,8453153.31407472,2379775.47983084,711684416.0,1000000000.0,1000000000.0,2026-08-04,,
953,Commonwealth,CWU,commonwealth,0.009383875649851103,0.85165924,6.67234655,-4.45208837,8450150.190114725,15777.85441599,900496820.8683378,999999308.4305269,1000000000.0,2026-08-04,,
954,Wecan Group,WECAN,wecan-group,0.0014080192803754058,0.71361417,-4.42010538,-20.14053972,8448115.682252435,3085.65215297,6000000000.0,6000000000.0,6000000000.0,2026-08-04,,
955,Gold tokenized ETF (xStock),GLDX,gold-tokenized-stock-xstock,372.0897858930036,0.13407326,0.31723156,-0.21038416,8426190.580243673,537573.39172406,22645.58421033,331829.74417609,,2026-08-04,,
956,BeatSwap,BTX,beatswap,0.03746419411841313,0.16694176,3.76982947,30.21976094,8420274.052883115,821958.01720258,224755243.0,1500000000.0,1500000000.0,2026-08-04,,
957,heyAura,ADX,adx-net,0.056737268666002184,0.43258614,1.80025637,7.04192238,8391442.035701724,3506570.71770137,147900000.0,150000000.0,150000000.0,2026-08-04,,
958,GRIFFAIN,GRIFFAIN,griffain,0.008376804146221658,0.03486221,1.58429579,2.40477906,8375808.311744755,3630839.2880441,999881120.0,999881120.0,999881120.0,2026-08-04,,
959,HarryPotterObamaSonic10Inu (ERC-20),BITCOIN,harrypotterobamasonic10inu-eth,0.008362424158542762,0.29071991,-1.95143211,-13.18822187,8360736.2450384805,1481755.5597747,999798155.0,999798155.0,999798155.0,2026-08-04,,
960,Toko Token,TKO,tokocrypto,0.04863468648513843,1.64686025,1.88985131,10.35474966,8350677.128186133,934952.72754336,171702086.13841677,493162058.66,500000000.0,2026-08-04,,
961,Paris Saint-Germain Fan Token,PSG,paris-saint-germain-fan-token,0.5025753417887472,0.16221214,1.13864405,1.70775812,8348940.14169618,3634176.07521957,16612315.5027482,19890000.0,19890000.0,2026-08-04,,
962,Energy Web Token,EWT,energy-web-token,0.2774794304852409,0.84872716,11.22634767,-4.54248075,8341624.931408719,204424.20796104,30062138.0,81492114.0501473,100000000.0,2026-08-04,,
963,StakeStone,STO,stakestone,0.03686618350739358,1.90868725,0.37203719,-3.21873749,8307180.004710626,3940417.0893718,225333333.0,1000000000.0,1000000000.0,2026-08-04,,
964,Act I : The AI Prophecy,ACT,act-i-the-ai-prophecy,0.008751695054553732,0.71513686,1.18688313,0.97731934,8298701.277516686,35958572.18805863,948239309.732194,948239309.732194,,2026-08-04,,
965,Groestlcoin,GRS,groestlcoin,0.091541930400715,0.0,0.0,0.0,8294893.872353517,0.0,90613053.88736624,90613053.88736624,105000000.0,2026-08-04,,
966,Bertram The Pomeranian,BERT,bertram-the-pomeranian,0.008538252414876756,1.02204912,0.80334056,-6.11155747,8254349.8697590055,1691086.71008425,966749338.0,979946262.03,979947881.0,2026-08-04,,
967,FirmaChain,FCT,firmachain,0.006789799146578914,0.00997919,0.97256657,-7.74131835,8246871.376304994,68229.1950085,1214597250.709579,1225364919.169003,,2026-08-04,,
968,RAMP,RAMP,ramp,0.017150176188571387,0.0,-2.53211908,-0.01173422,8195018.580724954,0.0,477838740.0,1000000000.0,1000000000.0,2026-08-04,,
969,GUNZ,GUN,gunz,0.0028010376892105586,0.67435919,-0.82749825,-12.8228303,8192825.723321731,4932380.61980785,2924925200.0,10000000000.0,10000000000.0,2026-08-04,,
970,Apple Tokenized Stock (Ondo),AAPLon,apple-tokenized-stock-ondo,305.17262645327196,-0.00130393,-1.26663099,-9.77576496,8181196.007220057,2312175.6183525,26808.4202122,26808.4202122,26808.4202122,2026-08-04,,
971,Uchain,UCN,uchain,163.50013624301613,-0.89541631,0.67859503,6.98650228,8175006.812150806,158261.77274894,50000.0,100000.0,100000.0,2026-08-04,,
972,Manifesting (manifesting.meme),MANIFEST,manifesting,0.00902318369147552,-1.64092661,5.07539232,43.88076644,8120862.904114739,2310052.40449802,899999732.0,899999732.0,999999813.51579,2026-08-04,,
973,MUX Protocol,MCB,mcdex,2.1137995469161317,0.0,-0.69824626,-0.72357335,8077933.585929576,0.0,3821523.0,4803143.0,4803143.0,2026-08-04,,
974,OLAXBT,AIO,olaxbt,0.0350800357736698,0.20760043,-4.31933311,-64.10573633,8077178.236887472,5558964.50619996,230250000.0,1000000000.0,1000000000.0,2026-08-04,,
975,Coinbase Tokenized Stock (Ondo),COINon,coinbase-tokenized-stock-ondo,148.30029124574335,0.48195973,0.00747253,-8.69744976,8052931.437109771,1789271.12876713,54301.52138923,54301.52138923,,2026-08-04,,
976,State Street SPDR S&P 500 ETF Tokenized bStocks,SPYB,state-street-spdr-sp-500-etf-tokenized-bstocks,758.7729307244908,0.10082276,1.08843081,2.83671264,7986105.037968194,48219625.19725872,10525.02628203,10525.02628203,,2026-08-04,,
977,Amazon tokenized stock (xStock),AMZNX,amazon-tokenized-stock-xstock,280.96475517458083,0.02694812,1.7053305,21.74096734,7971297.801422834,22098316.41186135,28371.16632821,500512.62819139,,2026-08-04,,
978,Quantoz USDQ,USDQ,quantoz-usdq,0.9953870970748421,-0.34777333,-0.27630046,1.04452666,7943237.808624997,1896379.85596599,7980049.0,11000000.0,,2026-08-04,,
979,Microsoft tokenized stock (xStock),MSFTX,microsoft-tokenized-stock-xstock,485.7263326662712,0.20273956,3.37769779,25.34405324,7867686.763425541,630988.21726044,16197.77688444,291652.9502706,,2026-08-04,,
980,Moss Coin,MOC,moss-coin,0.017453083741653594,-0.09461124,0.97901023,1.96446802,7844981.165673747,22061.41256683,449489688.0,500000000.0,500000000.0,2026-08-04,,
981,Abelian,ABEL,abelian,0.06540226124100605,0.23386189,-4.09538287,-8.20132016,7849409.871484409,14250.99489788,120017408.0,140597389.0,225180000.0,2026-08-04,,
982,DORA,DORA,dora,0.007927026410066134,-0.16947666,0.04051526,-2.29018661,7848434.615130176,340931.56048841,990085589.366,1000000000.0,1000000000.0,2026-08-04,,
983,Zircuit,ZRC,zircuit,0.001242092046847137,-2.45864019,52.55354889,52.56526764,7889832.576029996,6561617.49662254,6352051441.0,10000000000.0,,2026-08-04,,
984,Forta,FORT,forta,0.012153337730125462,0.68854137,-0.64293736,-2.86234737,7834983.214366229,220906.83371505,644677486.0,1000000000.0,1000000000.0,2026-08-04,,
985,Viction,VIC,viction,0.06134408813688921,-0.49386635,81.28860044,79.37718811,7824495.899800372,95551322.42213298,127550936.65,210000000.0,210000000.0,2026-08-04,,
986,Sophon,SOPH,sophon,0.003901655573894599,0.95508565,0.29736985,-5.76685936,7803311.147789198,2952190.10462171,2000000000.0,10000000000.0,10000000000.0,2026-08-04,,
987,Tradoor,TRADOOR,tradoor,0.5437158913561797,0.00657414,1.19826455,11.66594071,7801779.325069822,1598390.75991562,14349000.0,60000000.0,60000000.0,2026-08-04,,
988,CoinEx Token,CET,coinex-token,0.010990157170777275,0.17722044,0.06902028,-7.09104129,7787994.442670886,26938.56326509,708633582.0,2777476547.0,10000000000.0,2026-08-04,,
989,Clash of Lilliput,COL,clash-of-lilliput,0.09481666402595999,0.0554538,-11.30475913,-16.45571677,7782020.8099322505,0.0,82074400.0,1000000000.0,1000000000.0,2026-08-04,,
990,Bella Protocol,BEL,bella-protocol,0.09715448630398872,2.86675767,2.12320912,1.87869922,7772358.904319097,2502020.90185223,80000000.0,100000000.0,,2026-08-04,,
991,SpaceX tokenized stock (Backpack),SPCX,spacex-tokenized-stock-backpack,114.74021597418148,0.23860162,5.2019636,3.69268208,7746924.020217705,1112549.86323259,67517.077203,67517.077203,,2026-08-04,,
992,Aura,AURA,aura,0.008014354380627114,0.56934596,0.72574267,0.67227039,7720136.371505247,361721.61730483,963288620.0,963288620.0,965383478.0,2026-08-04,,
993,LOAN Protocol,LOAN,loan-protocol,0.0004190958988870621,0.11900153,-1.44504242,7.94678491,7714187.379646404,111481.45487662,18406735547.0,36196353214.396286,,2026-08-04,,
994,Drift,DRIFT,drift,0.012607562035286185,2.79843505,7.33434618,10.5281611,7709723.687715153,4002627.18057904,611515824.085346,1000000000.0,,2026-08-04,,
995,Santos FC Fan Token,SANTOS,santos-fc-fan-token,0.4790133979937344,1.30453089,0.46427952,0.25204247,7709650.844408926,1675996.08097761,16094854.291549,30000000.0,30000000.0,2026-08-04,,
996,YELLOW,YELLOW,yellow,0.039660717119952615,0.76355313,-3.37937977,-8.95409582,7691634.597934149,479441.88058778,193935842.73,10000000000.0,10000000000.0,2026-08-04,,
997,Balancer,BAL,balancer,0.10984160595519463,1.19095332,0.7690136,-6.6605399,7665726.753501595,435431.31578695,69788917.29449508,72368512.92020285,96150704.0,2026-08-04,,
998,Dymension,DYM,dymension,0.013298209411714888,0.83372758,0.68087883,-1.68942523,7663132.6558844475,1979947.88601034,576252969.0,1069875035.0,,2026-08-04,,
999,SaitaChain Coin,STC,saitama-inu-new,0.0001705534890773962,0.00995968,-0.03009777,-0.0852462,7623944.535652298,0.0,44701193607.318085,44710136889.83425,200000000000.0,2026-08-04,,
1000,Verified Emeralds,VEREM,verified-emeralds,3.043025996715796,0.03219633,-1.26842196,-17.19708308,7607564.99178949,143906.5192285,2500000.0,50000000.0,50000000.0,2026-08-04,,
1001,SK Hynix Tokenized Stock (Ondo),SKHYon,sk-hynix-tokenized-stock-ondo,143.0349006636713,1.96425791,-2.33027855,2.42062208,7597584.595791104,6746811.28729969,53116.99844261,53116.99844261,,2026-08-04,,
1002,Kleros,PNK,kleros,0.008292630009940209,-0.55720353,-0.04535709,0.48303996,7592136.804841683,15098.80983355,915528221.5341986,915528222.0793128,,2026-08-04,,
1003,Daddy Tate,DADDY,daddy-tate,0.012585593599146735,-0.13128476,1.47175785,14.81604653,7546467.914633538,178224.12863852,599611599.976116,599611599.976116,999689062.0,2026-08-04,,
1004,Solomon,SOLO,solomon,0.5841168372322201,0.0,-1.44851603,-7.12900163,7535088.462428557,0.0,12899967.921029,25799967.921029,25800000.0,2026-08-04,,
1005,Galatasaray Fan Token,GAL,galatasaray-fan-token,0.9207041910010331,0.00420319,0.33149267,0.5461916,7531186.269296352,2905717.48103952,8179811.0,9975000.0,9975000.0,2026-08-04,,
1006,iShares 0-3 Month Treasury Bond Tokenized ETF (Ondo),SGOVon,ishares-0-3-month-treasury-bond-tokenized-etf-ondo,101.18172325739236,0.22056232,0.85112808,0.21635579,7492895.027170741,934397.79899447,74053.8388352,74053.8388352,,2026-08-04,,
1007,Autonolas,OLAS,autonolas,0.025631783833807213,-0.1472902,0.9279661,-1.54149629,7479933.797917982,70094.25281841,291822599.8789937,473672450.5987697,,2026-08-04,,
1008,AS Roma Fan Token,ASR,as-roma-fan-token,0.8557599137099542,0.27973309,0.33423021,2.37357995,7474949.030187926,2907454.87836833,8734867.0,9995000.0,9995000.0,2026-08-04,,
1009,MyShell,SHELL,myshell,0.018251081056089188,1.23756824,1.80686201,-3.76748958,7466720.0498268185,4343594.08747542,409111111.11063,1000000000.0,1000000000.0,2026-08-04,,
1010,Wilder World,WILD,wilder-world,0.014914940293174835,0.31481274,-1.71558609,-4.62435069,7457006.420688442,104624.51114191,499968908.6318912,499968908.6318912,500000000.0,2026-08-04,,
1011,Stader,SD,stader,0.1047748055359437,-0.07178677,-0.60339221,-3.82185942,7413298.331365117,1243945.16994946,70754589.2683326,120000000.0,120000000.0,2026-08-04,,
1012,Robinhood tokenized stock (xStock),HOODX,robinhood-tokenized-stock-xstock,91.00560952162826,0.482819,3.52015506,-3.06967792,7383830.252008526,2785617.38428993,81135.99030677,1915893.35883939,,2026-08-04,,
1013,Towns,TOWNS,towns,0.0021707260017916176,-0.28276957,9.35688071,11.73809037,7381965.35827887,12141214.7447995,3400689609.0,10594736370.0,,2026-08-04,,
1014,Ket (ketonsolana.com),KET,ket-on-solana,0.007295569564345626,2.06698535,-4.69648319,-7.34091166,7295502.207857272,1630161.80522649,999990767.480488,999990767.480488,1000000000.0,2026-08-04,,
1015,SanDisk Tokenized Stock (Ondo),SNDKon,sandisk-tokenized-stock-ondo,1300.840457317755,1.73077389,3.50486534,5.7656255,7258713.367537894,2675667.43229456,5580.01815419,5580.01815419,,2026-08-04,,
1016,iShares MSCI Emerging Markets Tokenized ETF (Ondo),EEMon,ishares-msci-emerging-markets-tokenized-etf-ondo,64.89083353913603,0.00763778,-0.14440978,0.45051695,7234780.633675855,506874.35698561,111491.56574345,111491.56574345,,2026-08-04,,
1017,Haedal Protocol,HAEDAL,haedal-protocol,0.014945004871807508,0.98490446,-0.65836986,1.08176995,7223419.016391961,2023943.5902878,483333333.0,1000000000.0,1000000000.0,2026-08-04,,
1018,Venus DAI,vDAI,venus-dai,0.026193682288569973,0.00020809,-0.00502928,0.01394388,7191151.325508565,0.0,274537625.0,274537625.0,,2026-08-04,,
1019,DEXTools,DEXT,dextools,0.10212990412855699,-0.41504826,-3.84620526,-5.91306717,7167412.413995985,32799.11603993,70179370.823397,112551255.0,200000000.0,2026-08-04,,
1020,SuperWalk,GRND,superwalk,0.009029525542070337,1.58193958,1.70050404,0.61287269,7147612.336366164,31247.55661248,791582271.1906656,1000000000.0,,2026-08-04,,
1021,AhaToken,AHT,ahatoken,0.0009707359953718564,0.78347545,0.06003213,5.47069225,7063386.4929260425,30357.43495296,7276320777.844749,7673122637.674749,10500000000.0,2026-08-04,,
1022,SLERF (OLD),SLERF,slerf-old,0.014104908549867222,0.89399521,1.02342739,0.20135995,7052422.538889374,640.3534797,499997750.0,499997750.0,499997750.0,2026-08-04,,
1023,Fusionist,ACE,fusionist,0.06545612224183926,-0.83004375,-2.03930715,-17.25411337,7043982.505901697,23274305.65584339,107613807.0,146307870.0,147000000.0,2026-08-04,,
1024,Swarms,SWARMS,swarms,0.007036366000354478,-0.86467539,-1.42151015,5.98970051,7036259.258682253,5443301.42642711,999984830.0,999984830.0,,2026-08-04,,
1025,Resolv,RESOLV,resolv,0.015894522176373667,-0.0467723,0.52715654,-3.00466567,7003389.856405164,3450629.50637253,440616570.83440465,1000000000.0,1000000000.0,2026-08-04,,
1026,Inverse Finance,INV,inverse-finance,9.720486855440058,-0.00100468,0.42229499,-2.33081223,6986884.198202761,453686.620104,718779.24450796,727000.0,,2026-08-04,,
1027,Heima,HEI,heima,0.08593894943154842,-0.74303758,3.63770477,0.88500571,6983343.5142462915,6168134.020104,81259354.0,82045719.0,100000000.0,2026-08-04,,
1028,Bitcoin Limited Edition,BTCLE,bitcoin-limited-edition,447.40019224850454,-0.51838855,-0.79070012,-0.53271883,6969868.634962553,76868.4865699,15578.6,210000.0,210000.0,2026-08-04,,
1029,ULTILAND,ARTX,ultiland,0.09193026730978583,1.02287319,1.56222657,0.81563807,6964510.2772813635,1028418.94023262,75758620.975314,107224664.215314,280000000.0,2026-08-04,,
1030,FC Barcelona Fan Token,BAR,fc-barcelona-fan-token,0.2648270803618417,-0.09906166,-0.57794406,-0.61686809,6947679.6616810765,1993598.7394719,26234778.0,39960000.0,39960000.0,2026-08-04,,
1031,FIGHT,FIGHT,fight-id,0.003387668122168546,-2.78424843,4.83538561,10.10045455,6944719.650445519,1473989.66670104,2050000000.0,10000000000.0,10000000000.0,2026-08-04,,
1032,THENA,THE,thena,0.05195514572063358,1.20562135,2.00223088,2.16965201,6924753.715725925,3316738.72122811,133283308.50924383,284596517.7147613,326120291.0,2026-08-04,,
1033,Peercoin,PPC,peercoin,0.22798527635873195,0.06433273,1.14947687,-3.39552384,6919296.074716268,6856.45137186,30349749.70852435,30349749.70852435,,2026-08-04,,
1034,Pepecoin,PEP,pepecoin-org,6.717005551465645e-05,-0.59854227,-2.81978027,4.49881892,6913246.22715449,21451.58631773,102921550000.0,102921550000.0,,2026-08-04,,
1035,TARS AI,TAI,tars-protocol,0.007707551578469158,0.04057119,-11.45152809,-12.77657572,6876598.545965955,545541.6053328,892189753.9,892189753.9,999999988.0,2026-08-04,,
1036,Chainbounty,BOUNTY,sentinel-protocol,0.013065876933696333,1.62747672,0.08899071,-0.73501382,6875157.829812166,95464.8929582,526191840.3717267,555416661.0,1000449852.0,2026-08-04,,
1037,The Arena,ARENA,the-arena,0.0010752940878180073,8.94221805,13.98614852,-31.62144087,6865402.988261008,62038.85343979,6384674728.559442,10000000000.0,10000000000.0,2026-08-04,,
1038,Koma Inu,KOMA,koma-inu,0.015080970667386602,-6.17261592,-2.7155446,105.32856685,6845119.5699511925,9068827.76962719,453891179.8796961,605954353.425861,1000000000.0,2026-08-04,,
1039,Ready Cards,READY,ready,0.006891694250056715,-0.02476784,-5.46385248,-2.70223949,6891694.250056715,955686.86198152,1000000000.0,1000000000.0,1000000000.0,2026-08-04,,
1040,Badger DAO,BADGER,badger-dao,0.3510776815479349,0.53727664,3.86913189,1.04275028,6842227.330961498,1159401.48082202,19489211.90544915,21000000.0,21000000.0,2026-08-04,,
1041,Gitcoin,GTC,gitcoin,0.0781571002020893,0.71814038,-2.0771179,5.58834647,6838082.081161199,4454476.09337077,87491501.9042429,100000000.0,,2026-08-04,,
1042,Fuel Network,FUEL,fuel-network,0.0007801268414579287,0.00024852,1.61518547,-0.89102651,6833664.310654002,312711.03565974,8759683614.88884,10367322702.433912,,2026-08-04,,
1043,Avici,AVICI,avici,0.5277567374224373,0.12955765,-2.11396213,0.26804947,6808053.99639838,438160.86027141,12899985.0,12899514.295588,12900000.0,2026-08-04,,
1044,NAVI Protocol,NAVX,navi-protocol,0.008340431338787938,0.20947808,9.84225221,-1.45200601,6807188.954999751,321793.71243307,816167495.24,1000000000.0,1000000000.0,2026-08-04,,
1045,NUMINE,NUMI,numine,0.019469432705102672,-1.1296693,-1.64158161,-5.61794846,6795958.218548301,182958.74351546,349057844.75,1000000000.0,1000000000.0,2026-08-04,,
1046,DACXI,DXI,dacxi,0.0008081288400379143,-0.12290392,0.76810107,-4.48987263,6787305.013588603,428361.20085004,8398790734.0,10000000000.0,,2026-08-04,,
1047,Alpine F1 Team Fan Token,ALPINE,alpine-f1-team-fan-token,0.3174643573909971,1.08914006,0.74264356,5.38881366,6773247.851452464,2725817.48230743,21335459.22168,40000000.0,40000000.0,2026-08-04,,
1048,SUPERFORTUNE,GUA,superfortune,0.05383839366190419,1.4575743,0.12856927,-1.48297551,6729799.207738024,1383995.82038341,125000000.0,1000000000.0,1000000000.0,2026-08-04,,
1049,Taiwan Semiconductor Manufacturing Tokenized Stock (Ondo),TSMon,taiwan-semiconductor-manufacturing-tokenized-stock-ondo,409.3539522757861,0.16752344,-1.17698763,3.19834735,6726332.038532279,1610335.4563108,16431.57956858,16431.57956858,,2026-08-04,,
1050,Tesla Tokenized Stock (Reality),rTSLA,tesla-tokenized-stock-reality,322.4949575231713,0.38142341,2.79621229,5.84554515,6713451.996277426,2739991.30748356,20817.23090444,20817.23090444,,2026-08-04,,
1051,Heroes of Mavia,MAVIA,heroes-of-mavia,0.027170289161902707,1.00523531,3.40109917,6.64717664,6710169.666929386,699249.04397421,246967179.0,250000000.0,256989887.032251,2026-08-04,,
1052,SUPRA,SUPRA,supra,0.00020487823872043928,-0.03243097,-2.02835295,-2.77314874,6686079.524164107,346443.01969928,32634405517.744637,81997996062.50157,100000000000.0,2026-08-04,,
1053,Build On BNB,BOB,build-on-bnb,1.5872761423660935e-08,-0.07397221,3.15391677,12.27081119,6677512.003319919,152767.08249216,420690000000000.0,420690000000000.0,420690000000000.0,2026-08-04,,
1054,Nimiq,NIM,nimiq,0.0004675288218991497,-0.01419039,-0.43170083,-4.86178149,6666625.354880217,26846.63174721,14259282086.18178,14259282086.18178,21000000000.0,2026-08-04,,
1055,Bitlayer,BTR,bitlayer,0.019900917592548466,1.1369517,-2.58002142,19.39106308,6632695.369964772,1113358.63055434,333285907.0,1000000000.0,1000000000.0,2026-08-04,,
1056,Jimothy The Raccoon,JIMOTHY,jimothy-the-raccoon,0.0066336383077643495,-3.35255639,5.4130951,7.56033015,6633234.809797452,7065855.95770921,999939173.95731,999939173.95731,1000000000.0,2026-08-04,,
1057,Portal To Bitcoin,PTB,portaltobitcoin,0.0008126661166572523,-14.45713763,-6.38156151,36.3380514,6583569.175736095,3871469.94043516,8101198069.899057,8389797955.025996,8400000000.0,2026-08-04,,
1058,Soil,SOIL,soil,0.09401033464149834,0.17458746,1.37036247,-12.86610522,6554026.51659127,49816.76651303,69716021.5585295,99000000.0,100000000.0,2026-08-04,,
1059,Micron Technology Inc tokenized stock (Backpack),MU,micron-technology-inc-tokenized-stock-backpack,826.6692305946875,0.2319075,-1.74887654,-4.84693491,6531437.32407875,5474008.77755966,7900.907742,7900.907742,,2026-08-04,,
1060,StablR Euro,EURR,stablr-euro,0.549524367540975,-4.86303901,-19.02714919,-21.79462128,6530295.8742203945,966.40683985,11883541.95,11883541.95,,2026-08-04,,
1061,Apu Apustaja,APU,apu-apustaja,1.9307751951632606e-05,0.65993294,-0.48102591,-2.75898895,6523879.824799171,189498.14573598,337889146346.0888,337889146346.0888,420690000000.0,2026-08-04,,
1062,ORIGYN,OGY,origyn-foundation,0.0008328770372638962,0.25361087,1.55133542,3.63124796,6520295.217773036,168859.18619922,7828640875.0,10414464553.969742,10620490364.0,2026-08-04,,
1063,Assemble AI,ASM,assemble-protocol,0.004340994290321705,-0.43818845,-1.28678804,-7.10150777,6511491.435482558,14779.44612162,1500000000.0,3000000000.0,3000000000.0,2026-08-04,,
1064,Loom Network,LOOM,loom-network,0.005224757958645,0.0,0.0,0.0,6493960.851592275,0.0,1242920897.5790398,1300000000.0,,2026-08-04,,
1065,LimeWire,LMWR,limewire,0.012719678797131402,0.54463076,13.21363917,9.70769977,6493565.672973352,1681178.37114314,510513337.3680638,633045269.0,633045269.0,2026-08-04,,
1066,Meta tokenized stock (xStock),METAX,meta-tokenized-stock-xstock,590.8949962763172,-0.01046925,4.56803329,-0.76162528,6476347.514840963,3658571.21617137,10960.23414592,215976.36611186,,2026-08-04,,
1067,Pikaboss,PIKA,pikachu,1.5385238236499995e-08,0.037685,-0.48408234,-0.74823603,6472415.873713183,312.94360946,420690000000000.0,420690000000000.0,420690000000000.0,2026-08-04,,
1068,Turtle,TURTLE,turtle-xyz,0.041670295822756394,1.86067017,-4.19209815,12.20797726,6446394.763780414,2250490.038554,154700000.0,1000000000.0,1000000000.0,2026-08-04,,
1069,LUKSO,LYX,lukso-network,0.20944185919936326,0.99997269,0.77748057,-6.87839074,6395497.048547689,110204.56337728,30535906.59,42115181.93,,2026-08-04,,
1070,Checkmate,CHECK,checkmate,0.019179790162897326,0.38458463,1.0112074,-26.04720353,6379198.323258392,3518040.83655795,332600006.0,1000000000.0,1000000000.0,2026-08-04,,
1071,Bitcoin Gold,BTG,bitcoin-gold,0.36278936897338027,0.53515809,-39.75402485,0.52358417,6353865.28710131,0.0,17513923.589,17513923.589,21000000.0,2026-08-04,,
1072,CREPE,CREPE,crepe,1.0911243187636528e-05,0.90604418,2.40345436,0.85248829,6337373.039975324,304671.06701897,580811272464.0,690000000000.0,690000000000.0,2026-08-04,,
1073,Delysium,AGI,delysium,0.0030897076600961554,0.42506571,1.78227162,-5.97582332,6327520.232577901,390835.84450144,2047934927.4037728,3000000000.0,,2026-08-04,,
1074,Everscale,EVER,everscale,0.0031812170278876176,0.04402793,3.67266163,-1.99818315,6316381.110209114,23640.95973176,1985523482.0,2117524486.0,,2026-08-04,,
1075,Agoras: Tau Net,AGRS,agoras-tokens,0.2113688011825192,-0.03864652,-1.21322471,-0.33108782,6311855.157817111,11040.50986758,29861810.83728983,42000000.0,42000000.0,2026-08-04,,
1076,Broccoli (firstbroccoli.com),BROCCOLI,broccoli,0.006307878426588036,1.29832839,1.05598656,20.14858197,6307878.426588036,3293673.67787506,1000000000.0,1000000000.0,1000000000.0,2026-08-04,,
1077,Access Protocol,ACS,access-protocol,0.00012177729201132445,-0.3283099,0.52245287,-3.46397242,6281005.62521036,167267.69106266,51577806678.65623,90340461344.86664,,2026-08-04,,
1078,OWB,OWB,owb,0.013772792967198251,-1.42810989,-5.43599781,-8.2320464,6268430.696267738,68474.90677358,455131410.9779218,1000000000.0,1000000000.0,2026-08-04,,
1079,Partisia Blockchain,MPC,partisia-blockchain,0.012350987517959202,-0.00333171,0.29565783,8.25799173,6249914.745986217,1427.56517241,506025509.0452,611953526.9758,1000000000.0,2026-08-04,,
1080,Joe coin,JOE,joe-coin,0.006230291564074104,0.64926254,-1.26393374,-6.63724325,6230291.564074104,16574.18723461,1000000000.0,1000000000.0,1000000000.0,2026-08-04,,
1081,WeBuy,WE,webuy,0.017182203961284618,0.3542866,0.84168817,0.76497531,6220494.606036782,31228.8325165,362031240.0,2500000000.0,,2026-08-04,,
1082,ThunderCore,TT,thundercore,0.0004340648762632346,-0.32574789,0.48738762,-24.53184735,6219769.822338285,6153096.63374596,14329124890.0,14329124890.0,,2026-08-04,,
1083,Puffer,PUFFER,puffer,0.012256056861072655,1.08284364,1.96666641,3.30569289,6208755.437031325,1665560.7923319,506586703.0,1000000000.0,1000000000.0,2026-08-04,,
1084,KGST,KGST,kgst,0.011403764747127088,0.01042121,-0.20296813,-0.01239652,6208123.566757323,1942342.01879666,544392462.0,544392462.0,,2026-08-04,,
1085,WazirX,WRX,wazirx,0.016244130762316344,1.84751706,0.75240392,-1.65282444,6202932.966812084,10533.08644535,381856872.3419691,962646668.99,,2026-08-04,,
1086,X Empire,X,x-empire,8.956782946504701e-06,-0.18806722,-1.32389354,-6.60821676,6180180.233088244,148618.72423654,690000000000.0,690000000000.0,690000000000.0,2026-08-04,,
1087,Cookie DAO,COOKIE,cookie,0.007785546071407522,1.10216512,0.3949941,-7.90277388,6153269.932323505,1654960.27599957,790345324.0,999892387.0,1000000000.0,2026-08-04,,
1088,OMG Network,OMG,omg,0.04387421795231431,-0.00728964,-0.7433575,-3.71477088,6153157.169416075,325082.85902524,140245398.24513277,140245398.24513277,140245399.0,2026-08-04,,
1089,Grove,GROVE,grove-finance,0.009958975262586149,-3.47545447,1.80068866,1.44944886,6143880.844014213,6715738.79457324,616918978.3105023,10000000000.0,10000000000.0,2026-08-04,,
1090,Reppo,REPPO,reppo,0.015675394602713742,0.30509998,-5.91249911,-19.30083573,6144563.8488826435,84252.93299712,391987825.80049944,1000000000.0,1000000000.0,2026-08-04,,
1091,SK hynix tokenized stock (xStock),SKHYx,sk-hynix-tokenized-stock-xstock,142.3225668754698,1.12055096,-2.2403899,2.22465994,6131174.005435242,3449399.49847315,43079.42261047,348168.3020736,,2026-08-04,,
1092,SpaceX Tokenized Stock (Reality),rSPCX,spacex-tokenized-stock-reality,114.43111663810447,0.22957029,5.34014803,3.52427853,6121093.560977935,1675970.11643333,53491.51298013,53491.51298013,,2026-08-04,,
1093,MARBLEX,MBX,marblex,0.021996962910803577,0.12864967,0.29934424,-3.91640356,6117810.257482522,1080383.41292689,278120678.8541624,321274522.0,,2026-08-04,,
1094,Oracle Tokenized Stock (Ondo),ORCLon,oracle-tokenized-stock-ondo,143.45561712041854,0.56839488,7.756328,19.61692522,6114861.733657173,1405562.17991445,42625.46044833,42625.46044833,,2026-08-04,,
1095,Marlin,POND,marlin,0.0007421399653857722,-0.1115629,-3.42690403,-3.52657151,6106338.675268259,1776001.8069943,8228014876.0,10000000000.0,,2026-08-04,,
1096,Mansory,MNSRY,mansory,0.006712928030426994,0.00641847,0.2520931,-2.08077369,6041556.201117288,168626.84894907,899988227.75,899988227.75,1000000000.0,2026-08-04,,
1097,Vultisig,VULT,vultisig,0.09274760280623429,-2.575e-05,-2.84916818,-3.10669814,6029692.333003655,97.36110507,65011840.20465435,100000000.0,100000000.0,2026-08-04,,
1098,Bitlight,LIGHT,bitlight,0.13998138095075421,0.53516235,-5.90861908,11.13746564,6027174.400117957,2133499.13797601,43056972.0,420000000.0,420000000.0,2026-08-04,,
1099,QuickSwap [Old],QUICK,quickswap,8.98560789660715,0.11570117,-0.61191761,-0.01943739,5973972.455444515,568.60831288,664837.8745416,896874.88013885,1000000.0,2026-08-04,,
1100,Elastos,ELA,elastos,0.2581756584367108,0.01472894,2.3758216,6.72771281,5960939.808596368,161221.59528906,23088698.0,26229451.0,28219999.0,2026-08-04,,
1101,Save,SAVE,save,0.13031705345794503,0.0,6.35657522,12.38556702,5950647.152272751,0.0,45662843.0,50000001.0,,2026-08-04,,
1102,inSure DeFi,SURE,insure,0.0002210689031099021,0.0,15.71217103,-3.37272514,5922449.880263244,0.0,26790063174.642704,88000000000.0,88000000000.0,2026-08-04,,
1103,U.S. Dollar Payment Token,USDPT,us-dollar-payment-token,0.9996184297518702,0.0037639,-0.02171402,0.06335834,5920184.32151615,169831.46128153,5922444.15,5922444.15,,2026-08-04,,
1104,FC Porto Fan Token,PORTO,fc-porto,0.448910310645771,0.32270982,0.0402875,1.15973784,5830539.748248098,3273678.34880579,12988206.35209,40000000.0,40000000.0,2026-08-04,,
1105,Origin Dollar,OUSD,origin-dollar,0.9994474431940195,-0.00733112,-0.01819026,-0.00401777,5800004.536726743,56569.5840479,5803211.14053899,5803211.14053899,,2026-08-04,,
1106,FAR Labs,FAR,farcana,0.0011989768442438949,0.01378644,-27.82198817,-37.98843201,5793923.712355755,68842.26222294,4832390000.0,5000000000.0,5000000000.0,2026-08-04,,
1107,RACA,RACA,radio-caca,1.4061550998198849e-05,-0.5452975,-0.06037179,6.96749879,5788723.917222786,148615.05294239,411670371068.18915,415670371068.18945,500000000000.0,2026-08-04,,
1108,Marvell Technology Tokenized bStocks,MRVLB,marvell-technology-tokenized-bstocks,195.55916266402483,0.521444,1.23492981,6.78876032,5752364.659716522,1555426.80692835,29414.95852894,29414.95852894,,2026-08-04,,
1109,KAN,KAN,bitkan,0.0005953833465654438,-0.16329774,-1.78767197,-0.50089404,5749176.702980038,90152.8617925,9656260518.781734,10000000000.0,,2026-08-04,,
1110,Bitgert,BRISE,bitrise-token,1.4518431927609537e-08,-0.12915928,-1.29865948,1.22198126,5744798.329435818,501311.30785193,395690000000000.0,1000000000000000.0,,2026-08-04,,
1111,Coq Inu,COQ,coq-inu,8.273025680183035e-08,2.65561002,1.56745198,-3.89458913,5743134.427183063,1153457.26577832,69420000000000.0,69420000000000.0,69420000000000.0,2026-08-04,,
1112,Auki,AUKI,auki-labs,0.004571555246004304,0.2869583,-2.77990066,-8.25976011,5740898.081793507,40452.73464525,1255786657.4643822,9991616050.76035,10000000000.0,2026-08-04,,
1113,Broadcom Tokenized Stock (Ondo),AVGOon,broadcom-tokenized-stock-ondo,393.0683511576722,0.41929014,-0.88617983,3.31626073,5717217.4548709765,3072957.91537882,14545.09740617,14545.09740617,,2026-08-04,,
1114,Hyperion,RION,hyperion-xyz,0.16129000146380199,0.04649079,0.64795159,0.30664199,5705770.937824935,216383.7959104,35375850.245159,100000000.0,100000000.0,2026-08-04,,
1115,Manyu (manyushiba.com),MANYU,manyu-ethereum,5.703934488356688e-09,-4.72637557,-16.11057515,-4.26525515,5703934.488356688,1596325.8925681,1000000000000000.0,1000000000000000.0,1000000000000000.0,2026-08-04,,
1116,MAP Protocol,MAPO,map-protocol,0.0009143331920639148,-0.14472216,-1.11469451,-3.77804344,5702069.044259996,510490.86299104,6236314172.723813,9697223991.055454,10000000000.0,2026-08-04,,
1117,SymVerse (symverse.org),SYMM,symverse-org,0.034264511387910604,2.69893782,-7.27793751,-5.78437872,5659732.634446699,8048.32434902,165177684.0,315177684.0,315177684.0,2026-08-04,,
1118,iShares Russell 2000 Value Tokenized ETF (Ondo),IWNon,ishares-russell-2000-value-tokenized-etf-ondo,227.05640977441604,-0.04520482,1.47622754,2.30420284,5609594.687820495,129030.76799684,24705.73146732,24705.73146732,,2026-08-04,,
1119,ProShares UltraPro QQQ Tokenized Stock (Ondo),TQQQon,proshares-ultrapro-qqq-tokenized-stock-ondo,68.68155981145678,1.01088097,3.85622591,9.62380641,5604826.451960904,1438296.93917786,81605.98663378,81605.98663378,,2026-08-04,,
1120,Utrust,UTK,utrust,0.007941774505361205,0.00421351,0.02497167,-0.00546533,5591563.254080233,5098693.46916806,704069758.0,429263914.0,1000000000.0,2026-08-04,,
1121,Minswap,MIN,minswap,0.0032486978937149307,-0.04011702,1.65110338,14.92815145,5588791.351466252,138520.04735743,1720317350.0,2462666723.0,2500000000.0,2026-08-04,,
1122,ELYSIA,EL,elysia,0.0010887497856721486,-0.03787421,0.89977425,-7.88784235,5555234.706049993,360694.92171928,5102397978.99976,6803300704.688,7000000000.0,2026-08-04,,
1123,Polkastarter,POLS,polkastarter,0.05598676799703578,1.44317828,0.28860814,-2.19218661,5554426.646496092,80103.75930719,99209631.94000003,100000000.0,,2026-08-04,,
1124,Saga,SAGA,saga,0.013333601726490079,-0.49609305,1.52383064,7.16711894,5553517.507206891,9146018.24537243,416505429.0,1104581084.0,,2026-08-04,,
1125,tx,TX,tx,0.002236804911136306,-0.81820859,-1.23767107,-15.9567031,5552492.50485342,119044.63875742,2482332043.0,101927474788.0,,2026-08-04,,
1126,Mamo,MAMO,mamo,0.009219856191996514,0.74770088,-1.38983145,-5.57512007,5526363.888085817,689439.71635414,599398057.085,1000000000.0,1000000000.0,2026-08-04,,
1127,ANDY (ETH),ANDY,boysclubandy,5.519592605243139e-06,0.44135476,1.92079657,27.12816125,5519592.605243139,38753.08601735,1000000000000.0,1000000000000.0,1000000000000.0,2026-08-04,,
1128,Bytecoin,BCN,bytecoin-bcn,2.9962700317598565e-05,-9.25e-06,29.26180969,-0.0286108,5515139.2301663365,0.0299627,184066828814.058,184066828814.058,184470000000.0,2026-08-04,,
1129,BugsCoin,BGSC,bugscoin,0.0005903731052290149,4.56009033,10.66024956,9.88580737,5503247.810878705,185101.71497327,9321643825.126331,12985800644.0,14745800644.0,2026-08-04,,
1130,VNX Gold,VNXAU,vnx-gold,130.63832867663393,0.08724826,0.55287364,0.39078955,5499873.637286289,3172.7355731,42100.0,44100.0,,2026-08-04,,
1131,Beta Finance,BETA,beta-finance,0.005493561405410718,0.0,4.28092622,1.03229115,5493561.405410718,0.0,1000000000.0,1000000000.0,1000000000.0,2026-08-04,,
1132,Layer3,L3,layer3-xyz,0.004384214038624025,-0.35110064,0.1868479,-7.24663374,5489449.920738546,1436184.88749512,1252094417.010123,3333333312.0,3333333333.0,2026-08-04,,
1133,Upland (SPARKLET),SPARKLET,upland-sparklet,0.019827711267310096,0.00081442,-0.27647829,-0.55602877,5470633.866402213,166043.62805405,275908489.52,1000000000.0,1000000000.0,2026-08-04,,
1134,PumpBTC (Governance token),PUMP,pumpbtc-pump,0.010434747007169292,2.71476788,6.60984388,16.47602642,5451857.114345611,2383019.63131433,522471422.69955,1000000000.0,1000000000.0,2026-08-04,,
1135,PAAL AI,PAAL,paal-ai,0.00545555504026143,1.26813204,-2.9252858,5.94848684,5449202.724014957,1282254.79874957,998835624.203295,1000000000.0,1000000000.0,2026-08-04,,
1136,Phoenix,PHNIX,phoenix-xrp,1.0237396871816557e-05,-0.16140477,-0.84028089,2.94340013,5425811.232806564,58350.53484964,529999110198.0,589000000000.0,589000000000.0,2026-08-04,,
1137,Zypher Network,POP,zypher-network,0.0022651577666535872,0.21118917,0.43653639,3.68219486,5408064.170150598,2746163.53163342,2387500001.0,10000000000.0,10000000000.0,2026-08-04,,
1138,Pitbull,PIT,pitbull,1.3417121731804628e-10,0.02445777,2.79060585,8.08895977,5392630.774040592,71397.71040817,4.019215806366e+16,1e+17,1e+17,2026-08-04,,
1139,Realio Network,RIO,realio-network,0.03382072404982977,0.3527371,-6.64827714,5.10589296,5381375.089015361,163850.57987571,159114721.52656198,159114721.52656198,175000000.0,2026-08-04,,
1140,MCOIN,MCOIN,mcoin1,0.030374299281945898,-0.41364163,0.82253464,-10.93607092,5376250.972904424,300994.41475126,177000000.0,500000000.0,500000000.0,2026-08-04,,
1141,Treehouse,TREE,treehouse,0.03424957263072882,1.67245454,2.23177636,-10.82899793,5347127.156312756,3909853.40882742,156122449.0,1000000000.0,1000000000.0,2026-08-04,,
1142,SquidGrow,SQGROW,squid-grow,0.005342562890437474,-1.82033684,-8.42325772,-5.73752618,5342562.890437474,54998.95314598,1000000000.0,1000000000.0,1000000000.0,2026-08-04,,
1143,Giant Mammoth,GMMT,giant-mammoth,0.0025410106891810783,46.8518905,27.93680258,50.82839032,5336122.447280264,30842.65451386,2100000000.0,3000000000.0,3000000000.0,2026-08-04,,
1144,Depinsim,ESIM,depinsim,0.03960616254159052,0.57507015,-3.34038334,-13.07189835,5327028.861843925,551626.99797454,134500000.0,1000000000.0,1000000000.0,2026-08-04,,
1145,Anthropic tokenized stock (PreStocks),ANTHROPIC,anthropic-tokenized-stock-prestocks,714.0177399774389,-0.01033671,-0.6491891,-6.0864321,5272226.800296883,5129.22676237,7383.88768949,7383.88768949,,2026-08-04,,
1146,Quickswap [New],QUICK,quickswap-new,0.007936713342109398,0.07273064,-0.61248546,5.24855774,5268349.6816219045,594829.19266896,663794880.1388481,896874880.1388481,1000000000.0,2026-08-04,,
1147,BFG Token,BFG,betfury,0.004652710395850451,0.23993826,-0.7707841,-0.05915556,5224104.718027441,7298.59337187,1122808916.43,3327754200.68,,2026-08-04,,
1148,SmarDex,SDEX,smardex,0.0005324583871998497,0.32158229,-1.12027787,-6.0893425,5220996.214099056,264736.31257947,9805453984.030191,10000000000.0,10000000000.0,2026-08-04,,
1149,NetX,NETX,netx,0.21168374304222917,-0.80022304,-1.41388808,3.03799164,5183401.280194086,212654.87859462,24486534.51465113,30000000.0,50000000.0,2026-08-04,,
1150,Venus LINK,vLINK,venus-link,0.16688631206045895,0.56147809,-1.59883064,-1.74699534,5158007.315381967,0.0,30907312.0,30907312.0,,2026-08-04,,
1151,Hydranet,HDN,hydranet,0.02743083801579248,0.43370735,2.1776065,-4.56478851,5157358.741920943,127648.41540287,188013167.47784916,300000000.0,300000000.0,2026-08-04,,
1152,district0x,DNT,district0x,0.005111938410293958,-0.02985633,0.29823372,1.11171978,5111938.410293958,4720.06862885,1000000000.0,1000000000.0,,2026-08-04,,
1153,Aragon,ANT,aragon,0.1182642583389325,0.0,-4.17920254,-10.17816657,5108127.588462237,0.0,43192488.24799543,43192488.24799543,,2026-08-04,,
1154,ANyONe Protocol,ANYONE,anyone-protocol,0.05209853932225098,0.20441529,-0.58813266,-2.22370565,5079605.788625504,66848.65341231,97499965.5404165,100000000.0,100000000.0,2026-08-04,,
1155,DAOBase,BEE,daobase,0.02916121933348791,0.21795491,-2.74009234,-1.71191481,5076676.129252319,222684.96905419,174089981.32744092,1023994887.175673,1000000000.0,2026-08-04,,
1156,Polyhedra Network,ZKJ,polyhedra-network,0.006312862743344726,0.15194766,1.90042088,-1.09346954,5055865.75173702,1542472.91440425,800883205.8113599,1000000000.0,1000000000.0,2026-08-04,,
1157,Obyte,GBYTE,obyte,5.368702239634854,-0.00036304,7.15011441,12.90226067,5037165.687741437,7480.92765263,938246.4258409,1000000.0,1000000.0,2026-08-04,,
1158,Ansem Cat,ANSEMCAT,ansem-cat,1.1916565621017926e-05,0.53113813,241.7996257,56.86169259,5013179.991106031,6411138.34335249,420690000000.0,420690000000.0,420690000000.0,2026-08-04,,
1159,VNX Swiss Franc,VCHF,vnx-swiss-franc,1.2296294038498887,0.11117549,-0.25622063,0.66033911,5004433.599669331,5785.12797144,4069871.44582,4069871.44582,,2026-08-04,,
1160,LeverUp,LV,leverup,0.05557454058373153,0.0,2.35915518,7.62287672,5001708.652535838,0.0,90000000.0,1000000000.0,1000000000.0,2026-08-04,,
1161,Manchester City Fan Token,CITY,manchester-city-fan-token,0.3634075154092945,0.13501483,0.32472824,0.71462128,4982229.455050214,691269.08665109,13709759.0,19740000.0,19740000.0,2026-08-04,,
1162,Creta World,CRETA,creta-world,0.0016614335612141807,0.05012882,-0.68383053,-4.8865827,4945419.569650001,88291.03179334,2976597852.059684,10000000000.0,10000000000.0,2026-08-04,,
1163,Alephium,ALPH,alephium,0.03638807606877726,0.08416871,2.12565254,-5.22559184,4934242.247613783,210652.39816362,135600525.79552573,223240668.02083057,,2026-08-04,,
1164,Amaterasu Omikami,OMIKAMI,amaterasu-omikami,0.005210399347093535,-0.02049916,2.81394287,2.84089484,4934123.18942764,8914.77725267,946976011.0,999476011.0,1000000000.0,2026-08-04,,
1165,Tokemak,TOKE,tokemak,0.054433621735488304,52.87801259,30.11602913,43.87642932,4926543.849766793,1016.91576129,90505531.19001643,100000000.0,100000000.0,2026-08-04,,
1166,Nebius Group Tokenized Stock (Ondo),NBISon,nebius-group-tokenized-stock-ondo,213.71057875722897,1.01936637,8.42796483,17.61304534,4923798.285190048,1922764.52187867,23039.56272929,23039.56272929,,2026-08-04,,
1167,Kryll,KRL,kryll,0.12275195251368236,0.10878483,-0.16900653,-0.68733249,4898093.655739389,9333.89102563,39902368.60137464,49417348.0,49417348.0,2026-08-04,,
1168,Robinhood Markets Tokenized Stock (Ondo),HOODon,robinhood-markets-tokenized-stock-ondo,90.86361100128642,0.45343178,3.75629737,-3.8555023,4891235.157544796,1608590.01440678,53830.51700945,53830.51700945,,2026-08-04,,
1169,Intel tokenized stock (xStock),INTCX,intel-tokenized-stock-xstock,91.20138947389314,0.44583532,-1.05263224,2.83378386,4890672.916140237,1801668.09857696,53624.98251784,1840632.22821547,,2026-08-04,,
1170,McDull,MCDULL,mcdull,6.459577649314035e-07,0.0,0.0,-3.07555455,4880569.779480711,0.0,7555555555554.0,8888888888888.0,8888888888888.0,2026-08-04,,
1171,Eli Lilly Tokenized Stock (Ondo),LLYon,eli-lilly-tokenized-stock-ondo,1126.5436053550957,0.02245675,-2.48550278,-6.35077548,4879346.987883976,1655343.84331903,4331.25443586,4331.25443586,,2026-08-04,,
1172,Juventus Fan Token,JUV,juventus-fan-token,0.30874334680941073,0.22574418,-1.29623179,1.04548193,4863463.515961208,2883002.8005975,15752448.0,19956000.0,19956000.0,2026-08-04,,
1173,Pangolin,PNG,pangolin,0.0205753407673121,-0.00520106,-0.06006886,-0.81980351,4857020.5585997235,513531.07236612,236060273.0,230000000.0,538000000.0,2026-08-04,,
1174,Alchemix,ALCX,alchemix,1.9211183808005308,-2.35917045,-0.15231213,-3.50339924,4854399.6745545715,239265.5763764,2526861.2923956,2689440.37056544,,2026-08-04,,
1175,Landwolf 0x67,WOLF,landwolf-coin,5.356643797680449e-06,1.19983233,-3.79756349,30.82015049,4832547.11778021,163706.44243053,902159505150.0,902159505150.0,1000000000000.0,2026-08-04,,
1176,Alltoscan,ATS,alltoscan,0.06525189813791428,-0.49254806,-20.41743422,5.12325236,4811173.794422228,819480.83768403,73732319.3917438,98561539.0,100000000.0,2026-08-04,,
1177,Helium Mobile,MOBILE,helium-mobile,5.368403815268024e-05,0.53289488,-8.28467904,-8.62917668,4792910.926271291,729.78665877,89280000000.0,100880000000.0,,2026-08-04,,
1178,SCOR,SCOR,scor,0.013320754409847075,-0.07077872,-0.40598579,8.12708497,4727047.3114943905,34650.48431464,354863333.2658715,4000000000.0,4000000000.0,2026-08-04,,
1179,AMO Coin,AMO,amo-coin,0.00022288826320784996,0.48306362,0.47342169,2.86728344,4725231.180006419,6826.98447831,21200000000.0,21200000000.0,21200000000.0,2026-08-04,,
1180,dYdX (ethDYDX),ETHDYDX,dydx-ethdydx,0.11327463087740712,0.21104718,0.89352226,-2.50947806,4718678.262306863,1793876.65914606,41656973.19652899,1000000000.0,,2026-08-04,,
1181,Bluefin,BLUE,bluefin,0.008509179167270814,0.07426117,-3.14053115,-1.73058841,4692447.905152015,2350413.21492359,551457175.0,1000000000.0,1000000000.0,2026-08-04,,
1182,Graphite Protocol,GP,graphite-protocol,0.13379246458980656,-0.05699597,-3.40602827,-6.07736703,4690941.733621114,129251.87725996,35061329.85892024,58649001.2219296,,2026-08-04,,
1183,Mame Inu,MAME,mame-inu,0.0052209730900581765,0.70456442,1.0006575,5.07843093,4688233.610543274,2028488.59628762,897961649.9979,897961649.9979,1000000000.0,2026-08-04,,
1184,Aspecta,ASP,aspecta,0.012285831839765076,0.02970164,-4.97580374,0.22916555,4687696.376818671,846464.74500827,381553031.0,1000000000.0,1000000000.0,2026-08-04,,
1185,S.S. Lazio Fan Token,LAZIO,lazio-fan-token,0.3537904187618939,3.19282232,3.8602819,3.9449076,4662575.242697363,1986225.13826685,13178918.91763,40000000.0,40000000.0,2026-08-04,,
1186,South Korea Bull 3X ETF Tokenized bStocks,KORUB,south-korea-bull-3x-etf-tokenized-bstocks,16.3369353445193,3.09598813,-1.41897157,8.74059974,4658605.281462459,9130547.53779525,285157.84528861,285157.84528861,,2026-08-04,,
1187,Green Satoshi Token (SOL),GST,green-satoshi-token,0.0009431187331750372,-0.09757126,-1.66640329,-9.863133,4630340.149237025,17502.93438066,4909604683.228852,4919604683.228852,,2026-08-04,,
1188,Marvell Tokenized Stock (Reality),rMRVL,marvell-tokenized-stock-reality,195.78659580883544,1.01745441,1.60594933,7.03366277,4619218.501871489,140376.169824,23593.12946215,23593.12946215,,2026-08-04,,
1189,Hey Anon,ANON,hey-anon,0.3044358515920932,0.00318131,-3.80515136,-0.84853653,4615154.066706051,158336.54031622,15159693.060362,20961083.951299,20961083.951299,2026-08-04,,
1190,crow with knife,CAW,crow-with-knife,5.986685897569263e-09,0.29442463,-0.14551288,-4.96549459,4608918.372882599,14310.81589302,769861397731578.0,777777777777777.0,777777777777777.0,2026-08-04,,
1191,Rain Coin,RAIN,rain-coin,4.605317864647871,0.65168086,1.12719337,-1.41029363,4605317.864647871,7871.54006528,1000000.0,1000000.0,1000000.0,2026-08-04,,
1192,ShareX,SHARE,sharex-network,0.25523322793197367,0.1565295,-0.11420383,11.96474957,4594198.102775526,1062041.54385529,18000000.0,100000000.0,100000000.0,2026-08-04,,
1193,RHEA Finance,RHEA,rhea-finance,0.011384488613698212,0.17505773,-2.44727214,-4.37998103,4576989.959412576,287304.62449769,402037378.64038813,999574423.025856,1000000000.0,2026-08-04,,
1194,Luna by Virtuals,LUNA,luna-by-virtuals,0.004565965712031554,0.10220477,0.20299716,-0.6008129,4565965.712031554,290.11655116,1000000000.0,1000000000.0,1000000000.0,2026-08-04,,
1195,Alitas,ALT,alitas,0.005996066304294049,-0.00253193,4.19300731,5.0251624,4557010.3912634775,471.19921747,760000000.0,1000000000.0,1000000000.0,2026-08-04,,
1196,Hemi,HEMI,hemi,0.004656744726403645,0.40870189,-1.69158489,1.07209964,4551967.970059563,3923540.43936324,977500000.0,10000000000.0,,2026-08-04,,
1197,Splintershards,SPS,splintershards,0.002888020929263543,-1.38356882,1.01323689,4.96036694,4514248.634081282,2697.62308199,1563094155.0110002,2751188843.941,3000000000.0,2026-08-04,,
1198,Marvell tokenized stock (xStock),MRVLX,marvell-tokenized-stock-xstock,195.94567849360482,0.69599364,1.30565988,6.89178775,4506824.638105645,626999.47886482,23000.37782284,986614.97755795,,2026-08-04,,
1199,ParagonsDAO,PDT,paragonsdao,0.05470201189107492,0.0,-1.94997081,-4.43918341,4503638.7349324785,0.0,82330403.93286309,84467740.26777703,162500000.0,2026-08-04,,
1200,Apple Tokenized bStocks,AAPLB,apple-tokenized-bstocks,304.826888319216,0.0020253,-1.0993806,-10.61731167,4493413.634969297,3062003.31610887,14740.8703338,14740.8703338,,2026-08-04,,
1201,Milady Meme Coin,LADYS,milady-meme-coin,6.099357468327008e-09,-0.53204524,0.844908,-0.46064755,4479160.888286211,143000.45812618,734366023232083.0,888000888000888.0,888000888000888.0,2026-08-04,,
1202,MORI COIN,MORI,mori-coin,0.005581359783249891,0.83781724,-0.82346259,-0.98332091,4465132.393757782,952649.70598554,800007985.0,999998186.0,999999999.0,2026-08-04,,
1203,RSS3,RSS3,rss3,0.004789593713401221,-1.0762737,-5.50127523,5.95258934,4452499.336128587,652808.76972734,929619421.3030119,1055772199.8297999,1000000000.0,2026-08-04,,
1204,Wexo,WEXO,wexo,0.015179832973855844,-0.40847268,-2.57231544,-2.0589537,4450608.458259175,90101.14214419,293192189.0,920900277.0,928000000.0,2026-08-04,,
1205,Enzyme,MLN,enzyme,1.352738250462722,-0.08287921,-0.06894564,-1.35409208,4431838.791198968,1538002.08270872,3276198.32564282,3276817.94131474,,2026-08-04,,
1206,MonaCoin,MONA,monacoin,0.06704971921448723,0.37497553,0.86502344,-1.08313828,4407156.244171351,550.61096499,65729674.871168,65729674.871168,105120000.0,2026-08-04,,
1207,DAO Maker,DAO,dao-maker,0.02092318203357245,-0.99584249,-3.25667902,-6.82932825,4385399.680369955,1167932.37452329,209595255.3169651,269161167.0415053,,2026-08-04,,
1208,Lockheed Tokenized Stock (Ondo),LMTon,lockheed-tokenized-stock-ondo,594.150955975053,-0.02226391,0.52749227,0.32637568,4369354.347846305,1213106.61236481,7353.94650788,7353.94650788,,2026-08-04,,
1209,ARAI,AA,arai,0.029578899626270885,-0.1831306,1.47974509,2.30517738,4358380.935412298,413709.14217346,147347636.0,1000000000.0,1000000000.0,2026-08-04,,
1210,AIVille Governance Token,AIV,aiville,0.0015646866063467576,-0.00175704,-1.18936064,-0.42592325,4345385.055681962,59.44472412,2777160000.0,10000000000.0,10000000000.0,2026-08-04,,
1211,Lava Network,LAVA,lava-network,0.016404456838615807,0.14050679,1.40567589,-1.30368317,4339084.9870540835,655066.64198302,264506471.0,959853317.783747,,2026-08-04,,
1212,Nomina,NOM,nomina,0.0014937588332251204,1.51201675,5.23041241,1.78800738,4331900.616352849,6296407.86601318,2900000000.0,7500000000.0,7500000000.0,2026-08-04,,
1213,NEM,XEM,nem,0.00048113650405472234,0.00578229,6.08870409,-3.75446143,4330228.536011364,189796.27186552,8999999999.0,8999999999.0,8999999999.0,2026-08-04,,
1214,NKN,NKN,nkn,0.005388567042388297,-0.8254882,-1.49519717,-6.95430417,4329482.867703558,108698.83993026,803457177.6961066,803457177.6961066,1000000000.0,2026-08-04,,
1215,PlatON,LAT,platon,0.0006218700853268089,-0.04468258,0.36417509,23.79719332,4325328.461861749,1499362.5556869,6955357017.356248,10250000000.0,,2026-08-04,,
1216,PepeFork,PORK,pepefork,1.0605751779044724e-08,2.66967884,-3.49716453,-18.79526425,4323177.3283232115,6407.72950552,407625731620941.9,420690000000000.0,420690000000000.0,2026-08-04,,
1217,Galeon,GALEON,galeon,0.005215352851602696,0.0,0.43340316,5.21429892,4301511.096530853,0.0,824778537.3158374,3931074356.4648747,4000000000.0,2026-08-04,,
1218,Kekius Maximus (kekiusmaximus.vip),KEKIUS,kekius-maximus-vip,0.0042963428628984375,-0.05443039,-0.37858799,32.65827038,4296342.862898437,2396917.13479703,1000000000.0,1000000000.0,,2026-08-04,,
1219,Populous,PPT,populous,0.0805668246492835,-2.71651958,-0.77961514,0.91368858,4290364.3652105,672.46056993,53252245.99438964,53252246.0,53252246.0,2026-08-04,,
1220,HOPR,HOPR,hopr,0.012533063734405516,-0.0571723,-0.43482397,-3.70327747,4275953.14283915,76822.15229269,341173813.0,394545361.0,1000000000.0,2026-08-04,,
1221,Open Loot,OL,open-loot,0.005338744403536512,-0.14573498,-1.09375157,-0.49212889,4274779.758939741,605593.83612153,800708825.1140146,5000000000.0,5000000000.0,2026-08-04,,
1222,Lingo,LINGO,lingo,0.0087527182253885,0.03497797,-0.50007382,-7.96025169,4255625.281604765,157201.36884859,486206133.0,486206133.0,1000000000.0,2026-08-04,,
1223,PRIZM,PZM,prizm,0.0008990391797211329,0.01001101,0.02697715,-2.18052818,4241881.540525374,0.0,4718238800.05,4718238800.05,6000000000.0,2026-08-04,,
1224,WhiteCoin,XWC,whitecoin,0.005468336307213489,0.9819341,1.31649103,-0.45126391,4179584.088695824,856306.00243983,764324623.4110321,971792390.0,1000000000.0,2026-08-04,,
1225,MAGIC•INTERNET•MONEY (Bitcoin),MIM,magic-internet-money-bitcoin,0.0001984709943591874,0.00732483,0.13271573,-2.24891297,4167890.8815429355,1013.68262643,21000000000.0,21000000000.0,21000000000.0,2026-08-04,,
1226,Arm Holdings plc Tokenized Stock (Ondo),ARMon,arm-holdings-plc-tokenized-stock-ondo,243.0066367295798,1.3453113,-0.49040256,-5.89247863,4141012.8525613705,972705.02186783,17040.73974395,17040.73974395,,2026-08-04,,
1227,PIBBLE,PIB,pibble,0.00013954001616836828,-0.38127396,3.16898007,3.17755146,4137152.293931054,49216.85103454,29648500892.670006,29648500892.670006,30000000000.0,2026-08-04,,
1228,Croatian Football Federation Token,VATRENI,croatian-ff-fan-token,1.067728920216045,1.48262427,0.84862279,-0.68380418,4125730.173208883,4339.13493256,3864024.0,20999999.44183582,30000000.0,2026-08-04,,
1229,Sperax,SPA,sperax,0.00201163455287153,3.30459189,-3.01721398,-5.4051606,4120234.4917996903,1168753.42642075,2048202287.0,4615267291.67,5000000000.0,2026-08-04,,
1230,Australian Digital Dollar,AUDD,novatti-australian-digital-dollar,0.7009183433070902,-0.2738099,-0.10374985,0.12648355,4113914.0507391705,5272.30609736,5869320.0,5670229.704638,,2026-08-04,,
1231,Hivemapper,HONEY,hivemapper,0.000673633600446737,0.37784194,-5.65672814,-15.85589283,4111462.129380658,160084.757535,6103410112.936823,6568807355.053327,10000000000.0,2026-08-04,,
1232,Fwog (SOL),FWOG,fwog-solana,0.004179998686892039,0.54616793,0.73389515,14.79646726,4078154.3899254836,1802231.19308207,975635328.0,975635328.0,975635328.0,2026-08-04,,
1233,Counterparty,XCP,counterparty,1.572077365261425,0.0,0.0,19.14725124,4068878.6887903633,0.0,2588217.84391873,2588217.84391873,,2026-08-04,,
1234,Edel,EDEL,edel,0.006517824132162057,0.28049994,-4.07878774,-10.20609355,4021050.4332394106,665171.78412586,616931410.1921878,1000000000.0,1000000000.0,2026-08-04,,
1235,CONX,XPLA,xpla,0.003986790315916542,0.30097893,0.29452024,-7.92387408,4008058.355969106,36332.36168332,1005334627.1981386,1999879778.2998,2000000000.0,2026-08-04,,
1236,Coca-Cola Tokenized Stock (Ondo),KOon,coca-cola-tokenized-stock-ondo,88.68419769248804,-0.21665447,-0.59514285,3.66096475,3973973.754824608,901326.04785745,44810.3930376,44810.3930376,,2026-08-04,,
1237,Diamond,DMD,diamond,1.0732772945321425,0.83041609,0.87186927,-4.72766437,3964109.6625789283,16477.29444757,3693462.70788943,4380000.0,4380000.0,2026-08-04,,
1238,Coinbase Tokenized bStocks,COINB,coinbase-tokenized-bstocks,148.3772610234949,0.61285817,0.18059638,-8.67119599,3961227.7923236443,1738416.69785982,26697.00036919,26697.00036919,,2026-08-04,,
1239,XMAQUINA,DEUS,deus-token,0.019593054984681457,0.00135187,-0.79988426,3.08730609,3945481.224232125,126674.70104261,201371415.9081798,999987281.5088582,1000000000.0,2026-08-04,,
1240,PayAI Network,PAYAI,payai-network,0.0039354915018450865,0.04460632,6.27662197,-7.7409909,3935266.0034585423,1079419.27397398,999942701.3407503,999942701.3407503,1000000000.0,2026-08-04,,
1241,Mitosis,MITO,mitosis,0.021667715973110385,0.4156817,0.77343616,-3.97819223,3927773.6543463487,1959242.20995685,181273082.0,1000000000.0,1000000000.0,2026-08-04,,
1242,doginme,DOGINME,doginme,5.77144808404665e-05,-0.01836925,-0.05418781,-4.96920459,3902610.3754029456,171335.0048752,67619258088.6326,67619258088.6326,69000000000.0,2026-08-04,,
1243,TSMC Tokenized bStocks,TSMB,tsmc-tokenized-bstocks,406.4885235911095,0.46669395,-1.07860161,3.79807835,3900980.7774874954,1421584.66596512,9596.77961637,9596.77961637,,2026-08-04,,
1244,Arsenal Fan Token,AFC,arsenal-fan-token,0.16764192376238507,-0.13767481,1.35768104,5.60299369,3883579.734203254,1599676.09566579,23165922.02621,39266147.13,40000000.0,2026-08-04,,
1245,VestChain,VEST,vestchain,0.0009827243706142237,0.0,0.0,0.0,3877782.587367552,0.0,3945951381.0,3945951381.0,,2026-08-04,,
1246,SpaceX tokenized stock (PreStocks),SPACEX,spacex-tokenized-stock-prestocks,443.21743803165504,-0.06389237,1.04011632,2.88992554,3874854.1262793024,500174.63669522,8742.55792707,8742.55792707,,2026-08-04,,
1247,Wolf Safe Poor People,WSPP,wolf-safe-poor-people,2.868005336529816e-10,0.35334169,-5.38273118,30.05768877,3872954.4064498637,9831.42376583,1.3504e+16,4.999999975e+16,4.999999975e+16,2026-08-04,,
1248,Sport.Fun,FUN,sport-fun,0.021619056438226397,1.15243617,-1.01187049,6.26493363,3848192.0460042986,554909.99950599,178000000.0,1000000000.0,1000000000.0,2026-08-04,,
1249,Keyboard Cat,KEYCAT,keyboard-cat,0.0003831120550370544,0.66017937,-2.11620024,-2.49229988,3831120.550370544,51691.77683688,10000000000.0,10000000000.0,10000000000.0,2026-08-04,,
1250,Ref Finance,REF,ref-finance,0.03983659300342738,0.82053893,1.99571336,3.89057204,3824121.0679755383,12.39822854,95995183.81620954,99990506.14259167,99990506.14259167,2026-08-04,,
1251,SPACEM WORLD,SPCM,spacem,0.00039179420893115276,-0.04675704,5.53723594,1.44298111,3810088.1798249795,246505.47539717,9724717959.0,42582201726.0,42582201726.0,2026-08-04,,
1252,SK Hynix tokenized stock (Backpack),SKHY,sk-hynix-tokenized-stock-backpack,142.3401772353178,0.99209156,-2.7435529,1.97439234,3806869.633153875,7874972.28016649,26744.870683,26744.870683,,2026-08-04,,
1253,Klever Coin,KLV,klever,0.00042841136976490496,0.15714447,2.23281193,4.43441654,3804627.298596321,94470.67365484,8880780406.65482,10000000000.0,10000000000.0,2026-08-04,,
1254,SpaceN,SN,spacen,0.09482475732017,0.171439,0.51237457,0.26169721,3793938.5403800015,0.0,40010000.0,1000000000.0,1000000000.0,2026-08-04,,
1255,Inflation Hedging Coin,IHC,inflation-hedging-coin,3.1649436500691225e-05,-0.00186761,0.74850022,2.97787605,3786633.1427069437,0.0,119642987723.47,621439126933.0,1000000000000.0,2026-08-04,,
1256,Quantoz EURQ,EURQ,quantoz-eurq,1.1287273340316144,0.01289411,-0.332694,-0.47942953,3781535.6817494268,4215182.35739091,3350265.0,5000000.0,,2026-08-04,,
1257,Divi,DIVI,divi,0.0007970943989181882,0.12380953,-56.54523065,-36.93084523,3772757.947718704,15.3349425,4733138198.987559,4733138198.987559,,2026-08-04,,
1258,AMD Tokenised Stock (xStock),AMDx,amd-tokenised-stock-xstock,490.93460119451095,0.77584372,0.96050538,2.1478017,3766044.479518458,1128880.58117347,7671.17345234,348854.57628189,,2026-08-04,,
1259,SUNDOG,SUNDOG,sundog,0.0037571118790672275,-0.13630407,-3.1988179,-6.87632636,3747420.8072290327,1730763.83131921,997420606.0,1000000000.0,1000000000.0,2026-08-04,,
1260,Neon EVM,NEON,neon,0.015638582047806368,-1.28799402,2.35545459,-16.42977032,3744901.291610691,102530.53192813,239465527.0,1000000000.0,1000000000.0,2026-08-04,,
1261,BNBTiger,BNBTIGER,bnbtiger,8.79458974903e-19,-0.06148012,-0.06148012,1.08723849,3733959.6761029684,11001.13472195,4.2457462856807e+24,4.2457462856807e+24,1e+25,2026-08-04,,
1262,Venus LTC,vLTC,venus-ltc,0.899760097942698,0.43041771,-0.61416788,-4.42347829,3727146.4349956773,0.0,4142378.0,4142378.0,,2026-08-04,,
1263,Reactive Network,REACT,reactive-network,0.005419960047898756,1.1407442,0.82724697,-11.17948587,3717215.9751841263,71012.33394533,685838261.229479,685838261.229479,2400000000.0,2026-08-04,,
1264,Oraichain,ORAI,oraichain-token,0.267416923381794,0.92304917,-1.06998521,1.02240017,3696691.3237529057,105048.77188728,13823700.0,18014986.26,19779272.0,2026-08-04,,
1265,Aergo,AERGO,aergo,0.0075346794291681115,-7.15278424,-2.52799995,-52.5134242,3691992.8884125524,510395.51680152,489999995.7689212,500000000.0,500000000.0,2026-08-04,,
1266,MESSIER,M87,messier,4.1625317697621415e-06,0.52494607,-4.58002114,-9.38560282,3683200.80989819,114250.16680968,884846293944.0,884846293944.0,884846293944.0,2026-08-04,,
1267,AC Milan Fan Token,ACM,ac-milan-fan-token,0.26621712377574985,0.10384552,0.00042703,-1.53866288,3682763.0332683627,1249422.58068385,13833682.0,19920000.0,19920000.0,2026-08-04,,
1268,LOFI,LOFI,lofitheyeti,0.003682577597490218,0.00976481,1.45062721,3.09075364,3682577.597490218,25646.69359806,1000000000.0,1000000000.0,1000000000.0,2026-08-04,,
1269,BTSE Token,BTSE,btse,0.845151342355578,-1.39200845,-6.18138976,-3.14506911,3680389.8472206015,5170819.59198823,4354711.0,165904711.0,,2026-08-04,,
1270,Scroll,SCR,scroll,0.019366431091491415,0.92496491,1.76647098,-3.96950342,3679621.907383369,2780643.16346012,190000000.0,1000000000.0,1000000000.0,2026-08-04,,
1271,SIX Token,SIX,six,0.004285680793301659,0.23413605,1.53984315,-10.10135496,3646971.2567580193,295356.13297663,850966610.126,999999970.0,1000000000.0,2026-08-04,,
1272,ASML Holding NV Tokenized Stock (Ondo),ASMLon,asml-holding-nv-tokenized-stock-ondo,1644.6162837782776,0.2266521,-0.82035016,0.72582152,3629484.281463754,2072721.88498246,2206.88820685,2206.88820685,,2026-08-04,,
1273,Steem Dollars,SBD,steem-dollars,0.36983038016513436,0.0215324,0.10761023,0.03160167,3624947.9956726907,1055372.23806532,9801650.135,9801650.135,,2026-08-04,,
1274,Fei USD,FEI,fei-usd,0.9997363167177116,-0.087895,0.2104845,0.01249723,3603404.8188931122,0.0,3604355.22710993,3859229.92325242,,2026-08-04,,
1275,Marina Protocol,BAY,marina-protocol,0.01799697884197888,-0.41561004,1.42723037,-12.70748944,3599395.768395776,480784.61614383,200000000.0,1000000000.0,1000000000.0,2026-08-04,,
1276,Tectonic,TONIC,tectonic,1.4564507309041815e-08,-1.01715461,-1.38501616,-2.83851028,3608121.9046333595,384080.3162498,247733879909099.0,500000000000000.0,,2026-08-04,,
1277,PussFi,PUSS,pussfi,0.004085873686623303,-0.01094455,0.42430098,0.20171972,3590766.394100597,779233.08746027,878824621.0,1000000000.0,1000000000.0,2026-08-04,,
1278,Nash,NEX,nash,0.08096984143305452,-5.40665294,-9.83480835,-9.46744245,3588445.5616428573,1429.03639192,44318298.0,50000000.0,50000000.0,2026-08-04,,
1279,elizaOS,ELIZAOS,elizaos,0.0003765746544127816,-0.14697777,-1.93454885,-3.6920281,3574596.4433246832,1528027.12746422,9492397859.061422,10999984882.282202,11000000000.0,2026-08-04,,
1280,Minutes Network Token,MNTX,minutes-network-token,0.046028594039917374,0.16589208,1.4559331,1.98990351,3575097.0079365172,42158.44796748,77671219.0,93328736.60546489,500000000.0,2026-08-04,,
1281,Direxion Semiconductor Bull 3X tokenized ETF (xStock),SOXLx,direxion-semiconductor-bull-3x-tokenized-etf-xstock,116.27412724354416,1.89138522,-3.75028738,-2.4537687,3573641.1305648745,4727014.98351504,30734.62011957,463802.16924789,,2026-08-04,,
1282,AST SpaceMobile Tokenized Stock (Ondo),ASTSon,ast-spacemobile-tokenized-stock-ondo,63.582157641051936,0.94829346,7.50574953,9.8300105,3572778.96081963,252940.40531065,56191.53381031,56191.53381031,,2026-08-04,,
1283,雪球,雪球,xue-qiu,0.006523176987071738,-0.52193362,5.41631575,-5.46403226,3572492.155784665,144698.64238679,547661386.9077867,547661386.9077867,1000000000.0,2026-08-04,,
1284,Sui Name Service,NS,sui-name-service,0.011308179465906064,0.0212384,-1.88232357,-1.79651562,3563293.593657981,116218.67256381,315107626.6875,500000000.0,500000000.0,2026-08-04,,
1285,Grok (grokoneth.com),GROK,grok-erc,0.0005637029543015684,1.15073552,-1.93922768,8.19504075,3561977.7608329947,159389.38374971,6318891419.056528,6594615419.056528,6900000000.0,2026-08-04,,
1286,Intel Tokenized Stock (Reality),rINTC,intel-tokenized-stock-reality,91.17527730737491,0.77497299,-1.13941646,2.82750405,3557458.6854738696,339324.55842214,39017.79945764,39017.79945764,,2026-08-04,,
1287,Jager Hunter,JAGER,jager-hunter,2.696606946554527e-10,0.04638185,0.74051291,4.13526782,3554570.0557106566,24555.49196705,1.3181639468267168e+16,1.3181639468267168e+16,1.46e+16,2026-08-04,,
1288,Advanced Micro Devices Tokenized bStocks,AMDB,advanced-micro-devices-tokenized-bstocks,491.02021835012897,0.71926947,0.81097125,2.22942695,3544527.7839923548,2903377.43314542,7218.70027247,7218.70027247,,2026-08-04,,
1289,Pundi AI,PUNDIAI,pundi-ai,0.5015036171466212,0.1546859,-0.67664729,-1.3944241,3539417.9464173997,5844.99812066,7057612.0,8312980.0,18930226.0,2026-08-04,,
1290,Ski Mask Dog,SKI,ski-mask-dog,0.003568022392249023,-0.00123816,-3.81851787,-2.18139491,3530190.818521059,25990.92014572,989397047.0,1000000000.0,1000000000.0,2026-08-04,,
1291,Liqwid Finance,LQ,liqwid-finance,0.17444612360726677,0.45991955,1.39245723,7.17041195,3513762.5534702684,39677.1224112,20142394.0,21000000.0,21000000.0,2026-08-04,,
1292,Epic Private Internet Cash,EPIC,epic-cash,0.20310588509989574,-3.43447297,-0.20487786,-16.86401179,3509594.139136941,2370.92930187,17279628.0,19350121.0,21000000.0,2026-08-04,,
1293,SPECTRE AI,SPECTRE,spectre-ai,0.3502822885421789,0.0,1.72760271,-5.21151489,3500430.8076733346,0.0,9993171.0,10000000.0,10000000.0,2026-08-04,,
1294,Suilend,SEND,suilend,0.04770237222405479,-2.08526845,-4.50995853,-7.05556898,3498352.570937797,6488.49968413,73337077.5462963,100000000.0,100000000.0,2026-08-04,,
1295,Gearbox Protocol,GEAR,gearbox-protocol,0.00034921219995246767,-7.759e-05,0.59987437,-14.24524735,3492121.9995246767,0.32604277,10000000000.0,10000000000.0,10000000000.0,2026-08-04,,
1296,Harvest Finance,FARM,harvest-finance,5.177337974241593,0.10555765,0.39778949,-9.76814654,3480120.905033167,102562.84986374,672183.450713,690420.0,,2026-08-04,,
1297,iShares Russell 2000 Tokenized ETF (Ondo),IWMon,ishares-russell-2000-tokenized-etf-ondo,298.6779824352738,0.31986978,2.12851181,2.37553046,3478783.7863696855,182414.86607499,11647.27228303,11647.27228303,,2026-08-04,,
1298,Electra Protocol,XEP,electra-protocol,0.00018782066618659816,1.63453004,19.08060311,23.60121662,3461639.8823432075,61721.30499622,18430559068.0,18430559068.0,30000000560.0,2026-08-04,,
1299,SpaceChain,SPC,spacechain,0.011225797629335505,0.0,-0.20817673,-13.09825955,3448371.1622068086,0.0,307182730.0,391259213.0,,2026-08-04,,
1300,KYVE Network,KYVE,kyve-network,0.002853853894975156,-0.5833196,-3.55592672,-26.25428385,3447352.6214002958,5780.45406596,1207963949.195201,1275215757.195201,,2026-08-04,,
1301,Roundhill Memory ETF Tokenized ETF (Ondo),DRAMon,roundhill-memory-etf-tokenized-etf-ondo,50.9778414829087,1.97597426,-1.6557348,1.98466285,3439632.393759882,266504.84085144,67473.08818309,67473.08818309,,2026-08-04,,
1302,MicroStrategy Tokenized Stock (Reality),rMSTR,microstrategy-tokenized-stock-reality,93.56279689502284,-0.15782688,-0.21481615,-1.50417021,3432427.6380043337,83381.81869111,36685.81692631,36685.81692631,,2026-08-04,,
1303,Bitrue Coin,BTR,bitrue-coin,0.009556304279366308,0.01018494,-0.09473443,-3.04703731,3425712.6735213874,333976.4121832,358476726.29241055,801307097.3484074,1000000000.0,2026-08-04,,
1304,CESS Network,CESS,cess-network,0.0012912943033986063,0.18750043,-0.04436548,0.99041073,3421929.9040063065,169024.73744204,2650000000.0,10000000000.0,10000000000.0,2026-08-04,,
1305,Google Tokenized Stock (Reality),rGOOGL,google-tokenized-stock-reality,373.22225654441047,0.24893318,3.6856606,15.13366461,3414821.6373996637,925010.24028971,9149.56591554,9149.56591554,,2026-08-04,,
1306,Alibaba Tokenized Stock (Ondo),BABAon,alibaba-tokenized-stock-ondo,129.75530200757962,0.21541374,1.87748963,11.75681969,3413480.3487139433,1955523.1130311,26307.05871668,26307.05871668,,2026-08-04,,
1307,Boson Protocol,BOSON,boson-protocol,0.019999078633965762,-0.01320309,1.171153,-9.71635849,3409112.841728201,28423.56658381,170463495.0501309,200000000.0,200000000.0,2026-08-04,,
1308,LUCA,LUCA,luca,0.37828890526589065,0.11746744,12.68681036,30.8123789,3400756.0256489655,599247.2652331,8989838.13246823,9913502.99707426,,2026-08-04,,
1309,Unstable Coin (usduc.io),USDUC,unstable-coin-sol,0.0033942329500592037,0.57311589,2.57486428,-13.33251476,3393948.6294754944,859293.22361263,999916234.216127,999916234.216127,1000000000.0,2026-08-04,,
1310,Major,MAJOR,major,0.04059333487414352,-0.18089888,22.58742074,22.2140046,3383449.103439659,1276264.01926859,83349868.0,99999999.0,99999999.0,2026-08-04,,
1311,Games for a Living,GFAL,games-for-a-living,0.0008052371041983514,-0.03438552,-0.36712397,-4.89328938,3381347.135042923,3211.33158013,4199194395.555333,10000000000.0,10000000000.0,2026-08-04,,
1312,Purple Pepe,$PURPE,purple-pepe,8.025145068252268e-06,1.01182021,-4.28617511,-7.93002558,3348201.2846603626,227526.48248932,417213801892.0,420683240832.10004,420690000000.0,2026-08-04,,
1313,TrustSwap,SWAP,trustswap,0.03338567445564479,-0.0216883,0.26476196,4.1826286,3338405.9924428114,16464.49665217,99995164.0,99995164.26708125,,2026-08-04,,
1314,GAIB,GAIB,gaib,0.01628643461735209,0.05107354,0.91532507,10.24084548,3335977.5521587357,307998.4784804,204831667.0,1000000000.0,1000000000.0,2026-08-04,,
1315,Tradr 2X Long SNDK ETF Tokenized bStocks,SNXXB,tradr-2x-long-sndk-etf-tokenized-bstocks,10.455927726674924,0.14140195,6.03389409,2.73153466,3325804.0866843583,8390722.45377267,318078.33543069,318078.33543069,,2026-08-04,,
1316,Destra Network,DSYNC,destra-network,0.0034030282732091886,0.46352558,-0.28285451,-6.51627374,3317774.622476658,528042.31189663,974947710.1310906,999874315.1676701,1000000000.0,2026-08-04,,
1317,Buying.com,BUY,buying-com,0.00997987227585169,0.00331662,0.02680201,-0.29506165,3311217.0121063953,13343.04535734,331789518.0,986800000.0,1000000000.0,2026-08-04,,
1318,PIVX,PIVX,pivx,0.03145171323977406,7.18456785,-3.51524333,-8.21433434,3310414.990497221,3719123.15873401,105253884.43103464,105253923.40936194,,2026-08-04,,
1319,Star Atlas DAO,POLIS,star-atlas-polis,0.011305635570589119,24.95018958,25.24347756,23.86441181,3308062.208098959,22634.65773235,292602940.1394,360000000.0,,2026-08-04,,
1320,GamerCoin,GHX,gamercoin,0.005049889012901657,0.05569813,-0.64348297,-5.1713416,3282251.7352035274,273265.07136757,649965123.3557609,808000000.0,808000000.0,2026-08-04,,
1321,Djed,DJED,djed,0.9950989178465265,0.32645182,0.07375006,-0.15386121,3277262.826088346,23796.12532158,3293404.07,1000000000000.0,1000000000000.0,2026-08-04,,
1322,Ren,REN,ren,0.003285663719072246,-0.045771,-1.36137402,-0.29648696,3262263.259265909,6709.53384807,992878011.322186,999999632.80375,,2026-08-04,,
1323,Star Atlas,ATLAS,star-atlas,0.00013007289076231407,0.0760786,1.59545962,-0.90952891,3259708.305237552,66441.3273797,25060627822.8575,36000000000.0,,2026-08-04,,
1324,Swell Network,SWELL,swell-network,0.0006342141544381833,0.00554506,1.19510385,-0.49282012,3256686.9704348533,1022880.68592418,5134995722.88761,10000000000.0,10000000000.0,2026-08-04,,
1325,Odos,ODOS,odos,0.0008643654235404808,0.00399229,-0.75086394,-15.40393189,3237357.5770053607,223966.60438406,3745357563.870376,10000000000.0,10000000000.0,2026-08-04,,
1326,Pfizer Tokenized Stock (Ondo),PFEon,pfizer-tokenized-stock-ondo,26.688971143811877,0.13952561,0.6463386,2.68824812,3228347.030229931,840904.15196076,120961.83898713,120961.83898713,,2026-08-04,,
1327,Ampleforth Governance Token,FORTH,ampleforth-governance-token,0.22348347251260575,1.2335689,-1.3697684,43.51820916,3205544.7164977468,2047881.80425582,14343542.63632151,15297897.14455933,,2026-08-04,,
1328,Vertcoin,VTC,vertcoin,0.04302379775446265,0.10320845,0.49943846,-1.23095571,3199020.671393991,7999.05444285,74354679.0,74354679.0,84000000.0,2026-08-04,,
1329,Shapeshift FOX Token,FOX,fox-token,0.0041377064326415984,0.6176577,0.5361605,3.70101761,3195494.885095569,21679.15207915,772286516.0,999089275.0,,2026-08-04,,
1330,DaGama World,DGMA,dagama-world,0.01998145319688481,0.0040787,0.2775598,-19.99442267,3193661.903611954,95742.36441225,159831313.17545307,700000000.0,700000000.0,2026-08-04,,
1331,Palantir Technologies Tokenized Stock (Ondo),PLTRon,palantir-technologies-tokenized-stock-ondo,143.21022222400347,0.20621885,14.75427551,10.00234467,3193616.2376650753,2626788.56255369,22300.19748639,22300.19748639,,2026-08-04,,
1332,BitShares,BTS,bitshares,0.0010642823339022328,0.49539673,-1.40614827,1.79970226,3187589.4469772214,70993.27421155,2995060000.0,2995060000.0,3600570502.0,2026-08-04,,
1333,World3,WAI,world3,0.00939558123175358,0.27663623,1.42132665,-6.01508386,3185677.7142221145,85324.785957,339061271.0,1000000000.0,1000000000.0,2026-08-04,,
1334,SWEAT,SWEAT,sweat-economy,0.00037472539966793163,4.36202354,-0.01847417,-12.84336487,3168947.9647570276,1023972.17934342,8456720488.03,19724436538.95,21867346500.41,2026-08-04,,
1335,BigONE Token,ONE,bigone-token,0.0003687448818672184,-0.11361432,-0.20221923,-1.83307807,3165369.389454032,0.0,8584171727.145089,8584171727.145089,13508522147.21,2026-08-04,,
1336,VitaDAO,VITA,vitadao,0.21870364514464066,-1.15059317,-1.06959296,-3.57421578,3160879.241643087,3198.27466037,14452796.33795141,27219552.0,64298880.0,2026-08-04,,
1337,Gems,GEMS,gems-vip,0.005219314505914921,0.4871781,-0.29529549,-2.81345296,3125665.8828601,135188.67203398,598865211.0,838059738.7,843303980.0,2026-08-04,,
1338,Rainbow,RNBW,rainbow,0.014771825579507238,-0.46458111,3.3133248,10.54399137,3102083.37169652,208124.02183875,210000000.0,1000000000.0,1000000000.0,2026-08-04,,
1339,iShares Core S&P MidCap Tokenized ETF (Ondo),IJHon,ishares-core-sp-midcap-tokenized-etf-ondo,76.38641005635195,0.01677583,1.28568261,-0.14756473,3093292.993430435,226049.66454442,40495.33144899,40495.33144899,,2026-08-04,,
1340,Nexa,NEXA,nexa,5.27409602283694e-07,-0.39643562,3.90754529,22.68615241,3090419.853733579,31555.18857676,5859620000000.0,10836400000000.0,21000000000000.0,2026-08-04,,
1341,DIMO,DIMO,dimo,0.006139092021268676,0.20732128,-0.09445142,-1.12074163,3082324.386847308,10862.16766284,502081476.57156783,1000000000.0,1000000000.0,2026-08-04,,
1342,Propchain,PROPC,propchain,0.0718186788700844,0.04842195,-1.45563838,1.97320718,3078945.110731585,52066.65858545,42871090.90799635,63763337.0,100000000.0,2026-08-04,,
1343,Stonks,STNK,stonks,5.2712595966485,0.51573351,2.70838121,-4.40464407,3067223.5875226636,2273.13250369,581876.78509949,581876.78509949,581918.12,2026-08-04,,
1344,Pkoin,PKOIN,pocketnet,0.22009687745182785,-0.05831514,-9.06750925,-20.48489829,3064667.87878656,18106.78602735,13924177.0,16609085.0,24375000.0,2026-08-04,,
1345,Unibright,UBT,unibright,0.02040890922684524,-0.02622772,3.18784028,-16.13299096,3061336.3685873104,703.01046855,149999999.24349335,150000000.0,150000000.0,2026-08-04,,
1346,MileVerse,MVC,mileverse,0.0011056661875664998,-0.02330772,0.89878278,4.42648695,3052777.5131203593,11511.22571371,2761029999.334,3000000000.0,3000000000.0,2026-08-04,,
1347,Wolfspeed Tokenized Stock (Ondo),WOLFon,wolfspeed-tokenized-stock-ondo,25.317587057900024,3.3149613,8.53545925,9.93872248,3040514.077398026,212.44663583,120094.93916006,120094.93916006,,2026-08-04,,
1348,Grin,GRIN,grin,0.01279701339876478,0.00331662,10.27051065,4.66141802,3040009.874359646,1351.79797223,237556200.0,237556200.0,,2026-08-04,,
1349,客服小何,客服小何,kefuxiaohe,0.0030381297997792763,-0.78700083,-3.91578918,2.24188958,3038129.7997792764,471437.93830958,1000000000.0,1000000000.0,1000000000.0,2026-08-04,,
1350,MetFi,METFI,metfi2,0.009228660704795178,1.94599744,4.68016724,6.71534456,3031240.0713444646,17517.71634824,328459368.9493258,449855288.4533027,500000000.0,2026-08-04,,
1351,TQQQ tokenized ETF (xStock),TQQQX,tqqq-tokenized-stock-xstock,68.28990059368881,0.06819607,5.87144206,8.92794235,3005273.886361775,344651.78186686,44007.58911984,2092561.87748013,,2026-08-04,,
1352,Flamingo,FLM,flamingo,0.0052843035399265355,-9.25e-06,0.02149432,-0.00084316,2993313.1598170535,0.0,566453674.9640744,566453674.9640744,1000000000.0,2026-08-04,,
1353,IBM Tokenized Stock (Ondo),IBMon,ibm-tokenized-stock-ondo,232.39467696944206,0.11880416,1.63234989,5.43987103,2986553.2258378123,1360046.80019763,12851.21184695,12851.21184695,,2026-08-04,,
1354,Bluzelle,BLZ,bluzelle,0.006272574764275206,-0.37917625,-0.27449911,0.83498627,2984001.8168868483,114110.53501777,475722000.77740306,500000000.0,,2026-08-04,,
1355,Yee Token,YEE,yee-token,0.0029821764251553146,0.13922833,-3.52824222,-9.38523746,2982176.4251553146,443371.95023198,1000000000.0,1000000000.0,1000000000.0,2026-08-04,,
1356,ZenChain,ZTC,zenchain,0.0005293648830993743,-1.5933512,-1.54958278,-0.42713534,2951200.4744655886,280384.60699431,5574983473.0,21000000000.0,21000000000.0,2026-08-04,,
1357,Beefy,BIFI,beefy-finance,36.752611014000514,-1.18767028,-17.0554915,-5.69634027,2940208.881120041,810595.56583934,80000.0,80000.0,80000.0,2026-08-04,,
1358,Cisco Systems Tokenized Stock (Ondo),CSCOon,cisco-systems-tokenized-stock-ondo,117.09415356398854,0.05547727,-0.62332384,1.05620875,2930572.216949515,1487996.51686522,25027.48538464,25027.48538464,,2026-08-04,,
1359,Roam,ROAM,roam,0.00814028404501105,-0.17205692,1.82334444,-0.32253042,2915989.010801398,1351324.14162567,358217108.233284,995632498.01541,1000000000.0,2026-08-04,,
1360,Cointel,COLS,cointel,0.003793659456534445,-0.02668882,0.15717996,-0.41677542,2907258.9213766516,473760.93321268,766346836.0,10000000000.0,10000000000.0,2026-08-04,,
1361,Sταking,SN88,staking,0.64407357926967,-0.64369912,11.11816281,3.23646753,2903082.842569049,308194.84848248,4507377.62890526,4507377.62890526,21000000.0,2026-08-04,,
1362,JPMorgan Chase Tokenized Stock (Ondo),JPMon,jpmorgan-chase-tokenized-stock-ondo,357.92692032713745,-0.0614096,0.05463136,-0.04463738,2897580.787904546,965986.90500761,8095.4536341,8095.4536341,,2026-08-04,,
1363,Altura,ALU,altura,0.002922528535773403,1.66013544,-2.44145874,-9.93976223,2893303.250415669,1739731.97574464,990000000.0,990000000.0,990000000.0,2026-08-04,,
1364,Qualcomm Tokenized Stock (Ondo),QCOMon,qualcomm-tokenized-stock-ondo,153.23776606886042,0.07073628,2.5894454,-10.09000093,2890047.1744180825,601189.71169962,18859.88845021,18859.88845021,,2026-08-04,,
1365,MEVerse,MEV,meverse,0.0016693730878784747,-0.14925725,0.90956266,6.07463897,2882414.7550952667,15014.22720757,1726645035.8070574,1999999999.99999,,2026-08-04,,
1366,ABBC Coin,ABBC,abbc-coin,0.0031837025595705865,0.00421351,-4.6180262,8.80252032,2882218.9666257254,507.21407069,905304095.6861483,907217636.86,1225109279.0,2026-08-04,,
1367,YURU COIN,YURU,yuru-coin,0.3816803989558016,0.11983618,-4.25161033,28.25673973,2880328.762092019,36049.50770977,7546441.39434983,9390441.39434983,10000000.0,2026-08-04,,
1368,Footballcoin (XFC),XFC,footballcoin,0.007254838367240558,0.00451087,-0.14323915,0.34472045,2867605.2259750073,41039.3720858,395267968.8804323,1000000000.0,,2026-08-04,,
1369,Kendu,KENDU,kendu,3.0230576853388547e-06,0.32259806,-2.19343803,-4.18798622,2867152.999559988,811.44656662,948428147258.0,996747147258.0,1000000000000.0,2026-08-04,,
1370,Cult DAO,CULT,cult-dao,6.622998410028176e-07,0.0,-0.99563211,-4.13074899,2860268.1844286583,0.0,4318690730920.0,4957113505372.0,6666666666666.0,2026-08-04,,
1371,NATIX Network,NATIX,natix-network,7.041835744909833e-05,-0.14392159,0.6420928,-0.45769317,2859208.858396267,59821.84393012,40603174541.0,99991483316.62,100000000000.0,2026-08-04,,
1372,United States Oil Tokenized Fund (Ondo),USOon,united-states-oil-tokenized-fund-ondo,123.29535406574229,-0.11067,0.79361959,-0.9826274,2856877.541348258,1017638.01397916,23171.00723702,23171.00723702,,2026-08-04,,
1373,Impossible Finance Launchpad,IDIA,impossible-decentralized-incubator-access,0.0042003808071298335,0.0,-0.45572736,-1.67678771,2856258.9488482866,0.0,680000000.0,1000000000.0,1000000000.0,2026-08-04,,
1374,PaLM AI,PALM,palm-ai,0.03694366144463717,-0.00247018,1.33544834,-7.69119039,2849315.5993595035,1326.26488949,77125966.61891283,77125966.61891283,,2026-08-04,,
1375,Shadow Token,SHDW,genesysgo-shadow,0.016710488298054587,-0.00166693,-4.47321161,-7.97483947,2824968.3583112564,19393.67000102,169053609.20184097,169053609.20295855,,2026-08-04,,
1376,Cryptex Finance,CTX,cryptex-finance,0.301248935893435,-0.04517765,-0.16481804,0.80241136,2813244.701629661,1123908.25321231,9338604.61045688,10000000.0,,2026-08-04,,
1377,DeLorean,DMC,delorean,0.00036773779623756696,0.05346091,-3.15134363,-9.4170095,2821502.9362228564,1474549.14661302,7672594346.0,12800000000.0,12800000000.0,2026-08-04,,
1378,GmeStop,GME,gme,0.00040818568658798594,0.63664033,-2.36103528,5.868407,2810445.892879693,843316.14558675,6885214218.0,6885214218.0,,2026-08-04,,
1379,Nine Chronicles,WNCG,wrapped-ncg,0.004345157126938441,0.59991388,0.02355766,-5.64463105,2806995.94268672,577284.54824945,646005624.35,723789440.0,1000000000.0,2026-08-04,,
1380,Meta Tokenized Stock (Reality),rMETA,meta-tokenized-stock-reality,589.1778985769328,-0.07755347,4.55423164,-0.72413042,2805753.0715280557,497758.1283751,4762.14922234,4762.14922234,,2026-08-04,,
1381,Goldfinch,GFI,goldfinch-protocol,0.03197055012060476,-0.0303821,3.67696952,-7.25996006,2800129.510194305,198513.87428979,87584652.11362267,114285714.0,114285714.0,2026-08-04,,
1382,GOLDAO,GOLDAO,gold-dao,0.003520244873449414,0.94203589,27.48588312,5.55975373,2790000.65525323,2673.6026541,792558687.1231964,987794316.0971963,,2026-08-04,,
1383,IBStoken,IBS,ibstoken,0.000692541369581737,0.0055876,-0.2521396,0.47655512,2787489.539195309,143002.97443681,4025015200.0,20000000000.0,20000000000.0,2026-08-04,,
1384,BitForex Token,BF,bitforex-token,0.0006495729260212165,0.0,0.0,0.0,2786066.156590516,0.0,4289073705.17397,10000000000.0,,2026-08-04,,
1385,Ancient8,A8,ancient8,0.004625403733202765,1.2044954,1.05124564,-2.52337014,2761545.670291003,1707528.48317983,597038838.03,1000000000.0,1000000000.0,2026-08-04,,
1386,Wen,WEN,wen,3.770280168207858e-06,-1.93643953,1.01365535,-14.46483192,2743696.789664412,135283.25344585,727716951329.0,727716951329.0,727716951329.0,2026-08-04,,
1387,Arrow Finance,ARROW,arrow-finance,0.3041043897804933,1.12296787,-3.15210984,50.76801837,2736939.5080244397,1631994.02590359,9000000.0,10000000.0,10000000.0,2026-08-04,,
1388,Purple Bitcoin,PBTC,purple-bitcoin,0.1414432886560047,0.16444798,0.67790879,-4.03815293,2731576.6944405455,17579.39123015,19312169.0,19312169.0,19312169.0,2026-08-04,,
1389,NeuralAI,NEURAL,neuralai,0.2719532938518761,-0.31129682,0.30067342,-12.08076979,2719532.938518761,76179.74699325,10000000.0,10000000.0,,2026-08-04,,
1390,ROA CORE,ROA,roa-core,0.003463343568494024,-0.3628107,-0.73602938,1.40492814,2718724.7012678087,81511.60185442,785000000.0,949999869.89,1000000000.0,2026-08-04,,
1391,USD Coin (Wormhole),USDC(WormHole),usd-coin-wormhole-from-ethereum,0.9990914060227299,-0.00046897,-0.089516,-0.04886707,2712315.423644253,9478.45609125,2714782.058272,239118.776264,,2026-08-04,,
1392,Dent,DENT,dent,2.709819556463436e-05,0.45725861,-0.82937127,0.86726971,2709819.5564634344,582027.23717206,99999999999.99994,99999999999.99994,100000000000.0,2026-08-04,,
1393,Verified USD,USDV,verified-usd,0.157489450058417,-0.31923384,-0.42897879,164.27233287,2699655.0173531235,0.33545114,17141815.0,17141815.0,,2026-08-04,,
1394,Dingocoin,DINGO,dingocoin,2.3378357298712242e-05,1.06730334,2.95108277,15.20433517,2691385.4292055946,58853.190929,115122948752.0,115122948752.0,,2026-08-04,,
1395,PeiPei (ETH),PEIPEI,peipei-coin,6.3938059772261265e-09,1.10305156,5.51812536,1.35946227,2689774.1386944833,41053.91081569,420684354244576.0,420690000000000.0,420690000000000.0,2026-08-04,,
1396,Central African Republic Meme,CAR,central-african-republic-meme,0.002706385349788229,0.0,0.98563303,-8.21806764,2687326.819363644,0.0,992957939.110158,992957939.110158,1000000000.0,2026-08-04,,
1397,Measurable Data Token,MDT,measurable-data-token,0.0039729195599740655,-0.13517839,0.46612902,44.81938913,2686317.420574879,213988.72882669,676157012.5,1000000000.0,,2026-08-04,,
1398,Suku,SUKU,suku,0.004044855261328181,0.09340031,3.11612232,1.35957963,2685971.1435484644,15441.03613956,664046293.3812101,1500000000.0,,2026-08-04,,
1399,Procter & Gamble Tokenized Stock (Ondo),PGon,procter-gamble-tokenized-stock-ondo,148.99498629874148,-0.07529212,1.78901005,-2.25273005,2684956.288446913,492958.68534982,18020.44723212,18020.44723212,,2026-08-04,,
1400,League of Traders,LOT,league-of-traders,0.005797517302445353,0.61061959,1.0415143,-5.72798535,2669273.6164567894,396451.52256796,460416671.0,1000000000.0,1000000000.0,2026-08-04,,
1401,XBorg,XBG,xborg,0.01118115057034646,-1.852e-05,-2.03398066,-3.02342443,2668641.8584361593,0.0,238673278.0,1000000000.0,1000000000.0,2026-08-04,,
1402,Inter Milan Fan Token,INTER,inter-milan-fan-token,0.210825795295994,-0.07720342,-1.85119923,2.34041199,2662128.3085944247,1107870.70818351,12627147.0,19728000.0,19728000.0,2026-08-04,,
1403,Avalon Labs (AVL),AVL,avalon-labs-avl,0.016360329956124457,0.37326758,-1.17433227,-19.6177295,2645203.555905367,1473701.22658411,161683998.0,162250000.8,1000000000.0,2026-08-04,,
1404,Chevron Tokenized Stock (Ondo),CVXon,chevron-tokenized-stock-ondo,197.85277936871302,0.04689303,0.0591133,2.12765917,2639790.0494173686,1718734.1618367,13342.19341189,13342.19341189,,2026-08-04,,
1405,IMPT,IMPT,impt,0.001849578278805248,0.48574881,1.5369268,2.92396568,2639398.470533796,275695.53723106,1427027177.372963,1644862425.9118423,2759360954.815418,2026-08-04,,
1406,Tectum,TET,tectum,0.26431210012385076,-0.22371191,-0.73520723,3.42622567,2625760.997405709,72382.77649138,9934320.05638537,10000000.0,10000000.0,2026-08-04,,
1407,Cratos,CRTS,cratos,4.092390660629691e-05,0.53021478,1.98011332,-10.48230075,2614048.370322273,534042.73146348,63875826799.0,100000000000.0,100000000000.0,2026-08-04,,
1408,Zypto,ZYPTO,zypto,0.0029122131840697402,0.3397865,1.40431454,4.20585356,2610676.789091512,50771.8567513,896457994.0,896457994.0,1000000000.0,2026-08-04,,
1409,Vulcan Forged (PYR),PYR,vulcan-forged-pyr,0.06974162867104329,6.70384183,-1.07272219,-8.2021426,2608347.5631851344,9276858.9133892,37400152.7192341,50000000.0,50000000.0,2026-08-04,,
1410,World of Dypians,WOD,world-of-dypians,0.004582388835293729,1.77431447,-7.69833494,-8.24180015,2598562.0406421972,918535.25294418,567075849.3098569,1000000000.0,1000000000.0,2026-08-04,,
1411,Forest Protocol,FOREST,forest-protocol,0.021974920539523882,1.87177664,1.76616294,-2.61880582,2575204.598251857,179507.50147051,117188346.30687825,1000000000.0,1000000000.0,2026-08-04,,
1412,Lumentum Tokenized bStocks,LITEB,lumentum-tokenized-bstocks,788.6046776939199,1.45130933,7.90406555,13.36953765,2573192.6287620803,1917351.25153078,3262.96901546,3262.96901546,,2026-08-04,,
1413,GameStop (gamestop-coin.vip),GME,gamestop,6.247595151234528e-06,0.8702076,-4.0550554,38.82507401,2569620.1669157986,51601.74408481,411297484026.0,411297484026.0,420690000000.0,2026-08-04,,
1414,GAMEE,GMEE,gamee,0.001453221686603927,1.46778402,1.22831764,15.75802306,2563926.50749409,259262.38626081,1764305151.18846,3180000000.0,,2026-08-04,,
1415,Not Pixel,PX,not-pixel,0.013126982100628846,-2.07605343,-5.86166073,-4.30295955,2565396.778641622,9923.67746967,195429289.0,225000000.0,225000000.0,2026-08-04,,
1416,AMD Tokenized Stock (Reality),rAMD,amd-tokenized-stock-reality,490.4804361252111,0.97067197,0.85353002,2.07445715,2565309.3117313953,35532.59951072,5230.19701254,5230.19701254,,2026-08-04,,
1417,Book of Ethereum,BOOE,book-of-ethereum,0.02653353308124503,3.392e-05,-0.90179724,-7.34210693,2552287.3194198385,0.0,96191009.0,100000000.0,100000000.0,2026-08-04,,
1418,OctaSpace,OCTA,octaspace,0.06378003283918458,-0.68742711,-8.04359088,-17.59037882,2550203.2836135156,88273.46964936,39984352.0,44907921.32955668,48000000.0,2026-08-04,,
1419,MATH,MATH,math,0.022289494885195903,-0.00747404,0.53728593,-2.60491518,2548941.1334602037,84863.21015742,114356164.04,200000000.0,,2026-08-04,,
1420,Bellscoin,BELLS,bellscoin,0.04137952182121842,0.0353956,-0.69424055,0.13905795,2544120.215909547,14936.70973268,61482591.0,61482591.0,,2026-08-04,,
1421,CloakCoin,CLOAK,cloakcoin,0.41195596431932335,0.0,-0.66385862,3.47787333,2543658.897545045,0.0,6174589.31987535,6174589.31987535,,2026-08-04,,
1422,Rayls,RLS,rayls,0.0016940876749157615,0.00070276,-1.17345034,-11.95766682,2541131.512373642,755774.3397057,1500000000.0,9951752541.12472,10000000000.0,2026-08-04,,
1423,VOOI,VOOI,vooi,0.0073239738463652705,0.03121693,-0.27565136,-4.98153985,2525692.639982839,478538.36639427,344852766.13,1000000000.0,1000000000.0,2026-08-04,,
1424,McDonald's Tokenized Stock (Ondo),MCDon,mcdonalds-tokenized-stock-ondo,272.6036024792863,0.03855987,-0.59819641,-0.61751845,2508108.061198647,624138.68377844,9200.56829179,9200.56829179,,2026-08-04,,
1425,iShares MSCI South Korea tokenized ETF (xStock),EWYx,ishares-msci-south-korea-tokenized-etf-xstock,161.5757582343517,1.14123081,-0.43450159,4.52800224,2504483.0223567877,144002.88679238,15500.3637286,352372.63316651,,2026-08-04,,
1426,Gochujangcoin,GOCHU,gochujangcoin,2.2408357720180863e-07,0.83803164,3.1352162,15.2722562,2504842.687150116,147015.68426304,11178162712452.0,29999999950000.0,29999999950000.0,2026-08-04,,
1427,Invesco QQQ Tokenized Stock (Reality),rQQQ,invesco-qqq-tokenized-stock-reality,700.981744706454,0.31802062,1.13365438,3.62049596,2484872.5020172936,103260.67809211,3544.84623998,3544.84623998,,2026-08-04,,
1428,Vara Network,VARA,vara-network,0.00041523866893288143,-0.28417317,0.42287307,1.21469938,2476736.0307142343,11648.49802194,5964608347.0,10032406684.0,,2026-08-04,,
1429,Oracle Tokenized bStocks,ORCLB,oracle-tokenized-bstocks,142.06847988390544,0.21182927,7.43007007,19.79433408,2473886.4531477294,2177828.33604419,17413.33795624,17413.33795624,,2026-08-04,,
1430,CLV,CLV,clover,0.0020187149690721554,-0.99022509,-2.05373014,-2.27282649,2471191.6176261944,31310.27921437,1224140929.0,2000000000.0,,2026-08-04,,
1431,zkVerify,VFY,zkverify,0.006417034655083043,0.0702056,-1.59614492,2.03113268,2461284.766295727,38734.85177804,383554850.2681221,1021876230.3408866,,2026-08-04,,
1432,Oracle tokenized stock (xStock),ORCLX,oracle-tokenized-stock-xstock,142.24606045461172,0.30396851,7.36526889,18.75126243,2460306.268061198,653392.65049046,17296.12939858,488120.58888339,,2026-08-04,,
1433,Dimitra,DMTR,dimitra,0.005054589360984888,-0.08392087,0.31882924,-0.54906374,2459073.805363151,143201.78151444,486503181.51344335,971071679.0,1000000000.0,2026-08-04,,
1434,Shido Network,SHIDO,shido-network,0.0001038871513318988,0.36422474,0.95492395,-0.8589531,2454634.546014674,51945.28586733,23627893483.88815,24629492406.931026,,2026-08-04,,
1435,Æternity,AE,aeternity,0.0063666369875537586,-0.53612631,-4.34141751,9.22369728,2451835.817785574,1520.14491187,385106897.5,396262883.69932,536306702.0,2026-08-04,,
1436,Aleph Zero,AZERO,aleph-zero,0.009140436619957719,0.24895322,0.19098793,-9.77444138,2438476.093154306,67378.33550054,266778951.0,336231180.0,,2026-08-04,,
1437,REGENT COIN,REGENT,regent-coin,0.846575479646327,0.00664935,3.973376,9.87992829,2436117.4607527405,1000563.95462524,2877614.01,2899999.9927002,2900000.0,2026-08-04,,
1438,Palo Alto Networks Tokenized Stock (Ondo),PANWon,palo-alto-networks-tokenized-stock-ondo,345.65268671659226,0.08259026,4.22734513,8.54300219,2433124.6850912287,244898.13564819,7039.21820543,7039.21820543,,2026-08-04,,
1439,Covalent X Token,CXT,covalent-x,0.0025072859853493006,0.79518396,-10.87536954,-21.27422152,2430199.7217911114,234766.67381282,969255097.3408602,1000000000.0,1000000000.0,2026-08-04,,
1440,Parcl,PRCL,parcl,0.005887215370312658,-0.03183833,0.76963618,-3.58342645,2427207.392191408,272741.74094397,412284457.0,1000000000.0,1000000000.0,2026-08-04,,
1441,TSMC tokenized stock(xStock),TSMX,tsmc-tokenized-stock-xstock,406.5642926167178,0.42489446,-1.30747647,3.51950834,2420874.6774147497,278326.69411701,5954.46949321,233460.89276336,,2026-08-04,,
1442,Minima,MINIMA,minima-global,0.004365478564582197,2.27291316,4.69052851,-2.8856692,2415711.4276088714,59297.73668988,553366920.0,999978158.0,1000000000.0,2026-08-04,,
1443,Aleph Cloud,ALEPH,aleph-im,0.009721306715561167,0.25542495,-0.68870417,-4.03260939,2403306.1332986453,64064.79432631,247220482.1448135,500000000.0,500000000.0,2026-08-04,,
1444,FEED EVERY GORILLA,FEG,feed-every-gorilla,2.771317273894337e-05,0.03288151,2.87336831,0.37419007,2397613.491006832,243513.53201975,86515301354.78262,96237173688.81119,100000000000.0,2026-08-04,,
1445,Microsoft Tokenized bStocks,MSFTB,microsoft-tokenized-bstocks,485.31316474291134,0.13707189,3.32824212,24.75290861,2379776.6557910237,13302031.99264613,4903.58974097,4903.58974097,,2026-08-04,,
1446,Petrobras Tokenized Stock (Ondo),PBRon,petrobras-tokenized-stock-ondo,19.567120960551883,-0.18040562,2.01396543,7.152756,2370632.656719641,588384.44999717,121153.88163128,121153.88163128,,2026-08-04,,
1447,Nakamoto Games,NAKA,nakamoto-games,0.024292971746239997,-0.00139795,-1.02409586,-4.45323848,2366135.4480837756,443888.32098727,97400000.0,180000000.0,180000000.0,2026-08-04,,
1448,Altcoinist,ALTT,altcoinist,0.009652898852754013,-6.5353531,-10.65550371,-10.65216568,2364960.2189247333,16762.86667028,245000000.0,1000000000.0,1000000000.0,2026-08-04,,
1449,错版马,哭哭马,crying-horse,0.002357307694378744,-1.53896162,13.66810604,-29.40896461,2357307.694378744,395360.2629597,1000000000.0,1000000000.0,1000000000.0,2026-08-04,,
1450,Novo Nordisk Tokenized Stock (Ondo),NVOon,novo-nordisk-tokenized-stock-ondo,47.68540098450016,-0.1707168,-1.66221994,-6.28841565,2351952.4754888816,709406.15957659,49322.27530714,49322.27530714,,2026-08-04,,
1451,BRN Metaverse,BRN,brn-metaverse,0.08353130315373354,-0.70829382,0.14304496,-2.06875591,2343011.341834327,132391.35746632,28049500.6467477,28103646.51957318,29700000.0,2026-08-04,,
1452,Aavegotchi,GHST,aavegotchi,0.04425222854137943,-0.06124936,-0.51767549,-0.52314494,2334207.7543802103,147188.03897404,52747801.21406849,52747802.71425598,,2026-08-04,,
1453,OneFootball Credits,OFC,onefootball-credits,0.010260721665758464,-3.02086805,2.19588606,6.94778088,2333881.43181051,1679540.88144807,227457824.8817542,1000000000.0,1000000000.0,2026-08-04,,
1454,Volt Inu,VOLT,volt-inu-v2,4.240082863361e-08,1.30681751,0.51653874,2.93116083,2322135.9560420862,7138.82267075,54766287142827.0,69000000000000.0,69000000000000.0,2026-08-04,,
1455,WINR Protocol,WINR,winr-protocol,0.003245245611769819,1.22378526,2.92844175,38.8396013,2313092.8867148375,10538.5192022,712763582.0,799869795.0,908286679.0,2026-08-04,,
1456,Aventus,AVT,aventus,0.38368931832054276,-1.75435708,-1.99416041,-6.65674254,2302135.9099232564,1917.95917941,6000000.0,10000000.0,10600000.0,2026-08-04,,
1457,Dragonchain,DRGN,dragonchain,0.006207585268775217,-4.4e-07,-6.85003696,-7.92531981,2301602.848662701,0.45646025,370772651.3625188,433494437.0,433494437.0,2026-08-04,,
1458,Truth,TRUU,truth,0.000189084382641891,-25.73910416,-28.56152594,3.92870639,2297146.8901882996,141013.36990246,12148792291.0,100000000000.0,100000000000.0,2026-08-04,,
1459,TrueFi,TRU,truefi-token,0.0018430336579148678,-0.0135445,99.98865253,128.54262858,2289709.5284069567,471347.15657541,1242359041.34135,1257020975.20003,1450000000.0,2026-08-04,,
1460,PornRocket,PORNROCKET,pornrocket,5.965361589123716e-09,0.0,0.81763545,1.31617994,2280683.2637437233,0.0,382321042852114.0,382321042852114.0,1000000000000000.0,2026-08-04,,
1461,Oasys,OAS,oasys,0.0003349450016793592,1.1400128,-2.84294856,-0.68438794,2276442.5669989195,6443.01144293,6796466750.019288,10000000000.0,10000000000.0,2026-08-04,,
1462,trac (Ordinals),TRAC,trac,0.10831781253035415,-0.40910295,2.94508233,-15.40604358,2274674.063137437,82833.56589247,21000000.0,21000000.0,21000000.0,2026-08-04,,
1463,Doge Killer,LEASH,doge-killer,2.861397707552645e-12,-9e-08,-1.94182021,2.35886349,2273446.359972943,0.0,7.945230241752806e+17,8.02920452938359e+17,,2026-08-04,,
1464,Zeus Network,ZEUS,zeus-network,0.0024381502606688884,0.43808849,1.45894629,5.99306983,2270891.6391343577,2134640.20450596,931399379.179918,999996598.696284,1000000000.0,2026-08-04,,
1465,Solana Name Service,SNS,sns,0.0005036378225825528,4.11e-06,5.83315663,18.71351397,2266370.2016214877,0.0,4500000000.0,10000000000.0,10000000000.0,2026-08-04,,
1466,Walmart Tokenized Stock (Ondo),WMTon,walmart-tokenized-stock-ondo,112.00952005757631,0.27888947,0.20352031,-0.21711441,2265938.381046638,723762.82225852,20229.8731383,20229.8731383,,2026-08-04,,
1467,Alibaba Tokenized bStocks,BABAB,alibaba-tokenized-bstocks,129.03251389722055,0.07695174,2.19779426,12.25967641,2265776.945369074,1258221.5668077,17559.73651086,17559.73651086,,2026-08-04,,
1468,Pain (paintoken.com),PAIN,pain,0.45092550593327174,0.05012672,-2.13841016,-3.50294921,2254565.974066789,2340.27334538,4999863.490535,9999863.490535,10000000.0,2026-08-04,,
1469,Validity,VAL,validity,0.4417959601563279,-0.13149099,1.78559415,-5.33152978,2253607.693800096,11348.99236835,5101014.71503421,5105175.61503421,9000000.0,2026-08-04,,
1470,Niza Global,NIZA,niza-global-new,0.0013906625940664258,2.51266,2.96650284,9.01048002,2245094.5206803204,62239.64546349,1614406348.642381,2500000000.0,2500000000.0,2026-08-04,,
1471,Dill,DL,dill,0.0018821284397914715,0.30345635,-0.45306111,-0.04383594,2230322.2011528937,8953.69210861,1185000000.0,6000000000.0,6000000000.0,2026-08-04,,
1472,PepsiCo Tokenized Stock (Ondo),PEPon,pepsico-tokenized-stock-ondo,143.33696775791304,0.1017961,-0.1497244,-0.22512961,2228566.961902294,653889.44041273,15547.74735898,15547.74735898,,2026-08-04,,
1473,CEEK VR,CEEK,ceek-vr,0.0027409283879209364,0.62581248,-2.73568853,-8.33024433,2208414.7337865257,58454.74363649,805717779.245471,1000000000.0,1000000000.0,2026-08-04,,
1474,Global X DRAM ETF Tokenized Stock (Reality),rDRAM,global-x-dram-etf-tokenized-stock-reality,50.8871329685294,1.23421413,-1.88721416,2.14523447,2208320.140978831,310691.21961672,43396.43466148,43396.43466148,,2026-08-04,,
1475,Metahero,HERO,metahero,0.0004323546740055028,0.00409916,0.4054552,2.36631489,2203125.1934962776,3607.58728206,5095643290.0,9766213274.0,10000000000.0,2026-08-04,,
1476,Ycash (y.cash),YEC,ycash,0.13058896555343782,-0.13702336,-2.69473362,30.71707531,2200365.9166767043,0.0,16849554.6875,16849554.6875,21000000.0,2026-08-04,,
1477,Real,REAL,realyn,0.0022094820681505868,-0.58190334,-0.65467975,-0.86465702,2198918.7249145573,10007.00601542,995219086.233693,999998755.879782,999999998.859557,2026-08-04,,
1478,ALTSEASON,ALTSZN,altseason,0.0021937571864549554,-1.1387163,3.75524908,7.41240077,2193682.3244909677,1739254.82341367,999965875.0,999965875.0,999965875.0,2026-08-04,,
1479,Rupiah Token,IDRT,rupiah-token,1.260650958108419e-05,0.0,0.0,0.0,2191728.748844023,0.0,173856905811.0,173856905811.0,,2026-08-04,,
1480,KARRAT,KARRAT,karrat,0.002527183154655992,-0.08659255,2.88357373,4.48972925,2186495.6907845796,180970.61021431,865190829.8598217,1000000000.0,1000000000.0,2026-08-04,,
1481,DOWGE,DJI6930,dowge,0.0021842013613625395,0.64508153,3.18797956,4.86237619,2184154.6740584406,134826.12164706,999978625.0,999978625.0,999978625.0,2026-08-04,,
1482,Mythos,MYTH,mythos,0.002529653565989329,0.0,0.12120991,19.67476394,2181882.168561019,0.0,862522124.7272651,1000000000.0,1000000000.0,2026-08-04,,
1483,Quq,QUQ,quq,0.0021749564221379032,0.00055594,-0.96930234,-12.8923692,2174956.422137903,50107166.63855506,1000000000.0,1000000000.0,1000000000.0,2026-08-04,,
1484,DogeBonk,DOBO,dogebonk,3.7129083925254277e-09,0.0,0.53105079,3.22407176,2164476.108054013,0.0,582959739166037.0,582959739166037.0,,2026-08-04,,
1485,QAIT,QAIT,qait,0.00430546497439249,0.27058134,-0.73145089,-32.68784008,2152732.487196245,1175495.81694995,500000000.0,10000000000.0,10000000000.0,2026-08-04,,
1486,Corning Tokenized bStocks,GLWB,corning-tokenized-bstocks,149.55798721546884,1.67488837,4.36317207,7.73807168,2151727.172876233,1171056.95515648,14387.24345612,14387.24345612,,2026-08-04,,
1487,Highstreet,HIGH,highstreet,0.022010194687534856,-0.03179518,-4.25505948,-8.21297896,2148431.246680437,4248885.84278772,97610733.4433152,100000000.0,100000000.0,2026-08-04,,
1488,Palantir tokenized stock (xStock),PLTRX,palantir-tokenized-stock-xstock,142.16375573602326,0.81862879,13.9444081,8.1638734,2146269.3001661897,277569.66846754,15097.16234672,955709.76789678,,2026-08-04,,
1489,Microsoft Tokenized Stock (Reality),rMSFT,microsoft-tokenized-stock-reality,484.9661649436978,0.22710871,3.37548986,24.77019839,2145464.24124124,54381.09826128,4423.94623858,4423.94623858,,2026-08-04,,
1490,Cook Finance,COOK,cook-protocol,0.002452459925869404,-0.1584611,0.59453894,-1.05337258,2142544.3668600186,23832.01918122,873630734.7001727,10000000000.0,10000000000.0,2026-08-04,,
1491,Swarm,BZZ,ethereum-swarm,0.040710028191369325,0.00832034,-2.07168524,-12.17143722,2141374.388304664,171617.09776278,52600660.90444622,63149437.0,63149437.0,2026-08-04,,
1492,Reef,REEF,reef,5.685398461073456e-05,0.11721616,0.68263751,2.12565594,2127855.572055232,1425153.66501741,37426674429.6665,37426674429.6665,,2026-08-04,,
1493,Symbiosis,SIS,symbiosis-finance,0.021919038200552805,-0.16092871,-2.17539466,-15.15916485,2125584.69317801,187371.65471452,96974359.628809,99489760.94302,99489760.0,2026-08-04,,
1494,Foxsy AI,FOXSY,foxsy-ai,0.0018635264441124386,0.91537719,2.15988351,10.61751052,2120713.8773103864,198832.94806001,1138011153.0,1973386470.0,1978082104.0,2026-08-04,,
1495,B-Lucky,LUCKY,b-lucky,0.0021110227147386014,-0.0849942,-2.56442371,4.96727763,2111022.7147386014,212975.97588136,1000000000.0,1000000000.0,1000000000.0,2026-08-04,,
1496,Luigi Mangione,LUIGI,luigi-mangione,0.0020993654662610777,-3.07880434,71.72100119,444.72824953,2099258.239070523,232569.8825079,999948924.0,999948924.0,999955159.0,2026-08-04,,
1497,Coupon Assets,CA,coupon-assets,0.21701213947282394,0.1564762,0.47582946,0.3816752,2098780.823997943,982104.27937937,9671260.0,270000000.0,270000000.0,2026-08-04,,
1498,CreatorBid,BID,creatorbid,0.005445036569124932,-0.02100843,0.22837598,-0.479242,2098730.1626816527,186501.35054359,385439130.8558169,1000000000.0,1000000000.0,2026-08-04,,
1499,Starbucks Tokenized Stock (Ondo),SBUXon,starbucks-tokenized-stock-ondo,105.23303716436695,-0.16776008,-1.36661836,-0.70188782,2086072.9885904207,287929.0889113,19823.36578704,19823.36578704,,2026-08-04,,
1500,Broadcom tokenized stock (xStock),AVGOX,broadcom-tokenized-stock-xstock,392.45510410003254,0.79976519,-0.65961975,3.33526926,2085133.3832613241,540861.50838635,5313.04947108,249641.42832834,,2026-08-04,,
