rank,name,symbol,slug,price_usd,change_1h_pct,change_24h_pct,change_7d_pct,market_cap_usd,volume_24h_usd,circulating_supply,total_supply,max_supply,date_snapshot,fdv_usd,liq_mkt_cap_pct
1,Bitcoin,BTC,bitcoin,64810.23945923833,0.48719306,0.01752257,2.29390664,1300012779614.4336,16045185699.97983,20058756.0,20058756.0,21000000.0,2026-07-20,1361015028644.0,1.2342
2,Ethereum,ETH,ethereum,1878.6701688976636,0.70989384,0.35782699,3.92563652,226723223941.87177,7614213873.2421,120682825.38116036,120682825.38116036,,2026-07-20,226669479600.53,3.3589
3,Tether USDt,USDT,tether,0.9992058022889422,0.00541492,-0.03572006,-0.0280516,184077086721.5399,36780349362.50809,184223396521.38046,189115141603.45633,,2026-07-20,188951811759.85,19.9871
4,BNB,BNB,bnb,570.4225763515749,0.29348013,-0.08865273,-0.27476217,75960864366.8684,862843232.1528106,133165950.15,133165950.15,133165951.18,2026-07-20,75960864954.4,1.1359
5,USDC,USDC,usd-coin,0.999812189737726,0.00679242,-0.0358902,-0.01518953,73284527558.17134,4911158481.480547,73298293729.94101,73298293729.94101,,2026-07-20,73284527558.17,6.7015
6,XRP,XRP,xrp,1.101433155504132,0.42743825,0.45203007,1.97219107,68802678286.90584,721893348.8936899,62466503703.0,99985639695.0,100000000000.0,2026-07-20,110143315550.41,1.0492
7,Solana,SOL,solana,77.00368974448551,0.6384109,1.04774438,0.64652434,44864855893.84156,1446456505.7271209,582632547.1248536,630612780.3732374,,2026-07-20,48566283341.09,3.2221
8,TRON,TRX,tron,0.32639695165216515,-0.07702762,0.2385233,-1.48851403,30966569718.218796,348669008.05644697,94873955046.06079,94873947702.5723,,2026-07-20,30966567321.33,1.126
9,Hyperliquid,HYPE,hyperliquid,60.49508320353477,0.48245262,-0.46409052,-9.66773762,15297160350.727741,236353571.97764522,252866175.90491912,953190012.1884336,953190515.0001053,2026-07-20,57665946922.97,1.5455
10,Dogecoin,DOGE,dogecoin,0.07268676984016971,0.37108752,0.106408,-0.16731687,11276814195.748726,339923144.17884666,155142596383.7052,155142596383.7052,,2026-07-20,11276032260.38,3.0183
11,Zcash,ZEC,zcash,537.9918050327531,-0.37066834,-3.66751851,2.53883572,9027460883.146452,367091121.40241146,16779922.6655448,16779922.6655448,21000000.0,2026-07-20,11299677141.78,4.067
12,UNUS SED LEO,LEO,unus-sed-leo,9.72204226076664,0.23702805,-0.93480645,1.97597082,8945906027.980162,269382.65530208,920167366.9,985239504.0,,2026-07-20,9578546780.55,0.003
13,Stellar,XLM,stellar,0.1879402799887068,0.23590795,0.06434256,2.06750089,6419503721.282163,122680037.50346978,34157146736.54794,50001786839.912476,50001806812.0,2026-07-20,9396059049.76,1.9115
14,Chainlink,LINK,chainlink,8.471465738252189,0.63535756,1.18187149,6.02797613,6337503268.24188,165157321.94402072,748099970.424884,1000000000.0,1000000000.0,2026-07-20,8472095714.04,2.6062
15,Monero,XMR,monero,334.3781420014946,0.13915448,-0.88977715,2.56853129,6279691851.369484,80115077.43352662,18780210.37434144,18780210.37434144,,2026-07-20,6279173847.91,1.2761
16,Cardano,ADA,cardano,0.16609643618601233,0.83810626,-1.16028001,3.63719801,6060269191.5201025,175589441.77917948,36486449262.12127,44992633691.7013,45000000000.0,2026-07-20,7472828765.88,2.8979
17,Canton,CC,canton-network,0.12794158780769682,-0.12506606,2.90894042,-3.84224605,5004781020.149764,13343927.76756951,39117702897.92106,39117702897.92106,,2026-07-20,5004219871.51,0.2667
18,Dai,DAI,multi-collateral-dai,0.9994300269404949,-0.02566078,0.02043819,-0.02077743,4631571710.496781,49655991.65208528,4634213087.1084385,4634213087.1084385,,2026-07-20,4631543317.07,1.0721
19,Bitcoin Cash,BCH,bitcoin-cash,214.079843141159,1.04534048,-2.55332803,-10.51260152,4295219030.842056,86493325.66223831,20063631.25,20063631.25,21000000.0,2026-07-20,4495812066.39,2.0147
20,World Liberty Financial USD,USD1,usd1,0.9991839752277093,0.03223293,-0.01546319,0.03123938,4238835573.200214,448587224.26595265,4242297392.9642973,4242297392.9642973,,2026-07-20,4239046991.86,10.5822
21,Ethena USDe,USDe,ethena-usde,0.9998696347449416,0.00740217,-0.01653043,0.01144985,4010240444.3377223,24302916.67757386,4010763308.5194163,4010763308.5194163,,2026-07-20,4010240444.34,0.606
22,Gram (prev. Toncoin),GRAM,gram,1.4593106471134967,0.99573456,-0.32297465,-9.90214701,3984094964.7923446,40401741.04886352,2730121220.3671975,5217305816.146899,,2026-07-20,7612688459.04,1.0144
23,Litecoin,LTC,litecoin,47.236175251044266,0.11943523,0.16670572,7.68988574,3656408440.6797333,225623042.27588424,77406953.91291021,84000000.0,84000000.0,2026-07-20,3967714941.77,6.1709
24,Global Dollar,USDG,global-dollar-usdg,1.0001372018667205,0.00083627,0.00709268,0.01215595,3198173222.9084845,123532021.41123007,3197734487.767486,3197734487.767486,,2026-07-20,3197567487.31,3.8645
25,Sui,SUI,sui,0.7526871422747446,0.40983661,1.0096573,2.91478898,3050139762.2386856,147150393.0479612,4052334085.342099,10000000000.0,10000000000.0,2026-07-20,7528966959.48,4.8249
26,DeXe,DEXE,dexe,34.64468483883178,-0.17182734,-1.72021061,-28.70546412,2900927057.5507255,30720766.82333836,83733682.98906265,96504599.33609451,,2026-07-20,3333716542.87,1.062
27,PayPal USD,PYUSD,paypal-usd,0.9997740499266987,-0.00021329,-0.02137755,0.0054317,2900588817.258205,16826262.35309315,2901244353.632573,2901244353.632573,,2026-07-20,2900551632.44,0.5802
28,Hedera,HBAR,hedera,0.06613559399910621,0.0896775,-1.26048872,-1.8914363,2896150162.302722,34534979.10255931,43791096249.0465,50000000000.0,50000000000.0,2026-07-20,3307699592.85,1.1927
29,Avalanche,AVAX,avalanche,6.615530648944411,1.47780116,0.01517999,1.71281213,2856400642.5226817,264028638.78630304,431771961.1772119,463441061.1772119,715748719.0,2026-07-20,4738234474.79,9.252
30,Cronos,CRO,cronos,0.05834222794501547,-0.12640933,-2.47263112,4.44999981,2757520403.2487464,6905490.71593226,47264571484.09839,98797909939.32039,100000000000.0,2026-07-20,5834494705.28,0.2506
31,NEAR Protocol,NEAR,near-protocol,1.9257843653060176,0.92827859,0.04860089,1.58928227,2506089834.414898,138065724.04498407,1301334604.0,1301334604.0,,2026-07-20,2506382135.28,5.5106
32,Tether Gold,XAUt,tether-gold,4020.0736394359515,0.55731817,0.20824135,-1.05065127,2463596239.3072658,94210180.3248873,612823.659532,707747.089,,2026-07-20,2845186841.6,3.8247
33,Shiba Inu,SHIB,shiba-inu,4.1787086580712585e-06,0.4311205,0.85714766,-0.93574464,2462274416.0719543,44100898.18249527,589242901946758.6,589499592880364.0,589552695333683.0,2026-07-20,2464723539.06,1.7922
34,Bittensor,TAO,bittensor,197.91257042185643,0.40091305,0.77692486,-4.69161644,2205091531.1029687,98372002.76387048,11141745.7031797,21000000.0,21000000.0,2026-07-20,4155438901.64,4.4575
35,Uniswap,UNI,uniswap,3.4960768915476685,0.5049808,-1.35725981,-2.48791131,2186298119.9031096,94283318.16881602,625357561.5538775,892492420.0329479,,2026-07-20,3120227555.47,4.3146
36,World Liberty Financial,WLFI,world-liberty-financial-wlfi,0.05707641462963362,-0.21423024,-0.37722054,-0.8507546,1813576431.5291827,26429007.50896003,31774533199.0,100000000000.0,100000000000.0,2026-07-20,5709286408.59,1.456
37,PAX Gold,PAXG,pax-gold,4016.9548095441514,0.57232419,0.16717359,-1.16465865,1803164971.013579,51149517.18722324,448888.537837,448888.537837,,2026-07-20,1803143937.59,2.8338
38,Ondo,ONDO,ondo-finance,0.34736103554902,0.79242342,0.73152678,8.65292323,1691415735.9724996,77761295.83647989,4869330647.0,10000000000.0,,2026-07-20,3473617173.11,4.5966
39,OKB,OKB,okb,80.24674954889743,0.06109756,-0.99869551,-0.20917777,1685181740.526846,14996269.83905872,21000000.0,21000000.0,21000000.0,2026-07-20,1685194698.45,0.8898
40,Aster,ASTER,aster,0.6211565161305553,-0.00156091,-0.33755786,-0.17438277,1677140666.0929391,47830634.98680222,2700029094.9864817,7816197874.516728,8000000000.0,2026-07-20,4967762274.86,2.8566
41,MemeCore,M,memecore,1.2122615670759405,1.82683373,-2.06408952,-2.59053414,1607306883.033336,15462416.60016626,1325874651.7142107,5393191424.221436,10000000000.0,2026-07-20,12137896503.93,0.9564
42,Ripple USD,RLUSD,ripple-usd,0.9999884994372137,0.00493655,-0.00568845,0.01254875,1531268346.3501368,67751837.81264493,1531285957.0004292,1531285957.0004292,,2026-07-20,1531199341.77,4.5636
43,USDD,USDD,usdd,0.9993889509824814,0.0414291,0.0047344,0.25611943,1520261318.8311486,13963727.38827015,1521190841.0,1521190841.0,,2026-07-20,1520201496.05,0.9089
44,Sky,SKY,sky,0.06144667597859324,0.076587,-0.24933005,2.26179991,1434185323.7494218,15801973.29533862,23340323962.34196,23462665147.365967,23462665147.0,2026-07-20,1440861641.94,1.1018
45,Mantle,MNT,mantle,0.42523263926992666,-0.10405916,0.99831725,1.82690787,1404243355.9323933,23913078.11141162,3302294382.53684,6219316794.889999,6219316795.0,2026-07-20,2645354986.76,1.7033
46,Aave,AAVE,aave,89.59903382124084,0.7178636,-0.41408811,-6.83854798,1381294114.6903887,126947666.62086764,15416395.19736575,16000000.0,,2026-07-20,1433624429.67,9.189
47,Polkadot,DOT,polkadot-new,0.813579547275855,0.44955959,-2.83208124,-2.45369878,1378275598.6295047,81269724.03515764,1694088307.9527342,1694088307.9527342,2100000000.0,2026-07-20,1708725995.48,5.8976
48,Worldcoin,WLD,worldcoin-org,0.3667537273554201,1.1303446,-2.81028306,-11.75794183,1300920678.5265827,144341287.8727647,3547123264.1784816,10000000000.0,,2026-07-20,3667977694.2,11.0944
49,Pepe,PEPE,pepe,2.894454008741745e-06,1.32340941,4.98861842,4.80442236,1197645393.4373322,223353227.5897058,413772473088271.1,413772473088271.1,413772473088271.1,2026-07-20,1198894804.67,18.6455
50,Internet Computer,ICP,internet-computer,2.1433431376967835,0.59075198,-1.36403738,-3.07439816,1189803870.5109348,22935524.05903382,555115907.2874757,555115907.2874757,,2026-07-20,1189627068.45,1.9278
51,Bitget Token,BGB,bitget-token-new,1.6290234017641791,0.09855795,-1.52826988,-0.91648509,1137972150.9052517,6382711.29334053,698560959.6969969,910920874.6481038,919992035.98,2026-07-20,1499965831.2,0.5597
52,Ethereum Classic,ETC,ethereum-classic,6.906623101704143,0.31984717,-1.77918054,0.24674367,1088256603.8991294,30915436.43432589,157567104.48418888,210700000.0,210700000.0,2026-07-20,1455308634.69,2.842
53,Pi,PI,pi,0.09723433839801225,1.409999,13.06182006,10.15928329,1063915944.0358919,34321567.00048985,10941771822.223263,100000000000.0,100000000000.0,2026-07-20,9714599918.54,3.2295
54,United Stables,U,united-stables,0.9998220996859467,-0.00280543,-0.01557998,0.02173327,1050422204.7096684,61665858.92520861,1050609108.4,1050609108.4,,2026-07-20,1050299627.31,5.8715
55,Morpho,MORPHO,morpho,2.012151084892645,1.02213215,0.18487531,0.21991661,1038934628.1894462,11384531.71651449,516330327.27504003,999999999.8010328,1000000000.0,2026-07-20,2012144489.52,1.096
56,KuCoin Token,KCS,kucoin-token,6.694866244972971,0.52974491,0.30186767,-4.1201628,918234522.4016114,2399775.12416444,137155021.29577178,142155021.29577178,200000000.0,2026-07-20,1338542168.83,0.2612
57,Stable,STABLE,stable,0.035710888467982246,0.39164999,0.16512196,-1.67700634,879899624.2938426,14347092.98826415,24639533264.0,100000000000.0,100000000000.0,2026-07-20,3571655782.24,1.6315
58,Polygon (prev. MATIC),POL,polygon-ecosystem-token,0.08102942695422129,0.04662439,-0.13030297,-0.1956017,865524073.7742212,29973334.37612919,10681601811.934462,10681601821.934462,,2026-07-20,865465691.42,3.4635
59,Pump.fun,PUMP,pump-fun,0.0020339931951362284,1.05847854,23.25493453,35.70230594,813498199.0146601,136425408.28840348,399951288411.3535,848213092082.5762,1000000000000.0,2026-07-20,2032489630.6,16.7988
60,JUST,JST,just,0.09677806599530683,-0.29358817,-1.74711541,-3.50371873,792490713.9896898,24589201.16424727,8188743036.341737,8188743036.341737,,2026-07-20,791908955.09,3.109
61,Kaspa,KAS,kaspa,0.028183263672106745,-0.30832303,1.01940057,-0.55859363,777472147.9078634,8818544.24720867,27586306431.83228,27586306431.83228,28704026601.0,2026-07-20,808905260.91,1.135
62,Quant,QNT,quant,64.17959050299898,0.20530502,0.04069654,-1.56987276,774823381.0899949,3595504.91840702,12072738.0,14881364.0,14881364.0,2026-07-20,955014198.36,0.4641
63,Render,RENDER,render,1.4893465429505452,0.485093,0.12154713,-2.21158838,772631435.6245667,11229937.72596242,518772101.2826915,533532274.5626915,644168762.0,2026-07-20,959392137.17,1.4532
64,Ethena,ENA,ethena,0.08052105869014874,1.26736862,-0.42037896,1.34997892,769856809.570344,74441810.5812251,9560937500.0,15000000000.0,15000000000.0,2026-07-20,1208262194.5,9.6795
65,Cosmos,ATOM,cosmos,1.4627088856159072,0.10467229,-2.37202405,-5.63844421,760857323.6956341,21519259.51584221,520170029.168352,520170029.168352,,2026-07-20,760558178.62,2.8294
66,Algorand,ALGO,algorand,0.08249208609379927,0.11411849,-0.38803461,-0.41561493,739873033.6609409,14992457.71967598,8969018347.04063,10000000000.0,10000000000.0,2026-07-20,824811593.66,2.0293
67,Audiera,BEAT,audiera,2.3158974010336295,-0.11554021,-2.31351501,-11.29937492,716229868.0157355,15338088.15732178,309266666.0,1000000000.0,1000000000.0,2026-07-20,2322577936.8,2.1424
68,GateToken,GT,gatetoken,6.710598286285886,0.12017668,-0.62625492,0.59970058,715103077.3380322,1720095.30588893,106563237.26,140052780.28,142622843.67,2026-07-20,956765246.82,0.2409
69,币安人生,币安人生,bianrensheng,0.6691329868271964,-0.24499055,-2.57623395,-5.3143383,669132986.8271964,16865707.89118647,1000000000.0,1000000000.0,1000000000.0,2026-07-20,669151165.71,2.5224
70,Jupiter,JUP,jupiter-ag,0.19944253564062586,0.55034227,1.93047025,-0.90342294,662211637.4743277,18738441.19435102,3320312968.08,6862435229.582892,6864785739.32,2026-07-20,1369272859.45,2.8354
71,XDC Network,XDC,xdc-network,0.028419643817252736,-0.32347748,1.11546429,4.77378666,597216685.1321021,5937910.80005421,21014221324.25,38083437117.75,,2026-07-20,1081592431.02,0.9952
72,Arbitrum,ARB,arbitrum,0.08853543386758066,0.29863502,0.33169862,-3.6045433,585578351.3164754,51213559.68809169,6614056381.0,10000000000.0,,2026-07-20,885767195.7,8.7461
73,Filecoin,FIL,filecoin,0.7218627777458869,0.874376,-4.10226483,-6.0811101,577654758.5452294,49638836.93566808,800227933.0,1957393864.0,,2026-07-20,1413033862.52,8.6086
74,Flare,FLR,flare,0.006505180505506662,0.14307001,-1.31620111,0.52673036,565046851.1290752,2164068.10671215,86861056453.5082,106204762866.06566,,2026-07-20,690890034.1,0.3827
75,Lighter,LIT,lighter,2.223535598786407,1.46212469,-0.82411425,-13.76702915,555883899.6966017,24409325.12522773,250000000.0,1000000000.0,1000000000.0,2026-07-20,2222631631.25,4.3942
76,Venice Token,VVV,venice-token,11.623921600869254,0.75168071,-2.17023149,9.51703518,550763451.7440097,15575958.62273126,47381896.63141076,80621018.33733799,,2026-07-20,937018046.8,2.8278
77,Injective,INJ,injective,5.150306861576793,0.88689442,0.89153589,7.63966862,514881092.9197314,64759226.46603747,99970954.5,100000000.0,,2026-07-20,514918338.89,12.5786
78,Aptos,APT,aptos,0.5939796587602861,0.49207106,-2.33082349,-1.67182854,501825097.2038319,27478455.95465365,844852327.521126,1205912092.4209616,2100000000.0,2026-07-20,1248100993.16,5.4762
79,TrueUSD,TUSD,trueusd,0.9965710905796157,0.01237295,0.00878947,-0.14062102,492819435.57337916,13990415.05527441,494515083.0,494515083.0,,2026-07-20,492817402.73,2.855
80,Nexo,NEXO,nexo,0.757448484546058,0.3611739,-0.29445155,2.88132033,489422186.98158526,4783434.35582319,646145839.5746847,1000000000.0,1000000000.0,2026-07-20,757467446.96,0.977
81,PancakeSwap,CAKE,pancakeswap,1.400335016623031,0.3211066,-0.58607025,-0.27629775,451970285.5179778,12905688.22630136,322758682.8528532,335084893.5388313,400000000.0,2026-07-20,559975395.05,2.8549
82,Midnight,NIGHT,midnight-network,0.027155145193347587,0.78838966,-1.88364636,-9.76072931,450976342.01806873,13461148.77592082,16607399401.0,24000000000.0,24000000000.0,2026-07-20,651535300.82,2.9875
83,Aerodrome Finance,AERO,aerodrome-finance,0.45604104224416603,0.76333754,-0.43402394,-9.3756259,442121153.4886515,20801576.35893737,969476675.4171617,1940444000.4276426,,2026-07-20,884784323.05,4.708
84,Dash,DASH,dash,34.37292605842642,0.78950339,0.08797622,-0.38672253,438955583.9588178,44135859.80710159,12770387.46171012,12770387.46171012,18900000.0,2026-07-20,649265151.45,10.0689
85,ether.fi,ETHFI,ether-fi-ethfi,0.44866128298640745,-0.06145925,-2.02245339,6.67186842,436131903.83916557,22655165.45715284,972073857.0,1000000000.0,1000000000.0,2026-07-20,448419860.18,5.1963
86,EURC,EURC,euro-coin,1.1432591283218803,0.02530729,0.0037969,0.32718037,430399862.28504896,17087124.50643616,376467461.8577561,376467461.8577561,,2026-07-20,430338365.11,3.9785
87,Virtuals Protocol,VIRTUAL,virtual-protocol,0.6139343120928369,0.77923857,-0.28869912,8.44287237,403663279.91728073,33738303.84346803,657502393.93077,1000000000.0,1000000000.0,2026-07-20,613934321.77,8.354
88,VeChain,VET,vechain,0.004660225672956833,0.44904872,-1.97283919,-3.60135374,400709696.38330585,7717795.50175916,85985041177.0,85985041177.0,86712634466.0,2026-07-20,404217523.86,1.9279
89,Pudgy Penguins,PENGU,pudgy-penguins,0.006194710386350996,0.93146941,0.14087219,3.75562002,389401948.5491083,44370619.14459982,62860396090.04,76724221264.3,88888888888.0,2026-07-20,551185469.29,11.4274
90,Pyth Network,PYTH,pyth-network,0.048788661787499285,1.07624376,1.06336878,3.07890297,384209817.80858874,13313891.02855861,7874981680.826336,9999981857.422035,10000000000.0,2026-07-20,488191483.69,3.4647
91,OFFICIAL TRUMP,TRUMP,official-trump,1.5927056865545628,0.74472004,-3.25302732,3.21518817,378129228.8194801,197319146.39544302,237413121.590262,999999081.247834,999999081.247834,2026-07-20,1592500038.05,52.3841
92,Sun [New],SUN,sun-token,0.018419868341516925,-0.19720481,0.57806013,-0.72851479,354236301.2975909,49175809.17925353,19231207016.782543,19231207016.782543,19900730000.0,2026-07-20,366579368.53,13.901
93,First Digital USD,FDUSD,first-digital-usd,0.9976025317203988,0.00858902,0.00867623,0.06617518,346323237.2146745,143848341.939862,347155531.589749,347155531.589749,,2026-07-20,346323555.77,41.5614
94,Artificial Superintelligence Alliance,FET,artificial-superintelligence-alliance,0.154354169896329,-0.9716416,-2.64644232,-2.29651721,345812270.30928624,108993907.09490225,2240381782.6337237,2714384546.672,2719493897.0,2026-07-20,419317513.67,31.598
95,Sei,SEI,sei,0.046449526056701516,0.64775787,-0.69191919,-3.57269956,340887910.6303932,14277274.32177449,7338888888.0,10000000000.0,10000000000.0,2026-07-20,464375088.37,4.1766
96,Celestia,TIA,celestia,0.3633193884111308,1.00306462,0.50489277,-7.98583181,334229493.7121092,18989330.41458232,919932996.62251,1168685161.483695,,2026-07-20,424236539.05,5.7082
97,Curve DAO Token,CRV,curve-dao-token,0.21154086197428945,0.56981395,-0.60176323,3.35138214,323802670.5201673,20228328.85520427,1530686163.8841298,2401367309.5120535,3030303030.299,2026-07-20,641393348.56,6.2434
98,SPX6900,SPX,spx6900,0.34400410326785325,0.13978317,-0.15398037,-8.36255641,320265443.0980981,4209291.99754063,930993090.07,930993090.07,1000000000.0,2026-07-20,344219078.06,1.3141
99,Terra Classic,LUNC,terra-luna,5.6178727118724073e-05,0.04386272,-2.58223437,-6.7014356,310493691.0814149,8829674.06447003,5526890818035.8,6454132024131.652,6454132024131.652,2026-07-20,362404990.03,2.8395
100,Jito,JTO,jito,0.6115204204668414,2.94351929,11.15099799,-3.81107438,306049219.73744875,35301636.23041302,500472608.1,986522992.4669536,,2026-07-20,603489469.53,11.5611
101,Stacks,STX,stacks,0.16427914848567024,0.61546083,-0.99275738,-0.18643434,298101893.7211022,3969155.28084018,1814605788.19049,1814570813.19049,,2026-07-20,297908284.03,1.3302
102,Lido DAO,LDO,lido-dao,0.3536847850450033,0.28392059,-2.67811598,15.60869386,295808630.0944647,29032615.45354124,836362327.7060835,1000000000.0,,2026-07-20,353699937.72,9.8064
103,Gnosis,GNO,gnosis-gno,110.44483894675378,0.10419454,-0.67946726,-1.44785496,291520259.40190697,1238500.29913061,2639510.02312069,2999934.74577209,,2026-07-20,330979277.53,0.428
104,Bitcoin SV,BSV,bitcoin-sv,13.765836794951511,2.15898337,1.79332288,3.75569917,276118380.8011362,10602061.81420787,20058234.375,20058234.375,,2026-07-20,275588886.58,3.8661
105,LayerZero,ZRO,layerzero,0.7762284508782424,-0.69170326,-4.73189848,-9.071011,275886284.9181427,15382017.65922596,355418929.31906664,1000000000.0,1000000000.0,2026-07-20,774980345.92,5.5535
106,Pendle,PENDLE,pendle,1.574307829838232,0.85661062,1.93809875,3.77028147,269563551.06781405,23763974.39880427,171226710.53189963,281527448.45853144,,2026-07-20,443072269.81,8.8212
107,BitTorrent [New],BTT,bittorrent-new,2.723401566182723e-07,-0.88494193,-0.99693786,1.95231235,268810052.41801775,3719919.54608186,987037885840674.8,987037885840674.8,,2026-07-20,268866973.17,1.3865
108,AINFT,NFT,apenft,2.68677132477657e-07,0.07011885,1.06222671,0.49512931,266018731.57272896,5319121.37560529,990105592982874.8,990105592982874.8,999990000000000.0,2026-07-20,268484158.98,2.0045
109,Immutable,IMX,immutable-x,0.12606324695730647,0.21724013,-1.10607835,-4.20899837,252126493.91461295,7986149.58709754,2000000000.0,2000000000.0,2000000000.0,2026-07-20,251995063.83,3.1607
110,Monad,MON,monad,0.02107673102234768,-0.08868609,-2.25479565,-7.13209715,249235821.99988002,12719181.16617607,11825165000.0,100682925000.0,114166666695.0,2026-07-20,2405491113.53,5.1059
111,Bonk,BONK,bonk1,2.805565812022661e-06,2.12598075,1.82577077,-28.82205035,246874649.2210034,107252690.46455273,87994602786744.17,87994602786744.17,88872433754423.19,2026-07-20,247939699.08,43.1982
112,Tezos,XTZ,tezos,0.22285020464778302,0.04393711,-1.86279647,-1.23148823,243145564.5704889,7501261.08142507,1091071758.066289,1111057413.085691,,2026-07-20,247611936.43,3.0761
113,KAITO,KAITO,kaito,0.987769785336931,2.81070486,17.7019784,47.86747269,238436651.07025027,79847425.50879873,241388889.0,1000000000.0,1000000000.0,2026-07-20,989147141.01,33.4691
114,Conflux,CFX,conflux-network,0.04562757596310623,0.7149823,-3.26636176,3.8471188,238408859.49275112,6207433.94880242,5225104653.5,5225104642.7,,2026-07-20,238287238.99,2.6068
115,BUILDon,B,buildon,0.23461648328539583,3.90933461,37.54730115,114.40473343,234616483.28539583,51268392.94946257,1000000000.0,1000000000.0,,2026-07-20,228870947.92,22.3714
116,JasmyCoin,JASMY,jasmy,0.004683401175172148,0.7039549,-2.39402786,7.2618362,231570769.5944425,9027183.10332033,49444999677.16958,50000000000.0,50000000000.0,2026-07-20,234781130.64,3.9035
117,DoubleZero,2Z,doublezero,0.06493839440294412,0.35462354,-0.84801876,-9.24624769,225428278.75228226,2522465.45247468,3471417500.0,9998253876.8,10000000000.0,2026-07-20,649674427.37,1.1202
118,Decred,DCR,decred,12.833307142611682,1.07918292,0.48464521,-1.54408883,224819391.67653152,1582699.28761346,17518429.90884569,17518429.90884569,21000000.0,2026-07-20,269607909.83,0.7042
119,Optimism,OP,optimism-ethereum,0.09507471460394637,0.99392454,-0.7404761,-5.43569494,216936733.28009492,28248452.72988524,2281750034.0,4294967296.0,4294967296.0,2026-07-20,408323269.83,13.0358
120,Velvet,VELVET,velvet,0.5095574143590449,-0.13662912,-0.00504385,-3.63118318,214557462.09260342,8791086.72887716,421066313.7195011,1000000000.0,1000000000.0,2026-07-20,510283919.64,4.0872
121,Maple Finance,SYRUP,maple-finance,0.18023911023579836,0.65260604,1.08350814,-3.85507558,214666457.74939138,7375910.9200205,1191009306.8510675,1244677492.5110993,,2026-07-20,224634375.15,3.4364
122,Plasma,XPL,plasma-xpl,0.0827365438405377,1.63360056,0.22923309,-5.98898647,215115013.98539802,45131298.44075628,2600000000.0,10000000000.0,,2026-07-20,830914728.22,21.0462
123,Kaia,KAIA,kaia,0.03215721362808883,-0.05431318,-2.3527537,-7.07028259,204921525.49725503,4037481.38631374,6372490100.269733,6372490100.269733,,2026-07-20,204912790.65,1.9675
124,FLOKI,FLOKI,floki-inu,2.137117143102549e-05,0.65923146,2.29088614,-4.22691968,204451681.4844153,13203965.1925162,9566704480579.084,9647368514429.625,,2026-07-20,206113687.98,6.4639
125,Zebec Network,ZBCN,zebec-network,0.0019949361838260643,1.54605697,1.45818031,-8.58003912,199491175.32873055,10426877.55954823,99998775372.41759,99998775372.41759,100000000000.0,2026-07-20,199369863.65,5.228
126,Kite,KITE,kite,0.10996409074359925,0.39563664,-2.39913419,-13.15660108,197935363.33847865,70920687.09062845,1800000000.0,10000000000.0,10000000000.0,2026-07-20,1095924195.7,36.0244
127,Starknet,STRK,starknet-token,0.0287725606113519,0.44300104,-1.35341833,-4.08361021,194126669.92492005,11607620.43835134,6746937561.348971,10139100000.0,,2026-07-20,291541719.51,5.9822
128,EigenCloud,EIGEN,eigencloud,0.23416447255088807,1.58084901,1.6747525,0.76456726,193114677.07415617,13977467.66942911,824696739.733603,1823279157.598232,,2026-07-20,426874310.0,7.247
129,Ethereum Name Service,ENS,ethereum-name-service,4.500454782020777,0.45886103,0.2524822,10.48427009,184457682.90647665,11717387.85639229,40986454.00091147,100000000.0,,2026-07-20,450209614.33,6.3563
130,Raydium,RAY,raydium,0.6838239588227069,0.6824424,0.99331391,0.83797402,184163292.12195876,7931893.88231055,269313892.480486,554997640.55864,555000000.0,2026-07-20,379601017.55,4.3055
131,Telcoin,TEL,telcoin,0.001878565565154561,-0.60339112,3.64544102,-14.97538535,180481771.31454587,1232212.85208063,96074246575.31,100000000000.0,100000000000.0,2026-07-20,187809649.87,0.6825
132,Humanity,H,humanity-protocol,0.058233875560930695,-0.46445876,-0.50864558,-15.7054188,180444133.8496912,4028813.42854151,3098611111.0,10000000000.0,10000000000.0,2026-07-20,582187798.54,2.2292
133,The Graph,GRT,the-graph,0.0164046995573509,0.23610435,-3.01931427,-5.36040066,178903248.13366526,14116257.32354266,10905609548.545448,11590201215.211906,,2026-07-20,190153446.07,7.907
134,Falcon Finance,FF,falcon-finance-ff,0.06021953142606828,-0.35802798,-1.67680627,-0.09946585,178852008.33542278,7503161.34221328,2970000000.0,10000000000.0,10000000000.0,2026-07-20,602222003.42,4.1956
135,Pieverse,PIEVERSE,pieverse,0.6317562669304846,1.13585972,-3.15033933,-4.43935107,170954648.33030173,6348554.3017898,270602220.0,1000000000.0,1000000000.0,2026-07-20,632057585.34,3.7268
136,Compound,COMP,compound,16.875983390200528,0.63030238,-2.88401403,-0.64017597,168759833.89975876,6017652.59192704,9999999.99986688,10000000.0,,2026-07-20,168757108.47,3.5701
137,IOTA,IOTA,iota,0.03604972545936089,0.67219076,-0.92203856,-5.04253087,163721483.86547837,3324577.54615867,4541545928.0,4600000000.0,,2026-07-20,165809199.89,2.0261
138,Axie Infinity,AXS,axie-infinity,0.9253805953553784,0.38268732,-1.26082282,-5.86841076,161212705.0279884,11528772.62613257,174212325.00134403,270000000.0,,2026-07-20,249658856.08,7.1752
139,eCash,XEC,ecash,7.904487280399706e-06,0.85024869,-7.22475539,37.0188389,158551799.82388267,45137623.38530403,20058454672580.0,20058454672580.0,21000000000000.0,2026-07-20,166766109.94,28.1484
140,Chiliz,CHZ,chiliz,0.014852115205149287,1.25732966,-5.27606136,-11.80376817,156848839.31390437,31197023.70662878,10560707155.0,10560707155.0,,2026-07-20,156817614.63,19.9049
141,OriginTrail,TRAC,origintrail,0.3115842840333674,0.87214714,19.41054775,15.45071795,155792142.0166837,49204158.53348606,500000000.0,500000000.0,500000000.0,2026-07-20,155819926.22,31.5797
142,Akash Network,AKT,akash-network,0.5201761090725262,-0.12533996,-4.27270269,-12.03490321,153943084.75401676,2621549.34547511,295944165.964287,295944165.964287,388539008.0,2026-07-20,202083572.23,1.7045
143,dogwifhat,WIF,dogwifhat,0.1539421789965096,0.74303537,0.38796242,3.02464359,153763446.89806348,28887652.15524801,998838966.035097,998838966.035097,998840592.989347,2026-07-20,153698858.35,18.7853
144,MX Token,MX,mx-token,1.6670625166543456,0.05903179,0.24239067,0.73876033,153098577.1408657,4353158.55515269,91837334.0,409024834.0,413787834.0,2026-07-20,689788067.55,2.847
145,THORChain,RUNE,thorchain,0.44456105866467344,0.4085567,1.47234398,10.23827409,150363632.13866588,7536332.29542215,338229427.0,354121497.0,354196525.0,2026-07-20,157335305.46,5.0157
146,edgeX,EDGE,edgex,0.41850048817932617,2.90430074,-2.65749603,8.03141324,146475170.86276415,5390115.53856744,350000000.0,1000000000.0,1000000000.0,2026-07-20,418250822.9,3.6964
147,Trust Wallet Token,TWT,trust-wallet-token,0.3342429411369981,-0.11345312,-1.52401807,-8.15629423,143677842.96601644,4262618.58540664,429860515.46,999860531.46,999860531.46,2026-07-20,334112933.23,2.9725
148,ApeCoin,APE,apecoin-ape,0.1436538367828592,-0.12765746,0.36339522,-5.53784764,143653836.7828592,7792873.21426163,1000000000.0,1000000000.0,1000000000.0,2026-07-20,143564963.76,5.4319
149,Neo,NEO,neo,2.018848734399408,-0.62457537,-1.27152389,4.46610622,142407229.69036373,13302500.63670401,70538831.0,100000000.0,,2026-07-20,201948921.5,9.232
150,Onyxcoin,XCN,onyxcoin,0.0036121362899045883,0.24704146,0.4079472,-3.26138971,140423164.86651453,12310596.15097601,38875378334.69282,48402432357.486084,68892071756.90897,2026-07-20,248894846.46,8.7796
151,The Sandbox,SAND,the-sandbox,0.046920690330373216,0.46189925,-1.48470079,-2.12255733,137836082.7772684,12774726.00192506,2937639702.3733225,3000000000.0,,2026-07-20,140752194.42,9.2773
152,Decentraland,MANA,decentraland,0.0688646419625148,0.26410131,-1.33237052,-0.58852986,136758951.2692377,8381605.16255627,1985909566.5331404,2193179327.320146,,2026-07-20,150978134.24,6.1404
153,Theta Network,THETA,theta-network,0.13571478160805717,0.23613505,-1.82940792,-6.97908817,135714781.60805717,3610146.23357077,1000000000.0,1000000000.0,1000000000.0,2026-07-20,135734986.86,2.6603
154,Fartcoin,FARTCOIN,fartcoin,0.13424259961942248,0.65467867,-0.56687204,-8.2123596,134242365.50032875,9733290.50483031,999998256.0,1000000000.0,1000000000.0,2026-07-20,134240986.38,7.2562
155,Tagger,TAG,tagger,0.0012026992565375442,1.43956789,18.1569097,23.91795583,130378098.86407404,9246068.57844224,108404572594.0,405380800000.0,,2026-07-20,487453742.01,7.094
156,Rootstock Infrastructure Framework,RIF,rsk-infrastructure-framework,0.13007426603012745,0.93948308,-2.28690031,2.11726098,130074266.03012745,7949702.62607205,1000000000.0,1000000000.0,1000000000.0,2026-07-20,129853704.36,6.1197
157,Vision,VSN,vision-token,0.034675873774005876,0.05406396,-0.87639795,2.19348241,125758374.73160198,4044490.96978274,3626682215.744897,4108272925.683046,4200000000.0,2026-07-20,145665455.96,3.2202
158,Arweave,AR,arweave,1.8953917102323792,0.74130783,-0.70724323,-2.30275149,124437139.81271313,6605152.15271041,65652466.0,65652466.0,66000000.0,2026-07-20,125276742.65,5.3649
159,WEMIX,WEMIX,wemix,0.24256564400252775,0.1439698,0.81865396,-2.95448754,120793726.18111728,1014865.36913314,497983655.83816355,558780568.0477996,590000000.0,2026-07-20,143095343.09,0.8399
160,Convex Finance,CVX,convex-finance,1.2169783026712784,0.46375284,0.1901872,-3.12532794,120316642.2120872,2598381.83445295,98865067.64170823,99979962.08249915,,2026-07-20,121650503.01,2.1892
161,GoМining,GOMINING,gomining-token,0.28777165226550955,0.01806088,0.75904341,2.19011598,116228164.79106157,6744185.25785874,403890250.7458408,403890250.7458408,403890250.7458408,2026-07-20,116229614.56,5.8078
162,Basic Attention Token,BAT,basic-attention-token,0.07759915792064591,0.08730255,-1.16542367,-6.29429298,116066973.86066918,3884090.46755538,1495724656.9526057,1500000000.0,1500000000.0,2026-07-20,116354918.2,3.3435
163,AWE,AWE,awe-network,0.05901020037193297,0.66578269,-0.66163591,-5.53461046,114622610.10793398,2517314.77044394,1942420283.0270672,1942420283.0,1942420283.027067,2026-07-20,114541365.67,2.1972
164,Vaulta,A,vaulta,0.06754500841474234,0.73133946,2.1929435,-6.6842357,111797181.42208916,7901541.13262084,1655150899.3178,2100000000.0,2100000000.0,2026-07-20,142755971.14,7.0312
165,SafePal,SFP,safepal,0.21235393006351783,0.02880257,-1.94088201,-4.0740662,106176965.03175892,2897793.37168214,500000000.0,500000000.0,500000000.0,2026-07-20,106059856.69,2.7339
166,Genius Terminal,GENIUS,genius-terminal,0.3171262880370555,0.46079711,-0.60995623,-6.26773396,106356881.81345455,14048025.1372574,335377059.0,953973324.288,1000000000.0,2026-07-20,317332241.9,13.1992
167,1inch,1INCH,1inch,0.07385422479219841,0.62631503,0.97466814,1.65131138,104279587.1576279,4781861.50540975,1411965090.0275033,1500000000.0,1500000000.0,2026-07-20,110702508.01,4.588
168,dYdX,DYDX,dydx-chain,0.12127502805953345,2.07444363,0.1957594,-5.31077264,102914951.59036534,3137846.86832757,848607938.8070294,958342962.317931,1000000000.0,2026-07-20,121346186.24,3.0511
169,Nexus,NEX,nexus-labs,1.7037283674548181e-06,-0.25206483,-0.25171129,-3.95972627,102223702.04728909,1167283.16868202,60000000000000.0,100000000000000.0,100000000000000.0,2026-07-20,170374232.37,1.1422
170,Sentient,SENT,sentient,0.013848477980573013,0.82219722,2.79855006,3.18611072,100233606.3926738,17446003.07915097,7237878887.0,34359738368.0,,2026-07-20,475731598.35,17.4187
171,Gala,GALA,gala,0.0020152032003108423,0.69716044,-1.76185368,-1.29255333,98502833.56170374,21512463.87285951,48879851692.62823,48879851692.62823,50000000000.0,2026-07-20,100738025.7,21.8724
172,Golem,GLM,golem-network-tokens,0.09795115057819578,0.14946002,-1.55251002,-1.51268639,97951150.57819578,3452203.22508289,1000000000.0,1000000000.0,1000000000.0,2026-07-20,97956917.52,3.5239
173,Centrifuge,CFG,centrifuge,0.16867284759317916,2.53114498,-0.73721695,-6.39092612,97351032.81532706,6609724.50761392,577158886.0,697164473.0,,2026-07-20,117640427.66,6.7906
174,Aethir,ATH,aethir,0.004823196395233795,0.19085563,9.57323852,10.36897296,97084984.82546724,20788937.68408948,20128764593.0,42000000000.0,42000000000.0,2026-07-20,203210167.47,21.3858
175,Data Network,DATA,data-network,0.27153022527124604,-0.02720809,0.82578868,-0.61137172,96968954.42181407,14140453.68139779,357120296.0,1030647383.0,,2026-07-20,279888533.98,14.5514
176,MultiversX,EGLD,multiversx-egld,3.179150986140538,1.0822722,-1.5258625,2.98775032,96596771.7254881,7531929.79695429,30384455.51865901,30389611.0,,2026-07-20,96579151.52,7.807
177,AB,AB,newton,0.0009749033413839776,-0.0351627,-0.72317035,-0.42885461,96343517.5715957,457896.93236189,98823661261.46,98823661261.46,98823661261.46,2026-07-20,96365271.42,0.4742
178,ZKsync,ZK,zksync,0.009458184444731945,0.87117444,1.15153314,-7.37096978,95528032.63797946,7171232.70564019,10100039092.723236,14758751686.500284,21000000000.0,2026-07-20,197936961.69,7.5956
179,DeepBook Protocol,DEEP,deepbook-protocol,0.017407247981142522,0.41823882,0.93691588,-0.38733232,95213763.07679875,3305016.63008505,5469776910.16667,10000000000.0,10000000000.0,2026-07-20,174360929.8,3.4701
180,o1.exchange,O,o1-exchange,0.5849728745566743,-0.01970055,1.84946414,7.01090379,93595659.9290679,108816165.4440513,160000000.0,1000000000.0,1000000000.0,2026-07-20,583996454.92,116.5208
181,Kamino,KMNO,kamino-finance,0.018267317307849727,0.17012338,-0.97167035,-1.15126672,93213371.19897419,3345118.07094488,5102740026.25,9999957247.470852,10000000000.0,2026-07-20,182891944.48,3.5865
182,Allora,ALLO,allora,0.4587565517291368,0.40980179,2.86924452,20.3560916,91980688.62169193,46216035.44583156,200500000.0,785499999.0,1000000000.0,2026-07-20,460398203.34,50.0932
183,Cheems (cheems.pet),CHEEMS,cheems-pet,4.745146578172573e-07,0.8595487,1.84211526,3.78744848,88969142.26888274,1459826.58477333,187495034775398.0,203672952644644.2,203672960023058.0,2026-07-20,96647320.96,1.6402
184,YZY MONEY,YZY,yzy,0.294343633826341,0.28467248,0.18925055,0.29162003,89178939.84408139,124190.24416455,302975602.647808,999999435.981187,1000000000.0,2026-07-20,294049454.83,0.1389
185,SOON,SOON,soon,0.15876739635190246,0.09919116,-2.57612342,-3.69020009,88418720.79356983,6547211.22983162,556907292.21,998466231.2532852,,2026-07-20,158545699.13,7.4119
186,Grass,GRASS,grass,0.36129521011593685,0.37405155,0.79574832,-10.55437205,88121741.1011917,14807105.96215833,243905091.0,1000000000.0,,2026-07-20,360860234.94,16.7506
187,Synthetix,SNX,synthetix,0.23533753898400797,0.57449905,5.21841154,-1.47569033,81077602.75721571,14007153.65704104,344516234.45728827,581404223.5556632,339889850.089,2026-07-20,80097661.6,17.3286
188,Meteora,MET,meteora,0.15101420443630953,-0.38270727,9.4945904,4.57389988,80197732.38712038,13943566.66663516,531060854.086371,997734137.944003,1000000000.0,2026-07-20,150547335.93,17.6269
189,Fluid,FLUID,instadapp,1.0017445926869624,0.0230237,-4.50464423,-2.85879019,78834291.02548505,1868390.52611312,78696996.82034639,100000000.0,,2026-07-20,100182589.63,2.3609
190,Official Melania Meme,MELANIA,melania-meme,0.07860839211777514,-0.10198082,-1.7428849,-3.2876868,78608072.22720368,7867187.36974961,999995930.579893,999995930.579897,,2026-07-20,78598567.81,10.0075
191,Zama,ZAMA,zama,0.035179889292946215,0.31525028,1.09701112,1.19508628,77395756.44448167,17267392.06829373,2200000000.0,11196548333.0,,2026-07-20,393494857.17,22.3436
192,Beam,BEAM,onbeam,0.0014967235436458301,0.55457876,-1.32514026,-5.69613044,76782194.21441218,1798934.78583938,51300184687.0,58470184687.0,58470184687.0,2026-07-20,87488057.08,2.3447
193,CoW Protocol,COW,cow-protocol,0.13270875924704345,-0.05715059,-0.63943847,-4.59448532,76642882.67852588,2984644.32648411,577526932.7614738,1000000000.0,1000000000.0,2026-07-20,132639695.63,3.8955
194,Yearn,YFI,yearn-finance,2133.827662064302,0.50667803,0.62611583,2.54325166,76425058.48297487,4083124.83084434,35815.94701469,36646.35595035,,2026-07-20,78172924.11,5.3309
195,ORDI,ORDI,ordi,3.6332206313129745,3.03805052,0.39530371,3.18436288,76297633.25757246,18703414.48137511,21000000.0,21000000.0,21000000.0,2026-07-20,76005958.98,24.7328
196,Horizen,ZEN,horizen,4.174728039363466,0.46619358,0.15284389,1.87408752,75886593.12894748,7130061.93405191,18177613.58666088,21000000.0,21000000.0,2026-07-20,87612579.46,9.4083
197,Qtum,QTUM,qtum,0.7122667248304854,0.44913546,1.98492716,4.92422801,75549491.709184,10167592.91853837,106069101.75,107822406.0,107822406.0,2026-07-20,76736989.39,13.4519
198,Reserve Rights,RSR,reserve-rights,0.0012074908447692342,0.78629323,-1.03853575,-1.57864717,75532385.02613856,4199710.99050619,62553174091.0,100000000000.0,100000000000.0,2026-07-20,120652073.59,5.5698
199,Numeraire,NMR,numeraire,9.76877696779729,-0.50491221,-4.3171853,1.82286631,73147349.08523285,5268856.99557172,7487871.74959185,10629076.90048515,11000000.0,2026-07-20,107414533.35,7.1939
200,Orca,ORCA,orca,1.2004902711918224,0.40126143,0.87710513,2.79705511,72988346.19023001,10772298.89599037,60798781.915799,74999550.252938,,2026-07-20,90007567.93,14.794
201,Rain,RAIN,rain,0.014332448770487373,0.0301447,-2.39707865,-0.85620465,9486218114.996262,28254285.92826544,661870017252.7241,1149835154667.587,1149835154667.587,2026-07-20,16461918432.43,0.2977
202,Decimal,DEL,decimal,0.8128360493992343,-0.01240641,-1.42348989,-17.33131322,9039552872.018854,194370.51218157,11121003895.804047,11121003895.804047,92075616000.0,2026-07-20,74837053157.34,0.0022
203,Ondo US Dollar Yield,USDY,ondo-us-dollar-yield,1.1387576732517926,-0.01076203,-0.03716127,0.01839594,2158949865.970295,316961.05625643,1895881728.5553656,1895881728.5553656,,2026-07-20,2158620202.54,0.0147
204,HTX,HTX,htx,1.8384928293099747e-06,-0.165142,0.28041169,-0.81910288,1651394430.645173,29861572.91475943,898232728634017.2,999990000000000.0,999990000000000.0,2026-07-20,1839574695.79,1.807
205,Falcon USD,USDf,falcon-finance,0.9959471939665547,0.01084263,0.02645005,-0.01496452,1255921273.5223722,595406.69401814,1261031991.5862405,1261031991.5862405,,2026-07-20,1255921294.91,0.0474
206,USDGO,USDGO,usdgo,1.0000829012095083,0.00753775,-0.00332904,0.00620636,1000745472.832944,3927404.04024482,1000662516.7,1000662516.7,,2026-07-20,1000704850.01,0.3923
207,c8ntinuum,CTM,c8ntinuum,0.2019224827371896,0.42011682,0.20043601,-7.89645856,900244932.9962267,19101653.3974075,4458368978.0,8888884840.0,8888888888.0,2026-07-20,1897025692.42,2.0103
208,Jupiter Perps LP,JLP,jupiter-perps-lp,3.658842778898586,0.4755313,0.40927315,0.85625822,825256877.8389127,2554866.50997326,225551336.230779,225551336.230779,,2026-07-20,824840338.15,0.3106
209,Beldex,BDX,beldex,0.08291681324720547,0.36745419,-0.39409424,-1.9074673,652519522.3815894,13266148.6332652,7869568267.610443,9938508267.610443,,2026-07-20,824174660.84,2.1544
210,GHO,GHO,gho,0.9989484497023755,0.0226966,-0.01068448,0.04160924,648317543.8568417,226574.21734807,649000000.0,649000000.0,,2026-07-20,648316840.58,0.035
211,TBLL tokenized ETF (xStock),TBLLX,tbll-tokenized-etf-xstock,106.22,-0.00725799,-0.00725799,1.05603653,574397125.5558093,87.99455996,5407617.45015825,5407617.45015825,,2026-07-20,574397125.56,0.0
212,Usual USD,USD0,usual-usd,0.9991722517268747,0.0,0.04559846,0.05838397,556831298.3636957,0.0,557292596.3479483,557292596.3479483,,2026-07-20,556831298.36,
213,Solstice USX,USX,solstice-usx,1.0016269500377435,-0.03617879,-0.01814848,-0.01727913,523839132.7644656,1697845.01895123,522988257.0,359692577.0,,2026-07-20,360370389.06,0.3258
214,USDai,USDAI,usdai,0.9999263644977742,0.0,-0.00748385,-0.00076245,501314208.7580455,0.0,501351126.0,501351126.0,,2026-07-20,501314208.76,
215,Ducky,DUCKY,ducky,0.0006475215091266178,0.13368313,-0.14818313,2.12221136,268333473.20715147,1372.40784711,414400864566.0,420690000000.0,420690000000.0,2026-07-20,272594655.26,0.0005
216,Legacy Frax Dollar,FRAX,frax,0.9910185660307441,0.03660381,0.0007645,-0.0449543,237418363.324584,84393.3824359,239570045.87260038,239570045.87260038,,2026-07-20,237471065.16,0.0356
217,Unibase,UB,unibase,0.0873607407708763,0.30368458,-4.6992999,22.69066535,218401851.92719075,49336348.20641985,2500000000.0,10000000000.0,10000000000.0,2026-07-20,876692035.55,22.5325
218,48 Club Token,KOGE,bnb48-club-token,64.30113568592768,0.30374974,0.96983961,1.0594415,217866936.01234773,91078.80555561,3388228.43,3388228.433995,3388228.433995,2026-07-20,217866936.27,0.041
219,Strategy PP Variable tokenized stock (xStock),STRCX,strategy-pp-variable-tokenized-stock-xstock,89.17878499968596,0.85931725,-1.096598,-3.79375723,213418007.77035168,53300.37487978,2393147.73991486,2393147.73991486,,2026-07-20,213417213.14,0.025
220,AUSD,AUSD,agora-finance,0.9999746733029471,0.00255279,0.00119578,0.01763363,200127063.28447303,1292691.67192651,200132131.97035,200132131.97035,,2026-07-20,200129603.56,0.6468
221,Ape and Pepe,APEPE,ape-and-pepe,9.516022558377892e-07,0.27957992,-0.30881318,3.30620771,199836473.72593573,14210372.55785154,210000000000000.0,210000000000000.0,210000000000000.0,2026-07-20,199894505.36,7.0699
222,USAT,USAT,tether-usat,0.9990627539939722,0.00236528,-0.00713144,0.01716819,185310379.15234345,1568296.72502312,185484223.5,185484223.5,,2026-07-20,185294105.85,0.8433
223,Lorenzo Protocol,BANK,lorenzo-protocol,0.24482380355963534,11.64404048,128.99467945,505.74738421,187276675.7424244,412214362.0961071,764944719.5064375,1212195831.9983332,2100000000.0,2026-07-20,510624524.13,221.9956
224,WeFi,WFI,wfi,2.127819657785318,0.0830437,0.03376616,3.13581583,181524107.02886906,1191990.07870656,85309911.6575525,1000000000.0,1000000000.0,2026-07-20,2126886720.22,0.6569
225,Apple tokenized stock (xStock),AAPLX,apple-tokenized-stock-xstock,335.9364244981199,0.64695284,0.62674904,6.58668346,168259966.35469896,2053085.96370536,500868.48011815,500868.48011815,,2026-07-20,168131220.56,1.2208
226,SP500 tokenized ETF (xStock),SPYX,sp500-tokenized-stock-xstock,744.2016922141191,0.19754956,-0.41389458,-1.6119887,161201046.71048388,156901350.9430547,216609.35254109,216609.35254109,,2026-07-20,161137685.74,97.3828
227,Union,U,union,0.08357851793695395,-0.73328237,147.64419378,700.86059658,160391354.8469115,1150740.6332848,1919050000.0,10000000000.0,,2026-07-20,814447370.82,0.716
228,Micron Technology tokenized stock (xStock),MUx,micron-technology-tokenized-stock-xstock,859.6173677438999,1.00397879,1.79013312,5.27500667,152318601.79571825,285443.29840362,177193.49039618,177193.49039618,,2026-07-20,152343193.41,0.1876
229,SwissBorg,BORG,swissborg,0.15347101969710447,0.75566213,-0.03192704,-3.00033955,150747284.09501618,117120.3970213,982252443.442,982252443.442,982602443.0,2026-07-20,150098401.15,0.078
230,GUSD,GUSD,gusd,0.9984005599201112,0.00324006,-0.00626088,-0.09418417,149200979.67446142,323344.5743087,149440000.0,320000000.0,,2026-07-20,319475749.77,0.2167
231,Tesla tokenized stock (xStock),TSLAX,tesla-tokenized-stock-xstock,381.84568756534327,0.29051504,-0.11481593,-5.41204628,148826144.98245904,9424754.44341202,389754.68318466,389754.68318466,,2026-07-20,148773310.52,6.3838
232,EUR CoinVertible,EURCV,eur-coinvertible,1.142568796477119,0.00679261,-0.07129323,0.34923981,147617556.64761272,9352189.63418078,129197959.11,129197959.11,,2026-07-20,147694146.18,6.3266
233,Robinhood tokenized stock (xStock),HOODX,robinhood-tokenized-stock-xstock,100.4235840495684,0.33832717,0.67718885,-9.18570512,147592962.0328987,1318795.26853295,1469704.18781357,1469704.18781357,,2026-07-20,147422597.06,0.8937
234,Nasdaq tokenized ETF (xStock),QQQX,nasdaq-tokenized-stock-xstock,700.3806539487069,0.37394541,0.56452168,-2.93404548,146954640.86031696,576228.81884125,209821.10232742,209821.10232742,,2026-07-20,146925317.31,0.3947
235,Zano,ZANO,zano,9.527778047261373,0.29781186,-1.55269891,-5.30386013,146512238.24450648,1182550.37541364,15377377.34,15377377.34,,2026-07-20,146528317.84,0.8079
236,Bitway,BTW,bitway-btw,0.06511652233443681,-5.6606705,0.43648514,9.42587638,143256349.135761,10534605.16534597,2200000000.0,10000000000.0,10000000000.0,2026-07-20,664400921.65,7.2639
237,Intel tokenized stock (xStock),INTCX,intel-tokenized-stock-xstock,94.64140558334387,-0.00752806,1.6704254,-12.07401313,137268982.4464246,346939.58523928,1450411.49378896,1450411.49378896,,2026-07-20,138776083.17,0.2479
238,Alphabet tokenized stock (xStock),GOOGLX,alphabet-tokenized-stock-xstock,348.576118880158,0.13272511,0.66686851,-2.15857464,134453017.50257674,10723503.05619035,385720.67970268,385720.67970268,,2026-07-20,134564986.57,7.2578
239,NVIDIA tokenized stock (xStock),NVDAX,nvidia-tokenized-stock-xstock,203.5498572449728,0.35828478,0.574643,-2.31289393,133145411.77396531,3655555.85124038,654116.94990149,654116.94990149,,2026-07-20,133124761.23,2.7611
240,Ailey,ALE,project-ailey,0.26071735269571555,0.08816671,0.12770095,0.31195019,126846234.2351516,113779.08422324,486527777.7777778,1000000000.0,1000000000.0,2026-07-20,260718880.61,0.0897
241,TronBank,TBK,tronbank,0.6675330292374919,-0.18648813,3.74294538,2.39896005,123716159.51988019,329598.04129349,185333390.410956,1000000000.0,1000000000.0,2026-07-20,668751551.69,0.2658
242,Circle tokenized stock (xStock),CRCLX,circle-tokenized-stock-xstock,60.95535629477698,0.45637579,-0.62694784,-6.47788804,118531073.15792602,2759909.97856255,1944555.49705453,1944555.49705453,,2026-07-20,118462768.65,2.3295
243,Undeads Games,UDS,undeads-games,1.112701125583265,-0.11893729,-0.41153566,-1.79666283,111294163.02926703,334745.75505414,100021614.49322514,250000000.0,250000000.0,2026-07-20,278098801.71,0.3006
244,Aster USDF,USDF,usdf,0.9998355186507119,0.00288076,-0.02208547,0.06421942,111225987.77051471,49235.86066208,111244285.3806747,111244285.3806747,,2026-07-20,111220905.96,0.044
245,Shuffle,SHFL,shuffle,0.25930360013076575,-0.21450861,-0.91570026,-2.90419341,110264768.86301874,599474.7471672,425234238.19573915,956134768.8996149,,2026-07-20,247929187.79,0.542
246,Frax USD,FRXUSD,frax-usd,0.9999371772587329,0.00094388,-0.02265443,-0.03853188,109165469.74142484,176853.5347712,109172328.24635579,109172328.24635579,,2026-07-20,109165469.74,0.162
247,Rollbit Coin,RLB,rollbit-coin,0.0663409468104136,0.28528096,-0.79410007,-7.43130151,107265210.22689652,156102.59799487,1616877891.9214792,1616877891.9214792,,2026-07-20,107265219.17,0.1455
248,Ribbita by Virtuals,TIBBIR,ribbita-by-virtuals,0.1066121838947156,4.42022323,-6.7141386,-10.11928318,106612183.8947156,1371110.513651,1000000000.0,1000000000.0,1000000000.0,2026-07-20,106623287.74,1.2873
249,StandX DUSD,DUSD,standx-dusd,0.9985498152667969,-0.00472152,-0.00644521,0.00786823,105439558.75187218,32201.72092874,105592687.655448,105592687.655448,,2026-07-20,105439558.75,
250,Backpack,BP,backpack-exchange,0.42149778327086906,-3.4424559,-14.52706825,-24.14270513,105374380.60216251,2403205.63384954,249999845.27663645,999999845.2766365,1000000000.0,2026-07-20,421182013.2,2.2684
251,Marvell tokenized stock (xStock),MRVLX,marvell-tokenized-stock-xstock,187.76025162942494,-1.14993601,1.22467783,-18.45962038,104790285.79335792,8798.5334607,558106.86704968,558106.86704968,,2026-07-20,104802162.19,0.0084
252,BitMart Token,BMX,bitmart-token,0.3092153218588806,-1.51978672,-1.72515079,-2.71549117,100272844.25319877,9658846.34782372,324281615.96391135,626297236.4413097,881679315.0,2026-07-20,271555787.03,9.6677
253,Solstice eUSX,EUSX,solstice-eusx,1.045835476416366,-0.03055266,-0.05774552,0.06182015,100759746.19355999,3831587.40373508,96343783.0,140284603.0,,2026-07-20,146772977.78,3.8198
254,Talus,US,talus-network,0.04568741821600148,1.71997952,0.12542386,90.61007045,100512320.07520325,13690075.82822092,2200000000.0,10000000000.0,10000000000.0,2026-07-20,451917831.31,13.6081
255,RealLink,REAL,reallink,0.07300164400847742,0.49630793,1.12862064,6.80124901,100307306.83228862,7243038.12078298,1374041752.0,3326841475.0,12000000000.0,2026-07-20,875998690.94,7.2112
256,SoSoValue,SOSO,sosovalue,0.28671780801153063,-1.53704997,-4.02081753,-6.16464821,98057934.17911027,5070572.68965035,342001548.0,1000000000.0,1000000000.0,2026-07-20,286690671.28,5.1716
257,Smilek to the Bank,SMILEK,bscbet-online,4.99565420491643e-05,-0.02581345,-0.01416802,-0.02852852,97859923.27425534,1373.73628551,1958901062006.0,2008932945814.0,2008932945814.0,2026-07-20,100352662.42,0.0014
258,Joseon Mun,JSM,joseon-mun,0.0003074344607812876,0.61105925,0.2008491,4.34466314,97293783.80345409,468090.42586183,316470000000.0,2400000000000.0,2400000000000.0,2026-07-20,737744522.19,0.4811
259,AIVIVE,AVV,aivive,0.009667707196777507,-0.05346045,0.5430468,-1.39198619,96677071.96024254,210643.37504042,9999999999.220856,10000000000.0,10000000000.0,2026-07-20,96630631.01,0.2179
260,Gold tokenized ETF (xStock),GLDX,gold-tokenized-stock-xstock,368.124622434662,0.20309334,0.00577774,-1.73326086,95806358.38818301,222888.74118042,260255.2302928,260255.2302928,,2026-07-20,95772690.99,0.2328
261,Circle Internet Group Tokenized Stock (Ondo),CRCLon,circle-internet-group-tokenized-stock-ondo,60.90373072898268,0.3968555,-0.82035186,-6.78783052,91943142.12387554,2249909.66056471,1509647.12708678,1509647.12708678,,2026-07-20,91966303.24,2.4451
262,Meta tokenized stock (xStock),METAX,meta-tokenized-stock-xstock,643.5740077893967,0.15850325,0.2757735,-2.94451317,91748706.65407832,978601.37422608,142561.237004,142561.237004,,2026-07-20,91827247.31,1.0705
263,ViciCoin,VCNT,vicicoin,15.027614177321663,-0.05140299,-0.39634177,-0.41309704,91504822.45876615,38137.65627816,6089111.77642936,3047603.00217618,10000000.0,2026-07-20,150288684.77,0.0564
264,Derive,DRV,derive,0.122483644038518,0.30202573,-0.10815085,-0.0847888,90335323.16041303,3750672.0167567,737529683.0,1500000000.0,1500000000.0,2026-07-20,183005139.48,4.1573
265,The Black Bull,ANSEM,the-black-bull,0.21516510898161367,-0.05660703,18.4969413,-19.45662369,89739464.26638532,20925502.22890076,417072566.695996,999942958.859755,1000000000.0,2026-07-20,213121062.4,23.6795
266,AMD Tokenised Stock (xStock),AMDx,amd-tokenised-stock-xstock,503.4508613114609,1.25117381,1.4948966,-10.50983439,89164557.22632292,8050.15074395,177106.77263329,177106.77263329,,2026-07-20,89174712.36,0.009
267,Microsoft tokenized stock (xStock),MSFTX,microsoft-tokenized-stock-xstock,395.2340814392566,0.16839624,-0.29632325,2.02302816,86852494.80025505,20634.31011987,219749.50764362,219749.50764362,,2026-07-20,86857979.09,0.0238
268,GEODNET,GEOD,geodnet,0.1971561132771379,0.23291513,0.19383384,-3.094649,86507754.22792979,219343.25812469,438777945.0,976569568.0,1000000000.0,2026-07-20,197239437.9,0.2507
269,U.S. Dollar Tokenized Currency (Ondo),USDon,us-dollar-tokenized-currency-ondo,0.9994379099802402,-0.01214021,-0.01871535,0.00061168,83474647.14695124,2538853.50901554,83521593.80126137,83521593.80126137,,2026-07-20,83472258.62,3.0738
270,Quack AI,Q,quack-ai,0.01961451498993136,-1.25503891,-4.20367052,-0.60928797,82476432.20796551,3908745.97898529,4204867275.60191,9999978302.60191,10000000000.0,2026-07-20,195424082.86,4.7495
271,would,WOULD,wouldmeme,0.08217686667878396,-0.05167478,0.32906543,0.53987818,82131882.42920212,2757.17464164,999452592.3,999452789.37,1000000000.0,2026-07-20,82184575.0,0.0034
272,SpaceX Tokenized bStocks,SPCXB,spacex-tokenized-bstocks,125.26310561274985,0.25507677,-2.19609656,-12.59115623,81772341.47421247,8391622.60080469,652804.6791927,652804.6791927,,2026-07-20,81753977.99,10.2702
273,UnifAI Network,UAI,unifai-network,0.34109114528588563,2.21131158,-1.26670999,1.52231706,81520783.72332667,4371258.51599379,239000000.0,1000000000.0,1000000000.0,2026-07-20,343163095.3,5.3409
274,SanDisk Tokenized bStocks,SNDKB,sandisk-tokenized-bstocks,1361.900344675841,1.09431204,0.32461208,-25.32809197,80710469.474801,14510295.49405511,59263.12434704,59263.12434704,,2026-07-20,80860822.49,18.0658
275,Light,LIGHT,light,0.11818806867835129,0.32851378,-3.17724306,3.48891486,78484618.49158584,0.0,664065496.3673334,919835096.1330497,1000000000.0,2026-07-20,118458364.21,
276,AntFun,ANTFUN,ant-fun,0.04071517349025337,0.89305038,1.07160262,17.34870544,76863583.53429252,13705516.61247556,1887836326.0,10000000000.0,10000000000.0,2026-07-20,408575717.93,17.8538
277,Cisco tokenized stock (xStock),CSCOX,cisco-tokenized-stock-xstock,115.04413343639155,0.32315913,-0.97418629,-2.48532416,76792140.92621803,16148.41000761,667501.58076228,667501.58076228,,2026-07-20,76879911.59,0.021
278,Coca-Cola tokenized stock (xStock),KOX,coca-cola-tokenized-stock-xstock,89.00900079746907,-0.23204852,0.8374373,3.34290709,75910646.83058423,38894.32906092,852842.36594579,852842.36594579,,2026-07-20,75779015.24,0.0513
279,lisUSD,lisUSD,lisusd,0.996853127788411,-0.00757372,0.04504388,-0.07328085,74860932.0745353,2758.0174866,75097253.53485078,75097253.53485078,,2026-07-20,74860932.07,0.0025
280,Zeebu,ZBU,zeebu,0.41439678239120004,0.0,0.0,2.6850315,74404763.64523563,0.0,179549568.932212,271574623.461212,,2026-07-20,112539650.14,
281,Vanguard Total World Tokenised ETF (xStock),VTx,vanguard-total-world-tokenised-etf-xstock,155.86,-0.00024381,0.05061588,-0.66926204,74223973.23204225,15.73110566,476222.07899424,476222.07899424,,2026-07-20,74223973.23,0.0
282,Comedian,BAN,comedian,0.07374463616106207,0.23960055,0.26107593,6.66442228,73741823.46689425,7034074.24713125,999961859.0,999961859.0,999961859.0,2026-07-20,73565412.7,9.5666
283,Lumera Health,LUR,lumera-health,4.9248208709031855,0.32999755,0.67655071,-0.99527508,73398890.45402825,59964.97623286,14903870.08544481,100000000.0,100000000.0,2026-07-20,492377859.49,0.0813
284,Cash Cat,CASHCAT,cash-cat,0.07330126995185392,-1.95035804,27.38870841,-54.51462151,73301269.95185392,32066796.90825463,1000000000.0,1000000000.0,1000000000.0,2026-07-20,72157852.64,44.5701
285,MicroStrategy tokenized stock (xStock),MSTRX,microstrategy-tokenized-stock-xstock,95.92315538182676,0.56897575,-0.19879913,2.35027168,72938196.75141343,561321.40334765,760381.54146493,760381.54146493,,2026-07-20,72876381.12,0.7742
286,Huma Finance,HUMA,huma-finance,0.022315878107541206,0.05378618,2.59413359,-0.37918909,72768596.56223075,9649167.60953202,3260843970.0,9999996010.090069,10000000000.0,2026-07-20,223051797.51,13.2528
287,Linde tokenized stock (xStock),LINX,linde-tokenized-stock-xstock,518.32,-0.000382,-0.000382,-2.00216801,72383684.28294918,1433.34450512,139650.57162168,139650.57162168,,2026-07-20,72383684.28,0.002
288,Coinbase tokenized stock (xStock),COINX,coinbase-tokenized-stock-xstock,158.70482434991808,0.58614127,-0.04098746,0.6568701,72350506.14590125,1517152.69344786,455880.95032562,455880.95032562,,2026-07-20,72362555.59,2.0831
289,Law Blocks (AI),LBT,law-blocks,0.29518346396537826,-0.21833471,-0.02218559,-0.24083004,72319354.76238817,659462.20483367,244997988.0,1000000000.0,,2026-07-20,295589680.06,0.9108
290,Micron Technology Tokenized bStocks,MUB,micron-technology-tokenized-bstocks,860.7429506019402,1.32187362,1.86267213,-7.96277607,72330276.10365039,4663229.77165831,84032.37697510961,84032.37697510961,,2026-07-20,72340055.33,6.4463
291,XPR Network,XPR,proton,0.0024706334580887903,0.21014979,-0.31170624,15.6793054,72291238.43495388,1391441.11572864,29260203774.1674,32302880001.4497,,2026-07-20,79791656.41,1.9268
292,AI Rig Complex,ARC,ai-rig-complex,0.07216228394058606,0.03097635,1.21636395,-7.58967952,72161040.55087902,3126216.34478213,999982769.53501,999982769.53501,999998319.0,2026-07-20,72118338.8,4.3416
293,Livepeer,LPT,livepeer,1.4428761000222339,0.67063771,-2.73720855,-5.3110058,71695004.95612329,5681746.9300724,49688954.55058027,49688954.55058027,,2026-07-20,71938339.75,7.9102
294,0x Protocol,ZRX,0x,0.0843651011273541,0.43835523,-1.23015176,-2.07109539,71575061.82493405,4446772.33752008,848396562.8973439,1000000000.0,1000000000.0,2026-07-20,84318215.9,6.1968
295,Walrus,WAL,walrus-xyz,0.029070095235826186,1.21172175,-0.88872868,-3.9425934,71415533.9723697,5068225.95120596,2456666667.0,5000000000.0,5000000000.0,2026-07-20,145322516.79,7.1072
296,RaveDAO,RAVE,ravedao,0.2815199638612005,1.27942366,-9.82415192,12.60183586,71077790.06002186,6084695.39876412,252478684.229534,999998129.229534,1000000000.0,2026-07-20,281395151.34,8.5257
297,Palantir tokenized stock (xStock),PLTRX,palantir-tokenized-stock-xstock,129.96118943485158,-0.51293095,-1.28674784,4.97103714,70955289.56108366,534.64490961,545972.91598853,545972.91598853,,2026-07-20,70955289.56,0.0
298,Four,FORM,binaryx-new,0.1848328921539402,0.69126998,0.23083709,-8.42149057,70581629.18725821,4897158.40369813,381867255.144574,572301922.0959299,580000000.0,2026-07-20,107103305.13,6.9468
299,NEXPACE,NXPC,maplestory-universe,0.24208650370971013,-0.22678253,-3.14301925,-5.39046658,70395273.71598548,7525307.79979733,290785618.5175758,988350564.5175759,1000000000.0,2026-07-20,241829641.01,10.7267
300,Banana For Scale,BANANAS31,banana-for-scale,0.007023502070095518,0.18035984,-0.77433081,-8.46231528,70235020.70095518,5248198.66499535,10000000000.0,10000000000.0,10000000000.0,2026-07-20,70116526.94,7.4879
301,BNB Attestation Service,BAS,bnb-attestation-service,0.027885690554524636,-0.57210356,1.78550248,6.41323209,69714226.38631159,2152901.45237892,2500000000.0,10000000000.0,10000000000.0,2026-07-20,279059956.93,3.0859
302,Sonic,S,sonic,0.02391843835990073,0.19127928,-1.37085934,-5.93076249,68885102.4765141,4703868.16809032,2880000000.0,3222625000.0,,2026-07-20,77134959.07,6.7838
303,iShares Core S&P 500 Tokenized ETF (Ondo),IVVon,ishares-core-sp-500-tokenized-etf-ondo,753.9770930513117,0.02024915,-0.00579311,-1.02448822,68678047.39573368,1061500.16480269,91087.71079211,91087.71079211,,2026-07-20,68708883.81,1.5413
304,Gas,GAS,gas,1.0478190274829826,1.09728604,-4.53503297,1.22695666,68100201.0622721,3366366.77992592,64992331.0,64992331.0,,2026-07-20,68118468.82,4.8757
305,GMX,GMX,gmx,6.490698920231748,0.0053299,0.8815707,13.35857788,67743547.0665263,3888412.96497044,10437018.86331026,10437018.86331026,13250000.0,2026-07-20,85795476.28,5.7609
306,Keeta,KTA,keeta,0.11809851319346643,-0.47144293,-2.87667976,-3.43732667,67661239.61743373,1347777.65465003,572922027.4483266,1000000000.0,1000000000.0,2026-07-20,118048614.11,1.9826
307,FTX Token,FTT,ftx-token,0.20459114547834803,0.14999197,-1.0694969,-6.10614155,67289026.0313642,1182545.04162325,328895103.813207,328895103.813207,352170015.0,2026-07-20,72055185.23,1.7604
308,Mastercard tokenized stock (xStock),MAX,mastercard-tokenized-stock-xstock,544.8238363369334,-0.13221147,-0.15970092,3.12633619,66468213.9327805,1758.14372205,121999.46019189,121999.46019189,,2026-07-20,66474578.36,0.0026
309,MindWaveDAO,NILA,mindwavedao,0.07871184204679846,0.45446004,-0.27063065,-0.017437,66335678.17098787,345112.7957793,842766176.55,1057021569.0,1057021569.0,2026-07-20,83193835.45,0.5203
310,USDsui,USDsui,usdsui,0.9995083926008433,-0.11932037,-0.03868,0.04172232,65612744.44440681,748494.52366704,65645016.02,65645016.02,,2026-07-20,65614763.88,1.1454
311,DigiByte,DGB,digibyte,0.0034930484043214087,1.13666959,-6.79767748,39.710506,64232937.09337331,6591581.52463972,18388791009.568558,18388791009.568558,21000000000.0,2026-07-20,73275804.45,10.2167
312,Chevron tokenized stock (xStock),CVXX,chevron-tokenized-stock-xstock,183.75,-0.00437532,-0.00437532,6.52717356,63854772.44422185,39.16815,347508.96568284,347508.96568284,,2026-07-20,63854772.44,0.0001
313,Core MSCI Emerging Markets Tokenised ETF (xStock),IEMGx,core-msci-emerging-markets-tokenised-etf-xstock,78.88,-0.01220693,-0.01220693,-3.27969861,63541098.9819443,55.2286208,805541.31569402,805541.31569402,,2026-07-20,63541098.98,0.0001
314,Collector Crypt,CARDS,collector-crypt,0.15273713392959204,-0.42755563,-5.86714159,0.72720475,63519347.14282466,2960029.69248958,415873635.366927,1999705581.638692,2000000000.0,2026-07-20,304535317.19,4.6946
315,AIOZ Network,AIOZ,aioz-network,0.04993980788904158,-0.13918059,0.54961306,0.23915151,63258744.11046221,3019821.63892188,1266699788.8941267,1266699788.8941267,,2026-07-20,63247351.26,4.7778
316,River,RIVER,river,3.210115196534056,-0.08661698,-3.83403732,-3.50852141,62918257.8520675,3652287.4944626,19600000.0,100000000.0,100000000.0,2026-07-20,320714822.94,5.8098
317,Fidelity Digital Dollar,FIDD,fidelity-digital-dollar,1.0006667668259772,0.10440785,0.05860616,0.13570288,62642800.31007901,1889715.70836032,62601060.0,62601060.0,,2026-07-20,62581956.21,3.0223
318,Stronghold SHx,SHX,stronghold-token,0.0035310849776356026,-0.3586826,-2.75732605,-1.56797334,62142420.42638279,500840.61759363,17598675993.346684,99756866344.0,99756866344.0,2026-07-20,352347971.8,0.8049
319,Qubic,QUBIC,qubic,4.415319625296677e-07,0.5135183,1.99033669,-10.35697666,61844726.458610564,668957.21735282,140068515321708.0,173959640316785.0,200000000000000.0,2026-07-20,88123414.59,1.0781
320,Visa tokenized stock (xStock),VX,visa-tokenized-stock-xstock,358.12,-0.00241813,-0.00241813,2.39553653,61673293.279664226,21.20321084,172214.04355988,172214.04355988,,2026-07-20,61673293.28,0.0
321,Ravencoin,RVN,ravencoin,0.0037636177353305173,0.2491739,-0.25033512,1.71694831,61575087.75849026,2045035.87695384,16360611541.512674,16360611541.512674,21000000000.0,2026-07-20,79000828.24,3.3231
322,Re,RE,re-protocol,0.38496111762322477,1.13230177,-5.5119422,-25.74618485,61439794.37266667,157475155.41553086,159600000.0,1000000000.0,1000000000.0,2026-07-20,383200415.53,254.7033
323,Goldman Sachs tokenized stock (xStock),GSX,goldman-sachs-tokenized-stock-xstock,1088.01,-0.00031158,-0.00031158,3.82697661,61384074.04558862,80.2842579,56418.66714974,56418.66714974,,2026-07-20,61384074.05,0.0001
324,Plume,PLUME,plume,0.010279607601026955,0.04831748,-2.2890756,3.522016,61367137.95947456,5907111.8554931,5969793823.0,10000000000.0,10000000000.0,2026-07-20,102713736.56,9.6283
325,Velo,VELO,velo,0.0034831393933565788,0.3919976,2.69988159,14.85674955,61177428.7961912,1896415.42278296,17563876115.0,23999804349.0,24000000000.0,2026-07-20,83345248.09,3.1149
326,Pfizer tokenized stock (xStock),PFEX,pfizer-tokenized-stock-xstock,25.07,-0.02895053,-0.02895053,3.37598675,61103136.488097906,166.9473975,2437301.01667722,2437301.01667722,,2026-07-20,61103136.49,0.0003
327,Safe,SAFE,safe1,0.08043178386088295,-1.10582582,-1.57327347,-31.08414522,61066991.30380225,1129554.24401342,759239549.0,1000000000.0,1000000000.0,2026-07-20,80372184.67,1.8622
328,Billions Network,BILL,billions-network,0.025099946979001215,1.10198444,-9.7185245,-51.14769788,60947551.79910533,112657062.23009402,2428194444.0,10000000000.0,10000000000.0,2026-07-20,250255313.44,183.4136
329,Dog (Bitcoin),DOG,dog-go-to-the-moon-rune,0.0006062065782487612,-0.00635983,-0.26070282,-1.67604374,60620657.82487612,1321492.16528765,100000000000.0,100000000000.0,100000000000.0,2026-07-20,60532489.16,2.1856
330,Venus BUSD,vBUSD,venus-busd,0.02229646831700889,0.02001201,0.0,-0.020004,60083864.405966155,0.0,2694770470.0,2694770470.0,,2026-07-20,60077853.62,
331,USD.AI,CHIP,usd-ai,0.03002595206768083,0.15281167,-3.92570789,-4.08372893,60051904.13536166,7365004.99698203,2000000000.0,10000000000.0,10000000000.0,2026-07-20,300076180.67,12.2773
332,ZIGChain,ZIG,zigcoin,0.042443572832951616,0.01795917,-0.31374485,-4.20466347,59800481.26007093,2384238.06273809,1408940795.2396517,2000000000.0,1953940796.0,2026-07-20,82912945.11,3.974
333,Holo,HOT,holo,0.0003382942926896952,0.44436335,-3.88321949,-11.24006126,59707575.4385125,3350662.20562874,176495958485.70828,177619433541.14133,,2026-07-20,60035468.93,5.5948
334,XPIN Network,XPIN,xpin-network,0.0015117185285219584,0.46132955,1.17137144,-21.21809307,59704396.47353241,3669652.54590049,39494386916.0,100000000000.0,100000000000.0,2026-07-20,150770515.09,6.1612
335,"SpaceX 
Pre-IPO stock (Republic)",preSPCX,spacex-pre-ipo-stock-republic,124.91323310858556,0.25709276,-1.3805767,-12.83915407,59302557.418300994,0.0,474750.0,474750.0,,2026-07-20,59275069.96,
336,AIHub,AIH,aihub,50.612233855903604,0.4792777,0.05911111,2.83433918,59216313.61140722,0.0,1170000.0,100000000.0,100000000.0,2026-07-20,5055194545.03,
337,Quantix Finance,QFI,quantix-finance,59.046550874112356,-0.01768949,-5.42060048,-7.20203997,59046550.87411235,3332174.76928559,1000000.0,10000000.0,10000000.0,2026-07-20,590831710.91,5.579
338,Playnance,GCOIN,playnance,0.0023449750265087496,0.43581883,-1.03844712,2.83465496,58685345.01340797,605822.63799177,25026000000.0,77000000000.0,77000000000.0,2026-07-20,180450338.08,1.0229
339,Procter & Gamble tokenized stock (xStock),PGX,procter-gamble-tokenized-stock-xstock,152.74778166265716,0.21330195,0.8155385,-0.44073579,58593810.49474714,12549.10066293,383598.43826833,383598.43826833,,2026-07-20,58606302.47,0.0214
340,Kusama,KSM,kusama,3.1551031311241253,-0.0322908,-1.16258431,-3.26629478,58493762.54340517,2173996.93034776,18539413.80438,18539413.80438,,2026-07-20,58458051.91,3.7102
341,Bio Protocol,BIO,bio,0.025839323031887084,1.11439195,0.11488501,-9.04503721,58000856.93636736,11675636.46576979,2244674013.51,3311032461.939598,3320000000.0,2026-07-20,85904572.11,19.9621
342,Theta Fuel,TFUEL,theta-fuel,0.007825892469499746,-0.83679749,-1.57720549,0.76665682,57945625.017519206,1431779.62604349,7404347203.0,7404347203.0,,2026-07-20,57931020.33,2.4718
343,Schwab International Equity Tokenised ETF (xStock),SCHFx,schwab-international-equity-tokenised-etf-xstock,27.7,-0.0116232,-0.0116232,0.71240391,57913261.04986522,7.1092327,2090731.44584351,2090731.44584351,,2026-07-20,57913261.05,0.0
344,ChainOpera AI,COAI,chainopera-ai,0.3059536402909515,-0.02360524,-0.4863948,-1.68085517,57519314.35815563,3269896.29896496,188000098.0,1000000000.0,1000000000.0,2026-07-20,306323278.16,5.6703
345,Turbo,TURBO,turbo,0.0008242717077501558,0.43574793,-0.07516135,-1.92758717,56874747.82651804,5817023.90515904,68999999990.0,68999999990.0,69000000000.0,2026-07-20,56949729.72,10.1994
346,Berachain,BERA,berachain,0.18976785199553822,-0.01319963,3.81717801,-0.1963357,56829861.05851245,13692574.46109551,299470434.3275626,551827378.772007,,2026-07-20,105293775.29,24.3842
347,Mina,MINA,mina,0.044137339253245034,1.32263144,-1.54301123,2.73537004,56815764.03806128,2762519.16900382,1287249412.8400393,1287249412.8400393,,2026-07-20,56858081.45,4.8385
348,Useless Coin,USELESS,theuselesscoin,0.05680850912550516,-1.77637629,-7.68069351,-32.89913437,56756507.015855394,9753840.93805925,999084607.034223,999084607.034223,1000000000.0,2026-07-20,56715051.63,17.1134
349,Magma Finance,MAGMA,magma-finance,0.2986579616710599,-0.61444648,-1.58899534,-16.40840469,56745012.71750138,2070203.14519886,190000000.0,1000000000.0,1000000000.0,2026-07-20,298069954.65,3.6585
350,AbbVie tokenized stock (xStock),ABBVX,abbvie-tokenized-stock-xstock,245.97387064888696,-0.02166036,0.00789713,-2.70675765,56405004.92990898,66993.20499219,229312.99483604,229312.99483604,,2026-07-20,56444771.22,0.1186
351,Jelly-My-Jelly,JELLYJELLY,jelly-my-jelly,0.05605643744409901,-0.10279151,4.72494991,3.35071971,56056386.93724887,5360098.61503294,999999099.0,999999099.0,,2026-07-20,55905296.12,9.5801
352,Wormhole,W,wormhole,0.009065090201120556,1.04056909,-2.51740637,-5.07206447,55976130.08497515,70214592.19036168,6174911539.0,10000000000.0,10000000000.0,2026-07-20,90608894.88,126.9318
353,Enjin Coin,ENJ,enjin-coin,0.02810848211361099,0.62081173,0.15790628,0.54140096,55769944.691344336,3079969.58879109,1984096631.9678578,2007175955.039117,,2026-07-20,56348568.36,5.5148
354,AstraZeneca tokenized stock (xStock),AZNX,astrazeneca-tokenized-stock-xstock,98.2880776612694,-0.71651893,7.61189809,14.49195994,55648415.81601108,580032.802504,566176.66292948,566176.66292948,,2026-07-20,55570580.06,1.0414
355,Vanguard tokenized ETF (xStock),VTIX,vanguard-tokenized-etf-xstock,374.1203207371986,-0.13052473,-0.10515606,-1.34175015,55547460.24937461,55012.43483487,148474.85466686,148474.85466686,,2026-07-20,55539556.5,0.0991
356,Broadcom tokenized stock (xStock),AVGOX,broadcom-tokenized-stock-xstock,376.78279309153544,0.38304256,0.33789264,-4.37288058,54695619.709731355,51628.52929157,145164.85548862,145164.85548862,,2026-07-20,54721684.88,0.0907
357,iShares MSCI United Kingdom tokenized ETF (xStock),EWUx,ishares-msci-united-kingdom-tokenized-etf-xstock,46.62,-0.01902255,-0.01902255,0.0,54646038.611370146,5.52899214,1172158.70037259,1172158.70037259,,2026-07-20,54646038.61,0.0
358,Dohrnii,DHN,dohrnii,3.2030482946025725,0.5699674,0.22629076,-9.96763131,54692184.1583673,334789.63198996,17075042.0,372000000.0,372000000.0,2026-07-20,1190850213.95,0.6115
359,Baby Doge Coin,BabyDoge,baby-doge-coin,3.0270100139372355e-10,0.4608373,-0.46173566,-2.66447387,54239788.730296135,2372495.56254163,1.7918602343751872e+17,2.026150676904291e+17,,2026-07-20,61316836.0,4.3901
360,SuperVerse,SUPER,superverse,0.08438739870256036,0.32769025,-0.47989029,-1.83207013,54021658.789922595,2623154.66508318,640162626.4169173,999998077.4169173,999998077.417,2026-07-20,84388617.44,4.8481
361,Linea,LINEA,linea,0.002415085640764724,0.42753675,-0.28573798,2.75559602,53800130.68407134,9499740.89567789,22276696849.15845,69695976513.68675,72009990000.0,2026-07-20,173784057.4,17.6248
362,io.net,IO,io-net,0.14575360337427348,1.61603558,-1.88238463,-7.93565891,53276360.88522973,19476864.91360326,365523456.380176,800000000.0,800000000.0,2026-07-20,116415935.35,36.7373
363,aPriori,APR,apriori,0.2152397060327921,0.0046023,0.46061247,-8.63261887,53137302.42684555,5881516.34771159,246875000.0,1000000000.0,1000000000.0,2026-07-20,216041647.38,11.0617
364,Zilliqa,ZIL,zilliqa,0.002594706697201098,0.976255,-8.43886867,-12.09864166,52103618.75231252,7453387.36464699,20080735448.255684,20522690859.79902,21000000000.0,2026-07-20,54591254.06,14.3068
365,Home Depot tokenized stock (xStock),HDX,home-depot-tokenized-stock-xstock,344.70398835192157,-0.27560614,8.914e-05,-1.34820652,51811316.107347675,17916.24785795,150306.69170689,150306.69170689,,2026-07-20,51886487.91,0.0346
366,Spark,SPK,spark,0.017179020278039893,1.25792718,0.92810698,1.77484338,51817118.565812185,9882786.19304147,3016302311.0258803,10000000000.0,10000000000.0,2026-07-20,170805214.49,19.7372
367,ZetaChain,ZETA,zetachain,0.03408729016690684,1.45036093,-0.55813883,-0.78482635,51465416.785123035,3586463.12636321,1509812500.0,2100000000.0,2100000000.0,2026-07-20,71853422.05,7.0115
368,Exxon Mobil tokenized stock (xStock),XOMX,exxon-mobil-tokenized-stock-xstock,145.03104621784985,0.34274524,0.12926873,3.95262182,51414655.14599685,1207.5419693,354507.92424656,354507.92424656,,2026-07-20,51414655.15,0.0023
369,UnitedHealth tokenized stock (xStock),UNHX,unitedhealth-tokenized-stock-xstock,442.57549513153623,0.14695214,0.13799905,3.38946845,51317978.77338055,40707.5954531,115953.05058209,115953.05058209,,2026-07-20,51306070.61,0.0806
370,Brett (Based),BRETT,based-brett,0.00512200524174231,0.37713857,-0.85027369,-0.93185531,51220039.84148217,10559049.07491722,9999997544.723145,9999997544.723145,9999997544.723145,2026-07-20,51252109.43,20.613
371,Diem,DIEM,venice-ai,1329.754131486994,-0.07439308,-4.0244416,5.06019395,51084270.13219765,584267.46035982,38416.32744173,37722.64056489,,2026-07-20,50160161.75,1.1539
372,Janction,JCT,janction,0.00439917354457922,-1.01659314,10.21541877,15.12624653,50562725.979660876,4721366.87501678,11493687500.0,50000000000.0,50000000000.0,2026-07-20,218437559.14,9.4288
373,Berkshire Hathaway tokenized stock (xStock),BRK.BX,berkshire-hathaway-tokenized-stock-xstock,491.6530767269157,-0.05208477,-0.15132153,-0.79846957,50605033.54347361,35.01048603,102928.33694923,102928.33694923,,2026-07-20,50605033.54,0.0001
374,aelf,ELF,aelf,0.061565933881832555,-0.06852333,-0.54086134,0.76180813,50633001.21029531,901424.40474918,822419120.7345036,996445514.3253137,,2026-07-20,61347617.65,1.7859
375,Babylon,BABY,babylon,0.012596873121770198,0.5171781,-0.08122147,-0.66003123,50549394.76858564,5468155.92113845,4012852576.98,10883817440.0,,2026-07-20,136983143.22,10.8205
376,Ton Strategy tokenized stock (xStock),TONXX,ton-strategy-tokenized-stock-xstock,3.24,0.0,0.0,-0.91743119,50408425.23833271,33.3717084,15558155.93775701,15558155.93775701,0.0,2026-07-20,50408425.24,0.0001
377,Synapse,SYN,synapse-2,0.2119055921253571,-0.31890855,-3.02564198,-33.1530394,49985501.48614228,23085934.28724542,235885712.05130032,249783771.98055038,250000000.0,2026-07-20,52919031.4,46.1278
378,Non-Playable Coin,NPC,non-playable-coin,0.006639297883711889,-0.01942077,-2.68398866,-0.55858445,50383915.19164322,4134403.16984768,7588741471.481418,8050126520.0,8050126520.0,2026-07-20,53447924.69,8.215
379,SK hynix tokenized stock (xStock),SKHYx,sk-hynix-tokenized-stock-xstock,156.75272889203467,1.94136607,2.31065315,-3.6731218,49873749.76299256,238930.71604407,318168.30313266,318168.30313266,,2026-07-20,49795304.51,0.481
380,Gamestop tokenized stock (xStock),GMEX,gamestop-tokenized-stock-xstock,21.93810925633035,-0.01584217,-0.02452091,-0.34075471,49543912.60871882,21.96593308,2258349.25106058,2258349.25106058,,2026-07-20,49543912.61,0.0
381,MegaETH,MEGA,megaeth,0.04361303361610585,0.6259843,-0.2521993,-5.7215256,49273690.84227795,9145473.43641909,1129792788.0,10000000000.0,10000000000.0,2026-07-20,437132892.38,18.5205
382,Honeywell tokenized stock (xStock),HONX,honeywell-tokenized-stock-xstock,224.7724904900612,-1.81384405,0.03371658,-2.04087765,49248294.61266948,421307.4109341,219102.85598249,219102.85598249,,2026-07-20,49433420.53,0.8517
383,KUB Coin,KUB,bitkub-coin,0.7117542866407089,-0.42632248,-0.11305868,-1.27839945,49093092.48808269,129044.88564184,68974776.0,110000000.0,110000000.0,2026-07-20,78790985.8,0.2618
384,Xphere,XP,xphere,0.0171942243660824,-1.96697529,-4.94252385,-17.33636501,49052685.45773577,903184.34455073,2852858286.2102156,2852858286.2102156,5500000000.0,2026-07-20,94605445.8,1.8423
385,GoPlus Security,GPS,goplus-security,0.008825909537614786,-0.1710012,-3.12887025,-13.82191048,49075364.04420407,4076680.97994604,5560374693.968,9822841360.54709,10000000000.0,2026-07-20,88058559.94,8.3297
386,ETHGas,GWEI,eth-gas,0.02806054937363204,0.58967842,-9.92571289,-48.51813939,49105961.40385607,9514700.02862566,1750000000.0,10000000000.0,10000000000.0,2026-07-20,287074379.63,18.88
387,Kava,KAVA,kava,0.04490314012041271,-0.31660212,-0.45651797,1.1473489,48623230.974096805,8011717.29612157,1082847009.0,1082847009.0,,2026-07-20,48636382.77,16.503
388,Axelar,AXL,axelar,0.04017070941135023,0.35939137,-0.91098048,-3.37758637,48467926.79463326,2506349.44523984,1206548938.3898869,1248071867.890229,,2026-07-20,50201651.84,5.1639
389,OpenLedger,OPEN,openledger,0.15606538980968074,-0.16484643,1.29049309,8.18792787,48314866.95743959,5812986.99594681,309580920.0,1000000000.0,1000000000.0,2026-07-20,156234505.72,12.0251
390,iShares Semiconductor tokenized ETF (xStock),SOXXx,ishares-semiconductor-tokenized-etf-xstock,521.98,-0.00129122,-0.00129122,-9.66831617,48346115.83675126,160.08656818,92620.62883013,92620.62883013,,2026-07-20,48346115.84,0.0003
391,SushiSwap,SUSHI,sushiswap,0.16817683997913535,0.17280511,2.6090796,4.46803366,48239009.95938023,13230790.86237563,286835036.0570751,291514753.90092283,,2026-07-20,48961385.07,27.458
392,Cysic,CYS,cysic,0.2995410268386385,-0.35229224,-0.90828597,1.37813706,48166197.11565307,4870807.88492746,160800000.0,1000000000.0,1000000000.0,2026-07-20,299534406.34,10.13
393,Circle Internet Group Tokenized bStocks,CRCLB,circle-internet-group-tokenized-bstocks,60.97024533386123,0.50898453,-0.66872432,-6.45442794,47936936.21823296,4971596.99934291,786234.92419523,786234.92419523,,2026-07-20,47923612.7,10.3373
394,Toshi,TOSHI,toshithecat,0.00011287067845263746,0.01201517,-4.93734062,1.48690682,47481232.844401315,12892658.65611438,420669331444.8826,420690000000.0,420690000000.0,2026-07-20,47697307.2,26.4544
395,SPACE ID,ID,space-id,0.03218167442154744,-0.18897034,-3.16285822,-9.74643297,47338173.76877213,6203962.81268972,1470966772.8499722,1994841761.516639,2000000000.0,2026-07-20,64324960.46,13.1609
396,Targon,SN4,targon,10.708225985239498,0.44642705,0.99469211,-4.52452717,47273091.26218952,331487.57838222,4414652.0,4414652.0,21000000.0,2026-07-20,224738741.37,0.7043
397,Bedrock,BR,bedrock-dao,0.15574628878340635,0.85987331,-6.56163329,8.85944797,46983463.67916339,10320376.30080448,301666666.0,1000000000.0,1000000000.0,2026-07-20,155993176.89,21.772
398,Unitas,UP,unitas,0.32160163908997813,0.13248555,-1.02095629,2.08877202,46953839.307136804,244029625.02997842,146000000.0,999999961.340917,1000000000.0,2026-07-20,321598538.08,519.2611
399,Loaded Lions,LION,loaded-lions,0.0015084554041522298,-0.20336417,-1.79467739,0.88377989,46528639.836064845,37346.97633824,30845220686.0,100000000000.0,100000000000.0,2026-07-20,151617940.9,0.0817
401,Zerebro,ZEREBRO,zerebro,0.04640833722897848,0.01071518,37.67865366,35.08434105,46405927.055897966,15604502.13146793,999948065.946241,999948295.837057,1000000000.0,2026-07-20,46601114.46,33.667
401,lium,SN51,celium,12.156243516871735,0.40678957,0.53118614,8.39798306,46431720.29968591,353217.94693027,3819578.0,3819578.0,21000000.0,2026-07-20,255163221.95,0.7713
402,LAB,LAB,lab,0.14872091403459042,1.24774884,-23.39821782,-64.48494965,46415081.32771551,38432464.62067625,312095186.0,990000000.0,1000000000.0,2026-07-20,147894585.89,83.1616
403,Nano,XNO,nano,0.34690758076210076,0.16779814,-1.07025229,7.5311322,46224844.35293989,210644.84674992,133248297.0,133248297.0,133248297.0,2026-07-20,44018100.38,0.4856
404,Russell 2000 Tokenised ETF (xStock),IWMx,russell-2000-tokenised-etf-xstock,291.53771860348724,-0.00168864,-0.10444603,4.90741943,46153295.99489262,279.2988246,158309.86198278,158309.86198278,,2026-07-20,46153280.02,0.0006
405,Pharos,PROS,pharos,0.3391985044463549,-0.15625648,-7.31429294,-17.03038958,45995317.20292573,6125352.16789905,135600000.0,1000000000.0,,2026-07-20,339010263.84,13.3368
406,FUNToken,FUN,funtoken,0.004240617401510028,0.15641744,11.21205004,20.4720022,45824966.79682919,12206761.72276282,10806201658.398026,10806201658.398026,,2026-07-20,45791694.55,26.7203
407,Alaya Governance Token,AGT,alaya-ai,0.015599337970124366,8.77606439,13.03592963,19.94945467,45462865.54395385,22796342.17241573,2914409934.0,5000000000.0,5000000000.0,2026-07-20,74879202.79,50.5792
408,ECOMI,OMI,ecomi-new,0.00016053193750979557,0.0476601,-1.23326864,-2.41350396,45359949.84671354,831848.72409382,282560283955.61914,305278604837.5089,,2026-07-20,48975485.34,1.8221
409,Venus,XVS,venus,2.764805000166636,0.25327353,-2.77857571,4.01951305,45255046.41651686,1292170.72984473,16368259.75567511,30000000.0,,2026-07-20,82887326.76,2.8579
410,TQQQ tokenized ETF (xStock),TQQQX,tqqq-tokenized-stock-xstock,68.72674109776776,-0.13149883,-0.02317885,-8.16804813,45103007.42851924,14905.93051267,656265.76654286,656265.76654286,,2026-07-20,45102440.19,0.033
411,Matrixdock Gold,XAUM,matrixdock-gold,4009.3551028857937,0.1511569,-0.14960997,-0.87044308,45000854.703659676,422335.63058757,11223.96334295,11223.96334295,,2026-07-20,45014498.89,0.9405
412,RedStone,RED,redstone,0.09895354038599935,-0.17847482,-0.50951947,-13.07006789,44937896.07590831,1889920.90025202,454131261.0,1000000000.0,1000000000.0,2026-07-20,98863867.77,4.2083
413,Global X Copper Miners Tokenised ETF (xStock),COPXx,global-x-copper-miners-tokenised-etf-xstock,73.61,-0.00745767,-0.00745767,-4.20085934,44797270.17146981,29.38062179,608575.8751728,608575.8751728,,2026-07-20,44797270.17,0.0001
414,Movement,MOVE,movement,0.010698850448042776,0.6258433,-0.18266446,-1.43404415,44578543.53707785,7102690.74003278,4166666667.0,10000000000.0,10000000000.0,2026-07-20,106961987.19,15.9323
415,Concordium,CCD,concordium,0.003521940309291461,-0.09142311,-3.07997102,-0.72597802,44549689.01657009,122570.93296393,12649189112.899115,14566559159.776512,,2026-07-20,51614595.75,0.3011
416,Astar,ASTR,astar,0.005083485945511647,0.43158237,-0.55229591,-0.55218227,44374687.09770607,1215567.71315629,8729184574.0,8729962778.0,10000000000.0,2026-07-20,50798387.36,2.7658
417,Creditcoin,CTC,creditcoin,0.0804766896731902,-0.04688835,-0.69811136,-4.38459604,44227112.729403175,2085296.74716398,549564264.0,549564264.0,600000000.0,2026-07-20,48201206.03,4.7398
418,Nervos Network,CKB,nervos-network,0.0008993752074354248,0.43473275,-2.14455066,-0.38668915,44219224.02025001,1485696.26345615,49166603276.002525,49997941722.10873,,2026-07-20,45027749.58,3.3356
419,VVS Finance,VVS,vvs-finance,1.015509276586686e-06,0.14378626,-2.04985124,4.41625982,44225765.20250832,20813.10200343,43550331072463.74,95109375559623.39,100000000000000.0,2026-07-20,101801129.82,0.048
420,Bit Digital Tokenised Stock (xStock),BTBTx,bit-digital-tokenised-stock-xstock,1.67,0.0,0.0,-10.21505376,44049943.06074796,83.81676894,26377211.41362153,26377211.41362153,,2026-07-20,44049943.06,0.0002
421,Impossible Cloud Network,ICNT,impossible-cloud-network,0.17400787613299215,-0.50117095,10.51456541,10.38955776,44025059.155919835,4724750.9901109,253006129.0,700000000.0,700000000.0,2026-07-20,121971954.31,10.7091
422,Blur,BLUR,blur-token,0.015417943021586906,0.10373691,-2.16711225,-7.75002399,43891220.958366655,15233267.25418248,2846762431.0787673,3000000000.0,,2026-07-20,46223832.75,34.5738
423,EscoinToken,ELG,escointoken,0.27913132526147694,0.45407045,0.14437955,2.3834322,43861928.55293875,161700.40507962,157137248.97,225000000.0,370000000.0,2026-07-20,103275341.53,0.37
424,TROLL (SOL),TROLL,troll-sol,0.043724227593548624,1.06106245,-2.0539799,-20.09155739,43670480.108036146,2392209.34570105,998770761.921466,998770761.921466,1000000000.0,2026-07-20,43808196.99,5.4604
425,Holoworld AI,HOLO,holoworld-ai,0.06012993963454471,-0.86686814,-8.22875485,-16.35909962,43672281.671676464,7357913.72480765,726298445.285428,2047999951.7718463,2048000000.0,2026-07-20,123155632.83,16.6651
426,VanEck Semiconductor tokenized ETF (xStock),SMHx,vaneck-semiconductor-tokenized-etf-xstock,567.6,0.0,0.0,0.0,43561776.124621786,10.0005444,76747.31523013,76747.31523013,,2026-07-20,43561776.12,0.0
427,AppLovin tokenized stock (xStock),APPX,applovin-tokenized-stock-xstock,432.22,0.0,0.0,-12.88872765,43411384.78580442,78.66404,100438.16756699,100438.16756699,,2026-07-20,43411384.79,0.0002
428,BitDCA,BDCA,bitdca,0.5282507703238872,-0.16788721,-0.05214041,-2.87332005,43304648.89960853,188223.43880191,81977445.8124445,142665333.0,142665333.0,2026-07-20,75440757.47,0.4279
429,CrowdStrike tokenized stock (xStock),CRWDX,crowdstrike-tokenized-stock-xstock,206.0113753554094,-0.00623778,-5.22724263,5.32128962,43078148.50860828,2044.34005369,209105.67891841,209105.67891841,,2026-07-20,43077489.71,0.0047
430,Danaher tokenized stock (xStock),DHRX,danaher-tokenized-stock-xstock,207.62872686963686,0.01305173,1.18769204,6.10079591,43070694.63575018,50288.07459684,207440.92248272,207440.92248272,,2026-07-20,43085394.98,0.1168
431,Lombard,BARD,lombard,0.1253914968857144,-0.26277622,3.166879,-1.08703956,43024957.36891075,9167448.25616029,343125000.0,1000000000.0,1000000000.0,2026-07-20,125546305.62,21.3131
432,Oasis,ROSE,oasis-network,0.005425236171640106,-0.06057225,-0.60538871,-3.71552774,43006195.5466833,1336210.39402494,7927064221.0,10000000000.0,10000000000.0,2026-07-20,54327055.18,3.108
433,Alchemy Pay,ACH,alchemy-pay,0.004284167436210987,0.01116855,-1.20510026,-1.28365721,42841674.36210982,2774107.36383418,9999999999.999989,15346246087.999989,15346246087.999989,2026-07-20,65741993.08,6.4828
434,Micron Technology Tokenized Stock (Ondo),MUon,micron-technology-tokenized-stock-ondo,857.550592236343,0.5827792,1.5260251,-9.92894249,42821680.88980035,3170456.08875509,49934.87413743,49934.87413743,,2026-07-20,42994013.15,7.3802
435,Purr,PURR,purr,0.07171764260842643,0.54813998,-1.68675736,-20.56780677,42696578.71745305,333617.17935163,595342752.0,595342752.0,1000000000.0,2026-07-20,71773250.65,0.7798
436,Threshold,T,threshold,0.003826860883772154,-0.11482033,-3.69174809,-31.94820845,42688633.15847838,13099846.18508874,11155000000.0,11155000000.0,11155000000.0,2026-07-20,42782380.36,30.526
437,iShares Bitcoin Trust Tokenized Stock (Ondo),IBITon,ishares-bitcoin-trust-tokenized-stock-ondo,36.731511342261975,0.57030858,1.42462539,1.48016791,42447456.87538147,215532.96960172,1155614.22125702,1155614.22125702,,2026-07-20,42434359.21,0.5118
438,StorX Network,SRX,storx-network,0.0508475685666011,0.06804436,-0.60555196,-1.75102474,42406872.184545316,2216605.87664394,834000000.0,977000000.0,1500000000.0,2026-07-20,76238287.91,5.2232
439,Flow,FLOW,flow,0.025298714030856123,0.02607597,-2.31941318,-4.60927175,42400623.13123496,2693724.82567734,1675999146.8151355,1675999146.8151355,,2026-07-20,42382985.67,6.3545
440,Popcat (SOL),POPCAT,popcat-sol,0.04320156157613921,0.5343188,-0.1199031,-2.78488338,42334778.7715765,8910751.90988744,979936308.4819267,979936308.4819267,979973220.96,2026-07-20,42216382.82,21.1246
441,Ontology,ONT,ontology,0.04229285994695004,-0.05372553,-4.04546969,-4.74126509,42292859.94695004,2868466.73113717,1000000000.0,1000000000.0,1000000000.0,2026-07-20,42262181.62,6.6794
442,Merck tokenized stock (xStock),MRKX,merck-tokenized-stock-xstock,129.4,-0.00519293,-0.00519293,3.6805971,42249996.06604028,1387.7667338,326506.9247762,326506.9247762,,2026-07-20,42249996.07,0.0033
443,Frankencoin,ZCHF,frankencoin,1.2369243811563972,0.05096591,-0.07192126,0.10799504,42230365.493778564,15996.581582,34141428.64117329,34141428.64117329,,2026-07-20,42229692.23,0.03
444,Tellor,TRB,tellor,15.083251324416468,0.96868648,-1.62890064,0.78796209,42190825.35490377,7440602.9855542,2797197.0,2876419.0,,2026-07-20,43251327.56,17.5735
445,Celo,CELO,celo,0.06969319815580698,0.61997159,-2.76868332,-2.23565393,42078238.864352785,3049202.46250604,603763925.0,1000000000.0,1000000000.0,2026-07-20,69758401.02,7.2349
446,ApeX Protocol,APEX,apex-token,0.28629386105419913,-0.27296435,-0.5848869,5.98303657,41857212.61200626,994683.0356918,146203668.0,499999990.0,500000000.0,2026-07-20,143096142.26,2.4012
447,Altlayer,ALT,altlayer,0.0062901573905193315,0.31583958,-1.05274423,-0.70628103,41796281.8777761,2235811.72481213,6644711615.765356,10000000000.0,10000000000.0,2026-07-20,62881998.91,5.3256
448,iShares MSCI South Korea tokenized ETF (xStock),EWYx,ishares-msci-south-korea-tokenized-etf-xstock,163.33677868925395,-0.2545579,-0.27114594,4.20728628,41660585.15244893,13148.78527682,255059.42682822,255059.42682822,,2026-07-20,41661383.39,0.0316
449,XYO,XYO,xyo,0.003023151800401798,-0.27489658,-0.44801358,-2.32325879,41725188.01631126,3714042.06871102,13801883190.505249,13930752875.47967,13931216938.0,2026-07-20,42079798.94,8.9309
450,Johnson & Johnson tokenized stock (xStock),JNJX,johnson-johnson-tokenized-stock-xstock,251.42999999999998,-0.00062045,-0.00062045,-3.65862715,41588766.748182744,59.6115387,165408.927925,165408.927925,,2026-07-20,41588766.75,0.0001
451,Ronin,RON,ronin,0.05379553509876522,-0.204012,-2.72353904,-0.59565487,41551761.656325184,2791531.16431845,772401679.4337813,1000000000.0,1000000000.0,2026-07-20,53781865.07,6.6644
452,Pirate Chain,ARRR,pirate-chain,0.21153904850163172,-1.1899014,-2.5114186,-2.95070391,41506880.12558155,79542.05045798,196213797.97055,196213797.97055,,2026-07-20,41528807.21,0.1924
453,SPDR S&P 500 Tokenized ETF (Ondo),SPYon,spdr-sp-500-tokenized-etf-ondo,749.0479116707704,0.01182703,0.11721551,-1.09661004,41436383.07322169,10116258.22755258,55318.73519385,55318.73519385,,2026-07-20,41441436.41,24.5228
454,Request,REQ,request,0.05194393616866088,-1.59281883,-4.09505875,-4.79089058,41383465.42861863,3431478.68428502,796694830.6390833,999416740.9347085,,2026-07-20,51726181.62,8.3054
455,Rocket Pool,RPL,rocket-pool,1.8246722616086828,0.05144506,2.88938063,3.85079054,41273351.59099828,10125688.76222585,22619597.20624597,22619597.20624597,,2026-07-20,41163321.95,24.5147
456,Peanut the Squirrel,PNUT,peanut-the-squirrel,0.04107515587819886,0.92740681,-0.29208507,-2.9467843,41068655.25945935,5917921.11257593,999841738.427998,999841738.427998,,2026-07-20,41474055.14,15.2765
457,REAL,ASSET,real-finance,0.2691861236826567,-0.48778882,-4.65496967,-0.72131925,40926366.16718714,4716813.55705222,152037429.0,1000000000.0,1000000000.0,2026-07-20,269940022.73,11.4978
458,Eli Lilly tokenized stock (xStock),LLYX,eli-lilly-tokenized-stock-xstock,1184.4436109159928,0.01969715,0.11470205,-1.26411626,40847990.8264381,48625.11454973,34487.07093354,34487.07093354,,2026-07-20,40848240.64,0.119
459,peaq,PEAQ,peaq,0.01766491556500524,0.1508038,1.01892171,-1.06397815,40679736.44034512,1344264.56773226,2302854847.5449824,4426025844.477275,5667620228.64,2026-07-20,99714925.91,3.3232
460,Aegis YUSD,YUSD,aegis-yusd,0.9988300128877525,-0.02453004,0.06554207,-0.00209283,40611660.291140355,0.0,40659231.0674832,40659231.0674832,,2026-07-20,40611660.29,
461,Fractal Bitcoin,FB,fractal-bitcoin,0.37926140155529425,-1.39103879,6.77727158,4.37184863,40452675.295317516,4209669.80492795,106661724.9459796,153911700.0,210000000.0,2026-07-20,79526022.7,10.4142
462,MetYa,MY,metya,0.040957246152812474,-0.78873419,3.58412441,-0.39386039,40402003.26458038,52889.52685447,986443353.9754975,994243267.9861139,1000000000.0,2026-07-20,40974611.26,0.1312
463,SentismAI,SENTIS,sentismai,0.19548430764519323,0.111556,2.854659,32.28320631,40365337.50259016,3066784.30338359,206488889.0,1000000000.0,1000000000.0,2026-07-20,195810882.49,7.5795
464,Nockchain,NOCK,nockchain,0.018039653499657637,1.45899887,-2.01066882,4.8217069,40365634.88831373,694849.44262792,2237605888.0,4294967296.0,4294967296.0,2026-07-20,76935721.76,1.7303
465,Paycoin,PCI,payprotocol,0.037626311288549555,0.04640354,-0.11732164,-0.62817276,40188136.95031408,594743.74224553,1068086016.7800754,1900000000.0,1900000000.0,2026-07-20,71465533.62,1.472
466,Bank of America tokenized stock (xStock),BACX,bank-of-america-tokenized-stock-xstock,61.18,-0.00519751,-0.00519751,2.3194984,39812519.119678006,474.958694,650744.01960899,650744.01960899,,2026-07-20,39812519.12,0.0012
467,Philip Morris tokenized stock (xStock),PMX,philip-morris-tokenized-stock-xstock,188.72137941594025,0.00326374,-1.41973082,0.4775562,39698172.9961464,133968.93839282,210353.34268436,210353.34268436,,2026-07-20,39680483.49,0.3397
468,NVIDIA Tokenized Stock (Ondo),NVDAon,nvidia-tokenized-stock-ondo,203.27598471601246,0.18778271,0.52919866,-2.52836589,39593766.72004822,84863363.51176117,194778.37864302,194778.37864302,,2026-07-20,39560555.68,213.2841
469,Amazon tokenized stock (xStock),AMZNX,amazon-tokenized-stock-xstock,247.4081154864098,0.0501191,0.05127451,1.21912754,39494241.142273225,1973886.05139214,159631.95493659,300884.72401242,,2026-07-20,74473002.13,4.9789
470,StraitsX USD,XUSD,straitsx-xusd,0.9998937428845639,-0.00741153,-0.02584197,0.00265353,39485539.495609954,2224816.7850386,39489735.561,39489735.561,,2026-07-20,39486848.04,6.1126
471,Aztec,AZTEC,aztec,0.013666147086579941,0.48007741,3.4404116,-7.39383525,39353031.68405677,8074918.52777025,2879599600.0,10350000000.0,10350000000.0,2026-07-20,141571241.92,20.4937
472,Mog Coin,MOG,mog-coin,1.0063635052174499e-07,0.65784626,-0.20792388,-1.84990319,39305290.4925441,8807288.96689039,390567526433216.7,390567526433216.7,420690000000000.0,2026-07-20,42301924.34,22.3634
473,Seeker,SKR,solana-mobile-seeker,0.007962336769436867,-0.27116364,-3.38359808,-13.2836717,39228365.264088474,8059381.02582169,4926740277.385038,10460337857.16774,,2026-07-20,84059187.51,20.4526
474,AKEDO,AKE,akedo,0.0016883159248093898,-9.91648863,-10.44569528,780.48857295,38487271.90093605,111403758.13909286,22796250000.0,100000000000.0,100000000000.0,2026-07-20,170768580.28,284.1115
475,JPMorgan Chase tokenized stock (xStock),JPMX,jpmorgan-chase-tokenized-stock-xstock,342.74,-0.00285339,-0.00285339,1.45687142,38807061.24036455,35.02905622,113225.94748312,113225.94748312,,2026-07-20,38807061.24,0.0001
476,Eurite,EURI,eurite,1.1430952608385259,0.01609164,-0.01829525,0.34059663,38698405.81828936,2039784.04926061,33854051.48990108,33854051.48990108,,2026-07-20,38698971.72,5.3119
477,Mask Network,MASK,mask-network,0.3866571327932187,0.14988738,-0.7291584,-3.23239634,38665713.27932187,10715742.29211958,100000000.0,100000000.0,100000000.0,2026-07-20,38716870.51,27.6761
478,Gemini Dollar,GUSD,gemini-dollar,0.9998798608536613,0.14659505,0.03363808,0.05170947,38613655.0110561,568730.37498698,38618294.58,38618294.58,148548675.98,2026-07-20,148453643.9,1.5033
479,Polymesh,POLYX,polymesh,0.036054146590078384,0.1116862,-0.50188237,0.61464389,38443900.46200425,1034086.11683311,1066282358.561872,1299100830.345479,,2026-07-20,46724015.21,2.7026
480,Amp,AMP,amp,0.0004263589949822242,0.32846217,-0.06817976,-1.06085507,38279019.25977692,3793482.42261703,89781193103.18022,99720253743.71327,100000000000.0,2026-07-20,42730086.77,9.874
481,Helium,HNT,helium,0.2045042923519229,-0.09435188,0.0729998,-4.91116428,38103533.88870548,7030025.88842616,186321438.2959488,186321438.2959488,223000000.0,2026-07-20,45581207.08,18.4849
482,BUSD,BUSD,binance-usd,0.9995452390732518,-0.07652383,0.00079445,-0.01205348,37825052.10796643,318729.71378855,37842261.28978082,37842261.28978082,,2026-07-20,37821693.92,0.8404
483,Starpower,STAR,starpower,0.20206345043081267,-3.37568746,0.78766894,31.0155052,37611917.27553155,2515602.70696063,186139141.91478196,553139141.9147819,1000000000.0,2026-07-20,202585551.64,6.5975
484,KGeN,KGEN,kgen,0.17568304467768053,0.13895167,4.50991586,8.97038178,37577208.94631495,2969693.3773805,213892063.49,978000000.0,978000000.0,2026-07-20,171674895.7,7.9193
485,Gravity,G,gravity-token,0.0034130795694776606,0.20036738,-1.77067613,-0.07095889,37207004.31074682,58144117.09297387,10901300000.0,12000000000.0,12000000000.0,2026-07-20,40828463.48,156.5376
486,Moo Deng (moodengsol.com),MOODENG,moo-deng-solana,0.03758539483015548,0.58779193,-0.02553836,-3.41029992,37208480.64184068,8896192.96172147,989971791.17,989971791.17,989971791.17,2026-07-20,37268531.06,23.8703
487,VeThor Token,VTHO,vethor-token,0.00036619545554710865,0.21748374,-2.51125083,1.02046684,37206900.27450186,1686009.39375893,101603937763.0,101603937763.0,,2026-07-20,37199845.89,4.5411
488,SuperTrust,SUT,supertrust,0.19695263133766863,-2.43124009,-11.11808917,-23.88602057,37106610.77123692,183272.37142736,188403732.0,188403732.0,238403732.0,2026-07-20,46873007.11,0.4952
489,0G,0G,zero-gravity,0.1721934751181387,-0.56609017,2.96808257,-2.96737142,36719225.06370542,19336002.21023184,213243998.0,1000000000.0,,2026-07-20,171954796.06,52.7489
490,Vitalum,VAM,vitalum,0.10794806396964056,0.33916002,0.03569913,2.36600473,36671994.310454,647831.79452675,339718870.0,1000000000.0,1000000000.0,2026-07-20,107943639.29,1.767
491,BIM,BIM,bim,1.2204731666159545,-0.10001521,0.25592339,4.14867186,36614194.998478636,217561.34939724,30000000.0,30000000.0,30000000.0,2026-07-20,36632146.09,0.5943
492,Espresso,ESP,espresso,0.07025954922854694,0.6720005,-2.28257172,8.93667769,36573608.35092011,9945574.72298473,520550000.0,3590000000.0,,2026-07-20,252073734.21,27.1642
493,Succinct,PROVE,succinct,0.1874467079751468,-0.26945562,-2.87375799,-4.80097375,36552108.05515362,4940843.30529559,195000000.0,1000000000.0,1000000000.0,2026-07-20,187093259.32,13.525
494,Glidr,GLIDR,glidr,1.0283283020391434,0.07560016,1.23594748,2.637543,36466280.031704515,75788.85900555,35461710.0,100000000.0,100000000.0,2026-07-20,102765166.52,0.2078
495,Moca Network,MOCA,mocaverse,0.008599982908248092,0.31908902,2.64897594,-0.61846176,36405329.22837667,4532577.97440522,4233186230.3425,8888888888.0,8888888888.0,2026-07-20,76552002.26,12.4636
496,Momentum,MMT,momentum-token,0.17802277462107996,1.18765566,-0.59423232,5.71166811,36333633.66794575,5555879.55943851,204095424.0,1000000000.0,,2026-07-20,177694471.27,15.2126
497,Direxion Semiconductor Bull 3X tokenized ETF (xStock),SOXLx,direxion-semiconductor-bull-3x-tokenized-etf-xstock,138.54194447909674,3.16011678,3.13637338,7.25286657,36266085.10459551,124224.51113325,261769.71343193,261769.71343193,,2026-07-20,35940543.5,0.3472
498,Notcoin,NOT,notcoin,0.0003649519610769385,0.33877314,-1.17640386,-2.73789508,36286938.41224466,2249029.88526708,99429355866.90741,102452705868.52051,102456957533.56,2026-07-20,37398678.26,5.9037
499,Oracle tokenized stock (xStock),ORCLX,oracle-tokenized-stock-xstock,127.57891613441018,-1.69647366,0.23103982,-8.93426225,36210400.87167158,508.27804159,283827.46905862,283827.46905862,,2026-07-20,36210400.87,0.0014
500,GOHOME,GOHOME,gohome,72.17555605254589,-0.02312123,0.0109776,-0.57187569,36080199.59288743,358763.52302134,499895.0,9999895.37,9999895.37,2026-07-20,722890526.67,0.9933
501,Amber tokenized stock (xStock),AMBRX,amber-tokenized-stock-xstock,1.38,0.0,0.0,0.0,35996576.83467898,199.1122374,26084475.96715868,26084475.96715868,,2026-07-20,,
502,Verge,XVG,verge,0.002175343645590784,0.04705385,6.85407587,2.82310388,35940921.63147291,9876301.70013428,16521951234.841335,16521951234.841335,16521951235.741348,2026-07-20,,
503,Ampleforth,AMPL,ampleforth,1.2681056101031059,0.00245074,0.65949758,0.52644978,35855043.95698436,2.0949086,28274493.6,10630913.57552586,,2026-07-20,,
504,Magic Eden,ME,magiceden,0.06111652754732252,-0.22799637,-3.25428716,-2.72553945,35584272.43374439,157775991.37793547,582236489.240844,999990831.83679,1000000000.0,2026-07-20,,
505,Celo Dollar,CUSD,celo-dollar,0.9999815569448864,-0.03750438,-0.00901967,-0.0081367,35553509.89192449,179280.61910619,35554165.61936053,57241566.21607361,1000000000000000.0,2026-07-20,,
506,BSquared Network,B2,bsquared-network,0.5266904612400722,0.26358774,-0.83767596,-2.09905973,35474377.511373244,5718594.15347675,67353370.0,207444584.9777,210000000.0,2026-07-20,,
507,Propy,PRO,propy,0.3631177190972011,1.6336029,4.41129504,-0.43898695,36311771.90972011,3749428.20265195,100000000.0,100000000.0,,2026-07-20,,
508,BankrCoin,BNKR,bankr-coin,0.0003564402243108971,0.57004894,-1.44233624,0.96845964,35394514.27407196,4317528.35046766,99299999999.99966,100000000000.0,100000000000.0,2026-07-20,,
509,APRO,AT,apro,0.14127025349889258,-0.46499495,-1.445801,-8.67707728,35317563.374723144,3210323.02424812,250000000.0,1000000000.0,1000000000.0,2026-07-20,,
510,Thermo Fisher tokenized stock (xStock),TMOX,thermo-fisher-tokenized-stock-xstock,542.64,-0.00171381,-0.00171381,5.95248992,35263076.86628059,14.027244,64984.2932078,64984.2932078,,2026-07-20,,
511,Ankr,ANKR,ankr,0.003497730988628458,0.44878612,-1.06846117,-3.4664742,34977309.88628458,5017426.11800397,10000000000.0,10000000000.0,10000000000.0,2026-07-20,,
512,Walmart tokenized stock (xStock),WMTX,walmart-tokenized-stock-xstock,113.6795448433239,0.0,0.0,-0.96010298,34944121.07967959,0.0,307391.45840037,307391.45840037,,2026-07-20,,
513,Vana,VANA,vana,1.1575161996648076,0.82983302,3.3761975,-2.11034719,34822717.35071607,10415470.96028803,30084000.0,112641600.0,120000000.0,2026-07-20,,
514,MANTRA,MANTRA,mantra-new,0.006408815957893219,-0.81054304,2.51757222,-0.61790758,34768653.5692259,24156923.12499863,5425129040.631002,7358133333.239904,10000000000.0,2026-07-20,,
515,Fogo,FOGO,fogo,0.0090103899338521,0.65680625,0.74169327,-6.05481026,34768268.19678794,4324001.95762486,3858686300.1525946,10032686300.152681,,2026-07-20,,
516,PepsiCo tokenized stock (xStock),PEPX,pepsico-tokenized-stock-xstock,143.72067752012083,0.41497598,1.89614843,2.09509891,34753910.46610484,50612.94583085,241815.65983252,241815.65983252,,2026-07-20,,
517,Novo Nordisk tokenized stock (xStock),NVOX,novo-nordisk-tokenized-stock-xstock,50.47,-0.00586453,-0.00586453,-0.73101468,34706956.79173341,50.47,687674.99092002,687674.99092002,,2026-07-20,,
518,KLA Corporation tokenized stock (xStock),KLACx,kla-corporation-tokenized-stock-xstock,218.0,-0.0002156,-0.0002156,-3.69748642,34610620.02608468,1089.999564,158764.31204626,158764.31204626,,2026-07-20,,
519,Burnedfi,BURN,burnedfi-app,2.8008618743697173,-0.26403783,1.68931401,-6.79000469,34471833.54001171,41276.47284936,12307580.6970199,12307580.6970199,21000000.0,2026-07-20,,
520,Netflix tokenized stock (xStock),NFLXX,netflix-tokenized-stock-xstock,69.4,0.0,0.0,-5.43026504,34403202.32272006,2996.53147662,495723.37640807,495723.37640807,,2026-07-20,,
521,Tokenised GBP,TGBP,tokenised-gbp,1.3434201128882077,-0.06227179,-0.08249298,0.36029481,34381796.74300093,18840.42189651,25592736.34,25592736.34,,2026-07-20,,
522,Subsquid,SQD,subsquid,0.031316947500138116,0.35181436,1.09750895,3.92705356,34353508.35545182,4960305.83936276,1096962223.259477,1336664483.6531098,1337000000.0,2026-07-20,,
523,Rekt (rekt.com),REKT,rekt-eth,1.2117566180521293e-07,0.09607911,-0.07946381,-5.20033503,34149563.434375696,132250.29928501,281818666600479.0,420690000000000.0,420690000000000.0,2026-07-20,,
524,Memecoin,MEME,meme,0.0005306180229134878,0.15392205,-1.43213971,-4.55438952,33904689.02969905,4687629.73608512,63896602764.333336,69000000000.0,69000000000.0,2026-07-20,,
525,Invesco QQQ Tokenized ETF (Ondo),QQQon,invesco-qqq-tokenized-etf-ondo,700.5766978523646,0.40365911,0.53428726,-3.29928306,33673023.62337917,2432310.74619058,48064.7211456,48064.7211456,,2026-07-20,,
526,AI Analysis Token,AIAT,ai-analysis-token,0.2296714736201749,-0.13820221,-0.15949529,17.26423381,33621483.52780993,365845.82493906,146389462.2952275,500000000.0,500000000.0,2026-07-20,,
527,Coinbase Tokenized Stock (Ondo),COINon,coinbase-tokenized-stock-ondo,159.33819482327922,0.60416694,0.18316065,0.9035139,33559649.499476954,1424770.87496677,210618.98897937,210618.98897937,,2026-07-20,,
528,Status,SNT,status,0.0069543851571615325,-1.74280702,-1.91639134,-2.67770058,33466556.272124153,1533641.38174237,4812295482.0327635,6804870174.878168,,2026-07-20,,
529,Defi App,HOME,defi-app,0.007907201429867868,0.88126856,9.42403372,-43.7758859,33451166.80555249,83740949.55918099,4230468529.51,10000000000.0,10000000000.0,2026-07-20,,
530,UMA,UMA,uma,0.36423017053322976,0.30351696,-1.14265563,-1.55351135,33410675.766521573,1656125.60471821,91729566.82201433,129161287.30521096,,2026-07-20,,
531,Waves,WAVES,waves,0.2512283086723371,0.11483875,-1.46153706,-1.74107756,33360667.403393723,2872331.81197405,132790240.0,132790240.0,,2026-07-20,,
532,Hims & Hers Health Tokenized Stock (Ondo),HIMSon,hims-hers-health-tokenized-stock-ondo,32.77748948371156,-0.00393516,0.85045868,-3.1684342,33262394.521613978,1481615.79885195,1014793.8431387,1014793.8431387,,2026-07-20,,
533,deBridge,DBR,debridge,0.017252369907165502,-0.04173126,0.41735668,5.52021543,33205369.27638291,2220457.92117392,1924684519.0,10000000000.0,10000000000.0,2026-07-20,,
534,PumpMeme,PM,pumpmeme,1.027798648824059,0.39330008,-0.11042529,1.35946674,32897794.56854021,124725.33130102,32008015.0,100000000.0,100000000.0,2026-07-20,,
535,Atoshi,ATOS,atoshi,0.036543494093400145,0.67839585,0.46206094,-0.60340262,33004645.257427037,11692.01734704,903160633.0,100000000000.0,100000000000.0,2026-07-20,,
536,Dusk,DUSK,dusk,0.06610383228098263,0.27969431,-2.17070363,-12.15051565,32853604.598454837,2276173.87149215,496999999.31632507,500000000.0,1000000000.0,2026-07-20,,
537,Locus Chain,LOCUS,locus-chain,0.005953764201845978,0.47226979,-0.76301652,-4.64909332,32791528.44369775,95510.2094854,5507696867.392004,7000000000.0,7000000000.0,2026-07-20,,
538,Siacoin,SC,siacoin,0.0005829436613590808,-0.20877091,-2.91621425,-4.53177621,32659789.684151553,3756537.87196178,56025636522.075195,62217525676.30304,,2026-07-20,,
539,Terra,LUNA,terra-luna-v2,0.04591932994038729,0.59263942,-1.27865962,-3.06050565,32602009.70316404,3513414.0972795,709984438.91686,1186707049.0,,2026-07-20,,
540,Dogelon Mars,ELON,dogelon,3.2608912927876335e-08,0.03303595,-0.14535499,1.08389587,32562737.177325506,4170715.96442647,998583953085067.2,998583953085067.2,1000000000000000.0,2026-07-20,,
541,Spacecoin,SPACE,spacecoin-org,0.005850487598783587,-0.15076489,-0.91133843,-3.59699524,32489813.95434396,5125685.48067252,5553351478.10571,21000000000.0,21000000000.0,2026-07-20,,
542,Ore,ORE,ore-new,67.93884770534851,0.34251124,1.30012083,-19.12279134,32449615.316001903,611340.4827552,477629.75693577,477629.75693577,3000000.0,2026-07-20,,
543,Degen,DEGEN,degen-base,0.00131550165881433,-0.14994705,-1.56498896,-9.0013752,32438835.03719899,5798049.27229951,24658908500.68279,36454212536.15846,36963632968.517365,2026-07-20,,
544,CROSS,CROSS,cross,0.06989226520145582,-0.03442977,-2.00876593,-8.45414537,32437398.36507194,2480692.82037396,464105695.6957275,985221782.0328124,985222890.0,2026-07-20,,
545,Accenture tokenized stock (xStock),ACNX,accenture-tokenized-stock-xstock,147.48409068581452,-0.15674268,1.83822436,5.21332547,31931137.348502137,49147.29445599,216505.63935418,216505.63935418,,2026-07-20,,
546,Comcast tokenized stock (xStock),CMCSAX,comcast-tokenized-stock-xstock,25.75148379897398,-0.84003304,-0.44731321,0.60909106,31913371.574027594,395126.06516704,1239282.82436677,1239282.82436677,,2026-07-20,,
547,Pax Dollar,USDP,paxos-standard,0.9969885903866034,-0.12716382,-0.08627234,-0.27761233,31857800.306688145,1175712.28906338,31954026.97069443,31954026.97069443,,2026-07-20,,
548,Irys,IRYS,irys,0.012403169340778472,0.86461299,-2.49510611,-2.69208664,31836618.314425044,3789645.54349254,2566813162.0,10000000000.0,,2026-07-20,,
549,Casper,CSPR,casper,0.001916197649664474,-0.2399625,2.1928486,3.01347164,31797150.419071935,1982177.59104557,16593878207.0,19701188477.0,,2026-07-20,,
550,Abbott tokenized stock (xStock),ABTX,abbott-tokenized-stock-xstock,101.23760567651283,-0.39197629,0.02789109,5.9145749,31792635.48287418,48858.08222146,314039.78067658,314039.78067658,,2026-07-20,,
551,ssv.network,SSV,ssv-network,2.0015493519039103,-0.35405311,-0.75021577,-2.06713431,31711522.374392558,4471553.17458356,15843487.61834325,17361673.60305064,,2026-07-20,,
552,cat in a dogs world,MEW,mew,0.0003564699323281888,-0.08697806,-0.70699183,-1.68546476,31685023.778344605,3491322.00592047,88885543785.98576,88885559754.40508,88888888888.0,2026-07-20,,
553,Nesa,NES,nesa,0.22342681857180463,0.55972979,-3.4569048,-5.86821324,31614894.827910356,51982765.31777587,141500000.0,1000000000.0,,2026-07-20,,
554,Block Street,BSB,block-street,0.13377039765360693,-0.61896654,-0.2834719,-1.45173963,31609944.965547316,8548281.8648051,236300000.0,1000000000.0,1000000000.0,2026-07-20,,
555,Storj,STORJ,storj,0.07383909850668256,0.58531356,0.79606753,-0.4153625,31381616.717661973,3199610.67208684,424999998.00000113,424999998.00000113,,2026-07-20,,
556,Bitmine Tokenised Stock (xStock),BMNRx,bitmine-tokenised-stock-xstock,15.950147034886873,0.17314394,6.26347125,5.13733521,31375597.832898784,15099.11641258,1967103.98745997,1967103.98745997,,2026-07-20,,
557,Kinetiq,KNTQ,kinetiq,0.11147206320668492,-0.09158467,-0.71240216,-16.98165192,31265259.633156758,51113.61235997,280476190.48,1000000000.0,1000000000.0,2026-07-20,,
558,Sahara AI,SAHARA,sahara-ai,0.008890803644484099,0.44383338,-1.92337223,-9.24277205,31040018.22380511,7856690.04554204,3491250000.0,10000000000.0,10000000000.0,2026-07-20,,
559,Gensyn,AI,gensyn,0.023594459825629154,1.09028973,-2.63963963,-7.14298662,30783109.258068644,6342005.50836926,1304675313.0,10000000000.0,10000000000.0,2026-07-20,,
560,Orbler,ORBR,orbler,0.03032646064383301,1.1334302,26.97444746,43.82610046,30799151.604273275,17367.93232672,1015586750.0,2000000000.0,2000000000.0,2026-07-20,,
561,LUSD,LUSD,lusd,0.9991738306859373,-0.00437047,-0.02615341,-0.00233837,30751393.04732549,34951.53257135,30776819.91152082,10000000000000.0,10000000000000.0,2026-07-20,,
562,Zest Protocol,ZEST,zest-protocol,0.20978125914912174,-0.70592324,-4.34244955,-6.91986695,30628063.835771773,7438899.4966967,146000000.0,1000000000.0,1000000000.0,2026-07-20,,
563,Anoma,XAN,anoma,0.012205222481471623,1.43849134,3.85043822,13.63313464,30513056.20367906,5404370.77405389,2500000000.0,10000000000.0,10000000000.0,2026-07-20,,
564,Manta Network,MANTA,manta-network,0.06399470362664932,0.27898645,-0.82340807,9.26773433,30509940.699919477,4243326.13137503,476757277.8821999,1000000000.0,,2026-07-20,,
565,Prom,PROM,prom,1.66966829408585,-0.65541373,23.22266595,27.50922986,30471446.367066763,10529780.05545592,18250000.0,19250000.0,19250000.0,2026-07-20,,
566,ChangeNOW Token,NOW,now-token,0.3587212286321135,-0.00776932,0.50539,0.01817612,30420876.694912303,0.0,84803670.0,199763509.8661694,200000000.0,2026-07-20,,
567,Perle,PRL,perle,0.1735813715405963,0.14721174,0.60497063,1.51642698,30376740.01960435,3979218.92753926,175000000.0,1000000000.0,1000000000.0,2026-07-20,,
568,HashKey Platform Token,HSK,hashkey-platform-token,0.08796965429860182,-0.11972372,-4.41535707,-7.33653556,30346012.73857257,3471397.278215,344960009.0,1000000000.0,1000000000.0,2026-07-20,,
569,PlaysOut,PLAY,playsout,0.03482119994011245,1.5627838,2.18285254,3.6356316,30261946.64649952,890004.37469158,869066738.0373392,3999999999.98607,5000000000.0,2026-07-20,,
570,Ark of Panda,AOP,ark-of-panda,0.04284702826807362,1.94307978,23.65459221,-10.32464886,30250001.957259975,2830704.94335327,706000000.0,2000000000.0,2000000000.0,2026-07-20,,
571,Core,CORE,core-dao,0.024204580960121538,0.55364445,-0.80146022,-1.82848809,30119729.14841169,3840579.96186046,1244381350.7052944,2093769839.0352812,2100000000.0,2026-07-20,,
572,Avantis,AVNT,avantis,0.09002526844006119,-0.07480757,0.00023038,-5.26653309,29953543.883861814,13562749.03076957,332723738.6001784,1000000000.0,1000000000.0,2026-07-20,,
573,Arcium,ARX,arcium,0.1428455445675526,-0.11560868,-6.28742628,-19.3358191,29830626.77076282,1101552145.7342176,208831342.0,1000000000.0,1000000000.0,2026-07-20,,
574,Liquity BOLD,BOLD,liquity-v2,1.000505389484834,-0.06363188,-0.07287284,-0.04255086,29838521.14504977,524256.73618531,29823448.68768153,29823448.68768153,,2026-07-20,,
575,Across Protocol,ACX,across-protocol,0.042309074685854216,-0.04574594,-0.91110998,1.43091151,29813415.79224083,1550656.02060927,704657712.644535,1000000000.0,1000000000.0,2026-07-20,,
576,ZEROBASE,ZBT,zerobase,0.09635496023774452,3.64332542,-8.65199822,-15.81115171,29709445.55941144,21377786.57676389,308333328.0,1000000000.0,1000000000.0,2026-07-20,,
577,Score,SN44,score,6.8777426984164,-0.19397525,-4.20586607,-10.45663787,29698003.561106935,725411.52770259,4317987.0,4317987.0,21000000.0,2026-07-20,,
578,Cap,CAP,cap-app,0.01900047364072949,0.92660605,-1.19889345,9.02877485,29640738.879538003,9067130.63641348,1560000000.0,10000000000.0,10000000000.0,2026-07-20,,
579,TerraClassicUSD,USTC,terrausd,0.005311951797646485,0.51176188,-1.75675823,-4.13510091,29618280.752916336,1014627.21334997,5575781159.392113,6078937133.404208,6078937133.404208,2026-07-20,,
580,OpenServ,SERV,openserv,0.038407144720463436,-0.28329145,1.53658716,10.28010645,29573501.434756845,653028.67829197,770000000.0,1000000000.0,1000000000.0,2026-07-20,,
581,Solayer,LAYER,solayer,0.06335237113549348,-0.91658676,-4.04240584,-3.10937037,29528982.831059005,11265387.35858411,466106987.02822894,999998390.9967297,,2026-07-20,,
582,Bancor,BNT,bancor,0.2738847678009094,0.41754634,-0.32419317,1.11069617,29464369.813134503,1718999.29946449,107579439.5201728,107579439.5201728,,2026-07-20,,
583,Band,BAND,band-protocol,0.16345902733919496,0.53145685,-0.79982617,-2.36778657,29325647.00768979,1508335.90580735,179406714.239379,179406714.239379,,2026-07-20,,
584,DFDV tokenized stock (xStock),DFDVx,dfdv-tokenized-stock-xstock,2.8506129322718454,2.34027959,-2.04812712,-7.1777429,29201815.245513614,674579.13897259,10244047.83789454,10244047.83789454,,2026-07-20,,
585,McDonald's tokenized stock (xStock),MCDX,mcdonald-s-tokenized-stock-xstock,272.16706108823627,0.01296249,0.12203602,-2.58706132,29200003.12588431,445365.07150308,107287.0574754,152118.74952557,,2026-07-20,,
586,MultiBank Group,MBG,multibank-group,0.1174104339770279,-0.26630287,-2.70880223,-17.72970709,29121029.268165275,3637772.79015686,248027609.48710054,977514798.0,1000000000.0,2026-07-20,,
587,Wiki Cat,WKC,wiki-cat,5.424811788586131e-08,0.72950005,-3.84859539,5.38194234,29113284.38474346,147788.90709591,536669022250655.0,536669022250655.0,553003328316637.0,2026-07-20,,
588,UPCX,UPC,upcx,0.21608507143764583,-1.67859916,-3.10035347,-7.06271907,28947616.3180224,7440141.3378663,133963980.6,780000000.0,780000000.0,2026-07-20,,
589,SKYAI,SKYAI,skyai,0.02900289759724079,2.21341589,-3.71078184,-13.07786554,29002897.59724079,11048801.05226701,1000000000.0,1000000000.0,1000000000.0,2026-07-20,,
590,OPEN tokenized stock (xStock),OPENX,open-tokenized-stock-xstock,4.53,-0.12302726,-0.12302726,-8.79090567,28978105.69173962,6.8372649,6396932.82378358,6396932.82378358,,2026-07-20,,
591,Tornado Cash,TORN,torn,5.433562454846143,-0.23267858,2.35031568,0.21970179,28581969.88180267,56827.28860214,5260263.43109587,9999997.246815,,2026-07-20,,
592,Mango,MNGO,mango-markets,0.026788757053320966,-1.53943042,-30.09510446,-3.76345053,29935551.69407281,82622.62328044,1117466989.397395,1117466989.397395,,2026-07-20,,
593,USDK,USDK,usdk,0.9923387799516328,-0.17828696,-1.3268143,0.4931718,28380960.555008855,156.72824246,28600072.0,28600072.0,,2026-07-20,,
594,DEAPcoin,DEP,deapcoin,0.0009496057099606693,0.05107727,-0.09428931,-2.20187114,28348482.90802487,58586.90205657,29852898535.32895,29852898535.328953,,2026-07-20,,
595,ZORA,ZORA,zora,0.0062989032750616755,0.47432989,1.94544953,-7.33327461,28156097.633226786,17753134.07841145,4469999999.0,10000000000.0,10000000000.0,2026-07-20,,
596,WhiteRock,WHITE,whiterock,4.329600219087863e-05,0.00096987,0.00630528,0.23602272,28142401.42407111,7849.77467868,650000000000.0,1000000000000.0,1000000000000.0,2026-07-20,,
597,BOOK OF MEME,BOME,book-of-meme,0.0004035882600774563,0.93258159,1.14178132,-1.47057972,27793845.796773273,9817952.80424621,68866834212.27145,68866834212.27145,,2026-07-20,,
598,Lumentum Holdings Inc. tokenized stock (xStock),LITEx,lumentum-holdings-inc-tokenized-stock-xstock,728.2047801719597,-0.04802001,2.58846847,8.19486501,27793024.322047964,13592.08815803,38166.49530299,38166.49530299,,2026-07-20,,
599,Liquity USD,LUSD,liquity-usd,1.0050150265648357,-2.548e-05,-0.23706699,-0.02206366,27534055.14270142,0.0,27396660.16419023,27396660.16419023,,2026-07-20,,
600,Electronic USD,eUSD,electronic-usd,1.0001637055434718,0.06712667,-0.02627465,0.07924591,27499212.036606856,109809.63200281,27494711.0,27494711.0,,2026-07-20,,
601,Hive,HIVE,hive-blockchain,0.04793746657692801,0.68107002,-0.51915982,-1.08246352,27215545.33760078,1489296.18151213,567730155.158,567730155.158,,2026-07-20,,
602,UNS TOKEN,UNS,uns-token,0.2576903919407669,0.0,-0.0590309,-0.94641481,27213187.688591138,0.0,105604200.0,1000000000.0,1000000000.0,2026-07-20,,
603,Uquid Coin,UQC,uquid-coin,2.7112383175769925,0.00926954,-0.06240004,-0.04153786,27112383.175769925,21875.63301349,10000000.0,40000000.0,,2026-07-20,,
604,sUSD,SUSD,susd,0.6178208107324132,-0.00392548,-7.29482388,-9.00330585,26937057.954117488,139967.90382172,43600114.28262539,43600114.28262539,142399574.0,2026-07-20,,
605,Klickl Token,KLK,klickl-token,0.2674925399868007,0.74877817,2.33210039,3.78895937,26749253.99868007,0.0,100000000.0,100000000.0,1000000000.0,2026-07-20,,
606,ConstitutionDAO,PEOPLE,constitutiondao,0.005270782405392303,0.67117295,-1.30960711,-7.2247913,26670882.832605463,3238751.52253519,5060137334.7,5060137334.7,,2026-07-20,,
607,SMART,SMART,smart-blockchain,0.003963616752678331,0.30047363,0.10638163,-1.62028088,26637209.361272644,426045.35608539,6720430108.0,836732311077.0,836732311077.0,2026-07-20,,
608,Folks Finance,FOLKS,folks-finance,2.183088941438938,-0.12243472,2.74802929,16.49740394,26630207.42485823,1194434.91868335,12198406.999994,50000000.0,50000000.0,2026-07-20,,
609,Fabric Protocol,ROBO,fabric-foundation,0.011914982492125666,0.0476202,12.09679242,-7.46144429,26582325.93993236,18579862.39473041,2231000000.0,10000000000.0,10000000000.0,2026-07-20,,
610,Swarm Network,TRUTH,swarm-network-ai,0.012653291754032936,-1.49779165,0.47214851,10.54795435,26385976.35713118,2638847.29989879,2085305300.0,10000000000.0,10000000000.0,2026-07-20,,
611,Trusta.AI,TA,trusta-ai,0.07467423710641381,0.974907,0.3314131,-1.85458068,26364178.420259345,1265642.26719723,353055879.0,1000000000.0,1000000000.0,2026-07-20,,
612,MYX Finance,MYX,myx-finance,0.07553235666128776,1.47656607,-5.88048359,5.0664746,26115394.676121946,10537914.5739984,345751090.4,1000000000.0,1000000000.0,2026-07-20,,
613,Asteroid Shiba,ASTEROID,asteroid-shiba,6.209136022647397e-05,0.35831909,2.02050471,12.68263385,26121214.333675336,1980969.09025779,420690000000.0,420690000000.0,420690000000.0,2026-07-20,,
614,Catizen,CATI,catizen,0.03897429782124155,0.50392244,-1.02350037,-0.80976727,26115702.261799753,3746496.53941987,670074991.0,1000000000.0,1000000000.0,2026-07-20,,
615,Railgun,RAIL,railgun,1.659247450601345,-0.00105237,2.64813034,-4.3759757,26111985.009197365,11460.32211917,15737245.82173313,60000000.0,100000000.0,2026-07-20,,
616,iota,SN9,iota-macrocosmos-ai,6.503084884306721,0.44900872,0.01124237,-5.26118514,26040523.90711547,633179.97312866,4004334.0,4004334.0,21000000.0,2026-07-20,,
617,Worldwide USD,WUSD,worldwide-usd,0.9892611473413008,-0.00384834,-0.37489757,-0.45624311,26024818.522816006,211265.4307226,26307329.053364,10034660.733364,,2026-07-20,,
618,SwftCoin,SWFTC,swftcoin,0.0025951193653109554,0.05213689,0.62451639,-0.64982238,25951193.653109554,546734.25727269,10000000000.0,10000000000.0,,2026-07-20,,
619,Giggle Fund,GIGGLE,giggle-fund,26.253599491135798,-0.15480578,0.21710739,-2.37540591,25954010.94708992,9782807.30766497,988588.66784545,988588.66784545,988588.66784545,2026-07-20,,
620,Orbs,ORBS,orbs,0.005912038159842512,0.09281543,-0.36305813,-5.26933773,25893389.921324752,2485290.94681463,4379773814.24996,10000000000.0,,2026-07-20,,
621,EthereumPoW,ETHW,ethereum-pow,0.23974535782312184,0.30019155,-0.93515548,-2.65571498,25849104.5073563,1305959.293851,107818999.04993,107818999.04993,,2026-07-20,,
622,BORA,BORA,bora,0.02335258679872742,-0.09002183,-3.230999,-2.85244015,25682007.33190048,339059.96301582,1099750000.0,1205750000.0,1205750000.0,2026-07-20,,
623,International Business Machines tokenized stock (xStock),IBMX,international-business-machines-tokenized-stock-xstock,212.31,-0.78838444,-0.73813128,-28.59891917,25623404.625143096,96.2252613,120688.63748831,120688.63748831,,2026-07-20,,
624,Salesforce tokenized stock (xStock),CRMX,salesforce-tokenized-stock-xstock,167.24,-0.00291788,-0.00291788,2.67132064,25480440.074179105,2.0135696,152358.52711181,152358.52711181,,2026-07-20,,
625,SKALE,SKL,skale-network,0.0041135997538105755,0.36946667,6.70247555,-5.78136866,25472003.42024275,37888358.13343646,6192144337.0,6342291667.0,7000000000.0,2026-07-20,,
626,Osmosis,OSMO,osmosis,0.032490992499889154,-0.58041788,-1.91919015,-5.61293755,25395875.049563296,2587562.23679291,781628171.243151,975932787.101215,1000000000.0,2026-07-20,,
627,Medtronic tokenized stock (xStock),MDTX,medtronic-tokenized-stock-xstock,82.16,-2.69351596,-2.69351596,-2.15317791,25374910.16727478,67.68784464,308847.49473314,308847.49473314,,2026-07-20,,
628,OLAXBT,AIO,olaxbt,0.10993222719362697,0.13198948,6.25186262,15.02771223,25311895.31133261,2001521.39756575,230250000.0,1000000000.0,1000000000.0,2026-07-20,,
629,Victoria VR,VR,victoria-vr,0.0015023520401673404,0.05174103,-0.31646862,-16.3995148,25239514.27481132,701975.84410805,16800000000.0,16800000000.0,16800000000.0,2026-07-20,,
630,Solstice,SLX,solstice,0.10337750937535731,1.13358182,-5.04348591,-29.88949239,25105664.715027615,19445421.33927936,242854223.0,1000000000.0,1000000000.0,2026-07-20,,
631,ICON,ICX,icon,0.022916637719299405,0.47853981,-1.33024687,-4.42851554,25144488.795797642,356420.74357238,1097215442.50019,1108792174.2180953,,2026-07-20,,
632,Neiro,NEIRO,neiro,5.955588070061526e-05,0.64006898,-1.01888486,-2.14847308,25054222.307626437,4099516.85677171,420684271861.798,420690000000.0,420690000000.0,2026-07-20,,
633,Vanta Network,VANTA,proprietary-trading-network,5.833502503161959,0.49823455,0.23673226,-6.50313434,25049555.59629022,194455.98437053,4294085.0,4294085.0,21000000.0,2026-07-20,,
634,B3 (Base),B3,b3,0.0005346896880038714,2.71885181,1.80298878,9.584778,24826488.805847526,10491458.10973246,46431583333.0,100000000000.0,100000000000.0,2026-07-20,,
635,Frax (prev. FXS),FRAX,frax-share,0.2630250112337005,0.98002418,-1.22081466,3.19532222,24622718.438551668,551190.30835039,93613600.93878724,99681495.59113361,99681495.59113361,2026-07-20,,
636,OpenGradient,OPG,opengradient,0.10410338505777895,-0.17647485,-1.07505859,-8.08670706,24636710.33958353,27134135.77389947,236656188.71,1000000000.0,1000000000.0,2026-07-20,,
637,Collect on Fanable,COLLECT,collect-on-fanable,0.04559071806770309,0.48410051,-5.1800091,7.37256457,24482215.60235656,2522017.22962169,537000000.0,3000000000.0,3000000000.0,2026-07-20,,
638,Hana Network,HANA,hana-network,0.03620585471098357,0.59768735,3.17748396,-8.73194366,24414562.36555426,5168464.31095119,674326364.0769057,1000000000.0,1000000000.0,2026-07-20,,
639,Powerledger,POWR,power-ledger,0.04295198754028492,-0.15045187,-1.49343732,-3.39605405,24403181.590427842,976704.23309285,568150229.777841,1000000000.0,,2026-07-20,,
640,iExec RLC,RLC,rlc,0.2794224577590603,0.30276015,-2.81847003,-4.58649136,24309693.745534163,1143919.4633958,86999784.9868455,86999784.9868455,86999784.9868455,2026-07-20,,
641,QANplatform,QANX,qanplatform,0.01346896795830012,0.25882429,2.2867753,0.95114597,24298858.041644923,139097.72306206,1804062354.0626206,2200000000.0,3333333000.0,2026-07-20,,
642,Atletico De Madrid Fan Token,ATM,atletico-de-madrid-fan-token,2.7570565626886037,-0.65002305,0.13552768,5.64686528,24259914.162862062,3902733.3765346,8799208.0,10000000.0,10000000.0,2026-07-20,,
643,Arkham,ARKM,arkham,0.10672665059226351,0.59576145,-0.98456014,-2.0313784,24024169.048318516,16709867.10391486,225100000.0,1000000000.0,1000000000.0,2026-07-20,,
644,World Mobile Token,WMTX,world-mobile-token,0.028028662079188443,0.22242986,-0.05323207,-7.84381578,24008292.21495935,1018064.77559134,856562191.485613,2000000000.0,2000000000.0,2026-07-20,,
645,MVL,MVL,mvl,0.0008634273890843313,0.07957896,0.35791927,-0.30267577,24005836.179987792,82421.76029286,27802958863.102654,30000000000.0,30000000000.0,2026-07-20,,
646,Somnia,SOMI,somnia,0.09793179751863577,0.43216027,-1.11938902,-3.2013091,23820529.593585722,3892425.61396331,243235907.0,1000000000.0,1000000000.0,2026-07-20,,
647,Merlin Chain,MERL,merlin-chain,0.017593348998791253,0.41564902,3.22314601,3.56440736,23795810.999983273,3755356.38471378,1352545840.0,2100000000.0,2100000000.0,2026-07-20,,
648,Aleo,ALEO,aleo,0.018641257048994775,-0.08832637,-0.9670394,-0.58857419,23761095.031928547,1485633.05852038,1274650897.709168,2032092261.024237,5000000000.0,2026-07-20,,
649,Cyber,CYBER,cyberconnect,0.3300768785759452,0.29102602,-1.08563217,-5.3531055,23750819.4399905,7258206.53048861,71955417.0,100000000.0,100000000.0,2026-07-20,,
650,UNIPOLY,UNP,unipoly,0.10830292346019482,-0.18063016,-4.96650797,-15.37854865,23743249.91017851,142996.10972168,219230000.0,1000000000.0,1000000000.0,2026-07-20,,
651,siren,SIREN,siren-bsc,0.03290987355639877,0.90022924,-2.39844849,-6.63695767,23829651.189441074,4990520.08230579,724088202.5451537,724088202.5451537,,2026-07-20,,
652,Naoris Protocol,NAORIS,naoris-protocol,0.03946608098275955,0.49050256,-3.50180478,16.26993745,23650443.689728487,900184.83427234,599260000.0,4000000000.0,4000000000.0,2026-07-20,,
653,LCX,LCX,lcx,0.024837789583239105,0.26707078,3.58675706,4.86478301,23576644.83124285,57322.22943711,949224759.0,949224759.0,,2026-07-20,,
654,Chainbase,C,chainbase,0.0629081430705531,0.28697679,0.72880712,-2.85461435,23509671.654368192,4630307.06638883,373714284.14285713,1000000000.0,1000000000.0,2026-07-20,,
655,WOO,WOO,wootrade,0.012328774803346265,-0.40840015,-3.18341142,7.36097828,23286369.019179903,2107008.05656474,1888782088.2947378,1888782088.2947378,1888782088.2947378,2026-07-20,,
656,Infinity Ground,AIN,infinity-ground,0.07500990951632426,0.93805894,-0.24999281,2.55783338,23250586.60536244,1517963.38924032,309966866.4485252,1000000000.0,1000000000.0,2026-07-20,,
657,Alchemist AI,ALCH,alchemist-ai,0.027317853798955273,1.52680991,-3.3149679,-48.91625654,23220175.72911198,3194786.54911017,850000000.0,1000000000.0,1000000000.0,2026-07-20,,
658,Snek,SNEK,snek,0.00030969534295220187,0.2890515,-1.23931678,-5.482919,23134058.139055874,3652128.541062,74699405934.0,75243418166.0,76715880000.0,2026-07-20,,
659,Kyber Network Crystal v2,KNC,kyber-network-crystal-v2,0.11040973350558365,0.26347842,0.48072058,1.78116075,23097481.923247248,1581835.04452637,209197877.66790652,240991513.47787648,,2026-07-20,,
660,Isiklar Coin,ISIKC,isiklar-coin,0.23082098146040705,0.12582031,0.04892512,0.12336031,23082098.146040704,425102.61377638,100000000.0,100000000.0,100000000.0,2026-07-20,,
661,Open Campus,EDU,open-campus,0.02907990583048943,0.34087444,-1.5880366,-3.80954825,23026741.682461616,1843701.87554432,791843750.0,1000000000.0,1000000000.0,2026-07-20,,
662,Bounce Token,AUCTION,bounce-token,3.318031139321101,0.00047375,-0.09962798,0.05121912,22962126.340138417,5213705.57511984,6920407.12578625,7641035.64836274,10000000.0,2026-07-20,,
663,iShares Silver Trust Tokenized ETF (Ondo),SLVon,ishares-silver-trust-tokenized-etf-ondo,51.70135170301033,1.21481916,2.15451104,-2.17807132,22908637.59027753,2579800.22965477,443095.52527509,443095.52527509,,2026-07-20,,
664,Euler,EUL,euler-finance,0.9503030634561807,0.30308881,-0.68959657,-4.76696208,22735195.34942871,1763771.79980862,23924152.43484801,27182818.28459045,27182818.28459045,2026-07-20,,
665,Alphabet Class A Tokenized Stock (Ondo),GOOGLon,alphabet-class-a-tokenized-stock-ondo,349.5246373715064,0.00495753,0.69402103,-1.84172958,22593158.99175753,3316169.13438385,64639.67507888,64639.67507888,,2026-07-20,,
666,Ontology Gas,ONG,ontology-gas,0.04731083146031456,-0.01174407,-2.46660405,0.25637388,22497605.665219564,3656471.49772209,475527590.0,800000000.0,1000000000.0,2026-07-20,,
667,IOST,IOST,iostoken,0.0006578193190532651,0.50974091,-1.33278851,-5.38155057,22494881.2968399,3172689.26281396,34196139647.0,48495641261.0,90000000000.0,2026-07-20,,
668,iShares Silver Trust Tokenised ETF (xStock),SLVx,ishares-silver-trust-tokenised-etf-xstock,51.70918291059789,1.2838829,1.03396426,-1.98951275,22166020.79054005,25626.38407861,428667.00927887,428667.00927887,,2026-07-20,,
669,GMT,GMT,green-metaverse-token,0.007110098290591821,1.14057156,-2.61409313,-5.52228723,22122360.924139045,3447993.50194245,3111400155.102167,5073850155.102167,,2026-07-20,,
670,Everything,EV,everything,0.00022101616714498263,-0.04861203,0.56522895,-21.65120203,22101616.714498263,239258.46796602,100000000000.0,100000000000.0,100000000000.0,2026-07-20,,
671,WINkLink,WIN,wink,2.2204703181945e-05,0.46534021,-1.54697251,5.96413699,22064854.72284432,5703462.47181349,993701854154.286,993701854154.286,993701859243.3864,2026-07-20,,
672,Hyperlane,HYPER,hyperlane,0.06523454834510758,-0.20809718,-6.34963136,-3.88110466,22060629.282790586,16094074.11508193,338174017.3333334,808000000.0,1000000000.0,2026-07-20,,
673,IoTeX,IOTX,iotex,0.0023341438806908548,0.43765785,-2.66116178,-5.71129869,22037512.50391108,718065.57306032,9441368497.553144,9441368502.273277,10000000000.0,2026-07-20,,
674,Constellation,DAG,constellation,0.00759864617888341,0.08165892,-3.99472297,-7.39044887,21834317.08178966,748022.7006877,2873448318.0,3003804388.0,,2026-07-20,,
675,COTI,COTI,coti,0.007373643461019578,0.36803182,-1.13236324,-6.4881084,21687764.179729477,1965527.38996689,2941254794.102919,2941288230.008051,4910000000.0,2026-07-20,,
676,Steem,STEEM,steem,0.03909198771856248,-0.02101338,-2.79348584,-1.95927564,21625281.875132915,2466048.29077514,553189621.127,553189621.127,,2026-07-20,,
677,Based,BASED,basedone,0.09166588937682439,0.95825711,-0.56513151,-9.75948646,21541484.003553733,15137156.31086344,235000000.0,1000000000.0,1000000000.0,2026-07-20,,
678,Illuvium,ILV,illuvium,2.92241338611946,0.09753572,-1.03060599,-5.90293174,21459795.97757225,920758.01992957,7343176.0474064,9167016.92734208,,2026-07-20,,
679,SLT,SLT,slt-game,2.52226323453401,-0.00431794,0.17798233,-0.51685653,21439237.493539084,22028.05361581,8500000.0,100000000.0,100000000.0,2026-07-20,,
680,BounceBit,BB,bouncebit,0.017790375399523044,0.8299171,-1.42163654,-4.94833862,21420209.168347158,1378891.17840544,1204033568.0,2100000000.0,2100000000.0,2026-07-20,,
681,COINDEPO,COINDEPO,coindepo,0.08479143203066851,0.19933239,0.57396461,-0.72634537,21224892.568690058,1580798.76547803,250318836.0,1000000000.0,1000000000.0,2026-07-20,,
682,"OpenAI
Pre-IPO stock (Republic)",preOPAI,openai-pre-ipo-stock-republic,729.3295679170645,-0.01332559,-0.0081336,-10.55459811,21210362.49416407,0.0,29082.0,29082.0,,2026-07-20,,
683,Cartesi,CTSI,cartesi,0.022653675084437754,0.00728451,0.3156772,-1.90592348,21073070.85345541,681124.31302346,930227469.7111657,1000000000.0,1000000000.0,2026-07-20,,
684,Xertra,STRAX,stratis-new,0.009620715827097137,-0.66705347,-0.72566801,-0.20376701,21046632.338710472,1802489.26491113,2187636836.692731,2187636836.692731,,2026-07-20,,
685,Tokenlon Network Token,LON,tokenlon-network-token,0.17026425902124193,0.10806502,-2.24847795,-0.48771235,21022455.76170482,5348.45289307,123469575.36802886,140451028.83876702,200000000.0,2026-07-20,,
686,MetaMask USD,mUSD,metamask-usd,1.0023469946522154,0.02798393,0.12974148,0.0152683,20965020.366176646,3963413.52254064,20915930.78847,20915930.78847,,2026-07-20,,
687,Bonfida,FIDA,bonfida-sns,0.021052016300059172,0.24932827,-1.49237375,-1.34243399,20860670.6020282,5811040.92317307,990910813.705268,990910813.705268,,2026-07-20,,
688,Pundi X (New),PUNDIX,pundix-new,0.0804503783024588,0.27288998,-2.02069549,-7.01481871,20787294.979752738,929886.4344739,258386541.0999244,258386541.0999244,258526640.0,2026-07-20,,
689,Pythia,PYTHIA,pythia,0.020818918089868663,-1.09847367,-1.04372434,130.51704475,20780570.575280678,272786.18750639,998158044.792604,998158044.792604,1000000000.0,2026-07-20,,
690,Ardor,ARDR,ardor,0.020675752076998923,-0.29030778,-3.35728408,-5.08742149,20644040.254716933,1069156.90196624,998466231.2566,998466231.2566,998466231.2566,2026-07-20,,
691,Gigachad,GIGA,gigachad-meme,0.002211726640689927,0.26979258,-3.78647619,-2.85170654,20574392.19536028,6367834.59592561,9302411888.0,9603935545.16,10000000000.0,2026-07-20,,
692,Cheelee,CHEEL,cheelee,0.3603095634986943,0.33520154,-0.91488109,-1.96085686,20475713.48650912,184284.41306607,56828115.48959432,1000000000.0,1000000000.0,2026-07-20,,
693,Freysa,FAI,freysa-ai,0.002495623077095686,-0.32772067,-4.0362396,-17.13206458,20438404.314490538,141458.29091326,8189700000.0,8189700000.0,8189700000.0,2026-07-20,,
694,Lista DAO,LISTA,lista-dao,0.04646145448834307,0.37924424,0.09120013,-1.54710152,20400420.82572604,2779261.93927751,439082698.7744087,795588564.255041,800000000.0,2026-07-20,,
695,Metal DAO,MTL,metal,0.22134929055079655,0.35643521,-0.92632407,0.15345226,20379382.376552872,306623.22182127,92068885.0,92068885.0,,2026-07-20,,
696,Metis,METIS,metisdao,2.6938831955717646,0.29463881,-0.21084855,-7.91669249,20312517.31929491,1625658.31469438,7540236.842,10000000.0,10000000.0,2026-07-20,,
697,Ark,ARK,ark,0.1024457857208129,-0.26966569,-2.73046987,-3.02737193,20278239.711604856,618414.29732746,197941180.0,197941180.0,,2026-07-20,,
698,wojak (wojakcto.com),WOJAK,wojaknew,6.610148146108305e-08,-2.94333399,1.47388241,-12.86867239,20221332.70100159,1445756.50732507,305913456915588.3,305913456915588.3,420690000000000.0,2026-07-20,,
699,Renzo,REZ,renzo,0.0023568797459293635,1.82286216,0.9187183,-7.31898621,20159431.593262013,10302350.11031875,8553440890.6860695,9814629224.12962,10000000000.0,2026-07-20,,
700,Sign,SIGN,sign,0.008427910809803402,-0.40521638,-0.17417459,-1.0371961,20114613.793778844,3574299.52143686,2386666666.0,10000000000.0,10000000000.0,2026-07-20,,
701,Smooth Love Potion,SLP,smooth-love-potion,0.0005534162991342901,0.21708374,-0.15142777,7.02502386,20111137.280953262,1631487.71101372,36339980070.0,36339980070.0,,2026-07-20,,
702,SATS (Ordinals),SATS,sats-ordinals,9.52875474662991e-09,0.96921721,0.31227255,1.1995665,20010384.96792281,4784905.35203809,2100000000000000.0,2100000000000000.0,2100000000000000.0,2026-07-20,,
703,Capybobo,PYBOBO,capybobo,0.0006372987122632106,0.1488023,-0.22446895,-4.54204054,19791665.564457394,573717.98218688,31055555556.0,100000000000.0,100000000000.0,2026-07-20,,
704,DODO,DODO,dodo,0.019747299073033728,-0.05562001,-6.12259257,-13.36485141,19747299.073033728,11870673.95223697,1000000000.0,1000000000.0,1000000000.0,2026-07-20,,
705,SNC SCANDIC COIN,SNC,scandic-coin,0.15419519319388217,-0.14488499,0.07866661,7.35338165,19676833.95492795,208509.40074004,127609905.0,1000000000.0,1000000000.0,2026-07-20,,
706,iShares 20+ Year Treasury Bond Tokenized ETF (Ondo),TLTon,ishares-20-year-treasury-bond-tokenized-etf-ondo,87.33281039782446,7.325e-05,-0.37532134,-0.1335468,19655210.5842151,1258214.23512852,225061.01080087,225061.01080087,,2026-07-20,,
707,Stargate Finance,STG,stargate-finance,0.13908389007555147,0.50273719,-2.31488831,-8.80541038,19598412.930281054,8931881.83861931,140910733.22463906,1000000000.0,1000000000.0,2026-07-20,,
708,Civic,CVC,civic,0.0195772771364404,0.21033596,-1.66041835,-2.44130874,19577277.1364404,628528.9436917,1000000000.0,1000000000.0,,2026-07-20,,
709,IQ,IQ,iq,0.0007290663039765269,-0.28668029,-1.47042755,-3.61824739,19467450.292821668,360606.07578947,26701892799.928997,26701892799.928997,60000000000.0,2026-07-20,,
710,Phala Network,PHA,phala-network,0.023126694178979536,0.14654962,-5.16384999,-4.58589697,19437899.974993348,14662016.6203254,840496260.4928192,1000000000.0,,2026-07-20,,
711,Public Masterpiece Token,PMT,public-masterpiece-token,0.10379335017989957,0.03559339,-0.18127319,0.41339194,19298118.583492078,323914.63721615,185928275.27046445,361071410.0,2000000000.0,2026-07-20,,
712,TokenPocket,TPT,tokenpocket,0.005563691993155299,0.35160608,0.09767946,-0.11219934,19286301.280993935,1456.22301496,3466457400.0,3466457400.0,5900000000.0,2026-07-20,,
713,Audius,AUDIO,audius,0.013348915567604779,0.25939526,-1.01864489,-1.0178404,19250594.871141247,2307842.62184238,1442109269.0,1442109269.0,,2026-07-20,,
714,OKZOO,AIOT,okzoo,0.04436304672183249,3.20916829,-1.37435007,33.50829946,19220289.94787088,986089.78557824,433249999.0,1000000000.0,1000000000.0,2026-07-20,,
715,Autonomi,ANT,autonomi,0.05605066180157334,0.21323961,-0.76490576,-8.31516628,19130718.69633982,503007.56316901,341311201.0,1200000000.0,1200000000.0,2026-07-20,,
716,dKargo,DKA,dkargo,0.003806270264743402,-0.87526827,-0.8209988,-5.57040912,19031351.32371701,857149.23699447,5000000000.0,5000000000.0,5000000000.0,2026-07-20,,
717,MiL.k,MLK,milk-alliance,0.033844968152625596,0.09706919,-3.04639285,-1.75098379,19044399.73481041,3784977.13732352,562695158.9651,986245419.0,986245419.0,2026-07-20,,
718,Clearpool,CPOOL,clearpool,0.019484973406542552,0.11994414,0.39543865,0.42219425,19009285.59650221,508475.52981083,975586940.7612014,993627634.645902,1000000000.0,2026-07-20,,
719,DOGS,DOGS,dogs,3.670757983558472e-05,0.75156887,-0.16979716,-3.7617811,18968641.880038403,3293671.76190213,516750000000.0,545217355861.166,550000000000.0,2026-07-20,,
720,ROGin AI,ROG,rogin-ai,0.2826240568957545,-0.14497408,-6.82416038,4.04327966,18932949.850592043,33655.84158767,66989873.61,200000000.0,,2026-07-20,,
721,Sapien,SAPIEN,sapien-io,0.07542483338010404,-0.20637712,1.76345403,-5.41965612,18856208.34502601,3938148.46793274,250000000.0,1000000000.0,1000000000.0,2026-07-20,,
722,Yei Finance,CLO,clovis,0.14599238659653666,-2.12233893,-2.71612582,-40.84703977,18847617.109612882,6040643.27254872,129100000.0,999986862.9799656,1000000000.0,2026-07-20,,
723,MicroStrategy Tokenized Stock (Ondo),MSTRon,microstrategy-tokenized-stock-ondo,95.7530938683012,0.49922742,-0.27901176,2.27247225,18750742.535402518,1343616.89039329,195823.88179741,195823.88179741,,2026-07-20,,
724,Lisk,LSK,lisk,0.08452499370613785,0.46174151,-1.14015236,-2.31280528,18698858.156891037,1896034.03279261,221222828.14832324,400000000.0,400000000.0,2026-07-20,,
725,τemplar,SN3,templar,4.42486547045744,0.3816329,0.7532037,-6.0037491,18666175.51575701,86385.50345166,4218473.0,4218473.0,21000000.0,2026-07-20,,
726,ArcBlock,ABT,arcblock,0.18925723678114337,-1.13732244,-0.98846107,-4.65670515,18652115.520514708,23792.72609362,98554305.44029327,186000000.0,186000000.0,2026-07-20,,
727,Symbol,XYM,symbol,0.0028551903629151364,-0.20780138,-1.36435666,-2.57752428,18641675.349644072,66000.61398234,6529048147.462576,8546356599.083976,8999999999.0,2026-07-20,,
728,CARV,CARV,carv,0.030585100725286474,-0.1595202,-2.44893932,-9.08866736,18644715.725265842,4333424.83912447,609601253.0,1000000000.0,,2026-07-20,,
729,NotInEmploymentEducationTraining,NEET,notinemploymenteducationtraining,0.018617703460696588,4.33928439,-2.30040769,-10.21268847,18613347.364911668,910506.61892252,999766024.0,999766024.0,1000000000.0,2026-07-20,,
730,Nosana,NOS,nosana,0.25960506718268417,-0.07235054,-7.07777375,-3.26402064,18610562.958337944,206252.7146822,71687980.36304,99999721.293893,,2026-07-20,,
731,Wibx,WBX,wibx,0.0015784980268041975,0.21584027,1.16593854,3.04454161,18549382.25116768,16529.04635392,11751286309.0,11751286309.0,12000000000.0,2026-07-20,,
732,Blast,BLAST,blast,0.0002824117965746799,0.75004319,-2.64347127,-27.95603346,18549179.604272563,3182276.96800118,65681320076.75355,100000000000.0,100000000000.0,2026-07-20,,
733,Ergo,ERG,ergo,0.2221586492798359,-0.1495397,0.31836507,2.67139858,18505184.554446377,96649.81359758,83297160.0,83297160.0,97739924.0,2026-07-20,,
734,API3,API3,api3,0.21381678767717618,0.46534735,-1.44291925,-3.77345852,18478469.72066759,5413663.57689826,86421978.0,175933856.10888627,,2026-07-20,,
735,aixbt,AIXBT,aixbt,0.018414917288618934,0.99658453,-0.21739798,-2.03213569,18394934.661250673,4587297.51792216,998914867.3841392,998914867.3841392,1000000000.0,2026-07-20,,
736,Brevis,BREV,brevis,0.07357438449551529,0.36774595,-1.00711729,-2.21970206,18393596.12387882,12102171.85209544,250000000.0,1000000000.0,1000000000.0,2026-07-20,,
737,Cobak Token,CBK,cobak-token,0.1836718667533956,-0.01962067,1.79310304,1.38411649,18367186.67533956,16106060.53602658,100000000.0,100000000.0,100000000.0,2026-07-20,,
738,Cetus Protocol,CETUS,cetus-protocol,0.019163519113259184,0.81910763,4.69676576,7.02164875,18330322.627574414,4335292.99050799,956521739.0,1000000000.0,1000000000.0,2026-07-20,,
739,Tria,TRIA,tria,0.008492225107394462,2.02274854,-3.81718221,5.58464391,18323419.347471807,4433282.64265853,2157670000.0,10000000000.0,10000000000.0,2026-07-20,,
740,WAX,WAXP,wax,0.003963683551004878,0.06169022,0.30718042,0.33063083,18258695.266563542,748761.41031399,4606496717.411907,4608433461.251633,,2026-07-20,,
741,Comtech Gold,CGO,comtech-gold,129.36798291325135,0.65901111,0.83761449,-1.03820982,18240885.59076844,834463.47259415,141000.0,141000.0,141000.0,2026-07-20,,
742,Roundhill Memory ETF Tokenized bStocks,DRAMB,roundhill-memory-etf-tokenized-bstocks,53.033638362016355,1.04397352,1.26320689,-9.2927672,18170021.253763348,13878240.17766663,342613.13790564,342613.13790564,,2026-07-20,,
743,Semicon Bull 3X ETF Tokenized bStocks,SOXLB,semicon-bull-3x-etf-tokenized-bstocks,138.76780193697567,3.25851001,3.21213678,-22.83574029,18131279.57915586,15586231.88897045,130659.12499926,130659.12499926,,2026-07-20,,
744,MAX Exchange Token,MAX,max-exchange-token,0.2657069573835803,0.20191538,-1.68954485,-2.20737037,18049780.904051136,57412.0650942,67931156.49581613,285000000.0,500000000.0,2026-07-20,,
745,Chia,XCH,chia-network,1.2508300384439066,0.01380554,-4.65987595,-11.66675128,18026619.78662305,1700044.87528023,14411726.0,33191992.0,,2026-07-20,,
746,ChainGPT,CGPT,chaingpt,0.01931453358345803,-0.12757596,4.56128034,3.75497748,18019553.844515454,10543316.21080083,932953092.8952038,997766421.9854141,1000000000.0,2026-07-20,,
747,Bless,BLESS,bless,0.009274564104253246,2.54529025,6.79338226,20.73973568,18007802.93925831,4186661.96045618,1941633346.5203035,9999966679.520304,10000000000.0,2026-07-20,,
748,Pocket Network,POKT,pocket-network,0.007684374121155692,-0.7624638,-2.3408852,-2.10875533,17975916.491499074,676084.71138095,2339281795.508882,2376316422.191553,,2026-07-20,,
749,RateX,RTX,ratex,1.0273023333162625,0.08437479,1.57973922,-2.37545433,17975314.375298727,5809055.69110027,17497589.35840448,99999989.35840449,100000000.0,2026-07-20,,
750,RIZE,RIZE,rize,0.009069377118380099,-1.62432784,-3.48882357,-11.17133914,17875652.269941505,190261.90251144,1970990073.1456535,4944676179.008667,5000000000.0,2026-07-20,,
751,StrikeX,STRX,strikecoin,0.02045030633115177,0.0,-1.00888416,-3.59033342,17846593.651828386,0.0,872680993.7630533,880456959.285762,1000000000.0,2026-07-20,,
752,MEET48,IDOL,meet48,0.016932635702187778,-0.10566493,-2.20953664,9.30470222,17718309.99876929,2802509.42699864,1046400000.0,4800000000.0,4800000000.0,2026-07-20,,
753,abrdn Physical Platinum Tokenised ETF (xStock),PPLTx,abrdn-physical-platinum-tokenised-etf-xstock,14.46,0.0,0.0,-23.04417243,17723207.409763973,1202.75231832,1225671.32847607,1225671.32847607,,2026-07-20,,
754,TEXITcoin,TXC,texitcoin,0.28143990671244357,0.53993169,-5.15918253,-17.17710978,17718087.040029384,242945.09245089,62955134.0,69218556.0,353396296.0,2026-07-20,,
755,Young,YNG,young,0.6515681785274412,0.0,0.19849362,4.57200333,17592340.82024091,21162.35189116,27000000.0,100000000.0,100000000.0,2026-07-20,,
756,Apertum,APTM,apertum,0.15189395223369803,0.16688969,-3.45581547,24.06181482,17424529.895117585,450282.17426472,114715099.83695,115011446.79009,2100000000.0,2026-07-20,,
757,Yield Guild Games,YGG,yield-guild-games,0.018634646072779783,-1.39653721,-11.7554435,-14.24039188,17391120.750201788,14666021.91378939,933268100.8417728,999716389.322777,1000000000.0,2026-07-20,,
758,WalletConnect Token,WCT,walletconnect-token,0.04138713593441402,0.05553569,-3.245965,-6.55897808,17267050.33422112,10247312.34596379,417208148.0,1000000000.0,1000000000.0,2026-07-20,,
759,Flux,FLUX,zel,0.041621938044474456,-0.04240502,-1.66999881,-4.81420836,17262050.77114595,2115764.72832779,414734430.4991484,414734430.4991484,560000000.0,2026-07-20,,
760,Oho,OHO,oho,0.0007140905750597488,0.49382234,0.14936799,2.74569014,17226647.040104173,130429.68611364,24123896382.0,45000000000.0,45000000000.0,2026-07-20,,
761,Velodrome Finance,VELO,velodrome-finance,0.018817120591091006,0.61424195,-0.36188517,-10.61705008,17221476.014756292,1799951.02394313,915202511.0,2543694787.60866,,2026-07-20,,
762,OpenEden,EDEN,openeden,0.04296785705240691,-0.44498985,2.74860508,0.05782925,17128931.447100498,4148080.64011676,398645234.41810775,1000000000.0,1000000000.0,2026-07-20,,
763,Loopring,LRC,loopring,0.012440167695232613,1.10482357,-4.62825544,18.79275032,17023212.536677327,6312688.87311664,1368406998.500595,1373873397.4424574,,2026-07-20,,
764,Aevo,AEVO,aevo,0.018484831488615724,0.34582058,-0.05176889,-1.10291479,16953863.034693442,1675624.01945307,917177040.2740668,1000000000.0,1000000000.0,2026-07-20,,
765,iShares Core MSCI EAFE Tokenized ETF (Ondo),IEFAon,ishares-core-msci-eafe-tokenized-etf-ondo,98.7206815158622,0.18750232,1.05739714,-0.20596314,16799303.337917235,1339893.07558883,170170.05028696,170170.05028696,,2026-07-20,,
766,Big Time,BIGTIME,big-time,0.006534380899119599,0.40196273,-1.77964763,-7.28950087,16797547.13261207,8129686.38879886,2570640951.5973063,5000000000.0,5000000000.0,2026-07-20,,
767,GameBuild,GAME,gamebuild,0.0008746118093861195,0.15019662,-1.13285318,-1.31120575,16794089.43824727,241530.02350881,19201763866.0,21419639000.0,21419639400.0,2026-07-20,,
768,Harmony,ONE,harmony,0.0011196992747880706,0.51162096,-0.28771207,-2.71534073,16783579.880261127,1294886.32279751,14989363892.762915,14989363892.762915,,2026-07-20,,
769,Definitive,EDGE,definitive,0.06578038956031562,0.33227452,4.11108471,-1.15296324,16775132.597008646,9971968.0284548,255017227.91755623,1000000000.0,1000000000.0,2026-07-20,,
770,pippin,PIPPIN,pippin,0.01670502716527472,0.46986489,-2.40098498,-3.20433723,16704964.571537932,3963249.61786529,999996253.0,999996253.0,,2026-07-20,,
771,Fulcrom Finance,FUL,fulcrom-finance,0.0009929543072446935,0.00758434,-2.28872608,2.58639738,16588688.849048,157.24799,16706396989.282663,20000000000.0,,2026-07-20,,
772,Spell Token,SPELL,spell-token,8.496904937616272e-05,0.43641006,-1.59791228,-6.39119279,16585304.051069655,6249025.91957248,195192298523.26096,196008739620.0,,2026-07-20,,
773,TAC Protocol,TAC,tac-protocol,0.003421124270869004,2.14187058,2.48547258,13.70725654,16530890.28721198,3856660.83840215,4832005206.0,10287785886.0,,2026-07-20,,
774,Sonic SVM,SONIC,sonic-svm,0.022647198779692443,0.396436,-2.17836418,-4.29269938,16452357.559279835,853566.37640814,726463246.9262613,2399996738.8261685,,2026-07-20,,
775,Nillion,NIL,nillion,0.03531924781790501,-0.33212756,1.29604843,1.34786429,16435628.098981814,9113594.5214854,465344793.969531,1009675416.202136,,2026-07-20,,
776,Power Protocol,POWER,powerprotocol,0.07808426749465845,-0.6202173,-3.87760355,-1.76250019,16397696.173878275,1126944.0826779,210000000.0,1000000000.0,1000000000.0,2026-07-20,,
777,Marvell Technology Tokenized Stock (Ondo),MRVLon,marvell-technology-tokenized-stock-ondo,192.82737687081894,1.91033121,3.79718661,-17.07416796,16348604.508000009,1588226.82147048,84783.62758081,84783.62758081,,2026-07-20,,
778,Acurast,ACU,acurast,0.0751097175595517,-0.19762387,-2.37986228,1.56184135,16298808.710422719,2312204.2618581,217000000.0,1000000000.0,,2026-07-20,,
779,DeBox,BOX,debox,0.03204731427715007,-0.06954305,0.29684061,-0.60917203,16286841.970359284,5771.59004501,508212383.4,1000000000.0,1000000000.0,2026-07-20,,
780,Shentu,CTK,shentu,0.10059232598307409,0.32135997,-0.31789846,-2.48307391,16263295.788711537,683601.01854433,161675313.0,161675313.0,,2026-07-20,,
781,Moonriver,MOVR,moonriver,1.301024737220437,0.43813335,-1.11059251,-2.48047886,16234073.481884474,2065865.85742244,12477913.0,12592436.0,,2026-07-20,,
782,MediBloc,MED,medibloc,0.0014038253597976247,0.09598111,0.38008634,-1.91723903,16198148.002485951,120467.55659184,11538577708.0,12328795620.0,,2026-07-20,,
783,Usual,USUAL,usual,0.00866047963043079,0.58711443,0.01843086,-2.37651517,16176697.640966251,43428905.77276389,1867875490.8822052,1867875490.8822052,3000000000.0,2026-07-20,,
784,Global Commercial Business,GCB,global-commercial-business,0.01339344208585971,0.01596617,-0.942395,-3.70446299,16096838.006753413,17192.54028207,1201844746.3738875,1201844746.3738875,2500000000.0,2026-07-20,,
785,MobileCoin,MOB,mobilecoin,0.08097276428900779,0.252489,0.03422984,0.14924533,16064974.329374494,5819.89649347,198399727.0,250000000.0,,2026-07-20,,
786,Bitgo Tokenised Stock (xStock),BTGOx,bitgo-tokenised-stock-xstock,5.11,0.0,0.0,0.0,16036314.930562686,21.33264546,3138222.09991442,3138222.09991442,,2026-07-20,,
787,Humidifi,WET,humidifi,0.06964802906465574,-0.21887744,2.88656156,6.12773978,16019046.68487082,5921932.27449059,230000000.0,999999727.13254,1000000000.0,2026-07-20,,
788,龙虾 (Lobster),龙虾,lobster-2,0.015966581358059385,-0.49168554,2.62653803,10.32416733,15966581.358059386,5447018.00235738,1000000000.0,1000000000.0,1000000000.0,2026-07-20,,
789,Orochi Network,ON,orochi-network,0.1107781356415627,-4.80957365,9.13511945,24.88309722,15982515.519686459,5205243.80898437,144275000.0,700000000.0,1000000000.0,2026-07-20,,
790,Mango Network,MGO,mango-network,0.009950213550317975,-0.05715989,1.19855471,-0.31793231,15949824.770221379,817771.97049388,1602963061.0,10000000000.0,10000000000.0,2026-07-20,,
791,Particle Network,PARTI,particle-network,0.02948610064838595,0.12599994,3.56567479,-16.2860174,15891472.318497244,31225525.87486919,538947909.9999996,1000000000.0,1000000000.0,2026-07-20,,
792,Bifrost,BFC,bifrost,0.011447873620130349,0.05673937,-0.2001885,-4.55572353,15874063.037471028,392529.41717493,1386638564.0,2584913482.0,,2026-07-20,,
793,Adshares,ADS,adshares,0.4088252335158313,0.1509572,-0.94948584,1.69139824,15841855.585974894,102294.91626618,38749701.063551,38758206.0,38758206.0,2026-07-20,,
794,Araracoin,ARARA,araracoin,0.0004364614922160424,-0.09570068,-0.12915414,0.03913544,15821729.092831537,14630.63436616,36250000000.0,100000000000.0,100000000000.0,2026-07-20,,
795,Abey,ABEY,abeychain,0.015036862707937337,0.02643286,-0.21490825,-2.71528873,15748195.748429451,21678.34013053,1047305947.6772792,1344597213.6763003,1344597268.6759932,2026-07-20,,
796,Taiko,TAIKO,taiko,0.07709854052283426,0.46950634,-3.97140987,-8.2649077,15546569.88441191,5408735.45599406,201645449.82284698,1000000000.0,1000000000.0,2026-07-20,,
797,Tensor,TNSR,tensor,0.031809890222448504,0.65472395,-1.54160947,1.62535671,15517593.489152992,4884219.77630745,487822918.6154845,783790894.8576106,,2026-07-20,,
798,Yooldo,ESPORTS,yooldo,0.02265604123345821,-1.97010665,-50.76031574,48.02262224,15375912.424961062,30982807.64649997,678667215.7999991,899999019.7999991,900000000.0,2026-07-20,,
799,Pixels,PIXEL,pixels,0.004448146136867878,1.23482772,-0.39389058,-4.11062874,15424383.328032324,5393698.99852508,3467598152.9,5000000000.0,5000000000.0,2026-07-20,,
800,Tokamak Network,TOKAMAK,tokamak-network,0.34983583086155584,0.08584927,-1.63837343,-0.4956386,15337311.48626868,1594349.70421117,43841454.0,105495262.83697863,,2026-07-20,,
801,Moonbirds,BIRB,moonbirds,0.0537483151895486,0.29814173,-1.09870096,-12.52952508,15318269.829021351,11153568.23364351,285000000.0,1000000000.0,1000000000.0,2026-07-20,,
802,Codatta,XNY,codatta,0.006109066627304565,0.25067679,0.09285851,3.92412827,15272666.568261413,3393165.43244299,2500000000.0,10000000000.0,10000000000.0,2026-07-20,,
803,Rujira,RUJI,rujira,0.1902058442610174,-0.46199276,3.95924584,-6.24642929,15206957.248668341,4703.90513877,79950000.0,100000000.0,100000000.0,2026-07-20,,
804,Zentry,ZENT,zentry,0.0018936876766228528,-0.21199182,-1.31199571,-2.44483817,15167703.63666888,1380911.99111888,8009612051.612713,9706992814.355925,10000000000.0,2026-07-20,,
805,Goldgr,GOLDGR,goldgr,128.74067787832973,0.00217259,-0.2526271,-1.33509914,15148072.787373902,0.0,117663.45367305,10000000000.0,100000000.0,2026-07-20,,
806,Tesla Tokenized Stock (Ondo),TSLAon,tesla-tokenized-stock-ondo,381.35331005847604,0.30629294,-0.13827237,-5.45666795,15142819.200789692,2966565.31617667,39708.11004228,39708.11004228,,2026-07-20,,
807,Liquity,LQTY,liquity,0.15716596798222404,-0.55717945,-2.65058209,-8.88432138,15128188.430576181,1686034.13085306,96256133.72156513,100000000.0,100000000.0,2026-07-20,,
808,Intel Tokenized Stock (Ondo),INTCon,intel-tokenized-stock-ondo,95.68655013501855,0.27300798,2.39153347,-11.02043905,15118596.830355369,1390144.35442832,158001.27404554,158001.27404554,,2026-07-20,,
809,Alien Worlds,TLM,alien-worlds,0.002157001767872853,0.94198368,38.16591351,12.87561348,15054521.039648829,141905070.7475796,6979373528.513601,7043417641.8886,10000000000.0,2026-07-20,,
810,AO,AO,ao,2.105082257148714,0.12385808,0.87889662,5.26630151,15006384.867316242,250602.78482035,7128645.3611756,7128645.3611756,21000000.0,2026-07-20,,
811,Electroneum,ETN,electroneum,0.0008337021946139255,-0.03428993,-3.74904753,4.07583019,14989813.395679764,248252.44460465,17979817604.56,17979817604.56,21000000000.0,2026-07-20,,
812,Epic Chain,EPIC,epic-chain,0.4454452266632957,0.60636774,-0.00873682,11.65003811,14966959.615886735,6078607.14279418,33600000.0,33600000.0,33600000.0,2026-07-20,,
813,Faith Tribe,FTRB,faith-tribe,0.0045163284295484845,0.21694011,0.87878033,2.05870103,14912591.311625121,93440.13095912,3301928002.8569565,5000000000.0,5000000000.0,2026-07-20,,
814,SanDisk Tokenized Stock (Reality),rSNDK,sandisk-tokenized-stock-reality,1361.5031174437304,1.64132246,2.43617804,-25.38813227,14885016.447060686,0.0,10932.78175889,10932.78175889,,2026-07-20,,
815,Secret,SCRT,secret,0.04208779228776342,0.85008203,0.34068595,3.71575112,14828007.605548367,7267973.35163147,352311366.302277,361225183.352958,,2026-07-20,,
816,EGL1,EGL1,egl1,0.014801460395781499,0.95963707,-9.92314891,26.18967722,14801460.395781498,1676989.48181927,1000000000.0,1000000000.0,1000000000.0,2026-07-20,,
817,Micron Tokenized Stock (Reality),rMU,micron-tokenized-stock-reality,860.266386202356,1.63289777,0.99771448,-8.19896733,14747388.181890186,0.0,17142.81578174,17142.81578174,,2026-07-20,,
818,STBL,STBL,stbl,0.02102765190468534,0.25337713,-0.07500505,-7.7069222,14719356.333279738,2359959.61470957,700000000.0,10000000000.0,10000000000.0,2026-07-20,,
819,Hermez Network,HEZ,hermez-network,3.116785634024438,-0.00452586,-0.01888622,1.19310927,14648892.479914859,0.0,4700000.0,100000000.0,100000000.0,2026-07-20,,
820,Chromia,CHR,chromia,0.015013954048343398,0.53895048,-1.10587501,-0.13372642,14636081.582346875,732116.34847144,974831915.3782,974831915.3782,978064789.0,2026-07-20,,
821,Animecoin,ANIME,anime,0.002640646935759782,0.55303986,0.10576433,-4.05058165,14625499.413251262,6303177.51636058,5538604656.0,10000000000.0,,2026-07-20,,
822,Xai,XAI,xai-games,0.00697968625946967,0.53590503,-1.21245654,1.59283187,14554949.09922152,5606350.69243238,2085329993.0887487,2210653562.049371,2500000000.0,2026-07-20,,
823,Enso,ENSO,enso,0.7017251519391012,0.24088968,-0.46237065,-0.864143,14448520.878426094,6288088.66869166,20590000.0,100000000.0,127339703.0,2026-07-20,,
824,Bluwhale,BLUAI,bluwhale,0.011694752275702052,-1.36457131,2.57582041,-32.26265773,14361155.79456212,20364328.53239127,1228000000.0,10000000000.0,10000000000.0,2026-07-20,,
825,Tether Gold Tokens,XAUT0,tether-gold-tokens,4010.2345745958737,0.48777628,0.03330921,-1.28969298,14367530.411189804,79416.56536495,3582.71571,3582.71571,,2026-07-20,,
826,Gradients,SN56,gradients,3.4364613674779996,0.40132609,0.66454647,-7.40285968,14349078.46189772,12261.14828629,4175539.0,4175539.0,21000000.0,2026-07-20,,
827,NYM,NYM,nym,0.017109113784548578,-0.04736498,-1.35032447,-0.78299369,14326750.600015584,1120011.58155456,837375376.681066,1000000000.0,1000000000.0,2026-07-20,,
828,iShares Core US Aggregate Bond Tokenized ETF (Ondo),AGGon,ishares-core-us-aggregate-bond-tokenized-etf-ondo,101.11513636123209,0.0826911,-0.11897675,-0.10024499,14324194.986446226,934682.5220474,141662.2229067,141662.2229067,,2026-07-20,,
829,Adventure Gold,AGLD,adventure-gold,0.1529778589327111,1.95733545,-2.51063278,-9.97817765,14200934.79770143,6794955.23680169,92830001.0,92830001.0,96000000.0,2026-07-20,,
830,SynFutures,F,synfutures,0.0031569511060070077,0.55479312,-2.79380654,-5.45485662,14157022.602449244,3411270.25744316,4484397169.0,10000000000.0,10000000000.0,2026-07-20,,
831,INFINIT,IN,infinit,0.04103148268271003,0.82280564,-5.87554365,-8.45363353,14158679.690860057,6293411.52209225,345068683.0,1000000000.0,1000000000.0,2026-07-20,,
832,EVAA Protocol,EVAA,evaa-protocol,0.7859930856427748,-0.86562545,-3.78055682,-26.58812022,14033386.13812974,49339589.51997833,17854337.9,50000000.0,50000000.0,2026-07-20,,
833,Gains Network,GNS,gains-network,0.6029061642308697,0.08860947,-0.49390025,-1.07497025,14136048.584109083,558240.65998304,23446515.26683677,23446515.26683677,,2026-07-20,,
834,Treasure,MAGIC,magic-token,0.04185049315120778,0.159359,-0.65483098,-1.21882111,14087509.832765788,2886658.3953057,336615145.2951094,347687042.97175324,,2026-07-20,,
835,Braintrust,BTRST,braintrust,0.058340221763647136,0.0472498,-2.60616463,-2.92970833,14080283.124044364,21964.54659197,241347782.0,250000000.0,250000000.0,2026-07-20,,
836,Chintai,CHEX,chex-token,0.011228122883306076,0.71081211,2.9161279,-1.65269872,14023047.656948317,133394.69652042,1248921819.1401987,1248921819.1401987,,2026-07-20,,
837,哈基米,哈基米,hajimi,0.013974736542887754,-0.09443019,1.51494766,-25.19065377,13974736.542887755,2251464.56265249,1000000000.0,1000000000.0,1000000000.0,2026-07-20,,
838,QuarkChain,QKC,quarkchain,0.001916847152709783,0.56695495,0.0759188,-1.33897532,13904632.364852056,1154128.24210645,7253907723.0,10000000000.0,,2026-07-20,,
839,Namecoin,NMC,namecoin,0.9427026255880615,0.25682456,0.28380648,8.70054885,13892042.97171591,7088.93947685,14736400.0,14736400.0,,2026-07-20,,
840,Arrow Finance,ARROW,arrow-finance,1.5424119615724083,2.28136665,3.41457021,8.06362384,13881707.654151674,3966115.98206153,9000000.0,10000000.0,10000000.0,2026-07-20,,
841,Metadium,META,metadium,0.007890161198005369,-0.67351067,-0.20440515,1.00188773,13725793.222255787,132030.21807602,1739608720.0,2000000000.0,2000000000.0,2026-07-20,,
842,YieldBasis,YB,yieldbasis,0.09102960891488338,0.38910796,12.41748504,22.81981294,13651418.9341492,28884507.06885922,149966797.58246428,743016645.9700307,1000000000.0,2026-07-20,,
843,Defigram,DFG,defigram,1.3614484961752498,0.21034602,0.04800773,2.75096951,13614484.961752499,0.0,10000000.0,1000000000.0,1000000000.0,2026-07-20,,
844,Biconomy,BICO,biconomy,0.013539800860978871,0.6937983,-1.58423491,-1.53868933,13543088.475421831,2707891.06121678,1000242811.1370851,1000000000.0,1000000000.0,2026-07-20,,
845,Infinex,INX,infinex,0.006785976577816492,1.64749393,-1.4766746,-4.23257518,13533273.08913943,3383754.09666895,1994300000.0,10000000000.0,10000000000.0,2026-07-20,,
846,MovieBloc,MBL,moviebloc,0.0006924686555253001,0.97418561,-0.40811318,0.15684842,13522449.804328278,1383234.20205693,19527887214.0,30000000000.0,30000000000.0,2026-07-20,,
847,tokenbot,CLANKER,tokenbot-2,13.625572567409948,0.34241956,-2.17750175,-8.85006274,13438592.33136396,2371295.18315221,986277.25659814,1000000.0,1000000.0,2026-07-20,,
848,Intel Tokenized bStocks,INTCB,intel-tokenized-bstocks,95.81999976318303,1.35570784,2.84896766,-10.61710753,13381323.780157836,2843010.72006906,139650.63466113,139650.63466113,,2026-07-20,,
849,Aurora,AURORA,aurora-near,0.018475899327526395,0.54309822,-2.7239316,-7.80835074,13336424.933258796,394741.89370305,721828188.0,999739990.0,1000000000.0,2026-07-20,,
850,Mey Network,MEY,mey-network,0.046816729448051875,-0.08969104,-0.08618756,0.2733557,13310430.783185117,371457.38465335,284309283.03,2300000000.0,2300000000.0,2026-07-20,,
851,Banana Gun,BANANA,banana-gun,3.319783643494874,0.23431533,-1.52545628,-3.27197538,13311445.141322777,4385939.18948876,4009732.73285643,8402893.46593683,10000000.0,2026-07-20,,
852,PDD Holdings Tokenized Stock (Ondo),PDDon,pdd-holdings-tokenized-stock-ondo,84.18401271852794,0.14026033,0.38548441,-1.29276183,13232619.50530962,892995.99987403,157186.84674195,157186.84674195,,2026-07-20,,
853,Goatseus Maximus,GOAT,goatseus-maximus,0.013210027754366055,-0.07543305,-2.97246561,-2.20156766,13209751.976245115,3783163.96676853,999979123.577477,999979123.577477,1000000000.0,2026-07-20,,
854,zkPass,ZKP,zkpass,0.04579821687680238,-0.6824181,3.29339663,0.25107176,13205152.517545281,10884437.79181036,288333333.0,1000000000.0,1000000000.0,2026-07-20,,
855,Quai Network,QUAI,quai-network,0.016773722376640324,-1.27132673,-10.7992394,-6.29753745,13125177.045754153,311493.35393449,782484457.0,1043917365.0,,2026-07-20,,
856,IBS,IBS,ibs,28.877784275616722,-0.57130993,-0.25714669,1.54804537,13039115.781078069,1464227.32193856,451527.57069689,900294.83609689,871020.0,2026-07-20,,
857,SoFi Technologies Tokenized Stock (Ondo),SOFIon,sofi-technologies-tokenized-stock-ondo,17.36731015626402,0.42530824,1.27027573,-6.99012607,13070620.917098066,435643.48443224,752599.03804872,752599.03804872,,2026-07-20,,
858,Newton Protocol,NEWT,newton-protocol,0.04443080776259846,0.50358227,0.29161096,-4.33532576,13046476.531886615,6294239.13735643,293635816.877249,1000000000.0,1000000000.0,2026-07-20,,
859,USDH,USDH,hyperliquid-usd,0.9997363439632496,-0.03540844,-0.03527641,-0.01721982,12993018.496427352,88339.58908514,12996445.087631,18904839.5,,2026-07-20,,
860,Celer Network,CELR,celer-network,0.0016640769822389653,0.31899596,-0.44393194,-5.03882496,12992154.747021664,1321859.26197186,7807424106.9912,10000000000.0,10000000000.0,2026-07-20,,
861,FLock.io,FLOCK,flock-io,0.031287267374589416,-0.30339817,-1.18565231,-1.43017734,12969185.535198893,3182710.48215903,414519599.2965521,414995120.06655216,1000000000.0,2026-07-20,,
862,Strategy Stretch Preferred Tokenized Stock (Ondo),STRCon,strategy-stretch-perferred-tokenized-stock-ondo,87.74898832668063,-0.02072879,-0.08700675,-2.53446777,12948406.12181398,736714.81543252,147561.88497135,147561.88497135,,2026-07-20,,
863,Lumia,LUMIA,lumia,0.0741549788091118,1.19792722,8.50563573,-38.25727193,12879004.108840635,14863848.90085966,173676863.1812774,238888888.0,238888888.0,2026-07-20,,
864,Recall,RECALL,recall-network,0.038957122919409636,0.35206813,4.77768768,17.68394212,12833822.887296518,7624996.1760508,329434566.14714,1000000000.0,1000000000.0,2026-07-20,,
865,Decentralized Social,DESO,deso,1.4398823653299297,0.0004692,-0.07957845,-25.84291573,12792686.710538913,398.83682342,8884536.0,10808492.0,10808492.0,2026-07-20,,
866,MetaMUI,MMUI,metamui,0.026779230749519087,0.37030283,0.33669332,-0.00667002,12753514.676137766,683979.58440285,476246491.0,800000000.0,800000000.0,2026-07-20,,
867,QIE Blockchain,QIE,qi-blockchain,0.14992398180809446,0.01727199,0.05020389,-18.80639704,12648950.36409743,81057.92444238,84369093.0,84369093.0,150000565.0,2026-07-20,,
868,Boundless,ZKC,boundless,0.04096941786937476,0.58226014,-3.53613433,-5.32335242,12629410.436778763,4247988.91105815,308264337.0,1059707713.0,,2026-07-20,,
869,Lucidum Coin,LUCIC,lucidum-coin,0.07684875352573084,0.14436404,-0.52209506,-2.29126276,12611295.052597702,25116.3583033,164105395.0,210000000.0,210000000.0,2026-07-20,,
870,Coin98,C98,coin98,0.012607208217120367,0.12671671,-2.34236722,-5.47014387,12607193.832295792,8056817.79739567,999998859.0,1000000000.0,,2026-07-20,,
871,Vanar Chain,VANRY,vanar,0.005305700098658805,0.69012936,3.4786787,-10.37124664,12602463.375931172,28830849.29808792,2375268700.0,2377565576.0,2400000000.0,2026-07-20,,
872,Wirex Token,WXT,wirex-token,0.001259022241013167,0.55918883,-0.08947154,3.1857124,12590222.41013167,272511.31148425,10000000000.0,10000000000.0,10000000000.0,2026-07-20,,
873,ARPA,ARPA,arpa-chain,0.008264862974407806,0.54833952,-0.69471476,-3.60446925,12559175.013421126,3989662.91713189,1519586598.3877385,1999999999.9877386,,2026-07-20,,
874,iShares Core S&P Total US Stock Market Tokenized ETF (Ondo),ITOTon,ishares-core-sp-total-us-stock-market-tokenized-etf-ondo,166.29435105241265,0.07301404,0.01090796,0.91033952,12557318.531255174,1260033.31952345,75512.59830406,75512.59830406,,2026-07-20,,
875,Radworks,RAD,radworks,0.212011830245128,-0.04859037,-0.54346999,-0.64643354,12524806.409163019,2076205.36252562,59075978.89552598,99998580.0,99999620.0,2026-07-20,,
876,Metaplex,MPLX,metaplex,0.02658764251142396,0.28528973,-0.04783936,-5.69145089,12420229.437280288,1143802.16493596,467142938.0,999982241.0,1000000000.0,2026-07-20,,
877,Hippo Protocol,HP,hippo-protocol-ai,0.008793701494091796,-0.50561481,-0.36062022,-6.66601542,12400937.374011453,172017.66501863,1410206769.2817686,1410207852.77776,,2026-07-20,,
878,USD CoinVertible,USDCV,usd-coinvertible,0.9991432606607621,-0.02637467,-0.0410087,-0.04219566,12390265.669695439,9295964.67851731,12400890.0,12400890.0,,2026-07-20,,
879,Solend,SLND,solend,0.12379249126864772,-0.03110476,-0.02465957,-0.85624546,12379249.126864772,0.0,100000000.0,100000000.0,,2026-07-20,,
880,USDB,USDB,usdb,1.0029252583141592,-0.01019195,-0.3326553,0.56852571,12345000.470013568,1392.94320076,12308993.48448415,12308993.48448415,,2026-07-20,,
881,JOE,JOE,joe,0.026931674162518047,0.30599668,-0.92154336,-2.68345527,12312667.419404088,4394018.62865932,457181657.0,464573155.0,500000000.0,2026-07-20,,
882,Orderly,ORDER,orderly-network,0.03133784604538925,0.01227247,-3.41563479,-5.58818728,12277536.457015391,4037557.89357498,391779844.7038382,994601729.7824053,1000000000.0,2026-07-20,,
883,HeyElsa,ELSA,heyelsa,0.048061348672784394,-0.99765485,-8.29888653,-9.99415811,12286722.97492467,5298940.81818502,255646654.0,1000000000.0,1000000000.0,2026-07-20,,
884,OG Fan Token,OG,og-fan-token,2.581722797944788,0.13249606,-0.94910435,-0.17651528,12262656.618786963,3586942.08765017,4749796.0,5000000.0,5000000.0,2026-07-20,,
885,Citrea,CTR,citrea,0.008107545793980495,-0.69767543,-0.27220494,0.20322733,12161318.690970743,6771884.69653805,1500000000.0,10000000000.0,10000000000.0,2026-07-20,,
886,Corn,CORN,use-corn,0.023159862522539838,0.09326665,0.02915065,-2.09836761,12158927.824333414,3360018.09720054,525000000.0,2100000000.0,2100000000.0,2026-07-20,,
887,DIA,DIA,dia,0.10141716156092166,0.64047847,-0.05344083,-1.35122431,12137210.774349663,1791831.30698375,119676104.0,168817248.0,200000000.0,2026-07-20,,
888,StablR Euro,EURR,stablr-euro,1.019700618564972,0.00359665,43.38895838,5.61770272,12117655.077157794,73.80167698,11883541.95,11883541.95,,2026-07-20,,
889,Unicorn Fart Dust,UFD,unicorn-fart-dust,0.012074563866252483,-0.0207394,-2.83297925,-5.49537752,12074563.866252484,2599071.4149878,1000000000.0,1000000000.0,1000000000.0,2026-07-20,,
890,Fluent,BLEND,fluent,0.060350254334959025,1.89564097,1.56557438,-4.9541518,12070050.866991805,8205341.1420776,200000000.0,1000000000.0,1000000000.0,2026-07-20,,
891,HarryPotterObamaSonic10Inu (ERC-20),BITCOIN,harrypotterobamasonic10inu-eth,0.012025247617906158,-0.64494982,-1.15835587,-3.85834178,12022820.381800722,3725260.18320095,999798155.0,999798155.0,999798155.0,2026-07-20,,
892,MyNeighborAlice,ALICE,myneighboralice,0.12080691680233789,0.13325863,3.47759407,0.44827693,12014980.79181798,10138483.36822521,99456066.836609,99456066.836609,99456066.836609,2026-07-20,,
893,iShares Gold Trust Tokenized ETF (Ondo),IAUon,ishares-gold-trust-tokenized-etf-ondo,75.45523657013051,0.32122549,-0.01916366,-1.73385454,11946916.41564174,1310551.22733617,158331.1769825,158331.1769825,,2026-07-20,,
894,DIAM,DIAM,diam,0.005805365918300726,-0.22101425,-0.42862825,-0.20582486,11935007.262551112,212767.89734919,2055857878.8164618,5401462494.44995,10000000000.0,2026-07-20,,
895,Mira,MIRA,mira-network,0.03983369558617378,0.00755207,-2.37180716,-6.29626904,11871457.866881385,3719071.17147826,298025520.66,1000000000.0,1000000000.0,2026-07-20,,
896,XSGD,XSGD,xsgd,0.7736286068840735,-0.18068094,0.02665439,0.10448969,11841887.476740189,235215.37017038,15306941.045569,83617320.371568,,2026-07-20,,
897,Bitcoin Diamond,BCD,bitcoin-diamond,0.06321034397945764,0.0,0.0,0.0,11788280.229335021,0.0,186492897.953,189492897.953,210000000.0,2026-07-20,,
898,SaucerSwap,SAUCE,saucerswap,0.012846690700726249,-0.15859225,-1.55517371,-1.99111249,11744490.306553293,20519.00471663,914203554.841509,914403516.578361,1000000000.0,2026-07-20,,
899,ISLM,ISLM,islamic-coin,0.005370513039465919,1.70583537,-0.22630869,1.73376406,11742405.95786472,805.98624174,2186458886.06435,18162982098.425728,100000000000.0,2026-07-20,,
900,IXS,IXS,ix-swap,0.06504334343528295,0.49779801,-1.64714534,-3.40651395,11707801.818350932,68482.98475488,180000000.0,180000000.0,180000000.0,2026-07-20,,
901,CZ's Dog,BROCCOLI,broccoli-714,0.01208803534037562,0.86387664,-1.08843116,-3.59130851,11690648.291920925,6782898.97993731,967125588.4628851,967125588.4628851,1000000000.0,2026-07-20,,
902,Sleepless AI,AI,sleepless-ai,0.020325055912052324,1.5721096,0.60945954,-2.44259105,11653878.899630157,3734063.0805539,573374998.33,1000000000.0,1000000000.0,2026-07-20,,
903,Osaka Protocol,OSAK,osaka-protocol,1.5431030405522814e-08,0.51780172,0.19077657,10.75809447,11586693.767391158,50018.87033235,750869738630302.0,761459789745212.0,1000000000000000.0,2026-07-20,,
904,Hamster Kombat,HMSTR,hamster-kombat,0.00017924214992745763,0.15119548,-2.83188246,-13.33032108,11538713.401580084,9017806.17876558,64375000000.0,100000000000.0,100000000000.0,2026-07-20,,
905,Mubarak,MUBARAK,mubarak,0.011533829755115715,0.10113404,-1.59970621,-6.97712679,11533829.755115716,3245531.91001272,1000000000.0,1000000000.0,1000000000.0,2026-07-20,,
906,Origin Protocol,OGN,origin-protocol,0.017158962654010037,0.58296425,1.05471823,-0.24252248,11528915.616159901,2518910.15626064,671888846.0,1409664846.0,1409664846.0,2026-07-20,,
907,Orchid,OXT,orchid,0.011482258226226744,-0.50218497,-32.26887908,172.77993072,11450275.939474486,5817064.48278536,997214634.4279902,1000000000.0,,2026-07-20,,
908,Firo,FIRO,firo,0.6067321271793897,-0.02539604,-3.70888439,-5.38501482,11422434.329328762,178991.68439481,18826157.07599005,18826157.07599005,21400000.0,2026-07-20,,
909,Freedom Dollar,FUSD,freedom-dollar,0.998986498058308,0.01226534,0.0148968,-0.00131289,11388446.077864712,166234.00348462,11400000.0,11400000.0,,2026-07-20,,
910,Radix,XRD,radix-protocol,0.0008412342921590816,-0.0352633,-2.43270728,-17.17418197,11347697.188739294,143690.14735492,13489342142.2642,13489342155.804415,24000000000.0,2026-07-20,,
911,Felysyum,FELY,felysyum,0.25862243196984325,-0.30259691,0.74982743,0.55215262,11319190.308030235,58671.6763755,43767241.0,500000000.0,500000000.0,2026-07-20,,
912,Katana,KAT,katana-network,0.004816459945578117,1.64887925,1.02592003,-3.34094845,11280149.19254395,4516632.61461978,2342000000.0,10000000000.0,10000000000.0,2026-07-20,,
913,AVA (Travala),AVA,ava,0.1537412913813789,-0.05233339,-1.26796417,-5.03970087,11266003.01767345,8551156.8900573,73278967.0,73278967.0,100000000.0,2026-07-20,,
914,Fartboy,FARTBOY,fartboy,0.011188531431620108,-0.78106212,11.45687339,21.95508527,11182270.967177264,566472.08087786,999440457.0,999440457.0,999440457.0,2026-07-20,,
915,Doodles,DOOD,doodles,0.0014333445805167317,0.41051029,-0.1220778,-2.24155742,11180087.728030507,8553551.74550483,7800000000.0,10000000000.0,10000000000.0,2026-07-20,,
916,iShares TIPS Bond Tokenized ETF (Ondo),TIPon,ishares-tips-bond-tokenized-etf-ondo,111.52215414192905,0.09734173,0.46616656,-0.12890795,11171166.272167034,681468.13487646,100169.92908826,100169.92908826,,2026-07-20,,
917,Solv Protocol,SOLV,solv-protocol,0.0026165003197222473,0.26022013,1.34783711,-0.69359309,11132027.496155616,29253551.78963459,4254548494.508622,9660000000.0,9660000000.0,2026-07-20,,
918,Opinion,OPN,opinion,0.06154948057037757,0.08823464,-3.68512494,-1.24728772,11095183.488367874,99563704.88047104,180264453.66474378,1000000000.0,1000000000.0,2026-07-20,,
919,Tutorial,TUT,tutorial,0.013287211280662336,1.52106603,-0.03228498,6.57551076,11082131.939263923,4486078.00808327,834044985.4509655,834044985.4509655,1000000000.0,2026-07-20,,
920,Superform,UP,superform,0.05769643838771857,-2.66134852,-6.21329091,-0.43143403,11070603.065035336,4822200.97553225,191876715.0,1000000000.0,1000000000.0,2026-07-20,,
921,Avail,AVAIL,avail,0.002795015211353333,0.20975027,-0.57267059,-1.96940032,10969257.06403274,413679.03303545,3924578664.0,11047859287.0,,2026-07-20,,
922,iShares MSCI EAFE Tokenized ETF (Ondo),EFAon,ishares-msci-eafe-tokenized-etf-ondo,105.00097424578556,-0.19541964,-0.03244662,-0.84294584,10970109.858007213,719667.32127164,104476.26735661,104476.26735661,,2026-07-20,,
923,Microsoft Tokenized Stock (Ondo),MSFTon,microsoft-tokenized-stock-ondo,395.5700930476234,0.11848441,-0.22299296,2.29218178,10927444.35212087,2284124.47533664,27624.54630463,27624.54630463,,2026-07-20,,
924,GYEN,GYEN,gyen,0.005205012199984767,0.37402021,-12.35844514,-11.22988411,10924179.840859191,10.340677,2098780833.0,2098780833.0,,2026-07-20,,
925,Konnect,KCT,konnect,0.0014808746021046123,0.18032972,0.50445978,148.40887067,10921450.2497565,500810.8356479,7375000040.0,10000000000.0,10000000000.0,2026-07-20,,
926,KAIO,KAIO,kaio,0.015976870803704687,0.0713935,0.59594321,-21.74610502,10884243.235023819,1810891.39817868,681250000.0,10000000000.0,10000000000.0,2026-07-20,,
927,Wecan Group,WECAN,wecan-group,0.0018136235320640843,0.04526053,0.61830813,-10.67453077,10881741.192384506,29623.86322794,6000000000.0,6000000000.0,6000000000.0,2026-07-20,,
928,Ponke,PONKE,ponke,0.019579191213174935,-0.26948062,-0.44105144,-11.27877609,10877106.62822927,1925636.03395282,555544226.0,555544226.0,555555555.0,2026-07-20,,
929,AVA,AVA,ava-sol,0.010866046515482789,1.7377118,33.18623149,85.26204298,10857271.7923018,5841462.88108794,999192464.051347,999192464.051347,999995926.72,2026-07-20,,
930,Amazon Tokenized Stock (Ondo),AMZNon,amazon-tokenized-stock-ondo,247.85611102001766,0.03654435,0.0343685,1.45835152,10723845.06201784,1135508.22882339,43266.41379906,43266.41379906,,2026-07-20,,
931,Wanchain,WAN,wanchain,0.05368354682187288,0.55468197,1.85908986,0.74455482,10681808.356359584,2132605.89517949,198977321.52092785,198977321.52092785,210000000.0,2026-07-20,,
932,Aergo,AERGO,aergo,0.021797757201984447,-4.77844607,0.72514902,-4.51346859,10680900.936744351,4070504.32055377,489999995.7689212,500000000.0,500000000.0,2026-07-20,,
933,Artificial Liquid Intelligence,ALI,alethea-artificial-liquid-intelligence-token,0.0011719634124712835,-0.02304774,0.05264561,-1.52240274,10686069.2600098,79136.9956127,9118091184.669674,9870903732.81426,9870903732.81426,2026-07-20,,
934,Kishu Inu,KISHU,kishu-inu,1.1347011878538765e-10,-0.36858066,-3.30933584,-12.16229078,10568164.003542468,161639.09139052,9.313609712113394e+16,9.670293841273085e+16,1e+18,2026-07-20,,
935,Venom,VENOM,venom,0.010659972097795928,-2.96770001,-1.68413269,1.6125178,10541851.825172719,142173.7985946,988919270.0,7367646470.547814,8000000000.0,2026-07-20,,
936,Test,TST,test-token-bsc,0.01121351840921838,0.72655444,4.65762962,5.35485375,10535687.226825478,6765993.59928831,939552319.1154997,939552319.1154997,,2026-07-20,,
937,Initia,INIT,initia,0.05231728926888532,-0.10559638,-0.93898572,-4.83200676,10501073.806060547,2250090.49884172,200718996.584287,1000000000.0,1000000000.0,2026-07-20,,
938,DeAgentAI,AIA,deagentai,0.05541750527605662,1.99017685,1.70194255,5.15414392,10471220.748168813,2898242.36497584,188951500.0,1000000000.0,1000000000.0,2026-07-20,,
939,ResearchCoin,RSC,researchcoin,0.08079050147090767,-0.23747493,1.25205506,-1.17374846,10466659.289861366,374047.92290261,129553092.24847884,1000000000.0,1000000000.0,2026-07-20,,
940,FAR Labs,FAR,farcana,0.002160690844813515,0.00874931,-0.02111548,-5.96355787,10441300.831568383,99637.72351797,4832390000.0,5000000000.0,5000000000.0,2026-07-20,,
941,MWX Token,MWXT,mwx-token,0.061728347922305284,-0.44201575,-0.27201406,-1.40962958,10360911.10587689,193398.34196773,167846888.0929343,1000000000.0,1000000000.0,2026-07-20,,
942,Moonbeam,GLMR,moonbeam,0.008714350266831969,-0.0587609,-1.33432183,-1.30469561,10341282.939807529,3341193.21010135,1186695809.0,1241181132.0,,2026-07-20,,
943,saffron.finance,SFI,saffron-finance,112.99072368836931,0.03516692,-0.9326728,-3.00120136,10330006.277563918,15671.47535954,91423.48982607,92122.50184922,100000.0,2026-07-20,,
944,TG Casino,TGC,tg-casino,0.13436705766091916,0.60723352,3.99715019,1.34641313,10299234.835319845,11307.81773033,76649998.99983217,76649998.99983217,100000000.0,2026-07-20,,
945,Bone ShibaSwap,BONE,bone-shibaswap,0.044765152418196105,-0.02795728,-1.71034003,-0.57746192,10292553.835135577,1108745.06917104,229923350.6228802,249999401.82484713,250000000.0,2026-07-20,,
946,Ridges AI,SN62,ridges-ai,2.34861115060482,0.75267769,1.38949471,-6.26991375,10269360.97129834,33605.44584571,4372525.0,4372525.0,21000000.0,2026-07-20,,
947,SuperRare,RARE,superrare,0.01243739658641431,0.14119483,-0.70920007,-1.44843235,10266800.10714798,5033075.19545276,825478228.9697726,1000000000.0,1000000000.0,2026-07-20,,
948,Maverick Protocol,MAV,maverick-protocol,0.008746545680855212,0.50563268,-2.70250933,-6.2501519,10257227.90914981,1468113.35433935,1172717582.8511639,2000000000.0,2000000000.0,2026-07-20,,
949,Fusionist,ACE,fusionist,0.09747337284090415,-5.04259502,54.91303928,35.72700534,10203068.190405691,60984072.36155939,104675440.0,146307870.0,147000000.0,2026-07-20,,
950,Hunt Town,HUNT,hunt,0.08030993788983434,-0.01733924,-0.43233338,0.05186737,10132518.383884618,144851.57062793,126167678.0,198912688.0,198912688.0,2026-07-20,,
951,AITECH Cloud Network,ACN,solidus-ai-tech,0.005678066153075053,-0.0468251,-0.83596185,-10.65827665,10130584.736508956,4507875.3193452,1784161097.0,1986052500.0,2000000000.0,2026-07-20,,
952,Commonwealth,CWU,commonwealth,0.011170499869447756,0.88177464,1.43659555,5.45746341,10058999.628612295,20426.75898519,900496821.6439887,999999309.2061778,1000000000.0,2026-07-20,,
953,GUNZ,GUN,gunz,0.003697162667331084,1.45590339,-0.43446056,-7.52902995,10055549.873449504,6720569.02880924,2719801853.0,10000000000.0,10000000000.0,2026-07-20,,
954,Abelian,ABEL,abelian,0.08413860467879287,0.11386786,-1.27162524,-0.0603907,10040457.590318557,21204.28846111,119332352.0,139912333.0,225180000.0,2026-07-20,,
955,Space and Time,SXT,space-and-time,0.007169872902933981,0.28553857,-4.74064635,-11.40637135,10037822.064107573,89178818.5072724,1400000000.0,5000000000.0,5000000000.0,2026-07-20,,
956,Strategy Tokenized bStocks,MSTRB,strategy-tokenized-bstocks,95.87890755982879,0.49457269,-0.14298017,2.57574085,10029148.331573365,2483960.06838554,104602.23824844,104602.23824844,,2026-07-20,,
957,Ninja Squad Token,NST,ninja-squad-token,1.1629184822406662,0.05087043,-0.63831101,-4.11859717,10014210.190293457,196424.39232038,8611274.43,8611274.43,10000000.0,2026-07-20,,
958,Everlyn AI,LYN,everlyn,0.039117887422437984,0.71635017,-0.76142542,12.46057588,10000040.802093033,2019114.67508177,255638570.0,1000000000.0,1000000000.0,2026-07-20,,
959,Gods Unchained,GODS,gods-unchained,0.02284436494900794,0.0109059,-0.90623423,-4.50879479,9984891.021453645,166471.97027068,437083326.402,500000000.0,500000000.0,2026-07-20,,
960,Redbelly Network,RBNT,redbelly-network,0.0037404701989353388,-0.35674726,-0.57420255,1.12963939,9955545.110831944,162784.15918961,2661575839.7609,10000000000.0,10000000000.0,2026-07-20,,
961,Eesee,ESE,eesee,0.0073027231168493155,0.00803171,-1.62382051,-0.3674357,9935594.115253506,190748.17709067,1360532770.6221614,1363570560.6287775,1363570560.6287775,2026-07-20,,
962,SideShift Token,XAI,sideshift-token,0.06864442640889892,0.0,-0.00897519,-0.85989397,9905372.745964395,0.0,144299738.0,210000000.0,210000000.0,2026-07-20,,
963,OpenKaito,SN5,openkaito,2.8348992907496,0.40132609,0.70309881,-6.74331553,9869270.976052538,904.72942272,3481348.0,3481348.0,,2026-07-20,,
964,Clash of Lilliput,COL,clash-of-lilliput,0.119824840038,2.70800313,2.72103206,5.52680835,9834551.851214828,0.0,82074400.0,1000000000.0,1000000000.0,2026-07-20,,
965,Augur,REP,augur,0.8940560863854756,0.00512203,-6.62028058,17.44265996,9834616.950240232,2211.60943106,11000000.0,11000000.0,,2026-07-20,,
966,ColossusXT,COLX,colossusxt,0.0007720673080000002,0.0,0.0,0.0,9830236.551021257,0.0,12732356945.0,16983502398.755594,,2026-07-20,,
967,AMD Tokenized Stock (Ondo),AMDon,amd-tokenized-stock-ondo,503.20742877554767,1.37998831,2.47340999,-8.53371923,9801895.957054019,3153719.45392264,19478.83794344,19478.83794344,,2026-07-20,,
968,REI Network,REI,rei-network,0.010295456757852135,0.02828036,-13.0950083,326.40025561,9780683.919959528,89822.48538046,950000000.0,1000000000.0,,2026-07-20,,
969,Nexa (nexaagent.xyz),NXA,nexaagent-xyz,0.97313137980675,0.4976277,0.04401173,2.82156852,9731313.7980675,0.0,10000000.0,1000000000.0,1000000000.0,2026-07-20,,
970,APX,APX,apollox,0.21987790649520722,0.0,0.00800338,0.42644292,9711153.31321882,0.0,44166116.86008798,3975255603.427746,,2026-07-20,,
971,Circle Tokenized Stock (Reality),rCRCL,circle-tokenized-stock-reality,60.92733444515123,0.65238555,-0.67200676,-6.53323255,9686370.583968673,0.0,158982.34630121,158982.34630121,,2026-07-20,,
972,GeorgePlaysClashRoyale,CLASH,georgeplaysclashroyale,0.009651258729290657,-2.29614704,3.16021498,-12.60045143,9648245.583223596,715817.02829373,999687797.607382,999687797.607382,999999967.828928,2026-07-20,,
973,Lagrange,LA,lagrange,0.04998688726704197,0.11374607,-1.81198493,-13.01358849,9647469.2425391,4201074.63502989,193000000.0,1000000000.0,,2026-07-20,,
974,Hegic,HEGIC,hegic,0.013663845304440522,0.01216458,-0.03288656,2.76610013,9615621.635916095,17.55633141,703727349.1958504,3012009888.0,3012009888.0,2026-07-20,,
975,Verified Emeralds,VEREM,verified-emeralds,3.843605197320677,0.0826981,-4.21427995,1.0586121,9609012.993301693,158968.4832709,2500000.0,50000000.0,50000000.0,2026-07-20,,
976,KernelDAO,KERNEL,kerneldao,0.03347665619147275,0.56048298,-2.24512432,-14.48928957,9584635.150401304,6518782.24324647,286308020.0,1000000000.0,1000000000.0,2026-07-20,,
977,USDM,USDM,usdm,1.003107124172163,0.10568738,0.20537145,0.26060663,9582105.500402775,92079.59509375,9552424.93,9552424.93,,2026-07-20,,
978,Mind Network,FHE,mind-network,0.018497040367555007,0.31153247,-0.44594253,-13.04015498,9567027.824729934,5917803.53139448,517219384.0,1000000000.0,1000000000.0,2026-07-20,,
979,Simon's Cat,CAT,simonscat,1.2634898726544282e-06,0.47028424,-1.68973207,-1.49696938,9560439.361486042,1769339.62838588,7566692514440.816,8098237710343.852,9000000000000.0,2026-07-20,,
980,Just a chill guy,CHILLGUY,just-a-chill-guy,0.009516379842661207,0.09538522,-0.53404522,-5.14281666,9515826.648885604,5571551.90317177,999941869.304846,999941869.304846,1000000000.0,2026-07-20,,
981,Bertram The Pomeranian,BERT,bertram-the-pomeranian,0.009827401952706524,0.24014618,-1.97124221,0.36734235,9500634.332038939,776881.35767467,966749338.0,979946262.03,979947881.0,2026-07-20,,
982,Dolomite,DOLO,dolomite,0.021495395849183602,-0.22516386,-2.58902204,-2.62291971,9492838.996360097,2879612.85155369,441621967.0,998851995.6451048,1000000000.0,2026-07-20,,
983,iShares Core MSCI Emerging Markets Tokenized ETF (Ondo),IEMGon,ishares-core-msci-emerging-markets-tokenized-etf-ondo,78.6023832661825,0.05916091,0.17244133,-3.5879674,9488707.111374179,1554951.55995143,120717.80418211,120717.80418211,,2026-07-20,,
984,FirmaChain,FCT,firmachain,0.007832444345407403,-1.51624098,1.3337407,0.10085567,9451671.123734431,354151.29303803,1206733263.195987,1217257701.361374,,2026-07-20,,
985,StakeStone,STO,stakestone,0.0417101495501697,0.37410076,0.33403256,-4.06768571,9398687.018068189,6995060.35757265,225333333.0,1000000000.0,1000000000.0,2026-07-20,,
986,Boba Network,BOBA,boba-network,0.019526612769029103,-0.09678923,0.43637232,-1.48527258,9637963.143542102,2184956.47450887,493580902.0,500000000.0,500000000.0,2026-07-20,,
987,Wayfinder,PROMPT,wayfinder,0.01912395569948187,-0.07475567,-2.16896269,-9.17378936,9319193.953924239,4988951.00915461,487304724.0,1000000000.0,1000000000.0,2026-07-20,,
988,Portal,PORTAL,portal-gaming,0.010649064534435237,-0.05132139,-2.25005709,-7.66204828,9305065.218673525,15420576.14768512,873791795.3811152,1000000000.0,1000000000.0,2026-07-20,,
989,Caldera,ERA,caldera,0.06266494806384025,-0.13004874,-6.10979782,-22.66464724,9305744.787480278,6167614.53632469,148500000.0,1000000000.0,1000000000.0,2026-07-20,,
990,PolySwarm,NCT,polyswarm,0.00493305893845249,0.02516516,-1.43374785,-1.69586393,9301286.48610426,90188.51591168,1885500782.0,1885913076.0,1885913076.0,2026-07-20,,
991,Buttcoin,BUTTCOIN,buttcoin,0.009249084869847199,0.4287148,0.97847872,-19.94314028,9248609.836848283,431964.71416416,999948640.0,999948640.0,999948640.0,2026-07-20,,
992,Manifesting (manifesting.meme),MANIFEST,manifesting,0.010259214833408508,-0.20148224,-2.8313568,-50.41144344,9233290.600598082,702898.45132476,899999732.0,899999732.0,999999813.51579,2026-07-20,,
993,Ellipsis,EPS,ellipsis,0.012731278277417912,0.0,-0.23751814,-1.00970275,9213646.10038785,0.0,723701571.7997887,723701571.7997887,1000000000.0,2026-07-20,,
994,KONET,KONET,konet,0.020043205837338228,-0.07119054,47.73697077,-22.69783371,9211648.172374856,235080.4024804,459589561.02793676,999997956.2,1000000000.0,2026-07-20,,
995,AriaAI,ARIA,aria-ai,0.025427737628596073,1.87270129,-6.59564358,12.25333426,9131383.120192736,7205867.51063842,359111111.4,1000000000.0,1000000000.0,2026-07-20,,
996,CoinEx Token,CET,coinex-token,0.012879273605266785,0.04983904,-0.82659126,0.34291903,9126685.788458256,31862.31010908,708633582.0,2777476547.0,10000000000.0,2026-07-20,,
997,Dexsport,DESU,dexsport,0.015179079119245667,-0.05532645,0.12732491,3.64304764,9107447.4715474,12111.53960666,600000000.0,600000000.0,600000000.0,2026-07-20,,
998,YELLOW,YELLOW,yellow,0.046765203584798715,-0.42691488,-0.90673391,-7.68630061,9069449.167657956,361965.04416967,193935842.73,10000000000.0,10000000000.0,2026-07-20,,
999,Apple Tokenized Stock (Ondo),AAPLon,apple-tokenized-stock-ondo,334.67814153892255,0.28187916,0.19296262,6.41939805,9043366.957857514,1495347.64887205,27021.08633768,27021.08633768,27021.08633768,2026-07-20,,
1000,Meta Platforms Tokenized Stock (Ondo),METAon,meta-platforms-tokenized-stock-ondo,644.2799210375445,0.12012021,-0.01787119,-2.99466065,9018962.052786414,1508579.28533693,13998.51486643,13998.51486643,,2026-07-20,,
1001,iShares Russell 1000 Growth Tokenized ETF (Ondo),IWFon,ishares-russell-1000-growth-tokenized-etf-ondo,473.8949709501323,0.1542265,-0.07613879,-4.87357904,8994448.285428777,714406.18370071,18979.83485116,18979.83485116,,2026-07-20,,
1002,Vow,VOW,vow,0.025210235582542196,0.46930918,0.01011543,-4.77416042,8982035.566079417,110265.99339797,356285269.0,1142857140.0,1142857142.0,2026-07-20,,
1003,XION,XION,xion,0.1190732053676957,0.5855727,-0.04789268,0.05781989,8913040.555651497,75902.87300629,74853452.782498,200000000.0,200000000.0,2026-07-20,,
1004,ThunderCore,TT,thundercore,0.0006288646768802042,-0.20581784,0.26389137,-0.52781626,8901013.8701634,414491.68874041,14154100552.0,14154100552.0,,2026-07-20,,
1005,Everscale,EVER,everscale,0.004480522459122171,-3.44130343,-3.71432891,-9.08735475,8896182.554215455,15451.31078519,1985523482.0,2117524486.0,,2026-07-20,,
1006,Sophon,SOPH,sophon,0.004447374270103306,0.29326722,-2.84122741,-5.86150339,8894748.540206611,2958030.00940332,2000000000.0,10000000000.0,10000000000.0,2026-07-20,,
1007,Aura,AURA,aura,0.009195077773029631,0.36745863,0.39831384,-9.13917168,8857513.778774386,374605.15501338,963288620.0,963288620.0,965383478.0,2026-07-20,,
1008,Vine Coin,VINE,vine-coin,0.008854597078142982,0.07723449,0.43683232,4.5045804,8854544.87143861,3450339.50283933,999994104.0,999994104.0,,2026-07-20,,
1009,Energy Web Token,EWT,energy-web-token,0.29346637116816865,0.23689189,-0.08969229,-13.35241404,8822226.548416708,302579.52316646,30062138.0,81310837.1824635,100000000.0,2026-07-20,,
1010,RollX,ROLL,rollx,0.056899220985506996,-0.05372319,-1.29547995,-3.7374881,8819379.252753584,264331.70088065,155000000.0,1000000000.0,1000000000.0,2026-07-20,,
1011,Bulla,BULLA,bulla-mascot,0.008827071796170418,-2.37480307,-20.12427586,44.69482089,8827071.796170417,1774168.65647613,1000000000.0,1000000000.0,1000000000.0,2026-07-20,,
1012,BOB (Build on Bitcoin),BOB,bob-build-on-bitcoin,0.003951130370441476,-0.23612362,-3.59904836,-11.81855136,8771509.422380077,2598006.8383941,2220000000.0,10000000000.0,10000000000.0,2026-07-20,,
1013,Ambire Wallet,WALLET,ambire-wallet,0.01204345951127765,0.01217977,3.27371901,3.34005104,8708686.201798668,13171.16114955,723105034.2008243,723105034.2008243,1000000000.0,2026-07-20,,
1014,Paris Saint-Germain Fan Token,PSG,paris-saint-germain-fan-token,0.5298991909147904,0.1378335,-0.64961171,1.30718494,8663525.838077713,4074120.45500293,16349384.9143673,19890000.0,19890000.0,2026-07-20,,
1015,Wilder World,WILD,wilder-world,0.017238439641094613,0.53255948,6.66504513,-0.85966528,8618683.853874804,112541.12627897,499968908.6318912,499968908.6318912,500000000.0,2026-07-20,,
1016,Heima,HEI,heima,0.10557164875687439,1.37740243,-4.75227364,2.79431438,8578684.717700057,7367107.11022652,81259361.0,82045726.0,100000000.0,2026-07-20,,
1017,Resolv,RESOLV,resolv,0.01987321735507438,0.51187285,-5.37906083,1.07536201,8541178.227234775,8520948.1447097,429783364.94940466,1000000000.0,1000000000.0,2026-07-20,,
1018,SK Hynix Tokenized bStocks,SKHYB,sk-hynix-tokenized-bstocks,156.35895807960614,1.67608606,1.98702116,0.71737898,8516270.562225565,10546292.26180963,54466.15062432,54466.15062432,,2026-07-20,,
1019,xU3O8,XU3O8,xu3o8,5.314531391567123,0.00536113,0.06802226,-0.23445737,8503250.226507397,733403.66802605,1600000.0,1600000.0,,2026-07-20,,
1020,IAGON,IAG,iagon,0.02254604804812306,-0.07721321,1.91489335,12.82688112,8477774.772040086,139875.9915933,376020434.0,1000000000.0,1000000000.0,2026-07-20,,
1021,Limitless,LMTS,limitless-lmts,0.06410259750025457,0.11442008,-3.98412738,-12.48553597,8435817.2156048,2054662.58941727,131598680.0,1000000000.0,1000000000.0,2026-07-20,,
1022,Intuition,TRUST,intuition,0.04690326267510794,-0.24041534,-0.92463827,-5.30162902,8426069.453309663,796100.54967549,179647832.0,1054807692.3076923,,2026-07-20,,
1023,Echelon Prime,PRIME,echelon-prime,0.23452518952205267,-0.12288632,-3.06655435,6.03488437,8389866.840456778,913460.33709482,35773841.0,111111111.1,111111112.0,2026-07-20,,
1024,4,4,4four,0.008312059861499712,0.24380415,-6.09830398,-6.99900074,8312059.861499712,4254995.48561184,1000000000.0,1000000000.0,1000000000.0,2026-07-20,,
1025,GRIFFAIN,GRIFFAIN,griffain,0.00830988179223475,0.42222986,-1.15133592,-2.23740428,8308893.913487289,3878644.91749202,999881120.0,999881120.0,999881120.0,2026-07-20,,
1026,AI Companions,AIC,ai-companions,0.011078015214100978,-0.09465852,2.08196309,-21.15774137,8308508.087171169,699939.14154586,749999700.0,1000000000.0,1000000000.0,2026-07-20,,
1027,heyAura,ADX,adx-net,0.05611966094300618,-0.05706499,-2.26468192,-8.03036817,8300097.853470614,1645592.06397673,147900000.0,150000000.0,150000000.0,2026-07-20,,
1028,Groestlcoin,GRS,groestlcoin,0.091541930400715,0.0,0.0,0.0,8285515.401583964,0.0,90510603.88736624,90510603.88736624,105000000.0,2026-07-20,,
1029,TARS AI,TAI,tars-protocol,0.009283515588975116,0.07919591,-1.81774713,-5.7532413,8282657.488654522,431142.32903625,892189753.9,892189753.9,999999988.0,2026-07-20,,
1030,Dymension,DYM,dymension,0.014594316764890375,0.2623568,-1.73974458,-5.42414956,8272036.938430618,2169132.63513361,566798506.0,1069085210.0,,2026-07-20,,
1031,MyShell,SHELL,myshell,0.020141449707033132,-0.15100005,0.10195347,-2.34285723,8240090.869023197,4840036.13702989,409111111.11063,1000000000.0,1000000000.0,2026-07-20,,
1032,RAMP,RAMP,ramp,0.01724066740149061,0.0,0.37372093,3.62952478,8238258.787887347,0.0,477838740.0,1000000000.0,1000000000.0,2026-07-20,,
1033,Reppo,REPPO,reppo,0.02139493889837842,0.50425779,-1.42988655,-22.61868022,8210425.300079663,118287.63452635,383755491.85148424,1000000000.0,1000000000.0,2026-07-20,,
1034,Santos FC Fan Token,SANTOS,santos-fc-fan-token,0.5095395724558986,0.1235567,-3.19762361,0.24152953,8200965.1744558625,2715770.55655934,16094854.291549,30000000.0,30000000.0,2026-07-20,,
1035,Uchain,UCN,uchain,162.9904303673713,-0.0185597,0.1021953,5.0040968,8149521.518368565,2123126.63127499,50000.0,100000.0,100000.0,2026-07-20,,
1036,Bella Protocol,BEL,bella-protocol,0.10152466495577928,0.82542239,-2.30301591,-6.15077428,8121973.1964623425,2222547.50400191,80000000.0,100000000.0,,2026-07-20,,
1037,NAVI Protocol,NAVX,navi-protocol,0.00992640354662785,3.6981803,33.39691015,41.90131784,8101607.919392705,1195305.61070699,816167495.24,1000000000.0,1000000000.0,2026-07-20,,
1038,Invesco QQQ Trust Tokenized bStocks,QQQB,invesco-qqq-trust-tokenized-bstocks,698.3215278145594,0.32673012,0.42451059,-3.23646696,8098038.770283058,71708318.40166582,11596.43294347,11596.43294347,,2026-07-20,,
1039,Avici,AVICI,avici,0.6275397404689548,-0.09185306,1.1707137,-6.25504578,8095253.23895341,576901.52220345,12899985.0,12899515.579645,12900000.0,2026-07-20,,
1040,SpaceX tokenized stock (Backpack),SPCX,spacex-tokenized-stock-backpack,125.40857246240715,0.17830149,-2.15755009,-12.79273678,8094682.658322374,707119.14715541,64546.485933,64546.485933,,2026-07-20,,
1041,Joe coin,JOE,joe-coin,0.008091852428779089,-0.53060521,-0.15031312,8.93547801,8091852.428779089,34718.27886076,1000000000.0,1000000000.0,1000000000.0,2026-07-20,,
1042,BENQI,QI,benqi,0.0011236033981763577,0.03700485,0.19810408,-2.48483978,8089944.466869775,538859.94927482,7200000000.0,7200000000.0,7200000000.0,2026-07-20,,
1043,tx,TX,tx,0.0032499289372714896,-3.22024994,-8.42667806,-28.81910473,8067402.738461955,219918.73506463,2482332043.0,101927474788.0,,2026-07-20,,
1044,Bubblemaps,BMT,bubblemaps,0.01147942375781395,0.29346473,-1.18659017,-3.08205147,8049967.422607155,1554983.73292972,701251874.0,1000000000.0,1000000000.0,2026-07-20,,
1045,Drift,DRIFT,drift,0.013141374876740164,0.73885911,-2.04696263,-6.36492406,8036158.687364223,2876804.19612219,611515824.085346,1000000000.0,,2026-07-20,,
1046,Moss Coin,MOC,moss-coin,0.017864522093480606,0.47286463,-2.46974715,-0.04824799,8012053.939974224,873251.98392769,448489688.0,500000000.0,500000000.0,2026-07-20,,
1047,Ready Cards,READY,ready,0.007962265373385284,0.31684543,-0.88268369,-7.39105118,7962265.373385284,494654.41581238,1000000000.0,1000000000.0,1000000000.0,2026-07-20,,
1048,SuperWalk,GRND,superwalk,0.010054168134401634,-0.26117236,1.64459004,-16.59962271,7958701.246762463,47740.06883973,791582271.1906656,1000000000.0,,2026-07-20,,
1049,Checkmate,CHECK,checkmate,0.025990104435529578,-0.06108946,-8.16697705,-9.1882017,7952538.936142051,4636091.51164274,305983339.0,1000000000.0,1000000000.0,2026-07-20,,
1050,DEXTools,DEXT,dextools,0.11271270047471185,-0.26487597,0.17800495,-3.67988579,7914936.793711556,23082.37349003,70222226.60247011,112551255.0,200000000.0,2026-07-20,,
1051,SpaceX Tokenized Stock (Ondo),SPCXon,spacex-tokenized-stock-ondo,125.33081300577223,0.20274434,-1.78764948,-12.93055916,7875749.358193395,1829996.93567949,62839.68937336,62839.68937336,,2026-07-20,,
1052,Quantoz USDQ,USDQ,quantoz-usdq,0.9862281807292134,-1.13490933,-0.88273793,0.02105875,7870149.207399978,1947192.93786792,7980049.0,11000000.0,,2026-07-20,,
1053,Stader,SD,stader,0.11087363141755764,1.77784928,-0.1895107,-4.39987728,7844851.723103968,837040.12292838,70754891.15675956,120000000.0,120000000.0,2026-07-20,,
1054,我踏马来了,我踏马来了,wotamalaile,0.007808242822384858,0.36686975,-0.10045728,1.98896049,7808242.822384858,4425255.21659059,1000000000.0,1000000000.0,1000000000.0,2026-07-20,,
1055,DAOBase,BEE,daobase,0.04496496516740106,-0.12743652,-1.65098483,44.76694246,7827949.946381882,50813125.80378958,174089981.32744092,1023877462.925673,1000000000.0,2026-07-20,,
1056,DORA,DORA,dora,0.007904869950035668,0.07167573,-0.08823773,-0.59716109,7826497.823342647,328731.86882828,990085589.366,1000000000.0,1000000000.0,2026-07-20,,
1057,Act I : The AI Prophecy,ACT,act-i-the-ai-prophecy,0.008248160516998707,1.52250279,-0.95670212,-5.55161518,7821230.633771638,36209656.63918012,948239382.302611,948239382.302611,,2026-07-20,,
1058,Forta,FORT,forta,0.01219992951846595,0.00602871,1.19383675,0.84948459,7820528.322178882,231701.70769034,641030615.0,1000000000.0,1000000000.0,2026-07-20,,
1059,Inverse Finance,INV,inverse-finance,10.818265144602325,1.16229938,2.05515665,2.65834107,7775943.922164002,342527.90229579,718779.19594564,727000.0,,2026-07-20,,
1060,Agoras: Tau Net,AGRS,agoras-tokens,0.2601311366424731,0.16099552,0.26558744,-3.69024972,7767986.7953067245,13264.10837093,29861810.83728983,42000000.0,42000000.0,2026-07-20,,
1061,Galatasaray Fan Token,GAL,galatasaray-fan-token,0.9458196598648536,1.12221982,1.69176191,5.03906621,7736626.057778788,905241.10500687,8179811.0,9975000.0,9975000.0,2026-07-20,,
1062,OWB,OWB,owb,0.01690595405198699,-3.13498491,-14.19665009,60.15561337,7694430.721608752,102864.62324637,455131410.9779218,1000000000.0,1000000000.0,2026-07-20,,
1063,SUPRA,SUPRA,supra,0.00023576702060390016,-0.20999347,8.1362371,10.28857768,7671640.42512527,293276.50989554,32539073554.371254,81902664115.01578,100000000000.0,2026-07-20,,
1064,NVIDIA Tokenized bStocks,NVDAB,nvidia-tokenized-bstocks,203.29966162129924,0.4466494,0.61502538,-2.37874642,7652316.371028371,2365246.79429056,37640.57603442,37640.57603442,,2026-07-20,,
1065,SaitaChain Coin,STC,saitama-inu-new,0.00017060936095138443,0.0,0.0,0.01475173,7626442.075108649,0.0,44701193607.318085,44710136889.83425,200000000000.0,2026-07-20,,
1066,Toko Token,TKO,tokocrypto,0.0449430912761216,0.81607858,-0.52102788,0.07239962,7622146.357341997,363948.63873648,169595507.13841677,495268640.66,500000000.0,2026-07-20,,
1067,SpaceX tokenized stock (xStock),SPCXx,spacex-tokenized-stock-xtock,125.37363263927443,0.28906184,-2.09686187,-12.67724524,7608517.314264642,3056717.35152811,60686.74213306,259962.04246005,,2026-07-20,,
1068,Kleros,PNK,kleros,0.008296990145112914,-0.16199307,-0.06576406,-0.20495589,7596128.631641999,6912.41311011,915528221.5341986,915528222.0793128,,2026-07-20,,
1069,Hashflow,HFT,hashflow,0.00893209914060623,1.18336671,1.0992523,2.27945227,7583664.177059048,2360638.17050557,849034930.9473,997353568.2839,,2026-07-20,,
1070,MCOIN,MCOIN,mcoin1,0.04253141456959194,0.04784148,-2.17389079,-4.930944,7528060.378817773,323040.47190348,177000000.0,500000000.0,500000000.0,2026-07-20,,
1071,AS Roma Fan Token,ASR,as-roma-fan-token,0.8641427985608716,-0.13310259,-0.78319941,0.61768281,7513606.70249457,3181612.90403327,8694867.0,9995000.0,9995000.0,2026-07-20,,
1072,Nimiq,NIM,nimiq,0.0005269392419545584,0.15652093,1.74578261,7.10979054,7496008.549350179,26492.98310453,14225565212.31078,14225565212.31078,21000000000.0,2026-07-20,,
1073,Soil,SOIL,soil,0.10725554565628619,-0.10388355,-1.64301662,46.48122444,7479129.817457368,55014.29988647,69731870.47525892,99000000.0,100000000.0,2026-07-20,,
1074,Peercoin,PPC,peercoin,0.24648975119061053,0.0104442,4.64860633,7.64180905,7474878.896585103,5747.64780459,30325313.16405435,30325313.16405435,,2026-07-20,,
1075,Decentrawood,DEOD,decentrawood,0.016069914500943774,0.04726856,0.67088322,-11.77933155,7462782.304463025,345352.36397984,464394649.02098525,1890000000.0,1890000000.0,2026-07-20,,
1076,Towns,TOWNS,towns,0.002249428948445768,-1.39869001,6.88272054,19.47993262,7413869.432132764,52769706.92400361,3295889580.0,10562677716.0,,2026-07-20,,
1077,Chainbounty,BOUNTY,sentinel-protocol,0.014148818089443767,-0.23036037,-2.60729023,-4.01372446,7379996.510619629,262901.74509106,521598091.3717267,555416661.0,1000449852.0,2026-07-20,,
1078,Gleec Coin,GLEEC,gleec,0.040597085725944004,0.09057256,-19.17212318,9.52673404,7378725.183584896,0.07307475,181755046.0,210000075.0,,2026-07-20,,
1079,LUKSO,LYX,lukso-network,0.24036414470423859,-0.11481806,0.74843718,1.17351151,7339737.070273872,75614.77150964,30535906.59,42115181.93,,2026-07-20,,
1080,Solomon,SOLO,solomon,0.568889267721803,0.00030147,2.64654907,-10.74442495,7338653.304229506,0.0,12899967.92103,25799967.92103,25800000.0,2026-07-20,,
1081,FC Barcelona Fan Token,BAR,fc-barcelona-fan-token,0.28241550664791637,-0.31902426,-3.01685001,5.17424012,7331443.856337433,6787639.99093612,25959778.0,39960000.0,39960000.0,2026-07-20,,
1082,Ika,IKA,ika,0.0024382855441636496,-0.0712865,-1.28350168,0.10995255,7314856.632490949,537364.55046716,3000000000.0,10291666666.6667,,2026-07-20,,
1083,SLERF (OLD),SLERF,slerf-old,0.014624737318883687,0.09338209,0.57083636,0.47218435,7312335.753782876,909.68557232,499997750.0,499997750.0,499997750.0,2026-07-20,,
1084,AhaToken,AHT,ahatoken,0.0010031911668262343,0.3734764,0.14058271,0.91813312,7297968.187501485,111319.75827559,7274753236.3047495,7673122637.674749,10500000000.0,2026-07-20,,
1085,Delysium,AGI,delysium,0.003573931796255928,-0.13393337,-3.55290717,-13.49151756,7277171.810300302,546463.98560262,2036180941.651967,3000000000.0,,2026-07-20,,
1086,Balancer,BAL,balancer,0.10309790952336563,0.45916839,-3.29839182,7.86196613,7195091.4809615,491650.23958221,69788917.29449508,72368512.92020285,96150704.0,2026-07-20,,
1087,Venus DAI,vDAI,venus-dai,0.02616951018015802,-0.02980815,0.02482639,0.01336524,7184515.172273905,0.0,274537625.0,274537625.0,,2026-07-20,,
1088,SUPERFORTUNE,GUA,superfortune,0.0572285432400376,-1.35033301,-7.37054022,5.58901768,7153567.9050047,2790083.4619621,125000000.0,1000000000.0,1000000000.0,2026-07-20,,
1089,MUX Protocol,MCB,mcdex,1.8708124058320497,0.0,-0.05089033,-0.18966217,7149352.637572512,0.0,3821523.0,4803143.0,4803143.0,2026-07-20,,
1090,LOAN Protocol,LOAN,loan-protocol,0.0003873093292997375,1.38848861,-0.82588784,5.67807635,7129100.399306207,106090.25443943,18406735547.0,36164258756.24386,,2026-07-20,,
1091,iShares MSCI Emerging Markets Tokenized ETF (Ondo),EEMon,ishares-msci-emerging-markets-tokenized-etf-ondo,63.92496170265571,0.05277954,0.02399318,-5.23858418,7124795.463275639,1110315.0916393,111455.60784872,111455.60784872,,2026-07-20,,
1092,ULTILAND,ARTX,ultiland,0.09607745615495071,-0.11366532,-0.45835726,-2.38865545,7116884.4314729525,1169237.04732033,74074446.975314,99720510.215314,280000000.0,2026-07-20,,
1093,THENA,THE,thena,0.05286517098181049,1.20078342,-1.51518219,0.64612501,7046044.893362572,4137318.70161565,133283308.50924383,284596517.7147613,326120291.0,2026-07-20,,
1094,Taiwan Semiconductor Manufacturing Tokenized Stock (Ondo),TSMon,taiwan-semiconductor-manufacturing-tokenized-stock-ondo,407.52290001434767,0.16913875,0.9931872,-6.98772384,7039857.934128742,1492899.8694808,17274.75421352,17274.75421352,,2026-07-20,,
1095,Bitcoin Limited Edition,BTCLE,bitcoin-limited-edition,451.18173054903076,-0.08165401,-0.46964629,-0.9417532,7028779.707531131,33377.45625087,15578.6,210000.0,210000.0,2026-07-20,,
1096,Tradoor,TRADOOR,tradoor,0.48928346367808956,-0.96384672,-15.63555833,22.80438428,7020728.420316907,9926190.52811683,14349000.0,60000000.0,60000000.0,2026-07-20,,
1097,Autonolas,OLAS,autonolas,0.02602055696332928,-0.02248175,-0.52313058,-7.9564804,7012088.805088887,69730.04961927,269482656.1541711,473666856.7856633,,2026-07-20,,
1098,Pepecoin,PEP,pepecoin-org,6.796064919230738e-05,-0.67263418,-1.22828547,-4.72344954,6994615.353878523,10952.35469652,102921550000.0,102921550000.0,,2026-07-20,,
1099,Haedal Protocol,HAEDAL,haedal-protocol,0.015373997937577865,0.42278399,-1.81524556,-5.15073113,6982357.401774613,1546694.51262021,454166667.0,1000000000.0,1000000000.0,2026-07-20,,
1100,Assemble AI,ASM,assemble-protocol,0.004650154572727247,-1.8892646,-4.80629474,4.23003695,6975231.85909087,72229.93689149,1500000000.0,3000000000.0,3000000000.0,2026-07-20,,
1101,OVERTAKE,TAKE,overtake,0.022274175356057677,-0.28177402,0.26104156,12.09574577,6939375.908764652,624205.13851635,311543561.0,1000000000.0,1000000000.0,2026-07-20,,
1102,NUMINE,NUMI,numine,0.020613810371293433,-0.2970316,0.37416703,2.0058125,6927218.611041362,157755.58179476,336047459.75,1000000000.0,1000000000.0,2026-07-20,,
1103,MARBLEX,MBX,marblex,0.02485911650251359,0.04493413,-1.04922198,-1.09132662,6913907.618666533,718509.80090196,278123625.91274893,321277469.0,,2026-07-20,,
1104,NetX,NETX,netx,0.2861579231690179,-0.01028646,-5.72462974,-6.0392333,6882383.917474074,225354.84920974,24050998.97726412,30000000.0,50000000.0,2026-07-20,,
1105,Badger DAO,BADGER,badger-dao,0.35256396113260074,-0.06105631,1.07461963,1.03692291,6871193.748737793,796143.49097827,19489211.90544915,21000000.0,21000000.0,2026-07-20,,
1106,DACXI,DXI,dacxi,0.0008123564016523681,0.11169483,-6.24463663,0.47083064,6822811.418903491,441278.06990414,8398790734.0,10000000000.0,,2026-07-20,,
1107,Depinsim,ESIM,depinsim,0.05052395354218662,-0.04542705,0.59684501,49.5334473,6795471.7514241,1281065.25854041,134500000.0,1000000000.0,1000000000.0,2026-07-20,,
1108,Daddy Tate,DADDY,daddy-tate,0.011370711882821644,3.6793405,-14.38702359,-19.25481989,6818014.810605762,533549.73922418,599611957.533293,599611957.533293,999689062.0,2026-07-20,,
1109,MAP Protocol,MAPO,map-protocol,0.0010883180706454099,-0.11060211,-0.18763606,-1.76259196,6782641.54809985,603965.52644206,6232223585.222205,9697223991.055454,10000000000.0,2026-07-20,,
1110,X Empire,X,x-empire,9.777142303363156e-06,0.02426013,0.56560107,-7.51225317,6746228.189320577,142078.48878937,690000000000.0,690000000000.0,690000000000.0,2026-07-20,,
1111,OMG Network,OMG,omg,0.04794478766667898,0.2570439,-8.12376485,6.16835181,6724035.840091724,2516965.54385444,140245398.24513277,140245398.24513277,140245399.0,2026-07-20,,
1112,iShares 0-3 Month Treasury Bond Tokenized ETF (Ondo),SGOVon,ishares-0-3-month-treasury-bond-tokenized-etf-ondo,100.85848354458753,0.21369822,0.4330283,-0.21098093,6712759.562636933,1218954.67519851,66556.2214176,66556.2214176,,2026-07-20,,
1113,Cookie DAO,COOKIE,cookie,0.008505761276483607,0.00650438,-0.04552424,-8.27819766,6651356.152674675,1860294.52668354,781982463.0,999892387.0,1000000000.0,2026-07-20,,
1114,Origin Dollar,OUSD,origin-dollar,0.9995616076386019,-0.0118909,-0.01357006,-0.01599478,6638123.001509844,5843.45770609,6641034.38025393,6641034.38025393,,2026-07-20,,
1115,WazirX,WRX,wazirx,0.017354457999515963,-2.76267677,2.45453181,-8.36767468,6626919.052885231,7934.45806353,381856872.3419691,962646668.99,,2026-07-20,,
1116,Swarms,SWARMS,swarms,0.006600728085552723,0.41065668,-0.00771175,9.52668159,6600627.952507665,6778067.99120577,999984830.0,999984830.0,,2026-07-20,,
1117,Nebius Group Tokenized Stock (Ondo),NBISon,nebius-group-tokenized-stock-ondo,179.94334917812137,-0.22927027,4.40756467,-15.59407775,6593086.218290446,2004309.93611594,36639.78829117,36639.78829117,,2026-07-20,,
1118,Heroes of Mavia,MAVIA,heroes-of-mavia,0.02662499476713341,0.31122555,-0.75936563,-5.46494983,6575499.8485287,1771649.69406408,246967179.0,250000000.0,256989887.032251,2026-07-20,,
1119,FIGHT,FIGHT,fight-id,0.0032028023268925454,-0.24293115,0.99091573,9.51914029,6565744.770129718,2578741.06595394,2050000000.0,10000000000.0,10000000000.0,2026-07-20,,
1120,Alpine F1 Team Fan Token,ALPINE,alpine-f1-team-fan-token,0.3070666636872733,0.07987378,-2.34411218,0.86997067,6551408.2814371465,2629172.44095715,21335459.22168,40000000.0,40000000.0,2026-07-20,,
1121,SquidGrow,SQGROW,squid-grow,0.006546016405689815,3.35794113,-2.30349198,-0.32555,6546016.405689815,9001.5793439,1000000000.0,1000000000.0,1000000000.0,2026-07-20,,
1122,Pikaboss,PIKA,pikachu,1.5519063962397936e-08,0.1147095,0.44295826,0.39819085,6528715.018341187,843.7943474,420690000000000.0,420690000000000.0,420690000000000.0,2026-07-20,,
1123,ORIGYN,OGY,origyn-foundation,0.0008307946493064354,0.24895155,0.11967302,-0.64973218,6503992.95029165,161247.81905769,7828640875.0,10414557310.05159,10620490364.0,2026-07-20,,
1124,Loom Network,LOOM,loom-network,0.005224757958645,0.0,0.0,-0.0924918,6493960.851592275,0.0,1242920897.5790398,1300000000.0,,2026-07-20,,
1125,Micron Technology Inc tokenized stock (Backpack),MU,micron-technology-inc-tokenized-stock-backpack,860.1661902114357,1.41801743,1.82863878,-8.21819632,6492203.626807471,1503185.92521202,7547.61545,7547.61545,,2026-07-20,,
1126,Resistance Dog,REDO,resistance-dog,0.06471914023813086,-0.1794007,1.66691838,1.6079063,6471913.568190339,80178.16722099,99999992.96,99999992.96,100000000.0,2026-07-20,,
1127,SanDisk Tokenized Stock (Ondo),SNDKon,sandisk-tokenized-stock-ondo,1358.5051325684794,0.19633376,-0.30759763,-26.50317726,6458073.553044347,1761833.234808,4753.80872565,4753.80872565,,2026-07-20,,
1128,Mansory,MNSRY,mansory,0.007143557922301423,-0.04354705,-0.55245103,-3.82824237,6429118.03432153,211480.53475803,899988227.75,899988227.75,1000000000.0,2026-07-20,,
1129,Hivemapper,HONEY,hivemapper,0.0011107142310203008,0.15445822,-14.11521962,-13.45046073,6449931.487037771,562405.09090345,5807012557.237942,6562783842.693291,10000000000.0,2026-07-20,,
1130,Puffer,PUFFER,puffer,0.012657114351036487,-0.28820246,0.10362376,-8.20614638,6411925.828585559,2169173.8451418,506586703.0,1000000000.0,1000000000.0,2026-07-20,,
1131,Access Protocol,ACS,access-protocol,0.00012441776622019296,-0.4120878,-1.25273153,-0.94276877,6410782.93640029,616939.35965078,51526266152.81429,90298843264.28017,,2026-07-20,,
1132,QuickSwap [Old],QUICK,quickswap,9.62181935166216,-0.21745141,0.38708546,0.34216451,6406186.989310388,2241.16931675,665797.8865716,898439.90984885,1000000.0,2026-07-20,,
1133,Helium Mobile,MOBILE,helium-mobile,7.169227804645772e-05,2.55473488,24.00503517,35.30458384,6400686.583987745,11301.34620007,89280000000.0,100880000000.0,,2026-07-20,,
1134,Build On BNB,BOB,build-on-bnb,1.5210135798228403e-08,-0.0921393,-1.77310827,-4.35048487,6398752.028956707,82298.99240398,420690000000000.0,420690000000000.0,420690000000000.0,2026-07-20,,
1135,PepeCoin,PEPECOIN,pepecoin,0.05956400636372338,0.21060962,-1.17935182,2.70569541,6376756.8833951475,83126.66326252,107057219.16111442,107630586.03315184,133769420.0,2026-07-20,,
1136,Komodo,KMD,komodo,0.046716185728984276,6.99278046,-62.41124409,581.60058345,6351246.521791298,2.58455074,135953876.0,141262234.11549,,2026-07-20,,
1137,WeBuy,WE,webuy,0.017506116645929756,0.51036016,0.01764399,2.32385241,6337761.116910591,24924.30659604,362031240.0,2500000000.0,,2026-07-20,,
1138,Elastos,ELA,elastos,0.2741115828336257,-0.31235834,1.30899471,-5.53946183,6328879.554347568,189067.40224658,23088698.0,26229451.0,28219999.0,2026-07-20,,
1139,Layer3,L3,layer3-xyz,0.005130314678658258,0.7020322,2.09551997,-5.25958792,6298394.085460566,3727420.35793435,1227681824.598681,3333333312.0,3333333333.0,2026-07-20,,
1140,CREPE,CREPE,crepe,1.0827839768893607e-05,0.46843745,-3.15505413,4.42366377,6288931.394207399,359377.35692219,580811272464.0,690000000000.0,690000000000.0,2026-07-20,,
1141,ELYSIA,EL,elysia,0.0012260522624769107,-0.07272817,-0.86483902,0.52731473,6255806.586210272,293171.82852185,5102397978.99976,6803300704.688,7000000000.0,2026-07-20,,
1142,KGST,KGST,kgst,0.011432325004248437,-0.00365257,0.16351744,0.31924017,6222528.322946542,9664685.30441939,544292462.0,544292462.0,,2026-07-20,,
1143,Coq Inu,COQ,coq-inu,8.821539945336284e-08,0.07028083,6.60096634,17.21318885,6123913.030052449,1437932.27758393,69420000000000.0,69420000000000.0,69420000000000.0,2026-07-20,,
1144,Divi,DIVI,divi,0.001296557591868392,0.49041804,0.01512017,2.33802897,6116690.916777216,0.0,4717639197.162709,4717639197.162709,,2026-07-20,,
1145,Auki,AUKI,auki-labs,0.0048507037721164025,-0.09413573,-2.69436491,4.46687612,6091449.0763359275,19299.60201652,1255786657.4643822,9991616050.76035,10000000000.0,2026-07-20,,
1146,Telos,TLOS,telos,0.013411292883590642,-0.2745028,0.65092269,4.10708343,6044753.755088968,863758.24045364,450721180.09480006,467629079.7232,,2026-07-20,,
1147,Anthropic tokenized stock (PreStocks),ANTHROPIC,anthropic-tokenized-stock-prestocks,816.136353691661,0.14408388,5.92149988,5.03800544,6026259.462338883,10055.15358732,7383.8880416,7383.8880416,,2026-07-20,,
1148,Marlin,POND,marlin,0.0007316553064374553,-0.02629603,-0.88389283,-11.74469715,6020070.745471721,1797776.81967574,8228014876.0,10000000000.0,,2026-07-20,,
1149,Bitgert,BRISE,bitrise-token,1.5186311211622544e-08,0.01798735,-0.59247646,-7.00605268,6009071.483326924,513641.67134726,395690000000000.0,1000000000000000.0,,2026-07-20,,
1150,StablR USD,USDR,stablr-usd,0.2797693579244615,0.01350937,-0.62099357,17.02666586,5973235.23978244,214.59819478,21350569.926944,21350569.926944,,2026-07-20,,
1151,Partisia Blockchain,MPC,partisia-blockchain,0.011709498663432117,-0.22344543,-4.87237706,9.29632411,5918285.653873228,16309.2844957,505426049.7382,611354067.6688,1000000000.0,2026-07-20,,
1152,Broccoli (firstbroccoli.com),BROCCOLI,broccoli,0.005917183070112351,-1.13118424,-1.83632912,-2.31984438,5917183.070112351,3321086.12471517,1000000000.0,1000000000.0,1000000000.0,2026-07-20,,
1153,U.S. Dollar Payment Token,USDPT,us-dollar-payment-token,0.9986576955479931,0.00052379,0.01295884,-0.09066513,5914494.426850692,17211.60377629,5922444.15,5922444.15,,2026-07-20,,
1154,Beta Finance,BETA,beta-finance,0.005893547719735042,-0.08508374,-1.72143294,-5.52012487,5893547.719735042,0.0,1000000000.0,1000000000.0,1000000000.0,2026-07-20,,
1155,Edel,EDEL,edel,0.00954306475373512,0.4807342,9.19737297,-8.65764926,5860584.939715822,799470.27668099,614119791.8018957,1000000000.0,1000000000.0,2026-07-20,,
1156,KAN,KAN,bitkan,0.0006065189956666302,0.15933922,-0.2100033,0.82207793,5856705.431746831,92413.14198166,9656260518.781734,10000000000.0,,2026-07-20,,
1157,Gitcoin,GTC,gitcoin,0.0665913397279946,-0.03014515,-1.22815774,-2.40449517,5826176.326617925,3110735.64063065,87491501.9042429,100000000.0,,2026-07-20,,
1158,FC Porto Fan Token,PORTO,fc-porto,0.4475841295678993,0.817632,-5.24619186,11.82291083,5813315.034748463,6018792.80687248,12988206.35209,40000000.0,40000000.0,2026-07-20,,
1159,Fuel Network,FUEL,fuel-network,0.0006710012441352289,0.00344102,-0.77266261,-4.35362391,5795864.928772267,1032199.67478132,8637636635.445953,10367576019.1373,,2026-07-20,,
1160,NKN,NKN,nkn,0.007047131270347925,-2.30323418,-7.37659562,33.69926913,5658311.338426663,1897506.05134594,802924072.414406,802924072.414406,1000000000.0,2026-07-20,,
1161,Mamo,MAMO,mamo,0.00961271390187491,0.35320194,2.01891582,4.96813298,5745019.783597314,888148.58942454,597648056.755,1000000000.0,1000000000.0,2026-07-20,,
1162,ProShares UltraPro QQQ Tokenized Stock (Ondo),TQQQon,proshares-ultrapro-qqq-tokenized-stock-ondo,68.20075018446389,-0.05828349,1.19918015,-10.09194387,5710105.6572082285,1503098.93390354,83724.9684463,83724.9684463,,2026-07-20,,
1163,district0x,DNT,district0x,0.005692371795985696,1.58262443,11.65912553,7.06872829,5692371.795985696,43896.16494067,1000000000.0,1000000000.0,,2026-07-20,,
1164,Bitlayer,BTR,bitlayer,0.017038542974701674,-0.25356281,-1.79867401,-0.64905469,5678706.249281925,1953407.02824826,333285907.0,1000000000.0,1000000000.0,2026-07-20,,
1165,PAAL AI,PAAL,paal-ai,0.005662180547694112,-0.18944401,0.72689312,-20.04248947,5655587.641707803,1352172.27232027,998835624.203295,1000000000.0,1000000000.0,2026-07-20,,
1166,SmarDex,SDEX,smardex,0.0005759128866930198,0.29971714,-0.8031162,-3.52969451,5646271.603885035,231853.54202557,9804037614.623964,10000000000.0,10000000000.0,2026-07-20,,
1167,Vultisig,VULT,vultisig,0.08615425918608936,0.00319718,1.63694201,-4.49109077,5601046.9311564155,97.39724599,65011840.20465435,100000000.0,100000000.0,2026-07-20,,
1168,Zircuit,ZRC,zircuit,0.0009161965238276792,1.47114759,1.89299985,-9.76680788,5596911.596461789,775395.36978541,6108854870.0,10000000000.0,,2026-07-20,,
1169,Utrust,UTK,utrust,0.007943838972338685,-0.00392096,-0.03793705,-0.01056175,5593016.782845466,5100018.87626546,704069758.0,430543635.0,1000000000.0,2026-07-20,,
1170,ANyONe Protocol,ANYONE,anyone-protocol,0.05735140011391858,0.04932643,-8.28276005,-11.144833,5591759.5348017,75568.82687359,97499965.5404165,100000000.0,100000000.0,2026-07-20,,
1171,Apu Apustaja,APU,apu-apustaja,1.653539354606927e-05,0.36277883,-4.01265809,-2.40131615,5587144.064862486,201910.63096013,337889996346.0888,337889996346.0888,420690000000.0,2026-07-20,,
1172,BeatSwap,BTX,beatswap,0.024807738917991387,0.14952475,0.19171115,11.52677156,5575669.388793712,565444.2864499,224755243.0,1500000000.0,1500000000.0,2026-07-20,,
1173,Hyperion,RION,hyperion-xyz,0.1635411120345226,-0.05063578,-0.57894987,-0.45207635,5565562.330687207,217590.10177148,34031579.346925,100000000.0,100000000.0,2026-07-20,,
1174,Croatian Football Federation Token,VATRENI,croatian-ff-fan-token,1.4402672750503838,0.15925685,0.4864308,-0.2926603,5565227.317209284,4274.34568979,3864024.0,20999999.44183582,30000000.0,2026-07-20,,
1175,Polkastarter,POLS,polkastarter,0.056007174001198916,0.20345372,-0.98838531,-7.20241115,5556451.118658483,94926.92451412,99209631.94000003,100000000.0,,2026-07-20,,
1176,DAO Maker,DAO,dao-maker,0.026426206792249548,-0.04653881,0.52534062,-4.94658182,5537639.257676738,1227270.96977183,209551045.33961543,269116957.0641556,,2026-07-20,,
1177,iShares Russell 2000 Value Tokenized ETF (Ondo),IWNon,ishares-russell-2000-value-tokenized-etf-ondo,224.32913488134898,0.00934121,0.12078701,1.08057763,5543283.048167734,723884.69653401,24710.49090926,24710.49090926,,2026-07-20,,
1178,Broadcom Tokenized Stock (Ondo),AVGOon,broadcom-tokenized-stock-ondo,376.1466784959413,0.19069648,1.35508233,-5.20984422,5527705.4827337675,2509378.92879504,14695.61157588,14695.61157588,,2026-07-20,,
1179,Hydranet,HDN,hydranet,0.029387694808041112,-0.08977927,5.66399338,2.28111606,5525273.585732152,118000.1988696,188013167.47784916,300000000.0,300000000.0,2026-07-20,,
1180,AMO Coin,AMO,amo-coin,0.000260399780857003,-0.87925828,-0.85542154,-1.55587609,5520475.3541684635,3266.16472564,21200000000.0,21200000000.0,21200000000.0,2026-07-20,,
1181,Save,SAVE,save,0.12039464996338879,-0.00036154,0.02813009,-0.78983165,5497561.999318178,0.0,45662843.0,50000001.0,,2026-07-20,,
1182,RACA,RACA,radio-caca,1.331642948962885e-05,0.16347984,-8.98787293,5.78093488,5481979.469298885,477464.35446888,411670371068.18915,415670371068.18945,500000000000.0,2026-07-20,,
1183,BugsCoin,BGSC,bugscoin,0.000587433516674424,-0.24004693,-10.17282991,-14.84231996,5475846.013380391,359055.24546325,9321643825.126331,12985800644.0,14745800644.0,2026-07-20,,
1184,Mame Inu,MAME,mame-inu,0.0061000950724451886,0.75352553,2.53592343,-24.00457323,5477651.436396941,1110415.24824205,897961649.9979,897961649.9979,1000000000.0,2026-07-20,,
1185,Upland (SPARKLET),SPARKLET,upland-sparklet,0.020145500093541636,0.00315407,-0.06369154,3.6956785,5470036.920024192,158391.22054027,271526489.52,1000000000.0,1000000000.0,2026-07-20,,
1186,Treehouse,TREE,treehouse,0.03500947634152868,1.14679931,-4.30649332,-18.59097588,5465765.184647018,8396506.6281419,156122449.0,1000000000.0,1000000000.0,2026-07-20,,
1187,BFG Token,BFG,betfury,0.00480240673237385,-0.06147714,0.12228812,-3.68548795,5392185.0994328195,1162.41632395,1122808916.43,3327754200.68,,2026-07-20,,
1188,VNX Gold,VNXAU,vnx-gold,127.81404628314898,0.00092738,-0.20027903,-2.14152061,5380971.348520572,559.43708814,42100.0,44100.0,,2026-07-20,,
1189,Venus LINK,vLINK,venus-link,0.17272695947614083,0.52329158,1.24300303,5.99387727,5338526.027340441,0.0,30907312.0,30907312.0,,2026-07-20,,
1190,Manchester City Fan Token,CITY,manchester-city-fan-token,0.3885031901686367,-0.49568964,-2.02910237,0.74874973,5315795.521808625,1235527.75593324,13682759.0,19740000.0,19740000.0,2026-07-20,,
1191,Aragon,ANT,aragon,0.12271971693205805,0.00394,10.06263071,8.53257266,5300569.931385243,186.88710082,43192488.24799543,43192488.24799543,,2026-07-20,,
1192,Minswap,MIN,minswap,0.0030663615425574947,0.83699755,0.17661402,3.20840502,5299814.722971392,44241.90547934,1728372421.0,2470721795.0,2500000000.0,2026-07-20,,
1193,Phoenix,PHNIX,phoenix-xrp,9.968159325920228e-06,0.74456581,-0.81454343,-3.59197845,5283115.573049616,58708.55047421,529999110198.0,589000000000.0,589000000000.0,2026-07-20,,
1194,KYVE Network,KYVE,kyve-network,0.004374332895583492,1.03067939,10.61641663,142.21714552,5266023.509611412,28741.95192897,1203846080.148177,1275640452.148177,,2026-07-20,,
1195,Turtle,TURTLE,turtle-xyz,0.0338250281543082,-0.16087947,0.85197649,2.39694487,5232731.855471479,2181462.63648307,154700000.0,1000000000.0,1000000000.0,2026-07-20,,
1196,iShares MSCI South Korea ETF Tokenized bStocks,EWYB,ishares-msci-south-korea-etf-tokenized-bstocks,163.69213178381858,0.62944161,0.54647288,-4.96471454,5212780.723064381,2508002.15832721,31845.02924031,31845.02924031,,2026-07-20,,
1197,crow with knife,CAW,crow-with-knife,6.719796140091078e-09,0.18865404,-1.39134622,5.58054717,5173311.64888178,8180.27058171,769861397731578.0,777777777777777.0,777777777777777.0,2026-07-20,,
1198,Populous,PPT,populous,0.09706657488348665,0.0,-3.70671413,9.55317318,5169013.123528274,0.0,53252245.99438964,53252246.0,53252246.0,2026-07-20,,
1199,Quickswap [New],QUICK,quickswap-new,0.007760336260129305,-0.34991506,-1.04216845,0.77671624,5166815.481079046,408631.33022421,665797886.5716,898439909.848849,1000000000.0,2026-07-20,,
1200,Pitbull,PIT,pitbull,1.2804445768522676e-10,-0.0158935,0.61380847,-4.1946652,5146383.082460258,72461.5197822,4.019215806366e+16,1e+17,1e+17,2026-07-20,,
1201,Eli Lilly Tokenized Stock (Ondo),LLYon,eli-lilly-tokenized-stock-ondo,1185.8955329380397,-0.0263422,-0.00890975,-1.06794327,5140032.193053744,1435067.3214366,4334.30437192,4334.30437192,,2026-07-20,,
1202,Graphite Protocol,GP,graphite-protocol,0.14651621655031968,0.21028061,-2.35080674,-5.48228948,5134134.677343912,145162.32940269,35041409.05509009,58649011.41809945,,2026-07-20,,
1203,Juventus Fan Token,JUV,juventus-fan-token,0.3250399750595137,-0.05637878,-3.05184687,3.07664967,5120175.305046286,3439106.35297015,15752448.0,19956000.0,19956000.0,2026-07-20,,
1204,WhiteCoin,XWC,whitecoin,0.0066966891416108,0.17340132,0.69677563,4.33092134,5118444.406262423,679304.20282481,764324623.4110321,971792390.0,1000000000.0,2026-07-20,,
1205,Polyhedra Network,ZKJ,polyhedra-network,0.006593024466008051,-0.67510826,-0.63665171,-3.41210012,5113585.554935913,2246877.59021461,775605426.8113599,1000000000.0,1000000000.0,2026-07-20,,
1206,RHEA Finance,RHEA,rhea-finance,0.01285410692629199,-0.08035423,-0.93870907,-0.88680298,5108636.321901226,233413.58798917,397432225.4509913,999574423.025856,1000000000.0,2026-07-20,,
1207,McDull,MCDULL,mcdull,6.749733842686329e-07,0.0,0.75745451,-0.28030979,5099798.903361954,0.0,7555555555554.0,8888888888888.0,8888888888888.0,2026-07-20,,
1208,Arm Holdings plc Tokenized Stock (Ondo),ARMon,arm-holdings-plc-tokenized-stock-ondo,269.41230808358296,1.9648372,1.32854295,-14.86882169,5088852.395060683,1463928.73985911,18888.71533472,18888.71533472,,2026-07-20,,
1209,Bitlight,LIGHT,bitlight,0.11802779877481095,0.21762858,-2.97836176,3.34110289,5081919.62706867,2137469.48481665,43056972.0,420000000.0,420000000.0,2026-07-20,,
1210,Saga,SAGA,saga,0.012159419039924436,0.71827473,-1.59748406,-3.4496516,5064464.043614496,5193961.10044819,416505429.0,1104581084.0,,2026-07-20,,
1211,Bluefin,BLUE,bluefin,0.009177523285352976,0.12449783,1.52740345,-3.72196214,5061011.064437471,1942777.23372825,551457175.0,1000000000.0,1000000000.0,2026-07-20,,
1212,Oracle Tokenized Stock (Ondo),ORCLon,oracle-tokenized-stock-ondo,127.98232562432167,-0.18417403,0.15914425,-9.56217145,5059816.71193297,1054481.18710037,39535.27713495,39535.27713495,,2026-07-20,,
1213,Wexo,WEXO,wexo,0.017229883093649073,0.45021685,2.27664234,1.67615812,5051667.140441064,121066.73573221,293192189.0,920900277.0,928000000.0,2026-07-20,,
1214,Zypher Network,POP,zypher-network,0.002115755198310349,0.00162763,0.22486865,1.48956984,5051365.538081713,2790614.5955091,2387500001.0,10000000000.0,10000000000.0,2026-07-20,,
1215,Nash,NEX,nash,0.11385053824798462,0.0,7.7166824,-25.04454938,5046434.215884978,0.0,44325080.0,50000000.0,50000000.0,2026-07-20,,
1216,Aspecta,ASP,aspecta,0.014645008890811348,1.69006432,-4.4554212,-10.61607192,5045871.251763641,2008165.80561454,344545455.0,1000000000.0,1000000000.0,2026-07-20,,
1217,dYdX (ethDYDX),ETHDYDX,dydx-ethdydx,0.12104462740875344,1.80423211,-0.00726734,-5.46387933,5042352.79955028,1881112.81355137,41656973.19652899,1000000000.0,,2026-07-20,,
1218,Realio Network,RIO,realio-network,0.03102724947129335,-0.50527784,-0.62362361,3.2502094,5013433.418075698,163147.9681405,161581625.941873,161581625.941873,175000000.0,2026-07-20,,
1219,Creta World,CRETA,creta-world,0.0016858119969065017,0.06782057,1.23216305,-5.13383435,5007466.419173017,85915.54031392,2970358751.9615574,10000000000.0,10000000000.0,2026-07-20,,
1220,VNX Swiss Franc,VCHF,vnx-swiss-franc,1.2267047934492958,0.08955041,-0.66150177,-0.82244146,4992530.81130981,4998.24384143,4069871.44582,4069871.44582,,2026-07-20,,
1221,Alephium,ALPH,alephium,0.036865444280669665,0.28827962,-0.44247506,-9.72292671,4986482.4232040765,187092.32804098,135261693.45038193,222901835.2204211,,2026-07-20,,
1222,Kryll,KRL,kryll,0.12496169919192714,0.02609758,-0.43106508,1.51794872,4986267.782210376,6625.14584338,39902368.60137464,49417348.0,49417348.0,2026-07-20,,
1223,Luna by Virtuals,LUNA,luna-by-virtuals,0.004981736663448228,0.00012925,-0.28859889,4.9818445,4981736.663448228,0.0,1000000000.0,1000000000.0,1000000000.0,2026-07-20,,
1224,inSure DeFi,SURE,insure,0.0001857306003223848,0.0,-11.47193104,-9.35583989,4975734.516101004,0.0,26790063174.642704,88000000000.0,88000000000.0,2026-07-20,,
1225,The Arena,ARENA,the-arena,0.000790876910160072,0.23556464,-0.6619978,36.54223287,4970404.13068418,25314.78219245,6284674728.559442,10000000000.0,10000000000.0,2026-07-20,,
1226,Alpha Quark Token,AQT,alpha-quark-token,0.18524501886668585,-1.67211328,-3.35550138,-7.65154921,4965715.209989173,2317350.66830796,26806201.0,30000000.0,30000000.0,2026-07-20,,
1227,Pangolin,PNG,pangolin,0.02098351049157191,0.06516234,-0.23053697,-0.42325494,4942335.3010819685,425469.26552682,235534245.0,230000000.0,538000000.0,2026-07-20,,
1228,Coreum,COREUM,coreum,0.012819106960997572,0.37454036,10.94262158,-45.19424784,4932690.421053312,677.28579123,384792048.0,897767382.677904,,2026-07-20,,
1229,LimeWire,LMWR,limewire,0.009463721279838964,0.51749047,-0.46466527,-15.87353011,4930318.06791503,1323263.89155348,520970337.3680638,633045269.0,633045269.0,2026-07-20,,
1230,Alchemix,ALCX,alchemix,1.9485237438683898,0.14304806,0.26344802,0.27664951,4922217.666194388,233512.52716028,2526126.6031187,2688705.68128855,,2026-07-20,,
1231,ParagonsDAO,PDT,paragonsdao,0.059753440021476395,0.0,1.23250954,3.11316263,4919524.853346259,0.0,82330403.93286309,84467740.26777703,162500000.0,2026-07-20,,
1232,RSS3,RSS3,rss3,0.005267805344364595,0.67616617,0.26695032,-3.3241073,4897054.155765128,1153397.20980639,929619421.3030119,1055772199.8297999,1000000000.0,2026-07-20,,
1233,Amaterasu Omikami,OMIKAMI,amaterasu-omikami,0.0051558536032837105,-0.1333481,-0.34916373,-1.93000962,4882469.678537585,6477.46235412,946976011.0,999476011.0,1000000000.0,2026-07-20,,
1234,Milady Meme Coin,LADYS,milady-meme-coin,6.581686393250233e-09,-0.2109443,-0.25135508,-5.07851405,4833366.8627718855,807536.09266899,734366023232083.0,888000888000888.0,888000888000888.0,2026-07-20,,
1235,PumpBTC (Governance token),PUMP,pumpbtc-pump,0.00948426279008294,1.29411926,-2.10809675,2.17864845,4832403.542948732,2885433.87561306,509518098.5497,1000000000.0,1000000000.0,2026-07-20,,
1236,XMAQUINA,DEUS,deus-token,0.023925718588902512,0.31028352,2.37738548,5.45522713,4817955.828867956,123121.38641669,201371415.9081798,999987281.5088582,1000000000.0,2026-07-20,,
1237,S.S. Lazio Fan Token,LAZIO,lazio-fan-token,0.3649318959852839,0.40419065,-1.18329785,0.45146176,4809407.867647042,1769952.73951576,13178918.91763,40000000.0,40000000.0,2026-07-20,,
1238,Alitas,ALT,alitas,0.006331914021898938,0.08680434,-0.78242501,-0.24097878,4812254.656643193,57.0347209,760000000.0,1000000000.0,1000000000.0,2026-07-20,,
1239,LeverUp,LV,leverup,0.053382628298140375,-0.37138081,-1.87172662,-9.4742963,4804436.546832634,1278.2953778,90000000.0,1000000000.0,1000000000.0,2026-07-20,,
1240,Rain Coin,RAIN,rain-coin,4.801384339298364,-2.96689383,0.61915625,1.35158084,4801384.339298364,13471.54035093,1000000.0,1000000.0,1000000.0,2026-07-20,,
1241,Epic Private Internet Cash,EPIC,epic-cash,0.2776706455314272,0.00053149,9.96688409,18.7163349,4798045.461302924,4276.95187768,17279628.0,19328726.0,21000000.0,2026-07-20,,
1242,Alltoscan,ATS,alltoscan,0.06486542999260367,0.1003262,-1.01753694,1.04160811,4773512.255260917,293889.52615814,73591006.11535637,98561539.0,100000000.0,2026-07-20,,
1243,Viction,VIC,viction,0.03739492060774132,0.10299513,0.22406468,-7.53958773,4762383.338562453,1921445.81679968,127353749.15,210000000.0,210000000.0,2026-07-20,,
1244,Unstable Coin (usduc.io),USDUC,unstable-coin-sol,0.0047610273199516565,1.0583794,-5.37563703,14.64371162,4760628.50876616,845016.43367471,999916234.216127,999916234.216127,1000000000.0,2026-07-20,,
1245,HOPR,HOPR,hopr,0.013821743282132481,0.340715,0.08854282,-16.56732752,4715616.857872274,87064.12078033,341173813.0,394545361.0,1000000000.0,2026-07-20,,
1246,Vulcan Forged (PYR),PYR,vulcan-forged-pyr,0.11173778034607838,-0.47948552,-1.19697246,-19.53564843,4700716.422380008,4766040.79291146,42069176.67257015,50000000.0,50000000.0,2026-07-20,,
1247,SPACEM WORLD,SPCM,spacem,0.0004763361057384136,-0.0240238,4.43232329,26.36669957,4632234.281994474,588105.61775923,9724717959.0,42582201726.0,42582201726.0,2026-07-20,,
1248,Obyte,GBYTE,obyte,4.918077811837294,0.00025083,5.9134328,5.8359635,4614368.928963776,7335.04518867,938246.4258409,1000000.0,1000000.0,2026-07-20,,
1249,Bytecoin,BCN,bytecoin-bcn,2.4981731959197684e-05,0.0,0.0,25.4440502,4598308.180012322,0.0,184066828814.058,184066828814.058,184470000000.0,2026-07-20,,
1250,Gearbox Protocol,GEAR,gearbox-protocol,0.0004593843943231565,0.00517502,2.04213598,-10.38484407,4593843.943231565,1958.04639429,10000000000.0,10000000000.0,10000000000.0,2026-07-20,,
1251,Marvell Tokenized Stock (Reality),rMRVL,marvell-tokenized-stock-reality,190.3829978973162,1.37873918,2.4019431,-17.52403503,4537117.945560475,0.0,23831.52905286,23831.52905286,,2026-07-20,,
1252,SymVerse (symverse.org),SYMM,symverse-org,0.02743835077953476,2.27442467,11.25191752,6.76887513,4532203.234543147,23084.52992682,165177684.0,315177684.0,315177684.0,2026-07-20,,
1253,MORI COIN,MORI,mori-coin,0.005657030758893699,0.46437903,-0.61917101,-2.84633059,4525669.778505569,968078.01370826,800007985.0,999998186.0,999999999.0,2026-07-20,,
1254,Marina Protocol,BAY,marina-protocol,0.022605020375402317,-1.32317797,102.12667965,131.80565585,4521004.075080464,1221041.66836352,200000000.0,1000000000.0,1000000000.0,2026-07-20,,
1255,Portal To Bitcoin,PTB,portaltobitcoin,0.0005673005478628751,0.7943837,-1.16654528,17.03472697,4510898.920039254,1257663.99652353,7951515183.675806,8245031943.025996,8400000000.0,2026-07-20,,
1256,CONX,XPLA,xpla,0.004589070630755052,-0.15088694,-2.66801259,-11.39040016,4489420.9286315655,342583.12704195,978285428.5450187,1999879841.8164,2000000000.0,2026-07-20,,
1257,Green Satoshi Token (SOL),GST,green-satoshi-token,0.000903662089010168,0.20439161,-1.32583423,-8.07271972,4413661.456626745,31241.26383775,4884194557.128403,4894194557.128403,,2026-07-20,,
1258,Neon EVM,NEON,neon,0.01868136252350372,-0.06700611,-0.15551804,0.44713028,4473542.321768868,688377.40046117,239465527.0,1000000000.0,1000000000.0,2026-07-20,,
1259,Sperax,SPA,sperax,0.002181031941629221,-1.82301383,-3.3419603,-0.40088469,4467194.610865021,281478.45969889,2048202287.0,4615267291.67,5000000000.0,2026-07-20,,
1260,doginme,DOGINME,doginme,6.601776137240219e-05,0.51254455,-2.00859308,6.56551566,4464072.044674223,166194.36646306,67619258088.6326,67619258088.6326,69000000000.0,2026-07-20,,
1261,Koma Inu,KOMA,koma-inu,0.007398602446842339,0.93228884,0.73147745,5.19423519,4457981.5833028685,892924.45661689,602543739.2173297,605954353.425861,1000000000.0,2026-07-20,,
1262,MonaCoin,MONA,monacoin,0.06743410866534445,0.00830196,-1.79370662,1.48710993,4432422.037800103,1273.30511003,65729674.871168,65729674.871168,105120000.0,2026-07-20,,
1263,Hemi,HEMI,hemi,0.004519453810372639,0.0354997,1.86140711,2.3914609,4417766.099639255,5137230.05777402,977500000.0,10000000000.0,,2026-07-20,,
1264,PayAI Network,PAYAI,payai-network,0.004391864807602357,-0.06261262,-0.64953991,-14.13347324,4391626.024797932,3869841.96871602,999945630.6569338,999945630.6569338,1000000000.0,2026-07-20,,
1265,BitMine Immersion Technologies Tokenized Stock (Ondo),BMNRon,bitmine-immersion-technologies-tokenized-stock-ondo,15.903909878301207,-0.03139379,-0.18839174,5.24650908,4396319.375856043,972490.15926062,276430.09860451,276430.09860451,,2026-07-20,,
1266,Ski Mask Dog,SKI,ski-mask-dog,0.004435069177876178,0.48822989,4.64243509,8.33172909,4388044.3478314085,6254.27942011,989397047.0,1000000000.0,1000000000.0,2026-07-20,,
1267,Nomina,NOM,nomina,0.0015112024511613471,0.29703424,1.22491537,-3.26166808,4382487.108367907,9738219.75210981,2900000000.0,7500000000.0,7500000000.0,2026-07-20,,
1268,MAGIC•INTERNET•MONEY (Bitcoin),MIM,magic-internet-money-bitcoin,0.00020757148602514662,-2.88822396,-0.89524524,-7.19973497,4359001.206528079,1636.30872841,21000000000.0,21000000000.0,21000000000.0,2026-07-20,,
1269,Bitcoin Gold,BTG,bitcoin-gold,0.24869711721073898,-0.00421322,24.39716848,-5.01562695,4355662.30763346,811.94088888,17513923.589,17513923.589,21000000.0,2026-07-20,,
1270,Splintershards,SPS,splintershards,0.0027814757997376965,0.86211545,-0.47219689,-6.01881145,4335954.286400503,370.43745549,1558868240.6690001,2751522348.007,3000000000.0,2026-07-20,,
1271,Scroll,SCR,scroll,0.022649742776771398,-0.53638846,-2.13986511,-11.16208093,4303451.127586566,1422188.24962753,190000000.0,1000000000.0,1000000000.0,2026-07-20,,
1272,MESSIER,M87,messier,4.85380228679668e-06,0.11051256,0.21272093,-1.37718129,4294868.9650089545,120701.79983406,884846293944.0,884846293944.0,884846293944.0,2026-07-20,,
1273,SIX Token,SIX,six,0.005041815353461065,0.36956459,0.7477533,-0.0915582,4290416.520215983,327171.3734872,850966610.126,999999970.0,1000000000.0,2026-07-20,,
1274,Lingo,LINGO,lingo,0.008755729679352021,-0.00574128,-1.14547957,-0.78281567,4257089.468991076,153994.25089795,486206133.0,486206133.0,1000000000.0,2026-07-20,,
1275,Ref Finance,REF,ref-finance,0.04405823893875487,0.0,0.0,1.36961128,4229378.745544255,0.0,95995183.81620954,99990506.14259167,99990506.14259167,2026-07-20,,
1276,Landwolf 0x67,WOLF,landwolf-coin,4.669224585508345e-06,0.17887564,-0.87253435,-3.7798028,4212385.341496422,138382.59840165,902159505150.0,902159505150.0,1000000000000.0,2026-07-20,,
1277,Enzyme,MLN,enzyme,1.2816046174037237,-0.56911574,-8.29807716,-6.727597,4198939.907783959,1049852.35800267,3276314.59091508,3276934.20658701,,2026-07-20,,
1278,Robinhood Markets Tokenized Stock (Ondo),HOODon,robinhood-markets-tokenized-stock-ondo,100.22458389610398,0.54485613,0.47917903,-9.51336413,4171916.5469610835,1754286.50665665,41625.68089368,41625.68089368,,2026-07-20,,
1279,Tokemak,TOKE,tokemak,0.04623517801997803,0.01060227,-15.09437183,6.56038639,4171131.14473729,1018.00721788,90215531.19001643,100000000.0,100000000.0,2026-07-20,,
1280,Lava Network,LAVA,lava-network,0.01576578545155026,0.39640913,2.17599035,1.06219269,4170152.272332701,1643126.46454996,264506471.0,959853317.783747,,2026-07-20,,
1281,Hey Anon,ANON,hey-anon,0.3006196548759967,-0.22785226,-6.77313415,-23.48260021,4166496.144493271,213079.90413086,13859693.060362,20961083.951299,20961083.951299,2026-07-20,,
1282,PRIZM,PZM,prizm,0.0008792959999999999,-0.010007,-2.15262595,-8.3233968,4144476.613437346,0.0,4713403237.86,4713403237.86,6000000000.0,2026-07-20,,
1283,Diamond,DMD,diamond,1.1206789842917737,0.72735626,0.48851114,1.81185218,4139186.0359970704,37184.55490476,3693462.70788943,4380000.0,4380000.0,2026-07-20,,
1284,Fwog (SOL),FWOG,fwog-solana,0.004241357069371968,1.16392097,-4.47659006,-2.19495846,4138017.7955418387,2040670.28906519,975635328.0,975635328.0,975635328.0,2026-07-20,,
1285,World3,WAI,world3,0.012244969981271817,0.03847573,-1.20708358,-7.5577908,4133087.501703791,112763.18698345,337533494.0,1000000000.0,1000000000.0,2026-07-20,,
1286,Games for a Living,GFAL,games-for-a-living,0.000983202490174336,0.0,-0.03786004,-2.7062564,4128658.386436119,0.0,4199194395.555333,10000000000.0,10000000000.0,2026-07-20,,
1287,Boson Protocol,BOSON,boson-protocol,0.02403689431976874,0.09320214,-2.6396158,-7.99506586,4097413.015898418,43857.85808615,170463495.0501309,200000000.0,200000000.0,2026-07-20,,
1288,Odos,ODOS,odos,0.0010952493274023647,0.35752253,-9.03090647,22.00460945,4095392.057914483,1203664.06061244,3739232661.870376,10000000000.0,10000000000.0,2026-07-20,,
1289,Australian Digital Dollar,AUDD,novatti-australian-digital-dollar,0.6970955503596746,-0.42883843,0.02909642,0.52285961,4091476.855637045,21317.97340089,5869320.0,5670229.704638,,2026-07-20,,
1290,Galeon,GALEON,galeon,0.004953202857416816,0.0,-2.13772916,-15.7643575,4085295.407768868,0.0,824778537.3158374,3931074356.4648747,4000000000.0,2026-07-20,,
1291,TrustSwap,SWAP,trustswap,0.04068194419893657,0.49086558,-0.96759396,-6.45142305,4067997.6820115107,135171.62748326,99995164.0,99995164.26708125,,2026-07-20,,
1292,elizaOS,ELIZAOS,elizaos,0.0004310297088407556,0.58424197,-1.78718329,-8.59769824,4069445.1454339884,2581352.7597258,9441217303.509464,10999984882.285799,11000000000.0,2026-07-20,,
1293,Open Loot,OL,open-loot,0.005071037423972576,1.26309863,1.31193059,-1.62709401,4060424.4178582807,455145.95237544,800708825.1140146,5000000000.0,5000000000.0,2026-07-20,,
1294,PepeFork,PORK,pepefork,9.956273075026025e-09,1.41299499,0.67920844,-2.19214447,4058433.0964253685,6415.01337943,407625731620941.9,420690000000000.0,420690000000000.0,2026-07-20,,
1295,SUNDOG,SUNDOG,sundog,0.004116217497357185,0.58362073,1.26985753,-2.45757715,4105600.150641807,1955060.09282967,997420606.0,1000000000.0,1000000000.0,2026-07-20,,
1296,NEM,XEM,nem,0.00044837245855486053,5.87505751,1.20562319,-10.71387467,4035352.1265453724,264035.79276774,8999999999.0,8999999999.0,8999999999.0,2026-07-20,,
1297,Pkoin,PKOIN,pocketnet,0.2895976547149431,-0.009427,-0.60341853,1.4597408,4032409.003035752,25003.49418099,13924177.0,16609085.0,24375000.0,2026-07-20,,
1298,Qualcomm Tokenized Stock (Ondo),QCOMon,qualcomm-tokenized-stock-ondo,178.03278383355195,2.27182575,1.93781261,-5.98741967,4027873.527642149,1202612.29004153,22624.33604031,22624.33604031,,2026-07-20,,
1299,Tectonic,TONIC,tectonic,1.6223960566083736e-08,-0.24053572,-1.70008205,25.35014028,4019224.698528146,14280.54765347,247733879909099.0,500000000000000.0,,2026-07-20,,
1300,SpaceX tokenized stock (PreStocks),SPACEX,spacex-tokenized-stock-prestocks,459.6184423248335,-1.22482434,2.39923982,5.71350007,4018249.069811257,5773.94927043,8742.57579719,8742.57579719,,2026-07-20,,
1301,Oraichain,ORAI,oraichain-token,0.29022103120572956,0.226524,-1.40993791,7.63768422,4011928.4690786437,127779.90556377,13823700.0,18014986.26,19779272.0,2026-07-20,,
1302,Venus LTC,vLTC,venus-ltc,0.9602648302387856,0.02117875,0.20994281,7.70896447,3977779.9069548803,0.0,4142378.0,4142378.0,,2026-07-20,,
1303,Roam,ROAM,roam,0.01112035530480707,-14.67657487,-0.2065176,44.57625139,3963650.751641763,4037099.08328294,356432024.247316,995633597.263831,1000000000.0,2026-07-20,,
1304,AC Milan Fan Token,ACM,ac-milan-fan-token,0.2862927616147426,0.23328409,-0.7241125,2.18255486,3960483.0230801557,1482386.92460864,13833682.0,19920000.0,19920000.0,2026-07-20,,
1305,Keyboard Cat,KEYCAT,keyboard-cat,0.00039516959955718733,0.01934992,-3.89870155,2.62145623,3951695.995571873,90814.98123183,10000000000.0,10000000000.0,10000000000.0,2026-07-20,,
1306,Purple Pepe,$PURPE,purple-pepe,9.469683234602114e-06,-0.13441568,-1.88274289,-9.27840771,3950882.54502128,230208.54482348,417213801892.0,420683240832.10004,420690000000.0,2026-07-20,,
1307,BTSE Token,BTSE,btse,0.9053252436219953,0.74339709,-2.87555001,-7.58152909,3942429.796978383,787671.74233569,4354711.0,165904711.0,,2026-07-20,,
1308,ANDY (ETH),ANDY,boysclubandy,3.9309834550400815e-06,1.05341439,-0.52552426,2.49679935,3930983.4550400814,2648.56347254,1000000000000.0,1000000000000.0,1000000000000.0,2026-07-20,,
1309,PIBBLE,PIB,pibble,0.00013171684722651785,-0.43918603,-5.7977901,2.14857287,3905207.062575093,35466.13598161,29648500892.670006,29648500892.670006,30000000000.0,2026-07-20,,
1310,SpaceN,SN,spacen,0.097329842187,0.51487854,0.07655168,3.10984779,3894166.98590187,0.0,40010000.0,1000000000.0,1000000000.0,2026-07-20,,
1311,Sport.Fun,FUN,sport-fun,0.021828495955491148,0.63220136,-1.07231241,7.57478281,3885472.2800774244,400105.0288135,178000000.0,1000000000.0,1000000000.0,2026-07-20,,
1312,VestChain,VEST,vestchain,0.0009827243706142237,0.0,0.0,0.0,3877782.587367552,0.0,3945951381.0,3945951381.0,,2026-07-20,,
1313,PlatON,LAT,platon,0.0005581319443251459,0.28124812,0.05423943,-15.95125426,3876206.3456303393,1139344.97443232,6944964152.369341,10250000000.0,,2026-07-20,,
1314,DaGama World,DGMA,dagama-world,0.026983459406770795,-0.01397006,-0.0974091,-11.43432173,3872517.902284498,97080.67893815,143514508.05128384,700000000.0,700000000.0,2026-07-20,,
1315,Giant Mammoth,GMMT,giant-mammoth,0.0018381659367231048,-0.05138295,-0.5532275,-11.36331892,3860148.4671185203,1497.63226853,2100000000.0,3000000000.0,3000000000.0,2026-07-20,,
1316,Mitosis,MITO,mitosis,0.02128356092499925,0.42802717,-0.28230033,1.09564597,3858136.684809385,6681743.90897076,181273082.0,1000000000.0,1000000000.0,2026-07-20,,
1317,Quq,QUQ,quq,0.003857049350392192,-0.00161759,-0.00494451,-13.83116397,3857049.350392192,150682118.30613285,1000000000.0,1000000000.0,1000000000.0,2026-07-20,,
1318,Lockheed Tokenized Stock (Ondo),LMTon,lockheed-tokenized-stock-ondo,524.7344889835352,0.00925402,0.19722304,-1.49550969,3854668.1225146526,1412852.02001786,7345.94009626,7345.94009626,,2026-07-20,,
1319,SpaceX Tokenized Stock (Reality),rSPCX,spacex-tokenized-stock-reality,125.3829444419805,0.09615405,-0.46790648,-12.48699389,3854111.967488283,0.0,30738.72594587,30738.72594587,,2026-07-20,,
1320,GamerCoin,GHX,gamercoin,0.0058880553413369575,-0.00728019,-0.04810845,-1.41285914,3827030.616257623,420199.49992588,649965123.3557609,808000000.0,808000000.0,2026-07-20,,
1321,ShareX,SHARE,sharex-network,0.21206234516748892,-0.04555117,0.09134576,6.34664002,3817122.2130148006,1027561.90147262,18000000.0,100000000.0,100000000.0,2026-07-20,,
1322,Grin,GRIN,grin,0.016117499666848705,0.00053149,1.56397198,-10.94103306,3808056.1806368697,1298.34787081,236268420.0,236268420.0,,2026-07-20,,
1323,SCOR,SCOR,scor,0.010731239970708078,-0.03203277,-2.76438405,-8.14880941,3807232.7697545937,321649.22923119,354780321.7658715,4000000000.0,4000000000.0,2026-07-20,,
1324,ASML Holding NV Tokenized Stock (Ondo),ASMLon,asml-holding-nv-tokenized-stock-ondo,1760.313876057156,-0.02388183,0.39675923,-1.54947255,3795866.0280217463,2507043.09062885,2156.35749945,2156.35749945,,2026-07-20,,
1325,Minutes Network Token,MNTX,minutes-network-token,0.04879424907430726,0.03850631,1.20373084,-0.30135176,3789908.8057910665,62927.27841946,77671219.0,93328736.60546489,500000000.0,2026-07-20,,
1326,Liqwid Finance,LQ,liqwid-finance,0.18769923109044495,0.15531702,1.04334338,-2.76271981,3780711.866120792,29498.61267011,20142394.0,21000000.0,21000000.0,2026-07-20,,
1327,Quantoz EURQ,EURQ,quantoz-eurq,1.1265617877701446,-0.01523143,-0.0364038,-0.19069828,3774280.5279037436,3386361.11284472,3350265.0,5000000.0,,2026-07-20,,
1328,Tesla Tokenized bStocks,TSLAB,tesla-tokenized-bstocks,382.045153105619,0.3749364,-0.07400647,-5.28439162,3757534.729151676,1815938.25603507,9835.31579607,9835.31579607,,2026-07-20,,
1329,Steem Dollars,SBD,steem-dollars,0.38279348929683216,-0.00676827,-0.02019283,-0.05028382,3752007.856043416,1004176.19999217,9801650.135,9801650.135,,2026-07-20,,
1330,Kekius Maximus (kekiusmaximus.vip),KEKIUS,kekius-maximus-vip,0.0037510385194427427,0.37171561,0.70695224,-1.87625582,3751038.5194427427,2262303.25777335,1000000000.0,1000000000.0,,2026-07-20,,
1331,Sui Name Service,NS,sui-name-service,0.012223684123514931,-0.69286208,7.55318882,-3.65673518,3755670.213776024,534818.07836292,307245358.75,500000000.0,500000000.0,2026-07-20,,
1332,Coca-Cola Tokenized Stock (Ondo),KOon,coca-cola-tokenized-stock-ondo,83.2731298066061,-0.20333475,-0.00853034,-2.63062424,3745076.688270745,1068788.50040487,44973.41095463,44973.41095463,,2026-07-20,,
1333,AIVille Governance Token,AIV,aiville,0.0013464545219216944,-0.00218492,12.66427464,-21.81041018,3739319.640100053,563.71312618,2777160000.0,10000000000.0,10000000000.0,2026-07-20,,
1334,Dent,DENT,dent,3.721339971703507e-05,-0.04140521,-1.26860836,23.30734584,3721339.9717035047,662183.5413436,99999999999.99994,99999999999.99994,100000000000.0,2026-07-20,,
1335,Klever Coin,KLV,klever,0.00041732604160133266,0.07763035,-2.01668087,4.7732691,3706180.9334399295,122982.05180141,8880780406.65482,10000000000.0,10000000000.0,2026-07-20,,
1336,Suilend,SEND,suilend,0.05108704578713855,-0.46399291,-0.82899476,1.88771944,3704122.459744617,58542.62828795,72506100.18004115,100000000.0,100000000.0,2026-07-20,,
1337,Inflation Hedging Coin,IHC,inflation-hedging-coin,3.095506442084693e-05,0.0,0.04604103,-0.07570602,3703556.3924826123,0.0,119642987723.47,621439126933.0,1000000000000.0,2026-07-20,,
1338,错版马,哭哭马,crying-horse,0.0036900899504131333,-1.525935,-1.59325567,1.08536497,3690089.9504131335,487072.79081856,1000000000.0,1000000000.0,1000000000.0,2026-07-20,,
1339,CESS Network,CESS,cess-network,0.001406854401564559,-0.19399949,10.71971442,11.57630697,3728164.1641460815,273877.09699998,2650000000.0,10000000000.0,10000000000.0,2026-07-20,,
1340,PIVX,PIVX,pivx,0.03506191503164019,0.47983502,-4.01537763,-7.84074504,3683038.8731423123,2083365.60380265,105043859.40752822,105043859.40752822,,2026-07-20,,
1341,PussFi,PUSS,pussfi,0.0041875621600720135,1.34092532,0.33216172,-1.67592525,3680132.7282392285,790148.1407138,878824621.0,1000000000.0,1000000000.0,2026-07-20,,
1342,Arsenal Fan Token,AFC,arsenal-fan-token,0.15923346391249132,-0.20545942,-0.82056417,1.1916194,3672866.6625688486,1322274.03808617,23065922.02621,39266147.13,40000000.0,2026-07-20,,
1343,CateCoin,CATE,catecoin,6.369675965895789e-08,-0.00659437,-1.84382947,-0.57126327,3648110.308930898,188.03112652,57273090946281.0,60000000000000.0,,2026-07-20,,
1344,Star Atlas,ATLAS,star-atlas,0.00014619516108328008,1.3912905,-23.30654128,32.22101418,3641794.5346432184,694855.48685388,24910499825.4263,36000000000.0,,2026-07-20,,
1345,Swell Network,SWELL,swell-network,0.000716344861000045,0.50151341,-1.28873105,-0.95577482,3641067.212423341,2468913.01920794,5082841255.174597,10000000000.0,10000000000.0,2026-07-20,,
1346,LOFI,LOFI,lofitheyeti,0.0036277235265180447,0.24587178,-0.00612486,-4.00586519,3627723.5265180445,108359.61217397,1000000000.0,1000000000.0,1000000000.0,2026-07-20,,
1347,Fei USD,FEI,fei-usd,0.9999377239226807,-0.01287903,-0.01846342,0.02814244,3595454.3901670356,7279.25088286,3595678.31490779,3850555.04881805,,2026-07-20,,
1348,Cratos,CRTS,cratos,5.628379673601559e-05,0.80877615,-0.39600455,-0.94144226,3595174.051899853,1291664.22740929,63875826799.0,100000000000.0,100000000000.0,2026-07-20,,
1349,BNBTiger,BNBTIGER,bnbtiger,8.44159713641e-19,0.495204,-0.68709251,-1.84189376,3584087.968712559,5044.20426673,4.2457462856807e+24,4.2457462856807e+24,1e+25,2026-07-20,,
1350,SPECTRE AI,SPECTRE,spectre-ai,0.3577797072726574,0.0,-2.24299668,-9.28727458,3575353.795105609,0.0,9993171.0,10000000.0,10000000.0,2026-07-20,,
1351,Stonks,STNK,stonks,6.1208404018178255,-0.30360072,0.27931442,-8.64557038,3561575.863731131,1032.76043569,581876.93681302,581876.93681302,581918.12,2026-07-20,,
1352,Purple Bitcoin,PBTC,purple-bitcoin,0.18381645361794233,0.64423136,-6.10302398,0.99088573,3549894.4172503636,15535.73617255,19312169.0,19312169.0,19312169.0,2026-07-20,,
1353,MicroStrategy Tokenized Stock (Reality),rMSTR,microstrategy-tokenized-stock-reality,95.70118571468241,0.33570464,-0.1206608,2.62070919,3535774.433663207,0.0,36945.98355557,36945.98355557,,2026-07-20,,
1354,SWEAT,SWEAT,sweat-economy,0.00041759504708552384,-2.16710167,1.93916694,-8.22344287,3531484.590388002,758883.53213781,8456720488.03,19723649080.791,21867346500.41,2026-07-20,,
1355,Wolfspeed Tokenized Stock (Ondo),WOLFon,wolfspeed-tokenized-stock-ondo,29.811911082132497,0.0,0.0,-15.71251666,3528783.6690627923,0.0,118368.24748809,118368.24748809,,2026-07-20,,
1356,Intel Tokenized Stock (Reality),rINTC,intel-tokenized-stock-reality,95.67729659671502,1.48647179,1.99254879,-10.66367397,3512886.559685394,0.0,36715.98889852,36715.98889852,,2026-07-20,,
1357,Harvest Finance,FARM,harvest-finance,5.219849284209533,0.24930722,0.12832381,-0.63988712,3508696.304061747,82029.39556991,672183.450713,690420.0,,2026-07-20,,
1358,Goldfinch,GFI,goldfinch-protocol,0.03966618583187281,0.11363775,0.41297833,-16.39719577,3474149.0867588883,121713.55433722,87584652.11362267,114285714.0,114285714.0,2026-07-20,,
1359,Star Atlas DAO,POLIS,star-atlas-polis,0.011898243024426802,-0.08992668,-4.29571481,13.5289363,3476607.394473486,50822.52429593,292195023.0245,360000000.0,,2026-07-20,,
1360,Jager Hunter,JAGER,jager-hunter,2.6304088173722885e-10,0.22851815,-0.14287582,2.90639813,3468684.8478527633,29829.55199703,1.3186865953855384e+16,1.3186865953855384e+16,1.46e+16,2026-07-20,,
1361,Bitrue Coin,BTR,bitrue-coin,0.009644241664195209,-0.03439369,-1.61690114,1.27908392,3461291.5248391395,360152.66819284,358897220.26454186,801307097.3484074,1000000000.0,2026-07-20,,
1362,Roundhill Memory ETF Tokenized ETF (Ondo),DRAMon,roundhill-memory-etf-tokenized-etf-ondo,53.00004243102105,0.34742221,1.18644125,-11.05522527,3424618.516352447,375512.7455117,64615.39197463,64615.39197463,,2026-07-20,,
1363,OctaSpace,OCTA,octaspace,0.08531310014456117,-0.13145331,7.39124398,0.26704884,3411189.0263913847,132006.11356603,39984352.0,44907921.32955668,48000000.0,2026-07-20,,
1364,iShares Russell 2000 Tokenized ETF (Ondo),IWMon,ishares-russell-2000-tokenized-etf-ondo,293.00920242499353,-0.03603878,-1.00242853,-1.24109567,3408877.5275748107,778424.25266773,11634.02889521,11634.02889521,,2026-07-20,,
1365,SpaceChain,SPC,spacechain,0.011071299942356434,-0.01021092,0.47029192,0.72572388,3400912.140941892,0.0,307182730.0,391259213.0,,2026-07-20,,
1366,Counterparty,XCP,counterparty,1.3038473738519623,0.01077868,8.06361348,-0.31171577,3375893.1115998137,0.13038474,2589178.13488123,2589178.13488123,,2026-07-20,,
1367,Avalon Labs (AVL),AVL,avalon-labs-avl,0.020797857645178768,0.19141262,-1.86583583,-6.93550186,3362680.7739073685,1194221.05308799,161683998.0,162250000.8,1000000000.0,2026-07-20,,
1368,Grok (grokoneth.com),GROK,grok-erc,0.0005270154332414612,-0.23628264,11.01746861,25.73482806,3330153.298819828,163630.73279702,6318891419.056528,6594615419.056528,6900000000.0,2026-07-20,,
1369,BigONE Token,ONE,bigone-token,0.00038646688175965696,-0.36681236,-0.00675972,-0.33963702,3317498.079879171,0.0,8584171727.145089,8584171727.145089,13508522147.21,2026-07-20,,
1370,Bitboard,BB,bitboardtop,0.0007423540094280277,4.99012926,15.13940148,30.52966251,3317034.1561022266,68678.6847794,4468264620.35,8100000000.0,8100000000.0,2026-07-20,,
1371,Ren,REN,ren,0.0033355010047146326,2.25045647,0.9457223,1.02621422,3311745.6043242174,11992.34464847,992878011.322186,999999632.80375,,2026-07-20,,
1372,Pundi AI,PUNDIAI,pundi-ai,0.4690079367295869,-0.03466588,0.86348473,3.82777389,3310076.0423579733,27391.14117806,7057612.0,8312980.0,18930226.0,2026-07-20,,
1373,Vertcoin,VTC,vertcoin,0.044220022073084946,0.1376,-0.31295358,1.83110015,3285564.6647387096,7922.0049569,74300385.0,74300385.0,84000000.0,2026-07-20,,
1374,VitaDAO,VITA,vitadao,0.22713734262150012,-0.00574245,0.30530618,-16.73760814,3280995.571153124,2499.14095541,14444985.28196902,27219552.0,64298880.0,2026-07-20,,
1375,Bluzelle,BLZ,bluzelle,0.006933332998459022,-0.14159423,-1.60629515,-3.84200025,3279610.8933874713,71955.19570861,473020824.77740306,500000000.0,,2026-07-20,,
1376,PaLM AI,PALM,palm-ai,0.042374921390117476,0.0343399,4.24112407,-13.33092499,3268206.772613256,585.02060158,77125966.61891283,77125966.61891283,,2026-07-20,,
1377,Wen,WEN,wen,4.47686666135314e-06,-0.29944236,-2.80357647,-4.03858526,3257891.758306346,416508.52403924,727716951329.0,727716951329.0,727716951329.0,2026-07-20,,
1378,Altura,ALU,altura,0.0032811419890724815,0.61696614,-1.85798497,-3.95432005,3248330.5691817566,1301958.36377543,990000000.0,990000000.0,990000000.0,2026-07-20,,
1379,BitShares,BTS,bitshares,0.0010821305670094194,-0.4690065,0.05009343,2.66061503,3241045.9760272317,62021.19920502,2995060000.0,2995060000.0,3600570502.0,2026-07-20,,
1380,NeuralAI,NEURAL,neuralai,0.3236880246595919,0.01377128,3.03698785,-13.88499763,3236880.246595919,76790.01008733,10000000.0,10000000.0,,2026-07-20,,
1381,Djed,DJED,djed,0.9823958087869402,-0.31731726,0.01791223,0.38260575,3235426.3550098506,4959.23493468,3293404.07,1000000000000.0,1000000000000.0,2026-07-20,,
1382,客服小何,客服小何,kefuxiaohe,0.003199444141069909,0.5232207,2.01606904,-8.97091949,3199444.141069909,505380.16948864,1000000000.0,1000000000.0,1000000000.0,2026-07-20,,
1383,TSMC Tokenized bStocks,TSMB,tsmc-tokenized-bstocks,402.3859322357977,0.50398653,0.39634603,-6.17162698,3192741.5279627955,2629702.36557097,7934.52571819,7934.52571819,,2026-07-20,,
1384,Gems,GEMS,gems-vip,0.0053220023870764145,0.63810416,0.31852233,4.24362447,3187162.0824790206,260576.89447255,598865211.0,838059738.7,843303980.0,2026-07-20,,
1385,DeLorean,DMC,delorean,0.0004372343873030515,-0.06350978,0.05969723,-2.76249895,3185470.138797729,3681110.03765686,7285497736.0,12800000000.0,12800000000.0,2026-07-20,,
1386,MileVerse,MVC,mileverse,0.00114983474107368,1.16544368,1.40199439,-0.77614921,3174728.214380873,5957.72047087,2761029999.334,3000000000.0,3000000000.0,2026-07-20,,
1387,Unibright,UBT,unibright,0.021147253395834995,0.00523766,2.11519608,9.51411884,3172087.9933772115,0.47516853,149999999.24349335,150000000.0,150000000.0,2026-07-20,,
1388,Alibaba Tokenized Stock (Ondo),BABAon,alibaba-tokenized-stock-ondo,120.5388850020931,-0.19887238,3.61840947,4.82477684,3170544.5656958297,1604611.85457451,26303.08522964,26303.08522964,,2026-07-20,,
1389,World of Dypians,WOD,world-of-dypians,0.005693936810796988,-0.24484327,-3.6559014,-12.86419571,3166303.6329483464,1319332.02801796,556083381.0,1000000000.0,1000000000.0,2026-07-20,,
1390,Buying.com,BUY,buying-com,0.009502629995767588,0.00053149,0.94514166,-1.15216061,3152873.02602807,9507.97956961,331789518.0,986800000.0,1000000000.0,2026-07-20,,
1391,iShares Core S&P MidCap Tokenized ETF (Ondo),IJHon,ishares-core-sp-midcap-tokenized-etf-ondo,77.35791574251608,0.27167704,0.08760294,1.82983862,3132946.358379029,817536.12408114,40499.3636179,40499.3636179,,2026-07-20,,
1392,DIMO,DIMO,dimo,0.006287449020614998,-0.35711186,0.18016377,-2.70722787,3131215.5876153274,4790.33240504,498010493.18234503,1000000000.0,1000000000.0,2026-07-20,,
1393,Shadow Token,SHDW,genesysgo-shadow,0.01850557890943618,0.22744096,3.25510276,-6.55097842,3128435.5921837613,1822.20755317,169053646.33518925,169053646.33630687,,2026-07-20,,
1394,Shapeshift FOX Token,FOX,fox-token,0.004049622194897934,-0.57470721,-1.03424142,-4.28922302,3127468.6160139986,12985.65550446,772286516.0,999089275.0,,2026-07-20,,
1395,Pfizer Tokenized Stock (Ondo),PFEon,pfizer-tokenized-stock-ondo,26.312361375908164,0.24170059,0.07108783,3.88808447,3125297.0678603915,1408436.86074215,118776.76135605,118776.76135605,,2026-07-20,,
1396,Covalent X Token,CXT,covalent-x,0.003228527377293453,-0.00299489,1.04200518,-19.33701959,3122458.4712808942,171268.51486904,967146350.7608603,1000000000.0,1000000000.0,2026-07-20,,
1397,Beefy,BIFI,beefy-finance,39.00980853505319,0.01809572,1.42749919,-2.71715355,3120784.6828042553,11107.089005,80000.0,80000.0,80000.0,2026-07-20,,
1398,Sταking,SN88,staking,0.6896913700328,0.30862023,1.43980754,-7.53462519,3108699.4521348625,14146.23618545,4507377.62890526,4507377.62890526,21000000.0,2026-07-20,,
1399,Destra Network,DSYNC,destra-network,0.0031882919500072415,0.24385882,-1.81993694,-38.70608355,3108417.93588895,715702.66158268,974947710.1310906,999874315.1676701,1000000000.0,2026-07-20,,
1400,Yee Token,YEE,yee-token,0.0031047761679355267,0.19645562,6.14840725,-7.89662177,3104776.167935527,431904.15737993,1000000000.0,1000000000.0,1000000000.0,2026-07-20,,
1401,Cryptex Finance,CTX,cryptex-finance,0.329684417857241,-5.68666932,14.51920705,13.55302466,3078792.4245974235,1110802.23580437,9338604.61045688,10000000.0,,2026-07-20,,
1402,OpenVPP,OVPP,openvpp-energy,0.0038155963509889446,-0.24718626,1.44658073,-9.55790644,3071555.0625461005,620464.47369032,805000000.0,1000000000.0,1000000000.0,2026-07-20,,
1403,Nebius Tokenized bStocks,NBISB,nebius-tokenized-bstocks,181.7795777926303,1.53449854,6.34120872,-13.94268506,3067906.2321582185,4712737.06514184,16877.067652,0.0,,2026-07-20,,
1404,Wolf Safe Poor People,WSPP,wolf-safe-poor-people,2.2703813454164926e-10,3.47114714,-2.56497342,68.48519835,3065922.9688504315,5133.26387109,1.3504e+16,4.999999975e+16,4.999999975e+16,2026-07-20,,
1405,XBorg,XBG,xborg,0.012835913407731884,-0.00670884,-0.71759049,-3.30816052,3063589.5291475193,0.0,238673278.0,1000000000.0,1000000000.0,2026-07-20,,
1406,Ancient8,A8,ancient8,0.0051832605564763636,1.01587847,1.83718868,-4.01484055,3094607.8598453794,2683933.74316336,597038838.03,1000000000.0,1000000000.0,2026-07-20,,
1407,ZenChain,ZTC,zenchain,0.0005467906983064687,0.11352022,0.19250184,-0.2124612,3048349.106248692,313396.25682259,5574983473.0,21000000000.0,21000000000.0,2026-07-20,,
1408,Kendu,KENDU,kendu,3.2119795229954373e-06,-0.04509342,0.86379912,-5.83958266,3046331.788025197,612.46525087,948428147258.0,996747147258.0,1000000000000.0,2026-07-20,,
1409,Rainbow,RNBW,rainbow,0.014463974522173954,-0.0703638,-2.03589817,0.31005202,3037434.6496565305,820279.95605014,210000000.0,1000000000.0,1000000000.0,2026-07-20,,
1410,AST SpaceMobile Tokenized Stock (Ondo),ASTSon,ast-spacemobile-tokenized-stock-ondo,58.42252809040778,0.39433534,0.70140919,-18.33629265,3030177.4908399624,774328.3173724,51866.59307435,51866.59307435,,2026-07-20,,
1411,Rayls,RLS,rayls,0.002015473532886996,-0.96044118,-5.14004039,-9.47161925,3023210.299330494,1221178.64200606,1500000000.0,9961881086.12472,10000000000.0,2026-07-20,,
1412,Nobody Sausage,NOBODY,nobody-sausage,0.003229489658606905,0.12072413,-2.92064863,-11.35539256,3023016.5123853977,530925.2421295,936066323.77,936066323.77,936066323.77,2026-07-20,,
1413,MetFi,METFI,metfi2,0.00925006441416668,-0.99427286,-8.97630524,-18.17326738,3021285.4778632284,17509.55162777,326623182.56249785,449872613.0801937,500000000.0,2026-07-20,,
1414,Impossible Finance Launchpad,IDIA,impossible-decentralized-incubator-access,0.004440039087023916,0.0,0.0,-1.45762105,3019226.579176263,0.0,680000000.0,1000000000.0,1000000000.0,2026-07-20,,
1415,Cult DAO,CULT,cult-dao,6.956048198511844e-07,1.59432877,1.94408116,5.37492046,3004102.0878745867,509.70878355,4318690730920.0,4957113505372.0,6666666666666.0,2026-07-20,,
1416,Flamingo,FLM,flamingo,0.005285900397946118,-0.00421322,-0.00894202,-0.01056175,2994217.7059106417,0.0,566453674.9640744,566453674.9640744,1000000000.0,2026-07-20,,
1417,Cointel,COLS,cointel,0.0039023321236487927,0.08980145,-0.01750126,0.79027066,2990539.8759794133,422279.4660507,766346836.0,10000000000.0,10000000000.0,2026-07-20,,
1418,Central African Republic Meme,CAR,central-african-republic-meme,0.003000615780672911,0.03211284,0.93229459,-0.97207424,2979485.9757498433,8290.48235141,992958177.098459,992958177.098459,1000000000.0,2026-07-20,,
1419,Freya Protocol,FREYA,freya-by-virtuals,0.005414403220454399,0.0,0.0,-0.92818131,2970341.1272939327,0.0,548599911.4496406,548599911.4496406,1000000000.0,2026-07-20,,
1420,GmeStop,GME,gme,0.00043089796291476677,0.21551412,-0.42998981,1.61567601,2966824.780767989,546155.50126592,6885214218.0,6885214218.0,,2026-07-20,,
1421,Propchain,PROPC,propchain,0.06910528324200588,0.05971724,-0.49595303,-9.74313029,2962618.880090871,57695.90738138,42871090.90799635,63763337.0,100000000.0,2026-07-20,,
1422,Nine Chronicles,WNCG,wrapped-ncg,0.004624730920424599,0.1245302,-0.05461532,-2.01234374,2956100.5766749703,17493.76308936,639194069.35,723789440.0,1000000000.0,2026-07-20,,
1423,IBM Tokenized Stock (Ondo),IBMon,ibm-tokenized-stock-ondo,217.7226019200928,0.21379228,1.87714216,-25.85351665,2953725.4461171036,1991879.27912909,13566.4621866,13566.4621866,,2026-07-20,,
1424,GAIB,GAIB,gaib,0.014296007203068204,-0.14722777,0.21714501,1.5974326,2928274.986848468,809084.08630331,204831667.0,1000000000.0,1000000000.0,2026-07-20,,
1425,MEVerse,MEV,meverse,0.0016937119718867,-0.02270015,-0.00511788,-6.21057282,2924439.368345153,9237.22903467,1726645035.8070574,1999999999.99999,,2026-07-20,,
1426,BitForex Token,BF,bitforex-token,0.0006802506394761733,0.0,0.0,0.0,2917645.130705033,0.0,4289073705.17397,10000000000.0,,2026-07-20,,
1427,EarthMeta,EMT,earthmeta,0.002018467693849072,-3.2651466,0.49223712,-3.33337554,2901627.3757999586,4688.50829866,1437539666.67,2100000000.0,2100000000.0,2026-07-20,,
1428,Manyu (manyushiba.com),MANYU,manyu-ethereum,2.8997840748025228e-09,-0.2975522,-1.32520955,-7.64997494,2899784.074802523,1596248.86316397,1000000000000000.0,1000000000000000.0,1000000000000000.0,2026-07-20,,
1429,Meta Tokenized Stock (Reality),rMETA,meta-tokenized-stock-reality,643.1147662829499,0.07817368,0.60641062,-3.02170886,2895942.547035575,0.0,4502.99495341,4502.99495341,,2026-07-20,,
1430,Major,MAJOR,major,0.03460760828458944,-0.07516866,-1.40827998,1.65775424,2884539.582316236,643134.56576315,83349868.0,99999999.0,99999999.0,2026-07-20,,
1431,Footballcoin (XFC),XFC,footballcoin,0.007273160781291058,0.00882716,0.07695025,0.46583372,2874847.4893617346,43300.68634323,395267968.8804323,1000000000.0,,2026-07-20,,
1432,QAIT,QAIT,qait,0.005719927346240106,-0.13600183,-0.69309262,-9.37270926,2859963.673120053,763326.19566067,500000000.0,10000000000.0,10000000000.0,2026-07-20,,
1433,Argentine Football Association Fan Token,ARG,argentine-football-association-fan-token,0.15309602647294424,-2.96238617,-47.16737724,-3.25529755,2865553.288967601,10521527.85683176,18717359.0,20000000.0,20000000.0,2026-07-20,,
1434,Suku,SUKU,suku,0.0042892235278473596,-0.37465827,-5.30991562,-8.35505495,2848242.985150517,120711.81904732,664046293.3812101,1500000000.0,,2026-07-20,,
1435,Dingocoin,DINGO,dingocoin,2.4661213329252683e-05,-0.21673472,-3.85624974,2.94800651,2839071.598265696,64647.62260467,115122948752.0,115122948752.0,,2026-07-20,,
1436,Cisco Systems Tokenized Stock (Ondo),CSCOon,cisco-systems-tokenized-stock-ondo,112.67588652482586,0.06112573,-0.90548801,-7.95194605,2831570.4075283716,1182399.52216556,25130.22524038,25130.22524038,,2026-07-20,,
1437,Tectum,TET,tectum,0.2831152011704935,0.04015751,-5.2527261,1.8443723,2812595.795510614,75526.65151421,9934457.01213639,10000000.0,10000000.0,2026-07-20,,
1438,Nakamoto Games,NAKA,nakamoto-games,0.02882774700309636,0.07211579,-0.72661457,-15.95900145,2807822.5581015856,615777.82377231,97400000.0,180000000.0,180000000.0,2026-07-20,,
1439,JPMorgan Chase Tokenized Stock (Ondo),JPMon,jpmorgan-chase-tokenized-stock-ondo,346.00904765984967,-0.03096785,-0.50346943,1.52287178,2805555.5519616045,1092735.49602931,8108.33003049,8108.33003049,,2026-07-20,,
1440,GOLDAO,GOLDAO,gold-dao,0.0035220847880927295,0.66732043,3.4396769,3.8521084,2791458.895587355,2598.98338223,792558687.1231964,987794316.0971963,,2026-07-20,,
1441,ALTSEASON,ALTSZN,altseason,0.002779038690802848,-1.4722794,-1.16033565,6.44251578,2778943.856107524,2210587.80907726,999965875.0,999965875.0,999965875.0,2026-07-20,,
1442,VOOI,VOOI,vooi,0.008052642427081494,-0.29781004,-6.14040091,-1.58811893,2776976.01563485,600773.89391623,344852766.13,1000000000.0,1000000000.0,2026-07-20,,
1443,Electra Protocol,XEP,electra-protocol,0.0001505225280620617,0.55041859,-0.73050837,2.03316111,2774214.3445125157,61236.47935092,18430559068.0,18430559068.0,30000000560.0,2026-07-20,,
1444,Procter & Gamble Tokenized Stock (Ondo),PGon,procter-gamble-tokenized-stock-ondo,153.66552920646262,-0.14206212,-0.03599212,2.39841304,2766779.167738798,585131.89202354,18005.2037827,18005.2037827,,2026-07-20,,
1445,Bellscoin,BELLS,bellscoin,0.04486681499491705,0.01942706,0.95293045,-15.64098108,2758528.0358051523,11246.29399596,61482591.0,61482591.0,,2026-07-20,,
1446,Aavegotchi,GHST,aavegotchi,0.052256050667017606,2.13901711,14.64348043,-8.4554013,2756391.772816136,800227.85777201,52747801.21406849,52747802.71425598,,2026-07-20,,
1447,IBStoken,IBS,ibstoken,0.0006846867055549357,0.1768756,-0.25977633,-1.77878109,2755874.397096541,143415.27072886,4025015200.0,20000000000.0,20000000000.0,2026-07-20,,
1448,Zypto,ZYPTO,zypto,0.003068631626636384,0.70426262,0.32816231,2.75417979,2750899.3523394098,90721.13193715,896457994.0,896457994.0,1000000000.0,2026-07-20,,
1449,Mr Miggles,MIGGLES,mr-miggles,0.002867033219946794,-0.82909367,-2.8722686,86.5050861,2744814.721713705,71823.652003,957371091.0,958766520.0,958766520.0,2026-07-20,,
1450,NATIX Network,NATIX,natix-network,6.742181880071117e-05,-0.02626233,0.58004584,-3.48676123,2737539.8766369508,103690.84234188,40603174541.0,99991483316.62,100000000000.0,2026-07-20,,
1451,Palantir Technologies Tokenized Stock (Ondo),PLTRon,palantir-technologies-tokenized-stock-ondo,131.40949229063236,0.01171776,-0.36488905,4.3647291,2732736.0404035966,2050210.21521501,20795.57566785,20795.57566785,,2026-07-20,,
1452,PeiPei (ETH),PEIPEI,peipei-coin,6.47420831099209e-09,0.20955123,2.9292181,0.40230334,2723598.1425545746,82551.36110303,420684354244576.0,420690000000000.0,420690000000000.0,2026-07-20,,
1453,United States Oil Tokenized Fund (Ondo),USOon,united-states-oil-tokenized-fund-ondo,127.44643666191925,-0.97210839,-7.34162613,10.67856467,2723307.3886474394,1487819.25333402,21368.25053706,21368.25053706,,2026-07-20,,
1454,Pain (paintoken.com),PAIN,pain,0.5429764116648165,-1.32931234,-1.56520492,-1.71026042,2714808.52634135,8499.43413789,4999864.576101,9999864.576101,10000000.0,2026-07-20,,
1455,USD Coin (Wormhole),USDC(WormHole),usd-coin-wormhole-from-ethereum,0.999660516143348,-0.13957837,0.06461688,0.02964864,2713860.433588888,29354.16322554,2714782.058272,238515.17293,,2026-07-20,,
1456,MECCA,MEA,mecca,0.0016509565662619643,-4.60284474,-11.37206043,-9.56494522,2676748.847745644,43131.75878283,1621332082.530942,3999998752.530942,100000000000.0,2026-07-20,,
1457,Aventus,AVT,aventus,0.44406283977849587,-3.14362126,-3.76760243,-11.61654179,2664377.0386709752,4093.38886464,6000000.0,10000000.0,10600000.0,2026-07-20,,
1458,Aleph Cloud,ALEPH,aleph-im,0.01075277258971726,0.02037635,1.20013474,6.15510631,2658305.624023436,68999.95183268,247220482.1448135,500000000.0,500000000.0,2026-07-20,,
1459,雪球,雪球,xue-qiu,0.004805758619487764,-0.16119273,3.64205736,-10.77847892,2654908.973539971,177259.98323195,552443263.1248034,552443263.1248034,1000000000.0,2026-07-20,,
1460,AMD Tokenized Stock (Reality),rAMD,amd-tokenized-stock-reality,503.4805801086033,1.13463806,2.41135827,-8.61408238,2648940.125329811,0.0,5261.25580605,5261.25580605,,2026-07-20,,
1461,AGENDA 47,A47,agenda-47,0.0026469669696763984,-0.00285908,-0.49167839,32.86798965,2646941.5455586547,6529.09104292,999990395.0,999990395.0,999990395.0,2026-07-20,,
1462,Minima,MINIMA,minima-global,0.004763445932456704,-0.3645619,3.1218234,-12.04686672,2635933.4042300945,50595.02178211,553366920.0,999978166.0,1000000000.0,2026-07-20,,
1463,Chevron Tokenized Stock (Ondo),CVXon,chevron-tokenized-stock-ondo,192.94327404601546,-0.04170026,0.67984267,5.95864803,2635101.911023187,1899823.06731641,13657.39191507,13657.39191507,,2026-07-20,,
1464,ROA CORE,ROA,roa-core,0.003418946606756301,0.72712405,0.46820735,0.48076468,2625750.993988839,21430.66522561,768000000.0,949999869.89,1000000000.0,2026-07-20,,
1465,Inter Milan Fan Token,INTER,inter-milan-fan-token,0.20812548949089665,0.22443376,-0.0284573,-9.37736256,2621787.38556378,1067532.86034948,12597147.0,19728000.0,19728000.0,2026-07-20,,
1466,Not Pixel,PX,not-pixel,0.013353691041699135,-0.59351234,-1.10847981,-1.40107724,2609702.345804931,3369.98843953,195429289.0,225000000.0,225000000.0,2026-07-20,,
1467,ABBC Coin,ABBC,abbc-coin,0.002869410322230351,0.01793003,-1.32188567,2.10997385,2597688.9169192472,1.41227159,905304095.6861483,907217636.86,1225109279.0,2026-07-20,,
1468,MATH,MATH,math,0.022756744548022918,0.53860073,-1.56592679,0.7267796,2602374.0125500844,153754.97484912,114356164.04,200000000.0,,2026-07-20,,
1469,IMPT,IMPT,impt,0.0018162570769214856,0.40914889,-0.59935269,7.99617833,2592058.2615269064,392381.09010132,1427142828.21702,1644978076.7558992,2759360954.815418,2026-07-20,,
1470,FEED EVERY GORILLA,FEG,feed-every-gorilla,2.9944764967199468e-05,0.15702819,0.17462932,-0.07315522,2588261.982019011,259970.4558427,86434539888.82896,96254438177.85754,100000000000.0,2026-07-20,,
1471,Parcl,PRCL,parcl,0.006265638407244541,1.73667533,-0.17849375,-4.44638205,2583225.3284891606,702654.92538609,412284457.0,1000000000.0,1000000000.0,2026-07-20,,
1472,Infrared,IR,infrared,0.012845729462470595,2.41164019,2.80016113,-8.50371523,2633374.539806472,2144079.45247818,205000000.0,1000000000.0,1000000000.0,2026-07-20,,
1473,Oasys,OAS,oasys,0.0003799988487636873,-0.03010568,-0.77895771,-4.27915435,2577659.6260963995,59871.92064266,6783335356.1010065,10000000000.0,10000000000.0,2026-07-20,,
1474,trac (Ordinals),TRAC,trac,0.1221623210331647,-0.47873992,-0.19543804,2.43351296,2565408.741696459,72276.24449466,21000000.0,21000000.0,21000000.0,2026-07-20,,
1475,Global X DRAM ETF Tokenized Stock (Reality),rDRAM,global-x-dram-etf-tokenized-stock-reality,53.01417457624999,1.15507457,3.00804435,-9.45573889,2560658.162705205,0.0,48301.38700023,48301.38700023,,2026-07-20,,
1476,Observer,OBSR,observer,0.00039104677808586525,-0.41857908,-0.19082775,-1.49684781,2544573.0093487157,707.08551338,6507080871.0,14000000000.0,14000000000.0,2026-07-20,,
1477,Novo Nordisk Tokenized Stock (Ondo),NVOon,novo-nordisk-tokenized-stock-ondo,51.39097726633272,-0.14639486,-0.06407855,1.98176475,2543304.326634335,1313698.52520208,49489.31625592,49489.31625592,,2026-07-20,,
1478,Dragonchain,DRGN,dragonchain,0.006853341109575443,6.876e-05,-24.1560333,-16.98092798,2541031.4538890333,1.18319078,370772651.3625188,433494437.0,433494437.0,2026-07-20,,
1479,League of Traders,LOT,league-of-traders,0.005922908557121562,0.19720917,1.79118917,-6.75917051,2540269.694404094,283220.20704436,428888893.0,1000000000.0,1000000000.0,2026-07-20,,
1480,McDonald's Tokenized Stock (Ondo),MCDon,mcdonalds-tokenized-stock-ondo,275.1869900893131,0.14256737,1.78766606,-1.80461768,2522653.6621685824,1005042.2530322,9167.05277873,9167.05277873,,2026-07-20,,
1481,CLV,CLV,clover,0.002053407438815873,2.01580983,-6.02104845,5.91740471,2513660.0897675734,113177.91514615,1224140929.0,2000000000.0,,2026-07-20,,
1482,Syscoin,SYS,syscoin,0.0027941406549576806,0.01132069,1.42390013,7.48994363,2507559.876530346,65925.29429439,897435092.2818253,897435092.2818253,,2026-07-20,,
1483,Palo Alto Networks Tokenized Stock (Ondo),PANWon,palo-alto-networks-tokenized-stock-ondo,354.8065925314488,0.0734039,-0.1059579,8.84395917,2503976.3528827275,822449.12373951,7057.29940083,7057.29940083,,2026-07-20,,
1484,Forest Protocol,FOREST,forest-protocol,0.021695040496982676,0.23858268,0.80018206,-8.38931514,2481095.734457681,210535.10870033,114362346.30687825,1000000000.0,1000000000.0,2026-07-20,,
1485,Vara Network,VARA,vara-network,0.0004156922747115727,-0.42355005,-3.76788061,-1.2232179,2479441.6115280637,32507.21573233,5964608347.0,10032406684.0,,2026-07-20,,
1486,Validity,VAL,validity,0.4811784971832178,0.22898316,-0.97579374,0.49784968,2454498.594689641,18762.92547461,5101014.71503421,5105175.61503421,9000000.0,2026-07-20,,
1487,CloakCoin,CLOAK,cloakcoin,0.39748923503133465,0.0,-0.25283838,-22.34388365,2452232.627387071,0.0,6169305.76042835,6169305.76042835,,2026-07-20,,
1488,NVIDIA Tokenized Stock (Reality),rNVDA,nvidia-tokenized-stock-reality,203.37420344884444,0.515595,0.74172047,-2.25676608,2447003.1960790227,0.0,12032.02350437,12032.02350437,,2026-07-20,,
1489,Highstreet,HIGH,highstreet,0.025044342843624768,-3.65251759,13.79962144,0.4616639,2444596.673572056,50831093.89751034,97610733.4433152,100000000.0,100000000.0,2026-07-20,,
1490,Nexa,NEXA,nexa,4.120400064842536e-07,-0.04832112,-0.3281653,1.9590628,2414397.862795262,11914.62301567,5859620000000.0,10780675000000.0,21000000000000.0,2026-07-20,,
1491,KARRAT,KARRAT,karrat,0.002799699181881516,-2.38307231,4.14440814,-3.40143937,2411067.078470099,658646.11828812,861187906.927115,1000000000.0,1000000000.0,2026-07-20,,
1492,zkVerify,VFY,zkverify,0.006271218249959663,-0.06159449,0.04087287,-0.01268376,2399216.5500011584,432.56706068,382575833.6534676,1020897213.7262322,,2026-07-20,,
1493,Shido Network,SHIDO,shido-network,0.00010155363235856773,-0.07989734,-0.80675274,-7.87936922,2394942.660702802,42006.91039749,23583032975.58759,24584829471.45521,,2026-07-20,,
1494,Dora Factory,DORA,dora-factory-new,0.004432628634456737,0.6784112,-0.6001819,-4.0855536,2381549.929019934,62075.37310186,537277116.0,1000000000.0,1000000000.0,2026-07-20,,
1495,Vai,VAI,vai,0.9978488451789829,-0.00237372,0.02511246,-0.07167384,2373386.2264985754,2583.42386081,2378502.754165,2378502.754165,8484461.449726,2026-07-20,,
1496,Book of Ethereum,BOOE,book-of-ethereum,0.02466079785414438,0.40883779,1.0703019,21.08116176,2372147.028335183,6389.91323166,96191009.0,100000000.0,100000000.0,2026-07-20,,
1497,Dimitra,DMTR,dimitra,0.004843382136302985,-0.04351359,-0.20218184,-8.57580193,2356320.8185967803,145581.75868134,486503181.51344335,971071679.0,1000000000.0,2026-07-20,,
1498,Reef,REEF,reef,6.315944874489354e-05,2.43751119,-23.25626571,19.3327372,2352399.1997008356,1519697.75405863,37245404234.01064,37245404234.01064,,2026-07-20,,
1499,Kyuzo's Friends,KO,kyuzo-s-friends,0.01075080476561504,-0.10050364,-0.89722132,5.25329809,2338300.0365212713,35361.14240244,217500000.0,1000000000.0,1000000000.0,2026-07-20,,
1500,Doge Killer,LEASH,doge-killer,2.9340814745029864e-12,1.5e-07,-3.01952794,17.92537718,2331195.324223719,0.0,7.945230371009408e+17,8.029204658640191e+17,,2026-07-20,,
