rank,name,symbol,slug,price_usd,change_1h_pct,change_24h_pct,change_7d_pct,market_cap_usd,volume_24h_usd,circulating_supply,total_supply,max_supply,date_snapshot,fdv_usd,liq_mkt_cap_pct
1,Bitcoin,BTC,bitcoin,63975.74098184516,-0.1353141,-1.41947062,0.00436293,1283410942262.6975,25414849382.515053,20060900.0,20060900.0,21000000.0,2026-07-25,1343490560618.75,1.9803
2,Ethereum,ETH,ethereum,1857.590920693021,-0.1529365,-0.49707772,0.6911242,224179060168.11774,8498906465.52853,120682685.12234227,120682685.12234227,,2026-07-25,224179060168.12,3.7911
3,Tether USDt,USDT,tether,0.9991199186020243,-0.05172956,-0.00656293,-0.02940047,183994843909.21576,52109679891.87493,184156916986.16385,189106724037.45197,,2026-07-25,188940294727.39,28.3213
4,BNB,BNB,bnb,564.9221971905496,0.11493573,-0.36041671,-0.49149894,75228272341.79501,1019696384.794314,133165722.14,133165722.14,133165722.14,2026-07-25,75228272341.8,1.3555
5,USDC,USDC,usd-coin,0.9998975744215515,-0.00687631,-0.00242606,-0.00982969,72591497406.88844,10244125736.062061,72598933394.63614,72598933394.63614,,2026-07-25,72591497406.89,14.112
6,XRP,XRP,xrp,1.0922957432880254,-0.04961282,-1.26535442,0.18245242,68304826770.318954,1017865764.6841083,62533271955.0,99985635707.0,100000000000.0,2026-07-25,109229574328.8,1.4902
7,Solana,SOL,solana,74.06963860232156,0.08466406,-2.0425842,-1.70682113,43181100833.49688,1607245085.0997314,582979769.4212519,630995855.7639349,,2026-07-25,46737634996.0,3.7221
8,TRON,TRX,tron,0.3308040905146052,-0.01550111,0.76165685,2.55449518,31386574743.013405,443902062.6901692,94879645212.93509,94879632893.65288,,2026-07-25,31386570667.74,1.4143
9,Hyperliquid,HYPE,hyperliquid,57.372481071383746,0.03194693,-0.51970296,-4.18265014,14498113879.892069,306453581.8201029,252701532.3226703,953069647.6109312,953069647.6109312,2026-07-25,54679970317.27,2.1137
10,Dogecoin,DOGE,dogecoin,0.06957579149302102,0.18169071,0.44914395,-4.30552413,10798879218.762669,642670272.1703458,155210296383.70523,155210296383.70523,,2026-07-25,10798879218.76,5.9513
11,UNUS SED LEO,LEO,unus-sed-leo,9.705803192084622,0.15933499,0.1751835,-1.03978186,8930594701.681673,699412.93841936,920129382.9,985239504.0,,2026-07-25,9562540722.89,0.0078
12,Zcash,ZEC,zcash,487.10234276565706,-0.16230793,-3.61805355,-11.24527413,8177360655.253453,343728706.183614,16787767.0405448,16787767.0405448,21000000.0,2026-07-25,10229149198.08,4.2034
13,Monero,XMR,monero,366.045107100231,0.08717347,3.61842906,10.42675455,6875181143.333613,110862079.15176885,18782333.13319782,18782333.13319782,,2026-07-25,6875181143.33,1.6125
14,Chainlink,LINK,chainlink,8.325726953700848,-0.03220357,-0.99565889,0.49956434,6228476087.829264,178482513.5185752,748099970.424884,1000000000.0,1000000000.0,2026-07-25,8325726953.7,2.8656
15,Stellar,XLM,stellar,0.17884324222985812,0.27679383,-1.70665702,-3.34097875,6115667508.320823,135503537.79913306,34195686860.0082,50001786839.912476,50001806812.0,2026-07-25,8942485247.61,2.2157
16,Cardano,ADA,cardano,0.16394475091694286,0.02535706,-1.72127966,-2.96371201,5982327470.080032,185187950.95948377,36489899411.97189,44993202652.386566,45000000000.0,2026-07-25,7377513791.26,3.0956
17,Dai,DAI,multi-collateral-dai,0.999554156712182,-0.01009172,-0.01859317,-0.02644286,4640845346.145038,27828115.48673323,4642915358.793663,4642915358.793663,,2026-07-25,4640845346.15,0.5996
18,Canton,CC,canton-network,0.1164822114653025,-0.05344242,-3.94258502,-8.20663172,4560162423.034953,12637437.99245969,39149002801.971405,39149002801.971405,,2026-07-25,4560162423.03,0.2771
19,Bitcoin Cash,BCH,bitcoin-cash,210.4214820707348,-0.04254663,0.07908237,-3.99495418,4222304307.8887353,83863392.0775667,20065937.5,20065937.5,21000000.0,2026-07-25,4418851123.49,1.9862
20,World Liberty Financial USD,USD1,usd1,0.9986761232943703,-0.01473959,-0.02047507,-0.06774726,4128024504.329057,1000444152.924452,4133496744.38174,4133496744.38174,,2026-07-25,4128024504.33,24.2354
21,Gram (prev. Toncoin),GRAM,gram,1.4673058378349073,0.13618684,1.69395062,-1.18601875,4011203347.70338,43782115.71612421,2733720022.283928,5220072499.149553,,2026-07-25,7659442851.92,1.0915
22,Ethena USDe,USDe,ethena-usde,0.9998414531650639,-0.00244241,-0.0036316,-0.00567654,3982902964.331995,27614135.03003964,3983534541.125349,3983534541.125349,,2026-07-25,3982902964.33,0.6933
23,Litecoin,LTC,litecoin,46.347098355052466,0.1978679,-0.96551472,1.77883106,3588391541.1317787,227137944.79264504,77424297.71206152,84000000.0,84000000.0,2026-07-25,3893156261.82,6.3298
24,Global Dollar,USDG,global-dollar-usdg,0.9998458201335438,-0.01892209,-0.0144655,-0.0216795,3278530893.384663,217578660.32383972,3279036454.787367,3279036454.787367,,2026-07-25,3278530893.38,6.6365
25,Hedera,HBAR,hedera,0.07058533283434051,0.3141147,-0.41851727,6.83469278,3091009104.021759,48747678.46375988,43791096250.49399,50000000000.0,50000000000.0,2026-07-25,3529266641.72,1.5771
26,Sui,SUI,sui,0.7108034425982838,0.20840743,-4.28173015,-4.13785172,2880413018.4195313,205352669.9591148,4052334085.342099,10000000000.0,10000000000.0,2026-07-25,7108561577.06,7.1251
27,Cronos,CRO,cronos,0.05713729529104292,0.11409849,-0.08727569,-6.83898154,2701224305.2274456,7376794.43497934,47276026830.95328,98809365151.43265,100000000000.0,2026-07-25,5712293576.5,0.273
28,Avalanche,AVAX,avalanche,6.255641641975117,-0.000634,0.31990575,-5.71002815,2701010660.17743,246222861.80188316,431771961.1772119,463441061.1772119,715748719.0,2026-07-25,4476336957.91,9.1032
29,PayPal USD,PYUSD,paypal-usd,0.9996564655399975,-0.00695581,-0.0199478,-0.02363896,2678181102.7829175,158483350.70441127,2679101466.458489,2679101466.458489,,2026-07-25,2678280493.23,5.9174
30,Shiba Inu,SHIB,shiba-inu,4.2174712904639366e-06,0.7864349,2.12943871,0.8747233,2485114858.512543,53423927.13485049,589242863165802.8,589499568421845.0,589552695333683.0,2026-07-25,2485174076.63,2.152
31,Tether Gold,XAUt,tether-gold,4050.2131928648746,-0.01581729,0.15608921,1.09941909,2482066470.7362385,154736730.5812414,612823.659532,707747.089,,2026-07-25,2866380093.46,6.2306
32,Uniswap,UNI,uniswap,3.77214344734964,-0.04664768,0.29018884,5.34322484,2358312252.253748,160883331.3973711,625191561.5538775,892326420.0329479,,2026-07-25,3365272213.21,6.8359
33,NEAR Protocol,NEAR,near-protocol,1.7947897292850827,-0.28661247,-5.36105298,-7.27779154,2336401374.4467816,148209680.3965248,1301768857.0,1301768857.0,,2026-07-25,2337870044.07,6.3429
34,Bittensor,TAO,bittensor,191.3705669495619,-0.00653541,-0.14497242,-1.67622775,2135594363.8637528,98380708.40444677,11159471.3748568,21000000.0,21000000.0,2026-07-25,4019608105.04,4.6035
35,Ondo,ONDO,ondo-finance,0.3760994408727605,-1.31737356,-5.68387607,-0.79449776,1831352533.7612972,112383206.15276395,4869330647.0,10000000000.0,10000000000.0,2026-07-25,3761085470.67,6.1339
36,World Liberty Financial,WLFI,world-liberty-financial-wlfi,0.05690758786303894,-0.31375082,-0.86770402,-0.46358346,1808225374.9842043,74849495.68874976,31774767529.0,100000000000.0,100000000000.0,2026-07-25,5690140423.04,4.1341
37,PAX Gold,PAXG,pax-gold,4049.438861842471,-0.02852655,0.18795987,1.10127087,1801454254.4604318,110921538.9672385,444865.156858,444865.156858,,2026-07-25,1801454254.46,6.1573
38,OKB,OKB,okb,82.37509463203295,0.10113702,0.67916674,1.48976261,1729876987.272692,13105737.78055486,21000000.0,21000000.0,21000000.0,2026-07-25,1729898197.44,0.7576
39,Aster,ASTER,aster,0.6262779988599573,-0.12772068,0.51602384,0.59297707,1690968818.4717953,57262507.45074707,2700029094.9864817,7816197874.516728,8000000000.0,2026-07-25,5008050548.29,3.3931
40,MemeCore,M,memecore,1.201171837031469,-0.01863039,5.14561312,-4.07439499,1594827125.8524997,14504018.92877284,1327726039.426545,5395042811.93377,10000000000.0,2026-07-25,12011723855.4,0.9093
41,Ripple USD,RLUSD,ripple-usd,1.0000237058493047,-0.02412763,0.01633356,-0.00441223,1589385684.0148172,155361754.68551743,1589348007.1704667,1589348007.1704667,,2026-07-25,1589339848.54,9.7662
42,USDD,USDD,usdd,0.9990493761038874,-0.04044658,-0.02707619,-0.01953738,1546020469.5516365,35501880.17055753,1547491552.0,1547491552.0,,2026-07-25,1545971536.41,2.3002
43,Aave,AAVE,aave,91.21784244634955,-0.09180105,-4.207174,1.86984305,1406356311.668379,168854435.55374914,15417557.28870191,16000000.0,,2026-07-25,1458526341.6,12.0634
44,Polkadot,DOT,polkadot-new,0.8083769251975302,-0.11930057,-0.55316763,-4.77864123,1370080827.376816,66234703.59566818,1694853953.2372615,1694853953.2372615,2100000000.0,2026-07-25,1697513518.23,4.8344
45,Mantle,MNT,mantle,0.4100972355280879,-0.06850908,0.47121665,-3.42715506,1354261797.178292,118970265.92561507,3302294382.53684,6219316794.889999,6219316795.0,2026-07-25,2550609165.37,8.7929
46,Sky,SKY,sky,0.057567983211577564,0.21651861,2.06115479,-3.57566734,1344580444.0946722,20564643.27901331,23356393069.268787,23462665147.365967,23462665147.0,2026-07-25,1350564576.89,1.5285
47,Worldcoin,WLD,worldcoin-org,0.3451792874669691,-0.64594067,-9.63296627,-10.69361219,1295093539.5955443,200506547.60069925,3751944530.3318624,10000000000.0,,2026-07-25,3446078040.67,15.5151
48,Internet Computer,ICP,internet-computer,2.123220017726653,-0.40209748,-1.2660228,-1.68923663,1178672839.3502486,31019716.81729486,555134573.6709199,555134573.6709199,,2026-07-25,1178524717.16,2.6313
49,Bitget Token,BGB,bitget-token-new,1.6509041186505846,0.09618184,-0.54879252,0.67825461,1153297905.4222834,6441916.10091384,698585637.041699,910920874.6481038,919992035.98,2026-07-25,1518818641.33,0.5586
50,Pepe,PEPE,pepe,2.713132788845184e-06,-0.02969545,-2.22046035,-1.11287298,1122619663.8573499,120521354.49453345,413772473088271.1,413772473088271.1,413772473088271.1,2026-07-25,1122609792.27,10.7352
51,United Stables,U,united-stables,0.999722880106522,-0.00985025,0.00940989,-0.03172386,1067913085.8058343,98436106.76971035,1068209107.8,1068209107.8,,2026-07-25,1067865420.71,9.2131
52,Ethereum Classic,ETC,ethereum-classic,6.555411687490054,-0.0411083,-3.06110877,-6.72928969,1033307523.4694442,38596008.84946159,157626640.81667745,210700000.0,210700000.0,2026-07-25,1380628940.41,3.6634
53,Morpho,MORPHO,morpho,1.9250089727695356,0.30536456,-2.45047578,-1.83480815,993978723.5460402,14078102.34719746,516350176.8596902,999999999.8010328,1000000000.0,2026-07-25,1924310856.82,1.4169
54,Audiera,BEAT,audiera,3.168995103773543,-2.98027696,4.0139539,31.30069943,980064550.3143677,50854269.98668257,309266666.0,1000000000.0,1000000000.0,2026-07-25,3165575631.14,5.1944
55,Stable,STABLE,stable,0.03783429389108036,-0.67736527,-0.93607841,6.74548531,937847622.2362287,13440365.56202783,24788294581.0,100000000000.0,,2026-07-25,3783980064.03,1.4329
56,Pi,PI,pi,0.08301524227531881,-0.30496154,-1.11552204,-0.2585188,908333838.7431208,10631520.07418352,10941771822.223263,100000000000.0,100000000000.0,2026-07-25,8301326469.87,1.17
57,KuCoin Token,KCS,kucoin-token,6.488113025190033,0.15929087,-1.08217225,-1.94705404,889877280.1393132,3200017.99270367,137155021.29577178,142155021.29577178,200000000.0,2026-07-25,1297982268.28,0.3596
58,Ethena,ENA,ethena,0.08774866197828293,0.26344928,-1.68992886,6.03558016,838959472.8829894,95242124.30445156,9560937500.0,15000000000.0,15000000000.0,2026-07-25,1317621365.63,11.3605
59,JUST,JST,just,0.1017781406691544,0.39779594,0.25085336,4.29066037,833435040.6563478,29517195.4584116,8188743036.341737,8188743036.341737,,2026-07-25,833245527.11,3.5421
60,Polygon (prev. MATIC),POL,polygon-ecosystem-token,0.07678340640813038,-0.21086614,0.12741086,-7.12640004,820392289.7204883,35695108.15952913,10684499791.00718,10684499801.00718,,2026-07-25,820411699.21,4.3515
61,Quant,QNT,quant,63.54602269067039,0.08523983,-0.06343828,-2.28946861,767174482.8865187,5395297.34130728,12072738.0,14881364.0,14881364.0,2026-07-25,945468343.95,0.7031
62,Algorand,ALGO,algorand,0.0854201374802495,-0.20203785,3.30987037,2.65521417,766134780.2670907,31739151.75232632,8969018347.04063,10000000000.0,10000000000.0,2026-07-25,853978699.61,4.146
63,Kaspa,KAS,kaspa,0.02767359188848324,0.06048972,-1.55407947,-0.95166769,763703759.5836344,5105501.46129301,27596842602.187126,27596842602.187126,28704026601.0,2026-07-25,794340022.21,0.6684
64,Render,RENDER,render,1.4570492785884677,0.01442338,-1.07684567,-1.43410657,755876515.9257691,16004925.44469672,518772101.2826915,533532274.5626915,644168762.0,2026-07-25,938506995.44,2.1168
65,Cosmos,ATOM,cosmos,1.3914488787483539,-0.35671121,-2.25018673,-7.69538171,725043876.0732436,20330949.54150155,521071156.222024,521071156.222024,,2026-07-25,724969679.34,2.8055
66,Pump.fun,PUMP,pump-fun,0.0018132699491165089,0.17973722,-0.6901868,10.94598798,722718620.3464856,41450959.3186718,398571994588.3515,846833798259.5741,1000000000000.0,2026-07-25,1814150670.3,5.7329
67,GateToken,GT,gatetoken,6.620971610842243,-0.05075285,-0.12486699,-0.92774441,705589756.9068868,2190588.15154522,106568914.41,140052780.28,142622843.67,2026-07-25,944227383.1,0.3103
68,币安人生,币安人生,bianrensheng,0.6286737579612413,-0.07870105,-5.18649302,-9.94652773,628673757.9612412,18225790.20756786,1000000000.0,1000000000.0,1000000000.0,2026-07-25,628505394.59,2.8917
69,Jupiter,JUP,jupiter-ag,0.18663224986370053,-0.08258652,-0.83096082,-5.65942809,619677479.4843917,18874676.99254223,3320312968.08,6862435229.582892,6864785739.32,2026-07-25,1280883032.27,3.0482
70,Venice Token,VVV,venice-token,12.40909165992378,-0.15010613,6.42564871,8.34796407,589017286.1969616,13981382.50979208,47466591.62001706,80658418.57958426,,2026-07-25,1000755333.47,2.376
71,XDC Network,XDC,xdc-network,0.02778126691761896,0.0497305,-1.38073562,-0.10368881,583831438.477574,6705776.41941002,21015292074.65,38084507873.7,,2026-07-25,1058108962.78,1.149
72,Filecoin,FIL,filecoin,0.7195094317978753,0.034602,-1.00548977,-6.12027777,580579851.354022,48604239.05064639,806910689.0,1957303500.0,,2026-07-25,1407840654.2,8.3678
73,Flare,FLR,flare,0.006383754097415367,-0.00028068,-1.56772216,-2.25934323,554798561.1719261,2282386.36559877,86907884092.30098,106235822923.15915,,2026-07-25,678211127.57,0.4114
74,Arbitrum,ARB,arbitrum,0.08235475242801925,0.40626181,-3.37275796,-9.58207332,544698975.8022159,43326458.79176036,6614056381.0,10000000000.0,,2026-07-25,823433053.34,7.9528
75,Injective,INJ,injective,5.288830436309984,1.39435316,-0.88699034,2.06513451,528729426.90656054,99789502.22386046,99970954.5,100000000.0,,2026-07-25,529493872.96,18.8242
76,Aptos,APT,aptos,0.6009085383837743,-0.134185,-2.18198102,-3.27784763,507828169.27643394,31567625.65383371,845100604.8978889,1206160369.7668264,2100000000.0,2026-07-25,1261897686.89,6.216
77,Lighter,LIT,lighter,1.9976896303741518,1.00708966,-7.01663668,-12.84650695,499422407.5935379,33034411.92964059,250000000.0,1000000000.0,1000000000.0,2026-07-25,1997700539.65,6.6149
78,TrueUSD,TUSD,trueusd,0.9962018625386714,-0.00229928,0.00784382,-0.11814726,492636846.73806566,25063671.58271755,494515083.0,494515083.0,,2026-07-25,492635798.28,5.078
79,Nexo,NEXO,nexo,0.7407840201290828,0.14237561,0.61248934,-1.72376383,478654512.62981635,8323483.50951985,646145839.5746847,1000000000.0,1000000000.0,2026-07-25,741013945.46,1.7381
80,PancakeSwap,CAKE,pancakeswap,1.3984040089392107,0.05700097,0.66981625,-0.55854392,451061824.83008724,19833800.32537702,322554728.0662116,334876829.5388313,400000000.0,2026-07-25,559307123.52,4.3969
81,EURC,EURC,euro-coin,1.1371495631780348,0.02420622,-0.08500357,-0.52646598,433430727.9030011,27298705.22588809,381155427.5162151,381155427.5162151,,2026-07-25,433429959.34,6.2873
82,Dash,DASH,dash,32.19677862386506,0.3160504,-1.73751574,-5.93469131,411550494.6307212,51087415.72610587,12782350.04310865,12782350.04310865,18900000.0,2026-07-25,608632214.47,12.3755
83,Aerodrome Finance,AERO,aerodrome-finance,0.4164536057499153,0.18908833,-5.23953229,-11.51175393,405748282.3582511,49306962.84485082,974294079.2351,1945164683.6269114,,2026-07-25,809949966.0,12.1399
84,ether.fi,ETHFI,ether-fi-ethfi,0.41677877625485693,0.64313221,-7.93941869,-4.79206556,405720801.76326305,32804229.46073726,973468000.0,1000000000.0,1000000000.0,2026-07-25,417053195.24,8.0477
85,VeChain,VET,vechain,0.004675431210093129,-0.01726361,-1.78254456,-0.79768947,402017145.12008864,10827036.39257226,85985041177.0,85985041177.0,86712634466.0,2026-07-25,405417796.74,2.6931
86,OFFICIAL TRUMP,TRUMP,official-trump,1.5553442395869337,-0.23667011,-2.39256162,-3.388999,386114563.7230103,204697769.54683483,248250229.046114,999999079.114644,999999079.114644,2026-07-25,1555480573.91,53.0904
87,Virtuals Protocol,VIRTUAL,virtual-protocol,0.5867064577145545,-0.11729739,-2.76983557,-8.44704354,385767898.08096826,40249266.54019562,657514320.8473986,1000000000.0,1000000000.0,2026-07-25,586694465.26,10.4328
88,Pudgy Penguins,PENGU,pudgy-penguins,0.00601315222748753,-0.2955137,-1.13679211,0.44894166,377989130.76957244,34103380.06955595,62860396090.04,76724221264.3,88888888888.0,2026-07-25,534483966.04,9.0115
89,Sun [New],SUN,sun-token,0.0183559753872336,-0.30236676,-0.03670069,0.93390581,353007562.66685444,49405314.79151527,19231207016.782543,19231207016.782543,19900730000.0,2026-07-25,365327165.39,13.986
90,Pyth Network,PYTH,pyth-network,0.04422273737849559,0.32777146,-4.67122226,-11.1609065,348253246.5939524,13572301.31353249,7874981677.712679,9999981857.422035,10000000000.0,2026-07-25,442286996.24,3.8943
91,First Digital USD,FDUSD,first-digital-usd,0.9970498512549164,-0.010166,-0.02795644,-0.00399728,346131371.1338807,166994829.81316966,347155531.589749,347155531.589749,,2026-07-25,346147393.89,48.2405
92,Artificial Superintelligence Alliance,FET,artificial-superintelligence-alliance,0.1512715808547097,-0.24329452,-0.91476933,-5.4844345,338912741.78025717,95325419.12851696,2240425728.7809353,2714384546.672,2719493897.0,2026-07-25,411396946.05,28.1718
93,DeXe,DEXE,dexe,3.9841278353404896,5.65606142,106.40866979,-88.98593111,333605697.15230095,685222161.5792538,83733682.98906265,96504599.33609451,,2026-07-25,384375465.36,205.2937
94,Midnight,NIGHT,midnight-network,0.01996864695424411,-0.57550917,-4.31871243,-27.55615901,331627295.4666941,18887855.13665128,16607399401.0,24000000000.0,24000000000.0,2026-07-25,479047450.67,5.6913
95,Sei,SEI,sei,0.043688982455965544,-0.26502904,-4.11614701,-7.00015745,320628587.8741125,21030678.48674537,7338888888.0,10000000000.0,10000000000.0,2026-07-25,436881121.77,6.5586
96,Celestia,TIA,celestia,0.3424579102399308,0.3329891,-1.43505989,-7.63159207,315038331.5841021,19040786.32361306,919932996.62251,1168685161.483695,,2026-07-25,399783653.88,6.0548
97,Lido DAO,LDO,lido-dao,0.3746494000710725,0.11943097,-5.1315103,0.44583184,313342644.3171299,33120050.68940609,836362327.7060835,1000000000.0,,2026-07-25,374569654.41,10.5488
98,LayerZero,ZRO,layerzero,0.8618098218563041,0.0358531,7.42870429,8.74326065,312890514.4413065,29707857.33002858,363062135.64305025,1000000000.0,1000000000.0,2026-07-25,861459821.11,9.504
99,Curve DAO Token,CRV,curve-dao-token,0.20364810748905304,0.34261759,-2.08875388,-5.61093852,312036828.2757855,22524243.37142054,1532235345.19003,2403085489.000913,3030303030.299,2026-07-25,617096334.71,7.2166
100,SPX6900,SPX,spx6900,0.3312276434401237,-0.11189605,-0.65493335,-8.06239298,308370647.28292495,6701404.68789083,930993090.07,930993090.07,1000000000.0,2026-07-25,331167999.66,2.1727
101,Jito,JTO,jito,0.604624736194984,-1.15577147,-3.42713605,8.17859148,303722176.37141323,27132704.82349373,502331707.9,986522992.0619612,,2026-07-25,596574757.82,8.9329
102,Terra Classic,LUNC,terra-luna,5.35198739466522e-05,0.04781968,-1.12365075,-8.74761956,295893580.5421235,11621983.55251925,5528667366389.272,6453994008739.381,6453994008739.381,2026-07-25,345229472.31,3.9232
103,Gnosis,GNO,gnosis-gno,106.32371728930363,-0.39157937,-0.86684718,-5.61398164,280642488.8547567,2562019.05703035,2639509.75388809,2999934.74577209,,2026-07-25,319105346.28,0.9056
104,AINFT,NFT,apenft,2.695807316401369e-07,0.608695,0.48059213,0.94657079,266913390.15731496,6678221.63442241,990105592982874.8,990105592982874.8,999990000000000.0,2026-07-25,269420347.81,2.5038
105,Bitcoin SV,BSV,bitcoin-sv,13.174625580544085,-0.10446895,-1.87140761,-1.55915009,264288547.19088113,11124807.08727455,20060421.875,20060421.875,,2026-07-25,264318415.09,4.2138
106,BitTorrent [New],BTT,bittorrent-new,2.65195733257464e-07,0.24499069,-2.22293372,-2.05135348,261758235.88841477,4542920.61207217,987037885840674.8,987037885840674.8,,2026-07-25,261886984.16,1.7342
107,Bonk,BONK,bonk1,2.944808587628881e-06,-0.37247852,0.15636979,-5.80741989,259127258.0032386,35649330.32042519,87994601446026.16,87994601446026.16,88872433754423.19,2026-07-25,261613415.58,13.7544
108,Monad,MON,monad,0.02144458133964403,-1.58199976,-1.9929445,-2.20019802,253585712.69721168,15089241.95153395,11825165000.0,100682925000.0,114166666695.0,2026-07-25,2445366120.2,5.9604
109,Pendle,PENDLE,pendle,1.4752508856106246,0.10017903,-5.94214082,-4.350962,253217707.9335409,25690398.03180185,171643827.09638637,281527448.45853144,,2026-07-25,416268425.38,10.1359
110,Stacks,STX,stacks,0.13785843021563107,0.55016054,-15.39096976,-16.83947852,250158705.42013887,39757238.38586279,1814605788.19049,1814570813.19049,,2026-07-25,250195827.21,15.9037
111,Tezos,XTZ,tezos,0.22640653523829865,-0.33419894,-4.39705044,1.55108412,247131431.24129224,7324370.67123505,1091538417.745672,1111524072.765074,,2026-07-25,251705719.83,2.9575
112,Immutable,IMX,immutable-x,0.12355601128235508,-0.09362068,-1.47937673,-3.70354567,247112022.56471017,9767650.15795014,2000000000.0,2000000000.0,2000000000.0,2026-07-25,247096997.41,3.9529
113,Conflux,CFX,conflux-network,0.043870535886155256,0.27912767,-5.40036108,-5.44502022,229283718.16567376,6883086.6574692,5226371493.63,5226371490.08,,2026-07-25,229124501.67,3.0043
114,KAITO,KAITO,kaito,0.9391920175924038,-2.7623317,-7.92100676,9.89702679,226710517.6842988,65748250.47320978,241388889.0,1000000000.0,1000000000.0,2026-07-25,937730131.01,29.0504
115,Plasma,XPL,plasma-xpl,0.08334386081132539,-0.15733659,2.17182789,-3.60727436,224102381.29267585,65595433.61218036,2688888888.8889,10000000000.0,,2026-07-25,834845329.07,29.2492
116,DoubleZero,2Z,doublezero,0.06240551548838079,-0.60214332,1.69635696,-4.12535697,216635598.56288612,3113703.28260276,3471417500.0,9998243152.2,10000000000.0,2026-07-25,624316489.34,1.4372
117,JasmyCoin,JASMY,jasmy,0.004340684323773882,0.25680911,-1.46163051,-4.59832873,214625134.98769465,4659698.97741811,49444999677.16958,50000000000.0,50000000000.0,2026-07-25,217021106.78,2.1744
118,Optimism,OP,optimism-ethereum,0.09191246023505803,-0.22970166,-1.56473684,-5.44747017,210154839.93710828,29625807.64429247,2286467356.0,4294967296.0,4294967296.0,2026-07-25,394768520.45,14.0955
119,Maple Finance,SYRUP,maple-finance,0.17241313616892165,0.29460752,-4.04740941,-5.54876977,205345649.8005661,6295357.70589102,1191009306.8510675,1244677492.5110993,,2026-07-25,214681147.25,3.0944
120,Decred,DCR,decred,11.508934372233838,-0.02620306,-4.61814108,-6.72169864,201711874.53556758,1980922.12676017,17526546.59515763,17526546.59515763,21000000.0,2026-07-25,241949737.0,0.9809
121,FLOKI,FLOKI,floki-inu,2.103370065347938e-05,-0.27034277,-0.21780681,-2.51694413,201106827.94227967,16845729.76967351,9561171914320.875,9646463267038.533,,2026-07-25,202916879.05,8.3682
122,Humanity,H,humanity-protocol,0.064470672273707,1.84323742,7.81627186,7.18282673,199769541.44094813,7009360.66185738,3098611111.0,10000000000.0,10000000000.0,2026-07-25,646314414.23,3.5132
123,Kaia,KAIA,kaia,0.031124176445997846,0.00235148,-1.23586215,-5.67850561,198436871.52741924,4672444.36809951,6375650513.089659,6376591989.866098,,2026-07-25,198398587.6,2.3574
124,Starknet,STRK,starknet-token,0.029006406664388026,0.09825435,1.12107309,4.84030023,195704414.64372268,35667701.37669314,6746937561.348971,10139100000.0,,2026-07-25,294119519.62,18.2235
125,Kite,KITE,kite,0.1084942515086974,1.69466178,-1.3961087,-4.6066038,195289652.71565533,26395787.17238953,1800000000.0,10000000000.0,10000000000.0,2026-07-25,1085152379.79,13.5264
126,Velvet,VELVET,velvet,0.4543288215160149,-3.11182193,36.5609855,-12.48414715,191302562.09227353,19591753.68651401,421066313.7195011,1000000000.0,1000000000.0,2026-07-25,452818080.06,10.2422
127,Zebec Network,ZBCN,zebec-network,0.001894712320245731,-0.31903527,-1.58954229,-6.79921432,189468911.16350883,10189432.13052114,99998775085.25201,99998775085.25201,100000000000.0,2026-07-25,189424194.06,5.3767
128,Pieverse,PIEVERSE,pieverse,0.6661286691122724,1.02914327,-0.27499415,2.02143394,180255896.66742635,7449264.78566027,270602220.0,1000000000.0,1000000000.0,2026-07-25,667119946.21,4.1257
129,Falcon Finance,FF,falcon-finance-ff,0.060544294273321225,-0.17097184,0.13598841,-2.5868732,179816553.99176404,8857102.74060945,2970000000.0,10000000000.0,10000000000.0,2026-07-25,605235738.98,4.9227
130,Ethereum Name Service,ENS,ethereum-name-service,4.293293930079878,-0.43850376,-4.1115144,-5.95061069,176147813.36057362,8896987.21602919,41028593.94891147,100000000.0,,2026-07-25,429244179.97,5.035
131,Compound,COMP,compound,17.22593234121958,-0.04106235,-1.38980428,1.25952437,172259323.4099027,6577763.21840006,9999999.99986688,10000000.0,,2026-07-25,172272724.22,3.814
132,The Graph,GRT,the-graph,0.01576400674879589,-0.47298222,-1.38884974,-7.70039604,171981991.5474414,12276786.13331094,10909789261.57704,11594380928.243498,,2026-07-25,182741585.04,7.1147
133,BUILDon,B,buildon,0.17070160422681593,-1.14362788,0.19789018,48.47867604,170701604.22681594,9668384.9928605,1000000000.0,1000000000.0,,2026-07-25,171360937.58,5.6423
134,EigenCloud,EIGEN,eigencloud,0.20564454835797016,-0.01933628,-2.48802061,-13.113426,170079086.57802638,16130129.87136503,827053709.5978146,1825636127.4624436,,2026-07-25,375367833.94,9.3863
135,Raydium,RAY,raydium,0.6240480272873348,-0.01425448,-2.11625791,-7.72917379,168064803.3235207,12521771.95733551,269313892.480486,554997638.51449,555000000.0,2026-07-25,346385594.57,7.4471
136,Telcoin,TEL,telcoin,0.0016570508721205199,-0.43391849,-5.13527796,-12.4586995,159199914.0759393,962126.31902118,96074246575.31,100000000000.0,100000000000.0,2026-07-25,165744276.41,0.6098
137,IOTA,IOTA,iota,0.03446199462523204,-0.19490857,-1.55320682,-4.74495046,157069199.7698845,3918492.91147493,4557751270.0,4600000000.0,,2026-07-25,158487066.86,2.4909
138,Axie Infinity,AXS,axie-infinity,0.8851086446114611,-0.0791828,-1.39839692,-6.24369258,154196834.85655096,17810378.05956265,174212325.00134403,270000000.0,,2026-07-25,238745203.47,11.5172
139,MX Token,MX,mx-token,1.655563172874245,-0.06652266,-0.4893327,-0.32764461,152042508.06535178,4826519.12293569,91837334.0,409024834.0,413787834.0,2026-07-25,685136754.08,3.1725
140,Chiliz,CHZ,chiliz,0.014005192246158624,0.11627815,-4.02695328,-12.24631204,148013003.42467874,23152447.77128817,10568437821.0,10568437821.0,,2026-07-25,148085171.47,15.5633
141,dogwifhat,WIF,dogwifhat,0.14582951606508868,0.49632298,1.59921747,-6.34143181,145660200.01400483,40315137.04595948,998838945.25846,998838945.25846,998840592.989347,2026-07-25,145511263.7,27.67
142,ApeCoin,APE,apecoin-ape,0.14433255225991862,0.25555487,-2.94309604,-1.79934647,144332552.25991863,10060361.89684275,1000000000.0,1000000000.0,1000000000.0,2026-07-25,144289225.27,6.9699
143,Trust Wallet Token,TWT,trust-wallet-token,0.3328288346282382,0.07983971,-0.3361067,-3.60656121,143069974.41324556,7534093.30626929,429860515.46,999860531.46,999860531.46,2026-07-25,332965271.85,5.2609
144,Vision,VSN,vision-token,0.039441530788428145,0.24274989,-0.73521295,14.37580329,143030275.4259505,2635421.01804294,3626387530.2708716,4107978166.5544677,4200000000.0,2026-07-25,165579013.08,1.8406
145,THORChain,RUNE,thorchain,0.4192770659651921,0.12034179,-1.87778191,-2.29754129,141803158.96688905,2189189.20825369,338208718.0,354108629.0,354196525.0,2026-07-25,148498253.42,1.5432
146,Akash Network,AKT,akash-network,0.47840373638300115,-2.48930276,-6.78585331,-11.64287345,141659575.9311238,3191659.29672432,296108841.043235,296108841.043235,388539008.0,2026-07-25,186125401.49,2.2584
147,eCash,XEC,ecash,7.030933742819058e-06,0.02017475,-8.51037352,-9.62408925,141044211.03042978,10467589.08315084,20060523422580.0,20060523422580.0,21000000000000.0,2026-07-25,147584311.36,7.3775
148,Neo,NEO,neo,1.9737190462852292,-0.24940394,-4.43057324,1.4810133,139223834.24739495,5239753.16741172,70538831.0,100000000.0,,2026-07-25,197312267.88,3.7545
149,edgeX,EDGE,edgex,0.3925272937829613,-0.17336529,-0.20178986,-8.77138122,137384552.82403645,5502268.15573537,350000000.0,1000000000.0,1000000000.0,2026-07-25,390892893.17,4.0244
150,OriginTrail,TRAC,origintrail,0.2729458505368021,-1.15705399,-4.45796012,2.49540806,136472925.26840106,4344905.00445319,500000000.0,500000000.0,500000000.0,2026-07-25,136599840.66,3.1893
151,Theta Network,THETA,theta-network,0.13632223449475223,1.21769793,0.92729072,-4.56519357,136322234.49475223,5513539.614175,1000000000.0,1000000000.0,1000000000.0,2026-07-25,136156922.05,4.0879
152,Onyxcoin,XCN,onyxcoin,0.0035019879113940542,0.00145089,-1.42847769,-3.65826708,136164320.33142215,3655024.64005336,38882007527.32425,48402432357.486084,68892071756.90897,2026-07-25,241260660.55,2.6808
153,Decentraland,MANA,decentraland,0.06805032194909665,-0.10609031,2.11785598,-6.51505792,135141785.36437118,10396582.85775591,1985909566.5331404,2193179327.320146,,2026-07-25,149123750.48,7.6936
154,The Sandbox,SAND,the-sandbox,0.04479445767369808,-0.34996126,-2.24459647,-6.28962052,131589977.30853683,18608123.6266276,2937639702.3733225,3000000000.0,,2026-07-25,134339887.31,14.1544
155,Convex Finance,CVX,convex-finance,1.273269322552082,0.32350641,7.31431593,5.20055917,126039928.97671522,10484587.84446059,98989213.62849347,99981217.08754925,,2026-07-25,127080663.55,8.3438
156,Fartcoin,FARTCOIN,fartcoin,0.12453081698677429,0.02480051,-6.10205532,-7.63131055,124530599.80502947,12650733.20686608,999998256.0,1000000000.0,1000000000.0,2026-07-25,124533291.68,10.1606
157,Genius Terminal,GENIUS,genius-terminal,0.36245600663429534,-1.21231961,4.91223805,11.84492278,121559429.52189445,16695901.39963998,335377059.0,953973324.288,1000000000.0,2026-07-25,360782895.1,13.8438
158,Zama,ZAMA,zama,0.055083797944745314,-4.26391498,11.47583536,58.92132379,121184355.47843969,112932990.78583851,2200000000.0,11196548333.0,,2026-07-25,620858167.81,92.4524
159,Arweave,AR,arweave,1.8379130303310598,0.13998982,-0.70430622,-4.19422972,120663522.73476687,7136183.52963537,65652466.0,65652466.0,66000000.0,2026-07-25,121282604.53,5.8936
160,1inch,1INCH,1inch,0.08480156159180743,-0.91416199,-0.94422485,16.71567281,119738219.30478422,8255064.54502453,1411981301.489995,1500000000.0,1500000000.0,2026-07-25,127181899.58,6.8768
161,GoМining,GOMINING,gomining-token,0.29016025693698877,0.38126639,0.08502419,2.08820993,117169741.39293599,6976496.94984656,403810441.2706685,403890250.7458408,403890250.7458408,2026-07-25,117185425.68,5.9629
162,WEMIX,WEMIX,wemix,0.2336608838269576,0.47803974,-0.89549612,-2.79905019,116388759.93758021,1132519.82270514,498109730.78307074,558906642.9927068,590000000.0,2026-07-25,137579144.74,0.9742
163,Basic Attention Token,BAT,basic-attention-token,0.07584500250256898,-0.34077062,-2.0247057,-4.89478516,113443240.34972452,4047840.91520823,1495724656.9526057,1500000000.0,1500000000.0,2026-07-25,113754295.46,3.5697
164,Tagger,TAG,tagger,0.0010210060278249117,-0.26711663,1.35074023,4.41732605,110681722.06225723,6438936.74908318,108404572594.0,405380800000.0,,2026-07-25,415125653.96,5.7931
165,AWE,AWE,awe-network,0.05619605884602137,-0.05147743,-0.86192339,0.8300126,109156364.52869454,1949792.88115614,1942420283.0270672,1942420283.0,1942420283.027067,2026-07-25,109052610.5,1.7871
166,SafePal,SFP,safepal,0.21551657393013407,-0.06644667,-0.20145738,-0.01889317,107758286.96506703,1453907.41994239,500000000.0,500000000.0,500000000.0,2026-07-25,107799412.03,1.3442
167,dYdX,DYDX,dydx-chain,0.12439073210703068,0.46872538,-0.72350986,0.59426196,105558962.78004467,3982438.26112109,848607938.8070294,958342962.317931,1000000000.0,2026-07-25,124526432.41,3.7519
168,Vaulta,A,vaulta,0.06266248952244666,0.59314262,-3.19468879,-9.84967274,103781003.48384038,9814923.85011489,1656190238.7658,2100000000.0,2100000000.0,2026-07-25,131547257.73,9.4674
169,Allora,ALLO,allora,0.5138682342697345,-0.20233614,-0.18887267,30.82641692,103030580.97108176,52728188.70545392,200500000.0,785499999.0,1000000000.0,2026-07-25,513919706.0,51.1369
170,Rootstock Infrastructure Framework,RIF,rsk-infrastructure-framework,0.10192571177555328,-8.84337534,-6.85988466,-23.30813253,101925711.77555329,25125477.91231489,1000000000.0,1000000000.0,1000000000.0,2026-07-25,101620607.59,24.6585
171,Centrifuge,CFG,centrifuge,0.17204792642471378,-0.23104846,-5.93530772,3.84967091,99298989.55389777,6259290.42501313,577158886.0,697164473.0,,2026-07-25,120298262.89,6.2794
172,Golem,GLM,golem-network-tokens,0.09910280162880346,-0.62862561,-0.5941797,1.18341136,99102801.62880346,4600980.15291264,1000000000.0,1000000000.0,1000000000.0,2026-07-25,99088796.65,4.6502
173,Data Network,DATA,data-network,0.2725039090619346,-0.71906556,4.1307653,-0.08735022,97350370.68369503,40163075.31107847,357243942.0,1030771029.0,,2026-07-25,280044393.16,41.4216
174,Gala,GALA,gala,0.001979439161815676,-0.12259874,-0.80079031,-6.85973699,96953421.19978178,24385404.60162909,48980248077.36426,48980248077.36426,50000000000.0,2026-07-25,98965745.18,25.0751
175,AB,AB,newton,0.000978770048931414,0.2427274,2.45767913,-0.69138694,96725639.76846069,569139.46506433,98823661261.46,98823661261.46,98823661261.46,2026-07-25,97245908.49,0.6001
176,DeepBook Protocol,DEEP,deepbook-protocol,0.017392487952751518,-0.00181576,-2.08633779,0.87115596,95133029.01431224,2916173.79577776,5469776910.16667,10000000000.0,10000000000.0,2026-07-25,173899709.37,3.0643
177,Nexus,NEX,nexus-labs,1.5765699466824554e-06,-0.0550795,-0.72704386,-7.70596015,94594196.80094732,945700.27858262,60000000000000.0,100000000000000.0,100000000000000.0,2026-07-25,157657569.59,0.9998
178,SOON,SOON,soon,0.16921987960154436,1.28260608,2.2668278,3.27180968,94309325.9040553,6744367.59081229,557318242.55,998466231.2532852,,2026-07-25,169359527.5,7.2014
179,ZKsync,ZK,zksync,0.009141715453778853,0.22725026,-2.75265822,-4.08328119,92954083.70783983,6865797.43484742,10168122621.823236,14826835215.600285,21000000000.0,2026-07-25,192307926.67,7.3975
180,Sentient,SENT,sentient,0.012853843466750092,0.41170408,-3.03708346,-2.96858888,93034562.24479337,12945072.49042853,7237878887.0,34359738368.0,,2026-07-25,442400904.33,13.9457
181,Re,RE,re-protocol,0.5758278815027862,-0.38852586,-7.10177695,30.28897477,91902129.88784468,143778975.58909088,159600000.0,1000000000.0,1000000000.0,2026-07-25,573734740.58,155.9012
182,Kamino,KMNO,kamino-finance,0.017601637045610415,-0.51535482,0.19717102,-2.25122639,90479653.307693,3359238.4673911,5140411262.5,9999957181.037357,10000000000.0,2026-07-25,176061750.94,3.7161
183,YZY MONEY,YZY,yzy,0.2937739467619907,-0.06563775,-0.03612507,-0.0702332,89006338.11348592,121371.02882579,302975601.119581,999999434.45296,1000000000.0,2026-07-25,294146706.55,0.1382
184,Fluid,FLUID,instadapp,1.1251827953132079,-3.63259749,0.94510774,7.10234227,88548506.86507197,5220500.91232662,78696996.82034639,100000000.0,,2026-07-25,112123395.25,5.9237
185,Aethir,ATH,aethir,0.004344734019528733,0.55933902,-5.48138304,-2.76500891,87454128.29829253,6366300.79312405,20128764593.0,42000000000.0,42000000000.0,2026-07-25,182568249.22,7.2677
186,MultiversX,EGLD,multiversx-egld,2.87119803673936,0.21956133,-1.74554897,-11.25761423,87339758.40581135,3958480.49858266,30419273.51865901,30424429.0,,2026-07-25,87405219.73,4.4651
187,Beam,BEAM,onbeam,0.0016771881549054834,2.41717453,13.78760439,7.66136177,86040062.10150006,17644181.79557359,51300184687.0,58470184687.0,58470184687.0,2026-07-25,97309198.65,20.6818
188,Meteora,MET,meteora,0.1606059927503547,-0.85687028,-3.25073718,24.08131962,85632126.73235674,18486323.44599016,533181391.71471,997733887.900656,1000000000.0,2026-07-25,161356381.44,21.4813
189,Cheems (cheems.pet),CHEEMS,cheems-pet,4.470002681928145e-07,-0.55469398,-3.44113114,-3.66646785,83810330.829424,1349047.40019454,187495034775398.0,203672952644644.2,203672960023058.0,2026-07-25,91017737.58,1.6073
190,Grass,GRASS,grass,0.335488831088718,0.42809125,-7.30780865,-7.45569694,81827433.87617739,16453250.2902655,243905091.0,1000000000.0,,2026-07-25,335658784.36,20.0712
191,Official Melania Meme,MELANIA,melania-meme,0.0795641331983799,-0.15588629,-0.99206573,1.01850748,79563808.0777443,6072560.69723267,999995913.72868,999995913.728684,,2026-07-25,79503638.35,7.6325
192,NEXPACE,NXPC,maplestory-universe,0.26132329311931135,1.08464143,1.08403748,4.11269401,76462121.6632304,7826361.32645527,292595890.5175758,988350564.5175759,1000000000.0,2026-07-25,260924291.07,10.2524
193,CoW Protocol,COW,cow-protocol,0.13138872683887906,-0.43300228,-1.58049477,-2.01431233,75872467.34789932,2477660.39819865,577465579.9880085,1000000000.0,1000000000.0,2026-07-25,131420521.0,3.2661
194,Reserve Rights,RSR,reserve-rights,0.001208350777857949,-0.15235954,-4.04641544,-0.41269184,75586176.57034355,4579776.7910951,62553174091.0,100000000000.0,100000000000.0,2026-07-25,120659794.13,6.0748
195,RaveDAO,RAVE,ravedao,0.2993147832190718,-0.74213831,-1.07813218,-3.7216517,75571162.58685593,5193895.50838634,252480555.0,1000000000.0,1000000000.0,2026-07-25,299580595.58,6.8384
196,ORDI,ORDI,ordi,3.5890659086237506,-0.62666733,1.42181107,-1.13914672,75370384.08109877,13927703.35131704,21000000.0,21000000.0,21000000.0,2026-07-25,75329542.9,18.4782
197,Synthetix,SNX,synthetix,0.21701424130225602,0.1028097,-1.78398986,-4.90589895,74764929.23705857,10223002.38265235,344516234.45728827,581404223.5556632,339889850.089,2026-07-25,73847026.46,13.6463
198,o1.exchange,O,o1-exchange,0.4666527847917139,-3.10244463,-8.38698682,-17.04813695,74664445.56667422,52391299.42957958,160000000.0,1000000000.0,1000000000.0,2026-07-25,466015788.93,70.1633
199,Yearn,YFI,yearn-finance,2068.0672498926483,-0.60458734,-2.68043839,0.65403067,74069787.04497075,4163506.48821905,35815.94701469,36646.35595035,,2026-07-25,75769372.26,5.6045
200,XPR Network,XPR,proton,0.002522768129266683,0.14734291,-0.75196831,1.83237347,73869497.34952849,1831382.85042615,29281128333.8199,32323804561.1022,,2026-07-25,81529848.02,2.4825
201,Rain,RAIN,rain,0.014046582724163216,-0.1910845,0.65034108,-0.34606803,9755698790.998247,38780217.04152017,694524709858.1704,1149835019546.2612,1149835019546.2612,2026-07-25,16151240690.92,0.3979
202,Decimal,DEL,decimal,0.7898853641269318,-0.13669243,-2.45747681,-5.37541885,8784318211.694206,291205.42258782,11121003895.804047,11121003895.804047,92075616000.0,2026-07-25,72841815819.09,0.0033
203,Ondo US Dollar Yield,USDY,ondo-us-dollar-yield,1.1392642947491016,-0.03017979,-0.07749256,-0.01403222,2158449079.2029667,303390.36938651,1894599075.1674693,1894599075.1674693,,2026-07-25,2158453660.93,0.0139
204,HTX,HTX,htx,1.8361324155654388e-06,-0.01227928,-0.03261799,0.91875782,1649274229.7667134,18704284.00777922,898232728634017.2,999990000000000.0,999990000000000.0,2026-07-25,1836133459.54,1.1125
205,Falcon USD,USDf,falcon-finance,0.9949392114804592,0.02517704,-0.03896872,-0.11764029,1255193687.953488,450845.27859193,1261578268.7725947,1261578268.7725947,,2026-07-25,1255401740.68,0.0357
206,USDGO,USDGO,usdgo,0.9998565855480251,-0.01908534,-0.02492709,-0.02538015,1107493640.3246374,15853335.58829715,1107652493.7,1107652493.7,,2026-07-25,1107696742.22,1.436
207,c8ntinuum,CTM,c8ntinuum,0.19512963624235663,-0.06197236,-1.85494262,-1.97545208,869959900.9107171,11075217.7315337,4458368896.0,8888884758.0,8888888888.0,2026-07-25,1737028175.82,1.2695
208,Jupiter Perps LP,JLP,jupiter-perps-lp,3.584993396779088,0.05104923,-1.16791525,-0.78429536,806768814.4542096,1238617.5129195,225040530.110612,225040530.110612,,2026-07-25,806901700.35,0.151
209,Beldex,BDX,beldex,0.08315649090165346,-0.0708912,-0.46821604,-2.25084783,654413855.2943887,12573627.53679797,7869666555.174185,9938606555.174185,,2026-07-25,825869015.1,1.9187
210,GHO,GHO,gho,0.9990653388777094,-0.00203932,-0.00783963,0.01494858,648393404.9316334,569536.72082102,649000000.0,649000000.0,,2026-07-25,648399133.69,0.0878
211,TBLL tokenized ETF (xStock),TBLLX,tbll-tokenized-etf-xstock,105.76,0.0,0.73340318,-0.44029001,572964838.4407622,65.33334576,5417594.91717816,5417594.91717816,,2026-07-25,572964838.44,0.0
212,Usual USD,USD0,usual-usd,0.9997210738794231,-8.1e-07,-0.0034441,0.09958082,556939520.4996295,69.54585355,557094908.8213402,557094908.8213402,,2026-07-25,556939520.5,0.0
213,Solstice USX,USX,solstice-usx,0.9997644524589964,0.00015018,-0.1227124,-0.21824438,522962346.4830786,2386925.8348499,523085558.0,359692577.0,,2026-07-25,359647703.17,0.4286
214,USDai,USDAI,usdai,0.9998525485540527,-0.00182894,-0.01335666,0.00178916,501277201.051544,3486040.98239183,501351126.0,501351126.0,,2026-07-25,501361668.39,0.6952
215,Unibase,UB,unibase,0.12241712601079338,1.91559763,-1.95992899,34.25892168,306042815.02698344,15855530.28625338,2500000000.0,10000000000.0,10000000000.0,2026-07-25,1226001633.18,5.1697
216,Ducky,DUCKY,ducky,0.0006404436990990262,-0.00041146,-1.61967876,0.17289213,265400422.61248362,0.0,414400864566.0,420690000000.0,420690000000.0,2026-07-25,269385454.68,0.0002
217,Lorenzo Protocol,BANK,lorenzo-protocol,0.3059525264040831,2.23588489,16.25522569,301.07738834,234036769.49245727,208284433.21991375,764944719.5064375,1212195831.9983332,2100000000.0,2026-07-25,642975374.24,88.2442
218,Legacy Frax Dollar,FRAX,frax,0.9925359013122564,0.00787725,0.42921283,0.16407798,220164359.15928748,2560310.47021224,221820045.87260038,221820045.87260038,,2026-07-25,220164459.11,1.1629
219,48 Club Token,KOGE,bnb48-club-token,64.11205136320552,-5.798e-05,0.74587633,0.35453183,217226275.1344332,5206.24139994,3388228.43,3388228.433995,3388228.433995,2026-07-25,217231657.22,0.0023
220,Strategy PP Variable tokenized stock (xStock),STRCX,strategy-pp-variable-tokenized-stock-xstock,89.58385072768229,-0.01442346,0.82167724,1.04796607,214387389.89842334,35131.79739319,2393147.73987691,2393147.73987691,,2026-07-25,214401692.97,0.0213
221,AUSD,AUSD,agora-finance,0.999893735462049,-0.00240437,0.00056417,0.00439389,207754188.06969818,1283613.32583868,207776267.318742,207776267.318742,,2026-07-25,207762420.7,0.6182
222,Ape and Pepe,APEPE,ape-and-pepe,9.575222232277536e-07,-0.049607,-0.25773982,0.01158035,201079666.87782827,19709080.10298556,210000000000000.0,210000000000000.0,210000000000000.0,2026-07-25,201138757.57,9.7668
223,USAT,USAT,tether-usat,0.9988725813427166,-0.00818904,-0.01747228,0.02405625,185275105.12579438,63274353.04120219,185484223.5,185484223.5,,2026-07-25,185275161.82,34.1486
224,WeFi,WFI,wfi,2.1230682799032503,-0.09762659,-1.37528705,0.9610451,181306060.54513088,1284142.28624654,85398129.80173823,1000000000.0,1000000000.0,2026-07-25,2123140160.34,0.7111
225,Apple tokenized stock (xStock),AAPLX,apple-tokenized-stock-xstock,333.5407122607566,0.13311276,3.67199802,-0.07113523,167060023.30053228,6993731.82857082,500868.4612088,500868.4612088,,2026-07-25,167051543.93,4.1925
226,Micron Technology tokenized stock (xStock),MUx,micron-technology-tokenized-stock-xstock,919.4226430031068,0.26122378,-5.45551461,8.65135087,162915707.26300144,9624857.51386355,177193.49039618,177193.49039618,,2026-07-25,164065594.48,5.8595
227,SP500 tokenized ETF (xStock),SPYX,sp500-tokenized-stock-xstock,742.385939230541,-0.03356314,-0.08567344,-0.57638863,160807735.623596,1812814.25142265,216609.3498353,216609.3498353,,2026-07-25,160786658.18,1.1249
228,GUSD,GUSD,gusd,0.9982614702344311,0.00904718,-0.0119622,0.0230605,149180194.1118334,148750.24458502,149440000.0,320000000.0,,2026-07-25,319451788.5,0.0996
229,SwissBorg,BORG,swissborg,0.14960580294523995,-0.27844543,0.34716702,-2.80535807,146950665.4960643,194048.36662418,982252443.442,982252443.442,982602443.0,2026-07-25,147687445.69,0.1316
230,EUR CoinVertible,EURCV,eur-coinvertible,1.1365944230813492,-0.00140624,-0.08219214,-0.56497044,146740497.83833566,1233364.13529944,129105417.78,129105417.78,,2026-07-25,146737548.42,0.8327
231,Bitway,BTW,bitway-btw,0.06663397877338331,0.29069019,0.66294678,10.55010964,146594753.30144328,9058412.43934635,2200000000.0,10000000000.0,10000000000.0,2026-07-25,666507954.7,6.1807
232,Nasdaq tokenized ETF (xStock),QQQX,nasdaq-tokenized-stock-xstock,685.6169759011685,0.00474273,-1.04279967,-1.62082156,143856907.35640028,2439620.21533596,209821.09897048,209821.09897048,,2026-07-25,144019114.2,1.6706
233,Zano,ZANO,zano,9.297604371805603,0.84394765,0.82759196,-4.94000116,143037937.32042623,1057322.38894174,15384386.3,15384386.3,,2026-07-25,143637565.6,0.7327
234,Robinhood tokenized stock (xStock),HOODX,robinhood-tokenized-stock-xstock,94.75378710337645,0.06591982,-6.31887633,-5.07485317,139260036.4440865,4642405.19140586,1469704.17437937,1469704.17437937,,2026-07-25,139562138.74,3.3443
235,NVIDIA tokenized stock (xStock),NVDAX,nvidia-tokenized-stock-xstock,206.95177172435586,0.00101557,-0.09407876,2.06284779,135370653.1024063,12045953.12565763,654116.90837182,654116.90837182,,2026-07-25,135463001.2,8.8865
236,Intel tokenized stock (xStock),INTCX,intel-tokenized-stock-xstock,91.87580507715178,0.00508124,-10.78055276,-2.55643822,133257721.09986508,4309216.30582809,1450411.46565152,1450411.46565152,,2026-07-25,133945567.73,3.1853
237,Ailey,ALE,project-ailey,0.26023123537891746,-0.00191799,-0.09682172,-0.02668523,126609724.65727054,112986.164883,486527777.7777778,1000000000.0,1000000000.0,2026-07-25,260229351.63,0.0893
238,Shuffle,SHFL,shuffle,0.2921877688639847,-0.06708048,-2.64080142,8.5067698,124248243.30298924,753781.38501484,425234238.19573915,956134768.8996149,,2026-07-25,279370884.86,0.6067
239,Alphabet tokenized stock (xStock),GOOGLX,alphabet-tokenized-stock-xstock,318.7449174926878,0.03023753,-0.30258453,-8.14646021,122946501.3481628,42399457.64268875,385720.66439611,385720.66439611,,2026-07-25,122991384.77,34.5181
240,Tesla tokenized stock (xStock),TSLAX,tesla-tokenized-stock-xstock,311.0052376329851,0.06702459,-3.38812579,-18.52978568,121215745.88004796,82984237.90555108,389754.6768106,389754.6768106,,2026-07-25,121205682.33,68.3879
241,Circle tokenized stock (xStock),CRCLX,circle-tokenized-stock-xstock,62.147901176406855,0.01158291,-1.02737091,2.57829034,120850042.19050358,5675949.13280375,1944555.48623389,1944555.48623389,,2026-07-25,120874511.08,4.6867
242,TronBank,TBK,tronbank,0.6407382810881334,-0.30871229,-0.56918693,-2.99306612,118750198.00015189,269208.09123136,185333390.410956,1000000000.0,1000000000.0,2026-07-25,640513595.48,0.2267
243,SoSoValue,SOSO,sosovalue,0.3340936445177057,3.50573186,19.320579,14.42212321,114260543.60201706,4957751.18208121,342001548.0,1000000000.0,1000000000.0,2026-07-25,330779483.96,4.3847
244,Backpack,BP,backpack-exchange,0.4470591420207102,0.45436787,3.30494425,-5.43054722,111764716.33468339,1917518.25220137,249999845.27663645,999999845.2766365,1000000000.0,2026-07-25,447677024.13,1.7181
245,Aster USDF,USDF,usdf,0.9992640100735654,0.03820343,0.03226325,-0.05154245,111375924.78471267,68895.64801916,111457956.71807817,111457956.71807817,,2026-07-25,111375784.04,0.062
246,Frax USD,FRXUSD,frax-usd,0.9999738403460033,0.00613119,0.02689817,-0.01029539,108562283.07109982,1215086.85039896,108565123.09715615,108565123.09715615,,2026-07-25,108575140.88,1.1247
247,Marvell tokenized stock (xStock),MRVLX,marvell-tokenized-stock-xstock,193.55821352821692,0.07648434,-5.5411864,3.42172345,108026168.14396614,2960051.08993905,558106.86704968,558106.86704968,,2026-07-25,108625212.56,2.7236
248,Undeads Games,UDS,undeads-games,0.8450455784118173,-0.00546449,-0.20808685,-24.33824699,105186526.25874898,300729.6309905,124474382.14686248,250000000.0,250000000.0,2026-07-25,211860328.2,0.2853
249,Joseon Mun,JSM,joseon-mun,0.00033003689859783175,-0.02104285,2.72086275,7.7078951,104446777.29925582,476285.91817751,316470000000.0,2400000000000.0,2400000000000.0,2026-07-25,792031644.27,0.4562
250,StandX DUSD,DUSD,standx-dusd,0.998174634074107,-0.01613668,-0.01206671,-0.0450949,103828583.92607366,96664.07981493,104018455.670719,104018455.670719,,2026-07-25,103828583.93,0.0931
251,Talus,US,talus-network,0.04697120433024047,-1.96784923,1.52208749,-0.38606493,103336649.52652903,10274570.14117447,2200000000.0,10000000000.0,10000000000.0,2026-07-25,468874689.0,9.936
252,RealLink,REAL,reallink,0.07443994975247956,-0.12100014,-0.8992575,5.20670313,102283598.97668898,7202288.09493116,1374041752.0,3332676475.0,12000000000.0,2026-07-25,893428384.08,7.0425
253,Ribbita by Virtuals,TIBBIR,ribbita-by-virtuals,0.10012985767696558,-0.10920466,-2.27092367,-9.74264881,100129857.67696558,1266521.8912139,1000000000.0,1000000000.0,1000000000.0,2026-07-25,100143436.92,1.2646
254,Rollbit Coin,RLB,rollbit-coin,0.061684348370320684,0.54215657,-1.10456784,-8.04763316,99509807.27311787,343041.71143259,1613209994.1416717,1613209994.1416717,,2026-07-25,99510411.22,
255,ViciCoin,VCNT,vicicoin,16.32213607672381,-0.21261834,0.55337478,8.16069362,99387311.00126146,317678.64742124,6089111.77642936,3047586.50710975,10000000.0,2026-07-25,163983182.11,0.3167
256,Smilek to the Bank,SMILEK,bscbet-online,4.9949118666146556e-05,-0.00264238,-0.00752958,-0.03951817,97845381.6013782,502.16324941,1958901062006.0,2008932945814.0,2008932945814.0,2026-07-25,100343770.34,0.0005
257,Gold tokenized ETF (xStock),GLDX,gold-tokenized-stock-xstock,372.0770829732594,0.02498676,0.45959843,1.10410346,96835004.67097412,1365505.64246197,260255.22425936,260255.22425936,,2026-07-25,96890945.53,1.383
258,AIVIVE,AVV,aivive,0.009376218103195192,-0.01223034,-0.5642537,-2.60340284,93762181.0246465,200625.96059771,9999999999.220856,10000000000.0,10000000000.0,2026-07-25,93755007.0,0.2139
259,AMD Tokenised Stock (xStock),AMDx,amd-tokenised-stock-xstock,521.530780258715,-0.11518971,-3.64254875,5.8132661,92366631.67130578,4713622.41940799,177106.76947099,177106.76947099,,2026-07-25,92772115.4,5.0163
260,Circle Internet Group Tokenized Stock (Ondo),CRCLon,circle-internet-group-tokenized-stock-ondo,62.103246627650556,0.02080296,-1.13489194,2.46712489,91555235.69424388,5536583.44596016,1474242.34103536,1474242.34103536,,2026-07-25,91630023.91,6.0441
261,SpaceX Tokenized bStocks,SPCXB,spacex-tokenized-bstocks,112.89779009417113,-0.04613824,-2.22686629,-9.61644466,90392336.9095595,29213426.11477304,800656.38870487,800656.38870487,,2026-07-25,90463270.28,32.2748
262,Light,LIGHT,light,0.13286910547722705,2.09444366,2.10473236,11.64740562,88840641.29443596,0.0,668632794.4735256,919835079.9577113,1000000000.0,2026-07-25,134013666.99,
263,GEODNET,GEOD,geodnet,0.19516057871973114,-0.05075256,2.19247315,-1.756757,85632157.67565437,398672.07845505,438777945.0,976569568.0,1000000000.0,2026-07-25,195189340.77,0.4654
264,Meta tokenized stock (xStock),METAX,meta-tokenized-stock-xstock,595.5477036263015,0.09288906,-1.91816688,-6.82027202,84902015.12679826,2377744.6351449,142561.23331486,142561.23331486,,2026-07-25,84885081.1,2.7824
265,Derive,DRV,derive,0.1143143715511719,-0.37185498,-1.91048727,-7.90300881,84310242.21248002,2862843.55765552,737529683.0,1500000000.0,1500000000.0,2026-07-25,170941380.06,3.5381
266,Microsoft tokenized stock (xStock),MSFTX,microsoft-tokenized-stock-xstock,381.536321790829,-0.06141142,-0.32569149,-4.2468597,83842416.55744198,134999.04097517,219749.50160422,219749.50160422,,2026-07-25,83842923.51,0.1232
267,Solstice eUSX,EUSX,solstice-eusx,1.038066472598329,-0.01407273,-0.22761357,-0.77393601,83145924.09619114,334672.74369576,80096917.0,140284603.0,,2026-07-25,145622031.69,0.2379
268,Quack AI,Q,quack-ai,0.019403072745338024,-0.01757331,-0.98477554,-1.45612196,81587345.63299517,3212396.78055712,4204867275.60191,9999978302.60191,10000000000.0,2026-07-25,194742609.94,3.923
269,U.S. Dollar Tokenized Currency (Ondo),USDon,us-dollar-tokenized-currency-ondo,0.9992171184050223,0.00031234,-0.01926202,-0.02168889,80745184.68025075,21718010.13088883,80808448.1270081,80808448.1270081,,2026-07-25,80744176.22,26.897
270,would,WOULD,wouldmeme,0.08025049356941609,0.23419754,-0.91006329,-0.32044845,80206563.8313074,10494.27843666,999452592.3,999452789.37,1000000000.0,2026-07-25,80251480.67,0.013
271,UnifAI Network,UAI,unifai-network,0.3342786764930092,-0.69771162,-3.22235629,-7.5714957,79892603.6818292,5524817.25702237,239000000.0,1000000000.0,1000000000.0,2026-07-25,334069549.34,6.8965
272,AntFun,ANTFUN,ant-fun,0.04169829659893306,0.06365584,0.16912069,4.99328284,78719559.05178808,17869742.80071024,1887836326.0,10000000000.0,10000000000.0,2026-07-25,417029234.72,22.6459
273,Cisco tokenized stock (xStock),CSCOX,cisco-tokenized-stock-xstock,116.01599605310284,-0.13771539,1.0064891,1.5894021,77440860.75915658,85249.40212817,667501.58076228,667501.58076228,,2026-07-25,77406508.52,0.1092
274,Comedian,BAN,comedian,0.0749363187669114,-0.49781614,5.23280128,5.00923706,74933460.62077731,8365397.68272609,999961859.0,999961859.0,999961859.0,2026-07-25,74934423.78,11.1576
275,lisUSD,lisUSD,lisusd,0.9975510569701772,0.15066405,0.00128623,0.14726865,74924811.92880921,6281.62453136,75108748.97609293,75108748.97609293,,2026-07-25,74924884.32,0.0083
276,Zeebu,ZBU,zeebu,0.4149478747668,228.37411677,225.65581581,1.12943368,74503712.04371643,0.0,179549568.932212,271574623.461212,,2026-07-25,112689312.85,
277,Horizen,ZEN,horizen,4.011466681674812,0.06363756,-2.21159696,-3.58645257,73224888.79740953,9834349.78038912,18253894.30053491,21000000.0,21000000.0,2026-07-25,84276158.73,13.4036
278,Vanguard Total World Tokenised ETF (xStock),VTx,vanguard-total-world-tokenised-etf-xstock,153.73,0.0,0.0,-1.3166869,73209620.20378451,6.58256487,476222.07899424,476222.07899424,,2026-07-25,73209620.2,0.0
279,Qtum,QTUM,qtum,0.6843664958474787,-0.72001111,-3.82048162,1.02335625,72592448.53489415,9992638.69091009,106072475.75,107822406.0,107822406.0,2026-07-25,73700481.55,13.7526
280,Law Blocks (AI),LBT,law-blocks,0.29562779261239036,-0.07439066,-0.20570729,0.09959423,72428214.3869169,692154.39793143,244997988.0,1000000000.0,,2026-07-25,295548832.55,0.9523
281,Four,FORM,binaryx-new,0.18894309609674464,-0.2013064,-3.19880509,2.56060028,72151181.48498134,6395542.44184098,381867255.144574,572301922.0959299,580000000.0,2026-07-25,109475372.22,8.8605
282,Coinbase tokenized stock (xStock),COINX,coinbase-tokenized-stock-xstock,157.79201383642896,-0.04146161,-2.71818937,0.51072408,71934372.37040976,4858991.64568659,455880.94493159,455880.94493159,,2026-07-25,71941589.89,6.7444
283,USDsui,USDsui,usdsui,1.0006788053655797,-0.01307543,-0.0891879,0.03609596,71796323.80019063,2366874.14479838,71747621.13,71747621.13,,2026-07-25,71797787.44,3.2907
284,Orca,ORCA,orca,1.1765742901920748,0.34174344,-1.8410841,0.25827772,71534283.56768255,9634391.89421729,60798781.822782,74999550.159921,,2026-07-25,88249225.03,13.4441
285,Plume,PLUME,plume,0.011534669097567339,0.57683165,0.68575738,8.81935765,71306285.52579303,10125963.27046556,6181909938.0,10000000000.0,10000000000.0,2026-07-25,115392354.44,14.1459
286,GMX,GMX,gmx,6.804751655576735,0.1766303,0.14082679,11.2343785,71088450.98944041,9516440.50899027,10446883.96984788,10446883.96984788,13250000.0,2026-07-25,90276962.62,13.251
287,Walrus,WAL,walrus-xyz,0.028917817203542504,0.28520936,-1.28008933,-3.38140663,71041437.60634202,2625946.21152532,2456666667.0,5000000000.0,5000000000.0,2026-07-25,144977956.22,3.6757
288,BNB Attestation Service,BAS,bnb-attestation-service,0.028421295644299294,0.33931949,-1.938258,3.52425871,71053239.11074823,1781130.74644192,2500000000.0,10000000000.0,10000000000.0,2026-07-25,284596156.73,2.4385
289,0x Protocol,ZRX,0x,0.08352152496438969,0.08902534,-0.84850893,-2.23088547,70859374.70773292,5060315.91967452,848396562.8973439,1000000000.0,1000000000.0,2026-07-25,83513718.98,7.1081
290,Banana For Scale,BANANAS31,banana-for-scale,0.007073257134435028,-0.884422,0.5441308,-0.49621338,70732571.34435028,8186292.56507634,10000000000.0,10000000000.0,10000000000.0,2026-07-25,70907810.64,11.5302
291,Linde tokenized stock (xStock),LINX,linde-tokenized-stock-xstock,506.3,0.0,-1.25407134,-2.31940386,70705084.41205658,105.6319005,139650.57162168,139650.57162168,,2026-07-25,70705084.41,0.0001
292,The Black Bull,ANSEM,the-black-bull,0.16952114755003986,0.59944782,3.52615598,-7.11146662,70702507.45966123,15165735.12388366,417071902.128264,999942294.426646,1000000000.0,2026-07-25,169390577.19,21.4547
293,Dell Technologies Inc. tokenized stock (xStock),DELLx,dell-technologies-inc-tokenized-stock-xstock,436.82490764472817,-0.0353103,-0.76446361,-0.76446361,70409172.43373194,3288.53300791,161183.96914078,161183.96914078,,2026-07-25,70407668.85,0.0047
294,Livepeer,LPT,livepeer,1.413077530960034,-0.04459217,-0.60479726,-5.06067424,70214345.21231931,4642684.03589595,49688954.55058027,49688954.55058027,,2026-07-25,70226433.95,6.6098
295,Huma Finance,HUMA,huma-finance,0.0213552318682261,-0.56811792,-3.00127744,-4.02103826,69636079.06545691,5810621.67019701,3260843970.0,9999996010.090069,10000000000.0,2026-07-25,213644260.07,8.335
296,MicroStrategy tokenized stock (xStock),MSTRX,microstrategy-tokenized-stock-xstock,91.43687964345261,0.10115012,-2.65667083,-3.89374257,69526913.73920572,2718746.26324129,760381.52231701,760381.52231701,,2026-07-25,69551466.72,3.9019
297,Coca-Cola tokenized stock (xStock),KOX,coca-cola-tokenized-stock-xstock,81.45379656179088,0.26945911,-3.05841835,-6.09639282,69467248.57502478,77563.55037089,852842.36594579,852842.36594579,,2026-07-25,69609882.24,0.1114
298,Keeta,KTA,keeta,0.1183273149486557,-0.09960624,-5.91487582,1.51848602,68234299.21009462,1416238.00168864,576657209.1972396,1000000000.0,1000000000.0,2026-07-25,118432735.98,2.0843
299,Palantir tokenized stock (xStock),PLTRX,palantir-tokenized-stock-xstock,123.81012376641418,0.12740599,0.29299633,-6.45286697,67596972.87452036,15088.14219984,545972.90446177,545972.90446177,,2026-07-25,67596696.21,0.0223
300,FTX Token,FTT,ftx-token,0.2052049699788791,-0.57999366,-0.73390762,-0.41239145,67490909.90418947,1531299.09052374,328895103.813207,328895103.813207,352170015.0,2026-07-25,72170277.42,2.2726
301,Numeraire,NMR,numeraire,9.005611489873754,-0.10713353,-0.31673948,-10.48768052,67426517.76174627,4274382.22527615,7487167.06661876,10628372.21751206,11000000.0,2026-07-25,99072974.71,6.3532
302,Velo,VELO,velo,0.003833050703522178,-0.25697799,-3.82613005,15.46609126,67323227.69917713,3581578.32755602,17563876115.0,23999804349.0,24000000000.0,2026-07-25,91980907.31,5.2541
303,iShares Core S&P 500 Tokenized ETF (Ondo),IVVon,ishares-core-sp-500-tokenized-etf-ondo,746.6713723867113,-0.14337799,0.73761503,-1.03109545,67199280.51440373,1101626.4407114,89998.46920554,89998.46920554,,2026-07-25,67292185.04,1.6378
304,Sonic,S,sonic,0.02328438860530761,-0.33998094,-2.78921433,-5.861617,67059039.183285914,6431030.32277665,2880000000.0,3222625000.0,,2026-07-25,75039500.21,9.6184
305,Micron Technology Tokenized bStocks,MUB,micron-technology-tokenized-bstocks,918.683043886348,0.16831921,-5.35330769,8.53293052,66430575.01765405,10969814.29011926,72310.65758722363,72310.65758722363,,2026-07-25,66760759.29,16.6854
306,MindWaveDAO,NILA,mindwavedao,0.07837118940054166,-0.08022514,0.13187804,-0.71713153,66048587.64277038,217978.66919657,842766176.55,1057021569.0,1057021569.0,2026-07-25,82880909.05,0.3297
307,Billions Network,BILL,billions-network,0.027089125177654255,-6.24007731,-11.8177559,19.5695861,65777663.249200575,205549204.42948696,2428194444.0,10000000000.0,10000000000.0,2026-07-25,270410372.36,312.455
308,Gas,GAS,gas,1.0095142036026485,-0.13953938,-2.33815964,-1.84667282,65610681.269744724,2349099.21067136,64992331.0,64992331.0,,2026-07-25,65656701.46,3.6117
309,Mastercard tokenized stock (xStock),MAX,mastercard-tokenized-stock-xstock,535.3726812990434,0.03817634,0.52400531,-1.99401093,65315178.11996806,25109.9506083,121999.46019189,121999.46019189,,2026-07-25,65313662.59,0.038
310,Stronghold SHx,SHX,stronghold-token,0.0036722183376356656,-0.30600331,-0.65427228,4.0004211,64626180.70087625,486075.39824483,17598675993.346684,99756866344.0,99756866344.0,2026-07-25,365746137.18,0.8034
311,Safe,SAFE,safe1,0.08354581829896089,0.22420324,-4.42864015,-0.53070375,63431289.406139016,1272576.79214417,759239549.0,1000000000.0,1000000000.0,2026-07-25,83535045.25,1.9988
312,Core MSCI Emerging Markets Tokenised ETF (xStock),IEMGx,core-msci-emerging-markets-tokenised-etf-xstock,78.71,0.0,0.0,-0.22769786,63404156.95827632,9.95775952,805541.31569402,805541.31569402,,2026-07-25,63404156.96,0.0
313,DigiByte,DGB,digibyte,0.003445731720297349,-0.80618135,-0.10544554,15.16700078,63388264.73620166,3606278.37124496,18396169487.835686,18396169487.835686,21000000000.0,2026-07-25,72512861.97,5.6519
314,Fidelity Digital Dollar,FIDD,fidelity-digital-dollar,0.9997436401130467,-0.00207692,-0.01271729,0.04505924,62585011.599335246,148574.83144972,62601060.0,62601060.0,,2026-07-25,62584175.14,0.2371
315,AIOZ Network,AIOZ,aioz-network,0.048777136821151236,0.12367438,-0.70038135,-1.8572939,61834919.211234994,2837616.35000137,1267702928.893963,1267702928.893963,,2026-07-25,61838794.45,4.5719
316,AI Rig Complex,ARC,ai-rig-complex,0.06167163337408271,-0.11749777,1.18912502,-15.89262242,61670569.3762956,3208542.46204208,999982747.371378,999982747.371378,999998319.0,2026-07-25,61516512.54,5.2191
317,Ravencoin,RVN,ravencoin,0.0037297551582497262,-0.15453756,-1.2960807,-1.24545479,61054103.20269604,2598509.780872,16369466791.312674,16369466791.312674,21000000000.0,2026-07-25,78398923.84,4.1128
318,Visa tokenized stock (xStock),VX,visa-tokenized-stock-xstock,353.9,0.00714893,0.78601128,-1.21881249,60946550.01584153,27.8820115,172214.04355988,172214.04355988,,2026-07-25,60946550.02,0.0
319,River,RIVER,river,3.092868172795484,-0.01176422,-2.139122,-7.37082326,60620216.18679149,3733879.6817129,19600000.0,100000000.0,100000000.0,2026-07-25,309366574.69,6.1605
320,ChainOpera AI,COAI,chainopera-ai,0.32245037421192574,0.75078389,1.23699407,3.65082965,60620701.95197871,3766246.29336886,188000098.0,1000000000.0,1000000000.0,2026-07-25,324124097.15,6.1693
321,Bio Protocol,BIO,bio,0.026885051179641833,-0.82468617,-0.1251687,2.96933657,60486981.358672775,23753399.10098901,2249836943.01,3311032461.939598,3320000000.0,2026-07-25,89561676.32,38.9889
322,Dog (Bitcoin),DOG,dog-go-to-the-moon-rune,0.0006035772887366156,-0.19865191,-0.80823831,0.12241723,60357728.87366156,1225986.63095712,100000000000.0,100000000000.0,100000000000.0,2026-07-25,60363241.56,2.0503
323,Goldman Sachs tokenized stock (xStock),GSX,goldman-sachs-tokenized-stock-xstock,1067.18,0.0,-1.03951261,-1.91481007,60208873.20885953,23.638037,56418.66714974,56418.66714974,,2026-07-25,60208873.21,0.0
324,AKEDO,AKE,akedo,0.0026479787412736606,-3.90433121,34.84927756,71.65434676,60363985.380759686,279052723.266125,22796250000.0,100000000000.0,100000000000.0,2026-07-25,269349353.71,453.7346
325,Venus BUSD,vBUSD,venus-busd,0.02228977669986693,-0.030012,-0.030012,-0.079992,60065832.03369546,0.0,2694770470.0,2694770470.0,,2026-07-25,60071842.82,
326,Magma Finance,MAGMA,magma-finance,0.3106235956089003,1.10212213,-4.33702629,9.53329207,59018483.165691055,2146247.12165688,190000000.0,1000000000.0,1000000000.0,2026-07-25,310927198.09,3.6223
327,USD.AI,CHIP,usd-ai,0.029519077310549806,0.47472587,-0.17812849,-1.12347466,59038154.62109961,6654193.64867441,2000000000.0,10000000000.0,10000000000.0,2026-07-25,296650141.08,11.2177
328,Holo,HOT,holo,0.0003330768928920753,-0.50351288,-2.15044786,-5.24823374,58887209.31404945,3705953.6263656,176797642138.2383,177619433541.14133,,2026-07-25,59250649.21,6.3296
329,Qubic,QUBIC,qubic,4.189836085035984e-07,-0.20827189,-2.19456368,-4.5351525,58866429.699986294,1048410.34470089,140498168675925.0,174422843693978.0,200000000000000.0,2026-07-25,83724897.8,1.7804
330,Pfizer tokenized stock (xStock),PFEX,pfizer-tokenized-stock-xstock,24.03,0.0,-2.76219307,-4.17613408,58799717.95658785,3084.8603814,2446929.5862084,2446929.5862084,,2026-07-25,58799717.96,0.0052
331,Quantix Finance,QFI,quantix-finance,58.69333545827166,-0.24184211,-0.16878672,-8.23967448,58693335.45827166,3147028.20562094,1000000.0,10000000.0,10000000.0,2026-07-25,587300513.87,5.3564
332,XPIN Network,XPIN,xpin-network,0.0014736678578016632,-0.50062313,3.90013693,-6.28846067,58613022.95427943,3970837.88285309,39773564066.0,100000000000.0,100000000000.0,2026-07-25,147213899.61,6.7743
333,AbbVie tokenized stock (xStock),ABBVX,abbvie-tokenized-stock-xstock,254.56254167463032,0.04790765,-0.22700126,1.48060591,58374498.80448372,91233.35625693,229312.99483604,229312.99483604,,2026-07-25,58322044.7,0.1566
334,Procter & Gamble tokenized stock (xStock),PGX,procter-gamble-tokenized-stock-xstock,151.2293084602906,0.01744973,1.11199096,-0.63386333,58118969.85941821,37868.13911572,384310.22697349,384310.22697349,,2026-07-25,58123134.63,0.0651
335,SanDisk Tokenized bStocks,SNDKB,sandisk-tokenized-bstocks,1432.9425398358633,-0.20948359,-9.48110806,5.3889484,58048677.778959624,15417886.88435696,40510.12246842,40510.12246842,,2026-07-25,58525872.94,26.8359
336,Theta Fuel,TFUEL,theta-fuel,0.007821285228756534,0.10636516,-1.9601596,-0.70584799,57954929.27792837,1365213.61975719,7409898448.0,7409898448.0,,2026-07-25,57947225.13,2.3536
337,ZIGChain,ZIG,zigcoin,0.04090637253900862,-0.22182744,-0.22816317,-4.03100084,57634657.05548026,2420223.40268047,1408940795.2396517,2000000000.0,1953940796.0,2026-07-25,79914161.43,4.2057
338,Schwab International Equity Tokenised ETF (xStock),SCHFx,schwab-international-equity-tokenised-etf-xstock,27.49,0.0,0.0,-0.76965782,57474207.44623809,63.73735185,2090731.44584351,2090731.44584351,,2026-07-25,57474207.45,0.0001
339,Playnance,GCOIN,playnance,0.0022852132037140373,-0.41483565,-3.09917963,0.70156286,57189745.6361475,597836.23836458,25026000000.0,77000000000.0,77000000000.0,2026-07-25,175191356.61,1.0574
340,Kusama,KSM,kusama,3.052864311992646,-0.25455299,-1.19447257,-4.78987975,56679868.7687487,2882559.3727869,18566127.73325421,18566127.73325421,,2026-07-25,56680728.77,5.0859
341,Mina,MINA,mina,0.04403624177823343,-0.08939689,-1.84884901,-4.05403996,56685626.37271299,2408456.74930549,1287249412.8400393,1287249412.8400393,,2026-07-25,56731912.7,4.2395
342,Exxon Mobil tokenized stock (xStock),XOMX,exxon-mobil-tokenized-stock-xstock,159.83113973613814,0.0,1.84711007,9.07542312,56661404.81704795,2597.082488,354507.91948671,354507.91948671,,2026-07-25,56661404.82,0.0046
343,Jelly-My-Jelly,JELLYJELLY,jelly-my-jelly,0.056425818929141607,-0.07529109,2.03106475,5.24388498,56425768.08947875,4031486.70593426,999999099.0,999999099.0,,2026-07-25,56518138.76,7.1339
344,Nano,XNO,nano,0.42103686760174197,-2.11846594,2.16951725,31.31520023,56102445.58214659,648800.74989676,133248297.0,133248297.0,133248297.0,2026-07-25,56103872.74,1.1548
345,Broadcom tokenized stock (xStock),AVGOX,broadcom-tokenized-stock-xstock,382.9446353178705,0.01980967,-1.98451642,2.36002881,55590102.64606096,524257.47067101,145164.85548862,145164.85548862,,2026-07-25,55595289.51,0.9429
346,Wormhole,W,wormhole,0.008900873368110965,-0.09188815,0.15852129,-5.72211247,55474734.3709848,62336172.57071954,6232504618.0,10000000000.0,10000000000.0,2026-07-25,88922265.05,111.2104
347,Vanguard tokenized ETF (xStock),VTIX,vanguard-tokenized-etf-xstock,371.33675936817434,0.06552601,-0.3213538,-0.51511955,55134171.37965245,81990.46652724,148474.85466686,148474.85466686,,2026-07-25,55173503.13,0.1483
348,iShares MSCI United Kingdom tokenized ETF (xStock),EWUx,ishares-msci-united-kingdom-tokenized-etf-xstock,46.62,0.0,0.0,-0.01902255,54646038.611370146,0.0,1172158.70037259,1172158.70037259,,2026-07-25,54646038.61,
349,Turbo,TURBO,turbo,0.0007814197360800427,0.33156734,-1.41288691,-4.79974243,53917961.78170875,7511209.75684813,68999999990.0,68999999990.0,69000000000.0,2026-07-25,53980106.98,13.9042
350,Diem,DIEM,venice-ai,1403.062252630012,0.10506365,5.59440385,4.47404149,53900498.91816584,683333.56074252,38416.32744173,37329.35448656,,2026-07-25,52283849.57,1.27
351,AstraZeneca tokenized stock (xStock),AZNX,astrazeneca-tokenized-stock-xstock,95.03090145789947,-0.21983802,1.15383811,-2.06773,53804278.634890415,817875.43948302,566176.66263775,566176.66263775,,2026-07-25,53810668.26,1.5202
352,io.net,IO,io-net,0.14640867960057924,1.41596624,-2.00757454,-2.38928894,53515806.61166149,17931795.76959598,365523456.380176,800000000.0,800000000.0,2026-07-25,117337042.79,33.4347
353,"SpaceX 
Pre-IPO stock (Republic)",preSPCX,spacex-pre-ipo-stock-republic,112.68235054445532,-0.16216948,-2.56978237,-9.23257404,53495945.92098016,0.0,474750.0,474750.0,,2026-07-25,53503389.25,
354,SuperVerse,SUPER,superverse,0.08349026519512373,-0.28265212,-2.96064062,-0.49650067,53447347.44755534,2932552.40150409,640162626.4169173,999998077.4169173,999998077.417,2026-07-25,83624318.23,5.4832
355,Enjin Coin,ENJ,enjin-coin,0.02684066504382534,0.01672684,-1.36359242,-4.73201853,53290229.830317385,2949044.24944005,1985428816.4360046,2008521597.7944763,,2026-07-25,53833250.15,5.5348
356,Baby Doge Coin,BabyDoge,baby-doge-coin,2.9663921351230656e-10,0.03792134,-1.51347712,-1.48073511,53153601.06490328,2563192.53126587,1.7918602343751872e+17,2.026150676904291e+17,,2026-07-25,60104333.5,4.8225
357,Cash Cat,CASHCAT,cash-cat,0.0531412959607635,4.35097312,11.1364612,7.64182334,53141295.9607635,16961356.1204741,1000000000.0,1000000000.0,1000000000.0,2026-07-25,53257354.62,31.7938
358,Linea,LINEA,linea,0.0023878517703144423,-0.30995758,-2.02197517,-2.53344033,53135988.17503163,11075300.02289677,22252632611.292477,69666912275.82079,72009990000.0,2026-07-25,172242688.47,20.8458
359,GoPlus Security,GPS,goplus-security,0.009541397691957979,0.1353586,4.12214234,2.7038164,53053746.27144783,4427570.47559618,5560374693.968,9822841360.54709,10000000000.0,2026-07-25,95620561.79,8.3216
360,FUNToken,FUN,funtoken,0.004902229046699209,1.53457768,5.34248578,19.17280384,52974475.654287964,10774745.18415102,10806201658.398026,10806201658.398026,,2026-07-25,53245200.49,20.2111
361,Honeywell tokenized stock (xStock),HONX,honeywell-tokenized-stock-xstock,241.70313031552269,-0.00996307,0.56589476,6.51558104,52957846.152038984,459080.43016959,219102.85598249,219102.85598249,,2026-07-25,52958002.84,0.8658
362,Ton Strategy tokenized stock (xStock),TONXX,ton-strategy-tokenized-stock-xstock,3.371,0.0,0.0,4.04320988,52446543.66617888,47.71902988,15558155.93775701,15558155.93775701,0.0,2026-07-25,52446543.67,0.0001
363,Dohrnii,DHN,dohrnii,3.0651522998976084,0.15280515,-1.79941339,-3.97677914,52337604.25714826,342566.22297058,17075042.0,372000000.0,372000000.0,2026-07-25,1140557052.91,0.6533
364,Berachain,BERA,berachain,0.1726412889220352,-0.73128733,-10.79166852,-6.42158679,51854547.26088069,26043500.79347949,300360056.3032068,552717000.7476512,,2026-07-25,95645364.6,49.996
365,Useless Coin,USELESS,theuselesscoin,0.05168311616512455,0.01204215,-12.92718576,-14.70449492,51635804.19454604,8458983.98795182,999084575.890754,999084575.890754,1000000000.0,2026-07-25,51541560.31,16.502
366,Circle Internet Group Tokenized bStocks,CRCLB,circle-internet-group-tokenized-bstocks,62.10487825110072,0.00602755,-1.28473436,2.41469249,51339310.33941497,12879546.08053566,826655.03556486,826655.03556486,,2026-07-25,51392934.72,24.9666
367,Xphere,XP,xphere,0.017876839998643455,1.25183482,4.03850551,0.93920633,51179300.64711876,544933.3141527,2862882962.0336924,2862882962.0336924,5500000000.0,2026-07-25,98453033.38,1.0678
368,Pharos,PROS,pharos,0.3773950515214871,-0.6681673,4.38950947,-2.32720378,51174768.98631365,5565894.90765122,135600000.0,1000000000.0,,2026-07-25,376879124.66,10.8866
369,Zilliqa,ZIL,zilliqa,0.002542766612825449,-1.34711373,1.95109035,-11.83189264,51069924.66412339,5955252.92196781,20084393277.20131,20526348702.91131,21000000000.0,2026-07-25,53070270.94,11.7196
370,Collector Crypt,CARDS,collector-crypt,0.12276924098080733,0.38958814,-5.05152166,-18.26741753,51056490.52895398,2761783.02549018,415873635.130934,1999705581.402699,2000000000.0,2026-07-25,246347038.69,5.3895
371,Home Depot tokenized stock (xStock),HDX,home-depot-tokenized-stock-xstock,338.73153671235383,0.12602305,2.58307532,-1.96995495,50913616.66002486,26232.84704453,150306.69170689,150306.69170689,,2026-07-25,50913596.75,0.0514
372,Berkshire Hathaway tokenized stock (xStock),BRK.BX,berkshire-hathaway-tokenized-stock-xstock,493.1790463903398,0.00020486,0.63910283,-0.15905249,50762099.06316483,2759.49363818,102928.33694923,102928.33694923,,2026-07-25,50762099.06,0.0054
373,OpenLedger,OPEN,openledger,0.16283479304589743,-0.99909501,-2.93190409,8.83314593,50410545.03915853,7689241.09469444,309580920.0,1000000000.0,1000000000.0,2026-07-25,162422556.29,14.5536
374,Spark,SPK,spark,0.016953334643029012,-0.6871575,-1.13102563,1.75270582,50300634.28772937,12290074.83212438,2967005332.394139,10000000000.0,10000000000.0,2026-07-25,169320097.28,24.6378
375,UnitedHealth tokenized stock (xStock),UNHX,unitedhealth-tokenized-stock-xstock,432.26045377994234,-0.05240197,-0.83020498,-5.11292447,50121918.26178283,85794.98139417,115953.05058209,115953.05058209,,2026-07-25,50122093.37,0.1707
376,Babylon,BABY,babylon,0.012367693518715682,-0.07750697,-0.42214953,-3.1823489,49729735.742683224,5388482.62686567,4020938557.98,10891716588.0,,2026-07-25,134677316.81,10.8034
377,aelf,ELF,aelf,0.06040608255469241,-1.20978857,-2.03341412,-3.82956384,49683657.2155927,1096924.60104681,822494277.3040861,996445507.2698961,,2026-07-25,60715237.22,2.1852
378,Kava,KAVA,kava,0.045747177818814086,0.69790129,0.39869704,2.34136322,49537194.671293974,8571680.69734056,1082847009.0,1082847009.0,,2026-07-25,49567447.13,17.3102
379,MegaETH,MEGA,megaeth,0.043692496673074725,0.75163158,2.92183626,0.85658172,49363467.63095382,9615025.87096515,1129792788.0,10000000000.0,10000000000.0,2026-07-25,436609474.8,19.4693
380,SK hynix tokenized stock (xStock),SKHYx,sk-hynix-tokenized-stock-xstock,155.20471201834258,0.14797034,-5.39140885,0.66250628,49381219.86096524,5869633.30776357,318168.30313199,318168.30313199,,2026-07-25,49585700.47,11.6635
381,AST SpaceMobile tokenized stock (xStock),ASTSx,ast-spacemobile-tokenized-stock-xstock,56.54085272148853,-0.00093305,-10.08134109,-10.08134109,49261765.24772704,3449.41071302,871259.67997658,871259.67997658,,2026-07-25,49261746.56,0.007
382,LAB,LAB,lab,0.1575462902960843,-1.33264826,5.31623718,-14.2292344,49169438.773566425,28191328.53168363,312095186.0,990000000.0,1000000000.0,2026-07-25,158164615.87,57.3903
383,Venus,XVS,venus,2.9883875480980526,0.90349241,5.63463316,7.02451909,48925574.00572963,3685017.32546323,16371897.29185832,30000000.0,,2026-07-25,89625661.23,7.5327
384,Axelar,AXL,axelar,0.040354175135616524,0.02430419,-0.16922555,-0.58760081,48803136.85165242,2639433.75410553,1209370199.9270668,1248651514.095445,,2026-07-25,50378616.35,5.3978
385,iShares Semiconductor tokenized ETF (xStock),SOXXx,ishares-semiconductor-tokenized-etf-xstock,526.0804960655197,0.0024671,-4.00953684,0.78426438,48725906.36085517,0.0,92620.62883013,92620.62883013,,2026-07-25,48724222.46,
386,Cysic,CYS,cysic,0.3030833647087621,-0.91196517,-2.02184543,0.664753,48735805.04516894,4390735.15000272,160800000.0,1000000000.0,1000000000.0,2026-07-25,303086875.74,9.0048
387,Holoworld AI,HOLO,holoworld-ai,0.06702751658131863,2.1436343,0.30732363,-1.38020923,48681981.08435497,5446281.79037986,726298445.285428,2047999951.7718463,2048000000.0,2026-07-25,137469440.1,11.1887
388,ZetaChain,ZETA,zetachain,0.03206442780757313,-0.88278027,-4.57328086,-10.19197125,48411273.90922151,3928488.08768396,1509812500.0,2100000000.0,2100000000.0,2026-07-25,67367927.57,8.1029
389,aPriori,APR,apriori,0.1961795379672988,-0.87421188,1.29163568,-8.14272653,48431823.43567689,7133290.51230133,246875000.0,1000000000.0,1000000000.0,2026-07-25,196633990.0,14.7037
390,Janction,JCT,janction,0.004189448808087495,-0.74408437,-3.63759251,6.8775471,48152215.39740514,3629827.86169615,11493687500.0,50000000000.0,50000000000.0,2026-07-25,209054350.33,7.5211
391,Global X Copper Miners Tokenised ETF (xStock),COPXx,global-x-copper-miners-tokenised-etf-xstock,78.89,0.0,1.14102564,7.16494586,48010550.75292378,1020.40302056,608575.87467263,608575.87467263,,2026-07-25,48010550.75,0.0021
392,SushiSwap,SUSHI,sushiswap,0.16506891707812427,0.01672638,-3.71551628,2.25516422,47347548.78200611,5649522.17924382,286835036.0570751,291514753.90092283,,2026-07-25,48134671.26,11.9403
393,Targon,SN4,targon,10.71172030443822,0.01409422,0.91638797,2.71241602,47288517.4654288,917034.62721838,4414652.0,4414652.0,21000000.0,2026-07-25,225327836.55,1.94
394,BitMart Token,BMX,bitmart-token,0.14501710508105536,34.72048661,-52.51833264,-53.28962498,47026381.17809298,222386.82997134,324281615.96391135,626297236.4413097,881679315.0,2026-07-25,125421467.17,10.2108
395,SPACE ID,ID,space-id,0.03166193280546783,0.46641478,1.68106616,-6.5545663,46886312.70750567,8675481.08564317,1480841772.8499722,1994841761.516639,2000000000.0,2026-07-25,63252280.15,18.5541
396,Unitas,UP,unitas,0.32133415225439893,0.22854756,0.50811283,1.26392119,46914786.22914224,338319003.45135134,146000000.0,999999961.340917,1000000000.0,2026-07-25,321257197.96,722.9503
397,ETHGas,GWEI,eth-gas,0.026771293201717075,-2.23934464,32.26173799,-11.17311168,46849763.10300488,41662535.0676961,1750000000.0,10000000000.0,10000000000.0,2026-07-25,269155161.19,88.8946
398,Gamestop tokenized stock (xStock),GMEX,gamestop-tokenized-stock-xstock,20.689946468496256,0.02160973,9.12495009,-5.6838029,46725111.40355501,4667.1555414,2258348.58851382,2258348.58851382,,2026-07-25,46725111.4,0.01
399,Russell 2000 Tokenised ETF (xStock),IWMx,russell-2000-tokenised-etf-xstock,291.30484209749204,-0.03836539,-0.23965272,-0.12894022,46116429.347369485,119.74376839,158309.86198278,158309.86198278,,2026-07-25,46115032.7,0.0003
400,Matrixdock Gold,XAUM,matrixdock-gold,4054.796190890033,-0.03622633,0.10609461,1.03016303,45771631.93901402,297053.78318812,11288.26944295,11288.26944295,,2026-07-25,45765779.22,0.65
401,Polymesh,POLYX,polymesh,0.03538824432001367,-0.22843269,-2.16157193,-1.57810562,45858839.194593035,1962169.6834285,1295877771.722565,1300864140.571377,,2026-07-25,45953489.32,4.3123
402,Toshi,TOSHI,toshithecat,0.00010823068979824046,0.17521431,-0.96630642,-4.23811555,45528948.69635774,8075136.61455999,420665790648.023,420690000000.0,420690000000.0,2026-07-25,45434892.64,17.7342
403,Loaded Lions,LION,loaded-lions,0.001463726549139098,-0.00493596,-0.49307501,-6.88789805,45148968.4321527,7788.89028827,30845220686.0,100000000000.0,100000000000.0,2026-07-25,146362467.08,0.0173
404,Micron Technology Tokenized Stock (Ondo),MUon,micron-technology-tokenized-stock-ondo,920.4119596982683,0.27678621,-6.1526668,8.67349476,45020607.22880011,4263915.81336099,48913.54002349,48913.54002349,,2026-07-25,45271863.4,9.4655
405,lium,SN51,celium,11.749612354840888,0.0260232,1.2412866,-2.39396809,44878560.85907845,528511.57640509,3819578.0,3819578.0,21000000.0,2026-07-25,246971641.02,1.1824
406,VanEck Semiconductor tokenized ETF (xStock),SMHx,vaneck-semiconductor-tokenized-etf-xstock,584.72,0.0,0.0,3.0162086,44875690.16136161,639.92224576,76747.31523013,76747.31523013,,2026-07-25,44875690.16,0.0014
407,Bedrock,BR,bedrock-dao,0.1484978787644534,1.0925443,-6.21578395,1.75884456,44796859.994944856,10191737.98898384,301666666.0,1000000000.0,1000000000.0,2026-07-25,148304840.63,22.7994
408,Brett (Based),BRETT,based-brett,0.004462123488776648,0.71869049,-0.70016534,-11.79827955,44621223.932017945,12772589.6216084,9999997544.723145,9999997544.723145,9999997544.723145,2026-07-25,44410979.33,28.698
409,Non-Playable Coin,NPC,non-playable-coin,0.0058629974288107525,-0.21232589,-1.31397926,-10.15514067,44573681.09972267,1985265.89734412,7602541471.481418,8050126520.0,8050126520.0,2026-07-25,47195814.96,4.4479
410,Astar,ASTR,astar,0.0050826494600165455,0.04121061,-1.45868517,0.09977032,44374937.61091969,1730657.28587889,8730670482.0,8731448686.0,10000000000.0,2026-07-25,50851529.11,3.8776
411,RedStone,RED,redstone,0.09662236006752607,0.09158954,-2.4179976,-4.18157405,44380621.26840482,2284311.88498447,459320402.0,1000000000.0,1000000000.0,2026-07-25,96772522.43,5.1401
412,peaq,PEAQ,peaq,0.018489328772559443,0.09535151,3.00641329,5.90895239,44327792.95790075,2025398.32841953,2397479838.407597,4427455625.147329,5667620228.64,2026-07-25,105501982.35,4.5465
413,KUB Coin,KUB,bitkub-coin,0.637692523955391,-1.2227825,-4.03338717,-9.60345718,43984698.99669773,809336.34999989,68974776.0,110000000.0,110000000.0,2026-07-25,69909296.68,1.8477
414,Chevron tokenized stock (xStock),CVXX,chevron-tokenized-stock-xstock,199.124558794858,0.49482876,2.05266275,4.65496856,43903062.14767407,517.62049306,220480.39886885,220480.39886885,,2026-07-25,43903062.15,0.0012
415,EscoinToken,ELG,escointoken,0.27784696430971595,0.09407084,0.19085421,-1.33541036,43660107.60629454,195270.40887798,157137248.97,225000000.0,370000000.0,2026-07-25,102858641.13,0.4445
416,Concordium,CCD,concordium,0.003439649082319496,-0.17244063,-4.89636789,4.3346152,43528797.9591362,87932.7682241,12655011286.727818,14574387438.404951,,2026-07-25,50150618.71,0.2017
417,Nervos Network,CKB,nervos-network,0.0008847832142698326,0.33936853,-1.00268686,-0.6905268,43528446.911735274,2182907.08564594,49196736793.49481,50030374594.50946,,2026-07-25,44266605.15,5.0215
418,Creditcoin,CTC,creditcoin,0.07917310380196688,0.01726775,-0.53714893,-0.3613478,43510708.51952353,2489029.52752384,549564264.0,549564264.0,600000000.0,2026-07-25,47384747.68,5.7231
419,Johnson & Johnson tokenized stock (xStock),JNJX,johnson-johnson-tokenized-stock-xstock,262.93,0.0,1.83980169,4.57318882,43490969.41932025,1577.93101155,165408.927925,165408.927925,,2026-07-25,43490969.42,0.0036
420,Impossible Cloud Network,ICNT,impossible-cloud-network,0.17183728579693153,0.12890742,1.46276169,8.29252826,43475886.49734832,1879277.69673782,253006129.0,700000000.0,700000000.0,2026-07-25,120039819.79,4.3398
421,Lombard,BARD,lombard,0.1264993830602671,0.45965273,-1.91938367,1.2580723,43405100.81255415,12276285.48144473,343125000.0,1000000000.0,1000000000.0,2026-07-25,126225731.36,28.0524
422,VVS Finance,VVS,vvs-finance,9.941752321408286e-07,1.06862007,0.72142127,-6.69381227,43296660.50377658,8530.55742919,43550331072463.74,95109375559623.39,100000000000000.0,2026-07-25,99417574.7,0.0197
423,TQQQ tokenized ETF (xStock),TQQQX,tqqq-tokenized-stock-xstock,64.86956654410379,-0.26558564,-2.67762034,-5.57622112,42571675.81336934,104127.79032202,656265.76654286,656265.76654286,,2026-07-25,42569672.01,0.2446
424,Blur,BLUR,blur-token,0.014932914372490344,-0.89760753,-2.49432458,-6.51906189,42564768.66706156,15020874.96558763,2850399299.51484,3000000000.0,,2026-07-25,44770418.76,35.3916
425,SentismAI,SENTIS,sentismai,0.20575931079557275,-0.099786,0.75411678,9.43264565,42487011.487583525,3070022.21238621,206488889.0,1000000000.0,1000000000.0,2026-07-25,205966798.91,7.1696
426,StraitsX USD,XUSD,straitsx-xusd,1.00008217903825,-0.01527251,-0.01536059,0.0015885,42435291.345871955,3218203.97822863,42431804.341,42431804.341,,2026-07-25,42436261.32,7.0157
427,SPDR S&P 500 Tokenized ETF (Ondo),SPYon,spdr-sp-500-tokenized-etf-ondo,744.4179495462148,-0.02526668,0.05124926,-0.70451427,42333191.21139758,4091636.87316226,56867.50465542,56867.50465542,,2026-07-25,42338193.3,9.6535
428,Flow,FLOW,flow,0.02509342545380856,0.23340513,-0.08102361,-3.40767324,42095988.687887475,2388615.57872392,1677570436.3430521,1677570436.3430521,,2026-07-25,42072876.79,5.6499
429,iShares Bitcoin Trust Tokenized Stock (Ondo),IBITon,ishares-bitcoin-trust-tokenized-stock-ondo,36.326723886466354,0.02713384,-1.10378681,0.39492507,41980331.42082954,226297.82580437,1155632.18835898,1155632.18835898,,2026-07-25,41957848.94,0.5393
430,iShares MSCI South Korea tokenized ETF (xStock),EWYx,ishares-msci-south-korea-tokenized-etf-xstock,164.20151976967313,0.04076809,-2.82397475,1.06969129,41881145.51677547,730075.76939809,255059.42682822,255059.42682822,,2026-07-25,41984342.07,1.7362
431,StorX Network,SRX,storx-network,0.05018231879400314,-0.05702604,-0.75710107,-1.81975736,41852053.874198616,2476609.55497995,834000000.0,977000000.0,1500000000.0,2026-07-25,75316433.89,5.9264
432,ECOMI,OMI,ecomi-new,0.00014795969479541526,0.819325,-2.57644878,-7.53649136,41807533.37537928,871212.97688085,282560283955.61914,305278604837.5089,,2026-07-25,45144598.96,2.0833
433,Oasis,ROSE,oasis-network,0.005272999945594465,-0.46306697,-0.73732427,-5.94717635,41801884.768798284,1707033.13660991,7927533700.0,10000000000.0,10000000000.0,2026-07-25,52695346.93,4.0657
434,Alaya Governance Token,AGT,alaya-ai,0.014341345185689474,0.6623229,11.36118461,3.02069906,41796558.87609648,21679610.80575634,2914409934.0,5000000000.0,5000000000.0,2026-07-25,71910875.45,51.937
435,REAL,ASSET,real-finance,0.2742083260227132,0.03061132,-3.29905207,-1.73424542,41689928.89888711,7380798.91251949,152037429.0,1000000000.0,1000000000.0,2026-07-25,274752352.86,17.6823
436,Merck tokenized stock (xStock),MRKX,merck-tokenized-stock-xstock,127.88,0.0,-1.8723143,-1.17978417,41753705.52797738,1.11613664,326506.92467921,326506.92467921,,2026-07-25,41753705.53,0.0
437,Pirate Chain,ARRR,pirate-chain,0.21151047097556536,-0.84039434,-3.6968142,0.43115146,41501272.82065546,85620.31170997,196213797.97055,196213797.97055,,2026-07-25,41389834.27,0.2073
438,Frankencoin,ZCHF,frankencoin,1.2234209190651324,1.958e-05,-0.07272073,-1.17797701,41636217.00348996,209.74585688,34032618.17306995,34032618.17306995,,2026-07-25,41636061.22,0.0005
439,Celo,CELO,celo,0.06832233814661107,-0.03337359,-2.99624936,-3.00583885,41250563.044575125,3324479.7837762,603763925.0,1000000000.0,1000000000.0,2026-07-25,68235688.02,8.072
440,Popcat (SOL),POPCAT,popcat-sol,0.04209095922037724,-0.10313177,-5.02330397,-2.18685246,41246456.963741355,9450977.07277193,979936255.379349,979936255.379349,979973220.96,2026-07-25,41175904.08,22.9081
441,Eli Lilly tokenized stock (xStock),LLYX,eli-lilly-tokenized-stock-xstock,1194.7632349783505,-0.92133331,0.57652456,1.52513812,41203884.43348409,171303.88013307,34487.07093354,34487.07093354,,2026-07-25,41198638.17,0.4135
442,NVIDIA Tokenized Stock (Ondo),NVDAon,nvidia-tokenized-stock-ondo,206.7303186647466,0.04884721,-0.13167462,2.02679165,41154874.80124641,24728072.80421177,199075.17710543,199075.17710543,,2026-07-25,41202005.14,56.5157
443,Alchemy Pay,ACH,alchemy-pay,0.004113600898875664,0.01120109,-1.3159553,-7.25960737,41136008.98875659,3218283.7748184,9999999999.999989,15346246087.999989,15346246087.999989,2026-07-25,63121209.86,7.7487
444,Ontology,ONT,ontology,0.041102669794647266,0.32058881,-0.83312284,-5.67351443,41102669.79464727,3011405.49248658,1000000000.0,1000000000.0,1000000000.0,2026-07-25,41093751.26,7.3146
445,Movement,MOVE,movement,0.009856476128342022,-0.1391426,-3.61461938,-8.14667534,41068650.538043916,8620049.06652873,4166666667.0,10000000000.0,10000000000.0,2026-07-25,98550396.22,20.9722
446,XYO,XYO,xyo,0.0029485357939563936,-0.06396346,-1.89511888,-3.02035003,40890336.248081565,2138751.42636843,13868014196.027187,13930752875.47967,13931216938.0,2026-07-25,41203474.99,5.1471
447,Threshold,T,threshold,0.0036718638722992207,0.31559557,2.30498249,-17.06794263,40959641.49549781,7057615.94162661,11155000000.0,11155000000.0,11155000000.0,2026-07-25,40845461.09,17.2911
448,Bit Digital Tokenised Stock (xStock),BTBTx,bit-digital-tokenised-stock-xstock,1.55,0.0,0.0,-7.18562874,40884677.691113375,551.4344728,26377211.41362153,26377211.41362153,,2026-07-25,40884677.69,0.0013
449,Tellor,TRB,tellor,14.6104899438935,-0.05652707,-0.41299722,-2.46367317,40879624.885376036,9319808.95306369,2797964.0,2877186.0,,2026-07-25,41963546.82,22.7818
450,BitDCA,BDCA,bitdca,0.49719500399118965,0.13196974,-1.15942139,-2.33645605,40758776.49790587,104578.21807973,81977445.8124445,142665333.0,142665333.0,2026-07-25,71055523.19,0.2457
451,Aegis YUSD,YUSD,aegis-yusd,0.9980570611757801,0.00211394,0.09202045,-0.07654675,40580232.668879256,0.0,40659231.0674832,40659231.0674832,,2026-07-25,40580232.67,
452,Seeker,SKR,solana-mobile-seeker,0.00816259537292001,-0.52786057,-3.05745229,-1.04652429,40378164.66409265,4198777.6743403,4946731133.831536,10469834605.88277,,2026-07-25,85731417.81,10.3418
453,Philip Morris tokenized stock (xStock),PMX,philip-morris-tokenized-stock-xstock,191.7841720042451,-0.0301646,0.06077171,0.27215468,40342441.65420136,156857.78670889,210353.34267996,210353.34267996,,2026-07-25,40318694.05,0.387
454,Peanut the Squirrel,PNUT,peanut-the-squirrel,0.040288328974089196,-0.01856591,-0.16218912,-2.33572632,40281952.73527293,7432787.80854865,999841734.840371,999841734.840371,,2026-07-25,40295048.67,18.4194
455,Paycoin,PCI,payprotocol,0.03769110473188512,-0.5398426,-1.75931921,-0.59031007,40257341.92111983,607199.47661643,1068086016.7800754,1900000000.0,1900000000.0,2026-07-25,71502456.65,1.5177
456,Altlayer,ALT,altlayer,0.006023687935769019,-0.69042699,-3.34076235,-7.33006857,40025669.19655004,2387017.5952742,6644711615.765356,10000000000.0,10000000000.0,2026-07-25,60401666.09,5.9667
457,Ronin,RON,ronin,0.05181241862800171,-0.33900183,-2.62946334,-2.79077806,40019999.16379466,3890798.27789661,772401679.4337813,1000000000.0,1000000000.0,2026-07-25,51816591.27,9.7256
458,Bank of America tokenized stock (xStock),BACX,bank-of-america-tokenized-stock-xstock,60.7,0.0,-0.68717277,-0.78972685,39500161.99026569,392.0713155,650744.01960899,650744.01960899,,2026-07-25,39500161.99,0.001
459,Danaher tokenized stock (xStock),DHRX,danaher-tokenized-stock-xstock,190.40074547664554,-0.04237931,1.02670841,-6.35107052,39496906.283072926,72414.88482075,207440.92248272,207440.92248272,,2026-07-25,39449076.48,0.1834
460,Cap,CAP,cap-app,0.02521125366919663,-7.30449815,3.28466033,32.91811938,39329555.72394674,707919474.677875,1560000000.0,10000000000.0,10000000000.0,2026-07-25,249021435.94,1829.9226
461,JPMorgan Chase tokenized stock (xStock),JPMX,jpmorgan-chase-tokenized-stock-xstock,346.16,0.0,1.08336984,0.99495906,39194293.98075682,314.68470968,113225.94748312,113225.94748312,,2026-07-25,39194293.98,0.0008
462,Rocket Pool,RPL,rocket-pool,1.7272031498276201,0.59316587,1.77230364,-3.29642108,39068639.54246008,8617059.59969863,22619597.20624597,22619597.20624597,,2026-07-25,38969784.25,22.0139
463,Request,REQ,request,0.04903836664513205,0.04249854,-1.59121688,-8.0651049,39068613.209160745,271664.5193268,796694830.6390833,999416740.9347085,,2026-07-25,48923977.97,0.6808
464,AppLovin tokenized stock (xStock),APPX,applovin-tokenized-stock-xstock,387.24,0.0,-3.76739563,-10.40673731,38893676.008641206,44.067912,100438.16756699,100438.16756699,,2026-07-25,38893676.01,0.0001
465,CrowdStrike tokenized stock (xStock),CRWDX,crowdstrike-tokenized-stock-xstock,185.11136630185635,-0.02700976,-0.82974231,-9.71535202,38707837.91204382,45859.54229859,209105.67884267,209105.67884267,,2026-07-25,38705894.9,0.1184
466,Mog Coin,MOG,mog-coin,9.882478854789749e-08,-0.2467381,-1.37962782,-2.8025534,38597753.213438004,9491913.52613458,390567526433216.7,390567526433216.7,420690000000000.0,2026-07-25,41386612.34,24.6706
467,ApeX Protocol,APEX,apex-token,0.26388551311682007,-0.10031232,-2.34820134,-8.85623054,38563904.04382544,859132.27307554,146138769.0,499999990.0,500000000.0,2026-07-25,131926293.12,2.207
468,Espresso,ESP,espresso,0.07397874752557032,-0.31239449,2.80572314,-0.46863177,38509637.02443563,14444163.43273943,520550000.0,3590000000.0,,2026-07-25,265639074.09,37.3604
469,Gemini Dollar,GUSD,gemini-dollar,0.999932077126372,-0.00852548,0.13080825,0.02101684,38485715.382051066,578062.30494003,38488329.62,38488329.62,148548675.98,2026-07-25,148468275.72,1.5061
470,Eurite,EURI,eurite,1.1362116718347806,-0.00193078,-0.19825945,-0.60326786,38465368.44172125,3758336.79259565,33854051.48990108,33854051.48990108,,2026-07-25,38483666.77,9.7066
471,Magic Eden,ME,magiceden,0.06561081398437096,-0.17007344,1.25977266,2.8936114,38199908.03981854,141341369.0284053,582219693.980905,999990733.886836,1000000000.0,2026-07-25,65568782.43,369.358
472,Aztec,AZTEC,aztec,0.013257323169233365,-0.28604695,-1.82432779,-0.01443832,38175782.49519513,3090432.19856235,2879599600.0,10350000000.0,10350000000.0,2026-07-25,137041786.57,8.0976
473,TROLL (SOL),TROLL,troll-sol,0.03812177860084426,1.08929681,1.79840779,-7.62902039,38074915.3888951,2917207.93488213,998770697.127229,998770697.127229,1000000000.0,2026-07-25,37989785.66,7.6704
474,Purr,PURR,purr,0.0640238586426047,0.6403221,0.79629258,-10.58909191,38116140.19794726,677824.05885582,595342752.0,595342752.0,1000000000.0,2026-07-25,64229402.18,1.7537
475,Propy,PRO,propy,0.378100597973354,-0.7178765,1.92147988,8.01272675,37810059.7973354,5296156.46217128,100000000.0,100000000.0,,2026-07-25,37811436.2,14.0234
476,Mask Network,MASK,mask-network,0.3791246834227001,0.1448651,-0.73181114,-2.41069782,37912468.34227001,7882576.8751286,100000000.0,100000000.0,100000000.0,2026-07-25,37923140.94,20.8075
477,BUSD,BUSD,binance-usd,0.999301327817947,-0.02975345,-0.02516049,-0.07954288,37815821.95451167,489102.99261104,37842261.28978082,37842261.28978082,,2026-07-25,37818959.16,1.2704
478,Succinct,PROVE,succinct,0.19365581914535965,0.35874181,0.9320498,-0.48014435,37762884.73334513,7660343.0969137,195000000.0,1000000000.0,1000000000.0,2026-07-25,193284261.62,20.2051
479,Synapse,SYN,synapse-2,0.15971173137734415,2.8610883,12.39217801,-28.77555147,37529712.304848984,26739504.65496835,234984067.7400154,248947490.51204002,250000000.0,2026-07-25,40473168.78,71.0825
480,Amp,AMP,amp,0.00042002658662313694,0.09877046,-0.38927763,0.0765347,37710488.08208151,3485310.04777938,89781193103.18022,99720253743.71327,100000000000.0,2026-07-25,42010285.19,9.2696
481,IREN tokenized stock (xStock),IRENx,iren-tokenized-stock-xstock,37.455886180869456,-0.00083745,-14.13139344,-14.13139344,37465748.42181265,3132.45516907,1000263.30283298,1000263.30283298,,2026-07-25,37465270.32,0.0084
482,Fractal Bitcoin,FB,fractal-bitcoin,0.3502273031495812,0.09195492,-2.62360052,0.1714848,37480065.14585742,1201291.90687401,107016399.9459796,154266375.0,210000000.0,2026-07-25,73479705.65,3.2014
483,SuperTrust,SUT,supertrust,0.19868728535084956,-0.33761437,0.17992976,-14.39706223,37433426.061048985,70448.64568086,188403732.0,188403732.0,238403732.0,2026-07-25,47380566.12,0.1881
484,MultiBank Group,MBG,multibank-group,0.11334849735649336,-2.89010806,3.3140816,-8.60581908,37312231.472421326,6026603.81132015,329181527.25986564,977514798.0,1000000000.0,2026-07-25,113342622.83,16.0405
485,MetYa,MY,metya,0.03760960144758092,-0.34173352,-2.70338884,-2.45875389,37099741.39363345,49880.79867387,986443353.9754975,994243267.9861139,1000000000.0,2026-07-25,37568114.37,0.1338
486,Amazon tokenized stock (xStock),AMZNX,amazon-tokenized-stock-xstock,231.38783822052488,-0.07180291,-1.29130257,-6.35851921,36996901.66613596,8383038.18975146,159891.29744527,300884.71621253,,2026-07-25,69619092.3,22.5857
487,Vana,VANA,vana,1.2274803514743058,-0.36324956,-0.13336616,5.58490127,36927518.893753015,129015905.78490108,30084000.0,112641600.0,120000000.0,2026-07-25,146943914.13,349.5257
488,KGeN,KGEN,kgen,0.17208112969822137,-0.21622305,-0.45282366,4.3117376,36806787.91884289,1487986.67695403,213892063.49,978000000.0,978000000.0,2026-07-25,168069979.26,3.9818
489,Moca Network,MOCA,mocaverse,0.008649628493182845,-0.26908682,1.67671524,3.33867643,36615488.234919764,4076324.24325701,4233186230.3425,8888888888.0,8888888888.0,2026-07-25,76641975.78,11.175
490,Glidr,GLIDR,glidr,1.0266399459114584,1.34492949,-1.08845292,1.49720792,36406408.036327824,76599.83759043,35461710.0,100000000.0,100000000.0,2026-07-25,102237222.28,0.2113
491,Gravity,G,gravity-token,0.003337611747604689,-0.06686772,5.06029214,-1.10216363,36384306.944162995,5805207.03826041,10901300000.0,12000000000.0,12000000000.0,2026-07-25,40001485.35,16.0374
492,BIM,BIM,bim,1.2124678038893555,0.00117328,-0.62082673,1.20000795,36374034.11668067,214504.93727756,30000000.0,30000000.0,30000000.0,2026-07-25,36374720.29,0.5901
493,0G,0G,zero-gravity,0.17056626910515127,-0.52931634,-5.23417675,-6.84511622,36372233.14792634,9938439.23226542,213243998.0,1000000000.0,,2026-07-25,171023508.55,27.3936
494,VeThor Token,VTHO,vethor-token,0.0003570963385388961,-0.07350689,-0.33348074,-1.99463989,36326196.32737643,1004468.41387016,101726599819.0,101726599819.0,,2026-07-25,36416950.02,2.7641
495,Helium,HNT,helium,0.19487470426463877,-1.28423569,-2.5005869,-4.36655827,36309335.186085165,2891928.42225782,186321438.2959488,186321438.2959488,223000000.0,2026-07-25,43725181.58,7.9477
496,Amber tokenized stock (xStock),AMBRX,amber-tokenized-stock-xstock,1.39,0.0,-2.11267606,0.72463768,36257421.59435056,253.3369659,26084475.96715868,26084475.96715868,,2026-07-25,36257421.59,0.0007
497,Arcium,ARX,arcium,0.17348880415110612,-2.75435057,-3.44674184,6.74414747,36229899.79285066,21403793.21798662,208831342.0,1000000000.0,1000000000.0,2026-07-25,168562306.86,60.5621
498,Vitalum,VAM,vitalum,0.10652958813356338,0.01921676,-1.68173302,0.01401867,36190111.30229956,671009.49477087,339718870.0,1000000000.0,1000000000.0,2026-07-25,106506432.66,1.8566
499,Zest Protocol,ZEST,zest-protocol,0.2479000973013847,0.68823372,-0.97008019,14.79209137,36193414.20600217,3169223.57719276,146000000.0,1000000000.0,1000000000.0,2026-07-25,248631135.6,8.673
500,Thermo Fisher tokenized stock (xStock),TMOX,thermo-fisher-tokenized-stock-xstock,555.65,0.0,-4.38785167,2.39578306,36108522.464265555,195.0053675,64984.29310585,64984.29310585,,2026-07-25,36108522.46,0.0005
501,Direxion Semiconductor Bull 3X tokenized ETF (xStock),SOXLx,direxion-semiconductor-bull-3x-tokenized-etf-xstock,137.3690928906494,0.07610247,-10.50273772,1.86886764,35959068.08038946,12666403.94883761,261769.71343193,261769.71343193,,2026-07-25,,
502,Moo Deng (moodengsol.com),MOODENG,moo-deng-solana,0.03630823298010494,0.03805981,-0.9245181,-5.13245733,35944126.43753216,7672197.88860746,989971791.17,989971791.17,989971791.17,2026-07-25,,
503,Union,U,union,0.018710373716520852,1.89139642,45.84993889,-84.93959908,35906142.68068934,1693439.84991222,1919050000.0,10000000000.0,,2026-07-25,,
504,CROSS,CROSS,cross,0.07613532262913006,-0.02044591,4.38436928,7.48934773,35646408.43196909,3087053.09002731,468198034.77565426,985221636.3313439,985222890.0,2026-07-25,,
505,Spacecoin,SPACE,spacecoin-org,0.006410237185952507,0.14227324,0.3326029,8.07721951,35598300.15161754,2840922.26526418,5553351478.10571,21000000000.0,21000000000.0,2026-07-25,,
506,BankrCoin,BNKR,bankr-coin,0.00035838282685578027,1.14593555,-12.61551075,7.58101565,35587414.70677886,5692220.20382382,99299999999.99966,100000000000.0,100000000000.0,2026-07-25,,
507,GOHOME,GOHOME,gohome,71.13659620936083,0.03110129,-0.57516681,-1.14183807,35560828.762078434,356452.06104868,499895.0,9999895.37,9999895.37,2026-07-25,,
508,Celo Dollar,CUSD,celo-dollar,1.0001895546532495,0.00393364,0.0100315,0.01721151,35560905.07689609,277446.52366573,35554165.61936053,57241566.21607361,1000000000000000.0,2026-07-25,,
509,Ampleforth,AMPL,ampleforth,1.2573114769959792,0.11172079,-6.57184388,0.63658561,35549845.309529364,4204.88960939,28274493.6,10630913.57552586,,2026-07-25,,
510,Nesa,NES,nesa,0.25101003241878284,-0.57852047,-6.12864008,5.06131752,35517919.58725777,78414139.15485454,141500000.0,1000000000.0,,2026-07-25,,
511,ZEROBASE,ZBT,zerobase,0.11234483308593923,2.31693721,-1.3557089,26.05114157,35458837.26868057,15159031.74369748,315624994.0,1000000000.0,1000000000.0,2026-07-25,,
512,Zerebro,ZEREBRO,zerebro,0.0353813194554093,0.19997213,-2.74921588,5.91960498,35379481.876038514,6944686.1187495,999948063.571425,999948293.462241,1000000000.0,2026-07-25,,
513,Verge,XVG,verge,0.002137904986052494,-0.28379323,1.85787315,4.64205186,35322361.92428345,2696754.62510502,16521951234.841335,16521951234.841335,16521951235.741348,2026-07-25,,
514,Notcoin,NOT,notcoin,0.00035489551105176984,0.81694733,-0.39516774,-3.807567,35287032.06393439,1825619.14521197,99429355866.90741,102452705868.52051,102456957533.56,2026-07-25,,
515,Subsquid,SQD,subsquid,0.0320286396703071,-0.41885054,2.1154857,8.75884317,35224950.07844238,2772281.26029087,1099795384.4133599,1336997644.8069928,1337000000.0,2026-07-25,,
516,Walmart tokenized stock (xStock),WMTX,walmart-tokenized-stock-xstock,114.24888627012378,0.0,-1.29272371,-1.36986788,35119131.77119136,0.0,307391.45840037,307391.45840037,,2026-07-25,,
517,Ankr,ANKR,ankr,0.0034934953924175434,-0.18650627,0.24466507,-0.79236601,34934953.924175434,4305071.20435581,10000000000.0,10000000000.0,10000000000.0,2026-07-25,,
518,Momentum,MMT,momentum-token,0.17006018517817362,-0.22175443,-5.45180428,0.35012381,34708505.59945786,5197515.96349425,204095424.0,1000000000.0,,2026-07-25,,
519,Netflix tokenized stock (xStock),NFLXX,netflix-tokenized-stock-xstock,70.05346789662819,-0.036924,2.0711445,0.94159639,34727141.634810865,151732.31756204,495723.37640807,495723.37640807,,2026-07-25,,
520,Coinbase Tokenized Stock (Ondo),COINon,coinbase-tokenized-stock-ondo,158.23234635668044,-0.03556135,-2.98079448,0.61881888,34712075.17176937,3317821.22926595,219374.07850556,219374.07850556,,2026-07-25,,
521,Nockchain,NOCK,nockchain,0.015450946428219188,-0.1229097,-2.36952008,-17.18959602,34677868.81467915,681563.75827908,2244384768.0,4294967296.0,4294967296.0,2026-07-25,,
522,APRO,AT,apro,0.1386062874344972,0.33270062,0.61305429,-5.67513203,34651571.8586243,3278710.00481691,250000000.0,1000000000.0,1000000000.0,2026-07-25,,
523,MANTRA,MANTRA,mantra-new,0.006244203562531769,-0.41014481,-2.469242,-8.56645879,34230209.97669665,7882780.37222524,5481917691.167919,7375350120.44318,10000000000.0,2026-07-25,,
524,Tokenised GBP,TGBP,tokenised-gbp,1.3322032044207923,0.00073345,-0.06359831,-0.96696798,34093263.94845124,24902.18134308,25591639.35,25591639.35,,2026-07-25,,
525,Status,SNT,status,0.007100353167803493,0.77804952,-1.11782347,0.35847089,34168997.470257774,1853918.90972415,4812295482.0327635,6804870174.878168,,2026-07-25,,
526,Prom,PROM,prom,1.856777213006617,-0.99411806,-4.52480108,43.47595407,33886184.13737076,12001448.92361114,18250000.0,19250000.0,19250000.0,2026-07-25,,
527,AI Analysis Token,AIAT,ai-analysis-token,0.23093460703530977,-0.04621446,0.40235037,0.70273074,33806392.94925866,365765.61657054,146389462.2952275,500000000.0,500000000.0,2026-07-25,,
528,PlaysOut,PLAY,playsout,0.0388794393710007,-0.74928229,8.17751198,11.93621859,33788827.55087608,2639425.57904765,869066738.0373392,3999999999.98607,5000000000.0,2026-07-25,,
529,PepsiCo tokenized stock (xStock),PEPX,pepsico-tokenized-stock-xstock,139.70995868950692,0.38748469,1.97545641,-1.2163203,33784055.84567723,108996.87611658,241815.65983252,241815.65983252,,2026-07-25,,
530,KLA Corporation tokenized stock (xStock),KLACx,kla-corporation-tokenized-stock-xstock,211.6808029802937,0.00384749,-3.00800821,-2.89892358,33607357.058566235,0.0,158764.31204626,158764.31204626,,2026-07-25,,
531,Novo Nordisk tokenized stock (xStock),NVOX,novo-nordisk-tokenized-stock-xstock,48.62,0.0,0.45454545,-3.67119345,33434758.058531374,132.0295548,687674.99092002,687674.99092002,,2026-07-25,,
532,Memecoin,MEME,meme,0.0005218132019784635,-0.08129124,0.47325269,-2.76276648,33342090.88400272,6509978.45498891,63896602764.333336,69000000000.0,69000000000.0,2026-07-25,,
533,Fogo,FOGO,fogo,0.008567881361433877,0.3660139,-3.34183409,-4.96187429,33084105.267229293,2700765.30587706,3861410291.7144623,10035410291.714529,,2026-07-25,,
534,Invesco QQQ Tokenized ETF (Ondo),QQQon,invesco-qqq-tokenized-etf-ondo,687.1177678571164,0.00156421,-0.97430489,-1.48129308,33079325.159751527,3761847.50584022,48142.1478343,48142.1478343,,2026-07-25,,
535,Locus Chain,LOCUS,locus-chain,0.005983786811312142,-0.00348523,4.48652392,-4.24006869,32989709.218889307,107360.31535584,5513182581.392004,7000000000.0,7000000000.0,2026-07-25,,
536,PumpMeme,PM,pumpmeme,1.0299272632750718,-0.13941762,-1.05969542,0.69104614,32965927.29181745,124836.74773002,32008015.0,100000000.0,100000000.0,2026-07-25,,
537,Oracle tokenized stock (xStock),ORCLX,oracle-tokenized-stock-xstock,115.94476785516379,-0.04223951,-5.30817077,-9.81888963,32908308.99665526,109074.41856341,283827.46031079,283827.46031079,,2026-07-25,,
538,Waves,WAVES,waves,0.24688796258808293,0.35662112,-0.79630407,-3.08679811,32891100.724520404,3113288.98840709,133222780.0,133222780.0,,2026-07-25,,
539,Sahara AI,SAHARA,sahara-ai,0.009410437305389261,5.34649725,4.92857011,2.07076786,32854189.242440257,12628504.58727467,3491250000.0,10000000000.0,10000000000.0,2026-07-25,,
540,Abbott tokenized stock (xStock),ABTX,abbott-tokenized-stock-xstock,104.05747013343544,0.11201682,1.5442195,2.28761577,32678185.09846384,93717.44152109,314039.78067658,314039.78067658,,2026-07-25,,
541,ssv.network,SSV,ssv-network,2.0596127135255484,-0.03857806,0.84487842,2.39421467,32631448.52532437,4858546.6585134,15843487.61834325,17361673.60305064,,2026-07-25,,
542,Burnedfi,BURN,burnedfi-app,2.651109513445282,0.33899057,-2.40491673,-5.79594025,32616124.342583213,91303.79090594,12302820.45202898,12302820.45202898,21000000.0,2026-07-25,,
543,Atoshi,ATOS,atoshi,0.03609923704151237,-0.36627244,-1.07044708,-1.81331665,32603409.777229358,10323.52639734,903160633.0,100000000000.0,100000000000.0,2026-07-25,,
544,Gensyn,AI,gensyn,0.024857331238236986,0.86908428,0.4986455,5.83832298,32430746.41359152,6742495.51151468,1304675313.0,10000000000.0,10000000000.0,2026-07-25,,
545,Accenture tokenized stock (xStock),ACNX,accenture-tokenized-stock-xstock,149.08611885308608,0.06565163,4.4745684,1.18863619,32277985.481120672,132217.62677258,216505.63935418,216505.63935418,,2026-07-25,,
546,Dusk,DUSK,dusk,0.06449183223169007,0.27936951,-3.71646741,-6.26911195,32052440.575058516,3064565.21724838,496999999.31632507,500000000.0,1000000000.0,2026-07-25,,
547,UMA,UMA,uma,0.3544725810238117,0.09426221,-1.9474276,-2.57060551,32069703.980701,1689698.75545572,90471606.82520242,129187802.17873503,,2026-07-25,,
548,Pax Dollar,USDP,paxos-standard,0.9992033265202035,-0.00145318,0.00349313,-0.07732208,31928569.035638817,3749324.60189655,31954025.96069443,31954025.96069443,,2026-07-25,,
549,Siacoin,SC,siacoin,0.0005696130165111742,-0.57467216,-1.82790752,-5.17654465,31912931.82129786,3782755.19239972,56025636522.075195,62217525676.30304,,2026-07-25,,
550,Irys,IRYS,irys,0.012389064276429562,0.42826353,-1.23344748,-3.15191177,31800413.249603406,3178773.79133137,2566813162.0,10000000000.0,,2026-07-25,,
551,Dogelon Mars,ELON,dogelon,3.1835929199028584e-08,0.110631,0.18403574,-2.23259763,31790848.029702283,5032016.64648335,998583953085067.2,998583953085067.2,1000000000000000.0,2026-07-25,,
552,Perle,PRL,perle,0.1812603727925263,-0.06547091,6.0305489,6.14452103,31720565.2386921,3584743.49608521,175000000.0,1000000000.0,1000000000.0,2026-07-25,,
553,Solstice,SLX,solstice,0.1302302940415356,0.44249384,18.04508302,15.01399959,31626976.87051866,53719788.09334848,242854223.0,1000000000.0,1000000000.0,2026-07-25,,
554,Block Street,BSB,block-street,0.13169720807438395,0.58615537,2.27647175,-2.01892741,31120050.26797693,10657285.32676547,236300000.0,1000000000.0,1000000000.0,2026-07-25,,
555,Bitmine Tokenised Stock (xStock),BMNRx,bitmine-tokenised-stock-xstock,15.803628606077833,0.04998258,-4.6811589,0.61532897,31087380.847352155,123792.34952206,1967103.98745997,1967103.98745997,,2026-07-25,,
556,Yooldo,ESPORTS,yooldo,0.04571640064986323,-3.49994654,18.8239555,27.92646636,31026222.345439952,9141610.30662895,678667215.7999991,899999019.7999991,900000000.0,2026-07-25,,
557,Storj,STORJ,storj,0.07251111932935396,0.06525458,-1.14034598,-2.04905081,30817225.569953274,2826617.75832174,424999998.00000113,424999998.00000113,,2026-07-25,,
558,Kinetiq,KNTQ,kinetiq,0.10982247800379828,0.78255183,2.5400017,-3.32373554,30802590.259578936,131805.32611306,280476190.48,1000000000.0,1000000000.0,2026-07-25,,
559,LUSD,LUSD,lusd,0.9989855020635622,-0.01886899,-0.02778823,-0.02453352,30745596.891230464,40634.06319892,30776819.91152082,10000000000000.0,10000000000000.0,2026-07-25,,
560,Wiki Cat,WKC,wiki-cat,5.7282021212234964e-08,1.98439025,1.68802124,8.09156741,30736272.494038444,143655.05895297,536578002025414.4,536578002025414.4,553003328316637.0,2026-07-25,,
561,Liquity BOLD,BOLD,liquity-v2,1.0003477105110097,-0.08900658,-0.10373683,-0.04973563,30583947.638935223,777547.31522569,30573316.97526649,30573316.97526649,,2026-07-25,,
562,Terra,LUNA,terra-luna-v2,0.043022133172866614,0.01546924,-1.17219283,-6.62148679,30545045.081744134,4062114.99033745,709984438.91686,1186707049.0,,2026-07-25,,
563,cat in a dogs world,MEW,mew,0.00034088055633826653,0.10312509,-4.73393048,-8.81408834,30299352.783645954,4033563.53619318,88885541343.63402,88885557312.05334,88888888888.0,2026-07-25,,
564,ChangeNOW Token,NOW,now-token,0.3566244593985936,0.47052724,0.03192598,1.19221728,30243062.96876673,0.0,84803670.0,199763509.8661694,200000000.0,2026-07-25,,
565,Degen,DEGEN,degen-base,0.0012248252763090229,-1.24429091,1.03650272,5.4284081,30170764.026476946,3726676.40352178,24632708525.901516,36428630068.98829,36963632968.517365,2026-07-25,,
566,Mango,MNGO,mango-markets,0.026934345062097843,0.03381864,-1.46896397,16.50049669,30098241.48793307,1515.06043581,1117466989.397395,1117466989.397395,,2026-07-25,,
567,Comcast tokenized stock (xStock),CMCSAX,comcast-tokenized-stock-xstock,24.202445848574058,0.20377158,1.28621296,-6.8043371,29993675.44780394,422690.22933544,1239282.82436674,1239282.82436674,,2026-07-25,,
568,Solayer,LAYER,solayer,0.06412532799363452,-0.23561511,-0.72447407,0.28440796,29889263.167076867,11204924.25645637,466106983.0324121,999998387.0009129,,2026-07-25,,
569,Ore,ORE,ore-new,62.571445343336144,0.47692906,-6.02973177,-15.4652134,29953524.59161199,677045.59761516,478709.16881101,478709.16881101,3000000.0,2026-07-25,,
570,HashKey Platform Token,HSK,hashkey-platform-token,0.08662909567580647,0.31646037,0.76334682,-5.86005256,29883573.623988062,1168200.87767539,344960009.0,1000000000.0,1000000000.0,2026-07-25,,
571,Rekt (rekt.com),REKT,rekt-eth,1.0540939783275298e-07,-0.30692395,-2.97711613,-12.27235371,29706335.944385864,183813.72648769,281818666600479.0,420690000000000.0,420690000000000.0,2026-07-25,,
572,Avantis,AVNT,avantis,0.08921298043498896,0.47209072,-1.56287262,-1.30714004,29695404.958504107,19135897.57643453,332859689.40521675,1000000000.0,1000000000.0,2026-07-25,,
573,BSquared Network,B2,bsquared-network,0.44018032660799666,1.01414903,35.20984018,-17.71477227,29647628.404749244,15432338.9833963,67353370.0,207444584.9777,210000000.0,2026-07-25,,
574,Across Protocol,ACX,across-protocol,0.0413084632977832,-0.06068407,-0.03595921,-1.16516212,29548341.88409111,6530267.18264783,715309636.9401088,1000000000.0,1000000000.0,2026-07-25,,
575,BOOK OF MEME,BOME,book-of-meme,0.0004285102012707239,-0.96117913,-0.92393675,7.04988328,29510140.863651007,9828990.27483521,68866833919.33325,68866833919.33325,,2026-07-25,,
576,Manta Network,MANTA,manta-network,0.06181318673474932,0.48978774,-0.56623515,-6.0528336,29506837.28206158,3537444.39892769,477355057.0799777,1000000000.0,,2026-07-25,,
577,Hims & Hers Health Tokenized Stock (Ondo),HIMSon,hims-hers-health-tokenized-stock-ondo,28.787645850011852,0.0873689,-12.44322063,-12.72282266,29365515.522868227,1740533.33497162,1020073.53000892,1020073.53000892,,2026-07-25,,
578,Lumentum Holdings Inc. tokenized stock (xStock),LITEx,lumentum-holdings-inc-tokenized-stock-xstock,768.1509084762228,0.03840164,-6.60877924,8.08905369,29317628.04034526,1191430.93071446,38166.49530299,38166.49530299,,2026-07-25,,
579,Bancor,BNT,bancor,0.2722312810981929,0.01623905,-0.23744613,-0.43974685,29281033.268174566,2132134.51840502,107559400.0441595,107559400.0441595,,2026-07-25,,
580,TerraClassicUSD,USTC,terrausd,0.00523639700861582,0.61628174,-0.84529665,-5.73291146,29196761.997318123,816558.64649866,5575734985.196614,6078898750.394672,6078898750.394672,2026-07-25,,
581,UPCX,UPC,upcx,0.2178222898397594,0.16877483,-5.64403341,-4.13938119,29180341.010341104,7587542.3762091,133963980.6,780000000.0,780000000.0,2026-07-25,,
582,Tornado Cash,TORN,torn,5.509843605522555,-0.26280856,-0.12693413,4.35675311,28983228.829187714,79368.41030795,5260263.43109587,9999997.246815,,2026-07-25,,
583,deBridge,DBR,debridge,0.015050168084566962,0.62523308,0.57884141,-11.71974145,28966825.520713914,2464037.9847706,1924684519.0,10000000000.0,10000000000.0,2026-07-25,,
584,McDonald's tokenized stock (xStock),MCDX,mcdonald-s-tokenized-stock-xstock,269.2108918064812,-0.29871435,1.24541271,-1.362537,28896731.467887573,1739898.41258495,107338.64173913,152118.74729955,,2026-07-25,,
585,SKYAI,SKYAI,skyai,0.0285877867475321,-0.88937965,2.10033955,-5.37898757,28587786.7475321,9353130.42780979,1000000000.0,1000000000.0,1000000000.0,2026-07-25,,
586,DEAPcoin,DEP,deapcoin,0.0009588828291866517,0.02176221,-0.88297606,0.8815979,28625431.806978274,74012.4871466,29852898535.32895,29852898535.328953,,2026-07-25,,
587,AIHub,AIH,aihub,24.34473583260936,-6.01990768,4.21081459,-51.32509626,28483340.92415295,0.0,1170000.0,100000000.0,100000000.0,2026-07-25,,
588,DFDV tokenized stock (xStock),DFDVx,dfdv-tokenized-stock-xstock,2.79301719560728,0.31032197,-6.03506251,-3.35353809,28611801.722862374,205848.66775468,10244047.82321484,10244047.82321484,,2026-07-25,,
589,Band,BAND,band-protocol,0.15705906364071923,0.01593462,-2.38744508,-6.40966069,28215318.583610132,3313690.14673351,179647821.20536602,179647821.20536602,,2026-07-25,,
590,ZORA,ZORA,zora,0.006267604328397423,0.01925024,-1.41039715,-3.77318023,28016191.341668878,11559991.36439522,4469999999.0,10000000000.0,10000000000.0,2026-07-25,,
591,Defi App,HOME,defi-app,0.006559346039965014,2.49874105,6.82106046,-16.518738,27959114.560706854,49701228.75400073,4262485069.45,10000000000.0,10000000000.0,2026-07-25,,
592,MYX Finance,MYX,myx-finance,0.08006457939439703,0.48745805,7.6157665,7.1635152,27682415.628030144,9702301.09832278,345751090.4,1000000000.0,1000000000.0,2026-07-25,,
593,Anoma,XAN,anoma,0.011096046440970125,0.31218299,0.2862565,-0.43632284,27740116.10242531,2473384.05670297,2500000000.0,10000000000.0,10000000000.0,2026-07-25,,
594,USDK,USDK,usdk,0.969848044564427,0.0,-3.5845583,-3.5631801,27737723.90360182,0.0,28600072.0,28600072.0,,2026-07-25,,
595,Liquity USD,LUSD,liquity-usd,1.0050214997620384,0.05083893,-0.02848827,-0.09649373,27510940.768249255,0.0,27373484.82073577,27373484.82073577,,2026-07-25,,
596,Electronic USD,eUSD,electronic-usd,0.9990236829327882,0.01798746,-0.04546764,-0.0961903,27467867.444392644,178822.06192594,27494711.0,27494711.0,,2026-07-25,,
597,Klickl Token,KLK,klickl-token,0.27354032757031604,-0.04070672,-0.75814271,4.28123268,27354032.757031605,0.0,100000000.0,100000000.0,1000000000.0,2026-07-25,,
598,Swarm Network,TRUTH,swarm-network-ai,0.013088400166916023,0.6339659,3.82121888,8.8809981,27293310.236590866,1625072.31694797,2085305300.0,10000000000.0,10000000000.0,2026-07-25,,
599,HotKeySwap,HOTKEY,hotkeyswap,0.2877364116121707,0.0016626,-0.70567678,30718.14822708,27246586.32089703,0.0,94692868.96377125,94991135.6,100000000.0,2026-07-25,,
600,Euler,EUL,euler-finance,1.1385824173037877,0.37784603,15.03725462,17.25591995,27239619.311213546,6447384.09381332,23924152.43484801,27182818.28459045,27182818.28459045,2026-07-25,,
601,UNS TOKEN,UNS,uns-token,0.2567744668695994,0.0,-0.02935263,-0.66938755,27116462.154190548,0.0,105604200.0,1000000000.0,1000000000.0,2026-07-25,,
602,Uquid Coin,UQC,uquid-coin,2.7024261487471852,-0.00583343,-0.04428473,-0.35314673,27024261.487471852,39356.81151405,10000000.0,40000000.0,,2026-07-25,,
603,Score,SN44,score,6.249053272408201,0.07108944,-2.15311495,-11.77962088,26983330.792566072,663765.04664036,4317987.0,4317987.0,21000000.0,2026-07-25,,
604,sUSD,SUSD,susd,0.615536112630049,0.00161692,-0.37481054,-11.13569149,26837444.85575311,29178.02792809,43600114.28262539,43600114.28262539,142399574.0,2026-07-25,,
605,WhiteRock,WHITE,whiterock,4.102703354508821e-05,0.00221959,-5.24349753,-5.44219108,26667571.804307338,8024.64881274,650000000000.0,1000000000000.0,1000000000000.0,2026-07-25,,
606,MetaMask USD,mUSD,metamask-usd,0.9999425741494375,-0.00370195,-0.15727345,-0.12977531,26631835.516507823,3556473.24620843,26633364.960144,26633364.960144,,2026-07-25,,
607,ConstitutionDAO,PEOPLE,constitutiondao,0.005231266933763096,0.14133018,1.35873025,-3.25873979,26470929.119316235,5503691.50709018,5060137334.7,5060137334.7,,2026-07-25,,
608,Hive,HIVE,hive-blockchain,0.04624078957735389,-0.18556949,-0.99302977,-4.37552863,26297869.48022811,1604378.84190144,568715839.859,568715839.859,,2026-07-25,,
609,iota,SN9,iota-macrocosmos-ai,6.543807246163801,0.04112288,-1.86508118,2.10535908,26203589.845260076,306967.91660994,4004334.0,4004334.0,21000000.0,2026-07-25,,
610,Worldwide USD,WUSD,worldwide-usd,0.992521601939153,-0.01903842,-0.09657725,-0.14815047,26110592.37478526,260901.89181784,26307329.053364,8434660.733364,,2026-07-25,,
611,Catizen,CATI,catizen,0.03865289064394463,-0.70498089,-2.07767946,-0.87874488,26079641.85824447,3408851.6505444,674713881.0,1000000000.0,1000000000.0,2026-07-25,,
612,SMART,SMART,smart-blockchain,0.0038729533948152245,-1.06213059,-4.15550486,-1.94813492,26027912.601397045,367405.1409086,6720430108.0,836732311077.0,836732311077.0,2026-07-25,,
613,Fabric Protocol,ROBO,fabric-foundation,0.01163470885673803,-0.04155769,-1.74350879,-3.43516466,25957035.459382545,6771911.61797304,2231000000.0,10000000000.0,10000000000.0,2026-07-25,,
614,Collect on Fanable,COLLECT,collect-on-fanable,0.048336031659983084,0.61796894,-8.67416573,12.7648079,25956449.001410916,2170655.36513272,537000000.0,3000000000.0,3000000000.0,2026-07-25,,
615,Infinity Ground,AIN,infinity-ground,0.08343761108953499,0.28391055,0.21289445,13.06716356,25862894.853373878,1394649.79042321,309966866.4485252,1000000000.0,1000000000.0,2026-07-25,,
616,Orbs,ORBS,orbs,0.00589199160091852,0.0530771,-1.28762305,0.01457329,25806018.519948866,2501263.94869075,4379846453.94367,10000000000.0,,2026-07-25,,
617,Medtronic tokenized stock (xStock),MDTX,medtronic-tokenized-stock-xstock,82.98,0.0,0.39927405,-1.72234609,25628165.112955958,94.67204796,308847.49473314,308847.49473314,,2026-07-25,,
618,International Business Machines tokenized stock (xStock),IBMX,international-business-machines-tokenized-stock-xstock,211.74696450819647,0.00720936,2.74081564,-1.00136879,25555452.638779767,9878.32075165,120688.63748831,120688.63748831,,2026-07-25,,
619,Corn,CORN,use-corn,0.048625769956929354,-1.53724861,33.99007534,110.78238051,25528529.227387913,3424797.39457021,525000000.0,2100000000.0,2100000000.0,2026-07-25,,
620,Frax (prev. FXS),FRAX,frax-share,0.27213814389398516,-0.03207756,3.21533211,-0.78444795,25477878.586131234,422013.37396316,93621122.79290205,99681495.59113361,99681495.59113361,2026-07-25,,
621,Orbler,ORBR,orbler,0.02505644282774173,-0.00096173,-0.77368352,4.86503823,25446991.33798703,37930.53358212,1015586750.0,2000000000.0,2000000000.0,2026-07-25,,
622,SwftCoin,SWFTC,swftcoin,0.002538268455659179,0.05773722,-0.82244276,-3.05845873,25382684.55659179,466935.92292612,10000000000.0,10000000000.0,,2026-07-25,,
623,EthereumPoW,ETHW,ethereum-pow,0.2345793274490369,-0.25429625,-0.38432229,-4.45176791,25292108.28336093,1556557.72292501,107818999.04993,107818999.04993,,2026-07-25,,
624,OKZOO,AIOT,okzoo,0.051883361706788624,0.01244406,0.18661582,25.02470038,25280167.939749394,568376.70823727,487249999.0,1000000000.0,1000000000.0,2026-07-25,,
625,OLAXBT,AIO,olaxbt,0.10971142670081926,0.05343648,-2.78160725,8.88951473,25261055.997863635,1150417.85883268,230250000.0,1000000000.0,1000000000.0,2026-07-25,,
626,Railgun,RAIL,railgun,1.6116918614633688,-0.99023849,-0.2325841,6.28248137,25255559.81746352,115793.45450546,15670216.13829595,60000000.0,100000000.0,2026-07-25,,
627,BORA,BORA,bora,0.022925130845090527,-0.02703222,-1.60730319,-3.69393075,25211912.64688831,94174.88473699,1099750000.0,1205750000.0,1205750000.0,2026-07-25,,
628,Giggle Fund,GIGGLE,giggle-fund,25.504424456770487,-0.1822186,-1.67511035,-4.09737288,25213384.99788365,6249337.86874441,988588.66784545,988588.66784545,988588.66784545,2026-07-25,,
629,Casper,CSPR,casper,0.0015155481722694936,-0.21270738,-3.56919808,-17.10580343,25174758.84707514,3492799.03880377,16610992186.0,19721507151.0,,2026-07-25,,
630,Victoria VR,VR,victoria-vr,0.0014965926766710596,-0.21495156,-0.56138148,-0.16102636,25142756.9680738,680997.82815865,16800000000.0,16800000000.0,16800000000.0,2026-07-25,,
631,Direxion MU Bull 2X ETF Tokenized bStocks,MUUB,direxion-mu-bull-2x-etf-tokenized-bstocks,31.043930018818088,0.33622779,-11.65299263,-6.08322688,25099590.446084924,959239.71217459,808518.45854794,808518.45854794,,2026-07-25,,
632,Salesforce tokenized stock (xStock),CRMX,salesforce-tokenized-stock-xstock,164.34,0.0,0.0,-1.7369022,25038600.345554855,285.2876664,152358.52711181,152358.52711181,,2026-07-25,,
633,Core,CORE,core-dao,0.020057490095278307,3.60039413,0.55942619,-17.52496515,24970878.947017927,13097405.44189807,1244965288.6976256,2093769839.0352812,2100000000.0,2026-07-25,,
634,ICON,ICX,icon,0.022741357065961473,-0.19716309,-0.65626612,-1.87419136,24952260.484185155,538809.44957527,1097219502.416278,1108792174.2180953,,2026-07-25,,
635,OPEN tokenized stock (xStock),OPENX,open-tokenized-stock-xstock,3.89,0.0,0.51679587,-14.23368125,24884068.684518125,175.8884506,6396932.82378358,6396932.82378358,,2026-07-25,,
636,COINDEPO,COINDEPO,coindepo,0.09880013314920458,0.05770051,2.42980742,17.385567,24731534.326553904,1690747.95428427,250318836.0,1000000000.0,1000000000.0,2026-07-25,,
637,Osmosis,OSMO,osmosis,0.03151265279016132,-0.0248471,-1.26856429,-3.93534953,24650362.956958856,2537688.36374893,782236999.249236,975770333.355623,1000000000.0,2026-07-25,,
638,Alchemist AI,ALCH,alchemist-ai,0.028990220928490774,0.80069768,7.32525757,12.2915618,24641687.78921716,3460121.18613052,850000000.0,1000000000.0,1000000000.0,2026-07-25,,
639,Powerledger,POWR,power-ledger,0.04322232519941108,-0.22211155,0.28579041,0.09752074,24556773.993577972,2148156.48293774,568150229.777841,1000000000.0,,2026-07-25,,
640,Open Campus,EDU,open-campus,0.031055118665438836,-0.82295909,3.64069507,3.8389248,24590801.620736085,4731083.42929638,791843750.0,1000000000.0,1000000000.0,2026-07-25,,
641,Trusta.AI,TA,trusta-ai,0.0694947054537282,-1.65365473,2.33323102,-5.35961056,24535514.319812104,1898959.61662999,353055879.0,1000000000.0,1000000000.0,2026-07-25,,
642,Neiro,NEIRO,neiro,5.81343417680237e-05,0.04411723,1.14915612,-3.62803541,24456201.39899084,3320923.59594526,420684240247.8661,420690000000.0,420690000000.0,2026-07-25,,
643,SKALE,SKL,skale-network,0.0039469727424134675,0.94230117,-0.29797657,0.69288998,24440224.91522891,17800069.65735966,6192144337.0,6342291667.0,7000000000.0,2026-07-25,,
644,OpenServ,SERV,openserv,0.03168644427637158,-0.17543084,-4.27960226,-14.0627448,24398562.092806116,568313.33823662,770000000.0,1000000000.0,1000000000.0,2026-07-25,,
645,siren,SIREN,siren-bsc,0.03348113300464212,-3.89219021,-9.11198909,0.98684612,24240921.30434572,5198951.85620822,724017353.3250725,724017353.3250725,,2026-07-25,,
646,UNIPOLY,UNP,unipoly,0.110548728975301,-0.68415437,-0.81448198,-6.85368427,24235597.85325524,5421.83132108,219230000.0,1000000000.0,1000000000.0,2026-07-25,,
647,OpenGradient,OPG,opengradient,0.10240607336896738,-0.3347721,-0.40838063,-2.42727238,24235031.02425645,15656682.21224363,236656188.71,1000000000.0,1000000000.0,2026-07-25,,
648,MVL,MVL,mvl,0.0008699448599401172,-0.33504739,0.35355807,1.13070146,24187041.15408268,59957.32052573,27802958863.102654,30000000000.0,30000000000.0,2026-07-25,,
649,iExec RLC,RLC,rlc,0.27596179173110774,-0.11044074,-1.16716356,-4.10971214,24008616.54519101,1688613.16837055,86999784.9868455,86999784.9868455,86999784.9868455,2026-07-25,,
650,Epic Chain,EPIC,epic-chain,0.7113636594127031,0.7202571,7.64663795,61.10878725,23901818.956266824,22016858.74464523,33600000.0,33600000.0,33600000.0,2026-07-25,,
651,Chainbase,C,chainbase,0.06139531311263942,1.99985542,-0.58608924,-3.19149706,23762909.664451804,4349244.20757837,387047617.4761905,1000000000.0,1000000000.0,2026-07-25,,
652,WOO,WOO,wootrade,0.012550768759197813,-0.02894946,-1.75888487,6.10772613,23705667.226702,1313405.29275557,1888782088.2947378,1888782088.2947378,1888782088.2947378,2026-07-25,,
653,Arkham,ARKM,arkham,0.10522548003237711,-0.35291644,-2.84956495,-3.27130683,23686255.555288088,16112017.67123098,225100000.0,1000000000.0,1000000000.0,2026-07-25,,
654,Aleo,ALEO,aleo,0.018375953477019032,0.03564584,0.03461225,-1.62332531,23652073.21015433,1731404.90490555,1287120869.114825,2035369982.875099,5000000000.0,2026-07-25,,
655,Folks Finance,FOLKS,folks-finance,1.9387217002481891,0.8570902,1.51364127,-9.59111719,23649316.35934778,1120039.76038989,12198406.999994,50000000.0,50000000.0,2026-07-25,,
656,WINkLink,WIN,wink,2.3596155811982954e-05,0.26130635,1.39502063,8.41340382,23447543.781280894,2925858.07427159,993701854154.286,993701854154.286,993701859243.3864,2026-07-25,,
657,Capybobo,PYBOBO,capybobo,0.0007376471885890155,0.6711608,7.70464549,15.49659725,23432592.357756943,610131.6251162,31766666667.0,100000000000.0,100000000000.0,2026-07-25,,
658,Cyber,CYBER,cyberconnect,0.3234282970084542,-0.13597873,-0.67392012,-3.2748623,23272417.980843175,7146412.03656933,71955417.0,100000000.0,100000000.0,2026-07-25,,
659,Somnia,SOMI,somnia,0.09558567377441282,-0.23284527,-4.3608037,-3.91886663,23249868.056725416,5012655.13188882,243235907.0,1000000000.0,1000000000.0,2026-07-25,,
660,Merlin Chain,MERL,merlin-chain,0.017187215942558644,-0.13681466,0.88269342,1.41550452,23246497.42428937,3670516.19050106,1352545840.0,2100000000.0,2100000000.0,2026-07-25,,
661,Kyber Network Crystal v2,KNC,kyber-network-crystal-v2,0.11047024096423047,0.21504991,0.59160327,1.07822846,23110639.608523384,2989760.84035915,209202400.6357192,240996036.44568917,,2026-07-25,,
662,Isiklar Coin,ISIKC,isiklar-coin,0.2305887631947535,0.0429775,0.11106455,0.01380057,23058876.31947535,422843.82088869,100000000.0,100000000.0,100000000.0,2026-07-25,,
663,Asteroid Shiba,ASTEROID,asteroid-shiba,5.647820990496401e-05,0.90539995,-7.90892476,0.79508769,23759818.12491931,2250793.00304162,420690000000.0,420690000000.0,420690000000.0,2026-07-25,,
664,Starpower,STAR,starpower,0.12371174836694816,2.39419342,-5.67654554,-45.93745767,23027598.067242417,5318540.42839925,186139136.91478196,553139136.9147819,1000000000.0,2026-07-25,,
665,Alphabet Class A Tokenized Stock (Ondo),GOOGLon,alphabet-class-a-tokenized-stock-ondo,319.09716949762867,-0.02898346,-0.35677512,-8.29121215,23019234.174064104,5268437.76352526,72138.63479361,72138.63479361,,2026-07-25,,
666,iShares Silver Trust Tokenized ETF (Ondo),SLVon,ishares-silver-trust-tokenized-etf-ondo,52.52147134373001,-0.18795074,0.86128114,3.803943,23003456.575902686,2959710.63169966,437981.9526638,437981.9526638,,2026-07-25,,
667,Vanta Network,VANTA,proprietary-trading-network,5.3192441914884,-0.00997485,-0.53884903,-8.24006823,22841286.694007467,56422.94574684,4294085.0,4294085.0,21000000.0,2026-07-25,,
668,Ark of Panda,AOP,ark-of-panda,0.03212244678649918,-0.63555552,-8.26029364,-16.10370492,22839059.665200915,1549051.51012612,711000000.0,2000000000.0,2000000000.0,2026-07-25,,
669,B3 (Base),B3,b3,0.0004881412511068921,0.06941396,-0.60355763,-12.21903973,22665171.179044537,4052037.69234283,46431583333.0,100000000000.0,100000000000.0,2026-07-25,,
670,iShares Silver Trust Tokenised ETF (xStock),SLVx,ishares-silver-trust-tokenised-etf-xstock,52.75139713243125,-0.0743513,1.2175887,4.24309528,22612783.644041263,90195.03563988,428667.00927887,428667.00927887,,2026-07-25,,
671,Roundhill Memory ETF Tokenized bStocks,DRAMB,roundhill-memory-etf-tokenized-bstocks,53.06226574766031,-0.06956217,-6.10984111,1.36508415,22316078.025822256,6455767.72235015,420563.98669343,420563.98669343,,2026-07-25,,
672,World Mobile Token,WMTX,world-mobile-token,0.025906789636605396,-0.44759023,-4.02330994,-8.54747195,22228341.33787989,846981.27056739,858012191.0,2000000000.0,2000000000.0,2026-07-25,,
673,Constellation,DAG,constellation,0.007703789471267009,-0.10214617,-4.31835968,-3.42886744,22136440.898438297,701919.40198136,2873448318.0,3003804388.0,,2026-07-25,,
674,IOST,IOST,iostoken,0.000641606014127037,-0.10149512,-1.27065563,-4.48637155,21940448.857443213,3936178.65101484,34196139647.0,48495641261.0,90000000000.0,2026-07-25,,
675,QANplatform,QANX,qanplatform,0.012082441471200078,-0.08404508,5.78464342,-4.88615987,21820675.160633758,129668.63050228,1805982277.0626206,2200000000.0,3333333000.0,2026-07-25,,
676,Steem,STEEM,steem,0.039174480115551906,-0.20496339,-0.38872671,-2.11550832,21687579.413900763,2630966.07822364,553614989.91,553614989.91,,2026-07-25,,
677,Orochi Network,ON,orochi-network,0.14966438537912485,-3.677145,-22.30398008,60.92744737,21592829.20057324,18369189.2667915,144275000.0,700000000.0,1000000000.0,2026-07-25,,
678,GMT,GMT,green-metaverse-token,0.006963081691977726,-0.96721748,-1.85292937,-5.01994815,21664933.456408557,5392030.22636245,3111400155.102167,5073850155.102167,,2026-07-25,,
679,Ontology Gas,ONG,ontology-gas,0.04546334753519113,-1.28215927,-0.45954756,-1.36277845,21619076.08674188,2869862.79666888,475527590.0,800000000.0,1000000000.0,2026-07-25,,
680,IoTeX,IOTX,iotex,0.002282928482748547,-0.01237861,-1.29223385,-5.66156654,21553969.05918893,959283.08410976,9441368497.553144,9441368502.273277,10000000000.0,2026-07-25,,
681,Ardor,ARDR,ardor,0.02156832594099399,0.29911509,1.39441008,3.11087868,21535245.11681823,1385195.60850523,998466231.2566,998466231.2566,998466231.2566,2026-07-25,,
682,Bounce Token,AUCTION,bounce-token,3.107451292104047,0.38601578,-1.99858399,-6.37532163,21504828.06491054,8119838.97155717,6920407.12578625,7641035.64836274,10000000.0,2026-07-25,,
683,Hyperlane,HYPER,hyperlane,0.06351516985166156,0.00804107,-2.77811201,-8.46600366,21479180.15034541,3886470.6568928,338174017.3333334,808000000.0,1000000000.0,2026-07-25,,
684,Renzo,REZ,renzo,0.002505317025471246,0.82200664,1.18497056,5.64958326,21429081.08979775,6976633.23600117,8553440890.6860695,9814629224.12962,10000000000.0,2026-07-25,,
685,SLT,SLT,slt-game,2.5168451971017944,0.05317983,-0.64457921,1.32201029,21393184.17536525,25677.93636303,8500000.0,100000000.0,100000000.0,2026-07-25,,
686,COTI,COTI,coti,0.007249875054052561,0.06068005,-1.48084426,-2.97364317,21390169.411494046,2084429.37940182,2950419041.985737,2950452556.959977,4910000000.0,2026-07-25,,
687,Snek,SNEK,snek,0.0002858462419895337,0.33825429,-8.93529469,-7.7769767,21352544.465084575,1937289.3776151,74699405934.0,75243418166.0,76715880000.0,2026-07-25,,
688,SNC SCANDIC COIN,SNC,scandic-coin,0.1672816473004657,0.08180913,0.17265595,8.64728997,21346795.120255936,201834.71875276,127609905.0,1000000000.0,1000000000.0,2026-07-25,,
689,NaoX Protocol,NAORIS,naoris-protocol,0.035469587581710815,1.00352233,3.65569856,-7.0908267,21255505.054216024,2146569.77640413,599260000.0,4000000000.0,4000000000.0,2026-07-25,,
690,BounceBit,BB,bouncebit,0.01754958735149792,-0.32828842,-1.60906994,-2.4547178,21150486.32267327,2379926.04893526,1205184253.0,2100000000.0,2100000000.0,2026-07-25,,
691,Illuvium,ILV,illuvium,2.8782177090042205,-0.02149384,-0.84105427,-3.15357569,21136200.160020348,835121.13256277,7343502.92331877,9167093.80325445,,2026-07-25,,
692,Tokenlon Network Token,LON,tokenlon-network-token,0.17073605002768308,-0.00105183,-0.40462388,-1.37069465,21080707.596932564,0.0,123469575.36802886,140451028.83876702,200000000.0,2026-07-25,,
693,"OpenAI
Pre-IPO stock (Republic)",preOPAI,openai-pre-ipo-stock-republic,719.9537870812545,-0.19886913,-0.48127742,-4.59858206,20937696.035897043,0.0,29082.0,29082.0,,2026-07-25,,
694,Pundi X (New),PUNDIX,pundix-new,0.08101820334310747,-0.35144746,-0.91237282,-1.22217456,20934013.32795587,1056181.55744563,258386541.0999244,258386541.0999244,258526640.0,2026-07-25,,
695,Everything,EV,everything,0.00020878596484733147,0.00345834,-1.11318944,-17.48225707,20878596.484733146,237994.75845025,100000000000.0,100000000000.0,100000000000.0,2026-07-25,,
696,Micron Tokenized Stock (Reality),rMU,micron-tokenized-stock-reality,914.9352352525561,-0.01329566,-5.84778314,8.09809182,20852792.97297967,0.0,22791.55088745,22791.55088745,,2026-07-25,,
697,Cartesi,CTSI,cartesi,0.022357227275269745,0.27824759,-0.53189917,-1.02205236,20808134.563201047,539698.65471166,930711769.7111657,1000000000.0,1000000000.0,2026-07-25,,
698,Cheelee,CHEEL,cheelee,0.3585050571398637,-0.00705229,-0.26168118,-1.6027399,20373166.790747784,304368.19927676,56828115.48959432,1000000000.0,1000000000.0,2026-07-25,,
699,Xertra,STRAX,stratis-new,0.009290606528789644,-0.30419742,-0.7429929,-3.34270135,20339473.330941163,378034.11620184,2189251397.9483895,2189251397.9483895,,2026-07-25,,
700,Ark,ARK,ark,0.10218937012990927,-0.34634106,-1.08476871,-1.07406533,20238472.929941062,426148.07485394,198048710.0,198048710.0,,2026-07-25,,
701,Metal DAO,MTL,metal,0.21845152575151294,-0.09551183,-0.6586669,-0.9874594,20112588.402490582,241738.26269385,92068885.0,92068885.0,,2026-07-25,,
702,Based,BASED,basedone,0.08543606972248122,2.10325302,10.72476289,-7.11614523,20077476.384783085,15665828.42607825,235000000.0,1000000000.0,1000000000.0,2026-07-25,,
703,Wibx,WBX,wibx,0.001707551613156416,-0.29670233,-4.32801631,10.83458542,20065927.893595856,37546.59819615,11751286309.0,11751286309.0,12000000000.0,2026-07-25,,
704,Metis,METIS,metisdao,2.653105637878768,0.1469841,-1.58607497,-2.29253473,20005044.876451395,1787075.34411271,7540236.842,10000000.0,10000000.0,2026-07-25,,
705,DODO,DODO,dodo,0.019869323325486965,-0.56637485,3.68145569,-14.56328485,19869323.325486965,7724988.32689068,1000000000.0,1000000000.0,1000000000.0,2026-07-25,,
706,Harmony,ONE,harmony,0.001323392061213311,0.11103433,6.09490852,8.31032615,19842748.944965124,6237166.03506088,14993855204.762915,14993855204.762915,,2026-07-25,,
707,LCX,LCX,lcx,0.02078797888979878,0.42360887,-0.48361817,-11.67763173,19732464.251766335,106811.56813823,949224759.0,949224759.0,,2026-07-25,,
708,Bonfida,FIDA,bonfida-sns,0.019895208296389556,0.1105123,-1.16734009,-4.44795035,19714377.041811172,5112683.88392674,990910813.705268,990910813.705268,,2026-07-25,,
709,Smooth Love Potion,SLP,smooth-love-potion,0.0005424660284426711,-0.10635136,-0.43270743,-1.16805588,19713204.662258722,1020102.91321229,36339980070.0,36339980070.0,,2026-07-25,,
710,Sign,SIGN,sign,0.00825126983562245,0.19186127,-2.58943253,-2.8097837,19693030.6688514,3824349.21966796,2386666666.0,10000000000.0,10000000000.0,2026-07-25,,
711,Sapien,SAPIEN,sapien-io,0.07835820866521057,0.10586962,-0.74936774,6.57489563,19589552.166302644,4605272.94013559,250000000.0,1000000000.0,1000000000.0,2026-07-25,,
712,dKargo,DKA,dkargo,0.003914094964076553,-0.04116637,-0.27450449,-3.83111439,19570474.820382766,1050788.0215915,5000000000.0,5000000000.0,5000000000.0,2026-07-25,,
713,CARV,CARV,carv,0.030421838270252518,-0.25693941,-0.50741804,-4.1707811,19573981.1221262,4377675.54402495,643418749.0,1000000000.0,,2026-07-25,,
714,Civic,CVC,civic,0.01944038546913088,-0.2704022,-0.38849075,-1.62227342,19440385.46913088,983911.69854635,1000000000.0,1000000000.0,,2026-07-25,,
715,iShares 20+ Year Treasury Bond Tokenized ETF (Ondo),TLTon,ishares-20-year-treasury-bond-tokenized-etf-ondo,86.34347707519639,0.17893597,0.2411163,-1.184437,19435676.63523645,1553856.65256106,225097.21977388,225097.21977388,,2026-07-25,,
716,TokenPocket,TPT,tokenpocket,0.0056036618875488515,-0.17625668,-2.40035948,1.6381887,19424855.217191685,3662.45781644,3466457400.0,3466457400.0,5900000000.0,2026-07-25,,
717,API3,API3,api3,0.22447016334007444,-0.22810378,-0.95369935,2.88170016,19399155.51783232,5519401.15866045,86421978.0,176805280.48922905,,2026-07-25,,
718,SATS (Ordinals),SATS,sats-ordinals,9.23449006515844e-09,-0.04459976,-1.64334376,-2.76893539,19392429.136832725,2907386.6864712,2100000000000000.0,2100000000000000.0,2100000000000000.0,2026-07-25,,
719,Lista DAO,LISTA,lista-dao,0.043994956567881036,-0.77629846,-9.03829939,-5.03943152,19331942.597955503,5697241.63404041,439412698.7744087,795588564.255041,800000000.0,2026-07-25,,
720,Codatta,XNY,codatta,0.007728880439308397,1.32297001,11.58874526,30.64615775,19322201.098270994,4386368.73366322,2500000000.0,10000000000.0,10000000000.0,2026-07-25,,
721,Power Protocol,POWER,powerprotocol,0.09201116593666256,1.45274243,6.89679366,12.38864895,19322344.846699137,3015864.93994461,210000000.0,1000000000.0,1000000000.0,2026-07-25,,
722,Public Masterpiece Token,PMT,public-masterpiece-token,0.10367970023283268,-0.03217812,-0.08020538,0.11074501,19275001.36273945,322090.18222846,185909115.4724959,361071410.0,2000000000.0,2026-07-25,,
723,IQ,IQ,iq,0.0007207802391515811,-0.19847976,-0.9369678,-2.38647477,19246196.678132705,367623.97050309,26701892799.928997,26701892799.928997,60000000000.0,2026-07-25,,
724,Gigachad,GIGA,gigachad-meme,0.0020464604690662836,-5.0276829,-6.35321298,-10.02576626,19037018.19576425,7122323.33976796,9302411888.0,9603935545.16,10000000000.0,2026-07-25,,
725,Audius,AUDIO,audius,0.013091298238783395,-0.12679189,-0.86204121,-1.76585833,18876225.305187102,2088468.56051131,1441891015.0,1441891015.0,,2026-07-25,,
726,Stargate Finance,STG,stargate-finance,0.13332864044958984,0.1292991,-2.30049368,-4.4321035,18787280.996986102,12808907.26983045,140909567.0190185,1000000000.0,1000000000.0,2026-07-25,,
727,Clearpool,CPOOL,clearpool,0.01919980853644872,0.05221152,-3.22432699,-1.5281975,18731082.473274805,716812.75352886,975586940.7612014,993627634.645902,1000000000.0,2026-07-25,,
728,Tria,TRIA,tria,0.008645038320287336,-0.35115656,4.89646853,0.39336669,18653139.832534377,4191006.30794225,2157670000.0,10000000000.0,10000000000.0,2026-07-25,,
729,Freysa,FAI,freysa-ai,0.0022624807490775564,0.20997884,0.91213454,-15.52714488,18529038.590720464,179657.20425708,8189700000.0,8189700000.0,8189700000.0,2026-07-25,,
730,ArcBlock,ABT,arcblock,0.18777378314053955,-0.36386505,-1.06404188,-1.70715136,18505914.777312126,39247.67917439,98554305.44029327,186000000.0,186000000.0,2026-07-25,,
731,Phala Network,PHA,phala-network,0.022012174741477934,-0.370355,2.15064563,0.74703771,18501150.555526692,8528237.76747767,840496260.4928192,1000000000.0,,2026-07-25,,
732,MiL.k,MLK,milk-alliance,0.03281597351810302,-0.19587273,-2.60986192,-2.82734651,18484750.859739173,1109048.25896824,563285158.9651,986245419.0,986245419.0,2026-07-25,,
733,MAX Exchange Token,MAX,max-exchange-token,0.26999135101175464,-3.863e-05,-0.95652155,0.31589985,18475820.393602204,66806.64056417,68431156.49581613,285000000.0,500000000.0,2026-07-25,,
734,DOGS,DOGS,dogs,3.57118207923854e-05,0.26148894,0.81677797,-2.25347513,18454083.394465156,2443376.89438972,516750000000.0,545217355861.166,550000000000.0,2026-07-25,,
735,Nosana,NOS,nosana,0.2566961283742902,-0.45995857,-3.31249497,-1.75047201,18409727.887546998,126581.49100305,71717980.33784,99999721.268693,,2026-07-25,,
736,RateX,RTX,ratex,1.049319824149946,-0.00278564,-0.24352501,2.25557118,18360567.321452487,6058536.51801372,17497589.29440448,99999989.29440448,100000000.0,2026-07-25,,
737,Lisk,LSK,lisk,0.08117586242485889,-0.46283686,-5.10497493,-3.68534026,18229662.07276322,5932389.48491795,224569983.3449587,400000000.0,400000000.0,2026-07-25,,
738,StrikeX,STRX,strikecoin,0.020895122855043594,0.0,7.31751426,1.27531641,18234776.57794053,0.0,872680993.7630533,880456959.285762,1000000000.0,2026-07-25,,
739,wojak (wojakcto.com),WOJAK,wojaknew,5.952741509619851e-08,-4.92705352,-3.03690432,5.59469779,18210237.333327264,1329530.68010097,305913456915588.3,305913456915588.3,420690000000000.0,2026-07-25,,
740,ROGin AI,ROG,rogin-ai,0.2712261519271597,0.06458201,-2.78102866,-6.22800859,18169405.637327086,89634.54823812,66989873.61,200000000.0,,2026-07-25,,
741,Comtech Gold,CGO,comtech-gold,128.6676273206893,0.00554343,-0.99999762,0.36232418,18142135.45221719,840679.1552764,141000.0,141000.0,141000.0,2026-07-25,,
742,Brevis,BREV,brevis,0.07247711502273131,-0.01470302,-1.74790197,-1.29997519,18119278.755682826,11990932.16850677,250000000.0,1000000000.0,1000000000.0,2026-07-25,,
743,τemplar,SN3,templar,4.292910554802299,-0.00412251,-0.84305226,-0.88158009,18109527.26684852,215282.20465111,4218473.0,4218473.0,21000000.0,2026-07-25,,
744,Tensor,TNSR,tensor,0.03434417599263392,1.20546427,9.60868392,7.94120899,18095228.541346516,25403938.46476624,526879100.119553,783790894.8571314,,2026-07-25,,
745,Intel Tokenized bStocks,INTCB,intel-tokenized-bstocks,91.8240302410894,-0.05357079,-11.00816532,-2.18430024,18007034.39840283,5108801.34694408,196103.72525715,196103.72525715,,2026-07-25,,
746,Ergo,ERG,ergo,0.21589820588052702,-0.25078688,-1.62075191,-2.59860386,17986002.180973504,100730.55266292,83307789.0,83307789.0,97739924.0,2026-07-25,,
747,Blast,BLAST,blast,0.0002712095916603076,-0.61451082,-0.55057771,-14.13042725,17899969.7305844,2489457.96876565,66000503968.17923,100000000000.0,100000000000.0,2026-07-25,,
748,WAX,WAXP,wax,0.0038820574253612965,-0.29789128,-0.70405565,-2.52052955,17882684.786731333,617005.03369651,4606496717.411907,4608433461.251633,,2026-07-25,,
749,aixbt,AIXBT,aixbt,0.017872409233710838,-0.34303546,-1.11715409,-3.91944494,17853015.299527325,4131103.91822393,998914867.3841392,998914867.3841392,1000000000.0,2026-07-25,,
750,MicroStrategy Tokenized Stock (Ondo),MSTRon,microstrategy-tokenized-stock-ondo,91.26134834683245,-0.12040373,-2.64818915,-3.99312529,17779592.559516743,1960572.96663165,194820.62101413,194820.62101413,,2026-07-25,,
751,abrdn Physical Platinum Tokenised ETF (xStock),PPLTx,abrdn-physical-platinum-tokenised-etf-xstock,14.41,0.0,-0.68917988,-0.34578147,17661923.84334017,355.06604573,1225671.32847607,1225671.32847607,,2026-07-25,,
752,Pocket Network,POKT,pocket-network,0.007523317948455569,-0.19154035,0.29202479,-4.46830257,17598497.14096742,346318.43210362,2339193592.71266,2376284409.230842,,2026-07-25,,
753,Young,YNG,young,0.651252013100289,0.0,0.63086913,0.37370059,17583804.3537078,22551.46443991,27000000.0,100000000.0,100000000.0,2026-07-25,,
754,Semicon Bull 3X ETF Tokenized bStocks,SOXLB,semicon-bull-3x-etf-tokenized-bstocks,137.36174920363752,-0.00165118,-10.35182234,1.84597461,17543741.207048625,10419571.94819044,127719.2617942,127719.2617942,,2026-07-25,,
755,NotInEmploymentEducationTraining,NEET,notinemploymenteducationtraining,0.017472924730449563,-0.71137081,-6.86241433,-7.22555051,17468836.485412832,1269531.17350103,999766024.0,999766024.0,1000000000.0,2026-07-25,,
756,Symbol,XYM,symbol,0.002672877959955794,0.08248628,-4.08861007,-8.68807716,17454116.812560193,72626.1882717,6530083705.299011,8547447192.562948,8999999999.0,2026-07-25,,
757,TAC Protocol,TAC,tac-protocol,0.003607269370814226,-0.42349494,6.53256067,10.20813634,17432382.68481301,3557680.810867,4832570261.0,10288780446.0,,2026-07-25,,
758,Aevo,AEVO,aevo,0.018985503718710797,-0.11496931,-0.58645906,2.26575244,17413136.000788957,2907410.50514906,917180616.262911,1000000000.0,1000000000.0,2026-07-25,,
759,ChainGPT,CGPT,chaingpt,0.01860653388065277,-0.01148993,-2.87325925,1.18601917,17359871.986473612,8022135.51235588,932998703.4567763,997766421.9854141,1000000000.0,2026-07-25,,
760,Hana Network,HANA,hana-network,0.025584839598021315,-10.77575415,-27.84061762,-27.68750542,17253531.504273526,27318555.92391945,674365435.7562548,1000000000.0,1000000000.0,2026-07-25,,
761,Cetus Protocol,CETUS,cetus-protocol,0.018084875354134625,-0.01167123,-3.07325187,-1.26049569,17298576.423335094,1792945.22308264,956521739.0,1000000000.0,1000000000.0,2026-07-25,,
762,Cobak Token,CBK,cobak-token,0.17257827397311343,-0.35933648,-2.66835919,-3.51921314,17257827.397311345,3360418.49451522,100000000.0,100000000.0,100000000.0,2026-07-25,,
763,EVAA Protocol,EVAA,evaa-protocol,0.9610367628375317,3.92798618,12.3979432,10.6403505,17158675.098023456,14102098.23582787,17854337.9,50000000.0,50000000.0,2026-07-25,,
764,Oho,OHO,oho,0.000705169504244943,0.10057583,-1.05952001,0.37440761,17011436.052151315,123326.80128878,24123896382.0,45000000000.0,45000000000.0,2026-07-25,,
765,Flux,FLUX,zel,0.04087323567858911,-0.31015814,-2.1310546,-3.95314937,16967934.665549006,3106875.05388949,415135586.4991484,415135586.4991484,560000000.0,2026-07-25,,
766,Chia,XCH,chia-network,1.1760125392637848,0.56252117,3.45073132,-14.38809827,16948370.48843391,1550258.15450673,14411726.0,33191992.0,,2026-07-25,,
767,Autonomi,ANT,autonomi,0.049553185502390094,-0.00925602,10.91378881,-12.20679618,16913057.257196553,502723.96676845,341311201.0,1200000000.0,1200000000.0,2026-07-25,,
768,Radix,XRD,radix-protocol,0.0012526126119835757,9.66385625,46.66607545,41.40823376,16901905.163095653,530520.67875699,13493321878.925224,13493321892.465439,24000000000.0,2026-07-25,,
769,Moonbirds,BIRB,moonbirds,0.05909147115604554,0.38047215,-1.00571795,-2.95460765,16841069.27947298,5668506.44030304,285000000.0,1000000000.0,1000000000.0,2026-07-25,,
770,WalletConnect Token,WCT,walletconnect-token,0.040173505655126604,0.85463384,-3.5031105,-5.54187292,16760713.893042898,10342494.00033476,417208148.0,1000000000.0,1000000000.0,2026-07-25,,
771,pippin,PIPPIN,pippin,0.016714764601850094,0.15164675,2.90248178,-1.14041629,16714701.971627131,4315892.80417094,999996253.0,999996253.0,,2026-07-25,,
772,GameBuild,GAME,gamebuild,0.0008696710649776461,-0.75640519,-0.34090025,-2.62935132,16699218.430793503,202388.78595402,19201763866.0,21419639000.0,21419639400.0,2026-07-25,,
773,RollX,ROLL,rollx,0.1076293585712862,-0.04216248,3.11346704,88.49864201,16682550.57854936,439583.28579069,155000000.0,1000000000.0,1000000000.0,2026-07-25,,
774,iShares Core MSCI EAFE Tokenized ETF (Ondo),IEFAon,ishares-core-msci-eafe-tokenized-etf-ondo,97.77079663417943,0.04836555,-0.75461966,-0.37200915,16639589.729275236,1482616.46897662,170189.7734508,170189.7734508,,2026-07-25,,
775,Definitive,EDGE,definitive,0.06474046134416044,-0.08567243,-0.83879315,1.49418063,16628890.158636365,1030093.37832514,256854675.01130623,1000000000.0,1000000000.0,2026-07-25,,
776,STBL,STBL,stbl,0.02370222725897141,-0.23915867,-1.01573887,16.28656321,16591559.081279987,1872895.07533505,700000000.0,10000000000.0,10000000000.0,2026-07-25,,
777,Apertum,APTM,apertum,0.14238560288357432,0.11875317,2.26875446,-9.20516869,16588198.636338286,380151.62164842,116501937.69873,116798284.65186,2100000000.0,2026-07-25,,
778,Loopring,LRC,loopring,0.012115162627907319,0.02490825,2.63563914,-22.05183513,16578473.328001237,6362485.62247229,1368406998.500595,1373873397.4424574,,2026-07-25,,
779,Big Time,BIGTIME,big-time,0.006438120211597612,-0.14560905,-1.03836233,-4.75813718,16556135.207908282,9021095.02298986,2571579073.358106,5000000000.0,5000000000.0,2026-07-25,,
780,Acurast,ACU,acurast,0.0761245283144212,0.12624861,2.74664016,3.19612359,16519022.6442294,2267642.52024604,217000000.0,1000000000.0,,2026-07-25,,
781,Yield Guild Games,YGG,yield-guild-games,0.01768327515302414,-0.0939881,-4.56321385,-17.26921428,16503835.09357814,8486688.75526544,933301944.9598794,999716389.322777,1000000000.0,2026-07-25,,
782,MobileCoin,MOB,mobilecoin,0.08311462739816952,0.07148278,2.88851795,3.00878762,16489919.385503553,7778.4194398,198399727.0,250000000.0,,2026-07-25,,
783,Yei Finance,CLO,clovis,0.1275386236253568,-1.23972934,5.90372116,-28.52283113,16465236.310033564,4880329.81990704,129100000.0,999986862.9799656,1000000000.0,2026-07-25,,
784,Taiko,TAIKO,taiko,0.08170372209226073,-0.65804377,0.6276306,4.18172216,16487501.038783526,17185123.63658927,201796204.8309826,1000000000.0,1000000000.0,2026-07-25,,
785,MediBloc,MED,medibloc,0.001416684890963289,0.0233118,0.24418597,3.33324188,16346528.702129418,31528.69360373,11538577708.0,12328795620.0,,2026-07-25,,
786,Global Commercial Business,GCB,global-commercial-business,0.01357856100771185,0.0016626,0.5794297,0.11869232,16319322.210435806,25.10700008,1201844746.3738875,1201844746.3738875,2500000000.0,2026-07-25,,
787,OpenEden,EDEN,openeden,0.041460397451923245,-0.42915524,2.33330666,-3.14360718,16219772.019810203,2825191.1850372,391211204.3455051,1000000000.0,1000000000.0,2026-07-25,,
788,Pixels,PIXEL,pixels,0.004670662285142411,-1.19183524,4.79421,3.88839699,16195979.912779517,8125132.06233622,3467598152.9,5000000000.0,5000000000.0,2026-07-25,,
789,Marvell Technology Tokenized Stock (Ondo),MRVLon,marvell-technology-tokenized-stock-ondo,194.32828998404534,0.04547574,-6.17001813,4.17616802,16193205.324767021,1632467.60247003,83329.11963614,83329.11963614,,2026-07-25,,
790,Shentu,CTK,shentu,0.09961805817904758,-0.50976948,-2.07524121,-0.87083733,16124859.387816062,671593.89614639,161866831.0,161866831.0,,2026-07-25,,
791,Spell Token,SPELL,spell-token,8.218086246702116e-05,0.02765499,0.40153655,-4.09612177,16045180.482685197,3918401.53528416,195242298523.26096,196008739620.0,,2026-07-25,,
792,Sonic SVM,SONIC,sonic-svm,0.02207227788937236,-0.05428116,-0.97474673,-3.99129331,16040095.329005335,726359.90296179,726707746.6765912,2399996735.47541,,2026-07-25,,
793,Enso,ENSO,enso,0.7786615057283963,-2.23395835,-1.79425234,8.70361874,16032640.40294768,14924772.55579702,20590000.0,100000000.0,127339703.0,2026-07-25,,
794,Pythia,PYTHIA,pythia,0.015978330253179466,16.94171587,3.49865074,-12.7163894,15948898.847773975,321120.5022476,998158042.490101,998158042.490101,1000000000.0,2026-07-25,,
795,Abey,ABEY,abeychain,0.015213710609216809,-0.11660369,-0.92558325,0.31536006,15935232.384722386,21288.35668681,1047425759.1746528,1344717025.1736739,1344717026.2668612,2026-07-25,,
796,Nillion,NIL,nillion,0.033988086856367956,-0.27120827,-6.60009043,-3.08756061,15933750.301496442,10713019.80660181,468803977.371004,1009771570.048289,,2026-07-25,,
797,Liquity,LQTY,liquity,0.165512309290121,-0.08937211,-0.7386413,1.55171357,15931949.86731961,1877737.54617271,96258398.75989541,100000000.0,100000000.0,2026-07-25,,
798,Bitgo Tokenised Stock (xStock),BTGOx,bitgo-tokenised-stock-xstock,5.07,0.0,0.0,-0.78277886,15910786.04656611,20.73951438,3138222.09991442,3138222.09991442,,2026-07-25,,
799,Usual,USUAL,usual,0.00846628496610413,0.3591689,-1.86145261,-8.09401583,15855732.279693177,42255129.71239552,1872808716.358315,1872808716.358315,3000000000.0,2026-07-25,,
800,龙虾 (Lobster),龙虾,lobster-2,0.015831948609412082,1.53287231,1.21831679,-2.91453514,15831948.609412082,2954950.99099491,1000000000.0,1000000000.0,1000000000.0,2026-07-25,,
801,Araracoin,ARARA,araracoin,0.00043620040732595045,-0.04615605,-0.22473756,-0.14388948,15812264.765565705,14088.05908003,36250000000.0,100000000000.0,100000000000.0,2026-07-25,,
802,MEET48,IDOL,meet48,0.015079958527567633,0.14054577,3.59856951,-10.78834307,15779668.60324677,8472265.34034463,1046400000.0,4800000000.0,4800000000.0,2026-07-25,,
803,Velodrome Finance,VELO,velodrome-finance,0.01724081262627536,-0.22797899,-4.30726548,-11.64633181,15778835.007247714,2438830.96111995,915202511.0,2551736679.1548033,,2026-07-25,,
804,Adshares,ADS,adshares,0.40531447445161095,-0.18585875,-1.74139259,-0.29301134,15705814.721730204,82907.49258211,38749701.063551,38758206.0,38758206.0,2026-07-25,,
805,Fulcrom Finance,FUL,fulcrom-finance,0.00093913331123302,-4.82554265,-1.45505653,-10.03927848,15689533.923318384,175.75263,16706396989.282663,20000000000.0,,2026-07-25,,
806,Orchid,OXT,orchid,0.015586379388223402,-4.43106529,22.24403276,-12.46268277,15542965.623683162,10338633.70151314,997214634.4279902,1000000000.0,,2026-07-25,,
807,Bifrost,BFC,bifrost,0.011277723693974796,-0.00238234,0.14405252,-2.8006907,15638126.588201987,1024228.20300972,1386638564.0,2584913482.0,,2026-07-25,,
808,Tokamak Network,TOKAMAK,tokamak-network,0.35666168351665084,-0.01043453,-0.09711256,0.48231946,15636566.791457806,151138.03900744,43841454.0,105635798.75697863,,2026-07-25,,
809,Zentry,ZENT,zentry,0.0019470357092714117,-0.89088876,1.93836653,0.91080386,15595000.681900606,1431668.31648868,8009612051.612713,9706992814.355925,10000000000.0,2026-07-25,,
810,Mango Network,MGO,mango-network,0.009728511864699743,-0.09699151,-0.24182537,-0.46253416,15594445.157613918,919452.11652349,1602963061.0,10000000000.0,10000000000.0,2026-07-25,,
811,Moonriver,MOVR,moonriver,1.242062163981835,0.29688747,-2.3818098,-4.48895877,15498342.380694907,1939714.6706637,12477912.0,12592435.0,,2026-07-25,,
812,Intel Tokenized Stock (Ondo),INTCon,intel-tokenized-stock-ondo,92.02093878093326,0.00413548,-11.36195672,-2.25710717,15427299.31762074,3712032.77076003,167649.87971213,167649.87971213,,2026-07-25,,
813,RIZE,RIZE,rize,0.007804994784708937,0.57613451,-3.70662082,-18.42176292,15383253.02373928,233229.3198154,1970949814.582477,4944635920.445491,5000000000.0,2026-07-25,,
814,Goldgr,GOLDGR,goldgr,130.44092048165223,0.0,0.51733102,0.88964201,15348129.204162886,0.0,117663.45367305,10000000000.0,100000000.0,2026-07-25,,
815,Bless,BLESS,bless,0.007892010026587336,0.56452783,-0.95360486,-4.14780497,15323389.83869456,4459948.29731257,1941633346.5203035,9999966679.520304,10000000000.0,2026-07-25,,
816,Tesla Tokenized Stock (Ondo),TSLAon,tesla-tokenized-stock-ondo,310.8036684342161,0.12112077,-3.56000471,-18.52124231,15189461.118825313,5565253.93823313,48871.56318118,48871.56318118,,2026-07-25,,
817,SanDisk Tokenized Stock (Reality),rSNDK,sandisk-tokenized-stock-reality,1432.721270434417,-11.09868843,-9.57180891,5.74562354,15175919.449608624,0.0,10592.37394096,10592.37394096,,2026-07-25,,
818,Humidifi,WET,humidifi,0.06586576997896874,-0.31828735,-0.74211596,-2.41238264,15149127.09516281,4019876.70632684,230000000.0,999999727.13254,1000000000.0,2026-07-25,,
819,Banana Gun,BANANA,banana-gun,3.749795277914367,0.9319404,-3.02151208,10.42200861,15035676.867363712,5215296.3877716,4009732.73285643,8402893.46593683,10000000.0,2026-07-25,,
820,Animecoin,ANIME,anime,0.0027139217223879387,0.39867016,1.12595959,1.19527003,15031339.487637376,5613779.35732246,5538604656.0,10000000000.0,,2026-07-25,,
821,Faith Tribe,FTRB,faith-tribe,0.004495021834253702,0.0445949,-0.97555432,-0.04244284,14842233.745419381,85949.96836268,3301926952.237731,5000000000.0,5000000000.0,2026-07-25,,
822,Particle Network,PARTI,particle-network,0.027421061686048735,-0.60223318,-3.29581707,-6.96972352,14778523.885677034,13466832.92899055,538947909.9999996,1000000000.0,1000000000.0,2026-07-25,,
823,Atletico De Madrid Fan Token,ATM,atletico-de-madrid-fan-token,1.6739135320196992,-0.56870847,-1.37923689,-40.80480472,14770961.180556485,5973344.79642789,8824208.0,10000000.0,10000000.0,2026-07-25,,
824,Chintai,CHEX,chex-token,0.011790073123519483,-0.05610992,-2.86246965,11.39699491,14724879.573221918,154295.04830134,1248921819.1401987,1248921819.1401987,,2026-07-25,,
825,DeBox,BOX,debox,0.02883025617640898,-0.05553079,-0.47945727,-0.57221901,14651893.205445379,6483.19530566,508212383.4,1000000000.0,1000000000.0,2026-07-25,,
826,Bluwhale,BLUAI,bluwhale,0.011918063076403371,-1.03397727,-1.13542826,1.58232585,14635381.45782334,40634141.21831707,1228000000.0,10000000000.0,10000000000.0,2026-07-25,,
827,Hermez Network,HEZ,hermez-network,3.0968660781102773,0.00202457,-0.14157596,-0.2883863,14555270.567118304,0.0,4700000.0,100000000.0,100000000.0,2026-07-25,,
828,Tether Gold Tokens,XAUT0,tether-gold-tokens,4048.6222783814906,-0.03081358,0.24340832,1.09401348,14439543.539316352,388885.09707719,3566.532649,3566.532649,,2026-07-25,,
829,Infinex,INX,infinex,0.007217250129761498,0.23682652,1.62526408,9.18928383,14393361.933783356,3246645.57876556,1994300000.0,10000000000.0,10000000000.0,2026-07-25,,
830,Treasure,MAGIC,magic-token,0.042737253810576116,-0.54535725,2.5896034,1.87158876,14390993.447233258,4807598.77875808,336731824.44099724,347687042.97175324,,2026-07-25,,
831,Adventure Gold,AGLD,adventure-gold,0.15492743504924467,1.42362636,1.77706694,-0.50063055,14381913.950548818,9816992.06252465,92830001.0,92830001.0,96000000.0,2026-07-25,,
832,Xai,XAI,xai-games,0.006875548982770119,-0.58002456,0.81872235,1.08744236,14341821.796845492,4548628.16915325,2085916605.7554948,2211240174.716117,2500000000.0,2026-07-25,,
833,SynFutures,F,synfutures,0.0031986220122511163,-0.3594428,-2.39763265,-1.83576242,14343891.49643999,3910964.17323318,4484397169.0,10000000000.0,10000000000.0,2026-07-25,,
834,QuarkChain,QKC,quarkchain,0.0019682919521272755,0.65865591,-0.37686784,2.81139823,14280565.344528658,457465.12324159,7255308507.0,10000000000.0,,2026-07-25,,
835,Mira,MIRA,mira-network,0.045971572090447374,-0.41573038,1.60420946,10.56674923,14251558.73673927,20973504.46434692,310008078.66,1000000000.0,1000000000.0,2026-07-25,,
836,iShares Core US Aggregate Bond Tokenized ETF (Ondo),AGGon,ishares-core-us-aggregate-bond-tokenized-etf-ondo,100.55368422781147,0.05868291,0.06869778,-0.57778541,14244736.251433117,1228362.29349098,141662.99684416,141662.99684416,,2026-07-25,,
837,Namecoin,NMC,namecoin,0.9664547731492367,-0.06216889,0.45783778,3.70277528,14242064.119036412,9701.04480896,14736400.0,14736400.0,,2026-07-25,,
838,Firo,FIRO,firo,0.7536334102204705,0.11275979,22.1206864,22.94679027,14202344.703527626,373204.67369896,18845163.32599005,18845163.32599005,21400000.0,2026-07-25,,
839,哈基米,哈基米,hajimi,0.014092040862193091,-0.78158937,-2.11511802,2.99164324,14092040.86219309,1868492.76966103,1000000000.0,1000000000.0,1000000000.0,2026-07-25,,
840,Braintrust,BTRST,braintrust,0.058386188642416695,0.28497974,1.23447835,-2.8661543,14091377.128280861,36707.95762666,241347782.0,250000000.0,250000000.0,2026-07-25,,
841,AO,AO,ao,1.966788469694944,0.33278364,1.57466678,-6.17770053,14085216.346440831,186567.33639761,7161530.87303054,7161530.87303054,21000000.0,2026-07-25,,
842,NYM,NYM,nym,0.016795403218321306,0.48746001,3.73979354,-2.64561071,14064057.096452191,1356978.25474058,837375376.681066,1000000000.0,1000000000.0,2026-07-25,,
843,Rujira,RUJI,rujira,0.17582157938962134,-0.00030604,-4.05152561,-1.79572534,14056935.272200227,3937.23730026,79950000.0,100000000.0,100000000.0,2026-07-25,,
844,Newton Protocol,NEWT,newton-protocol,0.045720160068513316,0.00615382,0.16628065,6.23088614,14017743.482709754,6884288.33416053,306598740.2866407,1000000000.0,1000000000.0,2026-07-25,,
845,Mey Network,MEY,mey-network,0.049006127583568634,-0.995296,-1.49593266,4.74877934,13932896.997361105,576378.61213469,284309283.03,2300000000.0,2300000000.0,2026-07-25,,
846,INFINIT,IN,infinit,0.04028821030923921,0.74270287,0.257701,-11.79611128,13902199.671836197,4764646.83346298,345068683.0,1000000000.0,1000000000.0,2026-07-25,,
847,Metadium,META,metadium,0.007963837248921536,-0.202835,0.95697914,2.05459934,13853960.722884715,34657.37407504,1739608720.0,2000000000.0,2000000000.0,2026-07-25,,
848,Orderly,ORDER,orderly-network,0.035322734176938465,0.61537053,4.45121452,7.48241799,13861390.71299354,23783817.22214504,392421227.7441245,994601729.7824053,1000000000.0,2026-07-25,,
849,Gradients,SN56,gradients,3.29316677217378,-0.05137431,-0.19152878,-3.00006234,13750746.290715734,28369.40169521,4175539.0,4175539.0,21000000.0,2026-07-25,,
850,Boundless,ZKC,boundless,0.044402929477260995,0.36464021,0.98864278,5.78544971,13741880.245888848,12685201.03735749,309481388.0,1060495900.0,,2026-07-25,,
851,Secret,SCRT,secret,0.03887725391974884,0.28744868,-2.74678604,-3.88217218,13714471.495240225,7243326.07041808,352763379.932901,361682938.367879,,2026-07-25,,
852,Caldera,ERA,caldera,0.09171787684109922,-0.85753052,-10.29579728,32.33841244,13620104.710903235,28134739.50855631,148500000.0,1000000000.0,1000000000.0,2026-07-25,,
853,zkPass,ZKP,zkpass,0.04718437140870809,0.81721151,-0.72875709,4.93260811,13604827.073782708,7972509.08973501,288333333.0,1000000000.0,1000000000.0,2026-07-25,,
854,Biconomy,BICO,biconomy,0.013567312590700376,-0.01974607,0.62790117,-2.91360067,13570606.885297714,2979395.62222636,1000242811.1370851,1000000000.0,1000000000.0,2026-07-25,,
855,Defigram,DFG,defigram,1.34536169403351,0.09132799,-1.05302923,-0.09070434,13453616.9403351,0.0,10000000.0,1000000000.0,1000000000.0,2026-07-25,,
856,MovieBloc,MBL,moviebloc,0.0006867375405952522,0.17841452,-0.95035274,0.67877378,13410533.238363832,1975104.03749258,19527887214.0,30000000000.0,30000000000.0,2026-07-25,,
857,Electroneum,ETN,electroneum,0.0007438957999892215,0.00021664,-0.23353879,-7.12761875,13375110.80060445,263696.92516242,17979817604.56,17979817604.56,21000000000.0,2026-07-25,,
858,FLock.io,FLOCK,flock-io,0.030566805053529652,-0.38554969,-4.36837312,-5.16231451,13209355.57851295,3246786.73789841,432147080.9716707,432622601.74167067,1000000000.0,2026-07-25,,
859,Strategy Stretch Preferred Tokenized Stock (Ondo),STRCon,strategy-stretch-perferred-tokenized-stock-ondo,88.98913062694594,0.00586118,1.44134048,1.32587513,13187072.731790466,781207.8282413,148187.45434285,148187.45434285,,2026-07-25,,
860,Chromia,CHR,chromia,0.01349515632134686,0.44379195,-0.09541117,-10.2858547,13155509.085066782,2752989.59063853,974831915.3782,974831915.3782,978064789.0,2026-07-25,,
861,Aurora,AURORA,aurora-near,0.018086552325266052,-0.76963621,4.63602303,-0.32586368,13077707.614081819,2462613.19107265,723062493.0,999739990.0,1000000000.0,2026-07-25,,
862,PDD Holdings Tokenized Stock (Ondo),PDDon,pdd-holdings-tokenized-stock-ondo,82.79565994184256,-0.56673798,-0.29749086,-1.76588258,13029000.786187045,904981.38086923,157363.33034049,157363.33034049,,2026-07-25,,
863,DeAgentAI,AIA,deagentai,0.0689097022925808,-0.55975048,7.98664243,20.53072966,13020591.61273658,5212147.98371088,188951500.0,1000000000.0,1000000000.0,2026-07-25,,
864,Lagrange,LA,lagrange,0.0673685441668694,1.72254245,-1.2320463,31.15123813,13002129.024205795,75193315.52727425,193000000.0,1000000000.0,,2026-07-25,,
865,Celer Network,CELR,celer-network,0.0016597261090108518,-0.40454797,-0.35288856,-1.28170812,12958185.634494029,1248704.46825311,7807424106.9912,10000000000.0,10000000000.0,2026-07-25,,
866,Coin98,C98,coin98,0.012927406645069571,1.77726091,1.00182574,-1.33496787,12927391.89489859,8977869.71354705,999998859.0,1000000000.0,,2026-07-25,,
867,Alien Worlds,TLM,alien-worlds,0.0018344724458957368,-0.95855705,6.93615161,35.32892912,12810167.3799434,29149546.27725943,6983025233.5507,7047280646.4002,10000000000.0,2026-07-25,,
868,GYEN,GYEN,gyen,0.0060908075677708375,0.00572063,-1.95183459,0.33540412,12783270.180728782,48.52445779,2098780833.0,2098780833.0,,2026-07-25,,
869,ARPA,ARPA,arpa-chain,0.008398456736057776,-0.20740231,0.59516249,-0.86124968,12762182.303252624,7667558.4885154,1519586598.3877385,1999999999.9877386,,2026-07-25,,
870,Goatseus Maximus,GOAT,goatseus-maximus,0.012681870798168137,0.12223637,-2.99604336,-2.94433234,12681605.84340829,3878650.85645236,999979107.596658,999979107.596658,1000000000.0,2026-07-25,,
871,tokenbot,CLANKER,tokenbot-2,12.844386331385197,-0.02855948,-0.55264772,-7.45745166,12668126.11360524,1838852.13219097,986277.25659814,1000000.0,1000000.0,2026-07-25,,
872,Recall,RECALL,recall-network,0.03835713435448281,-1.52447752,3.41811216,7.61603637,12636165.914716603,3840360.76358087,329434566.14714,1000000000.0,1000000000.0,2026-07-25,,
873,Radworks,RAD,radworks,0.2131993866072843,0.11369126,0.17850349,0.10398976,12594962.463751012,2590069.39933432,59075978.89552598,99998580.0,99999620.0,2026-07-25,,
874,RAMP,RAMP,ramp,0.026231433893043776,53.27975571,53.17544457,55.0476302,12534395.319845332,0.0,477838740.0,1000000000.0,1000000000.0,2026-07-25,,
875,SaucerSwap,SAUCE,saucerswap,0.013703471886961823,-0.00083793,-1.03685284,6.54469414,12528247.955727449,3058.95972937,914238965.064573,914438926.801425,1000000000.0,2026-07-25,,
876,Gains Network,GNS,gains-network,0.5329325719074445,-0.01837193,-1.70008376,-13.11957287,12487294.342700608,675561.67755929,23431283.80764331,23431283.80764331,,2026-07-25,,
877,HeyElsa,ELSA,heyelsa,0.04877034419577375,0.28014765,1.06149803,-7.62500661,12467975.30807788,4037044.19146944,255646654.0,1000000000.0,1000000000.0,2026-07-25,,
878,Invesco QQQ Trust Tokenized bStocks,QQQB,invesco-qqq-trust-tokenized-bstocks,684.57337682927,0.01108807,-0.9217325,-1.53171322,12440495.286281144,612508131.1798239,18172.62503532,18172.62503532,,2026-07-25,,
879,Hippo Protocol,HP,hippo-protocol-ai,0.00878008520534544,-0.01657163,-0.25283528,-0.18158884,12413588.912998358,69706.69534666,1413834675.0257947,1413835964.9019744,,2026-07-25,,
880,USD CoinVertible,USDCV,usd-coinvertible,0.9985775768846276,-0.05148507,-0.04473203,-0.09365341,12404781.01854802,143691.91697825,12422451.0,12422451.0,,2026-07-25,,
881,Lucidum Coin,LUCIC,lucidum-coin,0.07541888431852165,0.03100956,-1.17327399,-1.51623624,12376645.8015503,27974.77406261,164105395.0,210000000.0,210000000.0,2026-07-25,,
882,IBS,IBS,ibs,24.901545525913065,0.39192646,-0.06418637,-13.27498752,12371288.979430825,1460865.3168661,496808.07830008,940834.34980008,871020.0,2026-07-25,,
883,Tutorial,TUT,tutorial,0.014795480202497078,-0.63285546,6.94479976,14.56357952,12339043.350240478,5755367.76402023,833973833.9927609,833973833.9927609,1000000000.0,2026-07-25,,
884,EGL1,EGL1,egl1,0.012330820573969467,-0.39659171,-3.16657879,-33.48973029,12330820.573969467,1258314.10770635,1000000000.0,1000000000.0,1000000000.0,2026-07-25,,
885,iShares Core S&P Total US Stock Market Tokenized ETF (Ondo),ITOTon,ishares-core-sp-total-us-stock-market-tokenized-etf-ondo,163.34305990487323,0.09643621,-0.18529021,-1.1065759,12331794.355842562,1231007.72426482,75496.28593357,75496.28593357,,2026-07-25,,
886,JOE,JOE,joe,0.026954731703620304,-0.02417509,-0.71702605,-0.93046146,12323208.904251564,4672058.03777708,457181657.0,464573155.0,500000000.0,2026-07-25,,
887,Lumia,LUMIA,lumia,0.0709205259116254,1.49210114,4.71246518,-14.2668759,12317254.475497603,6206225.31457992,173676863.1812774,238888888.0,238888888.0,2026-07-25,,
888,OG Fan Token,OG,og-fan-token,2.5828103843010655,-0.00278893,-0.7438907,-0.56107925,12280736.48403317,5390375.11797825,4754796.0,5000000.0,5000000.0,2026-07-25,,
889,Eesee,ESE,eesee,0.008995643418138303,-3.01690413,-16.5179225,23.58102837,12256856.151205216,1065736.81880267,1362532459.4893556,1365570249.4959717,1365570249.4959717,2026-07-25,,
890,USDB,USDB,usdb,0.9944203950495456,-0.07036753,-0.07875315,-0.69417251,12209243.089428067,2811.09933113,12277748.07335861,12277748.07335861,,2026-07-25,,
891,Solend,SLND,solend,0.12170855915904374,0.0,-1.62615796,-2.95734343,12170855.915904375,0.0,100000000.0,100000000.0,,2026-07-25,,
892,MyNeighborAlice,ALICE,myneighboralice,0.12216871313666156,-0.90146247,-0.67325199,5.42962726,12151142.339217398,8590324.62405707,99461981.936609,99461981.936609,99461981.936609,2026-07-25,,
893,SoFi Technologies Tokenized Stock (Ondo),SOFIon,sofi-technologies-tokenized-stock-ondo,16.399462568817384,-0.08563054,-1.0866576,-4.5961639,12146101.85496717,454184.57063951,740640.23769061,740640.23769061,,2026-07-25,,
894,StablR Euro,EURR,stablr-euro,1.0192818713828875,-0.00090807,31.6533949,-0.05241018,12112678.877453048,73.71543458,11883541.95,11883541.95,,2026-07-25,,
895,TEXITcoin,TXC,texitcoin,0.1922344973136744,-2.06087609,-12.388985,-37.4051309,12102148.537805011,24121.20296716,62955134.0,69218556.0,353396296.0,2026-07-25,,
896,iShares Gold Trust Tokenized ETF (Ondo),IAUon,ishares-gold-trust-tokenized-etf-ondo,76.24551928815039,-0.03596505,0.21228367,1.09197581,12057228.342264403,1672079.10300892,158136.87748256,158136.87748256,,2026-07-25,,
897,Wirex Token,WXT,wirex-token,0.0012078805590047823,0.08195874,-3.5222473,0.14175277,12078805.590047823,301717.26900717,10000000000.0,10000000000.0,10000000000.0,2026-07-25,,
898,XSGD,XSGD,xsgd,0.7746826810679469,0.01279574,-0.1141244,0.14388623,12030904.606979571,265103.78495905,15530106.585569,83617320.371568,,2026-07-25,,
899,Fluent,BLEND,fluent,0.05998229153229095,-0.53135053,-2.01699607,-1.4470011,11996458.30645819,8750593.21956662,200000000.0,1000000000.0,1000000000.0,2026-07-25,,
900,DIAM,DIAM,diam,0.005805178881236248,-0.17309836,0.06573296,-0.45783759,11934622.740928473,305752.62512244,2055857878.8164618,5401462494.44995,10000000000.0,2026-07-25,,
901,SK Hynix Tokenized bStocks,SKHYB,sk-hynix-tokenized-bstocks,155.22951499033044,0.07941814,-5.3283656,0.59292382,11862818.587345619,7382296.4768227,76421.15346482,76421.15346482,,2026-07-25,,
902,DIA,DIA,dia,0.099052472315536,-0.0950388,-0.89907184,-2.71815549,11854213.978291208,3479147.75533955,119676104.0,168817248.0,200000000.0,2026-07-25,,
903,Bitcoin Diamond,BCD,bitcoin-diamond,0.06321034397945764,0.0,0.0,0.0,11788280.229335021,0.0,186492897.953,189492897.953,210000000.0,2026-07-25,,
904,CZ's Dog,BROCCOLI,broccoli-714,0.012070967626012988,-0.59076646,-0.64932398,-1.39511056,11674141.668624246,4030129.15068171,967125588.4628851,967125588.4628851,1000000000.0,2026-07-25,,
905,MetaMUI,MMUI,metamui,0.024477576682285354,-0.00036867,-8.25719217,-8.60908797,11657360.003121821,617934.69914379,476246491.0,800000000.0,800000000.0,2026-07-25,,
906,Hamster Kombat,HMSTR,hamster-kombat,0.00018050652237627392,0.36583414,0.37551526,1.11721912,11620107.377972635,6052727.1476754,64375000000.0,100000000000.0,100000000000.0,2026-07-25,,
907,Felysyum,FELY,felysyum,0.2653637588220047,-0.00499385,0.57836649,3.15469133,11614239.585028555,86725.98773996,43767241.0,500000000.0,500000000.0,2026-07-25,,
908,Bulla,BULLA,bulla-mascot,0.011482846891575955,-1.41346067,-0.15310466,33.80195106,11482846.891575955,767461.21042755,1000000000.0,1000000000.0,1000000000.0,2026-07-25,,
909,Quai Network,QUAI,quai-network,0.014655247205863083,-0.32315583,-12.19989746,-21.01570232,11467503.152080541,405871.58660168,782484457.0,1041575101.0,,2026-07-25,,
910,Initia,INIT,initia,0.05623911276097084,0.31647595,-1.20933473,7.09357652,11444896.848757185,2798460.65571129,203504221.295251,1000000000.0,1000000000.0,2026-07-25,,
911,Freedom Dollar,FUSD,freedom-dollar,0.9982155986915379,-0.02240293,-0.07114756,-0.10702104,11379657.825083531,207731.80936186,11400000.0,11400000.0,,2026-07-25,,
912,AVA (Travala),AVA,ava,0.15524737849150966,0.53985916,1.36536131,-1.82568826,11376367.525315845,11800497.8956648,73278967.0,73278967.0,100000000.0,2026-07-25,,
913,Katana,KAT,katana-network,0.004848797841895649,0.8121623,2.78956631,1.89582484,11355884.54571961,9572616.05370538,2342000000.0,10000000000.0,10000000000.0,2026-07-25,,
914,Opinion,OPN,opinion,0.0629003273514169,0.49570916,-5.51564841,1.98583767,11338693.145336706,152218027.7428311,180264453.66474378,1000000000.0,1000000000.0,2026-07-25,,
915,Circle Tokenized Stock (Reality),rCRCL,circle-tokenized-stock-reality,61.800237658844665,-0.27124266,-1.35811954,2.68430628,11333092.607588127,0.0,183382.67030865,183382.67030865,,2026-07-25,,
916,Superform,UP,superform,0.05903140509211151,-1.24742665,-2.62882707,1.53203146,11326752.09090863,2111239.84227301,191876715.0,1000000000.0,1000000000.0,2026-07-25,,
917,Citrea,CTR,citrea,0.007550085622348739,-0.70502635,-1.44345806,-3.70529172,11325128.43352311,6097270.88138126,1500000000.0,10000000000.0,10000000000.0,2026-07-25,,
918,Doodles,DOOD,doodles,0.0014408559906794551,0.16579215,-0.5764092,-1.71791931,11238676.72729975,7210079.71187267,7800000000.0,10000000000.0,10000000000.0,2026-07-25,,
919,Fusionist,ACE,fusionist,0.10735407883568279,-3.77029111,29.29778122,58.55787449,11237335.437919784,74496332.64182815,104675440.0,146307870.0,147000000.0,2026-07-25,,
920,Vanar Chain,VANRY,vanar,0.004725938952359134,-0.26836681,2.72251745,-9.91092731,11225374.871649442,18246512.94715484,2375268700.0,2377565576.0,2400000000.0,2026-07-25,,
921,ISLM,ISLM,islamic-coin,0.0050841443665952,0.08247433,-3.42927791,-5.32756783,11116272.628376082,1473.67444051,2186458886.06435,18162982098.425728,100000000000.0,2026-07-25,,
922,Origin Protocol,OGN,origin-protocol,0.01653419160732422,-0.03121501,-1.47282145,-5.28203768,11106640.00700519,1444133.35047849,671737710.0,1409664846.0,1409664846.0,2026-07-25,,
923,Metaplex,MPLX,metaplex,0.023746608453913007,0.14548782,-1.97608484,-10.95092198,11093060.369456735,918068.95970219,467142935.0,999982241.0,1000000000.0,2026-07-25,,
924,YieldBasis,YB,yieldbasis,0.07325315352677896,0.63338427,0.50611252,-4.13988624,11071542.432723377,4722843.54602773,151140830.11697212,743697337.6326922,1000000000.0,2026-07-25,,
925,iShares TIPS Bond Tokenized ETF (Ondo),TIPon,ishares-tips-bond-tokenized-etf-ondo,110.49178947573452,0.11782139,0.2191324,-0.76616676,11068121.846323254,1010305.10706865,100171.44168666,100171.44168666,,2026-07-25,,
926,Sleepless AI,AI,sleepless-ai,0.019296552147351913,-0.14164691,-2.15052557,-4.61640872,11064160.55526266,4670548.25428832,573374998.33,1000000000.0,1000000000.0,2026-07-25,,
927,iShares MSCI EAFE Tokenized ETF (Ondo),EFAon,ishares-msci-eafe-tokenized-etf-ondo,105.29744348302246,-0.31160902,-0.36077297,0.77911578,11001222.992179923,721752.47385797,104477.58870759,104477.58870759,,2026-07-25,,
928,Unicorn Fart Dust,UFD,unicorn-fart-dust,0.010938442139569158,2.24690477,0.33447841,-12.40452961,10938442.139569158,2264517.15221348,1000000000.0,1000000000.0,1000000000.0,2026-07-25,,
929,XION,XION,xion,0.11801204835200313,-0.00598723,2.65706115,-2.50537243,10936879.636564212,37787.59495945,92675958.0,200000000.0,200000000.0,2026-07-25,,
930,Decentralized Social,DESO,deso,1.229859713383684,-0.00081915,11.49124544,-13.93671032,10926732.898507023,2341.66795032,8884536.0,10808492.0,10808492.0,2026-07-25,,
931,Just a chill guy,CHILLGUY,just-a-chill-guy,0.01092154287865,-1.12294683,8.00114272,15.68831679,10920905.041813256,7026585.97833016,999941598.2848,999941598.2848,1000000000.0,2026-07-25,,
932,NVIDIA Tokenized Stock (Reality),rNVDA,nvidia-tokenized-stock-reality,204.74200946982904,-1.43212667,-0.88435871,0.96205692,10857653.22805074,0.0,53030.90096735,53030.90096735,,2026-07-25,,
933,IXS,IXS,ix-swap,0.06011291206912052,-0.23966849,-2.67134745,-8.86548961,10820324.172441693,112819.74162516,180000000.0,180000000.0,180000000.0,2026-07-25,,
934,ResearchCoin,RSC,researchcoin,0.08267571245895709,0.0506436,-4.75644371,7.91420443,10710894.202903979,329419.98788677,129553092.24847884,1000000000.0,1000000000.0,2026-07-25,,
935,HarryPotterObamaSonic10Inu (ERC-20),BITCOIN,harrypotterobamasonic10inu-eth,0.010678727602182837,4.42396427,5.7101705,-11.64227549,10676572.154409975,1470912.77083722,999798155.0,999798155.0,999798155.0,2026-07-25,,
936,Komodo,KMD,komodo,0.07847208045109239,2.08832518,914.14399658,-36.59359565,10668583.49510984,19.9163799,135953876.0,141262234.11549,,2026-07-25,,
937,Test,TST,test-token-bsc,0.01135252559831212,0.93650615,-2.38461787,2.91807367,10666291.75371223,7011036.68535606,939552319.1154997,939552319.1154997,,2026-07-25,,
938,Solv Protocol,SOLV,solv-protocol,0.002488397055878724,-0.14457481,-1.06810405,-2.41051085,10587005.947828513,3930081.75092261,4254548494.508622,9660000000.0,9660000000.0,2026-07-25,,
939,Osaka Protocol,OSAK,osaka-protocol,1.4094129268613755e-08,-0.41493913,4.13078794,-6.64957744,10582855.1601457,59626.83007139,750869738630302.0,761459789745212.0,1000000000000000.0,2026-07-25,,
940,saffron.finance,SFI,saffron-finance,106.33048639375122,0.05706822,-3.25451509,-4.68200041,10558722.350958502,12357.97032653,99300.98797685,100000.0,100000.0,2026-07-25,,
941,QIE Blockchain,QIE,qi-blockchain,0.12487441299123697,-0.04976504,-0.02344744,-16.41927622,10535540.96297808,46679.28194737,84369093.0,84369093.0,150000565.0,2026-07-25,,
942,Mind Network,FHE,mind-network,0.020331792960357132,-1.31798105,-3.84726307,6.64560069,10515997.430571452,6010087.6666608,517219384.0,1000000000.0,1000000000.0,2026-07-25,,
943,Microsoft Tokenized Stock (Ondo),MSFTon,microsoft-tokenized-stock-ondo,381.8442701563485,0.0159176,-0.53904225,-3.40838173,10506871.348069565,2526291.45758443,27516.11630513,27516.11630513,,2026-07-25,,
944,Maverick Protocol,MAV,maverick-protocol,0.008883699689710662,0.04510545,-1.39073567,-1.35113902,10418070.826893121,2690291.33522018,1172717582.8511639,2000000000.0,2000000000.0,2026-07-25,,
945,Wecan Group,WECAN,wecan-group,0.0017352358427076978,-0.00455909,-1.18526422,-3.86205136,10411415.056246188,38359.40947795,6000000000.0,6000000000.0,6000000000.0,2026-07-25,,
946,Broadcom Tokenized bStocks,AVGOB,broadcom-tokenized-bstocks,382.2308448970772,-0.04436576,-1.90571683,2.95874835,10304726.280151654,1587472.557768,26959.4314999,26959.4314999,,2026-07-25,,
947,Artificial Liquid Intelligence,ALI,alethea-artificial-liquid-intelligence-token,0.00112950311210066,-0.14326421,-1.65959266,-1.99371197,10298912.36950199,41355.13137936,9118091184.669674,9870903732.81426,9870903732.81426,2026-07-25,,
948,Wanchain,WAN,wanchain,0.051749830292610446,0.04779127,-2.43712132,-1.62431501,10297685.161077457,2771862.92759469,198989737.7991576,198989737.7991576,210000000.0,2026-07-25,,
949,SuperRare,RARE,superrare,0.01246975184495646,0.12836988,0.26986233,-0.43580037,10293505.301834214,4595316.74496334,825477958.9697726,1000000000.0,1000000000.0,2026-07-25,,
950,Bone ShibaSwap,BONE,bone-shibaswap,0.044657188309245574,-0.18080806,-0.3748321,-0.9100102,10267730.365458656,1367893.21459309,229923350.6228802,249999401.82484713,250000000.0,2026-07-25,,
951,Ponke,PONKE,ponke,0.018468279328947564,-1.18498556,-2.83478506,-4.44921062,10259945.945351973,2139671.80082239,555544226.0,555544226.0,555555555.0,2026-07-25,,
952,AMD Tokenized Stock (Ondo),AMDon,amd-tokenized-stock-ondo,523.1669412522482,-0.00118956,-3.26797904,6.2167207,10245450.50891182,5286834.0153049,19583.52048084,19583.52048084,,2026-07-25,,
953,Mubarak,MUBARAK,mubarak,0.010241945238190752,-0.58720835,-1.20046516,-14.50875462,10241945.238190752,3554196.07436095,1000000000.0,1000000000.0,1000000000.0,2026-07-25,,
954,KernelDAO,KERNEL,kerneldao,0.03572470207325008,-0.62221729,1.1861942,-0.51034942,10228268.715682125,11524225.9491436,286308020.0,1000000000.0,1000000000.0,2026-07-25,,
955,Moonbeam,GLMR,moonbeam,0.008506162290019758,-0.02693806,0.26522441,-3.00934068,10228852.103806995,3277240.92854624,1202522566.0,1241180484.0,,2026-07-25,,
956,Kishu Inu,KISHU,kishu-inu,1.0921760338769466e-10,-0.08012924,-1.14920991,-11.3545064,10172101.316453816,149874.5106385,9.313609712113394e+16,9.670293841273085e+16,1e+18,2026-07-25,,
957,Avail,AVAIL,avail,0.0025772305350586235,-0.21752811,-4.28295714,-8.21260769,10134425.574356666,461972.46965052,3932292993.0,11055573616.0,,2026-07-25,,
958,Venom,VENOM,venom,0.010171249104835627,-0.3904759,-1.72732531,-9.56135621,10058544.2397422,113268.88105778,988919270.0,7367646470.547814,8000000000.0,2026-07-25,,
959,Hunt Town,HUNT,hunt,0.07941505934816832,-1.42737884,-1.89305949,-0.82087714,10019613.636190591,68137.02030666,126167678.0,198912688.0,198912688.0,2026-07-25,,
960,Amazon Tokenized Stock (Ondo),AMZNon,amazon-tokenized-stock-ondo,231.27207125131827,0.01872403,-1.22872744,-6.34349416,9999609.033828974,1695258.08477066,43237.42585832,43237.42585832,,2026-07-25,,
961,USDH,USDH,hyperliquid-usd,0.9850137722214709,-0.00365542,-0.0756421,-1.47786791,9993593.187592864,5514.23535276,10145638.03007,10627212.88,,2026-07-25,,
962,MWX Token,MWXT,mwx-token,0.05952098731561019,0.14252614,-0.0256435,-4.37048029,9990412.497144187,125196.64155674,167846888.0929343,1000000000.0,1000000000.0,2026-07-25,,
963,TG Casino,TGC,tg-casino,0.13000701775736195,0.30503945,-3.80461066,1.07231469,9965037.781072957,57840.73400501,76649998.99983217,76649998.99983217,100000000.0,2026-07-25,,
964,Checkmate,CHECK,checkmate,0.029890430506255262,-0.46812683,-12.49433308,3.93415021,9941557.365723083,6715899.41461052,332600006.0,1000000000.0,1000000000.0,2026-07-25,,
965,Wayfinder,PROMPT,wayfinder,0.020399581628510997,0.23297922,0.12732715,3.90868645,9940812.495197022,5181724.81100323,487304724.0,1000000000.0,1000000000.0,2026-07-25,,
966,Strategy Tokenized bStocks,MSTRB,strategy-tokenized-bstocks,91.28946932318658,0.08445053,-2.64207759,-4.14014138,9924685.54549052,3831136.72117839,108716.65285242,108716.65285242,,2026-07-25,,
967,Space and Time,SXT,space-and-time,0.0070824848548708035,1.51686991,4.8966051,-9.08238058,9915478.796819124,77033819.86276852,1400000000.0,5000000000.0,5000000000.0,2026-07-25,,
968,GUNZ,GUN,gunz,0.0035675094278091696,-0.60847763,-5.04148803,-5.26525606,9874173.756756146,5804875.37273625,2767805932.0,10000000000.0,10000000000.0,2026-07-25,,
969,Everlyn AI,LYN,everlyn,0.038548356791218326,-0.51436921,0.10537151,9.38688232,9854446.80595684,1350555.27066615,255638570.0,1000000000.0,1000000000.0,2026-07-25,,
970,Ridges AI,SN62,ridges-ai,2.2510181450891764,-0.05811154,-0.44748719,-2.07835957,9842633.114856051,165924.18837782,4372525.0,4372525.0,21000000.0,2026-07-25,,
971,ColossusXT,COLX,colossusxt,0.0007720673080000002,0.0,0.0,0.0,9830236.551021257,0.0,12732356945.0,16991993413.815744,,2026-07-25,,
972,AriaAI,ARIA,aria-ai,0.02733977642030132,0.49148209,-0.14993331,20.61216576,9818017.495721921,2175054.16379756,359111111.4,1000000000.0,1000000000.0,2026-07-25,,
973,Abelian,ABEL,abelian,0.0819357084394166,0.14878465,-1.02196992,-1.77928606,9796741.95789464,12214.21058623,119566208.0,140146189.0,225180000.0,2026-07-25,,
974,SideShift Token,XAI,sideshift-token,0.06784724634657392,0.0,-0.29048888,-0.80298315,9790339.871832075,0.0,144299738.0,210000000.0,210000000.0,2026-07-25,,
975,Tesla Tokenized bStocks,TSLAB,tesla-tokenized-bstocks,310.8307183518556,0.05676937,-3.46789499,-18.62219743,9719999.356168387,8320068.24693417,31271.03848586,31271.03848586,,2026-07-25,,
976,OpenKaito,SN5,openkaito,2.79089120871234,-0.03573243,-5.62223962,-0.05149367,9716063.527668288,350844.53649142,3481348.0,3481348.0,,2026-07-25,,
977,APX,APX,apollox,0.21936984300729967,-0.03623396,0.01550624,-0.26834889,9688714.121839551,0.0,44166116.86008798,3975255603.427746,,2026-07-25,,
978,AITECH Cloud Network,ACN,solidus-ai-tech,0.005419958899053753,-0.01684363,-2.66341178,-4.80189814,9670079.815030657,3804471.63292535,1784161097.0,1986052500.0,2000000000.0,2026-07-25,,
979,Redbelly Network,RBNT,redbelly-network,0.003619678982457502,0.34323081,-1.17782568,-2.31489886,9654157.749756254,152012.45822758,2667130924.1909,10000000000.0,10000000000.0,2026-07-25,,
980,Simon's Cat,CAT,simonscat,1.2739417873359534e-06,-0.32112371,-1.36040918,-0.83486358,9639525.786068313,1600964.127309,7566692514440.816,8098237710343.852,9000000000000.0,2026-07-25,,
981,USDM,USDM,usdm,0.9962546500669556,0.06245135,0.21540862,-1.30347037,9614693.161059702,65964.53870401,9650838.93,9650838.93,,2026-07-25,,
982,Nexa (nexaagent.xyz),NXA,nexaagent-xyz,0.9609646673570201,0.09299082,-0.96309452,-0.0923601,9609646.6735702,0.0,10000000.0,1000000000.0,1000000000.0,2026-07-25,,
983,Fartboy,FARTBOY,fartboy,0.009613666853348617,0.21570904,0.751047,11.76752638,9608287.593356494,339559.96022556,999440457.0,999440457.0,999440457.0,2026-07-25,,
984,Ninja Squad Token,NST,ninja-squad-token,1.1149958181256567,0.09209101,-1.3961182,-3.73596899,9601534.978182398,191114.7570068,8611274.43,8611274.43,10000000.0,2026-07-25,,
985,Hegic,HEGIC,hegic,0.013631207341437933,-0.16118606,0.31682066,0.5474477,9592653.408729132,3.86031708,703727349.1958504,3012009888.0,3012009888.0,2026-07-25,,
986,Ambire Wallet,WALLET,ambire-wallet,0.013233190054643386,0.00355618,-1.6507033,11.48734328,9569803.226665672,13206.51132774,723166763.8074713,723166763.8074713,1000000000.0,2026-07-25,,
987,Dolomite,DOLO,dolomite,0.021636212881802615,-0.2519697,-2.19589301,1.13741792,9555026.89129241,2608353.84387416,441621967.0,998851995.6451048,1000000000.0,2026-07-25,,
988,KAIO,KAIO,kaio,0.013984279256939968,-0.15456854,4.87616418,-14.22200148,9526790.243790353,1835738.72281589,681250000.0,10000000000.0,10000000000.0,2026-07-25,,
989,Gods Unchained,GODS,gods-unchained,0.02175900866636894,-0.19640488,-1.13620432,-5.96579042,9510499.887106482,170657.85838565,437083326.402,500000000.0,500000000.0,2026-07-25,,
990,Konnect,KCT,konnect,0.00128858154872272,-0.31831659,7.95909624,-14.54536177,9503288.973373322,434075.75665641,7375000040.0,10000000000.0,10000000000.0,2026-07-25,,
991,iShares Core MSCI Emerging Markets Tokenized ETF (Ondo),IEMGon,ishares-core-msci-emerging-markets-tokenized-etf-ondo,78.53286682561664,-0.29492154,-1.61689767,-0.18715586,9484746.808560763,1440410.36529646,120774.23366731,120774.23366731,,2026-07-25,,
992,KONET,KONET,konet,0.02055162512910221,0.16800816,-13.87342778,37.08278936,9466099.162727451,1213845.84810599,460601003.72904056,999997956.2,1000000000.0,2026-07-25,,
993,Clash of Lilliput,COL,clash-of-lilliput,0.11533584760347,0.0968523,-1.02991905,-0.10478579,9466120.490546238,0.0,82074400.0,1000000000.0,1000000000.0,2026-07-25,,
994,FAR Labs,FAR,farcana,0.0019567735829102853,0.17216697,-6.6463085,-9.82231761,9455893.094319833,132037.2008153,4832390000.0,5000000000.0,5000000000.0,2026-07-25,,
995,FirmaChain,FCT,firmachain,0.007790337497056855,0.60814896,0.43527554,2.18139876,9421250.297634397,27392.29252699,1209350724.688589,1219956122.85598,,2026-07-25,,
996,AI Companions,AIC,ai-companions,0.012567400491160587,0.36377319,2.75941983,18.39188814,9425546.598150292,768256.70865561,749999700.0,1000000000.0,1000000000.0,2026-07-25,,
997,Resistance Dog,REDO,resistance-dog,0.09290732223067559,-0.24910345,1.33935575,38.12913404,9290731.569000011,169456.48305624,99999992.96,99999992.96,100000000.0,2026-07-25,,
998,Portal,PORTAL,portal-gaming,0.01058206673051834,-0.56075207,1.47766482,-3.94648084,9246523.087302389,13478074.75223756,873791795.3811152,1000000000.0,1000000000.0,2026-07-25,,
999,Boba Network,BOBA,boba-network,0.01858943062186618,-0.53988479,-1.26377027,-2.89732306,9175387.93400713,2851932.61588258,493580902.0,500000000.0,500000000.0,2026-07-25,,
1000,Ellipsis,EPS,ellipsis,0.012615784561722266,0.0,-0.67767426,-0.71046515,9130063.116805913,0.0,723701571.7997887,723701571.7997887,1000000000.0,2026-07-25,,
1001,Commonwealth,CWU,commonwealth,0.009669680595632817,-0.01454046,-2.81966124,-5.49041105,8707516.635179607,15613.4615736,900496820.8683378,999999308.4305269,1000000000.0,2026-07-25,,
1002,Gleec Coin,GLEEC,gleec,0.049784108889655614,0.0,0.0,-0.88871571,9048513.001308365,0.0,181755046.0,210000075.0,,2026-07-25,,
1003,Aergo,AERGO,aergo,0.018486858317574864,10.43826179,-21.35001034,-26.35800459,9058560.497392328,8563004.76963476,489999995.7689212,500000000.0,500000000.0,2026-07-25,,
1004,PolySwarm,NCT,polyswarm,0.004795228044517335,0.23618544,-1.58481913,-4.16344139,9041406.227805765,110719.26242558,1885500782.0,1885913076.0,1885913076.0,2026-07-25,,
1005,StakeStone,STO,stakestone,0.03999884678387719,-0.08672114,0.88293217,-3.61172948,9013073.461967377,5391748.74228182,225333333.0,1000000000.0,1000000000.0,2026-07-25,,
1006,iShares Russell 1000 Growth Tokenized ETF (Ondo),IWFon,ishares-russell-1000-growth-tokenized-etf-ondo,474.19133211679673,-0.07543549,-0.9332371,-1.13547996,9000073.171428366,722704.26688334,18979.83485116,18979.83485116,,2026-07-25,,
1007,Vine Coin,VINE,vine-coin,0.008966993224730838,-0.17940703,-4.86764109,3.93603441,8966940.355338786,4287142.21111037,999994104.0,999994104.0,,2026-07-25,,
1008,Intuition,TRUST,intuition,0.04988069711450938,0.22622063,-2.1251795,4.78397134,8960959.095270267,1381480.15394951,179647832.0,1054807692.3076923,,2026-07-25,,
1009,YELLOW,YELLOW,yellow,0.04618441794044993,-1.24465879,2.48637868,-5.6874574,8956814.014275689,321182.10026702,193935842.73,10000000000.0,10000000000.0,2026-07-25,,
1010,Manifesting (manifesting.meme),MANIFEST,manifesting,0.009938750555393741,-0.59026892,3.71386518,0.05683498,8944872.836269218,544065.52235332,899999732.0,899999732.0,999999813.51579,2026-07-25,,
1011,Apple Tokenized Stock (Ondo),AAPLon,apple-tokenized-stock-ondo,333.2006176778179,0.06159693,3.59906258,-0.0881412,8893226.421919245,3169348.6400576,26690.3059301,26690.3059301,26690.3059301,2026-07-25,,
1012,Sophon,SOPH,sophon,0.004430724601065539,-0.21662962,-1.35606487,-1.74792983,8861449.202131078,2752917.89843731,2000000000.0,10000000000.0,10000000000.0,2026-07-25,,
1013,Dexsport,DESU,dexsport,0.014754545397170799,0.23956806,0.53647936,-2.26501513,8852727.238302479,9740.32379095,600000000.0,600000000.0,600000000.0,2026-07-25,,
1014,ThunderCore,TT,thundercore,0.000616628745026586,0.54294921,-0.91073061,-1.95502969,8763793.67136254,451629.66164226,14212431292.0,14212431292.0,,2026-07-25,,
1015,CoinEx Token,CET,coinex-token,0.012343139493117664,-0.10751009,-1.73123216,-4.5972253,8746763.152133634,56822.74454902,708633582.0,2777476547.0,10000000000.0,2026-07-25,,
1016,Limitless,LMTS,limitless-lmts,0.06600573418155052,0.30569154,0.64000068,-9.17140418,8686267.490722928,2160655.41394144,131598680.0,1000000000.0,1000000000.0,2026-07-25,,
1017,Bertram The Pomeranian,BERT,bertram-the-pomeranian,0.008980463651537006,-3.06061524,-8.01657938,-9.36262146,8681857.290056463,1950431.26121395,966749338.0,979946262.03,979947881.0,2026-07-25,,
1018,GeorgePlaysClashRoyale,CLASH,georgeplaysclashroyale,0.00860987319031316,-0.01552006,-4.09600483,-10.92509309,8607185.070663456,741754.57644772,999687786.383111,999687786.383111,999999967.828928,2026-07-25,,
1019,Vow,VOW,vow,0.024145129383115266,0.14032008,-2.62613161,-2.65391348,8602553.917303026,112990.87956107,356285269.0,1142857140.0,1142857142.0,2026-07-25,,
1020,Paris Saint-Germain Fan Token,PSG,paris-saint-germain-fan-token,0.5222198936189979,-0.05667215,0.23223281,-1.30263205,8601684.877738459,2280729.50100215,16471384.9143673,19890000.0,19890000.0,2026-07-25,,
1021,xU3O8,XU3O8,xu3o8,5.363346292713447,-0.01031956,-0.29466609,1.13984322,8581354.068341516,806090.91367821,1600000.0,1600000.0,,2026-07-25,,
1022,Alphabet Tokenized bStocks,GOOGLB,alphabet-tokenized-bstocks,318.0299298049125,-0.01183159,-0.34010429,-8.36362661,8557209.033160387,3815844.2823546,26906.92991823,26906.92991823,,2026-07-25,,
1023,AVA,AVA,ava-sol,0.008551315696637807,-1.25452503,6.43940071,7.56359342,8544410.179406278,1114861.35999715,999192461.432076,999192461.432076,999995926.72,2026-07-25,,
1024,GRIFFAIN,GRIFFAIN,griffain,0.008522902754011269,0.30331475,2.33984226,4.87813226,8521889.551331872,4295524.28810146,999881120.0,999881120.0,999881120.0,2026-07-25,,
1025,Bubblemaps,BMT,bubblemaps,0.012014042354660305,-0.51388496,-2.32505897,4.13230187,8466648.716005836,2450690.71098845,704729388.0,1000000000.0,1000000000.0,2026-07-25,,
1026,Dymension,DYM,dymension,0.014845152745640165,-0.21482643,1.918905,-0.77068702,8464119.994088471,3270690.75719965,570160519.0,1069356101.0,,2026-07-25,,
1027,IAGON,IAG,iagon,0.02233687777335229,-0.28071485,-2.74355331,0.13266992,8399122.474540882,39696.99345148,376020434.0,1000000000.0,1000000000.0,2026-07-25,,
1028,Wilder World,WILD,wilder-world,0.01676987614355247,-0.49884615,1.83815252,4.94241618,8384416.673383917,158697.90429901,499968908.6318912,499968908.6318912,500000000.0,2026-07-25,,
1029,Verified Emeralds,VEREM,verified-emeralds,3.3535528587226664,-0.18706593,-10.99876831,-13.45937395,8383882.146806666,476498.54683122,2500000.0,50000000.0,50000000.0,2026-07-25,,
1030,Energy Web Token,EWT,energy-web-token,0.27863349939574683,-0.55239127,0.86733603,-5.88082973,8376318.710257858,240512.75376808,30062138.0,81433644.00249659,100000000.0,2026-07-25,,
1031,Ready Cards,READY,ready,0.008371889080770566,0.69455483,4.4006537,1.75317652,8371889.080770566,617411.14534731,1000000000.0,1000000000.0,1000000000.0,2026-07-25,,
1032,Meta Platforms Tokenized Stock (Ondo),METAon,meta-platforms-tokenized-stock-ondo,596.841540441895,-0.04976788,-1.61875912,-7.00635919,8355435.010874219,2318125.2865268,13999.41935122,13999.41935122,,2026-07-25,,
1033,Groestlcoin,GRS,groestlcoin,0.091541930400715,0.0,0.0,0.0,8288623.707830721,0.0,90544558.88736624,90544558.88736624,105000000.0,2026-07-25,,
1034,Act I : The AI Prophecy,ACT,act-i-the-ai-prophecy,0.008731080760273237,0.18025649,-2.27545957,2.52585543,8279154.104792146,29166231.69037864,948239322.497465,948239322.497465,,2026-07-25,,
1035,BOB (Build on Bitcoin),BOB,bob-build-on-bitcoin,0.0037258123390671648,-0.01226791,-3.95896349,-6.44695821,8271303.392729105,2477440.29343013,2220000000.0,10000000000.0,10000000000.0,2026-07-25,,
1036,4,4,4four,0.008264723321745281,-0.03681858,-1.29320304,-5.82252583,8264723.321745281,5993683.13386367,1000000000.0,1000000000.0,1000000000.0,2026-07-25,,
1037,heyAura,ADX,adx-net,0.055752924572159766,0.14717975,0.92304527,-4.39179435,8245857.544222429,3088118.70215638,147900000.0,150000000.0,150000000.0,2026-07-25,,
1038,Aura,AURA,aura,0.00855326719701684,-0.33299927,-0.85406499,-3.83028721,8239264.95470562,357012.34004579,963288620.0,963288620.0,965383478.0,2026-07-25,,
1039,Resolv,RESOLV,resolv,0.019011793117657202,3.38303809,0.59556559,-8.25410735,8185919.81518459,6434016.97221164,430570633.94940466,1000000000.0,1000000000.0,2026-07-25,,
1040,SpaceX Tokenized Stock (Ondo),SPCXon,spacex-tokenized-stock-ondo,113.08858452305147,0.0695218,-2.21856628,-9.31147806,8181042.52047283,2520744.10347269,72341.89511679,72341.89511679,,2026-07-25,,
1041,Echelon Prime,PRIME,echelon-prime,0.227974661660467,-0.17372972,-3.4982836,0.41325858,8155529.298270343,256375.38897145,35773841.0,111111111.1,111111112.0,2026-07-25,,
1042,MyShell,SHELL,myshell,0.019886612477892054,-0.1778853,-1.31217112,0.12411199,8135834.127056937,4017442.79081398,409111111.11063,1000000000.0,1000000000.0,2026-07-25,,
1043,Augur,REP,augur,0.7380756114633863,-0.02639014,-2.26174553,-20.08441605,8118831.726097249,2631.50708529,11000000.0,11000000.0,,2026-07-25,,
1044,Bella Protocol,BEL,bella-protocol,0.10148528653542269,-0.22396406,-0.65151765,-5.77310556,8118822.922833815,2960956.59358366,80000000.0,100000000.0,,2026-07-25,,
1045,TARS AI,TAI,tars-protocol,0.00901202032288113,0.20789295,0.72416798,0.40458664,8040432.194013114,406799.84773358,892189753.9,892189753.9,999999988.0,2026-07-25,,
1046,Santos FC Fan Token,SANTOS,santos-fc-fan-token,0.49912783735309935,-0.14046163,-1.05716388,-2.18241744,8033389.815054103,1699645.94472789,16094854.291549,30000000.0,30000000.0,2026-07-25,,
1047,Heima,HEI,heima,0.09864884659009604,0.17222121,-2.71869412,-9.7364748,8016141.842702847,12046720.47774483,81259357.0,82045722.0,100000000.0,2026-07-25,,
1048,SuperWalk,GRND,superwalk,0.010116821867528233,-0.03501215,1.22780215,0.05047969,8008296.83112939,35679.51584263,791582271.1906656,1000000000.0,,2026-07-25,,
1049,Moss Coin,MOC,moss-coin,0.01785489610566756,0.67055592,0.52054972,-0.49358922,8007736.783703259,39903.60556639,448489688.0,500000000.0,500000000.0,2026-07-25,,
1050,Buttcoin,BUTTCOIN,buttcoin,0.007996098750715682,0.73060929,-5.28262386,-13.75883549,7995688.071083846,786766.57074285,999948640.0,999948640.0,999948640.0,2026-07-25,,
1051,Quantoz USDQ,USDQ,quantoz-usdq,0.9993617774066313,0.17901187,0.74040612,1.72367366,7974955.95243201,1857126.90887267,7980049.0,11000000.0,,2026-07-25,,
1052,tx,TX,tx,0.0032114424218866486,-0.6898364,-8.43711827,-13.46565304,7971866.428098752,160138.7910033,2482332043.0,101927474788.0,,2026-07-25,,
1053,SUPERFORTUNE,GUA,superfortune,0.0634099845303883,4.30878569,-26.68067452,10.61521997,7926248.066298538,1616739.74742614,125000000.0,1000000000.0,1000000000.0,2026-07-25,,
1054,我踏马来了,我踏马来了,wotamalaile,0.007885453132474188,0.00458291,-1.69958783,2.52388868,7885453.132474188,2371344.28799937,1000000000.0,1000000000.0,1000000000.0,2026-07-25,,
1055,Hashflow,HFT,hashflow,0.009249077089360026,-0.34891372,-0.08759028,7.0786688,7855616.09593423,81573264.5325133,849340536.3624,997353568.2839,,2026-07-25,,
1056,Forta,FORT,forta,0.0122449088453332,0.22233191,0.84557951,3.00231167,7849361.447742881,482897.842917,641030615.0,1000000000.0,1000000000.0,2026-07-25,,
1057,Soil,SOIL,soil,0.11187299070814045,0.14117861,-1.16065939,30.54319209,7801115.703602844,43182.80399553,69731895.55604859,99000000.0,100000000.0,2026-07-25,,
1058,Balancer,BAL,balancer,0.11177265028591583,0.12820517,-3.435481,8.10820838,7800492.2465903,729440.78088467,69788917.29449508,72368512.92020285,96150704.0,2026-07-25,,
1059,DORA,DORA,dora,0.007862797930362205,-0.17791422,-0.22189686,-0.13168679,7784842.922948428,326645.86439866,990085589.366,1000000000.0,1000000000.0,2026-07-25,,
1060,DACXI,DXI,dacxi,0.0009161177669349361,2.22675069,1.75461364,9.2613114,7694281.412185913,495144.91152581,8398790734.0,10000000000.0,,2026-07-25,,
1061,DEXTools,DEXT,dextools,0.10952192112861565,-1.16985441,-0.95788374,-0.98649545,7690069.042909037,23175.54333471,70214884.50589088,112551255.0,200000000.0,2026-07-25,,
1062,Uchain,UCN,uchain,153.48630611551476,-0.57579911,0.85704562,-6.68584616,7674315.305775738,146108.39961546,50000.0,100000.0,100000.0,2026-07-25,,
1063,SaitaChain Coin,STC,saitama-inu-new,0.000170577229198407,0.00077241,0.05251633,-0.01883352,7625005.747397862,0.0,44701193607.318085,44710136889.83425,200000000000.0,2026-07-25,,
1064,Galatasaray Fan Token,GAL,galatasaray-fan-token,0.9298852858245636,0.01063322,-0.37873957,-2.42546761,7606285.88972591,688972.75254062,8179811.0,9975000.0,9975000.0,2026-07-25,,
1065,Kleros,PNK,kleros,0.008277188910305327,0.00106324,0.02334383,0.11488864,7578000.042354427,19177.00125965,915528221.5341986,915528222.0793128,,2026-07-25,,
1066,SUPRA,SUPRA,supra,0.00023215962614417404,1.0131407,7.31555512,9.61677343,7560977.468824042,400846.68654969,32568011908.016167,81931602452.7731,100000000000.0,2026-07-25,,
1067,Toko Token,TKO,tokocrypto,0.04458068439580738,0.25249747,-0.63504931,0.34457762,7560683.778684656,530625.93873496,169595507.13841677,495268640.66,500000000.0,2026-07-25,,
1068,Stader,SD,stader,0.10678930566342597,0.01979752,-1.96339274,-4.51050596,7555849.646364399,1024732.98112675,70754740.8368644,120000000.0,120000000.0,2026-07-25,,
1069,AS Roma Fan Token,ASR,as-roma-fan-token,0.8630222408747812,0.43962784,0.50562886,-0.40469025,7538384.492083177,3096222.70831505,8734867.0,9995000.0,9995000.0,2026-07-25,,
1070,Reppo,REPPO,reppo,0.01924801242050118,-1.94915552,-3.88309747,-15.82765877,7527423.6481795255,37731.73779413,391075373.588289,1000000000.0,1000000000.0,2026-07-25,,
1071,Drift,DRIFT,drift,0.012294789411229344,0.97107502,1.79266923,-10.11144534,7518458.278763698,3567905.49264393,611515824.085346,1000000000.0,,2026-07-25,,
1072,Joe coin,JOE,joe-coin,0.007508643026985002,-0.0171009,0.89595636,-3.78050778,7508643.026985002,23970.21625339,1000000000.0,1000000000.0,1000000000.0,2026-07-25,,
1073,BENQI,QI,benqi,0.0010406473628240083,-0.33193783,-5.81633802,-6.89137977,7492661.012332859,464401.5932902,7200000000.0,7200000000.0,7200000000.0,2026-07-25,,
1074,Tradoor,TRADOOR,tradoor,0.521544173474727,-0.47761829,8.27473059,11.85641042,7483637.345188858,1772955.41117882,14349000.0,60000000.0,60000000.0,2026-07-25,,
1075,Ika,IKA,ika,0.0024813814549712694,0.7508896,6.94826369,-4.17979073,7444144.364913808,1337274.95433354,3000000000.0,10291666666.6667,,2026-07-25,,
1076,AhaToken,AHT,ahatoken,0.0010139219864395742,0.00525548,-0.12750677,1.12573435,7376603.558103663,26085.80635208,7275316697.694749,7673122637.674749,10500000000.0,2026-07-25,,
1077,Inverse Finance,INV,inverse-finance,10.219292141743338,1.74486541,-0.90869973,-2.13519972,7345414.588775874,3577.50376458,718779.19594564,727000.0,,2026-07-25,,
1078,Decentrawood,DEOD,decentrawood,0.01580994599270088,0.05865884,-0.07306086,-2.56859513,7342054.320321058,393449.95598414,464394649.02098525,1890000000.0,1890000000.0,2026-07-25,,
1079,THENA,THE,thena,0.05490711323420936,-0.3632257,-0.00699408,-1.05085217,7318201.712547111,4229012.77416101,133283308.50924383,284596517.7147613,326120291.0,2026-07-25,,
1080,SpaceX tokenized stock (Backpack),SPCX,spacex-tokenized-stock-backpack,113.06222883382256,0.09425834,-2.15250742,-9.4457268,7288466.563887019,816524.09395451,64464.20382,64464.20382,,2026-07-25,,
1081,Solomon,SOLO,solomon,0.5644749387162781,0.00731549,-0.80813945,-2.74890093,7281708.601665363,0.0,12899967.92103,25799967.92103,25800000.0,2026-07-25,,
1082,FC Barcelona Fan Token,BAR,fc-barcelona-fan-token,0.2785769785682515,0.01593553,-0.03446519,-2.4036858,7273583.066327805,2093295.11174087,26109778.0,39960000.0,39960000.0,2026-07-25,,
1083,Delysium,AGI,delysium,0.003583781002699948,-0.17090588,-1.63292622,-3.23836147,7251523.984191198,553738.16869702,2023428322.9717572,3000000000.0,,2026-07-25,,
1084,LUKSO,LYX,lukso-network,0.23720442864922942,-0.34853925,-1.35656552,0.13804861,7243252.275967189,104145.80525395,30535906.59,42115181.93,,2026-07-25,,
1085,iShares MSCI Emerging Markets Tokenized ETF (Ondo),EEMon,ishares-msci-emerging-markets-tokenized-etf-ondo,64.89463514305564,0.0163102,-1.30394355,1.42769002,7241008.535541814,1093225.37575526,111581.00387774,111581.00387774,,2026-07-25,,
1086,SanDisk Tokenized Stock (Ondo),SNDKon,sandisk-tokenized-stock-ondo,1435.3845145117366,-0.06072498,-9.84745899,5.56687133,7237942.891663597,1931215.0976733,5042.51147932,5042.51147932,,2026-07-25,,
1087,NUMINE,NUMI,numine,0.021154414676104707,0.75270097,1.15286555,4.59964228,7201621.604702526,320273.89977144,340431144.75,1000000000.0,1000000000.0,2026-07-25,,
1088,Chainbounty,BOUNTY,sentinel-protocol,0.013783149494206746,-0.11020582,-4.83594749,-4.11171259,7189264.469269419,301548.95981028,521598091.3717267,555416661.0,1000449852.0,2026-07-25,,
1089,Venus DAI,vDAI,venus-dai,0.026181025217227958,-0.00980247,-0.01519633,0.01364917,7187676.483202873,0.0,274537625.0,274537625.0,,2026-07-25,,
1090,LOAN Protocol,LOAN,loan-protocol,0.00038983021487403125,-0.10863669,-0.29275919,-0.92064077,7175501.6734164795,97990.05787677,18406735547.0,36123407942.455185,,2026-07-25,,
1091,Avici,AVICI,avici,0.5539381239856264,-0.58099943,-7.12900206,-15.77546091,7145793.49034272,418410.29542062,12899985.0,12899514.649947,12900000.0,2026-07-25,,
1092,Assemble AI,ASM,assemble-protocol,0.00476,0.0,2.10280266,-5.54025823,7140000.0,16371.66776,1500000000.0,3000000000.0,3000000000.0,2026-07-25,,
1093,iShares 0-3 Month Treasury Bond Tokenized ETF (Ondo),SGOVon,ishares-0-3-month-treasury-bond-tokenized-etf-ondo,100.93606854457204,-0.18079287,-0.1089809,-0.0218149,7083684.149744223,1202857.03250955,70179.90944056,70179.90944056,,2026-07-25,,
1094,Towns,TOWNS,towns,0.002148079075495054,-1.54244183,9.77422442,-0.31887208,7079831.441940182,14724628.46322003,3295889580.0,10562677716.0,,2026-07-25,,
1095,Haedal Protocol,HAEDAL,haedal-protocol,0.015556065618490135,0.52361788,-2.68929408,0.12917189,7065046.473582958,1770050.06657427,454166667.0,1000000000.0,1000000000.0,2026-07-25,,
1096,SLERF (OLD),SLERF,slerf-old,0.014111536037847152,0.08009205,-2.23806604,-1.64466832,7055736.2679674905,2430.3068289,499997750.0,499997750.0,499997750.0,2026-07-25,,
1097,Applied Optoelectronics Tokenized bStocks,AAOIB,applied-optoelectronics-tokenized-bstocks,100.15088835248035,0.05923263,-9.74327598,-2.37954476,7048026.0608415445,2041163.16006728,70374.07432709,70374.07432709,,2026-07-25,,
1098,SymVerse (symverse.org),SYMM,symverse-org,0.042617759018204575,-2.10996085,25.59432521,64.3974504,7039502.7318971455,36244.93004364,165177684.0,315177684.0,315177684.0,2026-07-25,,
1099,Taiwan Semiconductor Manufacturing Tokenized Stock (Ondo),TSMon,taiwan-semiconductor-manufacturing-tokenized-stock-ondo,408.5608669170039,0.0227214,-2.33784032,1.32520569,7032594.516913565,1589078.82616814,17213.08888436,17213.08888436,,2026-07-25,,
1100,Bitcoin Limited Edition,BTCLE,bitcoin-limited-edition,450.79553289935103,0.68678225,0.41105552,-0.74576935,7022763.2888258295,140726.54674744,15578.6,210000.0,210000.0,2026-07-25,,
1101,ULTILAND,ARTX,ultiland,0.09234818701748161,-0.00175922,0.96005427,-6.23996586,6996169.451051062,912891.22255619,75758600.975314,107224664.215314,280000000.0,2026-07-25,,
1102,Autonolas,OLAS,autonolas,0.025701573202377533,-0.04386454,0.08017471,0.90979203,6943285.665705778,77310.97485305,270150220.41777146,473666856.7856633,,2026-07-25,,
1103,SpaceX tokenized stock (xStock),SPCXx,spacex-tokenized-stock-xtock,113.0333702797914,-0.01472988,-2.15833656,-9.49065125,6942090.765889503,22736739.39086977,61416.29457483,259962.03973879,,2026-07-25,,
1104,Peercoin,PPC,peercoin,0.22822598235307698,-0.05778174,-3.04151448,-0.09300854,6922879.451504638,2914.79858426,30333441.35548335,30333441.35548335,,2026-07-25,,
1105,Nimiq,NIM,nimiq,0.000485023215164935,-0.35844312,0.28884399,-5.72136847,6905177.191009489,33025.14246774,14236797281.2628,14236797281.2628,21000000000.0,2026-07-25,,
1106,FIGHT,FIGHT,fight-id,0.003338599741713905,0.00820457,0.29280694,7.47254508,6844129.470513505,1943496.79818379,2050000000.0,10000000000.0,10000000000.0,2026-07-25,,
1107,MUX Protocol,MCB,mcdex,1.790194565509315,-3.66301723,-3.7507891,-3.83239235,6841269.706568854,5788.60011397,3821523.0,4803143.0,4803143.0,2026-07-25,,
1108,Everscale,EVER,everscale,0.0034395019754361296,10.98055844,-22.21207317,-26.92901142,6829211.938613823,36112.15819704,1985523482.0,2117524486.0,,2026-07-25,,
1109,OMG Network,OMG,omg,0.04858926684200805,1.02547245,-4.86318786,8.61211646,6814421.078696444,1775551.30851649,140245398.24513277,140245398.24513277,140245399.0,2026-07-25,,
1110,MARBLEX,MBX,marblex,0.024365442415730677,0.04109873,-0.66267715,-3.64148834,6776605.191631305,944298.7909681,278123625.91274893,321277469.0,,2026-07-25,,
1111,NVIDIA Tokenized bStocks,NVDAB,nvidia-tokenized-bstocks,206.58657065544966,0.03487194,0.0292981,1.97904136,6775026.733533647,2746199.39628377,32795.09753242,32795.09753242,,2026-07-25,,
1112,Badger DAO,BADGER,badger-dao,0.34745072307476726,0.17084855,-0.00120466,-0.28004282,6771540.76870567,1001469.63348158,19489211.90544915,21000000.0,21000000.0,2026-07-25,,
1113,CREPE,CREPE,crepe,1.1607316280469436e-05,0.44960464,2.09251611,1.22404431,6741660.138751557,326036.47582065,580811272464.0,690000000000.0,690000000000.0,2026-07-25,,
1114,Swarms,SWARMS,swarms,0.006695046560849696,0.76825287,-0.97907075,8.74536886,6694944.996993368,7723492.79916577,999984830.0,999984830.0,,2026-07-25,,
1115,NAVI Protocol,NAVX,navi-protocol,0.008192362841200937,-0.53600072,-4.26574253,14.45805488,6686340.260200218,283518.61621542,816167495.24,1000000000.0,1000000000.0,2026-07-25,,
1116,X Empire,X,x-empire,9.690354716486595e-06,-0.63262388,0.35340981,-1.50099124,6686344.75437575,173598.00165962,690000000000.0,690000000000.0,690000000000.0,2026-07-25,,
1117,Agoras: Tau Net,AGRS,agoras-tokens,0.22342961119419288,-3.92388246,-6.57198609,-13.55771249,6672012.784930202,22743.92901364,29861810.83728983,42000000.0,42000000.0,2026-07-25,,
1118,Access Protocol,ACS,access-protocol,0.00012847246787109045,0.76154731,0.56969999,2.11619873,6622272.0758867385,599221.85637569,51546235435.68526,90317672036.20224,,2026-07-25,,
1119,Alpine F1 Team Fan Token,ALPINE,alpine-f1-team-fan-token,0.30810762549152193,0.6721628,-0.07904348,-2.64833467,6573617.679563019,2225697.72748594,21335459.22168,40000000.0,40000000.0,2026-07-25,,
1120,OWB,OWB,owb,0.014443089250466175,-2.33941917,2.82292276,-34.50712043,6573503.589444725,130198.19698909,455131410.9779218,1000000000.0,1000000000.0,2026-07-25,,
1121,Marlin,POND,marlin,0.0007963958044997848,-1.9023542,0.90184272,5.45653879,6552756.5266082175,2184815.15023135,8228014876.0,10000000000.0,,2026-07-25,,
1122,Heroes of Mavia,MAVIA,heroes-of-mavia,0.02641419717510082,0.31475069,-2.64699546,2.33903786,6523439.761884418,1561042.09159301,246967179.0,250000000.0,256989887.032251,2026-07-25,,
1123,Puffer,PUFFER,puffer,0.012864964303555906,0.11740358,-0.23699968,0.82314088,6517219.850751078,1590057.03641286,506586703.0,1000000000.0,1000000000.0,2026-07-25,,
1124,OVERTAKE,TAKE,overtake,0.019586395756268672,0.04432752,-4.73524222,-11.88861189,6513904.770178693,1887658.1638786,332572917.0,1000000000.0,1000000000.0,2026-07-25,,
1125,REI Network,REI,rei-network,0.006849665775314436,1.10872744,-33.08788983,-38.96510898,6507182.486548714,102033.2671323,950000000.0,1000000000.0,,2026-07-25,,
1126,WazirX,WRX,wazirx,0.0170230247894622,1.60170016,-2.98384752,-5.31190389,6500359.0039038425,5642.28642463,381856872.3419691,962646668.99,,2026-07-25,,
1127,Loom Network,LOOM,loom-network,0.005224757958645,0.0,0.0,0.0,6493960.851592275,0.0,1242920897.5790398,1300000000.0,,2026-07-25,,
1128,Cookie DAO,COOKIE,cookie,0.008285007623281545,0.38005801,0.30433672,-3.08167279,6478990.344221415,1851024.39971752,782013806.0,999892387.0,1000000000.0,2026-07-25,,
1129,Pikaboss,PIKA,pikachu,1.5389114863006125e-08,0.1479752,-0.41789255,0.3961074,6474046.731718047,0.0,420690000000000.0,420690000000000.0,420690000000000.0,2026-07-25,,
1130,SquidGrow,SQGROW,squid-grow,0.00645748995010933,-2.62255659,-6.81575882,-3.903253,6457489.95010933,20040.45455045,1000000000.0,1000000000.0,1000000000.0,2026-07-25,,
1131,MCOIN,MCOIN,mcoin1,0.03619715671788405,0.02056038,-2.40599806,-16.53003746,6406896.739065477,282353.87820651,177000000.0,500000000.0,500000000.0,2026-07-25,,
1132,Pepecoin,PEP,pepecoin-org,6.20084222679131e-05,-1.07504178,-1.60142362,-7.48074193,6382002.932868131,12006.84114251,102921550000.0,102921550000.0,,2026-07-25,,
1133,The Arena,ARENA,the-arena,0.001005986561057081,-13.53838822,-11.68228778,26.33683558,6422896.973651565,251771.20367595,6384674728.559442,10000000000.0,10000000000.0,2026-07-25,,
1134,ORIGYN,OGY,origyn-foundation,0.0008120346093426186,0.01045268,-1.47410911,-2.19789996,6357127.334614281,162181.7008307,7828640875.0,10414506263.767847,10620490364.0,2026-07-25,,
1135,PepeCoin,PEPECOIN,pepecoin,0.05928745330218768,-0.00381639,-0.85528845,-1.72424502,6347149.881676643,93865.65357627,107057219.16111442,107630586.03315184,133769420.0,2026-07-25,,
1136,ELYSIA,EL,elysia,0.0012409434333814058,-0.05801101,1.92355004,1.01156127,6331787.266538308,152286.93960915,5102397978.99976,6803300704.688,7000000000.0,2026-07-25,,
1137,Build On BNB,BOB,build-on-bnb,1.501865306364662e-08,0.1132963,-2.11963322,-1.81474275,6318197.157345496,145591.1741249,420690000000000.0,420690000000000.0,420690000000000.0,2026-07-25,,
1138,Elastos,ELA,elastos,0.27310000189707573,-3.87025665,-12.27137658,-1.15821046,6305523.467601009,461854.113443,23088698.0,26229451.0,28219999.0,2026-07-25,,
1139,Telos,TLOS,telos,0.013906967699435552,-0.02153224,-0.04915465,1.86724763,6268880.967967313,903906.90979984,450772670.46660006,467629079.7232,,2026-07-25,,
1140,QuickSwap [Old],QUICK,quickswap,9.417987280371154,0.00566337,-0.39739285,-1.80126246,6263883.360494987,1.43918423,665097.8785616,898059.90183885,1000000.0,2026-07-25,,
1141,WeBuy,WE,webuy,0.017274175544355664,-0.11387947,-1.38788308,0.03861993,6253791.192300756,24186.69914818,362031240.0,2500000000.0,,2026-07-25,,
1142,BeatSwap,BTX,beatswap,0.02772771010651946,-0.17093383,0.98219828,11.98563687,6231948.222824337,1302237.81403082,224755243.0,1500000000.0,1500000000.0,2026-07-25,,
1143,KGST,KGST,kgst,0.011437100262656378,0.27317329,0.17696123,0.22070507,6226271.170128352,2091815.23335438,544392462.0,544392462.0,,2026-07-25,,
1144,Broccoli (firstbroccoli.com),BROCCOLI,broccoli,0.006223793991408023,0.97965704,7.75013068,2.23567237,6223793.991408023,3463189.14158539,1000000000.0,1000000000.0,1000000000.0,2026-07-25,,
1145,Apu Apustaja,APU,apu-apustaja,1.8283936989823493e-05,0.13991031,11.28431026,8.68675727,6177959.4026835775,416303.09811269,337889996346.0888,337889996346.0888,420690000000.0,2026-07-25,,
1146,Depinsim,ESIM,depinsim,0.04585951223316223,-0.01277417,-7.32555864,-6.74919889,6168104.39536032,1212081.2668665,134500000.0,1000000000.0,1000000000.0,2026-07-25,,
1147,Mansory,MNSRY,mansory,0.0068517520985367265,0.11040974,-1.28923695,-3.8510575,6166496.228144412,173316.04525324,899988227.75,899988227.75,1000000000.0,2026-07-25,,
1148,Origin Dollar,OUSD,origin-dollar,0.9992908866412926,8.181e-05,-0.00147197,-0.01934957,6160119.588787454,0.0,6164490.91164253,6164490.91164253,,2026-07-25,,
1149,MAP Protocol,MAPO,map-protocol,0.0009829295971866864,0.04853545,-2.34179481,-9.84365682,6126641.168815423,666029.55460654,6233041701.410685,9697223991.055454,10000000000.0,2026-07-25,,
1150,Treehouse,TREE,treehouse,0.039199816490618204,-0.83374588,0.26253429,2.03027592,6119971.3508659,5431737.33090654,156122449.0,1000000000.0,1000000000.0,2026-07-25,,
1151,FC Porto Fan Token,PORTO,fc-porto,0.4708338344989008,-0.44440812,2.64444725,2.85775633,6115287.000017515,2715769.52776018,12988206.35209,40000000.0,40000000.0,2026-07-25,,
1152,iShares MSCI South Korea ETF Tokenized bStocks,EWYB,ishares-msci-south-korea-etf-tokenized-bstocks,164.20050698569864,0.0249712,-2.81717548,0.55072625,6056533.511179337,3685566.31318838,36884.98666881,36884.98666881,,2026-07-25,,
1153,Divi,DIVI,divi,0.001279470446,-0.12091698,-1.42620751,0.00069257,6042658.028061323,0.0,4722780465.115427,4722780465.115427,,2026-07-25,,
1154,Fuel Network,FUEL,fuel-network,0.0006957520154791663,-0.29683962,-1.876036,2.60865808,6028134.710793188,301540.78947784,8664200141.255207,10353593054.985647,,2026-07-25,,
1155,Auki,AUKI,auki-labs,0.004720942792653887,0.14751737,-1.75791221,-2.10720328,5928496.969667391,19910.79697702,1255786657.4643822,9991616050.76035,10000000000.0,2026-07-25,,
1156,U.S. Dollar Payment Token,USDPT,us-dollar-payment-token,0.9999683126524928,-0.01038605,0.03783058,0.00715514,5922256.483454127,1708167.4360193,5922444.15,5922444.15,,2026-07-25,,
1157,Micron Technology Inc tokenized stock (Backpack),MU,micron-technology-inc-tokenized-stock-backpack,920.824549541687,0.41633983,-5.42204914,8.77683972,5898936.927406748,3398899.79302867,6406.146459,6406.146459,,2026-07-25,,
1158,Daddy Tate,DADDY,daddy-tate,0.009808572001793584,0.13593222,24.46099646,-31.97614366,5881334.201393426,242448.62104189,599611666.236224,599611666.236224,999689062.0,2026-07-25,,
1159,KAN,KAN,bitkan,0.0006044462813380669,-0.32787433,0.14940334,0.14629175,5836690.762209212,91010.93197497,9656260518.781734,10000000000.0,,2026-07-25,,
1160,BugsCoin,BGSC,bugscoin,0.000624831134853918,-1.2688712,2.52994672,-8.39787598,5824453.289957703,250255.50237116,9321643825.126331,12985800644.0,14745800644.0,2026-07-25,,
1161,Bitgert,BRISE,bitrise-token,1.4708917210894695e-08,0.07075047,0.15660826,-3.01232779,5820171.451178922,482170.36471182,395690000000000.0,1000000000000000.0,,2026-07-25,,
1162,Mamo,MAMO,mamo,0.009660807449267183,-1.04179438,-1.86995665,1.49858559,5790669.211774978,762384.62943566,599398056.755,1000000000.0,1000000000.0,2026-07-25,,
1163,Bitlayer,BTR,bitlayer,0.01734560315100897,-0.26674944,3.24620794,6.49014144,5781045.078646082,1939197.46277301,333285907.0,1000000000.0,1000000000.0,2026-07-25,,
1164,Saga,SAGA,saga,0.013816741562226524,-2.21157991,7.73472876,12.04426185,5754747.871757288,20006904.60612917,416505429.0,1104581084.0,,2026-07-25,,
1165,Partisia Blockchain,MPC,partisia-blockchain,0.011376784584220936,0.01081812,-0.70641402,-7.5358615,5753533.250823198,422.48754655,505725779.3914,611653797.322,1000000000.0,2026-07-25,,
1166,Gitcoin,GTC,gitcoin,0.06572733007410539,-0.41989659,-1.92856624,-1.21125827,5750582.8243393935,2366795.77344957,87491501.9042429,100000000.0,,2026-07-25,,
1167,Bitlight,LIGHT,bitlight,0.13311225977033705,2.43475765,2.79249542,12.08390005,5731410.841788129,2854888.8305322,43056972.0,420000000.0,420000000.0,2026-07-25,,
1168,Coq Inu,COQ,coq-inu,8.190554770204817e-08,0.40601491,-2.03655761,11.9258542,5685883.121476184,1507520.59564669,69420000000000.0,69420000000000.0,69420000000000.0,2026-07-25,,
1169,Polkastarter,POLS,polkastarter,0.057273357566897665,0.01566512,-0.46969659,1.90332787,5682068.724179933,71911.16511064,99209631.94000003,100000000.0,,2026-07-25,,
1170,Turtle,TURTLE,turtle-xyz,0.03662941983450587,-0.51929139,-0.78912953,9.61326015,5666571.248398058,2427226.33931354,154700000.0,1000000000.0,1000000000.0,2026-07-25,,
1171,Broadcom Tokenized Stock (Ondo),AVGOon,broadcom-tokenized-stock-ondo,383.3547855932506,0.09604397,-2.30800556,2.96376547,5661048.086322423,3263994.74968254,14767.12512552,14767.12512552,,2026-07-25,,
1172,Creta World,CRETA,creta-world,0.001895135845568279,4.17282116,6.09049455,11.18734369,5640662.467943737,98131.36245097,2976389519.059684,10000000000.0,10000000000.0,2026-07-25,,
1173,Hyperion,RION,hyperion-xyz,0.1631526852020399,0.01270716,-0.25440638,-0.6463166,5625024.439827748,239113.69086901,34477057.076088,100000000.0,100000000.0,2026-07-25,,
1174,Layer3,L3,layer3-xyz,0.004612902657903381,-0.36295769,-3.45468538,-7.8263957,5594225.675271883,3826103.2917145,1212734386.598681,3333333312.0,3333333333.0,2026-07-25,,
1175,Utrust,UTK,utrust,0.007942723862210963,0.0016203,-0.01906249,-0.02953297,5592231.667527698,5099302.96513983,704069758.0,430219821.0,1000000000.0,2026-07-25,,
1176,Aragon,ANT,aragon,0.12941554098087268,0.0,-0.61270476,14.03337988,5589779.232924314,0.0,43192488.24799543,43192488.24799543,,2026-07-25,,
1177,iShares Russell 2000 Value Tokenized ETF (Ondo),IWNon,ishares-russell-2000-value-tokenized-etf-ondo,225.82288787098537,0.09892948,1.82959828,0.46567239,5580246.609871109,731363.51666771,24710.72202858,24710.72202858,,2026-07-25,,
1178,NetX,NETX,netx,0.23167007466820577,1.006275,10.11169641,-25.24329845,5574716.300164262,190715.92173976,24063169.60940373,30000000.0,50000000.0,2026-07-25,,
1179,SmarDex,SDEX,smardex,0.0005677849591125147,0.00627288,0.13818662,-2.65186009,5566978.36042443,238546.53341447,9804730243.516813,10000000000.0,10000000000.0,2026-07-25,,
1180,Aspecta,ASP,aspecta,0.014588125377523048,0.45967938,-0.54603324,-19.40667148,5566143.454401938,760199.24597511,381553031.0,1000000000.0,1000000000.0,2026-07-25,,
1181,Beta Finance,BETA,beta-finance,0.005559075793429416,0.0,-0.36953974,-5.84881842,5559075.793429416,0.0,1000000000.0,1000000000.0,1000000000.0,2026-07-25,,
1182,Anthropic tokenized stock (PreStocks),ANTHROPIC,anthropic-tokenized-stock-prestocks,752.3269419936873,0.14450461,3.07690618,-0.13137327,5555097.901799204,738.10346471,7383.88803022,7383.88803022,,2026-07-25,,
1183,RACA,RACA,radio-caca,1.3425500705114897e-05,1.11590279,-2.09623255,-0.11769613,5526880.8570508845,321652.9779654,411670371068.18915,415670371068.18945,500000000000.0,2026-07-25,,
1184,Upland (SPARKLET),SPARKLET,upland-sparklet,0.019921045308978848,0.00536419,-0.15176855,-0.02744803,5496385.520859836,156859.88252563,275908489.52,1000000000.0,1000000000.0,2026-07-25,,
1185,VNX Gold,VNXAU,vnx-gold,130.22135669317083,-0.26537931,-0.08513186,0.34997844,5482319.116782492,1058.73640521,42100.0,44100.0,,2026-07-25,,
1186,Hivemapper,HONEY,hivemapper,0.000893514391097583,1.28151951,-4.05496025,-11.92125536,5479297.513660031,166788.1748115,6132299119.356459,6565706568.521485,10000000000.0,2026-07-25,,
1187,Hydranet,HDN,hydranet,0.028949763253989683,-5.445e-05,0.87643023,1.77496696,5442936.687116446,102643.16909586,188013167.47784916,300000000.0,300000000.0,2026-07-25,,
1188,Vultisig,VULT,vultisig,0.08359569436175031,0.00580973,-2.0931712,-1.7897229,5434709.923643236,327.14265813,65011840.20465435,100000000.0,100000000.0,2026-07-25,,
1189,district0x,DNT,district0x,0.005421359334525713,0.00022342,-0.23168509,4.74120337,5421359.334525713,8221.67240027,1000000000.0,1000000000.0,,2026-07-25,,
1190,DAO Maker,DAO,dao-maker,0.025775932113042927,-0.01743733,-0.7387739,-0.25116966,5401373.518891107,1044105.04125108,209551045.33961543,269116957.0641556,,2026-07-25,,
1191,ProShares UltraPro QQQ Tokenized Stock (Ondo),TQQQon,proshares-ultrapro-qqq-tokenized-stock-ondo,64.16088173725373,-0.16205258,-3.53360907,-4.93060307,5388205.486596452,1695620.22353424,83979.60471712,83979.60471712,,2026-07-25,,
1192,Save,SAVE,save,0.11694154974871493,-0.01419543,-2.20873486,-3.55079186,5339883.626352259,0.0,45662843.0,50000001.0,,2026-07-25,,
1193,AMO Coin,AMO,amo-coin,0.00025098043391946876,0.00410724,0.88579523,-4.02568371,5320785.199092737,6113.80595733,21200000000.0,21200000000.0,21200000000.0,2026-07-25,,
1194,Manchester City Fan Token,CITY,manchester-city-fan-token,0.3858869913563555,-0.05053677,-0.06190074,-2.56135506,5290417.652730717,1393636.85508054,13709759.0,19740000.0,19740000.0,2026-07-25,,
1195,Graphite Protocol,GP,graphite-protocol,0.1506981477186106,0.62581308,-0.04231368,4.13911257,5282359.0356637025,127552.79675044,35052581.04118922,58649001.40419857,,2026-07-25,,
1196,Venus LINK,vLINK,venus-link,0.16975520525523333,0.00841302,-1.13978724,0.47505693,5246677.092447536,0.0,30907312.0,30907312.0,,2026-07-25,,
1197,Helium Mobile,MOBILE,helium-mobile,5.87030087289002e-05,-1.58849361,-12.26430214,-14.47966985,5241004.61931621,27434.52626065,89280000000.0,100880000000.0,,2026-07-25,,
1198,BFG Token,BFG,betfury,0.004647947440819079,0.00295764,-1.09639267,-4.14111253,5218756.829649662,0.0,1122808916.43,3327754200.68,,2026-07-25,,
1199,Eli Lilly Tokenized Stock (Ondo),LLYon,eli-lilly-tokenized-stock-ondo,1201.432835116066,-0.14388052,1.21500388,1.8052579,5194052.169682908,1781269.7479992,4323.21476313,4323.21476313,,2026-07-25,,
1200,dYdX (ethDYDX),ETHDYDX,dydx-ethdydx,0.12439378508271352,0.43272133,-0.68980359,0.639063,5181868.571005384,2245884.31768577,41656973.19652899,1000000000.0,,2026-07-25,,
1201,Quickswap [New],QUICK,quickswap-new,0.007776129098393029,-0.0948057,-0.135203,-0.16184517,5174235.538756932,341418.18606478,665399901.8388481,898059901.8388481,1000000000.0,2026-07-25,,
1202,Polyhedra Network,ZKJ,polyhedra-network,0.006516556695303521,-0.26779662,0.5363192,-2.311038,5152025.087430865,1546659.90836012,790605426.8113599,1000000000.0,1000000000.0,2026-07-25,,
1203,Realio Network,RIO,realio-network,0.03192321310438485,-0.70421904,-6.01420831,0.86871034,5150627.871950755,195069.66685261,161344281.20091972,161344281.20091972,175000000.0,2026-07-25,,
1204,Green Satoshi Token (SOL),GST,green-satoshi-token,0.001050260978686343,0.24022693,1.75137032,13.74499832,5138973.800152109,44517.96598029,4893044590.288303,4903044590.288303,,2026-07-25,,
1205,Zypher Network,POP,zypher-network,0.002148431077285161,-0.19684924,0.49325361,1.94521134,5129379.199166753,2747703.05089424,2387500001.0,10000000000.0,10000000000.0,2026-07-25,,
1206,ANyONe Protocol,ANYONE,anyone-protocol,0.05256186424240476,-0.0326952,-2.63751819,-1.25738257,5124779.952374514,68746.62899161,97499965.5404165,100000000.0,100000000.0,2026-07-25,,
1207,Alephium,ALPH,alephium,0.03780702055505551,-0.03575049,-0.60529385,4.49531785,5117504.501037267,207474.25399573,135358576.9496179,222998625.70696,,2026-07-25,,
1208,Zircuit,ZRC,zircuit,0.0008332601800679171,0.93741429,0.80673616,-7.05738963,5090265.508984973,870844.35204364,6108854870.0,10000000000.0,,2026-07-25,,
1209,Coreum,COREUM,coreum,0.013210587343596761,0.00336713,-14.96094685,13.96034792,5083328.959225478,437.32052201,384792048.0,897767382.677904,,2026-07-25,,
1210,Hemi,HEMI,hemi,0.005193498630719406,-2.96304185,10.19568839,21.26059501,5076644.9115282195,18218679.94903485,977500000.0,10000000000.0,,2026-07-25,,
1211,PAAL AI,PAAL,paal-ai,0.005077510428565509,0.03961699,0.38189814,-13.41965914,5071598.29831497,1571510.55657635,998835624.203295,1000000000.0,1000000000.0,2026-07-25,,
1212,Minswap,MIN,minswap,0.002932853643199872,0.04889262,-1.60139479,-2.87199334,5069063.351736033,118443.10108813,1728372421.0,2470721795.0,2500000000.0,2026-07-25,,
1213,Pitbull,PIT,pitbull,1.2588511139181244e-10,0.06480234,-1.5114198,0.15987599,5059594.294921172,66557.89824017,4.019215806366e+16,1e+17,1e+17,2026-07-25,,
1214,Juventus Fan Token,JUV,juventus-fan-token,0.31888831650168087,-0.10877525,-0.69504261,-3.7019546,5023271.62350027,3317795.28564257,15752448.0,19956000.0,19956000.0,2026-07-25,,
1215,Phoenix,PHNIX,phoenix-xrp,9.43984486025729e-06,-0.23952392,-2.39491048,-2.2054519,5003109.376343528,75812.39930715,529999110198.0,589000000000.0,589000000000.0,2026-07-25,,
1216,Oracle Tokenized Stock (Ondo),ORCLon,oracle-tokenized-stock-ondo,116.05073706568366,0.08523166,-6.21124815,-9.11045276,4986862.779475297,1416015.35041743,42971.4011782,42971.4011782,,2026-07-25,,
1217,crow with knife,CAW,crow-with-knife,6.475032858957284e-09,0.01460518,-0.20006117,-7.63958369,4984877.8471547505,4606.01862663,769861397731578.0,777777777777777.0,777777777777777.0,2026-07-25,,
1218,VNX Swiss Franc,VCHF,vnx-swiss-franc,1.2230474313127757,0.00081595,-0.11369716,-1.13670499,4977645.8175833635,9099.95664916,4069871.44582,4069871.44582,,2026-07-25,,
1219,McDull,MCDULL,mcdull,6.570126533229586e-07,0.0,-3.42744725,-1.37482182,4964095.602883554,0.0,7555555555554.0,8888888888888.0,8888888888888.0,2026-07-25,,
1220,LimeWire,LMWR,limewire,0.009841381788889055,0.74302293,3.16023336,5.55090172,4979447.263892114,1198172.94619743,505970337.3680638,633045269.0,633045269.0,2026-07-25,,
1221,Bluefin,BLUE,bluefin,0.008983941072627833,0.19319986,0.62608248,0.11617624,4954258.764277815,2158793.59759051,551457175.0,1000000000.0,1000000000.0,2026-07-25,,
1222,Kryll,KRL,kryll,0.12368401758025169,-0.0094524,-1.88840384,-1.05502133,4935285.259586104,42683.34470451,39902368.60137464,49417348.0,49417348.0,2026-07-25,,
1223,inSure DeFi,SURE,insure,0.00018379397477864048,0.0,-18.82113093,-19.8833725,4923852.195438466,0.0,26790063174.642704,88000000000.0,88000000000.0,2026-07-25,,
1224,Portal To Bitcoin,PTB,portaltobitcoin,0.000612909237686346,-0.53459216,4.84341599,7.64435827,4915759.884625276,1017217.09534399,8020371667.396695,8313031943.025996,8400000000.0,2026-07-25,,
1225,LeverUp,LV,leverup,0.05446226430472006,-2.07997056,-1.90420613,-2.48932195,4901603.787424806,1158.71162808,90000000.0,1000000000.0,1000000000.0,2026-07-25,,
1226,Arm Holdings plc Tokenized Stock (Ondo),ARMon,arm-holdings-plc-tokenized-stock-ondo,258.6895643775552,0.05979282,-8.85608747,-3.08902564,4901023.279249706,1640213.4128625,18945.57784363,18945.57784363,,2026-07-25,,
1227,Edel,EDEL,edel,0.007957744370756829,-1.66157976,-10.48886785,-11.37631463,4896834.422483031,749124.6866921,615354577.1686195,1000000000.0,1000000000.0,2026-07-25,,
1228,Alpha Quark Token,AQT,alpha-quark-token,0.1825604385481478,-1.43679956,-1.00930842,-11.31780289,4893751.810369798,871140.59905552,26806201.0,30000000.0,30000000.0,2026-07-25,,
1229,Alchemix,ALCX,alchemix,1.9297595516475332,-0.09879794,-0.81106907,-0.89363093,4875038.950811797,283859.67527082,2526241.64842181,2688820.72659166,,2026-07-25,,
1230,RHEA Finance,RHEA,rhea-finance,0.012175598165775446,0.14126712,-2.71112778,-3.72135572,4838975.075221143,629930.06820243,397432225.4509913,999574423.025856,1000000000.0,2026-07-25,,
1231,NKN,NKN,nkn,0.006013539453485506,0.07195565,7.41731063,-29.71588849,4829477.41685943,1280120.50812496,803100645.504241,803100645.504241,1000000000.0,2026-07-25,,
1232,Pangolin,PNG,pangolin,0.020253981134414664,0.13406565,-0.31816452,-3.58591673,4774057.548552653,453056.9165516,235709588.0,230000000.0,538000000.0,2026-07-25,,
1233,StablR USD,USDR,stablr-usd,0.22356953026313603,-0.0026737,-0.03046326,-9.70935474,4773336.889417109,92.94617237,21350569.926944,21350569.926944,,2026-07-25,,
1234,DAOBase,BEE,daobase,0.027401285315037854,0.39481252,2.99483473,-35.84891663,4770289.248842821,444143.8183938,174089981.32744092,1023877462.925673,1000000000.0,2026-07-25,,
1235,Viction,VIC,viction,0.037425878269107156,-0.38314621,0.12348814,0.08341995,4768790.17297459,2853355.95668106,127419592.9,210000000.0,210000000.0,2026-07-25,,
1236,Luna by Virtuals,LUNA,luna-by-virtuals,0.004761082299814068,0.0140628,-2.64169344,-8.19415215,4761082.299814068,0.0,1000000000.0,1000000000.0,1000000000.0,2026-07-25,,
1237,Rain Coin,RAIN,rain-coin,4.735947315141129,0.0,-0.08159769,-0.80236541,4735947.315141129,7932.28929559,1000000.0,1000000.0,1000000.0,2026-07-25,,
1238,Amaterasu Omikami,OMIKAMI,amaterasu-omikami,0.004980356827958718,0.00339,-1.84827565,-2.29548407,4716278.44229696,11022.60766031,946976011.0,999476011.0,1000000000.0,2026-07-25,,
1239,Obyte,GBYTE,obyte,5.01214628390274,1.06300858,3.3750163,16.64633996,4702628.336663495,5760.79055958,938246.4258409,1000000.0,1000000.0,2026-07-25,,
1240,Neon EVM,NEON,neon,0.019625465832834265,-0.16412303,4.04632037,4.37150819,4699622.518280151,690561.60240495,239465527.0,1000000000.0,1000000000.0,2026-07-25,,
1241,Alltoscan,ATS,alltoscan,0.06344057106644979,0.05179005,-1.18921542,-3.82439294,4677620.4482660955,298753.41789957,73732319.3917438,98561539.0,100000000.0,2026-07-25,,
1242,S.S. Lazio Fan Token,LAZIO,lazio-fan-token,0.3545140497578593,0.4117066,-0.57288094,-5.4988875,4672111.916919475,1049337.6560515,13178918.91763,40000000.0,40000000.0,2026-07-25,,
1243,Epic Private Internet Cash,EPIC,epic-cash,0.26990275479264203,0.0104385,-8.8994975,9.65735932,4663819.198992072,7654.83399609,17279628.0,19335819.0,21000000.0,2026-07-25,,
1244,ParagonsDAO,PDT,paragonsdao,0.05659998643373989,0.0,-8.37923702,-5.71886352,4659899.745684376,0.0,82330403.93286309,84467740.26777703,162500000.0,2026-07-25,,
1245,Marvell Tokenized Stock (Reality),rMRVL,marvell-tokenized-stock-reality,188.96947074637578,-0.00283966,-7.93915953,5.13223181,4651808.0855627125,0.0,24616.71754273,24616.71754273,,2026-07-25,,
1246,Robinhood Markets Tokenized Stock (Ondo),HOODon,robinhood-markets-tokenized-stock-ondo,95.11494124217957,0.13800662,-6.03545798,-4.76020636,4650304.010921049,2907443.80888644,48891.41443173,48891.41443173,,2026-07-25,,
1247,Covalent X Token,CXT,covalent-x,0.0048081341221825795,0.75176665,102.06234534,48.00415199,4650169.370237654,1750282.49030383,967146350.7608603,1000000000.0,1000000000.0,2026-07-25,,
1248,Lingo,LINGO,lingo,0.009549459228730113,-0.07248953,-4.86652529,12.924445,4643005.64384203,158584.17092583,486206133.0,486206133.0,1000000000.0,2026-07-25,,
1249,Wexo,WEXO,wexo,0.015826072940892603,-1.29430974,-5.28021421,-9.58700414,4640080.96881397,118349.69767661,293192189.0,920900277.0,928000000.0,2026-07-25,,
1250,Alitas,ALT,alitas,0.006086427267194162,0.0,-2.10160098,-5.8346754,4625684.723067563,176.65454985,760000000.0,1000000000.0,1000000000.0,2026-07-25,,
1251,Koma Inu,KOMA,koma-inu,0.007625530642754499,-0.24757874,-4.18565934,5.61456473,4620723.490159393,1147827.67021629,605954353.425861,605954353.425861,1000000000.0,2026-07-25,,
1252,HOPR,HOPR,hopr,0.013518232505648159,0.18140982,1.20229928,-3.04687747,4612066.928972526,77468.32112362,341173813.0,394545361.0,1000000000.0,2026-07-25,,
1253,CONX,XPLA,xpla,0.004694276933717823,0.07204337,0.28873818,-3.42807913,4593665.030276111,1184847.23831846,978567113.7722954,1999879778.2998,2000000000.0,2026-07-25,,
1254,Milady Meme Coin,LADYS,milady-meme-coin,6.249690236141688e-09,0.62473464,-1.76812709,-4.97652657,4589560.165147749,148929.57790944,734366023232083.0,888000888000888.0,888000888000888.0,2026-07-25,,
1255,PumpBTC (Governance token),PUMP,pumpbtc-pump,0.008861328348589336,-0.41422008,-0.78832107,-0.747039,4580901.0287785325,2593331.25357797,516954213.69955,1000000000.0,1000000000.0,2026-07-25,,
1256,BitMine Immersion Technologies Tokenized Stock (Ondo),BMNRon,bitmine-immersion-technologies-tokenized-stock-ondo,15.798543452461274,0.00976649,-4.846684,0.7075494,4574019.32283145,4432863.85261692,289521.58384695,289521.58384695,,2026-07-25,,
1257,Google Tokenized Stock (Reality),rGOOGL,google-tokenized-stock-reality,318.69553882153775,-0.00283966,-0.06774469,-7.93056637,4557711.443458158,0.0,14301.14604149,14301.14604149,,2026-07-25,,
1258,XMAQUINA,DEUS,deus-token,0.02252430083905861,-0.06246893,-1.51964338,-4.76997225,4535750.352303035,80386.13436426,201371415.9081798,999987281.5088582,1000000000.0,2026-07-25,,
1259,PepeFork,PORK,pepefork,1.1125726911931409e-08,1.35926131,-0.93419382,17.39885279,4535132.572290843,10879.20493855,407625731620941.9,420690000000000.0,420690000000000.0,2026-07-25,,
1260,Marvell Technology Tokenized bStocks,MRVLB,marvell-technology-tokenized-bstocks,193.44958776347252,0.02738151,-5.65420049,4.18871444,4520370.222360227,2053472.8374074,23367.17423191,23367.17423191,,2026-07-25,,
1261,Sperax,SPA,sperax,0.0022015461601557432,0.37865442,-1.20938469,1.84797717,4509211.880167061,251251.30624653,2048202287.0,4615267291.67,5000000000.0,2026-07-25,,
1262,Nomina,NOM,nomina,0.001554818246090334,-0.48170676,3.70445462,3.45716415,4508972.913661969,6788549.29217112,2900000000.0,7500000000.0,7500000000.0,2026-07-25,,
1263,MonaCoin,MONA,monacoin,0.06836796003525565,1.04342464,-0.09623303,-0.34427153,4493803.784722362,3701.48180963,65729674.871168,65729674.871168,105120000.0,2026-07-25,,
1264,AIVille Governance Token,AIV,aiville,0.001593503568151068,0.0,-0.02186099,21.32768456,4425414.36932642,0.0,2777160000.0,10000000000.0,10000000000.0,2026-07-25,,
1265,Hey Anon,ANON,hey-anon,0.31804749957375067,0.93359258,0.13708185,3.70412645,4408040.722707799,119752.48451657,13859693.060362,20961083.951299,20961083.951299,2026-07-25,,
1266,SCOR,SCOR,scor,0.012380274766139966,0.26833489,-9.96129464,9.93534445,4392711.9379417915,258375.55826868,354815383.41587156,4000000000.0,4000000000.0,2026-07-25,,
1267,Nash,NEX,nash,0.09872348985570908,0.0,0.88886112,4.39043437,4376061.639467616,0.0,44326448.0,50000000.0,50000000.0,2026-07-25,,
1268,PayAI Network,PAYAI,payai-network,0.004372984447217253,2.28957532,-0.87686179,-1.69049105,4372746.69092553,1497366.14139871,999945630.6569135,999945630.6569135,1000000000.0,2026-07-25,,
1269,Lockheed Tokenized Stock (Ondo),LMTon,lockheed-tokenized-stock-ondo,592.8301686940757,-0.00138707,2.76251357,13.72814208,4369795.282800813,1669838.76511989,7371.07440471,7371.07440471,,2026-07-25,,
1270,MAGIC•INTERNET•MONEY (Bitcoin),MIM,magic-internet-money-bitcoin,0.00020706402799604127,0.72611547,2.11249825,-2.82069456,4348344.587916867,1089.91806391,21000000000.0,21000000000.0,21000000000.0,2026-07-25,,
1271,KYVE Network,KYVE,kyve-network,0.003582621929266385,0.06963853,-12.10284712,-14.91013656,4317764.466115197,18029.94477309,1205196794.795299,1275485565.795299,,2026-07-25,,
1272,NEM,XEM,nem,0.00047965995741074537,0.22756748,4.49974092,1.88210545,4316939.616217048,270270.63838607,8999999999.0,8999999999.0,8999999999.0,2026-07-25,,
1273,MORI COIN,MORI,mori-coin,0.005381514715796596,-0.27068821,-3.43804838,-2.51199898,4305254.744032282,877088.61139417,800007985.0,999998186.0,999999999.0,2026-07-25,,
1274,Splintershards,SPS,splintershards,0.0027502927675276422,-0.23033671,-0.0131557,0.51598162,4289485.503086266,1876.79191037,1559646868.774,2751416587.865,3000000000.0,2026-07-25,,
1275,WhiteCoin,XWC,whitecoin,0.005611859111199871,-0.12280604,-3.10681056,-12.8504139,4289282.101803611,664419.12166531,764324623.4110321,971792390.0,1000000000.0,2026-07-25,,
1276,Mitosis,MITO,mitosis,0.0234847106639597,-0.06151351,1.05711202,9.26119386,4257145.881934241,4622583.66404958,181273082.0,1000000000.0,1000000000.0,2026-07-25,,
1277,Nebius Group Tokenized Stock (Ondo),NBISon,nebius-group-tokenized-stock-ondo,190.49694718121944,0.10147142,-13.17697184,6.8646643,4254971.44841825,2396269.5486122,22336.16607184,22336.16607184,,2026-07-25,,
1278,Unstable Coin (usduc.io),USDUC,unstable-coin-sol,0.004252431705568552,0.10429647,-3.23316817,-16.14182983,4252075.497293369,753773.11929859,999916234.216127,999916234.216127,1000000000.0,2026-07-25,,
1279,Enzyme,MLN,enzyme,1.2961237985479626,-0.0400535,-0.91312534,-1.88283785,4246509.312814968,1328297.08705428,3276314.59091508,3276934.20658701,,2026-07-25,,
1280,PRIZM,PZM,prizm,0.0008991899999999999,0.0,-1.10879913,1.09437566,4240431.623124514,0.0,4715834943.81,4715834943.81,6000000000.0,2026-07-25,,
1281,doginme,DOGINME,doginme,6.26912144871217e-05,0.08335038,-1.07395931,-2.28167849,4239133.412294505,163473.93382724,67619258088.6326,67619258088.6326,69000000000.0,2026-07-25,,
1282,Marina Protocol,BAY,marina-protocol,0.021173797116505404,-0.08432932,1.06052551,90.03792324,4234759.423301081,525754.66850859,200000000.0,1000000000.0,1000000000.0,2026-07-25,,
1283,Open Loot,OL,open-loot,0.005268892269610942,-2.00472062,4.8145724,8.09882358,4218848.538852491,897916.24149123,800708825.1140146,5000000000.0,5000000000.0,2026-07-25,,
1284,Lava Network,LAVA,lava-network,0.015918867832116906,0.31948959,6.44268649,-7.70204169,4210643.552588663,582073.7733062,264506471.0,959853317.783747,,2026-07-25,,
1285,MESSIER,M87,messier,4.747926954236568e-06,-0.06576926,1.04003016,5.02674605,4201185.569373051,131839.15415195,884846293944.0,884846293944.0,884846293944.0,2026-07-25,,
1286,Croatian Football Federation Token,VATRENI,croatian-ff-fan-token,1.0859604788716999,-0.07172878,-9.1463187,-23.37596677,4196177.353411742,33830.84693572,3864024.0,20999999.44183582,30000000.0,2026-07-25,,
1287,BTSE Token,BTSE,btse,0.9620177577385687,-0.11492287,3.06933332,3.86727604,4189309.3118194803,3914481.81560808,4354711.0,165904711.0,,2026-07-25,,
1288,Populous,PPT,populous,0.07805132031898483,0.0,3.71362838,-12.78293427,4156408.1098134825,0.0,53252245.99438964,53252246.0,53252246.0,2026-07-25,,
1289,RSS3,RSS3,rss3,0.004439039393302153,-0.84879372,-7.57719737,-15.49725976,4126617.2319428204,1115220.88350867,929619421.3030119,1055772199.8297999,1000000000.0,2026-07-25,,
1290,Australian Digital Dollar,AUDD,novatti-australian-digital-dollar,0.7029907919004433,0.02472816,0.14435359,0.97530417,4126077.91471711,3678.00243882,5869320.0,5670229.704638,,2026-07-25,,
1291,ShareX,SHARE,sharex-network,0.22855262829538267,-0.05988944,0.12313596,6.8303885,4113947.309316888,1131959.44411563,18000000.0,100000000.0,100000000.0,2026-07-25,,
1292,SPACEM WORLD,SPCM,spacem,0.0004229125799841384,1.14492738,-2.27852469,3.09830938,4112705.5616587745,235609.22962972,9724717959.0,42582201726.0,42582201726.0,2026-07-25,,
1293,Scroll,SCR,scroll,0.021541614743516707,-0.9649284,-3.83403543,-8.24688033,4092906.8012681743,5227703.36420718,190000000.0,1000000000.0,1000000000.0,2026-07-25,,
1294,Galeon,GALEON,galeon,0.0049581289697420115,0.0,-0.38037355,-3.60972959,4089358.359487096,0.0,824778537.3158374,3931074356.4648747,4000000000.0,2026-07-25,,
1295,Tokemak,TOKE,tokemak,0.04530272823932521,0.00096619,8.10639603,-16.80888699,4087009.6924676816,1017.89822621,90215531.19001643,100000000.0,100000000.0,2026-07-25,,
1296,PIBBLE,PIB,pibble,0.00013758378831276992,0.01948418,-0.83382598,1.99844567,4079153.07060808,34751.65458055,29648500892.670006,29648500892.670006,30000000000.0,2026-07-25,,
1297,Diamond,DMD,diamond,1.1039517904146756,-0.18246755,-1.88605059,0.5331581,4077404.769204372,36193.52339886,3693462.70788943,4380000.0,4380000.0,2026-07-25,,
1298,Odos,ODOS,odos,0.0010895642059758808,0.74926255,2.34385249,-1.0271057,4074134.0661898754,912314.10299548,3739232661.870376,10000000000.0,10000000000.0,2026-07-25,,
1299,South Korea Bull 3X ETF Tokenized bStocks,KORUB,south-korea-bull-3x-etf-tokenized-bstocks,18.359188612412947,0.00202486,-8.6660854,-8.2256372,4072316.7570931194,4003422.73610307,221813.54759544,221813.54759544,,2026-07-25,,
1300,Gearbox Protocol,GEAR,gearbox-protocol,0.0004053090779137128,0.00229239,-0.24567069,-8.71902328,4053090.779137128,891.34022466,10000000000.0,10000000000.0,10000000000.0,2026-07-25,,
1301,SUNDOG,SUNDOG,sundog,0.004057482683246183,-0.39723695,0.75747148,-1.5285429,4047016.8367579137,3596455.61899782,997420606.0,1000000000.0,1000000000.0,2026-07-25,,
1302,Bitcoin Gold,BTG,bitcoin-gold,0.23000673434608113,-0.00129004,-38.62744759,-7.56335094,4028320.370292687,4.60013469,17513923.589,17513923.589,21000000.0,2026-07-25,,
1303,SIX Token,SIX,six,0.004729041384189985,0.01060754,-3.58697575,-5.62205618,4024256.315849718,380661.54708168,850966610.126,999999970.0,1000000000.0,2026-07-25,,
1304,Ski Mask Dog,SKI,ski-mask-dog,0.00406418679030194,-2.76424602,-4.60969945,-3.27984497,4021094.4087811476,22667.78321149,989397047.0,1000000000.0,1000000000.0,2026-07-25,,
1305,SpaceX Tokenized Stock (Reality),rSPCX,spacex-tokenized-stock-reality,112.52250325225641,0.03268646,-2.75000941,-10.09461937,4017377.921844976,0.0,35702.88436295,35702.88436295,,2026-07-25,,
1306,Keyboard Cat,KEYCAT,keyboard-cat,0.00040006835927790366,-8.339e-05,-1.66147983,-6.05832236,4000683.5927790366,30337.19452927,10000000000.0,10000000000.0,10000000000.0,2026-07-25,,
1307,Mame Inu,MAME,mame-inu,0.00445329859423501,-1.29154362,-5.54708614,-33.13903915,3998891.353612598,1092359.02521252,897961649.9979,897961649.9979,1000000000.0,2026-07-25,,
1308,Ref Finance,REF,ref-finance,0.04121315752581853,0.0,-4.14642834,-6.49762612,3956264.6323373495,0.0,95995183.81620954,99990506.14259167,99990506.14259167,2026-07-25,,
1309,ASML Holding NV Tokenized Stock (Ondo),ASMLon,asml-holding-nv-tokenized-stock-ondo,1764.076689101087,0.03949367,-2.96189414,0.16336853,3942625.905857706,2673368.73313025,2234.95153596,2234.95153596,,2026-07-25,,
1310,Games for a Living,GFAL,games-for-a-living,0.0009333093223982793,0.0,-1.00843653,-6.11147425,3919147.2759344,0.0,4199194395.555333,10000000000.0,10000000000.0,2026-07-25,,
1311,Venus LTC,vLTC,venus-ltc,0.9420937800963252,0.19782025,-0.96525642,1.76466151,3902508.5486078556,0.0,4142378.0,4142378.0,,2026-07-25,,
1312,Pkoin,PKOIN,pocketnet,0.2799741935404178,-0.00231595,-3.67201547,-0.51555476,3898410.226289034,30567.45867096,13924177.0,16609085.0,24375000.0,2026-07-25,,
1313,VestChain,VEST,vestchain,0.0009827243706142237,0.0,0.0,0.0,3877782.587367552,0.0,3945951381.0,3945951381.0,,2026-07-25,,
1314,Destra Network,DSYNC,destra-network,0.003976949967022814,1.38343909,7.24625763,24.50233712,3877318.263654809,770036.54494861,974947710.1310906,999874315.1676701,1000000000.0,2026-07-25,,
1315,elizaOS,ELIZAOS,elizaos,0.0004079858123508333,0.20106492,-0.93237212,-5.1340674,3872763.651687953,2274152.44031867,9492397859.06502,10999984882.285799,11000000000.0,2026-07-25,,
1316,AC Milan Fan Token,ACM,ac-milan-fan-token,0.2789859648152764,0.15751903,0.36194537,-4.04140807,3859403.1197177223,1032543.5024551,13833682.0,19920000.0,19920000.0,2026-07-25,,
1317,Tectonic,TONIC,tectonic,1.557e-08,0.257566,0.32216495,-8.26606808,3857216.5101846713,1868.33772,247733879909099.0,500000000000000.0,,2026-07-25,,
1318,SpaceN,SN,spacen,0.09608530700202,0.05810575,-1.01139774,-0.14342627,3844373.13315082,0.0,40010000.0,1000000000.0,1000000000.0,2026-07-25,,
1319,Steem Dollars,SBD,steem-dollars,0.3921364236418326,-0.00081915,2.44229431,0.00151728,3843584.029727386,1340441.22109625,9801650.135,9801650.135,,2026-07-25,,
1320,Roundhill Memory ETF Tokenized ETF (Ondo),DRAMon,roundhill-memory-etf-tokenized-etf-ondo,53.16076805244908,-0.04703298,-6.56460824,1.94376431,3831860.8567748885,622213.24474442,72080.61503164,72080.61503164,,2026-07-25,,
1321,Sport.Fun,FUN,sport-fun,0.021520674195007385,-0.36708313,-7.17469592,6.73729637,3830680.0067113144,665822.61593285,178000000.0,1000000000.0,1000000000.0,2026-07-25,,
1322,SpaceChain,SPC,spacechain,0.012454231630074922,-0.12534857,-0.09144189,12.97540799,3825724.8721787645,1330.98899135,307182730.0,391259213.0,,2026-07-25,,
1323,错版马,哭哭马,crying-horse,0.0038197267054169096,0.33095168,-2.07564336,-2.3773997,3819726.7054169094,1034627.67801573,1000000000.0,1000000000.0,1000000000.0,2026-07-25,,
1324,Quantoz EURQ,EURQ,quantoz-eurq,1.134817362113035,-0.00170516,-0.00494248,0.67047415,3801938.889679627,4298161.55420154,3350265.0,5000000.0,,2026-07-25,,
1325,ANDY (ETH),ANDY,boysclubandy,3.793867133702402e-06,0.20569811,-3.27311352,-1.78773259,3793867.133702402,28283.88514919,1000000000000.0,1000000000000.0,1000000000000.0,2026-07-25,,
1326,Coca-Cola Tokenized Stock (Ondo),KOon,coca-cola-tokenized-stock-ondo,83.93431265747361,-0.0073316,0.92836377,0.80887267,3771256.8658390986,1329913.03800575,44931.05079956,44931.05079956,,2026-07-25,,
1327,SpaceX tokenized stock (PreStocks),SPACEX,spacex-tokenized-stock-prestocks,428.5859340800225,-0.00046602,-1.16337839,-5.24160778,3746940.175341727,1689.3349019,8742.56450666,8742.56450666,,2026-07-25,,
1328,Purple Pepe,$PURPE,purple-pepe,8.953795381698852e-06,-0.00390161,-0.58653004,-4.91645794,3735647.0125616095,186150.96540497,417213801892.0,420683240832.10004,420690000000.0,2026-07-25,,
1329,Boson Protocol,BOSON,boson-protocol,0.021896293367258117,0.28141357,-3.77246459,-16.94254083,3732518.696025818,57268.96250972,170463495.0501309,200000000.0,200000000.0,2026-07-25,,
1330,Arsenal Fan Token,AFC,arsenal-fan-token,0.1608324780881725,-0.11191179,0.80928734,0.3460713,3725832.6466727327,1401493.6285381,23165922.02621,39266147.13,40000000.0,2026-07-25,,
1331,Minutes Network Token,MNTX,minutes-network-token,0.04791063812251276,0.06291389,1.56605878,-1.79770145,3721277.6660434376,72565.25508495,77671219.0,93328736.60546489,500000000.0,2026-07-25,,
1332,Klever Coin,KLV,klever,0.00041872562618084253,0.23904254,0.28345659,-1.58788442,3718610.336751097,136246.10448713,8880780406.65482,10000000000.0,10000000000.0,2026-07-25,,
1333,Giant Mammoth,GMMT,giant-mammoth,0.001769853241311832,-0.35342887,-1.58612179,-5.25268793,3716691.806754847,3587.43631581,2100000000.0,3000000000.0,3000000000.0,2026-07-25,,
1334,GamerCoin,GHX,gamercoin,0.005711663353754383,0.01983554,-0.60187778,-3.24263042,3712381.976289547,240419.50567216,649965123.3557609,808000000.0,808000000.0,2026-07-25,,
1335,Oraichain,ORAI,oraichain-token,0.26842158046309467,0.00930434,-6.61092775,-3.75830396,3710579.401847682,151800.13740993,13823700.0,18014986.26,19779272.0,2026-07-25,,
1336,Qualcomm Tokenized Stock (Ondo),QCOMon,qualcomm-tokenized-stock-ondo,168.8797689410643,-0.12279322,-2.02738923,-2.63749217,3710395.362468985,1229142.04910252,21970.63263252,21970.63263252,,2026-07-25,,
1337,PussFi,PUSS,pussfi,0.00420222659918216,-0.1123372,0.23436131,0.59926807,3693020.198382381,798894.85971332,878824621.0,1000000000.0,1000000000.0,2026-07-25,,
1338,DaGama World,DGMA,dagama-world,0.025469717918711898,-1.40603444,-3.84721156,-5.60879403,3692894.39382972,102240.87182739,144991570.2096038,700000000.0,700000000.0,2026-07-25,,
1339,Sui Name Service,NS,sui-name-service,0.01198435025074909,-0.06297203,-2.35008273,5.42341913,3682135.9921770566,288483.01901271,307245358.75,500000000.0,500000000.0,2026-07-25,,
1340,Suilend,SEND,suilend,0.05056246297894773,-1.88187233,-0.03470934,-2.65100402,3680011.678221556,5248.56684423,72781495.62757201,100000000.0,100000000.0,2026-07-25,,
1341,CateCoin,CATE,catecoin,6.423136688579757e-08,-0.00793079,-0.56125908,-0.03402207,3678728.917254226,365.9535376,57273090946281.0,60000000000000.0,,2026-07-25,,
1342,Inflation Hedging Coin,IHC,inflation-hedging-coin,3.065845428528779e-05,0.0,-0.25956765,-0.56207347,3668069.0696752532,0.0,119642987723.47,621439126933.0,1000000000000.0,2026-07-25,,
1343,World3,WAI,world3,0.010843515427194361,-0.74786848,-5.1380369,-13.88819668,3660049.6493838155,70071.40992599,337533494.0,1000000000.0,1000000000.0,2026-07-25,,
1344,Swell Network,SWELL,swell-network,0.0007111583741304072,-0.21449816,-0.51522061,-2.88149514,3654411.4655366857,1540688.03192398,5138674588.491263,10000000000.0,10000000000.0,2026-07-25,,
1345,Landwolf 0x67,WOLF,landwolf-coin,4.045868468525568e-06,0.53375684,-2.0061179,-13.34425542,3650018.695467015,151343.65034785,902159505150.0,902159505150.0,1000000000000.0,2026-07-25,,
1346,PlatON,LAT,platon,0.0005225091974330701,-0.145279,-2.51397929,-7.97189022,3630608.353620956,1258510.83739074,6948410423.121811,10250000000.0,,2026-07-25,,
1347,Star Atlas,ATLAS,star-atlas,0.00014558498214396854,1.53118009,2.94568482,-7.1895633,3635406.6435743375,187585.79978354,24971027849.4199,36000000000.0,,2026-07-25,,
1348,Fei USD,FEI,fei-usd,1.0001281146192984,0.0,0.00879854,0.08373542,3602302.709933129,0.0,3601841.26141115,3856717.99532142,,2026-07-25,,
1349,Fwog (SOL),FWOG,fwog-solana,0.003681443114799056,-0.2703939,-10.57077119,-15.9155888,3591745.9608203187,1918366.27369163,975635328.0,975635328.0,975635328.0,2026-07-25,,
1350,TrustSwap,SWAP,trustswap,0.03585793146953263,-0.00187103,0.36049125,-13.67246164,3585619.7379966765,40575.83157046,99995164.0,99995164.26708125,,2026-07-25,,
1351,Bitrue Coin,BTR,bitrue-coin,0.009988114157927584,-0.09910601,0.89902073,0.8979444,3585279.9093484995,363781.80252797,358954638.74958384,801307097.3484074,1000000000.0,2026-07-25,,
1352,PIVX,PIVX,pivx,0.034046829249249747,0.00274716,-0.6063802,-6.78167268,3578779.09455391,2008536.19934356,105113432.68867752,105113432.68867752,,2026-07-25,,
1353,Jager Hunter,JAGER,jager-hunter,2.712262031959788e-10,0.00545546,-0.00577203,3.0925024,3576151.88204558,22881.91721839,1.3185126805250358e+16,1.3185126805250358e+16,1.46e+16,2026-07-25,,
1354,Vulcan Forged (PYR),PYR,vulcan-forged-pyr,0.09344172899922569,-1.53893882,18.57318173,-18.71582231,3588821.784157837,12065666.58109237,38407056.70362302,50000000.0,50000000.0,2026-07-25,,
1355,Harvest Finance,FARM,harvest-finance,5.28746149250916,0.53388267,0.6161778,0.33111582,3554144.1115469164,198199.97351799,672183.450713,690420.0,,2026-07-25,,
1356,QAIT,QAIT,qait,0.007096352572985002,0.22016797,-1.54855961,20.19125091,3548176.286492501,11719737.33020157,500000000.0,10000000000.0,10000000000.0,2026-07-25,,
1357,LOFI,LOFI,lofitheyeti,0.003535653067281716,-1.16429269,0.40755208,-0.70938291,3535653.067281716,125721.08371474,1000000000.0,1000000000.0,1000000000.0,2026-07-25,,
1358,Manyu (manyushiba.com),MANYU,manyu-ethereum,3.521965759594197e-09,0.88772203,15.8467416,23.4085281,3521965.759594197,1855677.3589456,1000000000000000.0,1000000000000000.0,1000000000000000.0,2026-07-25,,
1359,VitaDAO,VITA,vitadao,0.24339765869575203,0.00511647,3.04295687,-25.08351066,3515875.597525857,1640.04475584,14444985.28196902,27219552.0,64298880.0,2026-07-25,,
1360,BNBTiger,BNBTIGER,bnbtiger,8.27256868288e-19,-0.3304978,-2.67566255,-2.67566255,3512322.775837624,1938.11471295,4.2457462856807e+24,4.2457462856807e+24,1e+25,2026-07-25,,
1361,Unibright,UBT,unibright,0.02333419339563199,-3.015e-05,13.89256492,13.77995378,3500128.991692326,0.468528,149999999.24349335,150000000.0,150000000.0,2026-07-25,,
1362,Wen,WEN,wen,4.767262734363949e-06,-0.58251774,-1.8426805,3.62270942,3469217.9032356855,161849.27954772,727716951329.0,727716951329.0,727716951329.0,2026-07-25,,
1363,SWEAT,SWEAT,sweat-economy,0.00040719882927062667,0.03542735,-11.70981603,18.49867114,3443566.6821947386,965090.08229089,8456720488.03,19724436538.95,21867346500.41,2026-07-25,,
1364,Counterparty,XCP,counterparty,1.3289390009460402,0.0,7.1771961,3.2986193,3440859.8038403937,0.1328939,2589178.13488123,2589178.13488123,,2026-07-25,,
1365,CESS Network,CESS,cess-network,0.0012922137842220993,0.00772182,0.7670326,2.66890008,3424366.528188563,182928.22490697,2650000000.0,10000000000.0,10000000000.0,2026-07-25,,
1366,Pundi AI,PUNDIAI,pundi-ai,0.4838685612714372,0.03170662,-0.11155,4.36457006,3414956.56445203,6456.29151643,7057612.0,8312980.0,18930226.0,2026-07-25,,
1367,SPECTRE AI,SPECTRE,spectre-ai,0.34100601286210164,0.0,-4.28485023,-2.07689346,3407731.398559181,0.0,9993171.0,10000000.0,10000000.0,2026-07-25,,
1368,iShares Russell 2000 Tokenized ETF (Ondo),IWMon,ishares-russell-2000-tokenized-etf-ondo,291.2676143474276,-0.04855304,-0.4457228,-1.77020069,3394266.1863880274,783575.92439767,11653.42804758,11653.42804758,,2026-07-25,,
1369,Wolf Safe Poor People,WSPP,wolf-safe-poor-people,2.505079270963491e-10,2.47872074,-2.41262247,9.00338057,3382859.0475090984,11394.55968792,1.3504e+16,4.999999975e+16,4.999999975e+16,2026-07-25,,
1370,Nebius Tokenized bStocks,NBISB,nebius-tokenized-bstocks,190.01555210974905,-0.10322732,-12.18888208,6.98473733,3369134.080571763,2383940.66071333,17730.83330898,0.0,,2026-07-25,,
1371,Ren,REN,ren,0.0033911610690350903,-0.01669417,1.53513861,3.21843962,3367009.2582967784,3920.33907659,992878011.322186,999999632.80375,,2026-07-25,,
1372,Stonks,STNK,stonks,5.7819340206501355,-0.00219103,-3.3512796,-4.31914586,3364373.1877690395,2546.05567767,581876.78651351,581876.78651351,581918.12,2026-07-25,,
1373,Cratos,CRTS,cratos,5.255272039475824e-05,-0.57150219,-2.73379381,-5.78264382,3356848.4657518524,720031.95223233,63875826799.0,100000000000.0,100000000000.0,2026-07-25,,
1374,Cycle Network,CYC,cycle-network,0.021776458189422143,17.7537399,162.3385092,171.08949813,3347041.6237141835,4708142.60139679,153700000.0,499895888.668899,1000000000.0,2026-07-25,,
1375,Star Atlas DAO,POLIS,star-atlas-polis,0.01140878686572293,0.32357851,13.4674212,27.72794287,3335295.8850341584,23938.11327255,292344481.8708,360000000.0,,2026-07-25,,
1376,ARAI,AA,arai,0.02252238769079086,18.07943117,171.86732051,215.02176395,3318620.583313532,1798870.00007824,147347636.0,1000000000.0,1000000000.0,2026-07-25,,
1377,Buying.com,BUY,buying-com,0.010000597795282883,-0.00096173,0.98689104,5.45098202,3318093.5222087703,13975.26506513,331789518.0,986800000.0,1000000000.0,2026-07-25,,
1378,Grin,GRIN,grin,0.013996840670520799,-0.00096173,4.92076511,-19.96446542,3312996.759223218,1027.66507172,236696040.0,236696040.0,,2026-07-25,,
1379,Goldfinch,GFI,goldfinch-protocol,0.03780833471967825,-0.2567267,-13.97162091,-7.28161635,3311429.8434184208,835143.69142958,87584652.11362267,114285714.0,114285714.0,2026-07-25,,
1380,BigONE Token,ONE,bigone-token,0.00038462349324296254,-0.26301514,-0.79543044,0.03483273,3301674.116292019,0.0,8584171727.145089,8584171727.145089,13508522147.21,2026-07-25,,
1381,Bluzelle,BLZ,bluzelle,0.006972328362702412,-0.10414465,0.5695553,-2.72054933,3298056.512744375,59617.71427587,473020824.77740306,500000000.0,,2026-07-25,,
1382,Liqwid Finance,LQ,liqwid-finance,0.16364526933543766,-0.05731049,-2.70610612,-10.75549441,3296207.4911905034,32904.61387673,20142394.0,21000000.0,21000000.0,2026-07-25,,
1383,Intel Tokenized Stock (Reality),rINTC,intel-tokenized-stock-reality,91.9721357489366,0.09501555,-11.0971392,-2.1311433,3273348.4389823684,0.0,35590.65375972,35590.65375972,,2026-07-25,,
1384,Avalon Labs (AVL),AVL,avalon-labs-avl,0.020228644547275562,0.96302196,-4.54647669,-6.91231691,3270648.1245244127,1584107.54413547,161683998.0,162250000.8,1000000000.0,2026-07-25,,
1385,Purple Bitcoin,PBTC,purple-bitcoin,0.16927831698428475,1.58032321,1.28464755,-7.37550109,3269131.4656360773,9622.14244031,19312169.0,19312169.0,19312169.0,2026-07-25,,
1386,Kekius Maximus (kekiusmaximus.vip),KEKIUS,kekius-maximus-vip,0.0032683511383606,-0.25858487,-6.62383433,-8.73686898,3268351.1383606,2174525.71561543,1000000000.0,1000000000.0,,2026-07-25,,
1387,DeLorean,DMC,delorean,0.0004250756346935037,-0.1553452,-2.49920243,-3.5198232,3261432.9113717377,1367968.67094873,7672594346.0,12800000000.0,12800000000.0,2026-07-25,,
1388,NeuralAI,NEURAL,neuralai,0.3260925913003695,0.00538554,3.67703775,11.10388869,3260925.913003695,77294.76821981,10000000.0,10000000.0,,2026-07-25,,
1389,Tesla Tokenized Stock (Reality),rTSLA,tesla-tokenized-stock-reality,311.1527447209026,-0.00283966,-3.33858319,-18.1364506,3255487.7247216348,0.0,10462.66754819,10462.66754819,,2026-07-25,,
1390,Vertcoin,VTC,vertcoin,0.043746424387329244,-0.06753883,-0.7743726,-0.18635079,3251179.446196552,8567.67358044,74318747.0,74318747.0,84000000.0,2026-07-25,,
1391,Djed,DJED,djed,0.9871357347183798,0.16887822,0.44244578,0.00900114,3251036.8463639524,4513.03534942,3293404.07,1000000000000.0,1000000000000.0,2026-07-25,,
1392,Propchain,PROPC,propchain,0.07578397378126224,1.45669415,9.52444375,7.47406382,3248941.6293457053,73849.07321945,42871090.90799635,63763337.0,100000000.0,2026-07-25,,
1393,Altura,ALU,altura,0.0032781379083179772,-0.18408734,-0.41010315,-2.83887044,3245356.529234797,1591304.57202311,990000000.0,990000000.0,990000000.0,2026-07-25,,
1394,MicroStrategy Tokenized Stock (Reality),rMSTR,microstrategy-tokenized-stock-reality,91.36271794742831,0.06281117,-2.75244609,-3.80268266,3221815.369920517,0.0,35264.0053,35264.0053,,2026-07-25,,
1395,Gems,GEMS,gems-vip,0.005305543766229725,-0.05738559,-0.4873443,2.19780904,3177305.587032899,243470.31047824,598865211.0,838059738.7,843303980.0,2026-07-25,,
1396,BitShares,BTS,bitshares,0.0010585982150100902,0.07376915,0.37704705,1.93161661,3170565.169848121,63191.4553438,2995060000.0,2995060000.0,3600570502.0,2026-07-25,,
1397,TSMC Tokenized bStocks,TSMB,tsmc-tokenized-bstocks,402.789923205157,-0.17499472,-2.50248045,0.81538617,3120702.6111670756,1367247.30729135,7747.71768453,7747.71768453,,2026-07-25,,
1398,Pfizer Tokenized Stock (Ondo),PFEon,pfizer-tokenized-stock-ondo,26.110146941748575,0.03895884,0.0788166,-0.7832594,3119591.0338090346,1390285.08674817,119478.11097229,119478.11097229,,2026-07-25,,
1399,iShares Core S&P MidCap Tokenized ETF (Ondo),IJHon,ishares-core-sp-midcap-tokenized-etf-ondo,76.99807496527254,0.11122372,1.44724076,0.22547637,3118373.0358968955,808880.17487618,40499.3636179,40499.3636179,,2026-07-25,,
1400,OctaSpace,OCTA,octaspace,0.07797631183514799,-0.11501355,-1.60453474,-0.98306932,3117832.300078323,198186.79594963,39984352.0,44907921.32955668,48000000.0,2026-07-25,,
1401,DIMO,DIMO,dimo,0.0062307819980248185,0.36688814,0.20913974,-0.26090146,3111449.959257429,4552.3465431,499367488.7427887,1000000000.0,1000000000.0,2026-07-25,,
1402,Sταking,SN88,staking,0.68807905874802,0.16724136,12.82190527,2.71520403,3101432.1563190133,829621.95936216,4507377.62890526,4507377.62890526,21000000.0,2026-07-25,,
1403,PaLM AI,PALM,palm-ai,0.04002267315150397,-0.00114276,-6.18380037,2.70621052,3086787.3534825537,11130.99334027,77125966.61891283,77125966.61891283,,2026-07-25,,
1404,Shadow Token,SHDW,genesysgo-shadow,0.018145608909628512,-2.92757665,-1.59306483,-1.75950879,3067581.295533992,4710.66042336,169053643.27048054,169053643.27159816,,2026-07-25,,
1405,Shapeshift FOX Token,FOX,fox-token,0.003971248062820335,0.809518,-1.21915309,-0.66077992,3066941.3306072657,16806.92682166,772286516.0,999089275.0,,2026-07-25,,
1406,Beefy,BIFI,beefy-finance,38.17114669979795,0.42657018,1.15297109,-3.94118562,3053691.735983836,6770.83653172,80000.0,80000.0,80000.0,2026-07-25,,
1407,Grok (grokoneth.com),GROK,grok-erc,0.0004820481670102046,-0.23324878,-4.28767172,7.88171198,3046010.02609271,170385.26962177,6318891419.056528,6594615419.056528,6900000000.0,2026-07-25,,
1408,World of Dypians,WOD,world-of-dypians,0.005441302195830768,-0.89309817,-0.53121979,-9.44619779,3039943.037887751,1512396.68192422,558679325.0,1000000000.0,1000000000.0,2026-07-25,,
1409,MECCA,MEA,mecca,0.0018700587446970408,0.06237114,5.41494668,16.52929099,3031986.238994852,45545.87933767,1621332082.530942,3999998752.530942,100000000000.0,2026-07-25,,
1410,EarthMeta,EMT,earthmeta,0.002098294992240957,1.44149961,-2.67886241,-10.0327994,3016382.283721396,1209.34366076,1437539666.67,2100000000.0,2100000000.0,2026-07-25,,
1411,雪球,雪球,xue-qiu,0.005474339457141732,-0.41000941,-0.11900013,11.20815866,3012362.997934578,692033.7377611,550269675.7331517,550269675.7331517,1000000000.0,2026-07-25,,
1412,MileVerse,MVC,mileverse,0.0010892973974835267,-0.58709388,-5.58430228,-4.31939883,3007582.7926484696,7510.4843307,2761029999.334,3000000000.0,3000000000.0,2026-07-25,,
1413,Rayls,RLS,rayls,0.0020040405657333663,-1.54412979,-2.1739262,-3.94382608,3006060.8486000495,1318516.91348427,1500000000.0,9951752541.12472,10000000000.0,2026-07-25,,
1414,Nine Chronicles,WNCG,wrapped-ncg,0.004655931127382809,0.74415822,-0.4844178,1.21270604,3005231.8056796147,225516.13276708,645463114.35,723789440.0,1000000000.0,2026-07-25,,
1415,Flamingo,FLM,flamingo,0.00528517795624249,1.46e-06,-0.01656959,-0.01886924,2993808.4761526743,0.0,566453674.9640744,566453674.9640744,1000000000.0,2026-07-25,,
1416,Alibaba Tokenized Stock (Ondo),BABAon,alibaba-tokenized-stock-ondo,113.26305538346747,-0.07252852,0.05130204,-2.49378896,2992898.745267802,1667956.63942562,26424.31581185,26424.31581185,,2026-07-25,,
1417,Cointel,COLS,cointel,0.0039015276044663465,0.16450469,0.1240565,-0.11678664,2989923.335249444,395181.75780263,766346836.0,10000000000.0,10000000000.0,2026-07-25,,
1418,Yee Token,YEE,yee-token,0.002986895506990722,0.01297114,5.72461143,-5.54475163,2986895.506990722,423408.67120511,1000000000.0,1000000000.0,1000000000.0,2026-07-25,,
1419,IBM Tokenized Stock (Ondo),IBMon,ibm-tokenized-stock-ondo,216.3685161870613,-0.16443392,2.97540041,-0.34891385,2984811.9360664575,2223720.92500215,13795.03815373,13795.03815373,,2026-07-25,,
1420,Kendu,KENDU,kendu,3.142695346727662e-06,0.20899724,-1.58796113,-1.45031141,2980620.7250932544,2884.37408769,948428147258.0,996747147258.0,1000000000000.0,2026-07-25,,
1421,XBorg,XBG,xborg,0.012484305461096213,0.43427739,0.5283679,-2.49484494,2979670.1079531345,1371.37647426,238673278.0,1000000000.0,1000000000.0,2026-07-25,,
1422,ZenChain,ZTC,zenchain,0.0005338001285395285,-0.0384354,-1.89692605,-2.11824739,2975926.894493147,770846.71140193,5574983473.0,21000000000.0,21000000000.0,2026-07-25,,
1423,Cryptex Finance,CTX,cryptex-finance,0.31858080266110467,-0.00011564,0.12561786,-0.97902813,2975100.1525340457,1482251.73420645,9338604.61045688,10000000.0,,2026-07-25,,
1424,NATIX Network,NATIX,natix-network,7.294463712057967e-05,-0.05648495,-0.03339547,4.00237391,2961783.832836804,129159.81488048,40603174541.0,99991483316.62,100000000000.0,2026-07-25,,
1425,Impossible Finance Launchpad,IDIA,impossible-decentralized-incubator-access,0.004352072080768538,0.0,0.03991765,-2.791109,2959409.014922606,0.0,680000000.0,1000000000.0,1000000000.0,2026-07-25,,
1426,Major,MAJOR,major,0.03547767503170476,-0.2250955,3.26749272,6.42507251,2957059.5308394874,775695.95185999,83349868.0,99999999.0,99999999.0,2026-07-25,,
1427,Central African Republic Meme,CAR,central-african-republic-meme,0.002977126441356624,0.00105199,-0.40390008,0.90338401,2956161.987188934,8136.54630614,992958157.948395,992958157.948395,1000000000.0,2026-07-25,,
1428,MEVerse,MEV,meverse,0.0017046114609129358,0.04013715,-2.36323609,1.36170237,2943258.9169651363,113424.97783458,1726645035.8070574,1999999999.99999,,2026-07-25,,
1429,Cult DAO,CULT,cult-dao,6.814327227238011e-07,0.0,-1.60849171,0.93272131,2942897.1833728584,0.0,4318690730920.0,4957113505372.0,6666666666666.0,2026-07-25,,
1430,客服小何,客服小何,kefuxiaohe,0.00293269079196359,0.55665427,-3.66870929,-3.03010174,2932690.79196359,488807.00145176,1000000000.0,1000000000.0,1000000000.0,2026-07-25,,
1431,United States Oil Tokenized Fund (Ondo),USOon,united-states-oil-tokenized-fund-ondo,135.81310452185804,-0.20570423,-2.54295917,7.75086196,2930302.3743641805,1465321.30403483,21575.99139406,21575.99139406,,2026-07-25,,
1432,AST SpaceMobile Tokenized Stock (Ondo),ASTSon,ast-spacemobile-tokenized-stock-ondo,56.336801439648234,0.01684297,-4.61917201,-3.40440098,2928468.9872778663,771315.12654388,51981.45639161,51981.45639161,,2026-07-25,,
1433,BitForex Token,BF,bitforex-token,0.0006802506394761733,0.0,0.0,0.0,2917645.130705033,0.0,4289073705.17397,10000000000.0,,2026-07-25,,
1434,AMD Tokenized Stock (Reality),rAMD,amd-tokenized-stock-reality,546.068321518697,-0.00283966,0.87228887,11.3533548,2911849.835542471,0.0,5332.3910595,5332.3910595,,2026-07-25,,
1435,Electra Protocol,XEP,electra-protocol,0.00015757530711896304,-0.19059295,-3.78048196,3.88094367,2904201.0055142893,62601.39832824,18430559068.0,18430559068.0,30000000560.0,2026-07-25,,
1436,Rainbow,RNBW,rainbow,0.013805994791258196,0.17051012,-4.42834796,-5.14274706,2899258.906164221,819581.48846099,210000000.0,1000000000.0,1000000000.0,2026-07-25,,
1437,Quq,QUQ,quq,0.0028963372610660604,-0.00461434,-13.74380949,-24.90754591,2896337.2610660605,58324963.16389474,1000000000.0,1000000000.0,1000000000.0,2026-07-25,,
1438,MetFi,METFI,metfi2,0.008827089329173466,0.58635343,-0.52553996,-12.42450936,2886380.915846366,3072.41839379,326991243.45631105,449863468.1821937,500000000.0,2026-07-25,,
1439,JPMorgan Chase Tokenized Stock (Ondo),JPMon,jpmorgan-chase-tokenized-stock-ondo,357.07149193275137,-0.00048552,0.91768685,3.06216434,2885763.304983323,1434096.12209626,8081.75217059,8081.75217059,,2026-07-25,,
1440,Cisco Systems Tokenized Stock (Ondo),CSCOon,cisco-systems-tokenized-stock-ondo,114.47686974013293,-0.00016955,0.69778839,1.15321065,2876676.1642762646,2639963.87375222,25128.88560638,25128.88560638,,2026-07-25,,
1441,GAIB,GAIB,gaib,0.014025781683935673,-0.15190455,0.00938138,-2.92153645,2872924.243298611,437992.79584445,204831667.0,1000000000.0,1000000000.0,2026-07-25,,
1442,Meta Tokenized Stock (Reality),rMETA,meta-tokenized-stock-reality,639.6888824684346,-0.00283966,5.6543588,-3.55396377,2870272.7645255285,0.0,4486.98241159,4486.98241159,,2026-07-25,,
1443,Footballcoin (XFC),XFC,footballcoin,0.007235573551113285,0.07016905,-0.0894204,-0.58842501,2859990.461233525,42071.42330229,395267968.8804323,1000000000.0,,2026-07-25,,
1444,Ancient8,A8,ancient8,0.004746057925044496,-1.72871895,-2.22385395,-9.83430968,2833580.908791639,2769352.95613344,597038838.03,1000000000.0,1000000000.0,2026-07-25,,
1445,OpenVPP,OVPP,openvpp-energy,0.0034873794539733035,-0.31341315,-2.18952896,1.48279143,2807340.4604485095,346390.82371289,805000000.0,1000000000.0,1000000000.0,2026-07-25,,
1446,GmeStop,GME,gme,0.00040732749579100425,0.11992135,-2.53619176,-5.65663031,2804537.0654025576,623944.38624987,6885214218.0,6885214218.0,,2026-07-25,,
1447,Roam,ROAM,roam,0.007842723898228758,-1.46369436,11.40416951,-17.09057606,2800064.3369975933,1749690.36457485,357027019.353566,995633211.605232,1000000000.0,2026-07-25,,
1448,IBStoken,IBS,ibstoken,0.0006936721706115342,0.00247039,0.1714181,0.78369258,2792041.0305284183,146412.01133572,4025015200.0,20000000000.0,20000000000.0,2026-07-25,,
1449,Wolfspeed Tokenized Stock (Ondo),WOLFon,wolfspeed-tokenized-stock-ondo,23.232679692121174,-0.00104487,-11.01241202,-22.06830363,2788055.7087745313,13915.65535205,120005.77400979,120005.77400979,,2026-07-25,,
1450,Not Pixel,PX,not-pixel,0.014251795413945322,0.57241954,1.92761911,5.32005841,2785218.244720795,7055.00877659,195429289.0,225000000.0,225000000.0,2026-07-25,,
1451,Dragonchain,DRGN,dragonchain,0.007493029521267867,-0.00019373,0.24978732,4.42497043,2778210.422338112,0.48423141,370772651.3625188,433494437.0,433494437.0,2026-07-25,,
1452,Dent,DENT,dent,2.7755384730952206e-05,0.48043666,0.52751876,-4.71556783,2775538.473095219,580669.51272477,99999999999.99994,99999999999.99994,100000000000.0,2026-07-25,,
1453,VOOI,VOOI,vooi,0.008030577627353413,-3.73825561,6.25282159,-1.66905618,2769366.9084145166,516770.12954831,344852766.13,1000000000.0,1000000000.0,2026-07-25,,
1454,Suku,SUKU,suku,0.0041584709498437,0.01557482,0.04487266,-18.13801636,2761417.220377149,29698.76096482,664046293.3812101,1500000000.0,,2026-07-25,,
1455,Nobody Sausage,NOBODY,nobody-sausage,0.0029070391738317213,1.48491533,-10.90619663,-12.20581675,2721181.4725040374,532748.15353112,936066323.77,936066323.77,936066323.77,2026-07-25,,
1456,Procter & Gamble Tokenized Stock (Ondo),PGon,procter-gamble-tokenized-stock-ondo,150.83122570566093,0.10887019,0.53040038,-1.40891723,2715709.0606881487,853943.76301064,18004.95254204,18004.95254204,,2026-07-25,,
1457,USD Coin (Wormhole),USDC(WormHole),usd-coin-wormhole-from-ethereum,0.999691737921097,-0.01765245,-0.06186901,0.04162373,2713945.1939109485,35143.32673267,2714782.058272,238566.851114,,2026-07-25,,
1458,Book of Ethereum,BOOE,book-of-ethereum,0.0280779933856329,-0.11726975,12.38677598,20.61651028,2700850.514459355,22985.87247937,96191009.0,100000000.0,100000000.0,2026-07-25,,
1459,Chevron Tokenized Stock (Ondo),CVXon,chevron-tokenized-stock-ondo,198.4741907223853,-0.13149847,-0.42853943,3.77446415,2698862.658252937,2321884.75783347,13598.05347199,13598.05347199,,2026-07-25,,
1460,Bellscoin,BELLS,bellscoin,0.043751085006859335,-0.24497047,-0.90158428,-0.01889849,2689930.0652829646,13557.28565237,61482591.0,61482591.0,,2026-07-25,,
1461,SK Hynix tokenized stock (Backpack),SKHY,sk-hynix-tokenized-stock-backpack,155.22902433446797,-0.01651977,-5.81765233,0.66059723,2678599.936654644,5586435.8889907,17255.793162,17255.793162,,2026-07-25,,
1462,Nakamoto Games,NAKA,nakamoto-games,0.027486473412981858,-0.37573025,-6.71001889,-7.05623762,2677182.510424433,635842.98194318,97400000.0,180000000.0,180000000.0,2026-07-25,,
1463,League of Traders,LOT,league-of-traders,0.005811722302335185,0.13247304,-0.36468654,-0.07764798,2675813.835217621,185001.23225207,460416671.0,1000000000.0,1000000000.0,2026-07-25,,
1464,Minima,MINIMA,minima-global,0.004824979325998365,0.35365019,-2.55986511,1.52736267,2669983.9486913914,26979.06590633,553366920.0,999978158.0,1000000000.0,2026-07-25,,
1465,Forest Protocol,FOREST,forest-protocol,0.022923040241758515,-1.44905664,-2.74587769,3.25885182,2654771.0748850433,197389.8960344,115812346.30687825,1000000000.0,1000000000.0,2026-07-25,,
1466,TrueFi,TRU,truefi-token,0.0021331200353178884,-0.03045762,47.94443422,274.89430956,2650100.9621435585,410596.68717905,1242359041.34135,1257020975.20003,1450000000.0,2026-07-25,,
1467,ROA CORE,ROA,roa-core,0.0034492821387759514,0.10445033,0.57632829,0.81628175,2649048.682579931,19896.36947749,768000000.0,949999869.89,1000000000.0,2026-07-25,,
1468,REGENT COIN,REGENT,regent-coin,0.9197371723386564,0.23835318,6.72494766,89.25897452,2646648.572639502,1015045.68978722,2877614.01,2899999.9927002,2900000.0,2026-07-25,,
1469,PeiPei (ETH),PEIPEI,peipei-coin,6.274984577566503e-09,-0.65848127,-0.87416015,-0.32934408,2639787.8349082377,37661.26135871,420684354244576.0,420690000000000.0,420690000000000.0,2026-07-25,,
1470,CLV,CLV,clover,0.0021553528835893372,5.3e-07,0.02111179,-5.89628072,2638455.68123988,169948.72215733,1224140929.0,2000000000.0,,2026-07-25,,
1471,MATH,MATH,math,0.022923650225700122,-0.02738595,2.16792304,6.68497797,2621460.7056057462,190121.01329069,114356164.04,200000000.0,,2026-07-25,,
1472,Inter Milan Fan Token,INTER,inter-milan-fan-token,0.20442248685751296,0.07490178,-1.29779651,-3.47885912,2581272.791655384,1126322.68562614,12627147.0,19728000.0,19728000.0,2026-07-25,,
1473,Aventus,AVT,aventus,0.4299160180117067,-3.35e-06,0.59477452,-7.62586418,2579496.1080702404,8247.95741253,6000000.0,10000000.0,10600000.0,2026-07-25,,
1474,Tectum,TET,tectum,0.259230111703583,-0.04832704,-4.59377445,-10.73233154,2575310.4009705596,75295.9707447,9934457.01213639,10000000.0,10000000.0,2026-07-25,,
1475,GOLDAO,GOLDAO,gold-dao,0.0032395301783727944,-3.20229056,-7.24971544,-6.06716898,2567517.7850671164,413.1018941,792558687.1231964,987794316.0971963,,2026-07-25,,
1476,FEED EVERY GORILLA,FEG,feed-every-gorilla,2.95876711338336e-05,-0.20915557,-0.77336887,-0.87812093,2557235.941772812,299987.51080364,86429105224.45967,96249003513.48824,100000000000.0,2026-07-25,,
1477,IMPT,IMPT,impt,0.0017890001499978711,-0.18018826,-0.31924116,-0.94111317,2553082.9363804217,393012.04104258,1427100459.6525383,1644935708.1914175,2759360954.815418,2026-07-25,,
1478,Dingocoin,DINGO,dingocoin,2.213063576404135e-05,-0.90398743,-2.99115568,-13.27179176,2547744.046912911,47278.8577254,115122948752.0,115122948752.0,,2026-07-25,,
1479,Parcl,PRCL,parcl,0.006148949041676441,-0.73466819,-1.90694057,-2.17375513,2535116.116768242,299629.45703259,412284457.0,1000000000.0,1000000000.0,2026-07-25,,
1480,Highstreet,HIGH,highstreet,0.025987525566265508,3.98528578,8.35331503,18.09061305,2536661.4309000815,59903912.01736905,97610733.4433152,100000000.0,100000000.0,2026-07-25,,
1481,Arrow Finance,ARROW,arrow-finance,0.2808928610723429,-1.9278379,74.49579723,-81.88355118,2528035.749651086,2682170.33518944,9000000.0,10000000.0,10000000.0,2026-07-25,,
1482,Aleph Cloud,ALEPH,aleph-im,0.010190124484517438,-0.15148167,-2.10322883,-4.10368439,2519207.48817807,75011.61190409,247220482.1448135,500000000.0,500000000.0,2026-07-25,,
1483,Nexa,NEXA,nexa,4.2809901025290623e-07,0.12384825,-2.68443542,3.73594576,2508497.522458134,22815.87111105,5859620000000.0,10799890000000.0,21000000000000.0,2026-07-25,,
1484,Vara Network,VARA,vara-network,0.00041792174808038206,-0.13371888,-0.40402184,-11.38226911,2492739.546993078,9093.88920416,5964608347.0,10032406684.0,,2026-07-25,,
1485,Ycash (y.cash),YEC,ycash,0.14776463638000017,-0.00036867,24.16182966,25.3148687,2487119.640456253,2271.36605633,16831629.6875,16831629.6875,21000000.0,2026-07-25,,
1486,CloakCoin,CLOAK,cloakcoin,0.4029456171286947,0.0,0.0,-9.85814778,2486209.6027169614,0.0,6170087.22028835,6170087.22028835,,2026-07-25,,
1487,Shido Network,SHIDO,shido-network,0.00010516643777523295,0.15287321,1.98938733,4.61483736,2481703.0998226637,42552.75704505,23597862134.749542,24599461018.790234,,2026-07-25,,
1488,McDonald's Tokenized Stock (Ondo),MCDon,mcdonalds-tokenized-stock-ondo,269.6440598080517,-0.00195338,1.16922038,-0.45078975,2479520.3004416395,1281080.92651078,9195.5309611,9195.5309611,,2026-07-25,,
1489,Symbiosis,SIS,symbiosis-finance,0.025485518348329697,-0.0342731,0.05131359,11.18824896,2471441.8216375345,105255.57150862,96974359.628809,99489760.94302,99489760.0,2026-07-25,,
1490,Zypto,ZYPTO,zypto,0.0027497427623507016,-0.22762597,-1.99386881,-8.85896297,2465028.8807529286,78714.40673726,896457994.0,896457994.0,1000000000.0,2026-07-25,,
1491,Swarm,BZZ,ethereum-swarm,0.04660782662369539,0.05426586,-0.14722528,14.72881052,2451602.4837262216,257742.22424547,52600660.90444622,63149437.0,63149437.0,2026-07-25,,
1492,Novo Nordisk Tokenized Stock (Ondo),NVOon,novo-nordisk-tokenized-stock-ondo,49.74987838446122,-0.31379603,1.26973551,-3.27668003,2449494.75743206,1327941.25168237,49236.1958858,49236.1958858,,2026-07-25,,
1493,Global X DRAM ETF Tokenized Stock (Reality),rDRAM,global-x-dram-etf-tokenized-stock-reality,52.70964460258411,-0.00283966,-6.92766635,1.65875811,2447661.0704220673,0.0,46436.68324605,46436.68324605,,2026-07-25,,
1494,Palantir Technologies Tokenized Stock (Ondo),PLTRon,palantir-technologies-tokenized-stock-ondo,122.54663430026388,0.12057225,-0.2479551,-6.92209141,2437823.8364552236,3415088.42515964,19893.02970559,19893.02970559,,2026-07-25,,
1495,QuStream,QST,qustream,0.0028045654625951737,0.09199743,15.48963669,1.76951086,2437062.7150116293,16174.85401009,868962678.003073,999981628.300212,999985719.0,2026-07-25,,
1496,BRN Metaverse,BRN,brn-metaverse,0.08683756337405978,-0.44085073,0.19665471,22.30436746,2435750.2900226843,166665.51584208,28049500.6467477,28103646.51957318,29700000.0,2026-07-25,,
1497,Altcoinist,ALTT,altcoinist,0.009728203408328947,-0.00833945,-8.21764091,14.19757033,2383409.835040592,6335.88217038,245000000.0,1000000000.0,1000000000.0,2026-07-25,,
1498,Validity,VAL,validity,0.467156559815464,-0.27748488,-1.9073903,-2.99009205,2382972.485843441,3009.89658178,5101014.71503421,5105175.61503421,9000000.0,2026-07-25,,
1499,Pain (paintoken.com),PAIN,pain,0.47629556272771545,-2.34554765,-1.92746947,-12.22133337,2381413.3118363963,0.227731,4999864.576101,9999864.576101,10000000.0,2026-07-25,,
1500,Aavegotchi,GHST,aavegotchi,0.045070358407775075,0.00012725,-1.37940183,-9.04217224,2377362.30594014,155569.63730428,52747801.21406849,52747802.71425598,,2026-07-25,,
