rank,name,symbol,slug,price_usd,change_1h_pct,change_24h_pct,change_7d_pct,market_cap_usd,volume_24h_usd,circulating_supply,total_supply,max_supply,date_snapshot,fdv_usd,liq_mkt_cap_pct
1,Bitcoin,BTC,bitcoin,65732.78531740374,-0.05134687,-0.8864169,1.84211673,1318598424544.198,28142045577.26904,20059981.0,20059981.0,21000000.0,2026-07-23,1380363819227.06,2.1354
2,Ethereum,ETH,ethereum,1924.8488189493587,-0.15910985,-0.17289636,0.2423038,232296048469.7563,10513359141.848316,120682749.8258022,120682749.8258022,,2026-07-23,232296048469.76,4.5258
3,Tether USDt,USDT,tether,0.9994486859570354,-0.00656845,0.01547477,0.01019057,184059788312.6182,55868148709.396034,184161319033.9725,189109267551.32562,,2026-07-23,189005008956.47,30.3533
4,BNB,BNB,bnb,570.2517206439003,0.01370644,-0.48121819,-1.58050929,75938035397.0131,970708463.2154188,133165815.46,133165815.46,133165815.46,2026-07-23,75938035397.01,1.2783
5,USDC,USDC,usd-coin,0.9999676267555482,-0.00547755,-0.00136762,0.01400521,73261533698.31703,9357942319.796026,73263905488.63892,73263905488.63892,,2026-07-23,73261533698.32,12.7733
6,XRP,XRP,xrp,1.135561745573358,-0.22916401,-0.69907225,1.93425006,70934571984.8433,1040141577.9535831,62466503703.0,99985639695.0,100000000000.0,2026-07-23,113556174557.34,1.4663
7,Solana,SOL,solana,77.54701409999835,-0.44128199,-0.83301618,0.75732999,45199506887.427605,1724939008.8793607,582865857.7252501,630868514.7504907,,2026-07-23,48921969608.6,3.8163
8,TRON,TRX,tron,0.32912049502183177,0.10765446,-0.02621176,1.43721335,31226038579.555313,365532617.7989522,94877222937.7085,94877212044.1028,,2026-07-23,31226034994.25,1.1706
9,Hyperliquid,HYPE,hyperliquid,58.80623131425888,-0.22761905,-3.29058159,-11.25769325,14863966383.519123,452331038.050263,252761757.57780662,953115006.6957989,953115006.6957989,2026-07-23,56058523620.05,3.0425
10,Dogecoin,DOGE,dogecoin,0.07266534392365102,-0.17035241,-1.14355598,-1.97777139,11276437429.779661,548530411.0231597,155183156383.70523,155183156383.70523,,2026-07-23,11276437429.78,4.8644
11,UNUS SED LEO,LEO,unus-sed-leo,9.760375502242269,0.00766061,0.52889261,-0.59000515,8980958265.680424,179973.22643284,920144748.9,985239504.0,,2026-07-23,9616298051.34,0.002
12,Zcash,ZEC,zcash,516.3643606730765,0.40206815,-2.82040729,-8.78892893,8666987922.75174,405368636.4087138,16784636.1655448,16784636.1655448,21000000.0,2026-07-23,10841669199.16,4.6773
13,Monero,XMR,monero,353.91090405818755,0.98763762,-0.65191566,7.76338753,6646982863.273143,74380933.56351492,18781514.7458138,18781514.7458138,,2026-07-23,6645388071.53,1.1167
14,Chainlink,LINK,chainlink,8.602215191231384,-0.09360712,-1.10004823,1.15718964,6435316930.148685,208811638.2158577,748099970.424884,1000000000.0,1000000000.0,2026-07-23,8602303217.64,3.2447
15,Stellar,XLM,stellar,0.18621108861447036,-0.07938843,-3.47953071,-0.83466083,6363587990.703274,151465439.66522783,34174055036.423664,50001786839.912476,50001806812.0,2026-07-23,9311147707.74,2.3799
16,Cardano,ADA,cardano,0.17403182053083432,-0.2556352,-0.21878819,5.03553191,6349803189.792882,298255970.71863765,36486449262.12127,44992633691.7013,45000000000.0,2026-07-23,7831461768.61,4.697
17,Canton,CC,canton-network,0.12192586510699842,-0.04943021,-4.1106834,-9.727505,4771814546.088775,12379657.48993075,39137016103.19661,39137016103.19661,,2026-07-23,4771789417.0,0.2594
18,Dai,DAI,multi-collateral-dai,0.9999262981009925,-0.00042984,0.01748537,0.02835304,4639775542.274521,46876571.53594588,4640117527.747934,4640117527.747934,,2026-07-23,4639774516.59,1.0102
19,Bitcoin Cash,BCH,bitcoin-cash,218.4325727640151,-0.34376069,-2.80492054,-2.14701821,4382849572.509963,81637313.49850498,20065000.0,20065000.0,21000000.0,2026-07-23,4587485264.47,1.8641
20,World Liberty Financial USD,USD1,usd1,0.9992495924899939,-0.00861103,0.00395569,0.04647158,4169289140.887668,661866496.3327866,4172420156.3078623,4172420156.3078623,,2026-07-23,4169248034.64,15.87
21,Gram (prev. Toncoin),GRAM,gram,1.4850445850214762,-0.13980849,-6.36077657,-5.63518083,4058139705.9831877,63904353.78941142,2732671966.1581745,5219021953.665854,,2026-07-23,7750358534.04,1.5701
22,Ethena USDe,USDe,ethena-usde,1.0000115757210621,-0.00942306,0.01821448,0.02426078,4032615312.2350516,27249954.90190257,4032568632.3454,4032568632.3454,,2026-07-23,4032674209.43,0.6756
23,Litecoin,LTC,litecoin,47.24680106752637,-0.00291289,1.2900506,4.35424919,3657721139.6221943,189638695.26741838,77417328.94031245,84000000.0,84000000.0,2026-07-23,3969979622.71,5.1772
24,Global Dollar,USDG,global-dollar-usdg,0.9999979998878142,-0.0081603,0.00198413,0.00398044,3265947899.6221404,200345000.2158864,3265954431.897398,3265954431.897398,,2026-07-23,3266057495.76,6.1322
25,Hedera,HBAR,hedera,0.07275183947953083,-0.69055635,3.40992566,7.45176302,3185882805.0050974,87632060.50735115,43791096249.89571,50000000000.0,50000000000.0,2026-07-23,3640246680.0,2.7501
26,Sui,SUI,sui,0.7621093642033243,0.02751804,-1.15142144,0.83754594,3088321753.3195267,226572270.6461885,4052334085.342099,10000000000.0,10000000000.0,2026-07-23,7617239142.13,7.3431
27,Avalanche,AVAX,avalanche,6.575456296104826,-0.5583259,-0.37777393,-1.85561836,2839097660.6042266,208232938.94555956,431771961.1772119,463441061.1772119,715748719.0,2026-07-23,4705909695.75,7.3421
28,PayPal USD,PYUSD,paypal-usd,0.999724802344355,-0.00884957,-0.02314691,0.00200955,2766446195.9134455,58942831.81218914,2767207724.992046,2767207724.992046,,2026-07-23,2766387890.92,2.131
29,Cronos,CRO,cronos,0.057514284242408883,-0.1293606,-1.9464977,3.46697054,2718781886.065546,6144008.41926083,47271419993.797264,98804758449.01927,100000000000.0,2026-07-23,5751470845.89,0.226
30,Tether Gold,XAUt,tether-gold,4112.899959968141,-0.18394831,-0.11217522,2.23049084,2520482404.7566924,169050031.83863923,612823.659532,707747.089,,2026-07-23,2910944919.96,6.7067
31,Shiba Inu,SHIB,shiba-inu,4.260346018070041e-06,0.29985382,0.10764706,0.75426192,2510378525.462496,44331518.26573345,589242872483796.5,589499575417401.9,589552695333683.0,2026-07-23,2512095638.61,1.7666
32,NEAR Protocol,NEAR,near-protocol,1.8645891024102925,-0.6045862,-3.65736645,-9.42436663,2426916058.730189,166178839.13831067,1301582239.0,1301582239.0,,2026-07-23,2427121430.39,6.8453
33,Uniswap,UNI,uniswap,3.7968345262867516,0.16459807,3.14685663,2.36766248,2374022278.5367837,171108476.13912523,625263561.5538775,892398420.0329479,,2026-07-23,3388063177.2,7.2061
34,Bittensor,TAO,bittensor,195.25612721387523,-0.46872961,-2.8600558,-2.90909914,2177616334.4780407,119112305.01459233,11152614.59678944,21000000.0,21000000.0,2026-07-23,4100621558.73,5.4674
35,Ondo,ONDO,ondo-finance,0.4033062609140208,-2.5231486,0.55296765,9.73497747,1963831536.3956196,175791645.3283624,4869330647.0,10000000000.0,,2026-07-23,4036249600.32,8.93
36,PAX Gold,PAXG,pax-gold,4110.884419108792,-0.19980738,-0.11516636,2.25400033,1845328896.1969793,175088808.74405673,448888.537858,448888.537858,,2026-07-23,1845417211.96,9.4748
37,OKB,OKB,okb,82.24440249649639,0.0023687,-0.09059872,0.76067465,1727132452.4264243,15234161.07981842,21000000.0,21000000.0,21000000.0,2026-07-23,1726784581.95,0.8821
38,World Liberty Financial,WLFI,world-liberty-financial-wlfi,0.053434733793202044,1.44573684,-6.46323757,-7.22398629,1697865681.702297,71208779.83439764,31774569857.0,100000000000.0,100000000000.0,2026-07-23,5343528551.73,4.1942
39,Aster,ASTER,aster,0.6220883460578228,0.15654009,-0.61088551,-1.25099182,1679656634.0081406,48193097.97735148,2700029094.9864817,7816197874.516728,8000000000.0,2026-07-23,4976789092.7,2.8691
40,Ripple USD,RLUSD,ripple-usd,1.000145135618924,-0.00326908,0.00782974,0.013859,1575286415.5617688,124388402.93567313,1575057818.5704296,1575057818.5704296,,2026-07-23,1575286415.56,7.8962
41,USDD,USDD,usdd,0.9994204751208526,-0.006073,0.02001333,0.02184498,1539709363.7072418,17802701.19246787,1540602181.0,1540602181.0,,2026-07-23,1539625963.86,1.158
42,MemeCore,M,memecore,1.1370539684054697,0.75662678,-3.96238092,-8.01828877,1508854132.1652553,13678980.9615414,1326985502.9670877,5394302275.474313,10000000000.0,2026-07-23,11370496026.43,0.9065
43,Aave,AAVE,aave,97.83286948932628,-0.41432777,0.93634072,1.62301133,1508332767.950141,312044927.7083524,15417443.80823566,16000000.0,,2026-07-23,1565164022.7,20.6853
44,Sky,SKY,sky,0.0629119264634657,-0.6490619,0.65482823,1.29723419,1469478107.5390673,16466427.51333148,23357703223.28986,23462665147.365967,23462665147.0,2026-07-23,1476111884.4,1.1205
45,Polkadot,DOT,polkadot-new,0.8306280971424908,-0.23384827,-2.59835217,-1.72864707,1407536192.8214157,64384617.59584236,1694544402.8002326,1694544402.8002326,2100000000.0,2026-07-23,1744481010.85,4.5715
46,Mantle,MNT,mantle,0.4193273118708293,-0.01823764,-1.93042212,-2.1615605,1384742226.4353132,22420564.28469341,3302294382.53684,6219316794.889999,6219316795.0,2026-07-23,2606047255.24,1.623
47,Worldcoin,WLD,worldcoin-org,0.3814245968926752,-0.58587339,-0.31941544,-6.42048471,1355544333.7471113,182296920.11574972,3553898581.2405086,10000000000.0,,2026-07-23,3816442581.18,13.4379
48,Internet Computer,ICP,internet-computer,2.2067739232749575,-0.39354875,-0.17326238,1.4392379,1225035720.6933632,26699090.87909603,555125157.0325572,555125157.0325572,,2026-07-23,1224989536.94,2.1792
49,Bitget Token,BGB,bitget-token-new,1.6928375705004248,0.0019256,-0.29717276,1.65187249,1182588614.824566,6318343.34945599,698583629.8960315,910920874.6481038,919992035.98,2026-07-23,1557397083.07,0.5343
50,Pepe,PEPE,pepe,2.8550416861843787e-06,-0.69060887,-0.77194967,2.60483672,1181337659.262618,151269710.54857257,413772473088271.1,413772473088271.1,413772473088271.1,2026-07-23,1181523324.82,12.7901
51,Ethereum Classic,ETC,ethereum-classic,6.923220437304608,-0.12746992,-1.19854327,-1.94695147,1091138523.4344192,23829141.67995777,157605630.6910297,210700000.0,210700000.0,2026-07-23,1458626397.77,2.1842
52,United Stables,U,united-stables,0.9998623523779497,-0.00082788,-0.0190543,0.02767298,1056363681.8336369,100596675.1456309,1056509107.8,1056509107.8,,2026-07-23,1056338588.31,9.5093
53,Pi,PI,pi,0.09311272424591606,1.12935763,3.33235998,17.61944875,1018818182.4444091,11403870.58549877,10941771822.223263,100000000000.0,100000000000.0,2026-07-23,9316505089.68,1.1177
54,Morpho,MORPHO,morpho,1.9390940476186285,0.7916027,-5.84512774,-7.34313727,1001245094.8651073,29918554.60309148,516346845.62861764,999999999.8010328,1000000000.0,2026-07-23,1938816544.97,2.9888
55,Stable,STABLE,stable,0.03727583099819469,1.29389049,2.64785286,0.98709178,921772472.2416316,12837552.5793089,24728421810.0,100000000000.0,100000000000.0,2026-07-23,3728637955.1,1.3933
56,KuCoin Token,KCS,kucoin-token,6.67357844891749,-0.04041375,-0.58497445,-4.0262149,915314794.2802819,2494965.31414071,137155021.29577178,142155021.29577178,200000000.0,2026-07-23,1334638860.83,0.2724
57,Ethena,ENA,ethena,0.09021439243429785,0.0009786,3.40917247,7.49222069,862534167.6647946,166138767.69372928,9560937500.0,15000000000.0,15000000000.0,2026-07-23,1353500805.1,19.228
58,Polygon (prev. MATIC),POL,polygon-ecosystem-token,0.07904446881899505,-0.04228266,-1.15140429,-4.61352502,844458975.4334564,36017346.14418659,10683340505.04146,10683340515.04146,,2026-07-23,844412701.62,4.2544
59,JUST,JST,just,0.10222074671679784,0.03941057,0.92730748,3.62803331,837059427.8468307,24962335.41097917,8188743036.341737,8188743036.341737,,2026-07-23,837032596.68,2.9825
60,Audiera,BEAT,audiera,2.6137991802237934,0.70949233,6.42155545,3.56024101,808360958.0613457,20598198.75885627,309266666.0,1000000000.0,1000000000.0,2026-07-23,2611177079.41,2.5499
61,Render,RENDER,render,1.5045872840507104,-0.12228373,-1.27754141,-1.89163433,780537906.9102049,14592766.42337729,518772101.2826915,533532274.5626915,644168762.0,2026-07-23,969373980.33,1.8692
62,Kaspa,KAS,kaspa,0.02803982723637053,-0.09042438,-1.89744624,-3.43057726,773693060.4294654,6232415.11705418,27592647198.12204,27592647198.12204,28704026601.0,2026-07-23,804798613.67,0.8049
63,Quant,QNT,quant,63.32682579765793,-0.23533709,-1.15396044,-3.24868283,764528176.2267652,4960614.98542594,12072738.0,14881364.0,14881364.0,2026-07-23,942433925.4,0.6487
64,Algorand,ALGO,algorand,0.0845268647448336,0.2461144,0.25939872,-0.1767013,758123000.7142344,16543897.7792155,8969018347.04063,10000000000.0,10000000000.0,2026-07-23,845198186.12,2.1837
65,Cosmos,ATOM,cosmos,1.4573852787219597,-0.43338382,-2.04468345,-5.76257139,758611038.7786843,22147017.036284,520528819.560975,520528819.560975,,2026-07-23,758552675.76,2.9191
66,Pump.fun,PUMP,pump-fun,0.0018916499964308348,-0.82208677,-7.27012264,13.60665168,755105967.1703498,65494618.90922312,399178478362.84924,847440282034.0718,1000000000000.0,2026-07-23,1891749902.09,8.6756
67,GateToken,GT,gatetoken,6.691681750968399,-0.0627466,-0.68416096,-0.45039238,713109889.1187619,2293868.08223586,106566617.43,140052780.28,142622843.67,2026-07-23,954393539.94,0.3211
68,Jupiter,JUP,jupiter-ag,0.18966751401289308,-0.31455001,-5.24706841,-8.74493096,629755506.400504,28507728.48340894,3320312968.08,6862435229.582892,6864785739.32,2026-07-23,1301989596.37,4.5271
69,币安人生,币安人生,bianrensheng,0.616610586932861,-0.44424402,1.16860177,-16.02120072,616610586.932861,17304044.20677076,1000000000.0,1000000000.0,1000000000.0,2026-07-23,617085602.07,2.8048
70,Filecoin,FIL,filecoin,0.7542479339400884,-0.4245897,-2.28592674,-4.06233813,606043788.0588449,45167969.92436671,803507389.0,1957345273.0,,2026-07-23,1476317882.39,7.4521
71,Arbitrum,ARB,arbitrum,0.09017049424889316,-0.64704191,0.52253077,3.11079712,596392732.8648156,74250530.19560401,6614056381.0,10000000000.0,,2026-07-23,901641150.01,12.4506
72,XDC Network,XDC,xdc-network,0.028316075212217476,-0.19234163,-3.5664182,3.33902687,595056152.6059353,11039868.44164878,21014782173.95,38083997973.0,,2026-07-23,1078444106.66,1.8514
73,Venice Token,VVV,venice-token,12.330910275261235,0.02903752,-2.06334382,14.91238147,584871068.6969792,17520146.60299032,47431297.09331929,80643420.28309947,,2026-07-23,994248333.72,2.996
74,Lighter,LIT,lighter,2.317733923083587,0.23602923,-0.48440625,-3.95369127,579433480.7708968,36116610.29950023,250000000.0,1000000000.0,1000000000.0,2026-07-23,2316401553.88,6.2382
75,Flare,FLR,flare,0.006622418958341988,-0.02091345,-2.1339459,-0.15399442,575453906.3599695,3686102.61919813,86894820454.55519,106223588616.55597,,2026-07-23,704044311.05,0.6401
76,Aptos,APT,aptos,0.6228328957827564,-0.5784694,2.13193162,-0.08207757,526294329.1867808,37078933.99990758,845000854.5636482,1206060619.4745247,2100000000.0,2026-07-23,1306480064.39,7.0566
77,Injective,INJ,injective,5.098442929293655,-0.78322426,-4.84727366,-0.98416279,509696206.1052627,73562996.50545599,99970954.5,100000000.0,,2026-07-23,509810163.58,14.4326
78,TrueUSD,TUSD,trueusd,0.9967666250579078,-0.01914578,0.01745296,-0.09379278,492916130.3221412,25437231.56815272,494515083.0,494515083.0,,2026-07-23,492906357.88,5.1644
79,Nexo,NEXO,nexo,0.7553368549622744,0.05408968,-1.95265878,-0.55903919,488057766.3113007,7861981.78521672,646145839.5746847,1000000000.0,1000000000.0,2026-07-23,754633174.9,1.6101
80,ether.fi,ETHFI,ether-fi-ethfi,0.46187333586666934,-0.74153278,2.32104817,4.75381799,449618912.5194549,47330529.23551498,973468000.0,1000000000.0,1000000000.0,2026-07-23,462454738.0,10.5267
81,PancakeSwap,CAKE,pancakeswap,1.393298867893592,-0.25872519,-0.64639085,-1.39731174,449412915.28001505,20099288.14266679,322553133.1690835,334876829.5388313,400000000.0,2026-07-23,557424847.11,4.4731
82,EURC,EURC,euro-coin,1.1422252572724645,0.03424746,0.13515321,-0.34736559,435188828.3684815,39089980.10551506,381000880.1658571,381000880.1658571,,2026-07-23,435179630.09,9.0031
83,Dash,DASH,dash,33.435031683417606,-0.22515802,-4.00136882,-2.5968932,427326920.7849417,54923733.25504562,12780813.99267458,12780813.99267458,18900000.0,2026-07-23,631954555.88,12.8535
84,VeChain,VET,vechain,0.004874462252933196,0.07474202,-0.83688249,-0.11717518,419130837.53419304,9834440.31870072,85985041177.0,85985041177.0,86712634466.0,2026-07-23,422659939.92,2.3479
85,Aerodrome Finance,AERO,aerodrome-finance,0.42917239280960473,-0.23917662,-4.43872801,-15.33671281,418108808.42881507,133920707.73091312,974221118.2122849,1945164683.6269114,,2026-07-23,834530986.36,32.0397
86,Virtuals Protocol,VIRTUAL,virtual-protocol,0.6229335272090797,-0.02969925,-4.66836908,0.5184464,409580285.3997084,48433212.46739861,657502393.93077,1000000000.0,1000000000.0,2026-07-23,622963850.34,11.8264
87,Pudgy Penguins,PENGU,pudgy-penguins,0.006268023038710972,-0.46648472,-1.16171492,0.99943707,394010410.9148678,43184470.45797525,62860396090.04,76724221264.3,88888888888.0,2026-07-23,557256763.75,10.9582
88,OFFICIAL TRUMP,TRUMP,official-trump,1.5924733959932738,-0.20088108,0.52064643,0.5673051,378074079.0825113,211978377.90939555,237413121.019014,999999080.676586,999999080.676586,2026-07-23,1593814877.2,55.6034
89,Pyth Network,PYTH,pyth-network,0.04789030746449239,-1.61941324,1.05522086,-3.56827771,377135293.9041134,13741061.00728129,7874981679.40841,9999981857.422035,10000000000.0,2026-07-23,479153163.18,3.6437
90,Midnight,NIGHT,midnight-network,0.021736652386033114,0.98021234,-9.6803733,-25.84955014,360989267.8155516,53274281.76229875,16607399401.0,24000000000.0,24000000000.0,2026-07-23,521306564.43,14.7571
91,Sun [New],SUN,sun-token,0.01850138935439581,0.10396842,0.30094772,2.72948785,355804048.7724825,52465461.45965216,19231207016.782543,19231207016.782543,19900730000.0,2026-07-23,368129748.12,14.7677
92,DeXe,DEXE,dexe,4.180368446885665,-4.38385558,-22.76065502,-88.43131097,350037646.3090045,173256257.54443267,83733682.98906265,96504599.33609451,,2026-07-23,402691198.22,49.4392
93,Artificial Superintelligence Alliance,FET,artificial-superintelligence-alliance,0.15494694098567818,-0.28008597,-1.52668647,-3.53213752,347146500.128673,116228160.04244232,2240421772.2553163,2714384546.672,2719493897.0,2026-07-23,421423391.84,33.3606
94,First Digital USD,FDUSD,first-digital-usd,0.9979069572986556,-0.01405873,-0.0197258,0.03389935,346428920.2381237,157079432.89668825,347155531.589749,347155531.589749,,2026-07-23,346437445.38,45.3323
95,Sei,SEI,sei,0.04629427521971343,-0.09479417,-0.87066076,-4.70327647,339748541.9879686,17505997.68173089,7338888888.0,10000000000.0,10000000000.0,2026-07-23,462904059.85,5.1536
96,Lido DAO,LDO,lido-dao,0.39997061064020833,-0.79633421,3.56623594,10.33370671,334520350.92906827,43606359.28234907,836362327.7060835,1000000000.0,,2026-07-23,399748541.58,13.0289
97,SPX6900,SPX,spx6900,0.3575291649527719,-0.37450881,-4.18697364,-5.28998787,332857182.06952786,6763637.89345674,930993090.07,930993090.07,1000000000.0,2026-07-23,357379002.24,2.031
98,Celestia,TIA,celestia,0.36027142176307886,-0.59027713,-0.74627245,-14.04685782,331425568.6199613,18214810.3470602,919932996.62251,1168685161.483695,,2026-07-23,421092920.02,5.5012
99,Curve DAO Token,CRV,curve-dao-token,0.21120596043551548,-0.28310696,-1.74107777,-3.38761603,323536137.58408177,28396534.07389063,1531851359.293728,2402599662.265756,3030303030.299,2026-07-23,640581459.36,8.791
100,Terra Classic,LUNC,terra-luna,5.6263664645175966e-05,-0.58514364,-2.3648462,-6.12524017,310793878.3483118,10742937.30836153,5523882603600.709,6454055441317.108,6454055441317.108,2026-07-23,363146814.38,3.4593
101,Stacks,STX,stacks,0.1675588904973619,-0.50591023,0.35474227,-1.19509892,304053332.5592894,4152768.76891712,1814605788.19049,1814570813.19049,,2026-07-23,303985264.87,1.3664
102,Jito,JTO,jito,0.6030968428739232,-1.5556085,-4.98577149,-2.90493205,302506180.2340307,30936087.62898911,501588068.0,986522992.3181224,,2026-07-23,593026877.19,10.3926
103,Gnosis,GNO,gnosis-gno,111.49453641819602,0.31383406,-0.74406289,-3.27232069,294290920.65134686,1591550.31678063,2639509.79218851,2999934.74577209,,2026-07-23,334472739.4,0.5411
104,LayerZero,ZRO,layerzero,0.80223966160318,-0.46458736,-1.3221309,-2.75147121,291222732.85880244,22189498.74733247,363012135.6463836,1000000000.0,1000000000.0,2026-07-23,802252474.71,7.6165
105,Pendle,PENDLE,pendle,1.617043196975887,-0.85079052,-0.52250148,1.20866044,277551037.4249792,27534184.57782032,171641077.9526739,281527448.45853144,,2026-07-23,455209363.77,9.9263
106,Bitcoin SV,BSV,bitcoin-sv,13.67634928827185,-0.10397145,-0.73462136,2.90749423,274340814.02527225,11205556.78301309,20059506.25,20059506.25,,2026-07-23,274463210.64,4.0818
107,Monad,MON,monad,0.02293267390807366,0.22155012,-0.29055373,3.10493636,271182652.85416585,26256435.43871311,11825165000.0,100682925000.0,114166666695.0,2026-07-23,2614407590.53,9.6745
108,BitTorrent [New],BTT,bittorrent-new,2.712455462132948e-07,0.18899846,-0.49079298,-0.25933915,267729630.47806954,2978915.86716106,987037885840674.8,987037885840674.8,,2026-07-23,267814552.51,1.1102
109,AINFT,NFT,apenft,2.6920282453716794e-07,-0.31218502,0.17578683,0.36719278,266539222.22103745,6007038.52520955,990105592982874.8,990105592982874.8,999990000000000.0,2026-07-23,269662624.22,2.2501
110,Bonk,BONK,bonk1,2.9833332048989777e-06,0.17341197,-2.6132579,-18.76933079,262517216.83234248,80336721.088327,87994601609119.25,87994601609119.25,88872433754423.19,2026-07-23,265131268.81,30.6452
111,Immutable,IMX,immutable-x,0.12731650006935577,-0.15395766,-1.41803643,-2.43297097,254633000.13871154,7161150.58295588,2000000000.0,2000000000.0,2000000000.0,2026-07-23,254638143.48,2.8158
112,Tezos,XTZ,tezos,0.2254914678037204,0.04350174,-0.84079912,-2.26706624,246090170.31617755,7520275.10166893,1091350252.464485,1111335907.483887,,2026-07-23,250640382.23,3.0553
113,Conflux,CFX,conflux-network,0.04623938706165105,-0.56706022,0.49596174,2.63094077,241640729.03727758,7640352.78316031,5225863584.98,5225863583.78,,2026-07-23,241702845.93,3.1624
114,KAITO,KAITO,kaito,0.9869181499760636,-0.89475133,-0.53928406,31.18608699,238231075.75665736,30265139.84843168,241388889.0,1000000000.0,1000000000.0,2026-07-23,982980714.06,12.7441
115,Kite,KITE,kite,0.12676230424212823,1.54262541,8.16323457,-0.74019872,228172147.63583082,195419667.2088765,1800000000.0,10000000000.0,10000000000.0,2026-07-23,1269991922.49,86.0516
116,Optimism,OP,optimism-ethereum,0.09658175174550034,-0.05017991,-1.16525661,-5.5365009,220831022.55138254,30432001.0719449,2286467356.0,4294967296.0,4294967296.0,2026-07-23,414713829.15,13.785
117,DoubleZero,2Z,doublezero,0.06340595001907018,0.1303167,-2.84342006,-9.78938338,220108524.50032556,3198088.87975353,3471417500.0,9998248496.2,10000000000.0,2026-07-23,633975945.69,1.4525
118,Plasma,XPL,plasma-xpl,0.08473036393750565,-0.14171758,1.22769487,-6.80269175,220298946.2375147,49988840.82752787,2600000000.0,10000000000.0,,2026-07-23,848572620.82,22.6857
119,JasmyCoin,JASMY,jasmy,0.004436927108184555,-0.08102387,-2.71639086,-1.0123304,219383859.4318103,8657218.54565985,49444999677.16958,50000000000.0,50000000000.0,2026-07-23,221847791.37,3.9464
120,Decred,DCR,decred,12.466907214307982,-0.00608492,-1.73575854,-7.83781487,218465703.47264335,1529789.79178566,17523648.78611716,17523648.78611716,21000000.0,2026-07-23,261862726.05,0.6997
121,Velvet,VELVET,velvet,0.5096854545807521,-0.23751429,-2.67993667,-2.18172356,214611375.51676548,5215448.10186861,421066313.7195011,1000000000.0,1000000000.0,2026-07-23,509629036.52,2.4307
122,Maple Finance,SYRUP,maple-finance,0.17923058519350246,-0.57151061,-0.52757777,-6.98404838,213465295.0378246,6945957.59194159,1191009306.8510675,1244677492.5110993,,2026-07-23,223108502.53,3.2493
123,BUILDon,B,buildon,0.21139245341050564,-3.23115412,-12.07271944,86.87201736,211392453.41050565,11466288.61798541,1000000000.0,1000000000.0,,2026-07-23,209231928.97,5.4763
124,Kaia,KAIA,kaia,0.03226718410062329,0.24555405,-1.46584816,-4.56947306,205701751.53625733,4818417.80871721,6374952053.293175,6374952139.622411,,2026-07-23,205642916.34,2.3443
125,FLOKI,FLOKI,floki-inu,2.1487510419074878e-05,-0.32433599,0.45080606,-2.60552866,205465102.26051736,14330591.90599966,9562071094011.99,9647362446729.65,,2026-07-23,207255294.54,6.9741
126,Starknet,STRK,starknet-token,0.02980476338880238,-0.04853508,2.12669398,3.09976422,201090877.61502942,65217488.23117999,6746937561.348971,10139100000.0,,2026-07-23,302288018.8,32.5307
127,Zebec Network,ZBCN,zebec-network,0.001960867547942238,-1.25847615,-4.19748566,-9.55169382,196084352.89926007,10471124.68701041,99998775085.56544,99998775085.56544,100000000000.0,2026-07-23,195498732.23,5.3571
128,EigenCloud,EIGEN,eigencloud,0.2317659558205673,-0.87305254,-0.93859432,-5.45071701,191136628.1464641,15867781.00492072,824696739.733603,1823279157.598232,,2026-07-23,422426798.89,8.298
129,Ethereum Name Service,ENS,ethereum-name-service,4.523149355936969,-0.19333188,-0.95500086,4.00036537,185578458.29501835,15610528.46267677,41028593.94891147,100000000.0,,2026-07-23,452243021.57,8.4245
130,Humanity,H,humanity-protocol,0.059094286815832106,-0.45880555,-1.10665804,3.43011425,183110213.72415817,4328237.99919069,3098611111.0,10000000000.0,10000000000.0,2026-07-23,591231957.55,2.4904
131,Pieverse,PIEVERSE,pieverse,0.6666469783021677,1.10522784,-3.68165045,-1.77543439,180396152.2848584,12652587.46222442,270602220.0,1000000000.0,1000000000.0,2026-07-23,667809101.67,7.0006
132,The Graph,GRT,the-graph,0.01640363828185729,-0.39444683,-1.64773897,-7.92760946,178934654.15178058,14118198.32933657,10908229691.317043,11592821357.983501,,2026-07-23,190211192.18,7.8836
133,Raydium,RAY,raydium,0.6636887725285169,-0.47832515,-6.87732677,-3.91027888,178740606.72525072,17221533.66686108,269313892.480486,554997638.544229,555000000.0,2026-07-23,367980831.13,9.6721
134,Falcon Finance,FF,falcon-finance-ff,0.05998087633629743,0.02226991,-1.35460246,-9.90971413,178143202.71880338,10861727.27422715,2970000000.0,10000000000.0,10000000000.0,2026-07-23,599742658.83,6.0958
135,Telcoin,TEL,telcoin,0.0018290839926479365,-0.12924179,-2.80983852,-11.17475466,175727866.51661035,792373.53726513,96074246575.31,100000000000.0,100000000000.0,2026-07-23,182984767.03,0.4502
136,Compound,COMP,compound,17.22384708268333,-0.59300755,-0.72112717,1.36275114,172238470.82454047,8733376.6261928,9999999.99986688,10000000.0,,2026-07-23,172220146.9,5.0724
137,IOTA,IOTA,iota,0.03617635124427536,0.01693432,-1.017528,-1.76649317,164827317.13680947,4456587.80555444,4556217293.0,4600000000.0,,2026-07-23,166315268.42,2.7052
138,Axie Infinity,AXS,axie-infinity,0.913765051131422,-0.5953365,-2.15435523,-8.58952816,159189134.06257704,12684408.83708107,174212325.00134403,270000000.0,,2026-07-23,246676151.66,7.9696
139,Akash Network,AKT,akash-network,0.5373950568702843,-0.48269111,-1.36412416,-7.15306476,159092219.89102042,2374327.43442677,296043325.775179,296043325.775179,388539008.0,2026-07-23,208711161.45,1.4918
140,Chiliz,CHZ,chiliz,0.014798123479965383,-0.09266031,-2.38736921,-12.56194149,156346823.38152736,28464266.11238398,10565314149.0,10565314149.0,,2026-07-23,156329945.73,18.2149
141,eCash,XEC,ecash,7.654799351480144e-06,-0.99008625,-1.83094791,18.47981265,153552894.71230873,36916091.93172692,20059689047580.0,20059689047580.0,21000000000000.0,2026-07-23,161141254.79,23.8683
142,MX Token,MX,mx-token,1.6644168992847408,0.0198823,-0.06801689,-0.01338515,152855610.6948571,4490325.61097733,91837334.0,409024834.0,413787834.0,2026-07-23,688229721.05,2.9361
143,dogwifhat,WIF,dogwifhat,0.15173909880665298,-0.34651519,-1.32842369,-0.79202347,151562922.9357037,38692769.38006689,998838955.336266,998838955.336266,998840592.989347,2026-07-23,151639586.12,25.5136
144,OriginTrail,TRAC,origintrail,0.3005756467430529,-0.54948171,-0.45501211,11.78096757,150287823.37152645,7596540.19664461,500000000.0,500000000.0,500000000.0,2026-07-23,149728507.99,5.0963
145,THORChain,RUNE,thorchain,0.4350526859292654,-0.16904573,-3.90104528,3.44992054,147141885.8121605,3923568.01813137,338216245.0,354113266.0,354196525.0,2026-07-23,154043556.87,2.6644
146,Trust Wallet Token,TWT,trust-wallet-token,0.3388747292341961,-0.20708301,-0.23445486,-6.77345317,145668865.78497946,8869596.65355705,429860515.46,999860531.46,999860531.46,2026-07-23,341660098.32,6.1333
147,ApeCoin,APE,apecoin-ape,0.14505630539602107,-0.19687575,-2.99325846,-5.89887961,145056305.39602107,10295133.84424642,1000000000.0,1000000000.0,1000000000.0,2026-07-23,144874217.42,7.1035
148,Neo,NEO,neo,2.0217912763274573,-0.31634733,-0.67259473,2.4031908,142614793.1581368,5728442.99730137,70538831.0,100000000.0,,2026-07-23,202035456.14,4.0267
149,The Sandbox,SAND,the-sandbox,0.04812093229828444,0.38237172,0.48589688,-1.16533448,141361961.2346591,18796419.11786748,2937639702.3733225,3000000000.0,,2026-07-23,144300451.38,13.3164
150,Onyxcoin,XCN,onyxcoin,0.0036190521481523456,-0.24016315,-0.11599247,-2.22267415,140710665.9786047,4771478.01433682,38880530099.695435,48402432357.486084,68892071756.90897,2026-07-23,249821420.2,3.382
151,Vision,VSN,vision-token,0.0380934129962959,0.06951762,4.24107622,13.54039534,138153554.32633695,2599791.37496701,3626704552.3006988,4108295262.2388477,4200000000.0,2026-07-23,159999699.42,1.8834
152,Decentraland,MANA,decentraland,0.06952924378596655,-0.11067368,-0.07379925,-1.07697832,138078790.3883659,8662423.79454781,1985909566.5331404,2193179327.320146,,2026-07-23,152535472.29,6.2699
153,Theta Network,THETA,theta-network,0.13734703103736856,-0.02606854,-1.03743526,-7.43273303,137347031.03736857,4542204.1437972,1000000000.0,1000000000.0,1000000000.0,2026-07-23,137405070.38,3.2942
154,edgeX,EDGE,edgex,0.3896661051975332,0.05182834,-5.01603636,-9.61597937,136383136.81913662,5940747.74991769,350000000.0,1000000000.0,1000000000.0,2026-07-23,390118698.12,4.3446
155,Fartcoin,FARTCOIN,fartcoin,0.13582993057142342,-0.14380063,-2.47302001,-9.22058814,135829693.6840245,19301369.01206785,999998256.0,1000000000.0,1000000000.0,2026-07-23,135708166.75,14.1955
156,Arweave,AR,arweave,1.884952409396886,-0.18414018,-1.69020543,-5.40483126,123751773.96954714,6295170.7171453,65652466.0,65652466.0,66000000.0,2026-07-23,124362506.63,5.1397
157,o1.exchange,O,o1-exchange,0.7869137988620675,32.80759858,27.69585376,40.37483753,125906207.8179308,24105323.70268137,160000000.0,1000000000.0,1000000000.0,2026-07-23,725786368.48,22.0022
158,Convex Finance,CVX,convex-finance,1.2402330513605615,-0.49112157,-0.00232581,-3.34858486,122769154.28044222,5720390.65489925,98988778.07341282,99980781.53246859,,2026-07-23,123945831.81,4.6536
159,Genius Terminal,GENIUS,genius-terminal,0.3594615738111667,0.41382229,2.11499366,7.19606465,120555165.44830051,16898718.99116767,335377059.0,953973324.288,1000000000.0,2026-07-23,359992973.04,13.9981
160,GoМining,GOMINING,gomining-token,0.2902549426313305,-0.04154222,-0.06198759,2.32103092,117207976.46495014,6739334.74977652,403810441.2706685,403890250.7458408,403890250.7458408,2026-07-23,117219456.9,5.7576
161,Basic Attention Token,BAT,basic-attention-token,0.07820328959049846,-0.2652251,-2.24659547,-3.59200698,116970588.4953136,3654056.77554818,1495724656.9526057,1500000000.0,1500000000.0,2026-07-23,117329729.49,3.1265
162,WEMIX,WEMIX,wemix,0.23388270772636652,-0.44436384,-2.00056191,-3.05087057,116489131.18927783,3732092.80723742,498066455.28307074,558863367.4927068,590000000.0,2026-07-23,137988857.23,3.1976
163,1inch,1INCH,1inch,0.08195706579170493,-0.67182235,0.14607712,9.52453848,115720515.77897467,9020650.86039211,1411965090.0275033,1500000000.0,1500000000.0,2026-07-23,122945685.07,7.7879
164,Tagger,TAG,tagger,0.0010583620423467617,-0.8041581,-5.82587906,25.7172098,114731284.85031363,3507326.50637736,108404572594.0,405380800000.0,,2026-07-23,429820251.63,3.0471
165,AWE,AWE,awe-network,0.05846759901804161,0.21405036,1.843289,-3.09175524,113568650.23253745,2404775.23596941,1942420283.0270672,1942420283.0,1942420283.027067,2026-07-23,113440241.56,2.1197
166,Zama,ZAMA,zama,0.05007239203200706,4.06972195,27.15696393,43.06458114,110159262.47041553,85235226.55972178,2200000000.0,11196548333.0,,2026-07-23,564491105.54,77.1102
167,Vaulta,A,vaulta,0.0664787069284627,0.32262292,-0.8029577,-11.83298177,110073919.27778609,5955963.8379457,1655777080.5656,2100000000.0,2100000000.0,2026-07-23,139582158.51,5.4138
168,SafePal,SFP,safepal,0.21942296713837045,0.11775939,0.1295563,-1.49252274,109711483.56918523,2061096.75411842,500000000.0,500000000.0,500000000.0,2026-07-23,109853315.26,1.8802
169,dYdX,DYDX,dydx-chain,0.1279615124486014,0.06791584,4.16193766,4.51815562,108589155.32563767,5714757.88479003,848607938.8070294,958342962.317931,1000000000.0,2026-07-23,128378599.5,5.2273
170,Centrifuge,CFG,centrifuge,0.18191890477566577,-0.54272032,-2.67758429,-1.25513705,104996112.42266333,9144293.468437,577158886.0,697164473.0,,2026-07-23,126923591.53,8.6944
171,DeepBook Protocol,DEEP,deepbook-protocol,0.01838579914748316,-0.2204839,-1.49991824,1.81529128,100566219.65186544,4345520.56600298,5469776910.16667,10000000000.0,10000000000.0,2026-07-23,183852791.03,4.3193
172,Golem,GLM,golem-network-tokens,0.10038034064936038,-0.07755822,0.33726055,-0.087333,100380340.64936037,5262698.27267417,1000000000.0,1000000000.0,1000000000.0,2026-07-23,100344780.65,5.2442
173,Gala,GALA,gala,0.0020434089779325223,-0.41173943,-1.21389618,0.52133533,100004542.01505648,24967559.13002802,48940052184.873405,48940052184.873405,50000000000.0,2026-07-23,102153927.6,24.9767
174,Allora,ALLO,allora,0.49635434526895655,-1.51032729,1.78144658,26.30631737,99519046.22642578,29070233.06570827,200500000.0,785499999.0,1000000000.0,2026-07-23,496624423.89,29.209
175,Sentient,SENT,sentient,0.013732093401971237,-0.66677261,-1.50997037,2.10943281,99391228.90843962,13431851.01262557,7237878887.0,34359738368.0,,2026-07-23,471980903.63,13.5201
176,Nexus,NEX,nexus-labs,1.6365256789093683e-06,0.06312098,-0.08260113,-7.93428314,98191540.7345621,1125523.82153637,60000000000000.0,100000000000000.0,100000000000000.0,2026-07-23,163639475.81,1.1515
177,ZKsync,ZK,zksync,0.009549873990748007,-0.44892227,-0.78916123,-7.35300772,97093942.19451585,9889823.85633074,10167039092.723236,14825751686.500284,21000000000.0,2026-07-23,200394549.36,10.1856
178,AB,AB,newton,0.000968515061756946,0.13590729,-0.49059924,-2.23863611,95712204.38969044,410900.00460312,98823661261.46,98823661261.46,98823661261.46,2026-07-23,95503315.64,0.4318
179,Data Network,DATA,data-network,0.26615012437582836,-0.06231888,-0.68233252,-6.0256654,95067726.55778284,21420210.71392027,357195875.0,1030722962.0,,2026-07-23,274289147.0,22.5013
180,Aethir,ATH,aethir,0.004685738915711414,0.73389456,1.19066479,4.51486534,94318135.57861412,8973703.29744728,20128764593.0,42000000000.0,42000000000.0,2026-07-23,196904819.5,9.5095
181,MultiversX,EGLD,multiversx-egld,3.09635754674142,-0.22064034,-1.37952957,-3.90907547,94145780.80533214,4185378.17960868,30405332.51865901,30410488.0,,2026-07-23,94178847.65,4.448
182,Kamino,KMNO,kamino-finance,0.018204445801795185,-0.06860589,-0.91119801,0.8780191,93304024.63567892,2960113.11622891,5125342768.0,9999957181.950735,10000000000.0,2026-07-23,182039355.76,3.1699
183,Grass,GRASS,grass,0.37397655210984193,0.88499481,-1.57720951,-3.92309051,91214784.97421724,16991222.15786462,243905091.0,1000000000.0,,2026-07-23,374362215.4,18.608
184,SOON,SOON,soon,0.16289073658661016,-0.33040247,-1.5559937,-1.63058313,90755480.94140981,5401977.12065372,557155568.47,998466231.2532852,,2026-07-23,162518232.32,5.9655
185,YZY MONEY,YZY,yzy,0.2946961209655656,0.36102929,0.31300458,0.3442192,89285734.40543756,123803.04440589,302975601.1477,999999434.481079,1000000000.0,2026-07-23,294593481.37,0.1386
186,Cheems (cheems.pet),CHEEMS,cheems-pet,4.731464560184885e-07,-0.02180119,-0.34094552,-1.29380753,88712611.22504282,1421388.31981073,187495034775398.0,203672952644644.2,203672960023058.0,2026-07-23,96405406.06,1.604
187,Meteora,MET,meteora,0.1599000718012512,-0.9890779,-4.07373503,-1.00669309,85128426.128971,11445704.58329336,532385165.122264,997733894.183553,1000000000.0,2026-07-23,160227743.42,13.2636
188,Fluid,FLUID,instadapp,1.0347211012063862,0.11680856,2.12289617,-0.07704364,81429443.21158428,1910920.45430607,78696996.82034639,100000000.0,,2026-07-23,103467355.43,2.3453
189,Official Melania Meme,MELANIA,melania-meme,0.08100240250264469,-0.1448784,0.44253271,0.70655904,81002071.91628519,6262908.73359352,999995918.80797,999995918.807974,,2026-07-23,81022910.34,7.7299
190,Rootstock Infrastructure Framework,RIF,rsk-infrastructure-framework,0.08007320221599448,13.88522988,25.73414848,-41.12569346,80073202.21599448,19033986.96609484,1000000000.0,1000000000.0,1000000000.0,2026-07-23,80477180.02,23.7751
191,CoW Protocol,COW,cow-protocol,0.13651382005408938,-0.51229381,-0.71972961,-6.85161419,78856082.501073,2593265.85372688,577641754.2914609,1000000000.0,1000000000.0,2026-07-23,136570205.65,3.2881
192,Reserve Rights,RSR,reserve-rights,0.001253367656019984,-0.25999449,-0.08986022,0.30766673,78402125.18704666,5158633.07177299,62553174091.0,100000000000.0,100000000000.0,2026-07-23,125292504.75,6.5771
193,Beam,BEAM,onbeam,0.0015163472128445431,-0.41754911,-0.88098595,-9.09636781,77788892.06854276,2662830.40585795,51300184687.0,58470184687.0,58470184687.0,2026-07-23,88643577.36,3.4237
194,Re,RE,re-protocol,0.477896989186808,-2.38537149,13.13050235,-2.49497824,76272359.47421455,654426054.5132033,159600000.0,1000000000.0,1000000000.0,2026-07-23,471990789.92,866.3653
195,Synthetix,SNX,synthetix,0.22077026673254052,-0.74754948,-3.81402355,-3.8031127,76058940.974826,27310324.94477307,344516234.45728827,581404223.5556632,339889850.089,2026-07-23,75034898.11,35.9384
196,Yearn,YFI,yearn-finance,2098.5003352190315,0.08471276,-2.19620057,-1.1362996,75159776.81651403,4187502.59981666,35815.94701469,36646.35595035,,2026-07-23,76927122.01,5.574
197,Qtum,QTUM,qtum,0.7071309251353316,-0.24487612,0.36854558,3.32632038,75006163.55869338,6919636.70785397,106071112.0,107822406.0,107822406.0,2026-07-23,76206376.52,9.2879
198,Four,FORM,binaryx-new,0.19631004900911525,0.56589145,-1.22447154,-1.22065622,74964379.57240763,6369533.11899756,381867255.144574,572301922.0959299,580000000.0,2026-07-23,113800893.89,8.5076
199,Horizen,ZEN,horizen,4.1208779594816685,-0.06173444,-2.47731345,-5.35587214,74907727.18524534,9363830.28324118,18177613.58666088,21000000.0,21000000.0,2026-07-23,86529431.51,12.6145
200,ORDI,ORDI,ordi,3.5519653977891834,-0.36810937,-3.42662647,-3.80092131,74591273.35357285,12180163.84571302,21000000.0,21000000.0,21000000.0,2026-07-23,74631721.4,16.2723
201,Rain,RAIN,rain,0.014381625168772479,0.06752306,-7.28589064,-1.37880933,9988354171.31201,38122269.78299972,694521937131.2922,1149835099823.3494,1149835099823.3494,2026-07-23,16547478907.83,0.3815
202,Decimal,DEL,decimal,0.7971214377641073,0.12070513,-2.38372826,0.15381745,8864790614.80356,294521.79900088,11121003895.804047,11121003895.804047,92075616000.0,2026-07-23,73396914831.02,0.0033
203,Ondo US Dollar Yield,USDY,ondo-us-dollar-yield,1.1397493764033517,-0.07801833,0.03541913,0.02914097,2158161040.9370894,697604.00755198,1893540005.9155872,1893540005.9155872,,2026-07-23,2158177916.22,0.0317
204,HTX,HTX,htx,1.8479983729833188e-06,-0.12622761,0.17843765,2.62920178,1659932621.0760307,65651422.76033974,898232728634017.2,999990000000000.0,999990000000000.0,2026-07-23,1848070957.03,3.9547
205,Falcon USD,USDf,falcon-finance,0.9960498567177203,0.03214717,0.07349572,0.00421125,1256087336.4626923,499913.0076394,1261068738.6692395,1261068738.6692395,,2026-07-23,1256052747.59,0.0449
206,USDGO,USDGO,usdgo,1.0000706628023197,-9.49e-06,0.0014375,0.00793909,1005733556.6299926,20666173.03467905,1005662493.7,1005662493.7,,2026-07-23,1005755417.72,2.0637
207,c8ntinuum,CTM,c8ntinuum,0.2026751016248624,-0.05891725,-0.34314452,0.27053041,903600376.3742292,15447353.19357783,4458368932.0,8888884794.0,8888888888.0,2026-07-23,1800688131.42,1.7102
208,Jupiter Perps LP,JLP,jupiter-perps-lp,3.687315747455252,-0.22273274,-0.55041127,0.65719601,830361976.1225927,3081517.54374925,225194161.008765,225194161.008765,,2026-07-23,830916043.45,0.371
209,GHO,GHO,gho,0.9992856949767631,0.01789922,0.04675587,0.07789742,648536416.0399193,379946.24400079,649000000.0,649000000.0,,2026-07-23,648537529.89,0.0586
210,Beldex,BDX,beldex,0.08240030381632886,0.40682946,-1.27943367,-2.8155051,648459755.074457,15182604.53297883,7869628205.739151,9938568205.739151,,2026-07-23,817869736.52,2.3418
211,TBLL tokenized ETF (xStock),TBLLX,tbll-tokenized-etf-xstock,104.99,0.0,0.0,-1.15797402,568793290.354535,839.89280759,5417594.91717816,5417594.91717816,,2026-07-23,568793290.35,0.0001
212,Usual USD,USD0,usual-usd,0.9993677161469658,0.0,-0.00360314,0.06748235,556980220.0454332,0.0,557332612.4570591,557332612.4570591,,2026-07-23,556973468.26,
213,Solstice USX,USX,solstice-usx,1.00216277326908,-0.0278546,0.02959392,-0.00224618,524119362.02228236,2667061.38342081,522988257.0,359692577.0,,2026-07-23,360476176.61,0.5078
214,USDai,USDAI,usdai,0.999996467105658,-0.00736483,0.02222909,0.0110881,501349354.7794436,4299922.50269718,501351126.0,501351126.0,,2026-07-23,501335970.15,0.8577
215,Unibase,UB,unibase,0.11472160789286273,-0.36693238,9.8154712,43.0349578,286804019.7321568,172601696.49307427,2500000000.0,10000000000.0,10000000000.0,2026-07-23,1148194250.64,60.0433
216,Ducky,DUCKY,ducky,0.0006570010779359465,-0.08307959,-1.09205243,1.72652558,272261814.7174502,1199.42223057,414400864566.0,420690000000.0,420690000000.0,2026-07-23,276393783.48,0.0004
217,Legacy Frax Dollar,FRAX,frax,0.9910312527957021,0.00543329,0.10828789,0.00764771,237421402.69344696,421895.67218152,239570045.87260038,239570045.87260038,,2026-07-23,237421402.69,0.1777
218,Strategy PP Variable tokenized stock (xStock),STRCX,strategy-pp-variable-tokenized-stock-xstock,91.9626194124813,0.01196881,-0.07772687,-0.37201886,220080134.8010551,82137.7888127,2393147.73988686,2393147.73988686,,2026-07-23,220078514.69,0.0334
219,48 Club Token,KOGE,bnb48-club-token,64.23547395231643,0.06063058,-0.17248293,0.2791512,217644459.05976298,118988.45682432,3388228.43,3388228.433995,3388228.433995,2026-07-23,217736716.97,0.0536
220,AUSD,AUSD,agora-finance,0.9999454909564371,0.00375989,0.00504393,0.00018021,200238832.25373447,957274.69544242,200249747.675954,200249747.675954,,2026-07-23,200243093.32,1.4306
221,Ape and Pepe,APEPE,ape-and-pepe,9.529205504664911e-07,-0.22429214,0.27017971,-0.47150985,200113315.59796312,16792791.13392853,210000000000000.0,210000000000000.0,210000000000000.0,2026-07-23,200201147.73,8.3889
222,USAT,USAT,tether-usat,0.9992765791322904,0.00036439,-0.00390722,0.04359433,185350040.34208918,2951714.41372748,185484223.5,185484223.5,,2026-07-23,185338449.76,1.5897
223,WeFi,WFI,wfi,2.164791255667624,0.03549641,0.46005094,4.34418363,184807442.22952518,1351267.7674309,85369636.33130085,1000000000.0,1000000000.0,2026-07-23,2165033854.09,0.731
224,Lorenzo Protocol,BANK,lorenzo-protocol,0.240429437309924,0.74275939,45.43427114,341.40279183,183915228.4841304,334851156.850714,764944719.5064375,1212195831.9983332,2100000000.0,2026-07-23,502362282.6,182.6187
225,Micron Technology tokenized stock (xStock),MUx,micron-technology-tokenized-stock-xstock,964.41176902377,-1.59889377,-0.88787315,18.10889266,170887487.53247637,8760140.81147581,177193.49039618,177193.49039618,,2026-07-23,171925599.66,5.1018
226,Apple tokenized stock (xStock),AAPLX,apple-tokenized-stock-xstock,326.4361912168679,-0.04414275,0.32418323,-0.61336744,163501598.28780574,5809103.30936469,500868.47808852,500868.47808852,,2026-07-23,163554817.65,3.5018
227,SP500 tokenized ETF (xStock),SPYX,sp500-tokenized-stock-xstock,749.7307345728093,-0.17580622,-0.19557813,-1.28941453,162398688.07211632,3946273.05718157,216609.35130884,216609.35130884,,2026-07-23,162395492.03,2.4285
228,Robinhood tokenized stock (xStock),HOODX,robinhood-tokenized-stock-xstock,103.60843983182721,-1.03171752,-2.84851407,-10.03764478,152273756.541087,3440830.46971798,1469704.17456581,1469704.17456581,,2026-07-23,152441856.38,2.2585
229,SwissBorg,BORG,swissborg,0.15421059017513397,-0.29948158,-0.91953162,0.4741753,151473729.00415823,116225.78767573,982252443.442,982252443.442,982602443.0,2026-07-23,151538564.06,0.0767
230,GUSD,GUSD,gusd,0.9986347073840369,0.00035937,-0.0248764,-0.06120381,149235970.67147046,177287.79050226,149440000.0,320000000.0,,2026-07-23,319559283.01,0.1188
231,Intel tokenized stock (xStock),INTCX,intel-tokenized-stock-xstock,102.77718439888409,-1.62451058,-2.88412429,0.36857876,149069209.41268948,743850.99487171,1450411.49243925,1450411.49243925,,2026-07-23,149050079.01,0.4968
232,Nasdaq tokenized ETF (xStock),QQQX,nasdaq-tokenized-stock-xstock,704.2516123247325,-0.54016487,-0.61461426,-2.04069558,147766849.57511845,1998379.64770074,209821.10227244,209821.10227244,,2026-07-23,147896355.45,1.3512
233,Bitway,BTW,bitway-btw,0.06637915840833238,-0.42844821,-3.8691251,10.65118739,146034148.49833125,9490076.14754348,2200000000.0,10000000000.0,10000000000.0,2026-07-23,662380839.95,6.5197
234,EUR CoinVertible,EURCV,eur-coinvertible,1.14063697885486,-0.02331946,0.03815123,-0.46008378,146047388.75921032,11394399.5072727,128040201.63,128040201.63,,2026-07-23,146050197.65,7.7826
235,Zano,ZANO,zano,9.335963246748404,0.10331764,-0.27712619,-3.11462777,143601432.27486604,1166216.86039615,15381533.59,15381533.59,,2026-07-23,143639134.51,0.814
236,Tesla tokenized stock (xStock),TSLAX,tesla-tokenized-stock-xstock,358.36251576790244,-0.54912266,-5.5084107,-9.18124025,139673467.54117274,34002235.20243376,389754.67967647,389754.67967647,,2026-07-23,139811326.74,24.3064
237,NVIDIA tokenized stock (xStock),NVDAX,nvidia-tokenized-stock-xstock,211.64186831465545,-0.61199696,2.66625686,0.06525172,138438532.7624696,16544278.34852998,654116.9470147,654116.9470147,,2026-07-23,138356800.29,11.9884
238,Circle tokenized stock (xStock),CRCLX,circle-tokenized-stock-xstock,66.46485770335164,-0.19824566,-5.854156,1.80375133,129244603.83065324,11627958.84090347,1944555.48836804,1944555.48836804,,2026-07-23,129311572.84,8.964
239,Alphabet tokenized stock (xStock),GOOGLX,alphabet-tokenized-stock-xstock,333.41559635828224,-0.34919925,-4.63557063,-10.44089373,128605289.27245696,53936146.24850518,385720.67616855,385720.67616855,,2026-07-23,128792614.82,41.9218
240,Ailey,ALE,project-ailey,0.26113845881949904,-0.00663948,-0.05093539,0.0850199,127051114.0617646,95918.33811908,486527777.7777778,1000000000.0,1000000000.0,2026-07-23,261142858.77,0.0754
241,TronBank,TBK,tronbank,0.6401473283860291,-0.17105396,-1.778359,-4.57093454,118640674.73229839,147909.22135374,185333390.410956,1000000000.0,1000000000.0,2026-07-23,640719374.3,0.124
242,Marvell tokenized stock (xStock),MRVLX,marvell-tokenized-stock-xstock,212.3322527466485,-1.67468223,1.94845051,3.19915079,118504088.3540328,1587329.17404102,558106.86704968,558106.86704968,,2026-07-23,118931393.73,1.3386
243,Shuffle,SHFL,shuffle,0.27655445794779004,0.58392972,4.12221341,4.06114753,117600424.24506408,834683.38836842,425234238.19573915,956134768.8996149,,2026-07-23,264435966.84,0.708
244,Backpack,BP,backpack-exchange,0.46362486030738714,0.04658161,-3.18637782,-13.29857913,115906143.34324898,2551508.98394416,249999845.27663645,999999845.2766365,1000000000.0,2026-07-23,463384786.87,2.1624
245,Aster USDF,USDF,usdf,0.999370253528193,0.00660318,0.10971529,0.07894078,111258676.67784761,50214.57501666,111328785.58778208,111328785.58778208,,2026-07-23,111262044.6,0.046
246,Frax USD,FRXUSD,frax-usd,1.0000026407574818,-0.00721659,-0.00433697,0.00916735,109525600.83449377,853906.93216085,109525311.6047077,109525311.6047077,,2026-07-23,109537984.85,0.7805
247,Ribbita by Virtuals,TIBBIR,ribbita-by-virtuals,0.10559997551070079,0.07833225,-0.2189905,-2.83337871,105599975.51070079,995437.3129903,1000000000.0,1000000000.0,1000000000.0,2026-07-23,105409331.19,0.9446
248,StandX DUSD,DUSD,standx-dusd,0.9988146508650178,2.2e-07,0.01423713,0.01901578,105499540.09866722,0.0,105624742.29558,105624742.29558,,2026-07-23,105499540.1,
249,Undeads Games,UDS,undeads-games,0.8475849202964884,-0.10995699,-7.16050241,-24.23133382,105499199.29174231,296341.33041103,124470358.97575702,250000000.0,250000000.0,2026-07-23,212237454.93,0.2798
250,RealLink,REAL,reallink,0.07633073546914253,0.00493769,-0.23226186,6.29262914,104881617.49546914,6977601.70409413,1374041752.0,3330298975.0,12000000000.0,2026-07-23,915826198.8,6.6535
251,Joseon Mun,JSM,joseon-mun,0.0003267152857031052,-0.2252336,3.79605851,6.29103037,103395586.4664617,486298.53711223,316470000000.0,2400000000000.0,2400000000000.0,2026-07-23,785408986.51,0.4701
252,Rollbit Coin,RLB,rollbit-coin,0.06402759061345314,0.26917958,-3.53078819,-5.95312234,103395010.91429028,355405.35624727,1614850877.936448,1614850877.936448,,2026-07-23,103500674.77,0.3445
253,BitMart Token,BMX,bitmart-token,0.3129268528771695,-0.28731713,-0.97108559,-0.13206576,101476425.52950968,22419668.28247463,324281615.96391135,626297236.4413097,881679315.0,2026-07-23,275959160.81,22.076
254,Talus,US,talus-network,0.045920846005143505,0.13155628,8.40716515,28.80743705,101025861.2113157,12270587.28594064,2200000000.0,10000000000.0,10000000000.0,2026-07-23,458391280.72,12.1521
255,Gold tokenized ETF (xStock),GLDX,gold-tokenized-stock-xstock,378.1320917602936,-0.11671141,0.69342598,2.03193628,98410853.76421815,346699.43641743,260255.22802387,260255.22802387,,2026-07-23,98417224.08,0.3526
256,AMD Tokenised Stock (xStock),AMDx,amd-tokenised-stock-xstock,553.2517398965967,-0.768827,2.42914014,5.55159178,97984628.37307495,433099.33739947,177106.76949952,177106.76949952,,2026-07-23,97986431.03,0.4411
257,Circle Internet Group Tokenized Stock (Ondo),CRCLon,circle-internet-group-tokenized-stock-ondo,66.35338802695486,-0.35610514,-5.98855501,1.61306387,97929132.59719045,4779728.36331492,1475872.3783239,1475872.3783239,,2026-07-23,98093722.79,4.8755
258,Smilek to the Bank,SMILEK,bscbet-online,4.998986949628716e-05,0.0244782,0.05070311,0.04151153,97925208.44581826,1270.98062289,1958901062006.0,2008932945814.0,2008932945814.0,2026-07-23,100426295.79,0.0013
259,SoSoValue,SOSO,sosovalue,0.2815800314777271,0.0292172,-0.56341444,-2.15100146,96300806.6512714,4008540.4797738,342001548.0,1000000000.0,1000000000.0,2026-07-23,281608167.08,4.1598
260,AIVIVE,AVV,aivive,0.009479613284520768,0.202457,-0.47004401,-1.55126959,94796132.8378217,225414.76526548,9999999999.220856,10000000000.0,10000000000.0,2026-07-23,94788868.05,0.2379
261,ViciCoin,VCNT,vicicoin,15.306598676458384,0.15611395,1.59888487,0.70546341,93203590.2579008,241360.55013363,6089111.77642936,3047592.30865618,10000000.0,2026-07-23,153070220.29,0.264
262,Light,LIGHT,light,0.1372621221514235,1.52175557,6.49294939,10.16203923,91777958.45016451,0.0,668632810.069174,919835095.5533597,1000000000.0,2026-07-23,137507667.06,
263,SpaceX Tokenized bStocks,SPCXB,spacex-tokenized-bstocks,116.03070125692322,-0.37086766,-7.46469936,-14.47099491,91690088.27321336,36961354.00063379,790222.65038446,790222.65038446,,2026-07-23,92303568.36,40.1526
264,UnifAI Network,UAI,unifai-network,0.3804365667107302,-1.04786386,15.03236192,1.79380929,90924339.44386452,6815102.55296378,239000000.0,1000000000.0,1000000000.0,2026-07-23,380236484.3,7.5173
265,Solstice eUSX,EUSX,solstice-eusx,1.046454633147685,-0.0256628,0.02037772,0.03737874,90270512.75268978,4852973.22636515,86263188.0,140284603.0,,2026-07-23,146804088.38,5.36
266,Derive,DRV,derive,0.12150235301948026,-0.64649925,2.3393032,-13.84458591,89611591.90621138,3721592.53765855,737529683.0,1500000000.0,1500000000.0,2026-07-23,182207021.96,4.158
267,Meta tokenized stock (xStock),METAX,meta-tokenized-stock-xstock,621.6913524646826,-0.02735693,-3.23880033,-8.70026765,88629086.61626986,1421640.92292922,142561.2343889,142561.2343889,,2026-07-23,88644002.0,1.6014
268,U.S. Dollar Tokenized Currency (Ondo),USDon,us-dollar-tokenized-currency-ondo,0.9996407735785691,-0.00396669,0.01464045,0.02882034,86763474.7377683,11837805.40276226,86794653.67060573,86794653.67060573,,2026-07-23,86768355.04,13.5318
269,Microsoft tokenized stock (xStock),MSFTX,microsoft-tokenized-stock-xstock,388.86980285002704,0.06811953,-2.0334833,-2.26474547,85453945.36526752,94456.3731454,219749.50160433,219749.50160433,,2026-07-23,85453464.72,0.1097
270,GEODNET,GEOD,geodnet,0.19220733241988108,-0.16980245,2.04072438,-4.85595651,84336338.33312729,209337.47434775,438777945.0,976569568.0,1000000000.0,2026-07-23,192440368.52,0.248
271,Quack AI,Q,quack-ai,0.019557639618575394,-0.51260909,0.01360008,2.03444706,82237278.8201631,3307793.28182771,4204867275.60191,9999978302.60191,10000000000.0,2026-07-23,195485096.75,4.0265
272,would,WOULD,wouldmeme,0.0816062112165908,-0.75528628,-1.80264384,1.2840208,81561539.34820302,11043.04726806,999452592.3,999452789.37,1000000000.0,2026-07-23,81606928.26,0.0135
273,Micron Technology Tokenized bStocks,MUB,micron-technology-tokenized-bstocks,966.7251143019748,-1.31642618,-0.62117324,7.66030992,79925776.82862541,16262811.16104605,82676.83920297853,82676.83920297853,,2026-07-23,80136203.9,20.3036
274,AntFun,ANTFUN,ant-fun,0.04067941738700743,0.36886348,-3.02507406,7.43529585,76796081.86370863,10853487.38720013,1887836326.0,10000000000.0,10000000000.0,2026-07-23,406229697.85,14.1163
275,Cisco tokenized stock (xStock),CSCOX,cisco-tokenized-stock-xstock,114.92627535156612,0.01737357,0.07665837,0.13739976,76713470.46829145,61434.5409054,667501.58076228,667501.58076228,,2026-07-23,76701431.67,0.0803
276,Coinbase tokenized stock (xStock),COINX,coinbase-tokenized-stock-xstock,167.28707262274312,-0.33539092,-5.20988159,0.47767543,76262988.74209565,4769339.45511044,455880.94493159,455880.94493159,,2026-07-23,76239859.55,6.2486
277,SanDisk Tokenized bStocks,SNDKB,sandisk-tokenized-bstocks,1588.8408645811226,-2.58679715,-0.95382928,0.72286194,76182415.34749626,29652016.21996053,47948.4239396,47948.4239396,,2026-07-23,76782334.2,38.6452
278,BNB Attestation Service,BAS,bnb-attestation-service,0.03046080348457095,-1.21194837,4.88457013,16.22451629,76152008.71142738,3436935.78545028,2500000000.0,10000000000.0,10000000000.0,2026-07-23,305320050.13,4.5047
279,MicroStrategy tokenized stock (xStock),MSTRX,microstrategy-tokenized-stock-xstock,99.40803260952454,-0.36560619,-2.49218923,2.0234611,75588033.00789092,5404973.65393363,760381.5408439,760381.5408439,,2026-07-23,75625121.37,7.1468
280,lisUSD,lisUSD,lisusd,0.9979523156007911,-0.0324607,0.01188715,0.04549498,74950434.76212019,2781.52635824,75104224.51096597,75104224.51096597,,2026-07-23,74950666.78,0.0037
281,Zeebu,ZBU,zeebu,0.4143971515996,0.03354856,-0.16268921,1.17360151,74404829.93644468,0.0,179549568.932212,271574623.461212,,2026-07-23,112516522.24,
282,RaveDAO,RAVE,ravedao,0.2944806914452247,0.07550464,3.2791087,0.02169493,74350648.41287409,5736401.90599311,252480555.0,1000000000.0,1000000000.0,2026-07-23,294122978.25,7.7335
283,The Black Bull,ANSEM,the-black-bull,0.17790116230425845,-3.39806672,-12.19668903,1.3317118,74197616.21619436,21503379.54950922,417072127.327064,999942519.502979,1000000000.0,2026-07-23,178436126.88,28.8307
284,NEXPACE,NXPC,maplestory-universe,0.25499415160742883,-1.39215508,4.48118239,-1.25276363,74148632.0935307,10240157.6517491,290785618.5175758,988350564.5175759,1000000000.0,2026-07-23,254094569.65,13.9098
285,Vanguard Total World Tokenised ETF (xStock),VTx,vanguard-total-world-tokenised-etf-xstock,154.83,0.0,0.0,-2.10546282,73733464.49067818,7.73809374,476222.07899424,476222.07899424,,2026-07-23,73733464.49,0.0
286,Walrus,WAL,walrus-xyz,0.02994386898963581,-0.35396795,-2.45391485,-3.88919237,73562104.82785326,3168949.41606828,2456666667.0,5000000000.0,5000000000.0,2026-07-23,149684851.33,4.306
287,Keeta,KTA,keeta,0.127464038542213,-0.27598344,8.01763367,2.9488113,73026955.38835631,1809162.27016469,572922027.4483266,1000000000.0,1000000000.0,2026-07-23,127551355.35,2.0741
288,Coca-Cola tokenized stock (xStock),KOX,coca-cola-tokenized-stock-xstock,85.10870980060047,-0.30968335,-0.07941831,0.31645997,72584313.42893775,78464.78047533,852842.36594579,852842.36594579,,2026-07-23,72628151.69,0.1081
289,Linde tokenized stock (xStock),LINX,linde-tokenized-stock-xstock,519.83,0.0,0.0,0.07122781,72594556.64609791,179.50977492,139650.57162168,139650.57162168,,2026-07-23,72594556.65,0.0002
290,Law Blocks (AI),LBT,law-blocks,0.2958613736818381,-0.00592206,0.20268754,0.18599683,72485441.27896649,734673.65134793,244997988.0,1000000000.0,,2026-07-23,295433483.59,1.0151
291,Comedian,BAN,comedian,0.07244108886178313,-0.19206467,-1.42231496,0.1291489,72438325.88621286,7384283.05576293,999961859.0,999961859.0,999961859.0,2026-07-23,72357265.85,10.1807
292,0x Protocol,ZRX,0x,0.08542962102319196,-0.13931226,0.65258954,-1.89206301,72478196.84569873,5037848.62278914,848396562.8973439,1000000000.0,1000000000.0,2026-07-23,85402864.42,6.9375
293,XPR Network,XPR,proton,0.002470098923444216,-0.33307275,-1.42391795,1.03862675,72308683.10094178,1444121.38771486,29273598079.269302,32316274306.5516,,2026-07-23,79945522.38,1.9982
294,Livepeer,LPT,livepeer,1.4484499299833526,-0.56429268,-1.08143366,-5.63979186,71971962.73973398,4915268.3414558,49688954.55058027,49688954.55058027,,2026-07-23,71982170.52,6.8347
295,Orca,ORCA,orca,1.1823721718799478,-0.45214291,-0.64211452,-1.28477422,71886787.71411109,10110567.45884623,60798781.825026,74999550.162165,,2026-07-23,88702186.26,14.0787
296,Banana For Scale,BANANAS31,banana-for-scale,0.007096716253562865,-0.02772448,-1.76990499,-3.35903144,70967162.53562865,4301307.40327407,10000000000.0,10000000000.0,10000000000.0,2026-07-23,70813735.06,6.0763
297,Huma Finance,HUMA,huma-finance,0.021781216802859524,0.67239188,-0.15754192,-0.78856573,71025149.47086716,6345684.40895963,3260843970.0,9999996010.090069,10000000000.0,2026-07-23,217354145.35,8.958
298,Sonic,S,sonic,0.024428903134948162,-0.37732754,0.07441045,-4.22376236,70355241.0286507,5149265.79918163,2880000000.0,3222625000.0,,2026-07-23,78648573.02,7.3268
299,Numeraire,NMR,numeraire,9.389271695894541,0.0247642,-0.22337482,-8.36907201,70299217.3161495,4780802.85120694,7487185.33162565,10628390.48251894,11000000.0,2026-07-23,103391109.64,6.7841
300,USDsui,USDsui,usdsui,1.000426260572132,-0.06370616,-0.19260472,0.03758075,69775100.83180143,6370204.35512706,69745371.13,69745371.13,,2026-07-23,69769773.11,9.1579
301,Plume,PLUME,plume,0.011226576848367862,0.26827522,-2.07476261,9.49625159,69401686.988646,9152947.88416364,6181909938.0,10000000000.0,10000000000.0,2026-07-23,112241503.17,13.1427
302,GMX,GMX,gmx,6.60653867272819,-0.28892415,2.92056125,9.35059213,68959298.92975043,5125010.02934291,10438037.57850001,10438037.57850001,13250000.0,2026-07-23,87561386.33,7.3071
303,FTX Token,FTT,ftx-token,0.20955712233970933,-0.11469173,1.27149114,-0.36913929,68922311.50671561,1686490.25667605,328895103.813207,328895103.813207,352170015.0,2026-07-23,73870672.0,2.4477
304,Palantir tokenized stock (xStock),PLTRX,palantir-tokenized-stock-xstock,125.76584667906815,-1.55e-05,-3.49489536,-5.69044198,68664745.25764398,1131.1671168,545972.90974285,545972.90974285,,2026-07-23,68664745.26,0.0016
305,Stronghold SHx,SHX,stronghold-token,0.003899768981129773,0.23914904,-4.38585536,4.6950349,68630770.74780658,406281.99312569,17598675993.346684,99756866344.0,99756866344.0,2026-07-23,388035312.08,0.5928
306,iShares Core S&P 500 Tokenized ETF (Ondo),IVVon,ishares-core-sp-500-tokenized-etf-ondo,751.6251548028304,-0.06005055,0.29144207,-1.2250312,67662669.42313585,1103684.83695544,90021.82669217,90021.82669217,,2026-07-23,67638750.26,1.6316
307,Gas,GAS,gas,1.0380863330621064,-0.3320092,-0.47629318,-1.97404105,67467650.56494866,2404639.06778198,64992331.0,64992331.0,,2026-07-23,67485189.94,3.5677
308,MindWaveDAO,NILA,mindwavedao,0.07832651835935421,0.08213393,-0.03705555,-0.72994202,66010940.40018633,294911.70413441,842766176.55,1057021569.0,1057021569.0,2026-07-23,82809546.48,0.4454
309,Chevron tokenized stock (xStock),CVXX,chevron-tokenized-stock-xstock,188.89159823066967,-0.00501402,-1.07220906,4.09044251,65641523.92731859,2535.1766244,347508.96568284,347508.96568284,,2026-07-23,65641523.93,0.0039
310,Safe,SAFE,safe1,0.08616875049490003,0.03284137,1.77252779,-15.49632614,65422723.263641424,3508697.32326482,759239549.0,1000000000.0,1000000000.0,2026-07-23,86173848.58,5.3551
311,Mastercard tokenized stock (xStock),MAX,mastercard-tokenized-stock-xstock,533.0064405695074,0.05914508,-0.03777762,-0.87574534,65026498.0282806,23102.6245833,121999.46019189,121999.46019189,,2026-07-23,64996413.18,0.0358
312,River,RIVER,river,3.315156242037076,-0.2717598,-0.28499366,0.11177317,64977062.34392669,3798829.91732794,19600000.0,100000000.0,100000000.0,2026-07-23,331192121.61,5.857
313,Qubic,QUBIC,qubic,4.5291762894895825e-07,-0.12890862,-2.34294154,-1.6882944,63634097.42837075,911418.30692915,140498168675925.0,174422843693978.0,200000000000000.0,2026-07-23,90448851.41,1.432
314,Core MSCI Emerging Markets Tokenised ETF (xStock),IEMGx,core-msci-emerging-markets-tokenised-etf-xstock,78.71,0.0,-0.1902105,0.52362708,63404156.95827632,19.91559775,805541.31569402,805541.31569402,,2026-07-23,63404156.96,0.0
315,AIOZ Network,AIOZ,aioz-network,0.049832801889898734,0.12070668,-1.2652067,-2.66593361,63153019.05764411,2643897.95650958,1267298178.3600137,1267298178.3600137,,2026-07-23,63078117.95,4.1872
316,AI Rig Complex,ARC,ai-rig-complex,0.0629506554853316,-0.44401032,-4.36626794,-17.24463026,62949570.202655904,3111354.21825028,999982759.78753,999982759.78753,999998319.0,2026-07-23,62895728.03,4.9521
317,Fidelity Digital Dollar,FIDD,fidelity-digital-dollar,0.9993052241400855,-0.03548018,-0.04182529,-0.00630212,62557566.29470694,2610446.32791929,62601060.0,62601060.0,,2026-07-23,62558679.9,4.1679
318,Dog (Bitcoin),DOG,dog-go-to-the-moon-rune,0.0006240886165536991,-0.16862472,0.33893274,1.46040038,62408861.65536991,1247575.26505427,100000000000.0,100000000000.0,100000000000.0,2026-07-23,62443739.62,1.9967
319,ChainOpera AI,COAI,chainopera-ai,0.33259251867257345,2.81768054,-3.4723478,5.62277103,62527426.104510635,4407280.77167221,188000098.0,1000000000.0,1000000000.0,2026-07-23,329982873.17,7.2569
320,Ravencoin,RVN,ravencoin,0.0038081013140296486,-0.38311334,-1.415411,-1.99301236,62323026.3971579,2739182.07292698,16365905541.312674,16365905541.312674,21000000000.0,2026-07-23,79914588.31,4.4005
321,Velo,VELO,velo,0.0035434451677657636,0.28943141,-4.80014875,11.50737965,62236631.94693326,2325407.52544845,17563876115.0,23999804349.0,24000000000.0,2026-07-23,85065069.59,3.7247
322,Visa tokenized stock (xStock),VX,visa-tokenized-stock-xstock,356.6732383553463,0.0,2.21053652,0.56269888,61424140.60677107,121.71697464,172214.04355988,172214.04355988,,2026-07-23,61424140.61,0.0002
323,Goldman Sachs tokenized stock (xStock),GSX,goldman-sachs-tokenized-stock-xstock,1085.25,0.0,0.17630661,-9.41681204,61228358.524255335,29.2691925,56418.66714974,56418.66714974,,2026-07-23,61228358.52,0.0
324,Collector Crypt,CARDS,collector-crypt,0.14664096089910084,0.10774506,1.25297733,-6.30958392,60984109.48216288,7794598.00885201,415873635.226137,1999705581.497902,2000000000.0,2026-07-23,292841132.03,12.7294
325,Billions Network,BILL,billions-network,0.02507331881116462,-1.6534925,-2.73635049,-21.82026052,60882893.429910615,75598231.92416306,2428194444.0,10000000000.0,10000000000.0,2026-07-23,250824887.86,124.2855
326,Useless Coin,USELESS,theuselesscoin,0.06095753592328183,0.0015417,-5.18907451,-25.79881289,60901734.56263674,5985557.4173283,999084586.346874,999084586.346874,1000000000.0,2026-07-23,60963170.35,9.8235
327,Pfizer tokenized stock (xStock),PFEX,pfizer-tokenized-stock-xstock,24.899999999999995,0.0,1.96560197,0.64672595,60688795.29925705,812.86548,2437301.01603442,2437301.01603442,,2026-07-23,60688795.3,0.0013
328,USD.AI,CHIP,usd-ai,0.030216428818476256,-1.08946155,-1.03448008,-3.24590811,60432857.63695251,8677095.6211162,2000000000.0,10000000000.0,10000000000.0,2026-07-23,302069188.35,14.0599
329,Holo,HOT,holo,0.0003419666276263046,-0.44779556,-1.14642072,-5.4630037,60408478.99448721,2739257.5624015,176650217051.2983,177619433541.14133,,2026-07-23,60801405.22,4.5228
330,Venus BUSD,vBUSD,venus-busd,0.02230762101224549,0.020002,-0.019994,0.0,60113918.35975066,0.0,2694770470.0,2694770470.0,,2026-07-23,60113918.36,
331,DigiByte,DGB,digibyte,0.0032596417474689975,-1.91923582,4.5123536,18.78203224,59955266.4726139,3847013.92375169,18393207326.89939,18393207326.89939,21000000000.0,2026-07-23,68908580.75,6.3883
332,Bio Protocol,BIO,bio,0.02665514748878719,-0.29730136,-2.40015185,-4.48342326,59914688.082734965,20129273.50495496,2247771771.21,3311032461.939598,3320000000.0,2026-07-23,88794476.87,33.9638
333,Mina,MINA,mina,0.04608685023172576,-0.17150499,-1.56034495,3.3209896,59325270.90043581,2659935.87896909,1287249412.8400393,1287249412.8400393,,2026-07-23,59255717.82,4.4896
334,Kusama,KSM,kusama,3.188390124902313,-0.1769694,-1.86210809,-4.20695329,59164257.48878257,2898160.98288282,18556153.78641761,18556153.78641761,,2026-07-23,59197732.31,4.8929
335,Playnance,GCOIN,playnance,0.002349032386521675,0.06341398,0.87305969,3.29226665,58786884.505091436,631998.6338473,25026000000.0,77000000000.0,77000000000.0,2026-07-23,180965535.31,1.0784
336,XPIN Network,XPIN,xpin-network,0.0014716086607989732,-0.27782969,-1.41145343,-11.91699659,58501689.17715245,3729157.11383813,39753564066.0,100000000000.0,100000000000.0,2026-07-23,147956771.15,6.3453
337,Quantix Finance,QFI,quantix-finance,58.62424575461738,0.06273296,-0.39960861,-7.16278579,58624245.75461738,3099307.73891139,1000000.0,10000000.0,10000000.0,2026-07-23,585809619.96,5.3027
338,Procter & Gamble tokenized stock (xStock),PGX,procter-gamble-tokenized-stock-xstock,152.71278680401093,0.03782505,1.31956899,1.43948621,58580386.52162303,42256.67405128,383598.43826833,383598.43826833,,2026-07-23,58578892.08,0.072
339,Theta Fuel,TFUEL,theta-fuel,0.007892638179596968,0.24007713,-2.33581217,-1.85138152,58466081.89725733,1548790.47531153,7407672893.0,7407672893.0,,2026-07-23,58366622.01,2.6546
340,AbbVie tokenized stock (xStock),ABBVX,abbvie-tokenized-stock-xstock,252.8401348202463,0.00576614,1.9232351,2.41005125,57979528.530378796,96632.09154736,229312.99483604,229312.99483604,,2026-07-23,58006478.35,0.1666
341,ZIGChain,ZIG,zigcoin,0.0409335602270697,-0.25752205,-2.03480718,-5.32344449,57672962.89831776,3220787.95143421,1408940795.2396517,2000000000.0,1953940796.0,2026-07-23,79994593.27,5.5935
342,Broadcom tokenized stock (xStock),AVGOX,broadcom-tokenized-stock-xstock,396.8912459366459,-1.0150355,3.11230045,0.31237688,57614660.36109154,302829.40686605,145164.85548862,145164.85548862,,2026-07-23,57598478.71,0.5262
343,Schwab International Equity Tokenised ETF (xStock),SCHFx,schwab-international-equity-tokenised-etf-xstock,27.49,0.0,-0.75812274,-0.14529604,57474207.44623809,63.73735185,2090731.44584351,2090731.44584351,,2026-07-23,57474207.45,0.0001
344,Turbo,TURBO,turbo,0.0008169386259595227,-0.52764172,-1.12379312,-5.14517648,56368765.18303768,6303472.42667028,68999999990.0,68999999990.0,69000000000.0,2026-07-23,56377664.8,11.1766
345,Berachain,BERA,berachain,0.18765726948606948,-0.2746528,-1.49313037,-1.38460694,56333059.975415856,20408671.71006151,300191194.9891058,552548139.4335501,,2026-07-23,104891266.17,36.0141
346,Jelly-My-Jelly,JELLYJELLY,jelly-my-jelly,0.05606874211725859,-0.09290444,2.77070491,5.64176807,56068691.59932194,4455122.09507013,999999099.0,999999099.0,,2026-07-23,56146238.09,7.92
347,Wormhole,W,wormhole,0.00905955025674803,-0.54110224,-1.53547631,-5.20971773,55981513.81839833,58422770.68679805,6179281778.0,10000000000.0,10000000000.0,2026-07-23,90518652.86,105.1729
348,Vanguard tokenized ETF (xStock),VTIX,vanguard-tokenized-etf-xstock,374.3658689313479,0.07467558,-0.13233384,-0.51004088,55583917.98181464,78649.73414679,148474.85466686,148474.85466686,,2026-07-23,55587007.25,0.1416
349,io.net,IO,io-net,0.15177137982379058,-0.07874347,0.08997577,-5.34915404,55475999.33278044,15586696.34187207,365523456.380176,800000000.0,800000000.0,2026-07-23,121388072.69,28.0588
350,SuperVerse,SUPER,superverse,0.08660025677509384,-0.1731183,0.18342814,0.12411311,55438247.8255235,3166478.98549432,640162626.4169173,999998077.4169173,999998077.417,2026-07-23,86596492.79,5.7199
351,Pharos,PROS,pharos,0.407366854416032,-0.27179913,21.27535719,4.63881238,55238945.458813936,12888435.10344006,135600000.0,1000000000.0,,2026-07-23,408170867.32,23.4553
352,Enjin Coin,ENJ,enjin-coin,0.02783015795324371,-0.51375198,-1.97291727,-1.98681448,55239964.630885,2788407.95677572,1984895835.7940822,2007983232.7068927,,2026-07-23,55894025.4,5.0242
353,"SpaceX 
Pre-IPO stock (Republic)",preSPCX,spacex-pre-ipo-stock-republic,116.0353211754668,-0.2080166,-7.05090044,-14.14169863,55087768.72805286,0.0,474750.0,474750.0,,2026-07-23,55006832.98,
354,Exxon Mobil tokenized stock (xStock),XOMX,exxon-mobil-tokenized-stock-xstock,154.52719881118742,-0.0108861,1.95686278,6.87300177,54781116.19843292,2744.32060825,354507.9223585,354507.9223585,,2026-07-23,54781116.2,0.005
355,Magma Finance,MAGMA,magma-finance,0.29045886100748164,1.29884378,-3.30753141,-7.87261113,55187183.591421515,2109840.78595568,190000000.0,1000000000.0,1000000000.0,2026-07-23,293279661.15,3.8263
356,iShares MSCI United Kingdom tokenized ETF (xStock),EWUx,ishares-msci-united-kingdom-tokenized-etf-xstock,46.62,0.0,0.0,0.0,54646038.611370146,0.0,1172158.70037259,1172158.70037259,,2026-07-23,54646038.61,
357,Baby Doge Coin,BabyDoge,baby-doge-coin,3.043555821509167e-10,-0.18714838,-0.13046487,-2.45474889,54536266.47663382,2847321.49837011,1.7918602343751872e+17,2.026150676904291e+17,,2026-07-23,61661565.08,5.2269
358,Linea,LINEA,linea,0.0024378164874074627,-0.7657939,-1.78896994,-2.49437091,54247834.66802978,9560935.09703468,22252632611.292477,69666912275.82079,72009990000.0,2026-07-23,175502661.31,17.6287
359,Dohrnii,DHN,dohrnii,3.1722107978108522,-0.30635969,-0.10827171,-5.53950433,54165632.60547381,362820.99084844,17075042.0,372000000.0,372000000.0,2026-07-23,1182139457.03,0.6687
360,Diem,DIEM,venice-ai,1386.6272203603157,0.14940925,-1.4594963,13.22081268,53269125.33697779,576024.02284687,38416.32744173,37172.4644309,,2026-07-23,51403959.41,1.0022
361,AstraZeneca tokenized stock (xStock),AZNX,astrazeneca-tokenized-stock-xstock,94.1483065682945,0.7905354,-0.2874685,0.91791253,53304574.00583274,814854.49706974,566176.66263775,566176.66263775,,2026-07-23,53339639.85,1.5343
362,Ton Strategy tokenized stock (xStock),TONXX,ton-strategy-tokenized-stock-xstock,3.42,0.0,-5.0,-1.72413793,53208893.30712897,2412.56854458,15558155.93775701,15558155.93775701,0.0,2026-07-23,53208893.31,0.0045
363,SK hynix tokenized stock (xStock),SKHYx,sk-hynix-tokenized-stock-xstock,166.7457953886293,-2.05205798,-2.52034572,-1.40385798,53053226.77330591,5861205.7343898,318168.30313266,318168.30313266,,2026-07-23,53422671.05,10.9789
364,Circle Internet Group Tokenized bStocks,CRCLB,circle-internet-group-tokenized-bstocks,66.52667339221048,-0.14892036,-5.80093979,1.88388149,52859807.14223857,10177681.51921343,794565.6147663,794565.6147663,,2026-07-23,52912354.74,19.2344
365,Spark,SPK,spark,0.017447517843938748,0.30255317,-0.04903585,-0.11483883,52627239.68334346,7880505.11378767,3016316713.5906453,10000000000.0,10000000000.0,2026-07-23,174533835.46,14.9472
366,ZetaChain,ZETA,zetachain,0.034163497346404295,-0.0033373,-0.22754765,-0.28388454,51580475.33731803,3583311.64322372,1509812500.0,2100000000.0,2100000000.0,2026-07-23,71760423.3,6.9487
367,Nano,XNO,nano,0.3870983387890471,0.08369628,3.53732128,17.69799753,51580194.41516957,2150535.82385175,133248297.0,133248297.0,133248297.0,2026-07-23,52308647.75,4.1286
368,aPriori,APR,apriori,0.20817060628494433,0.28553149,-2.55144111,-3.42505415,51392118.42659563,3390028.53893534,246875000.0,1000000000.0,1000000000.0,2026-07-23,207820051.73,6.6035
369,iShares Semiconductor tokenized ETF (xStock),SOXXx,ishares-semiconductor-tokenized-etf-xstock,552.5650042807677,-1.37474293,5.85942072,-4.00357807,51178918.16600818,0.0,92620.62883013,92620.62883013,,2026-07-23,51198288.51,
370,Honeywell tokenized stock (xStock),HONX,honeywell-tokenized-stock-xstock,233.94462749618324,-0.09596673,3.03465377,5.68614594,51257936.02617351,468730.52793747,219102.85598249,219102.85598249,,2026-07-23,51298340.55,0.9139
371,UnitedHealth tokenized stock (xStock),UNHX,unitedhealth-tokenized-stock-xstock,440.74491222081656,-0.06011484,-0.57448544,2.9120417,51105717.10053916,82832.81210685,115953.05058209,115953.05058209,,2026-07-23,51101199.86,0.1622
372,Babylon,BABY,babylon,0.012692431690335803,0.12276783,-2.09047856,-4.69675529,50994435.67867873,5781682.78169604,4017704165.98,10888589168.0,,2026-07-23,138155074.33,11.2972
373,GoPlus Security,GPS,goplus-security,0.009128885078102113,-0.75751993,-0.51729732,-6.81174162,50760021.57242108,4080678.9839715,5560374693.968,9822841360.54709,10000000000.0,2026-07-23,91160576.83,8.0622
374,Home Depot tokenized stock (xStock),HDX,home-depot-tokenized-stock-xstock,337.67266859728676,0.00627988,0.21948881,-2.30619103,50754461.696695216,25901.92083053,150306.69170689,150306.69170689,,2026-07-23,50753905.74,0.051
375,Berkshire Hathaway tokenized stock (xStock),BRK.BX,berkshire-hathaway-tokenized-stock-xstock,490.96251490006154,0.0,-0.03555343,-0.3466142,50533955.16307489,29.15906812,102928.33694923,102928.33694923,,2026-07-23,50533955.16,0.0001
376,OpenLedger,OPEN,openledger,0.16344205883037402,0.48567148,1.83231409,8.36290137,50598542.93940131,6017869.78272191,309580920.0,1000000000.0,1000000000.0,2026-07-23,163576959.07,11.8884
377,Axelar,AXL,axelar,0.041547039385963394,-0.54229845,0.02750527,-1.42792321,50198824.03860956,3137299.4783361,1208240702.117734,1248418662.418898,,2026-07-23,51893692.49,6.2452
378,Zilliqa,ZIL,zilliqa,0.002503704210084588,1.70731602,-0.10995467,-16.94595113,50282325.641290165,16966356.65439291,20083173339.230583,20525128750.77392,21000000000.0,2026-07-23,52673769.2,33.8041
379,aelf,ELF,aelf,0.06085184188506734,-0.15077172,-0.6745643,-2.3280995,50045718.0947206,899351.55223931,822419117.3907837,996445510.9815936,,2026-07-23,61513579.23,1.7693
380,Xphere,XP,xphere,0.017423850921765086,5.73272878,8.89473222,-0.82503157,49813426.27851738,616585.90120391,2858921744.807441,2858921744.807441,5500000000.0,2026-07-23,95585778.4,1.2409
381,AIHub,AIH,aihub,42.46677828084432,0.07130694,-5.55349419,-15.31920861,49686130.58858786,0.0,1170000.0,100000000.0,100000000.0,2026-07-23,4247772780.2,
382,Cash Cat,CASHCAT,cash-cat,0.049535084214558815,-1.51376249,-20.43840525,-45.24289521,49535084.21455882,20987429.61498236,1000000000.0,1000000000.0,1000000000.0,2026-07-23,48931665.25,42.7319
383,Kava,KAVA,kava,0.04557501338319066,0.03409187,1.27036239,-0.27765707,49350766.92712298,7574516.04656153,1082847009.0,1082847009.0,,2026-07-23,49370703.73,15.3393
384,Global X Copper Miners Tokenised ETF (xStock),COPXx,global-x-copper-miners-tokenised-etf-xstock,80.69,0.0,3.3162612,3.01289417,49105987.327334516,2543.39729469,608575.87467263,608575.87467263,,2026-07-23,49105987.33,0.0052
385,KUB Coin,KUB,bitkub-coin,0.7112490425561158,-0.05714651,-0.93310764,-0.72175819,49058243.390522555,163006.69130302,68974776.0,110000000.0,110000000.0,2026-07-23,78087203.62,0.3338
386,Gamestop tokenized stock (xStock),GMEX,gamestop-tokenized-stock-xstock,21.677344590213696,0.0,0.17257204,-2.17804788,48955014.62313254,69.24875607,2258349.23735232,2258349.23735232,,2026-07-23,48955014.62,0.0001
387,MegaETH,MEGA,megaeth,0.04322972856300715,-2.42614446,-1.36215744,-12.29267644,48840635.55768308,10744942.0538411,1129792788.0,10000000000.0,10000000000.0,2026-07-23,432532881.0,21.9854
388,SushiSwap,SUSHI,sushiswap,0.16950336648217273,-0.42519976,1.00784177,0.61643443,48619504.236709625,5624311.4404203,286835036.0570751,291514753.90092283,,2026-07-23,49447068.33,11.5337
389,Non-Playable Coin,NPC,non-playable-coin,0.00638249780871239,-0.15396845,-1.9100783,-8.05656981,48523204.28237522,2184674.18409284,7602541471.481418,8050126520.0,8050126520.0,2026-07-23,51380488.92,4.479
390,Holoworld AI,HOLO,holoworld-ai,0.0663272378668042,1.13355258,2.61920481,-9.45317197,48173369.74273666,7696429.7873696,726298445.285428,2047999951.7718463,2048000000.0,2026-07-23,136061972.01,15.868
391,Cysic,CYS,cysic,0.29929649135173114,-0.77117864,-2.43314147,-4.83435613,48126875.809358366,3564915.55116647,160800000.0,1000000000.0,1000000000.0,2026-07-23,299213708.94,7.3912
392,Concordium,CCD,concordium,0.0038014532697221103,-0.05575087,-5.18214779,7.44950674,48098575.62772759,124528.48398915,12652681018.289522,14571255622.23659,,2026-07-23,55380363.87,0.2592
393,Micron Technology Tokenized Stock (Ondo),MUon,micron-technology-tokenized-stock-ondo,967.8590285983105,-1.63402183,-0.85370696,7.61978558,47190271.37917637,4937752.43298237,48757.38096644,48757.38096644,,2026-07-23,47239000.18,10.2381
394,Janction,JCT,janction,0.004101944817941151,-1.31340737,1.00973793,-4.83092995,47146471.87965998,3831909.3885497,11493687500.0,50000000000.0,50000000000.0,2026-07-23,204756922.81,8.151
395,Targon,SN4,targon,10.637478988579709,-0.42333753,-3.48421121,-0.46677699,46960767.89189139,725983.45884482,4414652.0,4414652.0,21000000.0,2026-07-23,223538807.84,1.5419
396,LAB,LAB,lab,0.1502787903354236,-0.97731527,2.28112267,-35.81687211,46901287.02158903,69948957.48115729,312095186.0,990000000.0,1000000000.0,2026-07-23,150916458.87,148.1891
397,SPACE ID,ID,space-id,0.031522222595328796,-1.77850654,0.02331992,-9.23340163,46679423.99223815,6322629.50929499,1480841772.8499722,1994841761.516639,2000000000.0,2026-07-23,62982727.71,13.5788
398,Russell 2000 Tokenised ETF (xStock),IWMx,russell-2000-tokenised-etf-xstock,294.1545473392578,0.45050293,-0.76531773,5.84906345,46567565.79088503,500.26985096,158309.86198278,158309.86198278,,2026-07-23,46564722.21,0.0011
399,Unitas,UP,unitas,0.31856687062500044,0.95631044,-1.35439297,-2.3438366,46510763.111250065,77016921.53169711,146000000.0,999999961.340917,1000000000.0,2026-07-23,318411367.29,166.527
400,TQQQ tokenized ETF (xStock),TQQQX,tqqq-tokenized-stock-xstock,70.83903343343982,-0.23306318,-1.153531,-5.6332095,46489232.577351674,80756.99077509,656265.76654286,656265.76654286,,2026-07-23,46324202.24,0.1784
401,Matrixdock Gold,XAUM,matrixdock-gold,4117.415400266685,-0.14544221,-0.10142053,2.20911325,46478494.44676217,455402.85439812,11288.26944295,11288.26944295,,2026-07-23,46586312.62,0.9792
402,Toshi,TOSHI,toshithecat,0.00011012437508061264,-0.52028216,-1.19398541,-3.01250932,46325558.268881984,9942879.77557977,420665799328.9043,420690000000.0,420690000000.0,2026-07-23,46346785.72,21.3717
403,RedStone,RED,redstone,0.10119191675408425,0.07785983,-0.04842136,-6.33092615,46269472.273474395,2496257.15877169,457244746.0,1000000000.0,1000000000.0,2026-07-23,101094464.64,5.3872
404,Loaded Lions,LION,loaded-lions,0.0014875196711020516,-0.4405488,-0.88601843,1.2146671,45882872.52990892,14920.63976974,30845220686.0,100000000000.0,100000000000.0,2026-07-23,148807890.85,0.031
405,Venus,XVS,venus,2.78661423095252,0.0643834,-0.80198438,0.39046268,45619183.96678194,1015695.1584236,16370828.60629345,30000000.0,,2026-07-23,83570031.46,2.2021
406,peaq,PEAQ,peaq,0.01906857383860262,-1.9885194,4.23274538,3.54418972,45677483.47497709,3550514.08936559,2395432603.4864297,4426880597.014653,5667620228.64,2026-07-23,107678920.5,7.8085
406,Brett (Based),BRETT,based-brett,0.004559345084828379,-0.16127133,-9.0110671,-13.71882038,45593439.65382932,15195781.87530594,9999997544.723145,9999997544.723145,9999997544.723145,2026-07-23,45647199.27,33.2211
408,Astar,ASTR,astar,0.005207178632672436,-0.07265695,0.22156669,1.4094419,45459132.71987742,1338612.69423588,8730088965.0,8730867169.0,10000000000.0,2026-07-23,52136843.98,2.9763
409,Nervos Network,CKB,nervos-network,0.0009227042804834235,-0.41014175,0.64994117,1.26704514,45382933.97538117,2187219.28727511,49184700814.00742,50017433978.16053,,2026-07-23,46220141.22,4.8411
410,lium,SN51,celium,11.83684199886308,-0.38956689,-3.27920601,8.19067371,45211741.288333446,286025.57834077,3819578.0,3819578.0,21000000.0,2026-07-23,248738446.03,0.6123
411,Lombard,BARD,lombard,0.13133807829539138,2.52343489,4.34560666,6.00195277,45065378.115106165,4468107.23020878,343125000.0,1000000000.0,1000000000.0,2026-07-23,130560246.74,10.1328
412,VanEck Semiconductor tokenized ETF (xStock),SMHx,vaneck-semiconductor-tokenized-etf-xstock,584.72,0.0,3.0162086,3.0162086,44875690.16136161,639.92224576,76747.31523013,76747.31523013,,2026-07-23,44875690.16,0.0014
413,ECOMI,OMI,ecomi-new,0.0001587706455320174,-0.09672592,-0.06335409,-3.79565681,44862278.68534379,810899.21814988,282560283955.61914,305278604837.5089,,2026-07-23,48471602.1,1.8103
414,Creditcoin,CTC,creditcoin,0.080490705531331,-0.64758776,-3.19883099,-2.06527435,44234815.34416665,2495096.20343798,549564264.0,549564264.0,600000000.0,2026-07-23,48723708.36,5.5746
415,Movement,MOVE,movement,0.010638953610868569,-0.12735041,-1.64152645,-3.21086555,44328973.38216536,7857246.68625241,4166666667.0,10000000000.0,10000000000.0,2026-07-23,106265796.93,17.6902
415,Blur,BLUR,blur-token,0.015549948619641176,-0.41538038,-0.97408113,-6.31635557,44300705.02724482,45574792.13061456,2848929350.884703,3000000000.0,,2026-07-23,46593631.5,103.1082
417,iShares MSCI South Korea tokenized ETF (xStock),EWYx,ishares-msci-south-korea-tokenized-etf-xstock,172.46445171281795,-1.6087503,-1.22800667,10.03065346,43988684.202114575,292243.11498223,255059.42682822,255059.42682822,,2026-07-23,44395742.88,0.6583
417,Pirate Chain,ARRR,pirate-chain,0.22405070573030356,-1.22705111,1.73788259,4.81221881,43961839.90932493,81768.7083015,196213797.97055,196213797.97055,,2026-07-23,44199128.74,0.1856
419,FUNToken,FUN,funtoken,0.004047048960040861,0.84346514,-9.49899366,18.39972737,43733227.18361156,9288330.56345382,10806201658.398026,10806201658.398026,,2026-07-23,44035685.61,21.027
420,VVS Finance,VVS,vvs-finance,9.997246008462808e-07,-0.0787247,-1.44591819,3.34240157,43538337.34814219,4135.01781827,43550331072463.74,95109375559623.39,100000000000000.0,2026-07-23,99972642.07,0.0095
421,EscoinToken,ELG,escointoken,0.2770129616549808,-0.12338105,-3.70504639,-0.03206449,43529054.72349578,249314.11027405,157137248.97,225000000.0,370000000.0,2026-07-23,102475579.25,0.5746
422,Celo,CELO,celo,0.0716087106466983,-0.02943035,0.9000657,4.12116431,43234756.20423985,4495535.13761435,603763925.0,1000000000.0,1000000000.0,2026-07-23,71566115.49,10.3837
423,Bedrock,BR,bedrock-dao,0.14324294845293914,-2.27740203,-7.83672285,-2.24955389,43211622.68780801,9590035.86012456,301666666.0,1000000000.0,1000000000.0,2026-07-23,143458419.62,22.1392
424,Flow,FLOW,flow,0.025749524520419103,-0.05780653,-0.25957204,-2.8826071,43196641.085345596,2657789.73622086,1677570436.3430521,1677570436.3430521,,2026-07-23,43199065.4,6.1077
425,Oasis,ROSE,oasis-network,0.005446754204816313,-0.01514004,-1.16779044,-5.05375656,43178296.884914145,1134546.26904125,7927344481.0,10000000000.0,10000000000.0,2026-07-23,54411992.47,2.6318
426,iShares Bitcoin Trust Tokenized Stock (Ondo),IBITon,ishares-bitcoin-trust-tokenized-stock-ondo,37.23181342844353,-0.0331329,-0.72845389,1.81463804,43026390.11998202,231242.38609295,1155635.09155081,1155635.09155081,,2026-07-23,43037623.6,0.5375
427,Popcat (SOL),POPCAT,popcat-sol,0.043890830394731094,-0.3911727,-1.86668993,-3.19639743,43010216.24814034,10070886.6672553,979936261.4315798,979936261.4315798,979973220.96,2026-07-23,43068876.26,23.6384
428,XYO,XYO,xyo,0.0030801863715405834,-0.12065607,1.10887994,-0.63811432,42716068.326934285,4268636.36464948,13868014196.027187,13930752875.47967,13931216938.0,2026-07-23,42947854.45,9.9563
429,Alchemy Pay,ACH,alchemy-pay,0.004262633769024179,-0.29916865,-2.1045427,-4.88291223,42626337.69024174,4085443.34344797,9999999999.999989,15346246087.999989,15346246087.999989,2026-07-23,65429182.52,9.6092
430,Impossible Cloud Network,ICNT,impossible-cloud-network,0.16834813838439971,-1.47448601,-5.49440366,6.60930958,42593110.81699328,2801642.03416075,253006129.0,700000000.0,700000000.0,2026-07-23,117768422.55,6.5849
431,Synapse,SYN,synapse-2,0.1804033858931423,-1.81595932,-8.82595359,-27.31562024,42504337.70586926,14189827.26016753,235607206.01466817,249538477.56923795,250000000.0,2026-07-23,44973109.25,33.0591
432,Ontology,ONT,ontology,0.04245525981418548,0.00113185,-0.71135173,-5.54046607,42455259.81418548,2831692.88869621,1000000000.0,1000000000.0,1000000000.0,2026-07-23,42517826.52,6.6688
433,Paycoin,PCI,payprotocol,0.03959027633796462,0.36344737,3.74566383,4.00513635,42285820.557039104,1427552.80446936,1068086016.7800754,1900000000.0,1900000000.0,2026-07-23,75539134.86,3.4894
434,Seeker,SKR,solana-mobile-seeker,0.008536360331926904,-0.21716798,2.89642128,-4.33824976,42206171.75534009,4497756.69814068,4944281885.276618,10465086468.403553,,2026-07-23,89149802.25,10.6617
435,StorX Network,SRX,storx-network,0.05051776505830275,-0.09211721,-0.65306598,-2.92714426,42131816.05862449,2473495.37893331,834000000.0,977000000.0,1500000000.0,2026-07-23,75917552.76,5.8698
437,Altlayer,ALT,altlayer,0.006335424767133646,-0.14502028,-0.71009472,-3.04711944,42097070.54098046,2174232.32493532,6644711615.765356,10000000000.0,10000000000.0,2026-07-23,63323929.21,5.1656
437,REAL,ASSET,real-finance,0.27687275821855956,0.50921296,-1.03468032,9.9067204,42095022.31968842,7245811.35368601,152037429.0,1000000000.0,1000000000.0,2026-07-23,277760892.71,17.2331
438,Merck tokenized stock (xStock),MRKX,merck-tokenized-stock-xstock,128.89,0.0,4.20405853,4.77158186,42083477.52190337,240.4868287,326506.92467921,326506.92467921,,2026-07-23,42083477.52,0.0006
439,BitDCA,BDCA,bitdca,0.5128020783464518,0.02789837,-1.17344042,5.40815536,42038204.59015517,190736.71677327,81977445.8124445,142665333.0,142665333.0,2026-07-23,73136799.46,0.4544
440,NVIDIA Tokenized Stock (Ondo),NVDAon,nvidia-tokenized-stock-ondo,211.64944087272357,-0.64383108,2.6594585,0.08919306,41974246.15042853,30802950.34119367,198319.66471232,198319.66471232,,2026-07-23,41952561.21,72.7412
441,Frankencoin,ZCHF,frankencoin,1.2291477359281768,-0.01321582,-0.3087072,-1.03599159,41965141.907780394,63502.85433639,34141658.22474619,34141658.22474619,,2026-07-23,41965161.75,0.151
442,Ronin,RON,ronin,0.054187978048452566,-0.22092384,-1.84893812,-0.73520737,41854885.24974564,3467953.99424713,772401679.4337813,1000000000.0,1000000000.0,2026-07-23,54180205.99,8.2635
443,Johnson & Johnson tokenized stock (xStock),JNJX,johnson-johnson-tokenized-stock-xstock,251.91,0.0,1.12400145,1.5274867,41668163.03358675,30.99828123,165408.927925,165408.927925,,2026-07-23,41668163.03,0.0001
444,Tellor,TRB,tellor,14.887467212147607,-0.18787364,-0.9470795,-1.02602566,41649833.32126148,7899672.29825922,2797644.0,2876866.0,,2026-07-23,42861588.08,18.9531
445,SPDR S&P 500 Tokenized ETF (Ondo),SPYon,spdr-sp-500-tokenized-etf-ondo,752.6134397972836,-0.12820758,-0.04669683,-1.01566989,41618705.330627464,1778356.80707948,55298.9132666,55298.9132666,,2026-07-23,41609512.1,4.2697
446,SentismAI,SENTIS,sentismai,0.20127812231397052,-0.37062245,-0.06421512,11.17481137,41561695.85661788,3142900.49659126,206488889.0,1000000000.0,1000000000.0,2026-07-23,201161077.23,7.533
447,Peanut the Squirrel,PNUT,peanut-the-squirrel,0.04153605747361049,-0.42895836,-0.68493354,-4.02304039,41529483.77803393,6482197.16938685,999841735.206074,999841735.206074,,2026-07-23,41578816.06,15.6386
448,AppLovin tokenized stock (xStock),APPX,applovin-tokenized-stock-xstock,413.12,0.0,-1.56544116,-8.8900161,41493015.78527491,91.5184736,100438.16756699,100438.16756699,,2026-07-23,41493015.79,0.0002
449,Direxion Semiconductor Bull 3X tokenized ETF (xStock),SOXLx,direxion-semiconductor-bull-3x-tokenized-etf-xstock,158.34623163690532,-3.97245895,1.68268063,22.58444413,41450247.678618714,7911848.38279451,261769.71343193,261769.71343193,,2026-07-23,41631554.25,18.9835
450,Purr,PURR,purr,0.06945523990453131,-0.39708329,-3.93787579,-13.25780165,41349673.665583886,710099.86505896,595342752.0,595342752.0,1000000000.0,2026-07-23,69507068.62,1.7124
451,Philip Morris tokenized stock (xStock),PMX,philip-morris-tokenized-stock-xstock,195.60222364295842,2.23335235,5.69570073,8.55912484,41145581.579790056,134994.89697736,210353.34268436,210353.34268436,,2026-07-23,41156756.79,0.3291
452,Threshold,T,threshold,0.003668459450181728,-0.48719468,0.26241388,-8.64919949,40921665.16677718,6974927.3145741,11155000000.0,11155000000.0,11155000000.0,2026-07-23,40851461.79,17.0705
453,Bit Digital Tokenised Stock (xStock),BTBTx,bit-digital-tokenised-stock-xstock,1.55,0.0,0.0,-16.66666667,40884677.691113375,551.4344728,26377211.41362153,26377211.41362153,,2026-07-23,40884677.69,0.0013
454,TROLL (SOL),TROLL,troll-sol,0.040903855327863926,-0.98730277,-6.4694744,-12.45992663,40853573.5941512,2557167.81166834,998770733.631104,998770733.631104,1000000000.0,2026-07-23,40687091.7,6.3162
455,Aegis YUSD,YUSD,aegis-yusd,0.9990810210316053,0.0,0.0215375,0.01399887,40621866.089261085,23.41219425,40659231.0674832,40659231.0674832,,2026-07-23,40621866.09,0.0001
456,Aztec,AZTEC,aztec,0.01401863079155319,0.08836369,-0.65051053,-0.96503762,40368043.61990425,3061062.75993971,2879599600.0,10350000000.0,10350000000.0,2026-07-23,144702693.04,7.5482
458,Rocket Pool,RPL,rocket-pool,1.7807532248657796,0.09076781,-0.57336624,-6.9304593,40279920.67018749,8715179.54514008,22619597.20624597,22619597.20624597,,2026-07-23,40298947.87,21.707
458,Request,REQ,request,0.05057318798144991,0.11812759,0.50261977,-7.18287808,40291397.43375976,796599.03005205,796694830.6390833,999416740.9347085,,2026-07-23,50493276.34,1.9993
459,Eli Lilly tokenized stock (xStock),LLYX,eli-lilly-tokenized-stock-xstock,1166.403917093956,-0.36404503,-1.87012637,-0.1628086,40225854.62597817,109869.53657144,34487.07093354,34487.07093354,,2026-07-23,40210191.21,0.2744
460,ApeX Protocol,APEX,apex-token,0.27513676522564956,0.01188572,-1.53979508,-1.36078974,40208148.176718436,1007542.11542325,146138769.0,499999990.0,500000000.0,2026-07-23,137293311.18,2.5
461,Bank of America tokenized stock (xStock),BACX,bank-of-america-tokenized-stock-xstock,61.730000000000004,0.0,-1.05786184,0.53745928,40170428.330462955,78.61815513,650744.01960899,650744.01960899,,2026-07-23,40170428.33,0.0002
463,Mog Coin,MOG,mog-coin,1.0224613377735678e-07,-0.08403841,-1.29132553,-3.54112959,39934019.55678201,7961438.2807014,390567526433216.7,390567526433216.7,420690000000000.0,2026-07-23,43022468.98,19.974
463,ETHGas,GWEI,eth-gas,0.022811335824027834,1.01054935,-13.74404961,-45.90970462,39919837.692048706,13777086.09024007,1750000000.0,10000000000.0,10000000000.0,2026-07-23,227219458.69,34.5756
464,AKEDO,AKE,akedo,0.0017421595013926005,0.48155531,11.08999817,138.50633557,39714703.53362107,65963707.36764463,22796250000.0,100000000000.0,100000000000.0,2026-07-23,175008393.7,165.4254
465,0G,0G,zero-gravity,0.18510652888642792,-1.23976068,2.2833569,-2.25526997,39472856.27564438,12927430.79213759,213243998.0,1000000000.0,,2026-07-23,187427307.39,32.6527
466,Polymesh,POLYX,polymesh,0.03703776479529725,-1.24955651,-1.07971194,1.64845748,39518050.477967575,6801583.39777896,1066966397.577676,1300158476.033303,,2026-07-23,48299579.87,17.1576
467,StraitsX USD,XUSD,straitsx-xusd,1.0003899259324558,-0.00302457,0.01060497,0.01893354,39505133.63296106,6821382.88373685,39489735.561,39489735.561,,2026-07-23,39504366.76,17.269
468,CrowdStrike tokenized stock (xStock),CRWDX,crowdstrike-tokenized-stock-xstock,188.02429685366778,-0.06848782,-3.01060992,-8.91421148,39316948.2325019,48847.74995792,209105.67884267,209105.67884267,,2026-07-23,39283202.38,0.1246
469,JPMorgan Chase tokenized stock (xStock),JPMX,jpmorgan-chase-tokenized-stock-xstock,346.67,0.0,0.48697064,-0.17565077,39252039.21397321,417.39276002,113225.94748312,113225.94748312,,2026-07-23,39252039.21,0.0011
470,Nesa,NES,nesa,0.27527359707849847,0.68673111,14.32751189,14.1231313,38951213.98660754,866257547.616925,141500000.0,1000000000.0,,2026-07-23,276020199.76,2237.2228
471,Mask Network,MASK,mask-network,0.3880341669979771,-0.11321877,-0.37742369,-1.96510272,38803416.69979771,8181491.45881686,100000000.0,100000000.0,100000000.0,2026-07-23,38813745.61,21.3278
472,Amazon tokenized stock (xStock),AMZNX,amazon-tokenized-stock-xstock,242.48414487812676,0.02701235,-1.62970682,-4.98790947,38716045.38321699,9674498.20314295,159664.23455305,300884.71822879,,2026-07-23,72912932.25,25.1983
473,Eurite,EURI,eurite,1.1418469983223891,0.03121026,0.15894872,-0.34821829,38656147.07479515,3570329.38807269,33854051.48990108,33854051.48990108,,2026-07-23,38645456.34,9.2574
474,Espresso,ESP,espresso,0.07409255925436314,-0.12225376,5.1203001,2.82594908,38568881.719858736,13994410.88730901,520550000.0,3590000000.0,,2026-07-23,264673289.7,36.4855
475,Gemini Dollar,GUSD,gemini-dollar,0.9999320159714702,0.05953608,-0.00209088,0.00077385,38487545.42371896,709576.76283277,38490162.14,38490162.14,148548675.98,2026-07-23,148573558.63,1.8456
476,MetYa,MY,metya,0.03884787211302363,0.06777298,-0.64681525,3.88205602,38321225.261982225,51528.62769394,986443353.9754975,994243267.9861139,1000000000.0,2026-07-23,38833754.1,0.135
477,Fractal Bitcoin,FB,fractal-bitcoin,0.3565160117910772,-0.03064075,-3.71730389,0.43946098,38101258.32846625,1229548.66947225,106871099.9459796,154121075.0,210000000.0,2026-07-23,74892467.7,3.2139
478,Helium,HNT,helium,0.20408814051673316,-0.21414136,-1.71250965,-3.17753759,38025995.88022342,3231294.2498657,186321438.2959488,186321438.2959488,223000000.0,2026-07-23,45345099.58,8.5171
479,Amp,AMP,amp,0.0004227751014114715,-0.37186232,-0.8355664,-1.69649467,37957253.01903992,4779694.69588253,89781193103.18022,99720253743.71327,100000000000.0,2026-07-23,42331170.51,12.5946
480,BUSD,BUSD,binance-usd,1.0001353095652965,0.01433432,-0.00702337,0.00371843,37847381.70970578,1493702.37906971,37842261.28978082,37842261.28978082,,2026-07-23,37844357.73,3.9471
481,MultiBank Group,MBG,multibank-group,0.1146197381994624,-3.44352393,1.31344707,-8.49314884,37730700.47462499,3762683.63417326,329181527.25986564,977514798.0,1000000000.0,2026-07-23,116023926.98,9.8411
482,BIM,BIM,bim,1.2570216369126883,-0.27519445,-0.08687825,0.94291769,37710649.10738065,225665.63349138,30000000.0,30000000.0,30000000.0,2026-07-23,37711908.37,0.5985
483,Succinct,PROVE,succinct,0.1931782263384126,-0.33553387,-0.27706131,-3.71220012,37669754.135990456,5329420.83511379,195000000.0,1000000000.0,1000000000.0,2026-07-23,193130879.17,14.1738
484,Moo Deng (moodengsol.com),MOODENG,moo-deng-solana,0.037896744000010404,-0.59427088,-1.41270312,-2.78103781,37516707.53720125,8120212.33359658,989971791.17,989971791.17,989971791.17,2026-07-23,37532841.48,21.6485
485,SuperTrust,SUT,supertrust,0.19852753610660695,0.08868985,-1.96391263,-17.47442961,37403328.7072495,237983.1094457,188403732.0,188403732.0,238403732.0,2026-07-23,47476539.67,0.6349
486,Danaher tokenized stock (xStock),DHRX,danaher-tokenized-stock-xstock,179.63467079724543,0.04077053,0.02452954,-9.17874944,37263581.82006031,75124.94025926,207440.92248272,207440.92248272,,2026-07-23,37292168.59,0.2014
487,Ampleforth,AMPL,ampleforth,1.3158322888705178,-0.00036105,-1.18053122,-1.20761227,37204491.630342804,2.11100716,28274493.6,10630913.57552586,,2026-07-23,13988509.36,0.0
488,Vitalum,VAM,vitalum,0.1094711956046441,-0.06545553,-0.8246561,1.7892537,37189430.86835866,702770.98547531,339718870.0,1000000000.0,1000000000.0,2026-07-23,109509129.1,1.8877
489,Propy,PRO,propy,0.37198020432433154,0.3270194,-0.3178853,3.07567592,37198020.43243315,4279271.46236862,100000000.0,100000000.0,,2026-07-23,37168263.82,11.4877
490,VeThor Token,VTHO,vethor-token,0.0003639476925067413,-0.11437473,-1.32832703,-3.04819369,37005073.50782928,1333290.76391977,101676901021.0,101676901021.0,,2026-07-23,37005684.98,3.6158
491,Glidr,GLIDR,glidr,1.0433291340490196,-0.4118461,-0.63991052,2.49639684,36998235.18619746,75943.43514752,35461710.0,100000000.0,100000000.0,2026-07-23,103985576.8,0.2059
491,Zerebro,ZEREBRO,zerebro,0.03697088618990547,0.76073725,-2.44690198,4.08085559,36968966.054166645,8613435.93087417,999948063.572808,999948293.463624,1000000000.0,2026-07-23,36734373.31,23.3807
492,Moca Network,MOCA,mocaverse,0.008728396672656952,-0.00798305,-0.28892759,1.16428578,36948928.6076587,3495546.69596822,4233186230.3425,8888888888.0,8888888888.0,2026-07-23,77648829.91,9.415
494,Alaya Governance Token,AGT,alaya-ai,0.012623306188274747,-0.67461715,-2.87922603,-4.72523057,36789488.955031596,21361127.56943981,2914409934.0,5000000000.0,5000000000.0,2026-07-23,63356690.19,58.0893
495,Magic Eden,ME,magiceden,0.0631381805821358,-0.44042039,-0.49252661,-7.07186299,36760707.07799384,103407940.54252765,582226265.297148,999990736.627338,1000000000.0,2026-07-23,63112259.66,280.5243
496,KGeN,KGEN,kgen,0.1713688922580891,0.30853009,-4.98221676,5.1829961,36654445.98307817,1558562.2679374,213892063.49,978000000.0,978000000.0,2026-07-23,167558342.1,4.2669
497,Subsquid,SQD,subsquid,0.03313925334020286,-0.73757362,3.55707674,8.46118509,36432043.229244456,2617230.95776526,1099362223.259477,1336664483.6531098,1337000000.0,2026-07-23,44033097.4,7.2279
498,Oracle tokenized stock (xStock),ORCLX,oracle-tokenized-stock-xstock,127.7531048964061,0.0,-2.7290936,-3.46792827,36259839.38436945,682.9492228,283827.46089633,283827.46089633,,2026-07-23,35859722.34,0.0184
499,GOHOME,GOHOME,gohome,72.09168950347745,-0.20269204,-0.25320705,-0.18059535,36038275.12434086,360999.23566223,499895.0,9999895.37,9999895.37,2026-07-23,720881771.22,1.0024
501,BankrCoin,BNKR,bankr-coin,0.0003618538689694713,1.09912289,3.30773255,2.75411374,35932089.18866838,6463625.60186018,99299999999.99966,100000000000.0,100000000000.0,2026-07-23,,
501,Notcoin,NOT,notcoin,0.0003623276152249809,-0.29066385,-3.21550744,-4.30847272,36026001.39461253,2035243.8480191,99429355866.90741,102452705868.52051,102456957533.56,2026-07-23,,
502,MANTRA,MANTRA,mantra-new,0.006576450675567502,1.55417166,-0.0032461,2.74685138,35848415.38658234,7972313.22263871,5451027789.163624,7368438332.799873,10000000000.0,2026-07-23,,
503,Nockchain,NOCK,nockchain,0.016071303662189035,-0.74299346,18.39513444,-15.163286,36020159.81587144,1092083.86994752,2241271808.0,4294967296.0,4294967296.0,2026-07-23,,
504,Vana,VANA,vana,1.1908485375031317,0.05727735,1.2309919,-7.28007414,35825487.40224422,18823195.5914565,30084000.0,112641600.0,120000000.0,2026-07-23,,
505,Amber tokenized stock (xStock),AMBRX,amber-tokenized-stock-xstock,1.37,0.0,0.0,-6.16438356,35735732.075007394,466.7414366,26084475.96715868,26084475.96715868,,2026-07-23,,
506,Momentum,MMT,momentum-token,0.1750441686595694,-0.60189831,-2.04435631,4.53670801,35725713.82130233,4901372.8637174,204095424.0,1000000000.0,,2026-07-23,,
507,Coinbase Tokenized Stock (Ondo),COINon,coinbase-tokenized-stock-ondo,167.8157462868568,-0.38450839,-4.96587853,0.70713006,35638534.97702919,3145410.10349766,212367.04996747,212367.04996747,,2026-07-23,,
508,Arcium,ARX,arcium,0.17040170368806373,-1.08751234,10.10065133,3.80115146,35585216.4602647,77799253.96993104,208831342.0,1000000000.0,1000000000.0,2026-07-23,,
509,Walmart tokenized stock (xStock),WMTX,walmart-tokenized-stock-xstock,115.74515128980241,0.0,0.0,2.06029334,35579070.85774383,0.0,307391.45840037,307391.45840037,,2026-07-23,,
510,Celo Dollar,CUSD,celo-dollar,0.9999743854872105,-0.01438559,0.02166143,0.02224088,35553254.91673055,206385.16529286,35554165.61936053,57241566.21607361,1000000000000000.0,2026-07-23,,
511,Ankr,ANKR,ankr,0.003554627165157573,0.05365014,0.36058962,-3.68359201,35546271.65157573,4128710.77421992,10000000000.0,10000000000.0,10000000000.0,2026-07-23,,
512,Verge,XVG,verge,0.0021447529800692105,0.14726274,0.62029795,0.75608754,35435504.14748412,1904746.25140538,16521951234.841335,16521951234.841335,16521951235.741348,2026-07-23,,
513,APRO,AT,apro,0.14168220038686705,0.27129865,0.44547236,-8.03829118,35420550.09671676,3155297.72381702,250000000.0,1000000000.0,1000000000.0,2026-07-23,,
514,Ore,ORE,ore-new,74.05566148426124,0.11149846,1.60604824,-10.55429842,35398657.87412569,611445.09352007,478000.69791624,478000.69791624,3000000.0,2026-07-23,,
515,Fogo,FOGO,fogo,0.009140033967592883,-0.28258895,-0.99822571,-4.09478424,35283586.976370044,2048039.51694362,3860334338.0858707,10034334338.086035,,2026-07-23,,
516,Spacecoin,SPACE,spacecoin-org,0.0062544461969023316,-0.67305065,0.74862912,5.68356016,34733138.0323002,3285275.85351005,5553351478.10571,21000000000.0,21000000000.0,2026-07-23,,
517,Bitmine Tokenised Stock (xStock),BMNRx,bitmine-tokenised-stock-xstock,17.672548101872472,-0.06165364,2.04799564,11.6700932,34763739.839771464,112652.14619201,1967103.98745997,1967103.98745997,,2026-07-23,,
518,Gravity,G,gravity-token,0.0031786679855584704,-0.03167049,-1.49002448,-9.78981829,34651613.310968556,3494358.03901135,10901300000.0,12000000000.0,12000000000.0,2026-07-23,,
519,CROSS,CROSS,cross,0.07379543750953689,-0.18720202,-1.7462979,0.49872403,34429567.08680321,2786730.22481992,466554142.7592151,985221694.0874358,985222890.0,2026-07-23,,
520,Burnedfi,BURN,burnedfi-app,2.782441964059807,0.40223292,-0.19702609,-2.88243679,34239993.001629874,88084.37766972,12305734.83432911,12305734.83432911,21000000.0,2026-07-23,,
521,Tokenised GBP,TGBP,tokenised-gbp,1.337864442782182,-0.00801448,-0.1630943,-0.99974515,34239611.9427854,33487.06764335,25592736.34,25592736.34,,2026-07-23,,
522,Dusk,DUSK,dusk,0.06869300829725224,0.26882636,-1.22890603,-8.0271351,34140425.07677068,2263218.15535838,496999999.31632507,500000000.0,1000000000.0,2026-07-23,,
523,Memecoin,MEME,meme,0.0005330760277444463,0.0932966,0.53194092,-2.01739988,34061747.18797562,4859449.51173555,63896602764.333336,69000000000.0,69000000000.0,2026-07-23,,
524,Invesco QQQ Tokenized ETF (Ondo),QQQon,invesco-qqq-tokenized-etf-ondo,706.0876305118968,-0.4890908,-0.57806678,-1.83041133,34057478.385455,2599893.72986051,48234.06743546,48234.06743546,,2026-07-23,,
525,Status,SNT,status,0.0070725782539075265,-1.54932106,-0.03702313,-2.17502966,34035336.37760236,1680819.97850322,4812295482.0327635,6804870174.878168,,2026-07-23,,
526,PumpMeme,PM,pumpmeme,1.0617836500766034,-0.03993317,-0.69844292,2.65651238,33985586.99840667,124327.04101307,32008015.0,100000000.0,100000000.0,2026-07-23,,
527,Netflix tokenized stock (xStock),NFLXX,netflix-tokenized-stock-xstock,68.558,0.0,2.39414532,-7.3865939,33985803.239784464,124385.26348351,495723.37640807,495723.37640807,,2026-07-23,,
528,KLA Corporation tokenized stock (xStock),KLACx,kla-corporation-tokenized-stock-xstock,213.46837789728215,-2.43296207,-2.07872574,-5.69935155,33891160.16049305,0.0,158764.31204626,158764.31204626,,2026-07-23,,
529,AI Analysis Token,AIAT,ai-analysis-token,0.2296907633268769,0.26914894,0.45024747,0.63636804,33624307.33760187,369025.87953742,146389462.2952275,500000000.0,500000000.0,2026-07-23,,
530,PepsiCo tokenized stock (xStock),PEPX,pepsico-tokenized-stock-xstock,138.94466236315318,-0.1872566,-0.07124684,-1.34097219,33598995.20955259,97750.16859735,241815.65983252,241815.65983252,,2026-07-23,,
531,Cap,CAP,cap-app,0.021553775487164337,-2.37010156,4.98798212,11.11643748,33623889.759976365,12372429.59733615,1560000000.0,10000000000.0,10000000000.0,2026-07-23,,
532,Thermo Fisher tokenized stock (xStock),TMOX,thermo-fisher-tokenized-stock-xstock,515.47,0.0,-0.61696262,-3.73503651,33497453.5672725,302.9520284,64984.29310585,64984.29310585,,2026-07-23,,
533,Rekt (rekt.com),REKT,rekt-eth,1.1868059201600234e-07,-0.16392139,-0.02414327,-3.80229644,33446406.19330523,109343.85866428,281818666600479.0,420690000000000.0,420690000000000.0,2026-07-23,,
534,Waves,WAVES,waves,0.25100395647934287,0.49290059,-0.29652153,-1.79504009,33395905.726886164,3263136.57088714,133049320.0,133049320.0,,2026-07-23,,
535,Novo Nordisk tokenized stock (xStock),NVOX,novo-nordisk-tokenized-stock-xstock,48.4,0.0,-1.74583841,-4.08244154,33283469.560528968,242.8492264,687674.99092002,687674.99092002,,2026-07-23,,
536,UMA,UMA,uma,0.36715962794555296,-0.08640083,-0.81134695,-1.27257589,33212852.168103788,1838786.95759391,90458889.37720846,129175084.73074105,,2026-07-23,,
537,Atoshi,ATOS,atoshi,0.03655969853702142,0.09661943,-1.73601602,1.55393477,33019280.47298544,6474.28680233,903160633.0,100000000000.0,100000000000.0,2026-07-23,,
538,Siacoin,SC,siacoin,0.0005893299253063878,0.55146222,-0.87016454,-5.21964209,33017584.186797407,4010657.1944388,56025636522.075195,62217525676.30304,,2026-07-23,,
539,Locus Chain,LOCUS,locus-chain,0.00598782954233089,-0.27330642,3.29928932,1.22397986,32979150.01277314,132561.03575779,5507696867.392004,7000000000.0,7000000000.0,2026-07-23,,
540,Zest Protocol,ZEST,zest-protocol,0.22550567230927634,-0.1682654,3.82868037,1.37365964,32923828.157154344,3565193.35052636,146000000.0,1000000000.0,1000000000.0,2026-07-23,,
541,ssv.network,SSV,ssv-network,2.0756272285266926,0.09837636,0.20165739,1.97065516,32885174.29545877,6549774.9159661,15843487.61834325,17361673.60305064,,2026-07-23,,
542,Block Street,BSB,block-street,0.138951712783635,-0.74918706,1.26997616,2.39015306,32834289.73077295,18407319.37879435,236300000.0,1000000000.0,1000000000.0,2026-07-23,,
543,Dogelon Mars,ELON,dogelon,3.2815439752625425e-08,0.18889967,-1.18255233,-1.85709237,32768971.550401557,4492851.54762647,998583953085067.2,998583953085067.2,1000000000000000.0,2026-07-23,,
544,Gensyn,AI,gensyn,0.025071358492991032,-0.12617616,-0.11912418,2.93872551,32709982.48917828,4997687.26590971,1304675313.0,10000000000.0,10000000000.0,2026-07-23,,
545,cat in a dogs world,MEW,mew,0.00036651646674199396,-0.19653258,0.51701207,1.95138351,32578014.560564328,3913415.03647191,88885541351.39946,88885557319.81879,88888888888.0,2026-07-23,,
546,Abbott tokenized stock (xStock),ABTX,abbott-tokenized-stock-xstock,102.97001327456918,0.08917484,0.04533588,13.05332505,32336680.385010235,99622.41357192,314039.78067658,314039.78067658,,2026-07-23,,
547,Terra,LUNA,terra-luna-v2,0.045453656780822124,-0.19430186,-1.65166354,-4.53235798,32271389.006251525,2913879.39473124,709984438.91686,1186707049.0,,2026-07-23,,
548,Irys,IRYS,irys,0.01256726419475826,-0.55103371,-0.24761209,-3.21545553,32257819.145436835,3157542.35022348,2566813162.0,10000000000.0,,2026-07-23,,
549,Hims & Hers Health Tokenized Stock (Ondo),HIMSon,hims-hers-health-tokenized-stock-ondo,31.754689430816374,0.19850384,-2.68324113,-14.18909046,32220884.9487297,1581353.00011044,1014681.15501268,1014681.15501268,,2026-07-23,,
550,Kinetiq,KNTQ,kinetiq,0.1145279342380174,-0.19307015,-5.08334168,-6.30210862,32122358.698623084,240711.25657735,280476190.48,1000000000.0,1000000000.0,2026-07-23,,
551,Lumentum Holdings Inc. tokenized stock (xStock),LITEx,lumentum-holdings-inc-tokenized-stock-xstock,838.5766001428036,-2.55506133,1.05261865,24.59363702,32005529.870547637,49131.45510208,38166.49530299,38166.49530299,,2026-07-23,,
552,Pax Dollar,USDP,paxos-standard,0.9992981845201246,0.00225617,-0.35026984,-0.03604326,31931601.13992204,2585183.22534768,31954026.97069443,31954026.97069443,,2026-07-23,,
553,Comcast tokenized stock (xStock),CMCSAX,comcast-tokenized-stock-xstock,25.725269167196796,-0.16330851,-0.08779914,0.27790535,31880884.23111903,424235.8349072,1239282.82436677,1239282.82436677,,2026-07-23,,
554,Storj,STORJ,storj,0.07482040059939357,-0.04129147,-0.17229712,0.07525643,31798670.105101548,3129560.53804776,424999998.00000113,424999998.00000113,,2026-07-23,,
555,DFDV tokenized stock (xStock),DFDVx,dfdv-tokenized-stock-xstock,3.087148855506127,-0.34543252,2.20183587,-2.94488721,31624900.513187755,691012.38846872,10244047.82321485,10244047.82321485,,2026-07-23,,
556,Accenture tokenized stock (xStock),ACNX,accenture-tokenized-stock-xstock,145.88589315365115,-0.07533458,0.32730834,5.51591268,31585118.56998683,126426.74260311,216505.63935418,216505.63935418,,2026-07-23,,
557,ZEROBASE,ZBT,zerobase,0.1021107492997094,0.97236105,2.01191223,10.32533012,31484147.156153068,12503728.20920561,308333328.0,1000000000.0,1000000000.0,2026-07-23,,
558,Sahara AI,SAHARA,sahara-ai,0.009004177037721288,-0.47662036,-0.1705425,-5.02564885,31435833.082944445,9808237.75875023,3491250000.0,10000000000.0,10000000000.0,2026-07-23,,
559,ChangeNOW Token,NOW,now-token,0.36639655742284527,-0.05396068,0.08828258,-1.61436971,31071772.74482302,0.0,84803670.0,199763509.8661694,200000000.0,2026-07-23,,
560,Mango,MNGO,mango-markets,0.027791137975037357,0.00292089,-0.70562956,-6.94592424,31055679.28489261,2777.27659242,1117466989.397395,1117466989.397395,,2026-07-23,,
561,HashKey Platform Token,HSK,hashkey-platform-token,0.08991584667191431,-0.21864872,-0.16061393,-0.95196115,31017371.27718618,973334.58360804,344960009.0,1000000000.0,1000000000.0,2026-07-23,,
562,Avantis,AVNT,avantis,0.09303169108892044,-0.24580933,-1.11040564,-3.04787847,30964461.86661275,18488540.25500166,332837783.6001784,1000000000.0,1000000000.0,2026-07-23,,
563,PlaysOut,PLAY,playsout,0.03544437194771081,-1.31052171,-3.76105307,5.13087879,30803524.710379206,2573130.89451731,869066738.0373392,3999999999.98607,5000000000.0,2026-07-23,,
564,Degen,DEGEN,degen-base,0.0012481574117079064,-0.3837535,-3.38658937,0.79831832,30759238.050744362,3326315.96354269,24643717020.1595,36439021055.63517,36963632968.517365,2026-07-23,,
565,LUSD,LUSD,lusd,0.9993654043003117,-0.00340681,0.00678582,0.00366,30757289.073954888,34417.98192046,30776819.91152082,10000000000000.0,10000000000000.0,2026-07-23,,
566,Tornado Cash,TORN,torn,5.847083614280857,-0.26754185,4.75666261,2.59374886,30757200.11476146,105446.67181715,5260263.43109587,9999997.246815,,2026-07-23,,
567,Solayer,LAYER,solayer,0.06520124267207517,-0.12867564,0.34454489,-1.56174687,30390754.511845127,10942531.05244841,466106983.0324121,999998387.0009129,,2026-07-23,,
568,SKYAI,SKYAI,skyai,0.030288051284617885,3.23355464,9.32340009,-0.10254585,30288051.284617886,9073948.95807689,1000000000.0,1000000000.0,1000000000.0,2026-07-23,,
569,Wiki Cat,WKC,wiki-cat,5.650160685813689e-08,-0.65488637,-7.60158877,5.7194884,30319136.48673977,175362.07634767,536606623646376.2,536606623646376.2,553003328316637.0,2026-07-23,,
570,BSquared Network,B2,bsquared-network,0.44718454939181956,-2.0943836,-14.23996928,-14.18465224,30119386.4134705,51804578.93110992,67353370.0,207444584.9777,210000000.0,2026-07-23,,
571,Manta Network,MANTA,manta-network,0.06309347089544194,-0.23188232,-1.46720579,2.37123335,30116255.157436404,3172938.26711483,477327601.8899777,1000000000.0,,2026-07-23,,
572,Liquity BOLD,BOLD,liquity-v2,1.0012957411621748,0.03317443,0.04190527,0.01063416,30097082.668028098,225409.22060129,30058135.10511419,30058135.10511419,,2026-07-23,,
573,Bancor,BNT,bancor,0.27966367494003214,-0.32532855,-0.96501324,-1.24264025,30084327.358869016,2382595.69998187,107573239.05337349,107573239.05337349,,2026-07-23,,
574,TerraClassicUSD,USTC,terrausd,0.005375044976925512,-0.06886896,-1.83864664,-3.0752183,29969983.125028323,645722.41435412,5575764157.078913,6078922527.236973,6078922527.236973,2026-07-23,,
575,Perle,PRL,perle,0.1706634316421704,0.32193198,-2.33866173,0.40410042,29866100.53737982,2982726.71500206,175000000.0,1000000000.0,1000000000.0,2026-07-23,,
576,Across Protocol,ACX,across-protocol,0.04172898245394973,-0.05905035,-0.96397629,0.02380071,29840575.15667795,1663091.5022034,715104308.8483813,1000000000.0,1000000000.0,2026-07-23,,
577,UPCX,UPC,upcx,0.2223719094239607,-0.3005223,-0.21259493,-3.16505306,29789826.160056427,7436076.96587458,133963980.6,780000000.0,780000000.0,2026-07-23,,
578,Band,BAND,band-protocol,0.16534943329446017,-0.05054081,-0.4086593,-1.93211976,29688681.924639087,2489204.62560026,179551156.197605,179551156.197605,,2026-07-23,,
579,deBridge,DBR,debridge,0.01543499388968847,0.17568189,-2.50678729,-6.04756326,29707493.79034299,2850181.19563391,1924684519.0,10000000000.0,10000000000.0,2026-07-23,,
580,Core,CORE,core-dao,0.023776065217163404,-0.30515306,-1.92746726,-4.13015771,29594879.855615634,3130396.52670508,1244734130.1138322,2093769839.0352812,2100000000.0,2026-07-23,,
581,BOOK OF MEME,BOME,book-of-meme,0.0004273473618260089,-0.52313984,2.39579071,0.79186423,29430059.88461665,13348450.75205177,68866834134.33325,68866834134.33325,,2026-07-23,,
582,Railgun,RAIL,railgun,1.8623297219738544,0.00148579,7.05139164,19.49237175,29302560.52736541,181873.35152618,15734356.90877987,60000000.0,100000000.0,2026-07-23,,
583,DEAPcoin,DEP,deapcoin,0.0009740915561705394,0.05674209,3.7735165,0.74545471,29079456.390479792,256104.47879156,29852898535.32895,29852898535.328953,,2026-07-23,,
584,USDK,USDK,usdk,1.0059053066856551,0.0,0.0,0.69160832,28768964.196391817,0.0,28600072.0,28600072.0,,2026-07-23,,
585,McDonald's tokenized stock (xStock),MCDX,mcdonald-s-tokenized-stock-xstock,267.8064304321608,0.04667202,-0.48830916,-0.80596083,28739166.82346835,1458033.71670606,107313.20669594,152118.74952555,,2026-07-23,,
586,OPEN tokenized stock (xStock),OPENX,open-tokenized-stock-xstock,4.44,0.0,3.0162413,-3.8961039,28402381.737599093,18.1022796,6396932.82378358,6396932.82378358,,2026-07-23,,
587,ZORA,ZORA,zora,0.006347697058881162,0.07027023,-3.19095786,-7.83814441,28374205.846851096,11944014.8191847,4469999999.0,10000000000.0,10000000000.0,2026-07-23,,
588,WhiteRock,WHITE,whiterock,4.348850314544388e-05,0.45831506,-0.11799737,0.35018878,28267527.04453852,8079.2124745,650000000000.0,1000000000000.0,1000000000000.0,2026-07-23,,
589,Score,SN44,score,6.522238536191121,-0.51727613,-6.52561,-13.30720407,28162941.21017229,944291.59389795,4317987.0,4317987.0,21000000.0,2026-07-23,,
590,Orbler,ORBR,orbler,0.027687099784343732,0.00035937,-0.83823472,15.87291063,28118651.68690735,14496.91345271,1015586750.0,2000000000.0,2000000000.0,2026-07-23,,
591,OpenServ,SERV,openserv,0.036091969469023356,-0.00542175,-4.06177157,-7.54437283,27790816.491147984,660283.32283276,770000000.0,1000000000.0,1000000000.0,2026-07-23,,
592,siren,SIREN,siren-bsc,0.038416474730601696,-2.5739856,5.43198599,15.93429762,27815578.327122495,4642813.44733509,724053378.7178873,724053378.7178873,,2026-07-23,,
593,Asteroid Shiba,ASTEROID,asteroid-shiba,6.582800087188764e-05,-1.77199891,-8.42419049,22.73788595,27693181.68679441,3110777.90942657,420690000000.0,420690000000.0,420690000000.0,2026-07-23,,
594,Klickl Token,KLK,klickl-token,0.2760651028528061,-0.35761855,0.75288666,5.55196428,27606510.28528061,0.0,100000000.0,100000000.0,1000000000.0,2026-07-23,,
595,Liquity USD,LUSD,liquity-usd,1.0073378494448806,-0.01128958,0.11785519,0.22850944,27577556.91480086,0.0,27376671.0245209,27376671.0245209,,2026-07-23,,
596,Anoma,XAN,anoma,0.01101633654337696,0.58193832,3.82665459,-5.10337406,27540841.3584424,3478315.67236153,2500000000.0,10000000000.0,10000000000.0,2026-07-23,,
597,MYX Finance,MYX,myx-finance,0.07959929468284256,-0.98596571,-1.94288376,9.22305802,27521542.931663737,11700976.37540617,345751090.4,1000000000.0,1000000000.0,2026-07-23,,
598,Fabric Protocol,ROBO,fabric-foundation,0.012334281051639287,0.26007793,2.33829651,-5.22557618,27517781.02620725,7418274.45266315,2231000000.0,10000000000.0,10000000000.0,2026-07-23,,
599,Electronic USD,eUSD,electronic-usd,0.9987395168319002,-0.12533498,-0.01607477,-0.1211716,27460054.37957273,120681.19426399,27494711.0,27494711.0,,2026-07-23,,
600,Collect on Fanable,COLLECT,collect-on-fanable,0.051075461193359824,1.15319246,0.04336043,18.88673946,27427522.660834227,2154271.14178566,537000000.0,3000000000.0,3000000000.0,2026-07-23,,
601,iota,SN9,iota-macrocosmos-ai,6.811630912463948,-0.40247925,-2.56403706,2.15743551,27276045.25823041,397324.0979253,4004334.0,4004334.0,21000000.0,2026-07-23,,
602,Hive,HIVE,hive-blockchain,0.04795074078118522,-0.10577143,-1.07259049,-2.89141304,27246191.457050364,1530819.46587875,568212107.116,568212107.116,,2026-07-23,,
603,UNS TOKEN,UNS,uns-token,0.25707784282395596,0.0,-0.20140591,-0.74794246,27148499.92914961,0.0,105604200.0,1000000000.0,1000000000.0,2026-07-23,,
604,Solstice,SLX,solstice,0.11165638257525609,0.53252089,2.80618708,-7.01619372,27116224.033304557,23292185.09463555,242854223.0,1000000000.0,1000000000.0,2026-07-23,,
605,Uquid Coin,UQC,uquid-coin,2.710999868718309,-0.00322734,0.00077528,-0.37415227,27109998.68718309,25499.31927478,10000000.0,40000000.0,,2026-07-23,,
606,Swarm Network,TRUTH,swarm-network-ai,0.012994936214581181,-0.60115168,-0.98361641,10.45272214,27098409.361428075,1682805.75767381,2085305300.0,10000000000.0,10000000000.0,2026-07-23,,
607,Starpower,STAR,starpower,0.14484035087136554,1.80914637,-3.12809351,-17.71949613,26960458.625831924,2811961.82716817,186139141.91478196,553139141.9147819,1000000000.0,2026-07-23,,
608,Infinity Ground,AIN,infinity-ground,0.08695853876437624,-0.18649211,4.58707667,20.47329587,26954265.771736313,1577701.69170473,309966866.4485252,1000000000.0,1000000000.0,2026-07-23,,
609,sUSD,SUSD,susd,0.6179843432805079,0.00093003,0.02110839,-10.22731907,26944187.991903346,39925.92289118,43600114.28262539,43600114.28262539,142399574.0,2026-07-23,,
610,OLAXBT,AIO,olaxbt,0.11678289452932675,-2.38154901,4.75057027,18.25175953,26889261.465377484,1331342.9459266,230250000.0,1000000000.0,1000000000.0,2026-07-23,,
611,ConstitutionDAO,PEOPLE,constitutiondao,0.005306079621342305,-0.1250394,-0.99416757,-7.1921484,26849491.592845038,3282172.81136661,5060137334.7,5060137334.7,,2026-07-23,,
612,Defi App,HOME,defi-app,0.006259431108633131,-0.60816145,-3.07880158,-61.54563277,26701245.97713606,30181956.77539904,4265762417.34,10000000000.0,10000000000.0,2026-07-23,,
613,Orbs,ORBS,orbs,0.006074538973870991,0.08750469,1.07395614,1.64587026,26605547.98405148,1325245.59946708,4379846453.94367,10000000000.0,,2026-07-23,,
614,Catizen,CATI,catizen,0.03942212419987906,-0.04799145,-1.85928197,-0.46808784,26415779.518434845,3392272.84257612,670074991.0,1000000000.0,1000000000.0,2026-07-23,,
615,SMART,SMART,smart-blockchain,0.0039055721119894333,-1.4162185,-3.8458075,-1.27629318,26247124.410378937,381413.75728838,6720430108.0,836732311077.0,836732311077.0,2026-07-23,,
616,Giggle Fund,GIGGLE,giggle-fund,26.520515430689365,-0.35700207,-1.46326995,-2.29184243,26217881.0201999,8100727.42626545,988588.66784545,988588.66784545,988588.66784545,2026-07-23,,
617,Worldwide USD,WUSD,worldwide-usd,0.9962376490079949,0.00583709,0.01401876,0.10473522,26208351.647803072,259532.21788509,26307329.053364,8434660.733364,,2026-07-23,,
618,Prom,PROM,prom,1.4233703469690513,-2.50403671,-2.47369881,9.47983151,25976508.832185186,8150671.83771973,18250000.0,19250000.0,19250000.0,2026-07-23,,
619,EthereumPoW,ETHW,ethereum-pow,0.24034390230708114,0.18850336,-1.21791889,-7.93011776,25913638.97450365,1441650.89648017,107818999.04993,107818999.04993,,2026-07-23,,
620,OpenGradient,OPG,opengradient,0.10922270019656685,1.14399392,3.58778149,-1.97205379,25848227.94913448,14470017.18476648,236656188.71,1000000000.0,1000000000.0,2026-07-23,,
621,Osmosis,OSMO,osmosis,0.032823587511542573,-0.30888394,-1.17346906,-3.17851341,25663834.248021435,2591368.13541645,781871702.445585,975867104.730025,1000000000.0,2026-07-23,,
622,BORA,BORA,bora,0.023321030971134114,-0.19579546,-1.15433754,-3.77227776,25647303.810504742,124423.91189564,1099750000.0,1205750000.0,1205750000.0,2026-07-23,,
623,ICON,ICX,icon,0.023353304488762244,-0.01741964,-1.00660524,-2.6464267,25623623.07550997,457607.88378504,1097216160.0445118,1108792174.2180953,,2026-07-23,,
624,Ark of Panda,AOP,ark-of-panda,0.036164869416933795,0.29749001,-4.36256981,-15.5017863,25640892.41660606,1723705.71258322,709000000.0,2000000000.0,2000000000.0,2026-07-23,,
625,SwftCoin,SWFTC,swftcoin,0.00255800748896469,-0.20740199,0.20305459,-0.19384783,25580074.8896469,498859.96740889,10000000000.0,10000000000.0,,2026-07-23,,
626,Casper,CSPR,casper,0.0015401507069785025,-0.86983768,-3.15589214,-19.34564559,25572706.630325086,2630765.16871885,16604028758.0,19713239785.0,,2026-07-23,,
627,Neiro,NEIRO,neiro,6.0498004421418814e-05,-0.13620844,0.23158406,-3.14393148,25450558.198939163,2733910.74285694,420684259627.0598,420690000000.0,420690000000.0,2026-07-23,,
628,Victoria VR,VR,victoria-vr,0.0015098142060201013,-0.13204415,0.88366813,-12.94651369,25364878.6611377,722962.59873744,16800000000.0,16800000000.0,16800000000.0,2026-07-23,,
629,Frax (prev. FXS),FRAX,frax-share,0.2706742839128657,0.01574601,-1.0285328,1.52624498,25337715.201213848,401155.61663817,93609613.86849168,99681495.59113361,99681495.59113361,2026-07-23,,
630,Chainbase,C,chainbase,0.06540014233865252,-0.10092142,0.94623466,-0.97444226,25312969.27477919,5491573.48318776,387047617.4761905,1000000000.0,1000000000.0,2026-07-23,,
631,Medtronic tokenized stock (xStock),MDTX,medtronic-tokenized-stock-xstock,81.91,0.0,-0.81133446,2.34911908,25297698.293591496,12.90836072,308847.49473314,308847.49473314,,2026-07-23,,
632,Trusta.AI,TA,trusta-ai,0.07148520564386833,-0.32674876,3.55804439,-2.85850746,25238272.114091694,6599223.32713469,353055879.0,1000000000.0,1000000000.0,2026-07-23,,
633,International Business Machines tokenized stock (xStock),IBMX,international-business-machines-tokenized-stock-xstock,208.09,0.0,0.63839048,-1.85822761,25114098.57494243,503.765081,120688.63748831,120688.63748831,,2026-07-23,,
634,OKZOO,AIOT,okzoo,0.05151056079417006,1.97937754,2.16337959,33.65730917,25098520.6954488,1196948.76275162,487249999.0,1000000000.0,1000000000.0,2026-07-23,,
635,iExec RLC,RLC,rlc,0.2861633391562592,-0.4416305,-1.48885785,-2.42675874,24896148.977712292,1400721.18749343,86999784.9868455,86999784.9868455,86999784.9868455,2026-07-23,,
636,Salesforce tokenized stock (xStock),CRMX,salesforce-tokenized-stock-xstock,162.98,0.0,-6.77268047,-3.6590412,24831392.748682793,167.6884922,152358.52711181,152358.52711181,,2026-07-23,,
637,Powerledger,POWR,power-ledger,0.043625261842135776,-0.12438984,-0.61288118,-0.71596016,24785702.53972792,2305078.62104095,568150229.777841,1000000000.0,,2026-07-23,,
638,MetaMask USD,mUSD,metamask-usd,1.0134005753983089,-0.03316352,0.11258076,0.80578174,24741392.269908175,43297979.94536975,24414227.572531,24414227.572531,,2026-07-23,,
639,Open Campus,EDU,open-campus,0.031122358404113495,0.2609063,1.79145467,3.26159095,24644044.987557244,2399595.0709789,791843750.0,1000000000.0,1000000000.0,2026-07-23,,
640,Arkham,ARKM,arkham,0.10958690265130094,-0.62977758,-0.89390112,-1.9142689,24668011.786807843,21430190.95495733,225100000.0,1000000000.0,1000000000.0,2026-07-23,,
641,Roundhill Memory ETF Tokenized bStocks,DRAMB,roundhill-memory-etf-tokenized-bstocks,57.756259919390025,-2.36519279,-2.48942653,3.38349798,24655141.496860974,18103432.13225403,426882.58435141,426882.58435141,,2026-07-23,,
642,Union,U,union,0.012724489746659153,-0.70649594,176.47766371,-73.60508282,24418932.048326246,1738259.17289584,1919050000.0,10000000000.0,,2026-07-23,,
643,WOO,WOO,wootrade,0.012896999707636907,0.33896367,-0.85727631,4.08384361,24359622.04052706,1595168.90667431,1888782088.2947378,1888782088.2947378,1888782088.2947378,2026-07-23,,
644,SKALE,SKL,skale-network,0.0039265445722147015,1.42101172,-0.07485863,-15.63770404,24313730.736817352,6576795.88554472,6192144337.0,6342291667.0,7000000000.0,2026-07-23,,
645,Somnia,SOMI,somnia,0.09986132517592551,-0.27108708,0.87915493,-3.2096863,24289860.003388178,4672961.6607984,243235907.0,1000000000.0,1000000000.0,2026-07-23,,
646,MVL,MVL,mvl,0.0008722915175220862,0.11458474,0.81325591,0.44494563,24252285.17829995,35898.62135329,27802958863.102654,30000000000.0,30000000000.0,2026-07-23,,
647,Folks Finance,FOLKS,folks-finance,1.9822469819156678,-0.63843023,-5.01710194,-5.07391507,24180255.45991706,935471.74947998,12198406.999994,50000000.0,50000000.0,2026-07-23,,
648,Cyber,CYBER,cyberconnect,0.33547402744665766,-0.26944963,-1.06514818,-2.19022962,24139173.537593696,7409059.12844077,71955417.0,100000000.0,100000000.0,2026-07-23,,
649,Orochi Network,ON,orochi-network,0.16655998702853278,0.78867643,36.68480945,79.36151331,24030442.128541566,9064647.27439122,144275000.0,700000000.0,1000000000.0,2026-07-23,,
650,iShares Silver Trust Tokenized ETF (Ondo),SLVon,ishares-silver-trust-tokenized-etf-ondo,53.832612009578135,-0.25471021,-0.38220373,4.47235744,23970277.008214246,3229162.11175744,445274.26987844,445274.26987844,,2026-07-23,,
651,Alchemist AI,ALCH,alchemist-ai,0.02813476943191622,0.7559653,3.78390747,9.31979457,23914554.017128788,3200285.84330464,850000000.0,1000000000.0,1000000000.0,2026-07-23,,
652,Snek,SNEK,snek,0.00031841308292301234,-0.09130955,-0.77630072,-0.36199155,23785268.1359625,1365626.28084573,74699405934.0,75243418166.0,76715880000.0,2026-07-23,,
653,B3 (Base),B3,b3,0.0005097015217369533,-0.20389664,1.97334145,-23.94304027,23666248.681486256,4930118.27786455,46431583333.0,100000000000.0,100000000000.0,2026-07-23,,
654,Euler,EUL,euler-finance,0.9863973143220812,0.69180202,-2.57105263,-2.68532154,23598719.709166158,2379999.32115044,23924152.43484801,27182818.28459045,27182818.28459045,2026-07-23,,
655,Vanta Network,VANTA,proprietary-trading-network,5.483925531315919,-0.40081608,-4.18692767,-8.82649236,23548442.365140717,111817.80175759,4294085.0,4294085.0,21000000.0,2026-07-23,,
656,Merlin Chain,MERL,merlin-chain,0.017400231879107917,-0.76984142,-0.68006851,1.21542771,23534611.243122797,2474809.03283392,1352545840.0,2100000000.0,2100000000.0,2026-07-23,,
657,UNIPOLY,UNP,unipoly,0.10647637959449018,0.03644961,-0.25349869,-11.41555603,23342816.698500082,57667.96173552,219230000.0,1000000000.0,1000000000.0,2026-07-23,,
658,Kyber Network Crystal v2,KNC,kyber-network-crystal-v2,0.11130508414988491,-0.09132865,0.99428004,0.17630699,23285023.045244165,2623158.07149047,209199994.9785604,240993630.78853035,,2026-07-23,,
659,Aleo,ALEO,aleo,0.018080568218268034,0.00515802,0.15586586,-4.11238374,23181702.319926366,1513054.11835047,1282133505.987069,2034059519.569261,5000000000.0,2026-07-23,,
660,COINDEPO,COINDEPO,coindepo,0.09246773865710059,0.1652484,5.00453285,8.26895934,23146416.708197623,1432390.09758747,250318836.0,1000000000.0,1000000000.0,2026-07-23,,
661,World Mobile Token,WMTX,world-mobile-token,0.026965221499002445,0.93466451,-0.39311811,-8.19757734,23110871.831830002,742903.96095771,857062191.485613,2000000000.0,2000000000.0,2026-07-23,,
662,Bounce Token,AUCTION,bounce-token,3.339021489944199,-0.50344391,-0.58867757,0.49145337,23107388.112163257,7188981.380054,6920407.12578625,7641035.64836274,10000000.0,2026-07-23,,
663,Isiklar Coin,ISIKC,isiklar-coin,0.23078212010912058,0.07819288,-0.11379287,-0.03592534,23078212.010912057,420059.57138475,100000000.0,100000000.0,100000000.0,2026-07-23,,
664,iShares Silver Trust Tokenised ETF (xStock),SLVx,ishares-silver-trust-tokenised-etf-xstock,53.813931330767105,-0.14378801,-0.38242709,4.58225259,23068257.001098417,112468.34251359,428667.00927887,428667.00927887,,2026-07-23,,
665,Constellation,DAG,constellation,0.008021230279602644,-0.01185057,2.58730258,-7.06469947,23048590.655214887,740644.93820249,2873448318.0,3003804388.0,,2026-07-23,,
666,WINkLink,WIN,wink,2.3150382608108038e-05,0.05346711,3.56594298,5.15630319,23004578.122058094,3082577.48028442,993701854154.286,993701854154.286,993701859243.3864,2026-07-23,,
667,QANplatform,QANX,qanplatform,0.012728214404844519,-0.00857387,-0.5129267,-1.11760913,22986929.633802354,151989.38205645,1805982277.0626206,2200000000.0,3333333000.0,2026-07-23,,
668,Hana Network,HANA,hana-network,0.03390215106369863,0.37036268,-5.76615887,-5.9814646,22861776.912738435,7408589.78611993,674345910.0805588,1000000000.0,1000000000.0,2026-07-23,,
669,Alphabet Class A Tokenized Stock (Ondo),GOOGLon,alphabet-class-a-tokenized-stock-ondo,334.8577351017775,-0.29150457,-4.13767931,-10.06329183,22825834.606601086,5488895.55400855,68165.767769,68165.767769,,2026-07-23,,
670,IOST,IOST,iostoken,0.0006630010953188939,-0.15481725,-0.25108128,-2.55689154,22672078.041638855,3552752.2644923,34196139647.0,48495641261.0,90000000000.0,2026-07-23,,
671,Lista DAO,LISTA,lista-dao,0.051583685651245235,1.66133836,6.40542969,5.83412831,22666526.52474441,30693509.46643979,439412698.7744087,795588564.255041,800000000.0,2026-07-23,,
672,IoTeX,IOTX,iotex,0.0023960793414506062,-0.1658179,-1.14186496,-0.94130574,22622268.01200964,687960.59395192,9441368497.553144,9441368502.273277,10000000000.0,2026-07-23,,
673,GMT,GMT,green-metaverse-token,0.007246933483632743,-0.58096398,1.00463301,-6.66574831,22548109.964990005,4623934.90017626,3111400155.102167,5073850155.102167,,2026-07-23,,
674,Hyperlane,HYPER,hyperlane,0.06653229764492141,-0.1162057,-0.72087779,-7.47535517,22499494.37700015,8813879.64437031,338174017.3333334,808000000.0,1000000000.0,2026-07-23,,
675,COTI,COTI,coti,0.007576561104206962,-0.37754416,0.31369391,-2.21231305,22323957.41705728,2069434.53796275,2946449861.6214786,2946483351.853329,4910000000.0,2026-07-23,,
676,Ontology Gas,ONG,ontology-gas,0.04665666638315126,-0.2558302,-0.13791611,-1.32213716,22186532.122613937,1526579.64050322,475527590.0,800000000.0,1000000000.0,2026-07-23,,
677,Steem,STEEM,steem,0.03983730499852363,0.01209983,-0.71768935,-1.56171829,22047449.668367915,2215854.73566496,553437278.681,553437278.681,,2026-07-23,,
678,SLT,SLT,slt-game,2.5876895409336695,-0.06864828,-0.56190368,1.07339655,21995361.09793619,26379.86423537,8500000.0,100000000.0,100000000.0,2026-07-23,,
679,BounceBit,BB,bouncebit,0.018233663167351116,-0.30040202,-0.3764302,-2.77541271,21966531.24271698,3587555.40609151,1204723979.0,2100000000.0,2100000000.0,2026-07-23,,
680,Illuvium,ILV,illuvium,2.9640030260973242,-0.94292462,-3.91478005,-3.38240897,21766163.862081237,1742884.26122609,7343502.57757346,9167093.45750914,,2026-07-23,,
681,Tokenlon Network Token,LON,tokenlon-network-token,0.17583343204070798,0.0,-1.07746548,-1.8423956,21710079.189569376,17.19038275,123469575.36802886,140451028.83876702,200000000.0,2026-07-23,,
682,Pundi X (New),PUNDIX,pundix-new,0.08315177501632366,-0.30068496,-0.29849946,-0.66342448,21485299.53278698,784527.39159522,258386541.0999244,258386541.0999244,258526640.0,2026-07-23,,
683,Cartesi,CTSI,cartesi,0.023072103849539127,0.03166181,-0.20450042,-1.2032648,21469397.149593376,767953.69695197,930534869.7111657,1000000000.0,1000000000.0,2026-07-23,,
684,Renzo,REZ,renzo,0.0025045254786845122,0.29577111,0.17884288,1.50020138,21422310.64114521,6075246.11390707,8553440890.6860695,9814629224.12962,10000000000.0,2026-07-23,,
685,Everything,EV,everything,0.00021243858294286262,-0.00252866,-1.43950318,-19.80544445,21243858.294286262,221679.33172209,100000000000.0,100000000000.0,100000000000.0,2026-07-23,,
686,Capybobo,PYBOBO,capybobo,0.0006675490742376654,-0.02801613,1.96969392,2.77775598,21205808.925172355,607963.39284831,31766666667.0,100000000000.0,100000000000.0,2026-07-23,,
687,SNC SCANDIC COIN,SNC,scandic-coin,0.16565074822183248,0.00313305,-0.09989335,8.18109771,21138676.243766963,191046.30685176,127609905.0,1000000000.0,1000000000.0,2026-07-23,,
688,DODO,DODO,dodo,0.021067708972110338,1.31286334,18.51142528,-22.24863978,21067708.97211034,44679911.75980498,1000000000.0,1000000000.0,1000000000.0,2026-07-23,,
689,TokenPocket,TPT,tokenpocket,0.006019561521020307,1.89575348,1.27298534,11.19921225,20866553.579296097,18403.22342364,3466457400.0,3466457400.0,5900000000.0,2026-07-23,,
690,Metis,METIS,metisdao,2.765911106476304,-0.17990103,-0.57108215,-3.09671877,20855624.82674961,1837528.34499935,7540236.842,10000000.0,10000000.0,2026-07-23,,
691,Tria,TRIA,tria,0.009671671324806118,1.85921427,12.04213937,16.28918018,20868275.067394417,7167652.13772841,2157670000.0,10000000000.0,10000000000.0,2026-07-23,,
692,Ark,ARK,ark,0.10499645452653585,-0.20650962,-0.22746701,-1.48912293,20789877.9966689,503561.1024023,198005524.0,198005524.0,,2026-07-23,,
693,Ardor,ARDR,ardor,0.020830248225816077,0.2220374,0.74829446,-0.76752305,20798299.442170057,604859.78621176,998466231.2566,998466231.2566,998466231.2566,2026-07-23,,
694,Xertra,STRAX,stratis-new,0.00942878440862862,-0.22727441,-1.41335637,-0.44786524,20635925.231217507,767553.68343841,2188609298.59981,2188609298.59981,,2026-07-23,,
695,"OpenAI
Pre-IPO stock (Republic)",preOPAI,openai-pre-ipo-stock-republic,707.5865670302046,0.57081235,-2.22163356,-9.78125438,20578032.54237241,0.0,29082.0,29082.0,,2026-07-23,,
696,Sapien,SAPIEN,sapien-io,0.08204112998606622,-1.22092898,5.37997292,6.38035345,20510282.496516556,11006928.89771101,250000000.0,1000000000.0,1000000000.0,2026-07-23,,
697,Bonfida,FIDA,bonfida-sns,0.02071228056929453,-0.30174879,-2.25473952,-2.6663302,20524022.792611454,5552977.08560135,990910813.705268,990910813.705268,,2026-07-23,,
698,Metal DAO,MTL,metal,0.22260721341718934,-0.3511805,-1.60176743,-2.15768571,20495197.93227766,342798.33295575,92068885.0,92068885.0,,2026-07-23,,
699,Semicon Bull 3X ETF Tokenized bStocks,SOXLB,semicon-bull-3x-etf-tokenized-bstocks,158.44028624544399,-4.21163751,1.75744624,-2.76881062,20485455.998349663,19285476.85611121,129294.4899545,129294.4899545,,2026-07-23,,
700,Sign,SIGN,sign,0.008577811909800458,0.0942027,-1.42837635,-1.28751064,20472377.75233855,3738257.67106148,2386666666.0,10000000000.0,10000000000.0,2026-07-23,,
701,Gigachad,GIGA,gigachad-meme,0.002195060154975381,-0.14211678,-3.16023447,-10.55525016,20419353.680518106,6083244.1449648,9302411888.0,9603935545.16,10000000000.0,2026-07-23,,
702,Cheelee,CHEEL,cheelee,0.3588517997074665,0.06981205,-0.77395677,-3.84120837,20392871.517424677,148827.28449842,56828115.48959432,1000000000.0,1000000000.0,2026-07-23,,
703,Wibx,WBX,wibx,0.0017273283346488021,0.26738287,-5.8917138,13.48015892,20298329.81010624,56479.81016529,11751286309.0,11751286309.0,12000000000.0,2026-07-23,,
704,Smooth Love Potion,SLP,smooth-love-potion,0.0005537416155344393,-0.23825341,-0.24132601,0.42921297,20122959.272451125,1408503.06655791,36339980070.0,36339980070.0,,2026-07-23,,
705,LCX,LCX,lcx,0.021174220027648384,-0.80152422,-5.88190043,-8.68086085,20099093.90275751,195753.39908304,949224759.0,949224759.0,,2026-07-23,,
706,Naoris Protocol,NAORIS,naoris-protocol,0.03346101904526212,-3.06275416,-15.35023137,-12.0927595,20051850.27306378,9913281.40554211,599260000.0,4000000000.0,4000000000.0,2026-07-23,,
707,SATS (Ordinals),SATS,sats-ordinals,9.576887565601738e-09,0.00578504,0.38357406,-2.03593587,20111463.88776365,4653751.80259917,2100000000000000.0,2100000000000000.0,2100000000000000.0,2026-07-23,,
708,Epic Chain,EPIC,epic-chain,0.5962750174263891,-0.88368118,10.4084125,35.69870774,20034840.585526675,29117609.51815721,33600000.0,33600000.0,33600000.0,2026-07-23,,
709,Stargate Finance,STG,stargate-finance,0.141192823348164,0.28030714,0.72260427,-1.12385949,19895599.71835227,8802293.92589542,140910842.67995822,1000000000.0,1000000000.0,2026-07-23,,
710,Clearpool,CPOOL,clearpool,0.020371877214959717,0.82893879,2.06998805,2.60480195,19874537.36970537,1263492.50700255,975586940.7612014,993627634.645902,1000000000.0,2026-07-23,,
711,Civic,CVC,civic,0.01982664095755952,0.02681077,-0.31161184,-1.07342703,19826640.95755952,1151162.35369646,1000000000.0,1000000000.0,,2026-07-23,,
712,Based,BASED,basedone,0.0841386100687179,0.19238031,-2.49179655,-3.60334154,19772573.366148707,11704853.65350951,235000000.0,1000000000.0,1000000000.0,2026-07-23,,
713,NotInEmploymentEducationTraining,NEET,notinemploymenteducationtraining,0.019673962097402128,-0.70317491,-4.0339563,-0.67017732,19669358.862446427,914035.44293233,999766024.0,999766024.0,1000000000.0,2026-07-23,,
714,IQ,IQ,iq,0.0007335316343072885,0.05744436,-0.16406585,-2.03842631,19586683.06462994,384567.10437181,26701892799.928997,26701892799.928997,60000000000.0,2026-07-23,,
715,Lisk,LSK,lisk,0.08694058668052482,0.03251323,-0.5331196,-1.16369308,19522291.42154062,2028339.31264932,224547500.38986942,400000000.0,400000000.0,2026-07-23,,
716,dKargo,DKA,dkargo,0.0038903325355799786,-0.10410206,0.46188238,-0.89965968,19451662.677899893,1043006.15097581,5000000000.0,5000000000.0,5000000000.0,2026-07-23,,
717,iShares 20+ Year Treasury Bond Tokenized ETF (Ondo),TLTon,ishares-20-year-treasury-bond-tokenized-etf-ondo,86.35004368896861,-0.188819,-0.31751805,-0.87588143,19435772.45253273,1569187.59698568,225081.21156881,225081.21156881,,2026-07-23,,
718,Pythia,PYTHIA,pythia,0.019465757088378055,-0.30514419,-9.02823877,19.78055515,19429901.9911158,390324.9067437,998158042.499993,998158042.499993,1000000000.0,2026-07-23,,
719,Yooldo,ESPORTS,yooldo,0.03015534580709205,-3.13324279,-2.42644505,100.82844913,20465444.58038534,3651679.42308022,678667215.7999991,899999019.7999991,900000000.0,2026-07-23,,
720,Audius,AUDIO,audius,0.013460630496162295,-0.02083231,-0.69990988,0.06641962,19385362.073990572,2628867.1872417,1440152605.0,1440152605.0,,2026-07-23,,
721,API3,API3,api3,0.22412240811817286,-0.14503554,1.14283236,-0.82473211,19369101.823695756,12287331.62791516,86421978.0,175933856.10888627,,2026-07-23,,
722,Nosana,NOS,nosana,0.2687815171731756,-0.35497053,0.09437816,1.76703701,19273779.75363198,159008.99820065,71707980.356454,99999721.287307,,2026-07-23,,
723,Harmony,ONE,harmony,0.00128475884923389,-0.57530182,-3.66997299,12.3465612,19261169.408335432,13388005.75920736,14992050391.262915,14992050391.262915,,2026-07-23,,
724,MicroStrategy Tokenized Stock (Ondo),MSTRon,microstrategy-tokenized-stock-ondo,99.35021811992236,-0.42000122,-2.53356243,2.04488762,19252433.376983874,1906044.34082716,193783.50386453,193783.50386453,,2026-07-23,,
725,Public Masterpiece Token,PMT,public-masterpiece-token,0.10334116949842295,-0.01995402,-0.37719166,-0.46515881,19213097.08680564,462819.19702442,185919098.65214798,361071410.0,2000000000.0,2026-07-23,,
726,MiL.k,MLK,milk-alliance,0.033845481736845345,0.19973704,-0.38434382,1.31263723,19054842.370685637,1034367.45056868,562995158.9651,986245419.0,986245419.0,2026-07-23,,
727,Phala Network,PHA,phala-network,0.022625099005560544,-0.13810021,-0.43594277,-3.35638089,19016311.10745344,8131209.84938684,840496260.4928192,1000000000.0,,2026-07-23,,
728,DOGS,DOGS,dogs,3.671697229138407e-05,-0.01786166,-2.87105879,-3.52212249,18973495.431572717,3335428.27901773,516750000000.0,545217355861.166,550000000000.0,2026-07-23,,
729,CARV,CARV,carv,0.031079022593335708,-0.25453704,0.00766199,-7.83153624,18945811.114912756,4443255.88649854,609601253.0,1000000000.0,,2026-07-23,,
730,ArcBlock,ABT,arcblock,0.19149062654716248,-0.05224578,-2.35321403,-1.90465886,18872225.697682183,52372.01559287,98554305.44029327,186000000.0,186000000.0,2026-07-23,,
731,ROGin AI,ROG,rogin-ai,0.28052324206843754,0.17325201,-2.35432754,-1.36671792,18792216.530832067,37880.86414871,66989873.61,200000000.0,,2026-07-23,,
732,Brevis,BREV,brevis,0.07483181950084342,-0.30011561,-2.18582271,-4.21742594,18707954.875210855,11090049.78490261,250000000.0,1000000000.0,1000000000.0,2026-07-23,,
733,aixbt,AIXBT,aixbt,0.018681131122920372,-0.22489445,-1.73092557,-1.97066026,18660859.61823772,4422083.73945006,998914867.3841392,998914867.3841392,1000000000.0,2026-07-23,,
734,Freysa,FAI,freysa-ai,0.002278198650610023,-0.63232024,-6.56858185,-25.59588435,18657763.488900904,515468.75362305,8189700000.0,8189700000.0,8189700000.0,2026-07-23,,
735,MAX Exchange Token,MAX,max-exchange-token,0.2744142192517788,0.06852195,0.11190488,2.77580222,18641275.27266978,57872.34153506,67931156.49581613,285000000.0,500000000.0,2026-07-23,,
736,Comtech Gold,CGO,comtech-gold,132.10562170537509,-0.30727275,-0.46733319,2.03339795,18626892.660457887,866695.28021806,141000.0,141000.0,141000.0,2026-07-23,,
737,ChainGPT,CGPT,chaingpt,0.019847424323220293,-1.10784811,3.0099425,5.28618968,18517112.730505507,11051108.5115791,932973086.5300038,997766421.9854141,1000000000.0,2026-07-23,,
738,Apertum,APTM,apertum,0.15957979040215875,0.2958684,0.44319075,8.43801589,18474767.810072657,420308.33961863,115771350.26631,116067697.21944,2100000000.0,2026-07-23,,
739,Cetus Protocol,CETUS,cetus-protocol,0.019267104278555703,0.0195817,-0.61634881,3.93481104,18429404.09001844,1935233.4803658,956521739.0,1000000000.0,1000000000.0,2026-07-23,,
740,abrdn Physical Platinum Tokenised ETF (xStock),PPLTx,abrdn-physical-platinum-tokenised-etf-xstock,15.02,0.0,0.87306917,-20.06386376,18409583.353710573,915.80505748,1225671.32847607,1225671.32847607,,2026-07-23,,
741,τemplar,SN3,templar,4.33725777344052,-1.0347362,-3.56389325,-3.88035319,18296604.81129895,44762.83141649,4218473.0,4218473.0,21000000.0,2026-07-23,,
742,wojak (wojakcto.com),WOJAK,wojaknew,5.955163867058198e-08,-1.00360662,-7.03322079,-16.35754492,18217647.650705762,1411203.47269795,305913456915588.3,305913456915588.3,420690000000000.0,2026-07-23,,
743,Ergo,ERG,ergo,0.21904233091969955,0.61630779,-0.69619691,0.0103001,18246993.908980846,98892.4456225,83303505.0,83303505.0,97739924.0,2026-07-23,,
744,WAX,WAXP,wax,0.003954329333284293,-0.27769514,-1.39354676,-1.11413047,18215605.09333971,546488.76076574,4606496717.411907,4608433461.251633,,2026-07-23,,
745,Symbol,XYM,symbol,0.0027855135591243873,0.63819026,-1.8371099,-4.98670888,18188473.004631247,80734.56939363,6529665937.202871,8547007222.46258,8999999999.0,2026-07-23,,
746,Blast,BLAST,blast,0.00027619645633572077,0.15573149,0.84313838,-7.09417008,18193534.652758293,2549546.08379403,65871716437.38901,100000000000.0,100000000000.0,2026-07-23,,
747,RateX,RTX,ratex,1.036870518692587,-0.00518304,-2.43869403,0.77672927,18142734.553918745,5396771.9833331,17497589.35840448,99999989.35840449,100000000.0,2026-07-23,,
748,StrikeX,STRX,strikecoin,0.02077527589096314,0.0,-2.48794411,-1.73429479,18130188.410227317,0.0,872680993.7630533,880456959.285762,1000000000.0,2026-07-23,,
749,Flux,FLUX,zel,0.04311125983079268,-0.33207079,-0.26059614,-1.71207167,17890072.393279437,3096989.32114011,414974474.4991484,414974474.4991484,560000000.0,2026-07-23,,
750,Cobak Token,CBK,cobak-token,0.17889970743832212,-0.33624879,-0.74889666,-0.12266172,17889970.743832212,3322132.92978994,100000000.0,100000000.0,100000000.0,2026-07-23,,
751,Marvell Technology Tokenized Stock (Ondo),MRVLon,marvell-technology-tokenized-stock-ondo,214.38011129937186,-1.53493412,2.57533083,4.41288991,17862257.705159374,1861986.39432838,83320.49832839,83320.49832839,,2026-07-23,,
752,Yield Guild Games,YGG,yield-guild-games,0.01896846051926734,-0.48934373,0.58547917,-13.95438208,17702990.334634155,9002962.14833776,933285561.9280344,999716389.322777,1000000000.0,2026-07-23,,
753,Pocket Network,POKT,pocket-network,0.007548716627613403,-0.0011687,-1.69728054,-1.55675857,17658177.04565872,252361.82681914,2339229026.171766,2376297269.666254,,2026-07-23,,
754,WalletConnect Token,WCT,walletconnect-token,0.042316305329951114,-0.48656905,-1.09894877,-2.34515499,17654707.37691143,10061393.50634257,417208148.0,1000000000.0,1000000000.0,2026-07-23,,
755,Aevo,AEVO,aevo,0.01922648760638334,-0.66641109,0.27902872,0.2552764,17634108.301698934,4659342.84903298,917177836.2598208,1000000000.0,1000000000.0,2026-07-23,,
756,Chia,XCH,chia-network,1.22217713931326,-1.12054002,-0.38832064,-16.83261806,17613682.055246532,1688413.69780132,14411726.0,33191992.0,,2026-07-23,,
757,Young,YNG,young,0.65161947284148,0.0,-0.49687483,3.45024235,17593725.76671996,12607.74650783,27000000.0,100000000.0,100000000.0,2026-07-23,,
758,Oho,OHO,oho,0.0007249562276640039,0.08838101,-0.42114387,2.04606791,17488768.917652033,135264.48693162,24123896382.0,45000000000.0,45000000000.0,2026-07-23,,
759,Power Protocol,POWER,powerprotocol,0.08352751428720993,0.32527591,2.47964181,2.19908212,17540778.000314087,1894317.46743691,210000000.0,1000000000.0,1000000000.0,2026-07-23,,
760,龙虾 (Lobster),龙虾,lobster-2,0.017237218738365635,-0.06308516,2.17618857,16.14031989,17237218.738365635,2973732.3201283,1000000000.0,1000000000.0,1000000000.0,2026-07-23,,
761,OpenEden,EDEN,openeden,0.043219039865177604,-1.45595663,1.13814285,0.32568587,17231915.43530136,2327252.84053734,398711204.3455051,1000000000.0,1000000000.0,2026-07-23,,
762,Bitgo Tokenised Stock (xStock),BTGOx,bitgo-tokenised-stock-xstock,5.49,0.0,0.0,10.02004008,17228839.328530166,78.83444556,3138222.09991442,3138222.09991442,,2026-07-23,,
763,pippin,PIPPIN,pippin,0.017056250575988346,0.31152533,0.13101309,2.81106765,17056186.66621744,4146112.00043069,999996253.0,999996253.0,,2026-07-23,,
764,Big Time,BIGTIME,big-time,0.006621412629592363,-0.27421932,-1.52954337,-4.21825655,17027447.726894382,9176120.66649319,2571573269.8481064,5000000000.0,5000000000.0,2026-07-23,,
765,Nillion,NIL,nillion,0.03637707204550208,-0.92889076,-3.88718792,3.55797463,16936372.95634364,13269521.65683133,465578233.871018,1009771570.048289,,2026-07-23,,
766,Shentu,CTK,shentu,0.10426284629974253,0.14040629,-0.37474046,0.65044536,16868680.793955874,669612.71074618,161789951.0,161789951.0,,2026-07-23,,
767,Tensor,TNSR,tensor,0.03203774778277875,0.25000716,-0.30650924,-2.98385729,16880019.721663024,5268753.42200239,526879100.1200322,783790894.8576106,,2026-07-23,,
768,GameBuild,GAME,gamebuild,0.000878523803378758,0.20489519,0.31375356,-0.35708898,16869206.623139124,229685.86777299,19201763866.0,21419639000.0,21419639400.0,2026-07-23,,
769,Autonomi,ANT,autonomi,0.049342149674607934,-0.6596598,-8.75206145,-15.82700455,16841028.365362193,532416.83086375,341311201.0,1200000000.0,1200000000.0,2026-07-23,,
770,Definitive,EDGE,definitive,0.06586744703419177,-0.57216973,0.27986646,-0.80276899,16806308.192324456,1395206.76852869,255153477.91755623,1000000000.0,1000000000.0,2026-07-23,,
771,STBL,STBL,stbl,0.024037214057113673,0.71230491,8.47943036,4.68502204,16826049.83997957,3803927.83088187,700000000.0,10000000000.0,10000000000.0,2026-07-23,,
772,iShares Core MSCI EAFE Tokenized ETF (Ondo),IEFAon,ishares-core-msci-eafe-tokenized-etf-ondo,98.87186617562591,0.22669115,-0.23447681,-0.566124,16829045.991562095,1485382.90673926,170210.66398877,170210.66398877,,2026-07-23,,
773,SanDisk Tokenized Stock (Reality),rSNDK,sandisk-tokenized-stock-reality,1587.0121590969004,-2.74403279,-0.9746588,0.51532474,16723966.66674089,0.0,10538.02050027,10538.02050027,,2026-07-23,,
774,Atletico De Madrid Fan Token,ATM,atletico-de-madrid-fan-token,1.8913795994460276,-0.97467231,18.65289074,-34.14227381,16689926.992468432,18524563.89983631,8824208.0,10000000.0,10000000.0,2026-07-23,,
775,Intel Tokenized Stock (Ondo),INTCon,intel-tokenized-stock-ondo,103.18568995505967,-1.33515168,-2.71275976,0.70667249,16679744.80200866,1491799.71552958,161647.8487402,161647.8487402,,2026-07-23,,
776,Moonbirds,BIRB,moonbirds,0.05850246013223812,-0.4195612,1.64696903,-10.32196915,16673201.137687864,6478616.51111301,285000000.0,1000000000.0,1000000000.0,2026-07-23,,
777,Loopring,LRC,loopring,0.012196513642879594,1.54172152,-0.45052579,15.51619954,16689794.626224425,3616054.99745036,1368406998.500595,1373873397.4424574,,2026-07-23,,
778,Sonic SVM,SONIC,sonic-svm,0.02284090752317149,0.38761494,-1.97261247,-0.95561588,16598582.720519995,873281.55392342,726704168.9863319,2399996735.47541,,2026-07-23,,
779,Velodrome Finance,VELO,velodrome-finance,0.018127217691040032,-0.41850759,-3.88685793,-14.77305716,16590075.14828346,2629224.68229144,915202511.0,2551736679.1548033,,2026-07-23,,
780,Usual,USUAL,usual,0.008850576564085985,0.13270423,-1.36602785,-1.23464966,16549809.993589362,34605103.05655251,1869913205.513125,1869913205.513125,3000000000.0,2026-07-23,,
781,Spell Token,SPELL,spell-token,8.47637379364811e-05,0.14733743,1.21884027,-4.04623332,16549467.026141902,10438995.59321043,195242298523.26096,196008739620.0,,2026-07-23,,
782,Codatta,XNY,codatta,0.006623819204274574,-0.34401189,3.29372878,11.52539644,16559548.010686435,3921531.72607488,2500000000.0,10000000000.0,10000000000.0,2026-07-23,,
783,Global Commercial Business,GCB,global-commercial-business,0.01370578744856645,-0.00552597,0.01650041,1.51082522,16472228.639976755,48.97422774,1201844746.3738875,1201844746.3738875,2500000000.0,2026-07-23,,
784,Liquity,LQTY,liquity,0.17095770148807296,-0.35865625,0.96591825,1.0078007,16456012.220112806,3131389.6902874,96257799.89362384,100000000.0,100000000.0,2026-07-23,,
785,RollX,ROLL,rollx,0.10552849908974614,0.33376133,-11.61784214,88.2903983,16356917.358910652,357659.01283002,155000000.0,1000000000.0,1000000000.0,2026-07-23,,
786,Moonriver,MOVR,moonriver,1.3093025545819321,-0.00767652,-1.26260098,-3.59585825,16337362.057448545,1559523.97876009,12477912.0,12592435.0,,2026-07-23,,
787,Taiko,TAIKO,taiko,0.0806728449718357,-2.50165222,-2.15642629,0.17162729,16269602.663892988,6648454.89878409,201673842.9092589,1000000000.0,1000000000.0,2026-07-23,,
788,Adshares,ADS,adshares,0.41893127812018416,-0.05509417,-0.36742395,0.16872002,16233461.79332848,363502.91915686,38749701.063551,38758206.0,38758206.0,2026-07-23,,
789,Abey,ABEY,abeychain,0.01548670533185322,0.08556402,1.06197925,2.90042222,16219875.054318395,20358.37371905,1047341878.5180334,1344633144.5170543,1344633159.8579574,2026-07-23,,
790,MediBloc,MED,medibloc,0.0014038450085167443,-1.26582302,-0.50788633,1.6327282,16198374.720758377,66856.36242079,11538577708.0,12328795620.0,,2026-07-23,,
791,RIZE,RIZE,rize,0.008182924094662904,-0.07440045,-1.26675634,-20.54698024,16127831.033456203,294679.92001436,1970912945.8960953,4944599051.7591095,5000000000.0,2026-07-23,,
792,Acurast,ACU,acurast,0.07422424998300495,0.10719547,-0.48689942,-1.63659616,16106662.246312074,2064220.7690662,217000000.0,1000000000.0,,2026-07-23,,
793,TAC Protocol,TAC,tac-protocol,0.0033398139701757853,-0.88572422,0.66941343,10.67844356,16139980.40670692,4344665.03421799,4832598627.0,10288387688.0,,2026-07-23,,
794,MobileCoin,MOB,mobilecoin,0.08106889871052976,-0.00943871,-0.2136625,-1.9540769,16084047.372359756,5887.83872199,198399727.0,250000000.0,,2026-07-23,,
795,Chintai,CHEX,chex-token,0.012859911090633929,-0.41027787,2.13452797,2.82729959,16061023.553295743,305757.32941667,1248921819.1401987,1248921819.1401987,,2026-07-23,,
796,MEET48,IDOL,meet48,0.015269628464757228,-0.16213956,3.14861094,1.01635448,15978139.225521963,1811032.23191572,1046400000.0,4800000000.0,4800000000.0,2026-07-23,,
797,Bifrost,BFC,bifrost,0.011520987163136636,0.04421215,1.21886529,-2.46910289,15975445.09575422,18131.45019506,1386638564.0,2584913482.0,,2026-07-23,,
798,Pixels,PIXEL,pixels,0.004578171135545786,-0.29018114,0.8273006,-2.5344257,15875257.773278663,5094092.14676331,3467598152.9,5000000000.0,5000000000.0,2026-07-23,,
799,Araracoin,ARARA,araracoin,0.00043647031129504627,-0.09703316,-0.15198631,0.02872849,15822048.784445427,14703.34508556,36250000000.0,100000000000.0,100000000000.0,2026-07-23,,
800,Humidifi,WET,humidifi,0.06871270596798516,0.04117247,0.12715448,3.83151594,15803922.372636586,4029027.33276598,230000000.0,999999727.13254,1000000000.0,2026-07-23,,
801,Micron Tokenized Stock (Reality),rMU,micron-tokenized-stock-reality,963.8058299307056,-2.02470037,-0.81239938,7.50098583,15802338.535624098,0.0,16395.76981679,16395.76981679,,2026-07-23,,
802,Mango Network,MGO,mango-network,0.009825485326819544,-0.47840989,-1.27397847,-1.74525766,15749890.035289241,895408.31579196,1602963061.0,10000000000.0,10000000000.0,2026-07-23,,
803,Particle Network,PARTI,particle-network,0.02901871141342757,-0.44501933,-2.65565777,-5.69603925,15639573.867159925,11669195.098429,538947909.9999996,1000000000.0,1000000000.0,2026-07-23,,
804,Goldgr,GOLDGR,goldgr,132.46950389051912,7e-08,0.19494154,2.22375158,15586819.334114013,0.0,117663.45367305,10000000000.0,100000000.0,2026-07-23,,
805,Fulcrom Finance,FUL,fulcrom-finance,0.0009326193017483333,9.40840866,-7.64685069,-0.93912125,15580708.294875255,433.16502225,16706396989.282663,20000000000.0,,2026-07-23,,
806,Tokamak Network,TOKAMAK,tokamak-network,0.3551037900953998,-0.02637424,-0.02851776,-0.00841235,15568266.478693126,315622.00001143,43841454.0,105579570.27697863,,2026-07-23,,
807,EVAA Protocol,EVAA,evaa-protocol,0.8653874044844163,-1.38149486,1.35965887,-17.10927519,15450919.134068744,30666772.77256729,17854337.9,50000000.0,50000000.0,2026-07-23,,
808,Enso,ENSO,enso,0.7477459052904093,-0.09025137,1.73300774,0.767694,15396088.189929528,7507959.48517932,20590000.0,100000000.0,127339703.0,2026-07-23,,
809,DeBox,BOX,debox,0.030265431898856207,0.3998614,-3.89695188,2.74485363,15381267.2799481,10126.57013483,508212383.4,1000000000.0,1000000000.0,2026-07-23,,
810,Bluwhale,BLUAI,bluwhale,0.01252436874152929,-0.25317943,6.21288112,-26.31317618,15379924.814597968,261917982.26038727,1228000000.0,10000000000.0,10000000000.0,2026-07-23,,
811,Zentry,ZENT,zentry,0.0019183911200508815,-0.96543489,0.56396105,-0.27965509,15365568.634866351,1399545.06562041,8009612051.612713,9706992814.355925,10000000000.0,2026-07-23,,
812,Bless,BLESS,bless,0.007904383963867766,-1.65348283,-17.27810906,-2.13442378,15347415.487945992,7877277.95233425,1941633346.5203035,9999966679.520304,10000000000.0,2026-07-23,,
813,Faith Tribe,FTRB,faith-tribe,0.004600239117628131,-0.41498864,0.08433663,-0.81479941,15189653.529234642,65027.76760059,3301926952.237731,5000000000.0,5000000000.0,2026-07-23,,
814,Caldera,ERA,caldera,0.10338161796982753,1.82529825,17.0297331,28.27894567,15352170.268519389,130604292.38742264,148500000.0,1000000000.0,1000000000.0,2026-07-23,,
815,Animecoin,ANIME,anime,0.002729960581332,-0.18867258,-0.57311761,-2.15414288,15120172.386461882,4070361.70784262,5538604656.0,10000000000.0,,2026-07-23,,
816,Mira,MIRA,mira-network,0.04845318540533948,-2.14809891,-0.69795064,12.8135089,15010219.211676871,82075957.1588275,309788078.66,1000000000.0,1000000000.0,2026-07-23,,
817,Banana Gun,BANANA,banana-gun,3.726833590972978,-0.4014717,1.74995576,10.62051948,14943606.639633222,6823324.35823869,4009732.73285643,8402893.46593683,10000000.0,2026-07-23,,
818,Infinex,INX,infinex,0.007419506012420284,-0.44638668,4.722343,5.50278728,14796720.840569772,3389091.88135223,1994300000.0,10000000000.0,10000000000.0,2026-07-23,,
819,Chromia,CHR,chromia,0.015177593136565809,-0.45399635,0.02351377,-0.24965482,14795602.188149469,702495.50534981,974831915.3782,974831915.3782,978064789.0,2026-07-23,,
820,Rujira,RUJI,rujira,0.184615542984391,1.89392829,-2.58449427,-13.29533084,14760012.661602061,9515.71284705,79950000.0,100000000.0,100000000.0,2026-07-23,,
821,Corn,CORN,use-corn,0.027992490768560793,1.65396248,21.33275183,18.15390741,14696057.653494416,2907182.08173423,525000000.0,2100000000.0,2100000000.0,2026-07-23,,
822,Hermez Network,HEZ,hermez-network,3.1257213807946345,0.0,-0.47652952,0.24645112,14690890.489734782,0.0,4700000.0,100000000.0,100000000.0,2026-07-23,,
823,Tether Gold Tokens,XAUT0,tether-gold-tokens,4107.888732886053,-0.31816861,-0.07200886,2.06533857,14671850.369965684,193947.7496043,3571.627988,3571.627988,,2026-07-23,,
824,Xai,XAI,xai-games,0.007013265540473271,-0.12949973,-0.54673926,-0.2650883,14627260.746695684,3375096.51631474,2085656198.5686064,2210979767.5292287,2500000000.0,2026-07-23,,
825,SynFutures,F,synfutures,0.0032615683307244585,0.02878323,-0.31666379,-4.14577694,14626167.788800817,3074847.68360403,4484397169.0,10000000000.0,10000000000.0,2026-07-23,,
826,TEXITcoin,TXC,texitcoin,0.2305479956981163,-1.4431173,-6.99854033,-25.33800061,14514179.962606335,138149.74065884,62955134.0,69218556.0,353396296.0,2026-07-23,,
827,Intel Tokenized bStocks,INTCB,intel-tokenized-bstocks,102.79765743309726,-1.82297356,-2.80410223,0.36344118,14459470.489335885,3731371.2508961,140659.53301267,140659.53301267,,2026-07-23,,
828,Secret,SCRT,secret,0.0409299157980499,-0.14835176,-0.11916093,0.17626795,14431159.565425547,6411470.328364,352582195.297678,361499632.721713,,2026-07-23,,
829,Treasure,MAGIC,magic-token,0.04279828848294698,-0.21963782,-1.10362583,-0.71656354,14406552.630158512,2168868.31828266,336615157.77433056,347687042.97175324,,2026-07-23,,
830,Tesla Tokenized Stock (Ondo),TSLAon,tesla-tokenized-stock-ondo,358.4854145247206,-0.45978985,-5.41151014,-9.15891298,14410638.551619913,5627701.71712925,40198.67466777,40198.67466777,,2026-07-23,,
831,Adventure Gold,AGLD,adventure-gold,0.15472847628681172,-1.18182178,-0.78669588,-4.94192149,14363444.608433207,6939527.11946905,92830001.0,92830001.0,96000000.0,2026-07-23,,
832,Braintrust,BTRST,braintrust,0.059396102538119194,-0.05726897,0.56361461,0.59223438,14335117.607019639,26368.29889546,241347782.0,250000000.0,250000000.0,2026-07-23,,
833,Mey Network,MEY,mey-network,0.050400026267016035,0.04569957,4.05333011,7.5740179,14329195.332668496,480653.10639733,284309283.03,2300000000.0,2300000000.0,2026-07-23,,
834,INFINIT,IN,infinit,0.04131979998692655,0.09871065,-0.7693041,-9.81783844,14258168.963312162,3891063.05883248,345068683.0,1000000000.0,1000000000.0,2026-07-23,,
835,iShares Core US Aggregate Bond Tokenized ETF (Ondo),AGGon,ishares-core-us-aggregate-bond-tokenized-etf-ondo,100.65510610420368,-0.06679527,-0.10489789,-0.53096116,14259099.332864355,1134333.41819082,141662.95069127,141662.95069127,,2026-07-23,,
836,AO,AO,ao,1.9986381340854205,0.32711851,-4.45132174,-7.23416029,14287036.918453587,305732.47731212,7148386.03086664,7148386.03086664,21000000.0,2026-07-23,,
837,Namecoin,NMC,namecoin,0.9654525568707413,-0.02194093,-2.65413358,1.78185168,14227295.059069993,8586.22172222,14736400.0,14736400.0,,2026-07-23,,
838,Yei Finance,CLO,clovis,0.1101317039880988,4.35029396,-7.45406575,-47.64036947,14218002.984863555,6140373.27016891,129100000.0,999986862.9799656,1000000000.0,2026-07-23,,
839,QuarkChain,QKC,quarkchain,0.0019493348457261387,-0.21193533,-0.38640632,0.16993814,14141933.476874325,354720.86826348,7254748207.0,10000000000.0,,2026-07-23,,
840,Gradients,SN56,gradients,3.3814633835484997,-0.46417401,-3.13933777,-4.39943043,14119432.235078719,20677.94567309,4175539.0,4175539.0,21000000.0,2026-07-23,,
841,NYM,NYM,nym,0.016835253711234514,0.32136362,0.75887238,-3.58131594,14097426.917966316,1235780.09188357,837375376.681066,1000000000.0,1000000000.0,2026-07-23,,
842,哈基米,哈基米,hajimi,0.013976971430571711,3.89445035,5.09736189,-6.70602104,13976971.43057171,1795781.71788252,1000000000.0,1000000000.0,1000000000.0,2026-07-23,,
843,Orchid,OXT,orchid,0.013936970362743335,1.10315701,-6.39622276,253.12324572,13898150.805316828,6232276.2945665,997214634.4279902,1000000000.0,,2026-07-23,,
844,Biconomy,BICO,biconomy,0.013839022997613274,-0.27015806,-0.16254769,-1.87359152,13842383.266523471,2727054.50525314,1000242811.1370851,1000000000.0,1000000000.0,2026-07-23,,
845,Defigram,DFG,defigram,1.37964185428608,-0.18332432,-0.83912407,1.40115676,13796418.5428608,0.0,10000000.0,1000000000.0,1000000000.0,2026-07-23,,
846,Metadium,META,metadium,0.007951473149690724,0.31437849,0.38399749,1.14635727,13832452.028047848,44849.12113676,1739608720.0,2000000000.0,2000000000.0,2026-07-23,,
847,Newton Protocol,NEWT,newton-protocol,0.04530341306969121,-0.00271499,-0.9043547,-1.44873667,13762363.425424993,4497639.85242343,303782044.064849,1000000000.0,1000000000.0,2026-07-23,,
848,zkPass,ZKP,zkpass,0.04769352545300953,1.16938472,0.99554675,4.00719181,13751633.156386573,8762499.14597613,288333333.0,1000000000.0,1000000000.0,2026-07-23,,
849,MovieBloc,MBL,moviebloc,0.0007001018931496017,-0.11951637,-0.24091834,0.19253356,13671510.807733301,1690691.47042457,19527887214.0,30000000000.0,30000000000.0,2026-07-23,,
850,Electroneum,ETN,electroneum,0.000758184944953048,-0.0330591,-2.44242495,-4.22018607,13632027.020779166,243330.1768442,17979817604.56,17979817604.56,21000000000.0,2026-07-23,,
851,Boundless,ZKC,boundless,0.04365725134106324,1.12022294,1.69488418,0.94018133,13480448.305571098,8544171.22096366,308779135.0,1060101733.0,,2026-07-23,,
852,tokenbot,CLANKER,tokenbot-2,13.608804413844947,-0.07011464,-1.79229473,-6.15393065,13422054.282867653,2262868.58686866,986277.25659814,1000000.0,1000000.0,2026-07-23,,
853,Goatseus Maximus,GOAT,goatseus-maximus,0.013397082653568457,-0.10879044,-1.12007321,-1.6232219,13396802.893814314,3694962.49779164,999979117.860106,999979117.860106,1000000000.0,2026-07-23,,
854,PDD Holdings Tokenized Stock (Ondo),PDDon,pdd-holdings-tokenized-stock-ondo,84.89761325319323,0.17628529,-0.3973746,-1.30082886,13370622.478884121,1096537.0676742,157491.14688311,157491.14688311,,2026-07-23,,
855,Celer Network,CELR,celer-network,0.0017099135026459249,0.23778632,0.25558519,-2.40950732,13350019.901427556,1549148.96999286,7807424106.9912,10000000000.0,10000000000.0,2026-07-23,,
856,EGL1,EGL1,egl1,0.013330776785585117,-0.15991361,-2.36097416,14.82019339,13330776.785585117,1637129.978833,1000000000.0,1000000000.0,1000000000.0,2026-07-23,,
857,FLock.io,FLOCK,flock-io,0.03188763398431542,0.16894432,-2.00216479,-7.16662334,13234503.047094608,2877287.83434061,415035591.9665995,415511112.73659956,1000000000.0,2026-07-23,,
858,Coin98,C98,coin98,0.013213435541881285,0.1063818,-0.797092,-2.73826485,13213420.465351332,8737931.22716583,999998859.0,1000000000.0,,2026-07-23,,
859,Strategy Stretch Preferred Tokenized Stock (Ondo),STRCon,strategy-stretch-perferred-tokenized-stock-ondo,89.84122510639982,-0.01147777,-0.17974293,-0.46346154,13208901.468593528,719212.51576235,147024.94821225,147024.94821225,,2026-07-23,,
860,Quai Network,QUAI,quai-network,0.016830756646436164,-0.14866835,-2.17518622,-2.16325036,13169805.475385742,312295.01806848,782484457.0,1042017367.0,,2026-07-23,,
861,Aurora,AURORA,aurora-near,0.018205096470505003,-0.03729983,-1.53020735,-7.70930647,13154358.649683982,385324.30694822,722564622.0,999739990.0,1000000000.0,2026-07-23,,
862,GYEN,GYEN,gyen,0.006246029748586189,0.74317495,3.32803769,13.19790378,13109047.518680502,3744.26804447,2098780833.0,2098780833.0,,2026-07-23,,
863,Gains Network,GNS,gains-network,0.557963814524358,-0.53245689,-0.13537505,-11.30970538,13077004.066832056,620693.5461176,23437011.01473701,23437011.01473701,,2026-07-23,,
864,SK Hynix Tokenized bStocks,SKHYB,sk-hynix-tokenized-bstocks,166.3990904545543,-2.38786873,-2.73131893,-2.01422082,12902074.13096539,16656657.14090209,77536.92700916,77536.92700916,,2026-07-23,,
865,ARPA,ARPA,arpa-chain,0.008477565950254319,-0.15238696,0.9786307,-2.7472975,12882395.604954677,6420213.83375747,1519586598.3877385,1999999999.9877386,,2026-07-23,,
866,JOE,JOE,joe,0.028108869964100478,-0.07849698,1.79618912,0.24447491,12850859.746584987,5282446.75341489,457181657.0,464573155.0,500000000.0,2026-07-23,,
867,SaucerSwap,SAUCE,saucerswap,0.01403852881736047,0.03555053,4.24603368,6.4846731,12834401.323201986,33510.44623472,914226945.727431,914426907.464283,1000000000.0,2026-07-23,,
868,Opinion,OPN,opinion,0.07113509156836724,2.02293989,4.51449285,10.1537507,12823128.417963242,38696314.79174671,180264453.66474378,1000000000.0,1000000000.0,2026-07-23,,
869,SoFi Technologies Tokenized Stock (Ondo),SOFIon,sofi-technologies-tokenized-stock-ondo,17.04228548779887,0.14981581,-3.16834329,-5.02539448,12831286.986254307,777210.18179153,752908.81586514,752908.81586514,,2026-07-23,,
870,Firo,FIRO,firo,0.6799260599693261,0.43200092,4.38176036,5.35116762,12808162.960276714,263856.86456055,18837582.07599005,18837582.07599005,21400000.0,2026-07-23,,
871,Recall,RECALL,recall-network,0.03864731933075517,-1.45944665,4.60787172,14.41750869,12731762.876477307,7999940.97871598,329434566.14714,1000000000.0,1000000000.0,2026-07-23,,
872,Orderly,ORDER,orderly-network,0.03246120707415046,0.27496441,-0.12098837,-4.71576641,12726340.432939796,5082627.26298872,392047664.8902575,994601729.7824053,1000000000.0,2026-07-23,,
873,MetaMUI,MMUI,metamui,0.02668595674737288,-0.00552597,-0.36510124,-0.36733316,12709093.259914108,681879.75654602,476246491.0,800000000.0,800000000.0,2026-07-23,,
874,Fluent,BLEND,fluent,0.06346854753383437,1.04944341,2.59187724,3.48782129,12693709.506766874,16858885.8655039,200000000.0,1000000000.0,1000000000.0,2026-07-23,,
875,Radworks,RAD,radworks,0.21477402371990395,-0.24879347,0.15327274,0.26799041,12687985.692584243,1984994.00621769,59075978.89552598,99998580.0,99999620.0,2026-07-23,,
876,Lucidum Coin,LUCIC,lucidum-coin,0.07663655852316398,-0.13989182,-0.04846275,-2.00433438,12576472.707884442,23536.65265954,164105395.0,210000000.0,210000000.0,2026-07-23,,
877,Hippo Protocol,HP,hippo-protocol-ai,0.008894052206543268,0.28920645,0.46675135,-0.0436476,12561697.516715541,70561.3710597,1412370562.3713365,1412372213.4128468,,2026-07-23,,
878,Alien Worlds,TLM,alien-worlds,0.0018049280555417196,1.19346312,5.18739576,9.72612971,12601282.869084967,45178777.91499292,6981598424.5992,7045736054.231,10000000000.0,2026-07-23,,
879,Eesee,ESE,eesee,0.00918384426157434,-0.17359432,20.43005751,31.12667918,12505945.489044365,556009.33250253,1361733184.1492414,1364770974.1558576,1364770974.1558576,2026-07-23,,
880,Citrea,CTR,citrea,0.008342953363354466,-0.92173129,0.32740863,0.75839354,12514430.045031698,6642766.20693382,1500000000.0,10000000000.0,10000000000.0,2026-07-23,,
881,DeAgentAI,AIA,deagentai,0.06580963108853365,0.37019825,16.38924937,21.00778103,12434828.508625066,7267682.2407022,188951500.0,1000000000.0,1000000000.0,2026-07-23,,
882,USD CoinVertible,USDCV,usd-coinvertible,0.9992809166052433,-0.02039835,-0.01928054,-0.00848183,12413518.22176372,17978081.53669527,12422451.0,12422451.0,,2026-07-23,,
883,Solend,SLND,solend,0.1233510003922989,0.15866281,-0.18176752,-0.77710841,12335100.03922989,1.75822727,100000000.0,100000000.0,,2026-07-23,,
884,iShares Core S&P Total US Stock Market Tokenized ETF (Ondo),ITOTon,ishares-core-sp-total-us-stock-market-tokenized-etf-ondo,163.34197321162966,-0.26114595,-0.1848037,-1.91885155,12331771.04071501,1272804.81444846,75496.64546257,75496.64546257,,2026-07-23,,
885,MyNeighborAlice,ALICE,myneighboralice,0.12376817361168316,-0.16814329,1.64945904,2.97400896,12309632.387032254,14430334.22555407,99457170.836609,99457170.836609,99457170.836609,2026-07-23,,
886,HeyElsa,ELSA,heyelsa,0.0480958110945806,0.14656746,0.82437409,-10.57199789,12295533.177745609,5042286.61363818,255646654.0,1000000000.0,1000000000.0,2026-07-23,,
887,OG Fan Token,OG,og-fan-token,2.5847656449252456,-0.22440328,-0.69863056,-2.35250885,12290033.349427978,3917637.4944187,4754796.0,5000000.0,5000000.0,2026-07-23,,
888,USDB,USDB,usdb,0.9965459574607597,-0.22060696,-0.27065863,-0.07653283,12267920.533614216,6475.41729319,12310441.3216159,12310441.3216159,,2026-07-23,,
889,iShares Gold Trust Tokenized ETF (Ondo),IAUon,ishares-gold-trust-tokenized-etf-ondo,77.40936054918096,-0.02059669,0.33886375,1.87933351,12237757.565884067,1691595.62048459,158091.44370995,158091.44370995,,2026-07-23,,
890,DIA,DIA,dia,0.1022636657772579,-0.14619222,-1.25109529,-1.98265237,12238517.100980358,4246909.46000003,119676104.0,168817248.0,200000000.0,2026-07-23,,
891,IBS,IBS,ibs,24.902909896463544,0.41648079,0.70160412,-13.25766068,12175282.827689616,1705050.20901325,488910.04618776,938030.24518776,871020.0,2026-07-23,,
892,StablR Euro,EURR,stablr-euro,1.0199046634745084,-0.00751489,0.0262527,0.00611671,12120079.853399953,73.798621,11883541.95,11883541.95,,2026-07-23,,
893,Wirex Token,WXT,wirex-token,0.0012114020729533902,0.15948834,-0.0623033,0.2704564,12114020.729533901,276457.60191422,10000000000.0,10000000000.0,10000000000.0,2026-07-23,,
894,CZ's Dog,BROCCOLI,broccoli-714,0.012503199713583527,0.00819362,-1.89985616,0.54411485,12092164.380668446,3456652.74062883,967125588.4628851,967125588.4628851,1000000000.0,2026-07-23,,
895,IXS,IXS,ix-swap,0.06696203876628518,-1.22702292,-0.3313402,-0.75182755,12053166.977931332,125327.36094104,180000000.0,180000000.0,180000000.0,2026-07-23,,
896,Superform,UP,superform,0.06267501700317339,-0.73766545,5.79876189,4.13937478,12025876.375138056,3084625.68070395,191876715.0,1000000000.0,1000000000.0,2026-07-23,,
897,XSGD,XSGD,xsgd,0.7746779155160815,-0.02764285,0.07640412,-0.15547613,11987520.315129785,172371.44058839,15474199.115569,83617320.371568,,2026-07-23,,
898,DIAM,DIAM,diam,0.005808899284137588,0.15847463,0.07845231,-0.29566842,11942271.360545564,183586.03005072,2055857878.8164618,5401462494.44995,10000000000.0,2026-07-23,,
899,ResearchCoin,RSC,researchcoin,0.09226234350236845,-0.30485354,-0.88872316,13.47707724,11952871.898823183,699439.30959756,129553092.24847884,1000000000.0,1000000000.0,2026-07-23,,
900,Metaplex,MPLX,metaplex,0.0252650547116552,-0.75386771,-1.22176498,-12.26764367,11802391.810938189,1066881.93682467,467142935.0,999982241.0,1000000000.0,2026-07-23,,
901,Bitcoin Diamond,BCD,bitcoin-diamond,0.06321034397945764,0.0,0.0,0.0,11788280.229335021,0.0,186492897.953,189492897.953,210000000.0,2026-07-23,,
902,Bulla,BULLA,bulla-mascot,0.011797525731939242,3.89824525,0.40868049,66.85612322,11797525.731939241,1304821.66808341,1000000000.0,1000000000.0,1000000000.0,2026-07-23,,
903,Unicorn Fart Dust,UFD,unicorn-fart-dust,0.011685941949749137,-0.37251681,3.63886888,-5.18658962,11685941.949749136,2008280.32905511,1000000000.0,1000000000.0,1000000000.0,2026-07-23,,
904,Hamster Kombat,HMSTR,hamster-kombat,0.0001810495514569974,-0.10530239,-1.55274319,-2.76614941,11655064.875044208,13019286.99221608,64375000000.0,100000000000.0,100000000000.0,2026-07-23,,
905,Lumia,LUMIA,lumia,0.06687939284743508,-1.9857306,-0.40586665,-11.20728205,11615403.161210885,5110549.34969478,173676863.1812774,238888888.0,238888888.0,2026-07-23,,
906,Doodles,DOOD,doodles,0.001484026188565227,-0.86089782,-2.48862128,1.83914125,11575404.270808771,8862439.13338131,7800000000.0,10000000000.0,10000000000.0,2026-07-23,,
907,AVA (Travala),AVA,ava,0.15746449893988826,-0.54748729,-1.43465967,-4.51988221,11538835.821487607,8674694.33733924,73278967.0,73278967.0,100000000.0,2026-07-23,,
908,Felysyum,FELY,felysyum,0.2624859213950166,-0.34787693,0.86856253,1.77705643,11488284.580802748,160080.40213066,43767241.0,500000000.0,500000000.0,2026-07-23,,
909,Sleepless AI,AI,sleepless-ai,0.020022048716089078,0.00479414,-1.07288126,-1.44909019,11480142.149150753,3941612.70949436,573374998.33,1000000000.0,1000000000.0,2026-07-23,,
910,ISLM,ISLM,islamic-coin,0.0052382052316124585,0.0004164,0.77665617,-10.89020641,11453120.375687826,1045.17760571,2186458886.06435,18162982098.425728,100000000000.0,2026-07-23,,
911,Origin Protocol,OGN,origin-protocol,0.0170399481528515,-0.27275218,-0.78874487,0.56961469,11448241.965836897,2027872.56025479,671847230.0,1409664846.0,1409664846.0,2026-07-23,,
912,Freedom Dollar,FUSD,freedom-dollar,0.999505237193333,0.07411278,0.06460164,0.07706536,11394359.704003995,203279.80921938,11400000.0,11400000.0,,2026-07-23,,
913,Circle Tokenized Stock (Reality),rCRCL,circle-tokenized-stock-reality,66.33873948157233,-0.30214099,-6.07258017,1.54390521,11367458.654038697,0.0,171354.75806254,171354.75806254,,2026-07-23,,
914,Initia,INIT,initia,0.05649381616265067,0.81046346,0.66540021,3.68443761,11343669.480574004,6869506.5578333,200794887.849576,1000000000.0,1000000000.0,2026-07-23,,
915,Tutorial,TUT,tutorial,0.013595840865435594,0.47661029,-7.75517415,3.38501795,11338575.532902779,6918936.87910258,833973833.9927609,833973833.9927609,1000000000.0,2026-07-23,,
916,Vanar Chain,VANRY,vanar,0.004733841609706889,0.54429776,0.2354981,-15.72580161,11244145.80629439,7878442.79035325,2375268700.0,2377565576.0,2400000000.0,2026-07-23,,
917,iShares TIPS Bond Tokenized ETF (Ondo),TIPon,ishares-tips-bond-tokenized-etf-ondo,111.61134601886262,0.03449828,-0.33832112,-0.1838506,11180099.734713042,1738414.28904654,100169.92119084,100169.92119084,,2026-07-23,,
918,Radix,XRD,radix-protocol,0.000827284193026951,0.16961664,1.20318403,-4.11506043,11161493.31196123,149777.65638074,13491728001.1388,13491728014.679014,24000000000.0,2026-07-23,,
919,Katana,KAT,katana-network,0.004763486158161045,0.00180635,-1.35057967,-2.23857647,11156084.582413167,3616976.41857973,2342000000.0,10000000000.0,10000000000.0,2026-07-23,,
920,saffron.finance,SFI,saffron-finance,111.95689908503381,-0.13573887,-1.421281,-5.9438451,11117430.689968351,12189.85930002,99300.98797685,100000.0,100000.0,2026-07-23,,
921,iShares MSCI EAFE Tokenized ETF (Ondo),EFAon,ishares-msci-eafe-tokenized-etf-ondo,105.70909336690848,-0.02093651,0.72025174,-0.60388927,11044231.179440094,719592.1565187,104477.58870759,104477.58870759,,2026-07-23,,
922,YieldBasis,YB,yieldbasis,0.07286740736731678,-1.54937393,-2.62243529,-2.37336675,10958863.254808111,5099016.17526549,150394581.7581468,743429679.600315,1000000000.0,2026-07-23,,
923,Mubarak,MUBARAK,mubarak,0.010941369612988614,0.06906312,0.42270939,-10.56706028,10941369.612988614,4200682.98819021,1000000000.0,1000000000.0,1000000000.0,2026-07-23,,
924,KONET,KONET,konet,0.023694722063755353,-2.12430324,-13.34780641,23.00840853,10904131.06350906,696957.31527215,460192402.095679,999997956.2,1000000000.0,2026-07-23,,
925,Mind Network,FHE,mind-network,0.021072436819867698,-0.17975939,4.71916782,7.25964467,10899072.79135089,5619910.16446047,517219384.0,1000000000.0,1000000000.0,2026-07-23,,
926,Everlyn AI,LYN,everlyn,0.04253594082129603,0.39769669,2.10239333,19.15089956,10873827.085160743,1254408.08054658,255638570.0,1000000000.0,1000000000.0,2026-07-23,,
927,Avail,AVAIL,avail,0.002763739954424866,-0.08665166,-0.72808917,-1.48083555,10860433.041335685,476458.3038681,3929614660.0,11052895283.0,,2026-07-23,,
928,Test,TST,test-token-bsc,0.011528092736420237,0.34470815,-0.87520346,4.04236849,10831246.265482182,4659567.10186664,939552319.1154997,939552319.1154997,,2026-07-23,,
929,AMD Tokenized Stock (Ondo),AMDon,amd-tokenized-stock-ondo,551.1989170243121,-1.05819984,2.11995549,4.24895231,10789704.99885129,5465142.83218637,19574.97496022,19574.97496022,,2026-07-23,,
930,Fartboy,FARTBOY,fartboy,0.010783732306637801,-0.44925255,-5.93717139,15.20373077,10777698.344711749,414379.69992756,999440457.0,999440457.0,999440457.0,2026-07-23,,
931,Aergo,AERGO,aergo,0.02200203044122809,-0.18873684,1.01234321,-1.53341934,10780994.823109439,1843398.07047642,489999995.7689212,500000000.0,500000000.0,2026-07-23,,
932,Solv Protocol,SOLV,solv-protocol,0.0025339176469769773,-0.29467837,-0.96348169,-4.48096439,10780675.510154728,4235412.4225867,4254548494.508622,9660000000.0,9660000000.0,2026-07-23,,
933,Osaka Protocol,OSAK,osaka-protocol,1.4255472104230406e-08,-0.056494,-0.99422645,-19.57744542,10704002.612955047,63088.87969209,750869738630302.0,761459789745212.0,1000000000000000.0,2026-07-23,,
934,Microsoft Tokenized Stock (Ondo),MSFTon,microsoft-tokenized-stock-ondo,390.66165404330565,-0.00806453,-1.86654646,-2.04014338,10713591.320946727,2840273.76021823,27424.2204477,27424.2204477,,2026-07-23,,
935,Ponke,PONKE,ponke,0.019227101821894594,0.00260951,-0.79763245,-6.95346602,10681505.399867622,2028703.10250833,555544226.0,555544226.0,555555555.0,2026-07-23,,
936,Wanchain,WAN,wanchain,0.05377456297890222,1.88639953,0.62679862,-0.21440939,10699718.722548684,2497780.59452824,198973606.2894009,198973606.2893294,210000000.0,2026-07-23,,
937,Bone ShibaSwap,BONE,bone-shibaswap,0.04612085782792526,-0.25326814,0.96158529,-3.91110327,10604262.165398069,1221310.91186532,229923350.6228802,249999401.82484713,250000000.0,2026-07-23,,
938,Komodo,KMD,komodo,0.07860452488791997,0.70731572,1084.7525764,613.05379325,10686589.829651186,29.25047739,135953876.0,141262234.11549,,2026-07-23,,
939,HarryPotterObamaSonic10Inu (ERC-20),BITCOIN,harrypotterobamasonic10inu-eth,0.010608590924163394,-1.93262833,-8.58187486,-15.7331095,10606449.633128306,1425812.34141005,999798155.0,999798155.0,999798155.0,2026-07-23,,
940,Artificial Liquid Intelligence,ALI,alethea-artificial-liquid-intelligence-token,0.001162813502757701,0.39680696,-1.14277275,0.24558695,10602639.548909858,49137.50158996,9118091184.669674,9870903732.81426,9870903732.81426,2026-07-23,,
941,Maverick Protocol,MAV,maverick-protocol,0.009006235751467974,0.09833832,1.47317417,-3.86365609,10561771.021049257,2456439.48462317,1172717582.8511639,2000000000.0,2000000000.0,2026-07-23,,
942,Strategy Tokenized bStocks,MSTRB,strategy-tokenized-bstocks,99.41206582410388,-0.32874246,-2.29453049,1.99336077,10540307.887932187,3720372.07029237,106026.44458251,106026.44458251,,2026-07-23,,
943,GUNZ,GUN,gunz,0.0038355754041578646,0.58010154,2.74974749,-2.63783252,10542479.048842544,16710312.11975748,2748604300.0,10000000000.0,10000000000.0,2026-07-23,,
944,QIE Blockchain,QIE,qi-blockchain,0.1249227965427607,0.06899313,0.02354206,-27.25775024,10539623.039336257,42915.63690737,84369093.0,84369093.0,150000565.0,2026-07-23,,
945,Wecan Group,WECAN,wecan-group,0.00175438347449372,-0.11035711,-3.31472622,-1.70038637,10526300.84696232,33020.92586781,6000000000.0,6000000000.0,6000000000.0,2026-07-23,,
946,Just a chill guy,CHILLGUY,just-a-chill-guy,0.010517653663469876,0.76600394,0.08345636,4.05805473,10517039.417300181,5436553.92211399,999941598.555215,999941598.555215,1000000000.0,2026-07-23,,
947,Amazon Tokenized Stock (Ondo),AMZNon,amazon-tokenized-stock-ondo,242.66705434509316,-0.09773447,-1.67664337,-4.92662535,10505956.851435542,2030730.23286034,43293.70906895,43293.70906895,,2026-07-23,,
948,TG Casino,TGC,tg-casino,0.1370395410169565,0.04401779,1.03958015,-5.08187068,10504080.681887176,25252.39546381,76649998.99983217,76649998.99983217,100000000.0,2026-07-23,,
949,Kishu Inu,KISHU,kishu-inu,1.1251051598455699e-10,-0.40167556,-2.81263721,-15.0733814,10478790.343886591,161230.7746123,9.313609712113394e+16,9.670293841273085e+16,1e+18,2026-07-23,,
950,OpenKaito,SN5,openkaito,3.0091063443632002,-0.50631335,4.46632194,3.47426433,10475746.353736138,844278.57779685,3481348.0,3481348.0,,2026-07-23,,
951,Moonbeam,GLMR,moonbeam,0.008809762489747932,0.9644843,-4.73847608,-1.52511228,10469012.529734772,5729027.0262961,1188342199.0,1241180694.0,,2026-07-23,,
952,Lagrange,LA,lagrange,0.054086545306106966,0.21583517,-0.32033597,-3.12707433,10438703.244078644,29397521.37122176,193000000.0,1000000000.0,,2026-07-23,,
953,SuperRare,RARE,superrare,0.012586046944735309,-0.26133952,-0.47258226,-3.23511259,10389504.343437845,5816393.41049941,825477958.9697726,1000000000.0,1000000000.0,2026-07-23,,
954,Venom,VENOM,venom,0.010520155175235345,-1.81385587,-0.45184544,-0.00851059,10403584.17618046,97492.14872589,988919270.0,7367646470.547814,8000000000.0,2026-07-23,,
955,Hunt Town,HUNT,hunt,0.08116943913725944,0.73569273,0.88916243,0.19627527,10240959.660510346,59530.64195268,126167678.0,198912688.0,198912688.0,2026-07-23,,
956,USDH,USDH,hyperliquid-usd,0.9959930355927327,1.08393674,-0.41992225,-0.41199935,10222880.485854734,170979.58007746,10264008.000589,18436379.5,,2026-07-23,,
957,Ridges AI,SN62,ridges-ai,2.3344874022471105,-0.42340052,-5.89086625,-3.65914952,10207604.528510546,198772.3647966,4372525.0,4372525.0,21000000.0,2026-07-23,,
958,FAR Labs,FAR,farcana,0.0021074619260511305,-0.79184117,-0.88592365,-4.94501514,10184077.936830223,114835.72090146,4832390000.0,5000000000.0,5000000000.0,2026-07-23,,
959,Ninja Squad Token,NST,ninja-squad-token,1.180781332876648,0.05706768,-2.01085183,-3.39143544,10168032.099221997,213251.74855567,8611274.43,8611274.43,10000000.0,2026-07-23,,
960,Invesco QQQ Trust Tokenized bStocks,QQQB,invesco-qqq-trust-tokenized-bstocks,702.7405576560006,-0.50777693,-0.64907786,-2.04073804,10074973.890368968,352214677.7863056,14336.69051915,14336.69051915,,2026-07-23,,
961,KernelDAO,KERNEL,kerneldao,0.03516326515802913,-2.20312526,1.02910185,-7.7327283,10067524.824130308,9590408.00791657,286308020.0,1000000000.0,1000000000.0,2026-07-23,,
962,Abelian,ABEL,abelian,0.08424411320356241,-0.15158776,-1.61442468,-0.86891397,10063852.983718393,23677.45820189,119460608.0,140040589.0,225180000.0,2026-07-23,,
963,MWX Token,MWXT,mwx-token,0.059852917236613595,0.10415013,-4.11091585,-4.15720991,10046125.901449542,172322.13882855,167846888.0929343,1000000000.0,1000000000.0,2026-07-23,,
964,Wayfinder,PROMPT,wayfinder,0.020452465082398678,-0.34253278,0.55564829,2.85791322,9966582.852097925,5188292.12512441,487304724.0,1000000000.0,1000000000.0,2026-07-23,,
965,AITECH Cloud Network,ACN,solidus-ai-tech,0.005558587997063352,-0.0019875,-1.47196869,-4.96938584,9917416.458611583,3719992.15268048,1784161097.0,1986052500.0,2000000000.0,2026-07-23,,
966,Simon's Cat,CAT,simonscat,1.3091809397871584e-06,-0.55230291,0.25045961,1.36817216,9906169.617136085,1883423.81231069,7566692514440.816,8098237710343.852,9000000000000.0,2026-07-23,,
967,REI Network,REI,rei-network,0.010438707411978877,-5.25333215,66.10057493,144.31929096,9916772.041379932,89756.02691797,950000000.0,1000000000.0,,2026-07-23,,
968,Redbelly Network,RBNT,redbelly-network,0.0037208266184766024,0.00104025,-0.01099502,-0.24012389,9914851.000768822,165054.34049862,2664690408.1836,10000000000.0,10000000000.0,2026-07-23,,
969,Hegic,HEGIC,hegic,0.014070478721420141,-0.02678345,0.97084757,0.33921345,9901780.692541614,5.26665835,703727349.1958504,3012009888.0,3012009888.0,2026-07-23,,
970,Bertram The Pomeranian,BERT,bertram-the-pomeranian,0.01022705023999913,-0.0394381,2.34601628,-0.99997578,9886994.0492119,943686.18412266,966749338.0,979946262.03,979947881.0,2026-07-23,,
971,Dolomite,DOLO,dolomite,0.0223891575963789,-0.02310355,-1.45048247,1.13621481,9887543.817185842,2933209.52860757,441621967.0,998851995.6451048,1000000000.0,2026-07-23,,
972,Nexa (nexaagent.xyz),NXA,nexaagent-xyz,0.985836834293503,-0.13785065,-0.85758347,1.83596599,9858368.34293503,0.0,10000000.0,1000000000.0,1000000000.0,2026-07-23,,
973,SideShift Token,XAI,sideshift-token,0.06823699290405429,0.0,-1.53556882,0.32522557,9846580.197962893,0.0,144299738.0,210000000.0,210000000.0,2026-07-23,,
974,ColossusXT,COLX,colossusxt,0.0007720673080000002,0.0,0.0,0.0,9830236.551021257,0.0,12732356945.0,16988560213.815744,,2026-07-23,,
975,iShares Core MSCI Emerging Markets Tokenized ETF (Ondo),IEMGon,ishares-core-msci-emerging-markets-tokenized-etf-ondo,81.4275219622279,-0.17288143,2.15179829,1.2361932,9833756.942278028,1527357.58306942,120766.99260036,120766.99260036,,2026-07-23,,
976,Ambire Wallet,WALLET,ambire-wallet,0.013555321027082408,-0.00140576,0.03766925,-5.96757777,9802757.639526553,13369.73996134,723166763.8074713,723166763.8074713,1000000000.0,2026-07-23,,
977,Clash of Lilliput,COL,clash-of-lilliput,0.11837791906511999,-0.07016682,-0.75731995,1.73982836,9715796.680518284,0.0,82074400.0,1000000000.0,1000000000.0,2026-07-23,,
978,USDM,USDM,usdm,1.0040540940708593,0.53313426,-0.00274217,0.21532489,9689964.338884931,482100.89103914,9650838.93,9650838.93,,2026-07-23,,
979,APX,APX,apollox,0.21884010252369926,0.0,0.12615413,-0.25330621,9665317.541735336,0.0,44166116.86008798,3975255603.427746,,2026-07-23,,
980,Gods Unchained,GODS,gods-unchained,0.022039458773089562,-0.56939736,-1.74289046,-5.43694059,9633079.952641727,183124.41227558,437083326.402,500000000.0,500000000.0,2026-07-23,,
981,Verified Emeralds,VEREM,verified-emeralds,3.8530331943475375,0.08950774,1.39418843,-1.9661459,9632582.985868843,139332.46628336,2500000.0,50000000.0,50000000.0,2026-07-23,,
982,Commonwealth,CWU,commonwealth,0.010652450315380679,3.64930916,-5.03197367,0.49971945,9592497.643458223,17585.40339787,900496820.8683378,999999308.4305269,1000000000.0,2026-07-23,,
983,Vine Coin,VINE,vine-coin,0.009529269750669504,-0.5814268,-7.49182674,3.70040226,9529213.566095054,4494324.85998122,999994104.0,999994104.0,,2026-07-23,,
984,GeorgePlaysClashRoyale,CLASH,georgeplaysclashroyale,0.009518769738008985,-0.93498744,-2.28057029,-12.30298572,9515797.859172678,670408.23832316,999687787.506358,999687787.506358,999999967.828928,2026-07-23,,
985,AriaAI,ARIA,aria-ai,0.026485764497462327,-1.40303671,4.2507255,14.0446377,9511332.324962359,2846608.22549512,359111111.4,1000000000.0,1000000000.0,2026-07-23,,
986,Balancer,BAL,balancer,0.13611788415297094,-0.88207669,-3.51303592,39.06524035,9499519.75945335,5392521.9930034,69788917.29449508,72368512.92020285,96150704.0,2026-07-23,,
987,Space and Time,SXT,space-and-time,0.006789872463590292,-1.82089656,-2.53034167,-20.81634505,9505821.44902641,75497794.39572488,1400000000.0,5000000000.0,5000000000.0,2026-07-23,,
988,Boba Network,BOBA,boba-network,0.01923766272029502,1.07216836,0.23284216,-5.60103665,9495342.917854989,2507833.96304044,493580902.0,500000000.0,500000000.0,2026-07-23,,
989,StakeStone,STO,stakestone,0.04209394312581659,-0.78485036,0.37502676,-3.4405988,9485168.50365269,8386513.4393472,225333333.0,1000000000.0,1000000000.0,2026-07-23,,
990,Fusionist,ACE,fusionist,0.09021097132948326,0.75158587,2.77480105,28.24122203,9442873.116741044,25181825.16308987,104675440.0,146307870.0,147000000.0,2026-07-23,,
991,FirmaChain,FCT,firmachain,0.007784978421255034,0.10190275,-0.12322575,0.87851628,9406623.706749836,59796.99946312,1208304403.396583,1218877439.393656,,2026-07-23,,
992,Portal,PORTAL,portal-gaming,0.010647244813258815,-0.15275523,-2.80572842,-5.43523851,9303475.161239687,14036737.16098999,873791795.3811152,1000000000.0,1000000000.0,2026-07-23,,
993,Ellipsis,EPS,ellipsis,0.01282528319651286,0.0,-0.16292535,-1.10464017,9281677.608093776,0.0,723701571.7997887,723701571.7997887,1000000000.0,2026-07-23,,
994,Buttcoin,BUTTCOIN,buttcoin,0.009261125042984758,-1.37594201,-2.26865075,-11.40599831,9260649.39160255,700070.56974375,999948640.0,999948640.0,999948640.0,2026-07-23,,
995,Sophon,SOPH,sophon,0.00460919211533992,-0.50343629,-3.30196721,-1.5148557,9218384.23067984,3484449.39367695,2000000000.0,10000000000.0,10000000000.0,2026-07-23,,
996,iShares Russell 1000 Growth Tokenized ETF (Ondo),IWFon,ishares-russell-1000-growth-tokenized-etf-ondo,485.3355484844363,-0.07229737,0.29954804,-1.70220133,9211588.557631757,724202.26282788,18979.83485116,18979.83485116,,2026-07-23,,
997,PolySwarm,NCT,polyswarm,0.004820457709632106,-0.02574769,-2.53186702,-1.21494994,9088976.781109264,215003.43291169,1885500782.0,1885913076.0,1885913076.0,2026-07-23,,
998,Gleec Coin,GLEEC,gleec,0.04978910581407239,-0.00432546,38.30315568,36.73444806,9049421.217535594,0.02987346,181755046.0,210000075.0,,2026-07-23,,
999,Vow,VOW,vow,0.02537545019951404,0.09889784,-0.86251542,1.31179217,9040899.100329963,98683.62012667,356285269.0,1142857140.0,1142857142.0,2026-07-23,,
1000,Decentralized Social,DESO,deso,1.0154978596557456,0.48422981,-3.76831663,-36.60486077,9022227.29203442,4955.07283041,8884536.0,10808492.0,10808492.0,2026-07-23,,
1001,Everscale,EVER,everscale,0.004528965615127697,0.89939943,3.9714624,-3.44788104,8992367.578006618,2491.9563675,1985523482.0,2117524486.0,,2026-07-23,,
1002,Energy Web Token,EWT,energy-web-token,0.2985685343607881,0.52164842,0.16064643,-6.54821712,8975608.482411753,321359.66406265,30062138.0,81432561.42418766,100000000.0,2026-07-23,,
1003,IAGON,IAG,iagon,0.023842831128058534,-0.63364025,5.2834229,14.23410812,8965391.708561279,186053.53260652,376020434.0,1000000000.0,1000000000.0,2026-07-23,,
1004,KAIO,KAIO,kaio,0.013238252831511064,1.19678387,7.43804545,-31.44949914,9018559.741466912,1889551.76543783,681250000.0,10000000000.0,10000000000.0,2026-07-23,,
1005,BOB (Build on Bitcoin),BOB,bob-build-on-bitcoin,0.00401950301128964,0.09768893,1.80193448,3.15874039,8923296.685063,2593774.92318399,2220000000.0,10000000000.0,10000000000.0,2026-07-23,,
1006,Manifesting (manifesting.meme),MANIFEST,manifesting,0.009860986119945235,-3.65804084,-12.18757952,-42.52988113,8874884.865206432,691534.76416239,899999732.0,899999732.0,999999813.51579,2026-07-23,,
1007,CoinEx Token,CET,coinex-token,0.012583313375173828,-0.02007147,-0.4192998,-2.182442,8916958.43047794,34481.38485121,708633582.0,2777476547.0,10000000000.0,2026-07-23,,
1008,ThunderCore,TT,thundercore,0.000627915559151483,-0.07555243,-0.45062315,-1.26397787,8909556.828009762,168847.46205676,14189100267.0,14189100267.0,,2026-07-23,,
1009,Intuition,TRUST,intuition,0.04923393955440327,-0.57826054,1.93966906,0.12805684,8844770.501767594,861284.10694146,179647832.0,1054807692.3076923,,2026-07-23,,
1010,YELLOW,YELLOW,yellow,0.04557448125388384,-0.00635541,3.87274139,-8.30982536,8838525.42895455,337894.70497909,193935842.73,10000000000.0,10000000000.0,2026-07-23,,
1011,Dexsport,DESU,dexsport,0.014681266734293034,-0.09923467,0.2034777,-1.86304183,8808760.040575821,10849.53558271,600000000.0,600000000.0,600000000.0,2026-07-23,,
1012,tx,TX,tx,0.0035386047489147686,2.4726718,13.7673859,-13.28343173,8783991.9557431,280270.8969012,2482332043.0,101927474788.0,,2026-07-23,,
1013,Konnect,KCT,konnect,0.001186362794232567,0.00224623,-0.10864989,15.52382217,8749425.654919693,471094.31604338,7375000040.0,10000000000.0,10000000000.0,2026-07-23,,
1014,SUPERFORTUNE,GUA,superfortune,0.07000701280744212,1.31644846,16.87377812,33.83590143,8750876.600930264,1168326.40457627,125000000.0,1000000000.0,1000000000.0,2026-07-23,,
1015,Ready Cards,READY,ready,0.008746690295295192,0.12209599,-7.43956593,-6.86677396,8746690.295295192,2568468.42373373,1000000000.0,1000000000.0,1000000000.0,2026-07-23,,
1016,Apple Tokenized Stock (Ondo),AAPLon,apple-tokenized-stock-ondo,326.36042775054636,-0.04532954,0.28962754,-0.59847182,8728561.106770914,2901772.26631801,26745.1576986,26745.1576986,26745.1576986,2026-07-23,,
1017,Meta Platforms Tokenized Stock (Ondo),METAon,meta-platforms-tokenized-stock-ondo,623.1075723915023,-0.06085134,-3.27998635,-8.39259332,8727900.14231604,2683940.44581507,14007.05195865,14007.05195865,,2026-07-23,,
1018,AI Companions,AIC,ai-companions,0.011600889334560487,1.2572007,3.13036773,-16.93380132,8700663.520653564,485947.39636166,749999700.0,1000000000.0,1000000000.0,2026-07-23,,
1019,GRIFFAIN,GRIFFAIN,griffain,0.00867275260041306,0.4021136,1.17503972,3.54937168,8671721.583583923,4097841.65927439,999881120.0,999881120.0,999881120.0,2026-07-23,,
1020,Aura,AURA,aura,0.009001785607866145,-0.71845736,-6.30305256,-10.9968594,8671317.63573724,430226.86001063,963288620.0,963288620.0,965383478.0,2026-07-23,,
1021,XION,XION,xion,0.11566803973981274,0.11953934,-0.66093289,-4.02738829,8658152.151108176,30802.60569389,74853452.782498,200000000.0,200000000.0,2026-07-23,,
1022,Wilder World,WILD,wilder-world,0.01722186358488352,0.23363971,0.27652985,-2.63846329,8610396.341141522,119583.51960089,499968908.6318912,499968908.6318912,500000000.0,2026-07-23,,
1023,xU3O8,XU3O8,xu3o8,5.380231799899926,0.19295481,0.54079374,1.15957828,8608370.879839882,971102.95938759,1600000.0,1600000.0,,2026-07-23,,
1024,MyShell,SHELL,myshell,0.021041026649141766,-0.16730084,0.14841469,2.98041089,8608117.791338764,8580377.12677866,409111111.11063,1000000000.0,1000000000.0,2026-07-23,,
1025,Paris Saint-Germain Fan Token,PSG,paris-saint-germain-fan-token,0.5217183669720302,-0.1089349,-0.14834693,-1.45694588,8593424.039291441,2299534.24147237,16471384.9143673,19890000.0,19890000.0,2026-07-23,,
1026,Bubblemaps,BMT,bubblemaps,0.012250105508073782,1.47260971,1.45498964,2.77779912,8615969.387377901,4201145.09964587,703338382.0,1000000000.0,1000000000.0,2026-07-23,,
1027,Echelon Prime,PRIME,echelon-prime,0.23988902489692063,-0.42419457,-1.01546621,9.8092855,8581751.83430748,268218.80181817,35773841.0,111111111.1,111111112.0,2026-07-23,,
1028,Dymension,DYM,dymension,0.01505829920583702,-0.20816303,-0.96568762,-3.8065015,8562622.421599157,2010987.05865548,568631444.0,1069248199.0,,2026-07-23,,
1029,Checkmate,CHECK,checkmate,0.0279412803682098,-0.45388448,-6.14111864,7.2563171,8549566.262999984,4717377.6742956,305983339.0,1000000000.0,1000000000.0,2026-07-23,,
1030,Coreum,COREUM,coreum,0.022170009740002494,0.07727672,3.1965841,15.54614154,8530843.452035507,81.96168884,384792048.0,897767382.677904,,2026-07-23,,
1031,heyAura,ADX,adx-net,0.05764302184539283,-0.65825475,-1.06172066,-5.11165485,8525402.9309336,3944345.77077957,147900000.0,150000000.0,150000000.0,2026-07-23,,
1032,Limitless,LMTS,limitless-lmts,0.06447143836199025,-0.64382886,-0.62238677,-9.17121678,8484356.18613928,2116268.62297018,131598680.0,1000000000.0,1000000000.0,2026-07-23,,
1033,Resistance Dog,REDO,resistance-dog,0.08432176538771859,-0.69977332,1.0999877,31.91437944,8432175.945146631,245545.51611032,99999992.96,99999992.96,100000000.0,2026-07-23,,
1034,RAMP,RAMP,ramp,0.017545931209773984,0.0,-33.22868245,-33.58022921,8384125.661405076,0.0,477838740.0,1000000000.0,1000000000.0,2026-07-23,,
1035,Resolv,RESOLV,resolv,0.0193858838058688,0.56713802,-2.79400576,-3.62046671,8344026.217123264,9117581.83593596,430417632.782738,1000000000.0,1000000000.0,2026-07-23,,
1036,Act I : The AI Prophecy,ACT,act-i-the-ai-prophecy,0.008768488243404987,0.07746672,-3.26892842,-1.18931582,8314625.351253332,43213456.01301468,948239322.497465,948239322.497465,,2026-07-23,,
1037,The Arena,ARENA,the-arena,0.0012991460904594714,-0.4322958,13.56963161,9.96740452,8294625.212463385,111305.22067329,6384674728.559442,10000000000.0,10000000000.0,2026-07-23,,
1038,Groestlcoin,GRS,groestlcoin,0.091541930400715,0.0,0.0,0.0,8287369.583384231,0.0,90530858.88736624,90530858.88736624,105000000.0,2026-07-23,,
1039,OWB,OWB,owb,0.018186858324879162,-0.22946553,-4.65132814,47.20092779,8277410.490657816,57518.47867944,455131410.9779218,1000000000.0,1000000000.0,2026-07-23,,
1040,4,4,4four,0.008271732103358418,-0.80505839,-0.3592338,-6.45052848,8271732.103358418,1765842.00178143,1000000000.0,1000000000.0,1000000000.0,2026-07-23,,
1041,SuperWalk,GRND,superwalk,0.010554978128217487,-0.63675819,4.6538484,-0.99893086,8355133.559102199,1063683.74302625,791582271.1906656,1000000000.0,,2026-07-23,,
1042,BENQI,QI,benqi,0.001135696645990627,-1.37109048,-2.22922877,1.82000109,8177015.851132514,685835.31554985,7200000000.0,7200000000.0,7200000000.0,2026-07-23,,
1043,Bella Protocol,BEL,bella-protocol,0.10228589609098428,-0.05311522,-0.85093279,-7.10733189,8182871.687278742,2876214.03533779,80000000.0,100000000.0,,2026-07-23,,
1044,Santos FC Fan Token,SANTOS,santos-fc-fan-token,0.5076032558963071,-0.1341524,-0.4442772,-4.23554149,8169800.441566924,2085885.18510095,16094854.291549,30000000.0,30000000.0,2026-07-23,,
1045,NVIDIA Tokenized bStocks,NVDAB,nvidia-tokenized-bstocks,211.284087551157,-0.63548659,2.60936209,-0.0460374,8165979.208808116,3332122.82744168,38649.28638713,38649.28638713,,2026-07-23,,
1046,Reppo,REPPO,reppo,0.02112579877018832,-1.33785348,-4.07050599,-19.22255283,8126171.958209038,67228.20024844,384656317.45372343,1000000000.0,1000000000.0,2026-07-23,,
1047,Uchain,UCN,uchain,162.4283343822177,0.77694573,-0.35186995,2.8701822,8121416.719110885,1287964.37235592,50000.0,100000.0,100000.0,2026-07-23,,
1048,TARS AI,TAI,tars-protocol,0.009097134903728946,-1.48639018,-4.66164048,-1.66498845,8116370.550953029,383774.52812338,892189753.9,892189753.9,999999988.0,2026-07-23,,
1049,Drift,DRIFT,drift,0.013141206950182798,-0.29764627,-1.2090155,-2.30279211,8036055.99761711,2942498.93700794,611515824.085346,1000000000.0,,2026-07-23,,
1050,Soil,SOIL,soil,0.11503707710528951,-0.07266607,0.56316435,56.65945915,8022105.230475053,43166.6677808,69734953.56747194,99000000.0,100000000.0,2026-07-23,,
1051,SUPRA,SUPRA,supra,0.00024611885171813545,0.14150852,1.06716424,17.61275715,8013145.664700454,262023.83742018,32558032872.172707,81921623416.92964,100000000000.0,2026-07-23,,
1052,Moss Coin,MOC,moss-coin,0.017757114490057593,-0.04335965,-0.78103364,-2.31837752,7963882.737426209,67875.20691968,448489688.0,500000000.0,500000000.0,2026-07-23,,
1053,SpaceX Tokenized Stock (Ondo),SPCXon,spacex-tokenized-stock-ondo,116.55995228670383,-0.2465538,-6.8453652,-13.9808843,7951905.836894934,2888557.51743408,68221.59481788,68221.59481788,,2026-07-23,,
1054,Quantoz USDQ,USDQ,quantoz-usdq,0.9949205132089549,-0.09384116,1.14764764,0.99361571,7939514.446512607,1742061.36160619,7980049.0,11000000.0,,2026-07-23,,
1055,Forta,FORT,forta,0.012388018144392707,-0.39630404,0.04222057,2.9241842,7941098.889731215,218974.81194346,641030615.0,1000000000.0,1000000000.0,2026-07-23,,
1056,我踏马来了,我踏马来了,wotamalaile,0.00790457732608864,-0.30051597,-0.90727236,0.02402989,7904577.32608864,2048971.69022495,1000000000.0,1000000000.0,1000000000.0,2026-07-23,,
1057,AVA,AVA,ava-sol,0.007901846553440424,-2.6687949,-18.49128166,33.1602174,7895465.51549255,1442656.8061705,999192462.432076,999192462.432076,999995926.72,2026-07-23,,
1058,DEXTools,DEXT,dextools,0.11233911149460593,0.06637502,-0.20408246,-2.9873717,7887497.768168301,5210.61139239,70211502.1494275,112551255.0,200000000.0,2026-07-23,,
1059,Joe coin,JOE,joe-coin,0.007867398188026458,0.09354305,-8.14165436,-6.68023277,7867398.188026458,9668.77545707,1000000000.0,1000000000.0,1000000000.0,2026-07-23,,
1060,DACXI,DXI,dacxi,0.0009315098010693454,1.84972556,0.12358143,10.84062251,7823555.885851402,491800.72815323,8398790734.0,10000000000.0,,2026-07-23,,
1061,DORA,DORA,dora,0.007898962633319259,-0.05901252,0.39705081,-0.01789127,7820649.07418991,326011.96047625,990085589.366,1000000000.0,1000000000.0,2026-07-23,,
1062,Hashflow,HFT,hashflow,0.009172170237477234,0.1682578,0.54911426,2.35342151,7788743.802357057,63285161.22830671,849171308.5015,997353568.2839,,2026-07-23,,
1063,Stader,SD,stader,0.10973981683347274,0.00164074,-0.1182472,-1.20012456,7764609.046483702,310143.842736,70754711.19353417,120000000.0,120000000.0,2026-07-23,,
1064,Toko Token,TKO,tokocrypto,0.04531809783462311,-0.10140002,-1.89731316,-0.28847095,7685745.784811294,523360.6077782,169595507.13841677,495268640.66,500000000.0,2026-07-23,,
1065,Heima,HEI,heima,0.09505290177560324,0.96149435,-4.97368718,-13.62824588,7723937.964428383,10436253.61425415,81259360.0,82045725.0,100000000.0,2026-07-23,,
1066,Chainbounty,BOUNTY,sentinel-protocol,0.014689795444351476,0.00522763,-0.05074263,-0.99540926,7662169.266414816,263780.63329175,521598091.3717267,555416661.0,1000449852.0,2026-07-23,,
1067,Agoras: Tau Net,AGRS,agoras-tokens,0.25631078043471534,0.03131338,-1.56388064,-2.07254715,7653904.040899597,13546.67346969,29861810.83728983,42000000.0,42000000.0,2026-07-23,,
1068,Avici,AVICI,avici,0.5936780255054942,0.180448,2.98818516,-15.55993093,7658437.623850493,440640.2756605,12899985.0,12899515.517898,12900000.0,2026-07-23,,
1069,Augur,REP,augur,0.6949951219723565,0.00113099,-10.12155949,-20.75098815,7644946.3416959215,19457.67763711,11000000.0,11000000.0,,2026-07-23,,
1070,SaitaChain Coin,STC,saitama-inu-new,0.00017063317158973025,-0.00929808,0.00886921,0.00565157,7627506.439063259,0.0,44701193607.318085,44710136889.83425,200000000000.0,2026-07-23,,
1071,Inverse Finance,INV,inverse-finance,10.60204787021616,0.00394836,1.74284903,-0.22431319,7620531.4435311565,1932.939729,718779.19594564,727000.0,,2026-07-23,,
1072,Galatasaray Fan Token,GAL,galatasaray-fan-token,0.9289915504914623,0.0023575,-1.58867836,-2.31064542,7598975.303617119,652980.38335288,8179811.0,9975000.0,9975000.0,2026-07-23,,
1073,Ika,IKA,ika,0.002517252053417328,3.20668475,14.09191661,-0.4123057,7551756.160251984,5453898.03578572,3000000000.0,10291666666.6667,,2026-07-23,,
1074,Kleros,PNK,kleros,0.00823295042759698,-0.00671932,-0.71790896,-1.34969738,7537498.462957083,4423.73532652,915528221.5341986,915528222.0793128,,2026-07-23,,
1075,AS Roma Fan Token,ASR,as-roma-fan-token,0.8626914312957387,-0.17138485,0.06612479,-0.88959269,7535494.914407915,2719223.99931086,8734867.0,9995000.0,9995000.0,2026-07-23,,
1076,Delysium,AGI,delysium,0.003703300563832804,-1.44492501,-0.8629188,-10.07544741,7493355.657570417,1000444.03989209,2023426272.9717572,3000000000.0,,2026-07-23,,
1077,SymVerse (symverse.org),SYMM,symverse-org,0.04538803492985655,7.96314355,20.18790473,128.19995315,7497090.491024807,39541.68282797,165177684.0,315177684.0,315177684.0,2026-07-23,,
1078,THENA,THE,thena,0.05592527904724917,0.41731279,1.72925324,-1.96785426,7453906.220720061,10314446.73994538,133283308.50924383,284596517.7147613,326120291.0,2026-07-23,,
1079,SLERF (OLD),SLERF,slerf-old,0.014897027776170219,0.0,-0.29533252,1.66091963,7448480.369772613,0.0,499997750.0,499997750.0,499997750.0,2026-07-23,,
1080,Haedal Protocol,HAEDAL,haedal-protocol,0.016379059096707112,0.00846876,0.18648133,0.50710205,7438822.6785475,2067418.0834444,454166667.0,1000000000.0,1000000000.0,2026-07-23,,
1081,iShares MSCI Emerging Markets Tokenized ETF (Ondo),EEMon,ishares-msci-emerging-markets-tokenized-etf-ondo,65.92052839665061,-0.14652588,-0.19155345,-0.54903118,7356081.708095667,1101837.92370806,111590.15085306,111590.15085306,,2026-07-23,,
1082,Solomon,SOLO,solomon,0.5695407233307779,0.0,7.54991026,-5.74143145,7347057.060687257,0.0,12899967.92103,25799967.92103,25800000.0,2026-07-23,,
1083,SanDisk Tokenized Stock (Ondo),SNDKon,sandisk-tokenized-stock-ondo,1591.9862364613166,-2.41309259,-1.36179618,0.31464697,7346539.042845476,2035950.21204577,4614.7000989,4614.7000989,,2026-07-23,,
1084,AhaToken,AHT,ahatoken,0.0010081780480909641,0.10347156,-0.31658146,0.83342248,7334588.244093177,38826.97581379,7275092190.294749,7673122637.674749,10500000000.0,2026-07-23,,
1085,Assemble AI,ASM,assemble-protocol,0.00488902484848708,0.21564511,2.78145196,11.07553832,7333537.27273062,9506.53478331,1500000000.0,3000000000.0,3000000000.0,2026-07-23,,
1086,FC Barcelona Fan Token,BAR,fc-barcelona-fan-token,0.28036968834360465,0.04993751,0.38395355,1.15892206,7320390.320580705,3929033.18849637,26109778.0,39960000.0,39960000.0,2026-07-23,,
1087,LUKSO,LYX,lukso-network,0.23929608343623107,-0.0652074,-1.42715867,-0.95814062,7307122.851161598,70969.95257224,30535906.59,42115181.93,,2026-07-23,,
1088,Taiwan Semiconductor Manufacturing Tokenized Stock (Ondo),TSMon,taiwan-semiconductor-manufacturing-tokenized-stock-ondo,425.54075032337107,-0.37423481,0.01051215,0.29686511,7292383.4687521905,1530301.34025087,17136.74533687,17136.74533687,,2026-07-23,,
1089,NAVI Protocol,NAVX,navi-protocol,0.008921625499173535,-0.79010052,-4.29951494,23.96735676,7281540.737129779,338276.5890936,816167495.24,1000000000.0,1000000000.0,2026-07-23,,
1090,Tradoor,TRADOOR,tradoor,0.5041786294328822,0.29816311,2.57958767,17.82219266,7234459.153732426,2256064.88682861,14349000.0,60000000.0,60000000.0,2026-07-23,,
1091,Venus DAI,vDAI,venus-dai,0.026186368596136548,0.00020121,0.01481105,0.06363854,7189143.441757912,0.0,274537625.0,274537625.0,,2026-07-23,,
1092,Peercoin,PPC,peercoin,0.23610549228318148,-0.0653475,-0.75305487,2.73260617,7161136.142059369,978.83712441,30330239.55863935,30330239.55863935,,2026-07-23,,
1093,MUX Protocol,MCB,mcdex,1.8717831715833602,0.0,0.0,0.53214296,7153062.441218757,0.0,3821523.0,4803143.0,4803143.0,2026-07-23,,
1094,Autonolas,OLAS,autonolas,0.026304694991543417,-0.43885201,-1.34702929,0.61259669,7106221.431562241,72762.38753156,270150307.1541711,473666856.7856633,,2026-07-23,,
1095,SquidGrow,SQGROW,squid-grow,0.007093991695262747,0.07760183,8.22891094,-1.49659734,7093991.695262747,35644.58015173,1000000000.0,1000000000.0,1000000000.0,2026-07-23,,
1096,Depinsim,ESIM,depinsim,0.052563189041332094,-0.04661629,6.11688732,-1.50659792,7069748.926059167,1055764.24968164,134500000.0,1000000000.0,1000000000.0,2026-07-23,,
1097,Bitcoin Limited Edition,BTCLE,bitcoin-limited-edition,453.6184934587223,-0.02772099,0.48371969,-0.31844732,7066741.062196051,8990.6843039,15578.6,210000.0,210000.0,2026-07-23,,
1098,SpaceX tokenized stock (Backpack),SPCX,spacex-tokenized-stock-backpack,116.02644487099548,-0.39043392,-7.39428593,-14.71735862,7066501.9200982945,872927.38294928,60904.235478,60904.235478,,2026-07-23,,
1099,SpaceX tokenized stock (xStock),SPCXx,spacex-tokenized-stock-xtock,115.95096831980807,-0.32847255,-7.39849475,-14.60181669,7052597.159075014,12675411.6223959,60823.96086269,259962.04122075,,2026-07-23,,
1100,iShares 0-3 Month Treasury Bond Tokenized ETF (Ondo),SGOVon,ishares-0-3-month-treasury-bond-tokenized-etf-ondo,100.498425966054,-0.14390857,-0.45059272,-0.9177851,7053182.433893336,1367019.24718771,70182.01893307,70182.01893307,,2026-07-23,,
1101,NUMINE,NUMI,numine,0.020728525986688687,-0.1068693,-0.68721341,1.89735302,7045354.413274402,181447.52515587,339886898.75,1000000000.0,1000000000.0,2026-07-23,,
1102,OMG Network,OMG,omg,0.05017626367209488,-1.20105453,4.5717488,10.35897258,7036990.0811457345,3439789.11039432,140245398.24513277,140245398.24513277,140245399.0,2026-07-23,,
1103,Puffer,PUFFER,puffer,0.013898989848182792,2.10957858,0.61496035,4.25198859,7041043.442221391,3029176.93315509,506586703.0,1000000000.0,1000000000.0,2026-07-23,,
1104,OVERTAKE,TAKE,overtake,0.022564739799927395,0.15815073,-0.90429183,9.79081082,7029899.390307808,528181.72941123,311543561.0,1000000000.0,1000000000.0,2026-07-23,,
1105,LOAN Protocol,LOAN,loan-protocol,0.0003815974772438746,-0.29302621,-1.7898569,-3.66613219,7023963.84903035,97900.01428942,18406735547.0,36212484911.63794,,2026-07-23,,
1106,FIGHT,FIGHT,fight-id,0.0034085206220826536,-0.00722266,1.28344671,8.30620712,6987467.275269439,2897618.80935243,2050000000.0,10000000000.0,10000000000.0,2026-07-23,,
1107,Nimiq,NIM,nimiq,0.0004903309213803901,-0.00407673,-1.40849859,-3.51338025,6978556.4814006705,31235.8482317,14232340195.3817,14232340195.3817,21000000000.0,2026-07-23,,
1108,Badger DAO,BADGER,badger-dao,0.35713081149354753,-0.26982422,0.17927626,1.20476484,6960198.063162763,1016359.04098455,19489211.90544915,21000000.0,21000000.0,2026-07-23,,
1109,Swarms,SWARMS,swarms,0.006891581359617166,1.36529781,1.09279726,10.47185184,6891476.81432794,7244665.71074097,999984830.0,999984830.0,,2026-07-23,,
1110,ULTILAND,ARTX,ultiland,0.09282983105621441,0.13198375,-2.044505,-5.88750177,6876318.398300911,1161815.71910708,74074446.975314,99720510.215314,280000000.0,2026-07-23,,
1111,MARBLEX,MBX,marblex,0.024535712861124888,0.01607629,-0.46695343,-3.4705453,6823961.425290122,809289.93043675,278123625.91274893,321277469.0,,2026-07-23,,
1112,Towns,TOWNS,towns,0.002069533215615294,-1.24407174,2.69476318,-4.78963504,6820952.960810341,9455486.61416014,3295889580.0,10562677716.0,,2026-07-23,,
1113,Decentrawood,DEOD,decentrawood,0.014661374117686237,-0.16050334,-2.93607682,-21.63746785,6808663.687548257,485446.3824832,464394649.02098525,1890000000.0,1890000000.0,2026-07-23,,
1114,X Empire,X,x-empire,9.77786472485831e-06,0.30014748,-0.98989743,-2.34687541,6746726.660152234,143745.50331138,690000000000.0,690000000000.0,690000000000.0,2026-07-23,,
1115,Heroes of Mavia,MAVIA,heroes-of-mavia,0.027041995075294967,-0.57486278,-0.67655174,1.28048766,6678485.23827749,1166059.46547073,246967179.0,250000000.0,256989887.032251,2026-07-23,,
1116,Alpine F1 Team Fan Token,ALPINE,alpine-f1-team-fan-token,0.31292745128292015,-0.35345553,0.61336407,-2.20296471,6676450.876190998,2262567.40228257,21335459.22168,40000000.0,40000000.0,2026-07-23,,
1117,Cookie DAO,COOKIE,cookie,0.008521580823512323,-0.04259501,-0.49286358,-5.56494564,6663847.895295141,1729660.27803134,781996678.0,999892387.0,1000000000.0,2026-07-23,,
1118,WazirX,WRX,wazirx,0.017443903079428336,-1.84801254,-0.20132638,-7.6413195,6661074.271346947,6055.54648237,381856872.3419691,962646668.99,,2026-07-23,,
1119,Build On BNB,BOB,build-on-bnb,1.5833317149230326e-08,-0.70867687,2.32874886,0.37120352,6660918.191509706,225193.18071423,420690000000000.0,420690000000000.0,420690000000000.0,2026-07-23,,
1120,Pikaboss,PIKA,pikachu,1.582477921742057e-08,-0.08097671,-0.06124823,-3.06741738,6657326.368976659,0.0,420690000000000.0,420690000000000.0,420690000000000.0,2026-07-23,,
1121,Pepecoin,PEP,pepecoin-org,6.454420796242609e-05,0.85402189,-1.97779393,-5.26626081,6642989.927015235,31297.30773486,102921550000.0,102921550000.0,,2026-07-23,,
1122,Access Protocol,ACS,access-protocol,0.0001286257703845837,0.46181484,0.7744413,0.42406447,6629716.93691693,634682.68581986,51542680110.637665,90314915068.81888,,2026-07-23,,
1123,CREPE,CREPE,crepe,1.1379661834126773e-05,-0.18010163,-2.96894624,8.07198235,6609435.870089187,327806.05474405,580811272464.0,690000000000.0,690000000000.0,2026-07-23,,
1124,PepeCoin,PEPECOIN,pepecoin,0.06172204621800406,-0.03081094,2.5646783,-3.00612039,6607790.6290332945,89329.97103579,107057219.16111442,107630586.03315184,133769420.0,2026-07-23,,
1125,Alphabet Tokenized bStocks,GOOGLB,alphabet-tokenized-bstocks,333.15578609386455,-0.37306343,-4.76647833,-10.41940358,6602087.3487582365,13344015.78402636,19816.8173099,19816.8173099,,2026-07-23,,
1126,Marlin,POND,marlin,0.0007936680418176396,-0.38505713,-2.27226165,-2.6035214,6530312.4546813285,1885463.10837693,8228014876.0,10000000000.0,,2026-07-23,,
1127,ORIGYN,OGY,origyn-foundation,0.0008367072402470693,0.00409864,-0.69012437,-0.84816965,6550280.501406652,139022.43409495,7828640875.0,10414532373.948835,10620490364.0,2026-07-23,,
1128,Micron Technology Inc tokenized stock (Backpack),MU,micron-technology-inc-tokenized-stock-backpack,964.0148164771289,-1.78930194,-0.78622866,7.2618341,6521018.687540458,3570269.29568132,6764.438239,6764.438239,,2026-07-23,,
1129,MAP Protocol,MAPO,map-protocol,0.001041642061072255,-0.06312552,-5.24945794,-6.20165369,6492598.40460674,674751.8349373,6233041701.410685,9697223991.055454,10000000000.0,2026-07-23,,
1130,Loom Network,LOOM,loom-network,0.005224757958645,0.0,0.0,0.0,6493960.851592275,0.0,1242920897.5790398,1300000000.0,,2026-07-23,,
1131,MCOIN,MCOIN,mcoin1,0.03654915332530912,-0.2050655,-11.20717268,-18.11464281,6469200.138579714,295480.52563956,177000000.0,500000000.0,500000000.0,2026-07-23,,
1132,Origin Dollar,OUSD,origin-dollar,0.9997292440348392,0.01013645,0.01074589,0.05200962,6440400.045074753,15028.95406595,6442144.2940708,6442144.2940708,,2026-07-23,,
1133,QuickSwap [Old],QUICK,quickswap,9.678124318894493,-0.01450223,-0.16449694,-1.70442864,6439222.722822409,621.71286564,665337.8806316,898199.90390885,1000000.0,2026-07-23,,
1134,WeBuy,WE,webuy,0.01774066412980781,-0.06182917,-0.98756931,1.72623559,6422674.633337842,24003.21951451,362031240.0,2500000000.0,,2026-07-23,,
1135,ELYSIA,EL,elysia,0.0012467861413655008,-2.39895233,-3.13712799,3.17701639,6361599.087948239,162236.5736515,5102397978.99976,6803300704.688,7000000000.0,2026-07-23,,
1136,Mansory,MNSRY,mansory,0.007054696988395439,-0.20178644,-0.67691455,-4.24470381,6349144.239899273,165105.62749057,899988227.75,899988227.75,1000000000.0,2026-07-23,,
1137,iShares MSCI South Korea ETF Tokenized bStocks,EWYB,ishares-msci-south-korea-etf-tokenized-bstocks,172.47438840437385,-1.52348744,-1.23252334,2.37707628,6343341.771021728,6115120.12999195,36778.45638246,36778.45638246,,2026-07-23,,
1138,inSure DeFi,SURE,insure,0.00023330274240856045,0.0,24.81741855,4.45781447,6250195.207942728,0.0,26790063174.642704,88000000000.0,88000000000.0,2026-07-23,,
1139,KGST,KGST,kgst,0.011421955464160579,-0.0140916,0.0193678,0.10853922,6218026.45598873,13389858.31153541,544392462.0,544392462.0,,2026-07-23,,
1140,Divi,DIVI,divi,0.001314715654,-0.01686483,-0.92943815,1.80476316,6207193.744276938,0.0,4721320329.146197,4721320329.146197,,2026-07-23,,
1141,Auki,AUKI,auki-labs,0.004938244760363264,-0.57835043,-1.22593011,-0.65365505,6201381.881357582,21977.9555672,1255786657.4643822,9991616050.76035,10000000000.0,2026-07-23,,
1142,Telos,TLOS,telos,0.013705821343253509,-0.13060892,-0.79475632,2.31969583,6177925.028540997,897231.9940299,450751901.24100006,467629079.7232,,2026-07-23,,
1143,Hivemapper,HONEY,hivemapper,0.000998862196813542,-0.32447833,-6.41712944,-18.97319376,6122728.668533832,290795.26930143,6129703064.212334,6562783839.667683,10000000000.0,2026-07-23,,
1144,Coq Inu,COQ,coq-inu,8.710084289761894e-08,0.27898963,-1.39103099,16.85111309,6046540.513952707,1321298.4859525,69420000000000.0,69420000000000.0,69420000000000.0,2026-07-23,,
1145,NetX,NETX,netx,0.2506561970417163,0.31159982,-2.26861878,-24.6546642,6028532.006313038,214482.77382626,24050999.24702727,30000000.0,50000000.0,2026-07-23,,
1146,Treehouse,TREE,treehouse,0.03836984923081088,1.24511392,1.79980582,-12.35510994,5990394.829674961,12603316.68936364,156122449.0,1000000000.0,1000000000.0,2026-07-23,,
1147,Gitcoin,GTC,gitcoin,0.06825669418650512,-0.22919944,-0.19343891,-1.88355077,5971880.689395938,2500372.75658595,87491501.9042429,100000000.0,,2026-07-23,,
1148,FC Porto Fan Token,PORTO,fc-porto,0.4591645216166144,0.13545749,4.06745566,-4.33424667,5963723.556315278,4092762.59845365,12988206.35209,40000000.0,40000000.0,2026-07-23,,
1149,U.S. Dollar Payment Token,USDPT,us-dollar-payment-token,1.0003053443848344,-0.00029041,0.03031756,0.07417163,5924252.5350656975,610827.24253806,5922444.15,5922444.15,,2026-07-23,,
1150,Bitlayer,BTR,bitlayer,0.01778481826559556,0.1346174,0.88794553,3.02355572,5927429.2864791835,1964467.05447522,333285907.0,1000000000.0,1000000000.0,2026-07-23,,
1151,ProShares UltraPro QQQ Tokenized Stock (Ondo),TQQQon,proshares-ultrapro-qqq-tokenized-stock-ondo,70.65616447489062,-0.28493259,-0.28223524,-4.91339532,5905321.701367727,1656046.88863476,83578.29419776,83578.29419776,,2026-07-23,,
1152,Bitlight,LIGHT,bitlight,0.13712318780700164,1.64187317,6.66646513,10.22209622,5904109.257956811,2992555.52945586,43056972.0,420000000.0,420000000.0,2026-07-23,,
1153,RACA,RACA,radio-caca,1.4324839684083062e-05,-0.95840347,8.86531885,16.10709553,5897112.068238796,1439313.56138387,411670371068.18915,415670371068.18945,500000000000.0,2026-07-23,,
1154,BeatSwap,BTX,beatswap,0.026190715842510724,0.51713533,5.4157337,7.21013035,5886500.703527448,997933.85340871,224755243.0,1500000000.0,1500000000.0,2026-07-23,,
1155,Bitgert,BRISE,bitrise-token,1.4822619810586674e-08,-0.06989764,-1.57002836,-4.85438784,5865162.432851041,517229.23702455,395690000000000.0,1000000000000000.0,,2026-07-23,,
1156,Mamo,MAMO,mamo,0.009781752055392928,-1.98471775,-5.1813466,6.04872909,5850935.983592507,898157.1781744,598148056.755,1000000000.0,1000000000.0,2026-07-23,,
1157,Broadcom Tokenized Stock (Ondo),AVGOon,broadcom-tokenized-stock-ondo,398.3980370284612,-0.81874908,3.24383928,0.91328698,5849261.235717438,4408928.6585838,14681.95295174,14681.95295174,,2026-07-23,,
1158,Green Satoshi Token (SOL),GST,green-satoshi-token,0.0011917596040762215,-4.68056266,24.77128241,26.81780036,5826685.563360585,1084923.7631215,4889145045.218303,4899145045.218303,,2026-07-23,,
1159,Polkastarter,POLS,polkastarter,0.058616706180157706,0.55455332,0.51146013,-2.2446036,5815341.845668571,387857.54952527,99209631.94000003,100000000.0,,2026-07-23,,
1160,KAN,KAN,bitkan,0.0006017059808739655,0.32703288,-0.63689799,-0.64945925,5810229.7070281105,91323.37528788,9656260518.781734,10000000000.0,,2026-07-23,,
1161,Beta Finance,BETA,beta-finance,0.005807653630102575,0.0,-0.66773089,-6.53303545,5807653.630102575,0.0,1000000000.0,1000000000.0,1000000000.0,2026-07-23,,
1162,Partisia Blockchain,MPC,partisia-blockchain,0.011480525695150933,-0.00248142,-0.99651104,-10.8627678,5802556.751018039,13519.88379769,505426049.7382,611354067.6688,1000000000.0,2026-07-23,,
1163,KYVE Network,KYVE,kyve-network,0.004786378240327197,-6.98324037,-15.40312561,62.29511852,5765879.068962557,20500.76291037,1204643423.368146,1275539390.368146,,2026-07-23,,
1164,Elastos,ELA,elastos,0.24972809382503117,-0.31347799,-0.78084646,-10.62239062,5765896.540441809,165412.00571315,23088698.0,26229451.0,28219999.0,2026-07-23,,
1165,Vultisig,VULT,vultisig,0.08867775766513966,0.30992487,0.91947072,4.11430428,5765104.211033122,1369.8902194,65011840.20465435,100000000.0,100000000.0,2026-07-23,,
1166,Edel,EDEL,edel,0.009291530705816163,0.46686891,-0.20068707,-8.37239563,5707700.790439037,722035.0048631,614290688.0635095,1000000000.0,1000000000.0,2026-07-23,,
1167,Layer3,L3,layer3-xyz,0.004708541050126597,-0.3579716,-3.51790046,-4.15142919,5686666.9369493555,2752533.68581261,1207734386.598681,3333333312.0,3333333333.0,2026-07-23,,
1168,Fuel Network,FUEL,fuel-network,0.0006530509520961005,0.05371845,-0.49344373,-4.10654376,5658263.074376537,1134838.26607233,8664351619.448965,10370089828.882397,,2026-07-23,,
1169,Helium Mobile,MOBILE,helium-mobile,6.318762907808777e-05,4.52838612,-8.09648224,-17.25162429,5641391.524091676,4516.65032743,89280000000.0,100880000000.0,,2026-07-23,,
1170,Hyperion,RION,hyperion-xyz,0.16435427730515162,-0.1204314,0.17259609,-0.87625894,5636911.856624166,221422.2217239,34297323.739,100000000.0,100000000.0,2026-07-23,,
1171,Aragon,ANT,aragon,0.1302133644581043,0.0,13.54248548,13.87912306,5624239.214088616,0.0,43192488.24799543,43192488.24799543,,2026-07-23,,
1172,SmarDex,SDEX,smardex,0.0005722917890068807,-0.03050795,-30.91519866,-1.47901865,5611084.242149181,232297.07965995,9804586314.06595,10000000000.0,10000000000.0,2026-07-23,,
1173,Utrust,UTK,utrust,0.007945818582082936,-0.00552597,0.00806318,0.00691893,5594410.566199036,5101289.80422592,704069758.0,430389959.0,1000000000.0,2026-07-23,,
1174,Apu Apustaja,APU,apu-apustaja,1.6531902007654954e-05,0.55298606,-2.56815908,-5.41735032,5585964.30896043,220119.23153421,337889996346.0888,337889996346.0888,420690000000.0,2026-07-23,,
1175,DAO Maker,DAO,dao-maker,0.026638774580140207,0.17271477,0.22048401,0.91780835,5582183.059834756,962355.4659659,209551045.33961543,269116957.0641556,,2026-07-23,,
1176,Turtle,TURTLE,turtle-xyz,0.03600110260708887,0.17180907,0.57588857,6.48981008,5569370.573316649,3735045.72592109,154700000.0,1000000000.0,1000000000.0,2026-07-23,,
1177,Anthropic tokenized stock (PreStocks),ANTHROPIC,anthropic-tokenized-stock-prestocks,753.9354855304803,-0.00077467,-3.44581654,2.60806921,5566975.215746404,585.15489972,7383.8880416,7383.8880416,,2026-07-23,,
1178,iShares Russell 2000 Value Tokenized ETF (Ondo),IWNon,ishares-russell-2000-value-tokenized-etf-ondo,223.63565319217477,-0.47674151,-0.81538808,0.05666667,5526139.057898737,732087.71754336,24710.45640093,24710.45640093,,2026-07-23,,
1179,Upland (SPARKLET),SPARKLET,upland-sparklet,0.019983566080049586,-0.00536675,-0.4007436,0.27609765,5513635.5323695885,161269.8743745,275908489.52,1000000000.0,1000000000.0,2026-07-23,,
1180,district0x,DNT,district0x,0.005496535863955866,-1.30374779,1.74999758,7.95670696,5496535.863955866,7291.56981601,1000000000.0,1000000000.0,,2026-07-23,,
1181,Saga,SAGA,saga,0.013194283299616104,0.03277274,-2.6679859,3.08472629,5495490.626054141,6179105.64087396,416505429.0,1104581084.0,,2026-07-23,,
1182,VNX Gold,VNXAU,vnx-gold,130.3978849468611,0.00132376,0.86736687,0.69188458,5489750.956262852,15403.25726415,42100.0,44100.0,,2026-07-23,,
1183,Save,SAVE,save,0.12007013716744157,0.0,0.15062618,-0.67761142,5482743.822465349,0.0,45662843.0,50000001.0,,2026-07-23,,
1184,Aspecta,ASP,aspecta,0.01580727063455009,1.2065242,6.95521199,5.93820469,5446323.2530892,3827130.63151806,344545455.0,1000000000.0,1000000000.0,2026-07-23,,
1185,Venus LINK,vLINK,venus-link,0.1754107341722127,-0.07433091,-1.09775369,1.14946427,5421474.28920964,0.0,30907312.0,30907312.0,,2026-07-23,,
1186,BFG Token,BFG,betfury,0.004825708126524036,-0.15426981,-2.66654464,-1.36045501,5418348.112549898,7496.17331575,1122808916.43,3327754200.68,,2026-07-23,,
1187,Manchester City Fan Token,CITY,manchester-city-fan-token,0.3951380339611545,0.69493738,1.7673468,0.64054845,5417247.217341243,3678540.54752204,13709759.0,19740000.0,19740000.0,2026-07-23,,
1188,AMO Coin,AMO,amo-coin,0.00025527536566065894,0.551184,-1.38848851,-6.51801621,5411837.752005969,16056.37661723,21200000000.0,21200000000.0,21200000000.0,2026-07-23,,
1189,Realio Network,RIO,realio-network,0.03361457174706167,0.78386376,-4.02793093,2.24088203,5425969.840932406,148275.88748059,161417193.76230645,161417193.76230645,175000000.0,2026-07-23,,
1190,BugsCoin,BGSC,bugscoin,0.0005806783089531022,-1.01467358,1.80534856,-15.40542279,5412876.373037485,168473.49985768,9321643825.126331,12985800644.0,14745800644.0,2026-07-23,,
1191,Alephium,ALPH,alephium,0.039688128375294375,0.46140818,3.71801713,5.18527944,5370205.721901963,210611.14580949,135310127.782314,222950280.98362777,,2026-07-23,,
1192,PAAL AI,PAAL,paal-ai,0.005332079984953057,-0.19155084,-0.61071286,-15.15004851,5325871.440072482,1529388.90381146,998835624.203295,1000000000.0,1000000000.0,2026-07-23,,
1193,Arm Holdings plc Tokenized Stock (Ondo),ARMon,arm-holdings-plc-tokenized-stock-ondo,282.53768997941387,-0.85794581,-2.92507001,3.89436582,5338639.367359558,1744049.44541619,18895.31753356,18895.31753356,,2026-07-23,,
1194,Quickswap [New],QUICK,quickswap-new,0.00801311881912605,-0.14349752,0.0116846,0.9780555,5333370.853644099,445039.64055936,665579903.9088482,898199903.9088482,1000000000.0,2026-07-23,,
1195,dYdX (ethDYDX),ETHDYDX,dydx-ethdydx,0.1280841860015611,0.08937911,4.21560911,4.62288074,5335599.503166265,3453426.45127548,41656973.19652899,1000000000.0,,2026-07-23,,
1196,Minswap,MIN,minswap,0.0030806808207365878,0.3093191,-0.61809589,1.71729302,5324563.768464764,173405.60699751,1728372421.0,2470721795.0,2500000000.0,2026-07-23,,
1197,ANyONe Protocol,ANYONE,anyone-protocol,0.05453061566972245,-0.28449853,-6.98347462,-4.29729357,5316733.148695635,82837.82872402,97499965.5404165,100000000.0,100000000.0,2026-07-23,,
1198,Broccoli (firstbroccoli.com),BROCCOLI,broccoli,0.005198453013370866,-17.93688775,-8.60836911,-16.31526168,5198453.013370866,4518794.52652162,1000000000.0,1000000000.0,1000000000.0,2026-07-23,,
1198,Broccoli (firstbroccoli.com),BROCCOLI,broccoli,0.005198453013370866,-17.93688775,-8.60836911,-16.31526168,5198453.013370866,4518794.52652162,1000000000.0,1000000000.0,1000000000.0,2026-07-23,,
1199,Oracle Tokenized Stock (Ondo),ORCLon,oracle-tokenized-stock-ondo,128.15409862968926,-0.0324105,-1.33721392,-3.81300144,5278962.258027044,1190773.26350299,41192.3014127,41192.3014127,,2026-07-23,,
1200,Phoenix,PHNIX,phoenix-xrp,9.920957396642455e-06,-0.32674796,-3.01480863,3.95455872,5258098.592532768,66659.14814468,529999110198.0,589000000000.0,589000000000.0,2026-07-23,,
1202,Zircuit,ZRC,zircuit,0.0008603953453247557,-0.13838851,0.4862647,-13.78658543,5256030.295412466,914851.9073341,6108854870.0,10000000000.0,,2026-07-23,,
1203,Graphite Protocol,GP,graphite-protocol,0.14958046588241433,0.35454309,-6.70296843,-0.0404938,5242176.371371903,140370.95593983,35045862.04118922,58649011.40419857,,2026-07-23,,
1204,McDull,MCDULL,mcdull,6.923274482364002e-07,0.0,-0.33548808,0.8257218,5230918.497785058,0.0,7555555555554.0,8888888888888.0,8888888888888.0,2026-07-23,,
1205,Hydranet,HDN,hydranet,0.027833305830274057,0.12060255,0.05020357,-2.13736271,5233027.990529512,121884.94298141,188013167.47784916,300000000.0,300000000.0,2026-07-23,,
1206,Pitbull,PIT,pitbull,1.3010406609079018e-10,0.08527383,-0.88851969,-0.18025886,5229163.189045906,72206.54320424,4.019215806366e+16,1e+17,1e+17,2026-07-23,,
1207,SCOR,SCOR,scor,0.014489429164854479,-5.30814499,6.38645423,28.33677152,5140793.407159746,723035.53232839,354796130.93587154,4000000000.0,4000000000.0,2026-07-23,,
1208,Creta World,CRETA,creta-world,0.001743813231804427,-1.68034524,0.1232517,-4.87193013,5179750.894876648,90292.79943451,2970358751.9615574,10000000000.0,10000000000.0,2026-07-23,,
1209,Marvell Tokenized Stock (Reality),rMRVL,marvell-tokenized-stock-reality,211.91014249643135,-2.04390631,1.91127887,3.14094706,5162773.869852502,0.0,24363.03335476,24363.03335476,,2026-07-23,,
1210,Juventus Fan Token,JUV,juventus-fan-token,0.32600562786705967,-0.30809845,-0.57542135,-0.67869497,5135386.700683208,3432156.47302703,15752448.0,19956000.0,19956000.0,2026-07-23,,
1211,Polyhedra Network,ZKJ,polyhedra-network,0.006491348978776211,0.0550973,-0.45369572,-4.09544063,5132095.729946851,2379510.28036687,790605426.8113599,1000000000.0,1000000000.0,2026-07-23,,
1212,Luna by Virtuals,LUNA,luna-by-virtuals,0.005122012520421401,-0.05594411,-3.81178811,2.05539693,5122012.520421401,3066.71071534,1000000000.0,1000000000.0,1000000000.0,2026-07-23,,
1213,Epic Private Internet Cash,EPIC,epic-cash,0.2961455628278742,-0.01027919,-0.12730663,20.35640824,5117285.1595162945,2710.27421934,17279628.0,19332972.0,21000000.0,2026-07-23,,
1214,Zypher Network,POP,zypher-network,0.0021309034122866497,0.09358961,0.3422259,1.61449569,5087531.89896528,2647218.77601219,2387500001.0,10000000000.0,10000000000.0,2026-07-23,,
1215,ParagonsDAO,PDT,paragonsdao,0.06177637534854997,0.0,0.44304609,0.80354954,5086073.935954285,0.0,82330403.93286309,84467740.26777703,162500000.0,2026-07-23,,
1216,Kryll,KRL,kryll,0.12725956782047157,-0.0685768,1.35054217,1.06670555,5077958.183224091,37497.07730002,39902368.60137464,49417348.0,49417348.0,2026-07-23,,
1217,NKN,NKN,nkn,0.006308478011595748,0.14534317,-2.93660996,22.84055964,5065894.514292032,396556.89600535,803029590.4939834,803029590.4939834,1000000000.0,2026-07-23,,
1218,Eli Lilly Tokenized Stock (Ondo),LLYon,eli-lilly-tokenized-stock-ondo,1165.133367049452,-0.01341806,-1.13370395,0.26155171,5064307.878941239,1796336.68693818,4346.54780488,4346.54780488,,2026-07-23,,
1219,crow with knife,CAW,crow-with-knife,6.565457812871328e-09,-0.59338349,-2.68515443,4.49784443,5054492.528564829,8062.8074455,769861397731578.0,777777777777777.0,777777777777777.0,2026-07-23,,
1220,Daddy Tate,DADDY,daddy-tate,0.00840768701888396,-1.55622336,-6.43513901,-45.51098688,5041347.22258569,200956.9947388,599611666.236225,599611666.236225,999689062.0,2026-07-23,,
1221,Mame Inu,MAME,mame-inu,0.00555808033407135,-0.50742106,-2.81126419,-19.58823778,4990942.987603589,1068642.65896045,897961649.9979,897961649.9979,1000000000.0,2026-07-23,,
1222,RHEA Finance,RHEA,rhea-finance,0.012654031727938778,-0.212397,-0.9021354,-3.02144007,5029119.990562161,1539494.70481055,397432225.4509913,999574423.025856,1000000000.0,2026-07-23,,
1223,Bluefin,BLUE,bluefin,0.009073407997663988,0.30873383,-0.2845728,-1.7975644,5003595.942014189,2086181.4395684,551457175.0,1000000000.0,1000000000.0,2026-07-23,,
1224,VNX Swiss Franc,VCHF,vnx-swiss-franc,1.2278504600600977,-0.01389858,-0.00814119,-0.8652658,4997193.527135542,18029.71157661,4069871.44582,4069871.44582,,2026-07-23,,
1225,Koma Inu,KOMA,koma-inu,0.008256138798700678,-0.01549222,3.20804047,11.51158317,4974684.743266379,1331592.11139594,602543739.2173297,605954353.425861,1000000000.0,2026-07-23,,
1226,Alpha Quark Token,AQT,alpha-quark-token,0.18578974999537154,2.36371386,4.54907263,-0.02188608,4980317.382115679,2202340.5496919,26806201.0,30000000.0,30000000.0,2026-07-23,,
1227,Alltoscan,ATS,alltoscan,0.06702258531321051,-0.37470824,0.75078503,2.47908755,4941730.666774034,297028.72319437,73732319.3917438,98561539.0,100000000.0,2026-07-23,,
1228,BitMine Immersion Technologies Tokenized Stock (Ondo),BMNRon,bitmine-immersion-technologies-tokenized-stock-ondo,17.73542372324792,0.23448314,1.92777944,11.98231995,4932675.468687631,1192086.16165795,278125.60588681,278125.60588681,,2026-07-23,,
1229,Pangolin,PNG,pangolin,0.02088080953571674,-0.0414184,-1.55146283,-0.11783658,4921807.012770264,446680.78449741,235709588.0,230000000.0,538000000.0,2026-07-23,,
1230,Alchemix,ALCX,alchemix,1.9464961412564543,0.34362727,-0.93736541,-2.60443087,4917319.620534398,288175.7974573,2526241.64842181,2688820.72659166,,2026-07-23,,
1231,StablR USD,USDR,stablr-usd,0.2299837321125826,-0.0054833,-12.46114423,2.84613082,4910283.754529251,93.29721427,21350569.926944,21350569.926944,,2026-07-23,,
1232,CONX,XPLA,xpla,0.005015474628252967,0.01411877,7.50922293,-2.78837654,4907427.328885254,221299.19918069,978457213.4491391,1999879841.8164,2000000000.0,2026-07-23,,
1233,Hemi,HEMI,hemi,0.005007549466030732,0.21676765,-3.87622247,11.44331892,4894879.603045041,12573722.85244751,977500000.0,10000000000.0,,2026-07-23,,
1234,Tesla Tokenized bStocks,TSLAB,tesla-tokenized-bstocks,358.30327737419526,-0.55968985,-5.57969544,-9.20069959,4879446.697106948,5276243.92675715,13618.20280536,13618.20280536,,2026-07-23,,
1235,Amaterasu Omikami,OMIKAMI,amaterasu-omikami,0.005149707050851038,-0.01948296,-2.51163129,1.03139952,4876649.04083349,11194.18274842,946976011.0,999476011.0,1000000000.0,2026-07-23,,
1236,Viction,VIC,viction,0.03825269295274945,0.08226815,-1.65934767,-1.9403313,4873131.257798095,2858573.91315685,127393155.4,210000000.0,210000000.0,2026-07-23,,
1237,Milady Meme Coin,LADYS,milady-meme-coin,6.623358143087738e-09,-0.26404922,-2.36887418,-8.89570855,4863969.179981176,572772.45404448,734366023232083.0,888000888000888.0,888000888000888.0,2026-07-23,,
1238,Alitas,ALT,alitas,0.006386717455732843,0.0491286,0.42966643,-2.00725998,4853905.266356961,108.30920207,760000000.0,1000000000.0,1000000000.0,2026-07-23,,
1239,Nebius Group Tokenized Stock (Ondo),NBISon,nebius-group-tokenized-stock-ondo,226.84091576339722,-1.25978104,3.37170411,14.58801614,4831087.188623052,2513855.87953354,21297.24777545,21297.24777545,,2026-07-23,,
1240,Portal To Bitcoin,PTB,portaltobitcoin,0.0006069708401456832,3.33602285,3.84326957,10.49465021,4826730.947633889,1185212.08342407,7952162819.675806,8245031943.025996,8400000000.0,2026-07-23,,
1241,Obyte,GBYTE,obyte,5.1264012430591555,0.74945186,11.17777302,15.28516178,4809827.643726599,9300.7678426,938246.4258409,1000000.0,1000000.0,2026-07-23,,
1242,S.S. Lazio Fan Token,LAZIO,lazio-fan-token,0.3640493318863248,-0.35830878,-1.87049686,-1.56117297,4797776.626947248,1576152.56266029,13178918.91763,40000000.0,40000000.0,2026-07-23,,
1243,PumpBTC (Governance token),PUMP,pumpbtc-pump,0.009237690638942822,-0.31902539,-3.61967873,-2.19204085,4775463.10065438,2516348.71590799,516954213.69955,1000000000.0,1000000000.0,2026-07-23,,
1244,Wexo,WEXO,wexo,0.016216227843227893,0.34766335,-1.642739,-4.70847645,4754471.338678734,120333.19421335,293192189.0,920900277.0,928000000.0,2026-07-23,,
1245,LimeWire,LMWR,limewire,0.009307738951563492,-0.33296588,-0.29777664,-1.09789993,4709439.817456448,1091564.95167786,505970337.3680638,633045269.0,633045269.0,2026-07-23,,
1246,Croatian Football Federation Token,VATRENI,croatian-ff-fan-token,1.2251073833989181,-0.16270253,-0.36732524,-15.36632237,4733844.332030621,4622.78772724,3864024.0,20999999.44183582,30000000.0,2026-07-23,,
1247,Rain Coin,RAIN,rain-coin,4.71994881253276,0.17933807,0.61878454,-1.71875188,4719948.81253276,7934.37133644,1000000.0,1000000.0,1000000.0,2026-07-23,,
1248,XMAQUINA,DEUS,deus-token,0.02336830380244091,-0.2702939,-4.42056203,-3.39410167,4705708.424070028,97632.84550149,201371415.9081798,999987281.5088582,1000000000.0,2026-07-23,,
1249,HOPR,HOPR,hopr,0.01371132485426729,-0.15682988,1.22826411,-17.12902022,4677944.98181204,70809.65349092,341173813.0,394545361.0,1000000000.0,2026-07-23,,
1250,Marvell Technology Tokenized bStocks,MRVLB,marvell-technology-tokenized-bstocks,211.94461891813378,-2.00402106,1.66732948,3.2245951,4669778.124577218,3676462.73518042,22033.01102153,22033.01102153,,2026-07-23,,
1251,DAOBase,BEE,daobase,0.026583439482926113,0.83460034,43.47626946,-47.65518135,4627910.483201763,2294315.5379203,174089981.32744092,1023877462.925673,1000000000.0,2026-07-23,,
1252,PayAI Network,PAYAI,payai-network,0.004598819586297766,0.84694618,2.4309968,-5.50808233,4598569.551497886,1388734.31664009,999945630.6569135,999945630.6569135,1000000000.0,2026-07-23,,
1253,WhiteCoin,XWC,whitecoin,0.006036823174312067,-0.25324143,-0.91853986,-9.16664807,4614092.599305062,728524.87012372,764324623.4110321,971792390.0,1000000000.0,2026-07-23,,
1254,Bytecoin,BCN,bytecoin-bcn,2.4981731959197684e-05,0.0,0.0,25.4440502,4598308.180012322,0.0,184066828814.058,184066828814.058,184470000000.0,2026-07-23,,
1255,PepeFork,PORK,pepefork,1.126642432984951e-08,-0.97802997,6.48228681,23.66948775,4592484.460206887,16885.53865208,407625731620941.9,420690000000000.0,420690000000000.0,2026-07-23,,
1256,MORI COIN,MORI,mori-coin,0.005730813756459196,-0.14662694,-0.75747292,-1.13976218,4584696.765715202,908433.96147298,800007985.0,999998186.0,999999999.0,2026-07-23,,
1257,Neon EVM,NEON,neon,0.019083942737365474,0.06278642,0.20683301,3.21837408,4569946.404841046,580495.42309357,239465527.0,1000000000.0,1000000000.0,2026-07-23,,
1258,Mitosis,MITO,mitosis,0.02519536852501451,0.28865299,1.44911145,16.21711046,4567242.104655175,8304648.92799008,181273082.0,1000000000.0,1000000000.0,2026-07-23,,
1259,Sperax,SPA,sperax,0.002190039043676887,-0.59341577,-1.02739133,-1.37622209,4485642.977878293,264086.64637904,2048202287.0,4615267291.67,5000000000.0,2026-07-23,,
1260,Nomina,NOM,nomina,0.0015456239462974576,-0.16980021,0.10616592,-2.38160864,4482309.444262627,5292436.36320781,2900000000.0,7500000000.0,7500000000.0,2026-07-23,,
1261,Hey Anon,ANON,hey-anon,0.3226830055125842,-2.51860718,2.37297729,-0.54133114,4472287.412199516,187680.62805977,13859693.060362,20961083.951299,20961083.951299,2026-07-23,,
1262,Scroll,SCR,scroll,0.023499333192163484,-0.33078588,-1.1130008,-4.73351243,4464873.306511062,1896375.9934685,190000000.0,1000000000.0,1000000000.0,2026-07-23,,
1263,AIVille Governance Token,AIV,aiville,0.0015993115205442498,0.0,-0.73692702,-12.84661889,4441543.982394669,0.0,2777160000.0,10000000000.0,10000000000.0,2026-07-23,,
1264,Suilend,SEND,suilend,0.06109306775169113,-0.10446804,22.66039717,14.64461612,4439662.185155655,57639.14312517,72670473.89403293,100000000.0,100000000.0,2026-07-23,,
1265,Tokemak,TOKE,tokemak,0.048826817094710616,-0.00476772,4.34271379,6.54387676,4404937.240517093,1018.44410452,90215531.19001643,100000000.0,100000000.0,2026-07-23,,
1266,Lingo,LINGO,lingo,0.00912005733053837,1.89235743,3.09531333,8.07770765,4434227.807419363,162357.11071429,486206133.0,486206133.0,1000000000.0,2026-07-23,,
1267,MonaCoin,MONA,monacoin,0.06678337589628651,-0.04218723,-2.73529389,-1.7182046,4389649.58446191,3530.67014403,65729674.871168,65729674.871168,105120000.0,2026-07-23,,
1268,MAGIC•INTERNET•MONEY (Bitcoin),MIM,magic-internet-money-bitcoin,0.00020891371866942095,0.0014518,-2.91017983,0.14617412,4387188.09205784,1435.29222456,21000000000.0,21000000000.0,21000000000.0,2026-07-23,,
1269,doginme,DOGINME,doginme,6.440636739004398e-05,-0.37131733,-3.27513195,-4.70693774,4355110.779098674,207609.65280996,67619258088.6326,67619258088.6326,69000000000.0,2026-07-23,,
1270,Robinhood Markets Tokenized Stock (Ondo),HOODon,robinhood-markets-tokenized-stock-ondo,103.54758551052286,-1.33021134,-3.1073479,-9.98674184,4345700.799670346,2254220.6107243,41968.15192015,41968.15192015,,2026-07-23,,
1271,Enzyme,MLN,enzyme,1.3163053294921752,-0.00389507,-0.42015762,-1.3276519,4312630.357114496,1375900.5923946,3276314.59091508,3276934.20658701,,2026-07-23,,
1272,Unstable Coin (usduc.io),USDUC,unstable-coin-sol,0.004302542851134473,0.24422681,0.32653383,-7.91730917,4302182.445259901,866593.43131877,999916234.216127,999916234.216127,1000000000.0,2026-07-23,,
1273,PRIZM,PZM,prizm,0.0009095450000000001,0.0,1.23361042,1.12362992,4288223.204693956,0.0,4714690537.24,4714690537.24,6000000000.0,2026-07-23,,
1274,Nash,NEX,nash,0.0966730194380384,-3.94191594,-1.13918798,-0.14626139,4285171.569123198,379.7759248,44326448.0,50000000.0,50000000.0,2026-07-23,,
1275,SPACEM WORLD,SPCM,spacem,0.00044028615915496413,-0.23247105,-3.9241092,11.3587288,4281658.719033412,237921.33093472,9724717959.0,42582201726.0,42582201726.0,2026-07-23,,
1276,South Korea Bull 3X ETF Tokenized bStocks,KORUB,south-korea-bull-3x-etf-tokenized-bstocks,21.661062528940594,-3.73534631,8.27985121,8.27985121,4309662.717299517,3240721.90927075,198958.9712666,198958.9712666,,2026-07-23,,
1277,MESSIER,M87,messier,4.8344274611248105e-06,-0.09728375,-2.97742032,2.18317609,4277725.22231739,140944.83062147,884846293944.0,884846293944.0,884846293944.0,2026-07-23,,
1278,Splintershards,SPS,splintershards,0.002741600906419754,-0.27462832,-0.33380096,-4.99358766,4275148.6843180545,1590.48883511,1559362150.161,2751461138.39,3000000000.0,2026-07-23,,
1279,Populous,PPT,populous,0.08018033888694738,0.0,-7.76150848,11.02682051,4269783.1303212475,0.0,53252245.99438964,53252246.0,53252246.0,2026-07-23,,
1280,RSS3,RSS3,rss3,0.004586273934078347,0.42025727,-4.23112176,-13.17725734,4263489.320535,1198861.7927252,929619421.3030119,1055772199.8297999,1000000000.0,2026-07-23,,
1281,Arrow Finance,ARROW,arrow-finance,0.4741716757861217,-4.27046239,-39.68999734,-75.87037361,4267545.082075096,2144255.10693212,9000000.0,10000000.0,10000000.0,2026-07-23,,
1282,Keyboard Cat,KEYCAT,keyboard-cat,0.0004242019741333172,-1.38779442,-5.60347531,3.67199292,4242019.741333172,130232.60145715,10000000000.0,10000000000.0,10000000000.0,2026-07-23,,
1283,SIX Token,SIX,six,0.0049808368720166436,0.26418887,0.07535923,-0.83188984,4238525.868570592,337808.22609977,850966610.126,999999970.0,1000000000.0,2026-07-23,,
1284,Diamond,DMD,diamond,1.1454945228120157,-0.13150139,-0.30109972,1.6423138,4230841.302097778,38113.9672595,3693462.70788943,4380000.0,4380000.0,2026-07-23,,
1285,ANDY (ETH),ANDY,boysclubandy,4.223926908150024e-06,-0.19430128,0.90787876,5.97008804,4223926.908150024,967.25314842,1000000000000.0,1000000000000.0,1000000000000.0,2026-07-23,,
1286,Odos,ODOS,odos,0.0011285296641479433,0.01611016,3.84595262,-24.0154039,4219834.980071596,649851.5818261,3739232661.870376,10000000000.0,10000000000.0,2026-07-23,,
1287,Marina Protocol,BAY,marina-protocol,0.021043308881572728,1.26860536,-3.44726763,81.98765671,4208661.776314545,521153.46427457,200000000.0,1000000000.0,1000000000.0,2026-07-23,,
1288,Ski Mask Dog,SKI,ski-mask-dog,0.004253084338699033,-0.59767882,0.9481896,-2.6070716,4207989.085350771,3289.52092023,989397047.0,1000000000.0,1000000000.0,2026-07-23,,
1289,Open Loot,OL,open-loot,0.005240170712100352,-0.91534873,-4.63797443,-0.20663554,4195850.934282742,1622900.7574945,800708825.1140146,5000000000.0,5000000000.0,2026-07-23,,
1290,Fwog (SOL),FWOG,fwog-solana,0.004279303425585498,-0.13386191,2.46762597,-3.17136954,4175039.601232631,1927755.85444491,975635328.0,975635328.0,975635328.0,2026-07-23,,
1291,Galeon,GALEON,galeon,0.0050155467573144985,-0.16421492,-2.71278841,-7.72988996,4136715.3183370433,473.97918877,824778537.3158374,3931074356.4648747,4000000000.0,2026-07-23,,
1292,Oraichain,ORAI,oraichain-token,0.29872110800392215,0.01241006,-5.57646035,12.98144418,4129430.9807138187,109466.80891876,13823700.0,18014986.26,19779272.0,2026-07-23,,
1293,ShareX,SHARE,sharex-network,0.22875524578325665,-0.08327064,0.38040204,8.80487084,4117594.4240986197,1634287.83362044,18000000.0,100000000.0,100000000.0,2026-07-23,,
1294,Australian Digital Dollar,AUDD,novatti-australian-digital-dollar,0.7016938775895314,0.20839725,0.28114244,0.35294578,4118465.9096137886,1921.9660909,5869320.0,5670229.704638,,2026-07-23,,
1295,SUNDOG,SUNDOG,sundog,0.004124953664163685,-1.08351197,1.34214721,0.59874256,4114313.783432063,2480829.86867167,997420606.0,1000000000.0,1000000000.0,2026-07-23,,
1296,BTSE Token,BTSE,btse,0.939537366574194,-0.13744358,0.42868834,-6.74447487,4091413.705131675,4244060.12855134,4354711.0,165904711.0,,2026-07-23,,
1297,Gearbox Protocol,GEAR,gearbox-protocol,0.0004084738254302915,-0.00726469,-4.16241714,-19.04214509,4084738.254302915,975.01447251,10000000000.0,10000000000.0,10000000000.0,2026-07-23,,
1298,Ref Finance,REF,ref-finance,0.042516096357349945,0.0,-5.17080862,-9.39032737,4081340.4849714846,0.0,95995183.81620954,99990506.14259167,99990506.14259167,2026-07-23,,
1299,Lava Network,LAVA,lava-network,0.01535898935959852,-0.21691409,-4.1771794,-5.0667273,4062552.0736339544,475157.69655335,264506471.0,959853317.783747,,2026-07-23,,
1300,Nebius Tokenized bStocks,NBISB,nebius-tokenized-bstocks,225.38877270255813,-1.03448671,3.324867,13.34176805,4072630.7551047504,7028018.49962086,18069.35947284,0.0,,2026-07-23,,
1301,Pkoin,PKOIN,pocketnet,0.28951225533050334,0.00060022,1.20074359,3.28925476,4031219.886891122,26937.32142898,13924177.0,16609085.0,24375000.0,2026-07-23,,
1302,Sport.Fun,FUN,sport-fun,0.02254823384552676,0.06240855,1.19369728,11.54011204,4013585.6245037634,408343.21466565,178000000.0,1000000000.0,1000000000.0,2026-07-23,,
1303,PIBBLE,PIB,pibble,0.0001350990631066093,0.03358471,3.857886,-2.11130108,4005484.6931151873,45419.88281622,29648500892.670006,29648500892.670006,30000000000.0,2026-07-23,,
1304,elizaOS,ELIZAOS,elizaos,0.00042151126660710343,-0.10832806,-0.38379215,-3.41397172,4001152.6447130535,2144250.26227144,9492397859.06502,10999984882.285799,11000000000.0,2026-07-23,,
1305,ASML Holding NV Tokenized Stock (Ondo),ASMLon,asml-holding-nv-tokenized-stock-ondo,1804.0280475937232,0.00956911,-0.01244339,-0.09759847,3985528.1207491364,2720388.15545708,2209.23844619,2209.23844619,,2026-07-23,,
1306,Games for a Living,GFAL,games-for-a-living,0.0009476266553833158,0.0,-0.59422331,-6.77721055,3979268.5403644647,0.0,4199194395.555333,10000000000.0,10000000000.0,2026-07-23,,
1307,Venus LTC,vLTC,venus-ltc,0.9603789861340915,-0.00295669,1.29010799,4.35328315,3978252.783824166,0.0,4142378.0,4142378.0,,2026-07-23,,
1308,World3,WAI,world3,0.011776918599409932,-0.40983187,-3.42205111,-8.31753343,3975104.483412421,72492.78514201,337533494.0,1000000000.0,1000000000.0,2026-07-23,,
1309,SpaceN,SN,spacen,0.0986017086561,-0.15497075,-0.65890692,0.69845232,3945054.363330561,0.0,40010000.0,1000000000.0,1000000000.0,2026-07-23,,
1310,错版马,哭哭马,crying-horse,0.003931942008805599,0.13367113,14.24659993,-7.60429896,3931942.008805599,800091.87889831,1000000000.0,1000000000.0,1000000000.0,2026-07-23,,
1311,Tectonic,TONIC,tectonic,1.582920199243636e-08,0.8636005,-1.00187434,-2.1920054,3921429.6254510996,2172.13556,247733879909099.0,500000000000000.0,,2026-07-23,,
1312,Star Atlas,ATLAS,star-atlas,0.0001565322915624905,1.21944767,7.02528132,38.68383227,3906279.0047148885,1005833.51802731,24955100099.3008,36000000000.0,,2026-07-23,,
1313,DaGama World,DGMA,dagama-world,0.026958595316923087,-0.05121838,0.5514062,-0.14290869,3900098.562191441,95947.76518908,144669947.24102628,700000000.0,700000000.0,2026-07-23,,
1314,AC Milan Fan Token,ACM,ac-milan-fan-token,0.2816908639069954,-0.0361986,-1.09132914,-1.44232842,3896821.833594652,1436730.18322063,13833682.0,19920000.0,19920000.0,2026-07-23,,
1315,Qualcomm Tokenized Stock (Ondo),QCOMon,qualcomm-tokenized-stock-ondo,178.86230620229588,-0.36906367,2.95559757,-0.6741078,3884315.2375258654,1274750.58054507,21716.7905301,21716.7905301,,2026-07-23,,
1316,SpaceChain,SPC,spacechain,0.012648670894527099,-0.17744244,0.80673197,10.72879881,3885453.2562523764,1815.11283396,307182730.0,391259213.0,,2026-07-23,,
1317,NEM,XEM,nem,0.0004314598753507512,-3.43083334,-4.85503708,-10.0596015,3883138.877725301,307340.61298727,8999999999.0,8999999999.0,8999999999.0,2026-07-23,,
1318,VestChain,VEST,vestchain,0.0009827243706142237,0.0,0.0,0.0,3877782.587367552,0.0,3945951381.0,3945951381.0,,2026-07-23,,
1319,Lockheed Tokenized Stock (Ondo),LMTon,lockheed-tokenized-stock-ondo,525.177644104819,-0.11976003,1.831983,0.08505516,3873065.528637348,1584362.77801884,7374.77227394,7374.77227394,,2026-07-23,,
1320,PlatON,LAT,platon,0.0005545890906131805,0.64325909,-3.00558449,4.50425343,3852736.6518344674,1285448.80838754,6947011250.392061,10250000000.0,,2026-07-23,,
1321,Bitcoin Gold,BTG,bitcoin-gold,0.22010699791954663,-0.00657621,-26.57928183,-24.53852011,3854937.1429671217,22.01069979,17513923.589,17513923.589,21000000.0,2026-07-23,,
1322,Steem Dollars,SBD,steem-dollars,0.39210611254227257,-0.03576077,0.12241993,0.0220553,3843286.9309342913,1167572.32950713,9801650.135,9801650.135,,2026-07-23,,
1323,SpaceX tokenized stock (PreStocks),SPACEX,spacex-tokenized-stock-prestocks,439.5249808403578,-0.02803844,-4.66623262,-2.16400936,3842575.930296549,969.54394932,8742.56549184,8742.56549184,,2026-07-23,,
1324,Swell Network,SWELL,swell-network,0.0007490969608695291,0.14894676,-2.92918994,2.95263066,3849365.517136283,2016938.70943364,5138674588.491263,10000000000.0,10000000000.0,2026-07-23,,
1325,Purple Pepe,$PURPE,purple-pepe,9.147933675642459e-06,-0.52020375,-1.55419013,-5.78182967,3816644.1882706485,236040.64197459,417213801892.0,420683240832.10004,420690000000.0,2026-07-23,,
1326,Quantoz EURQ,EURQ,quantoz-eurq,1.1354414497090384,-0.00487873,0.82051543,0.52622433,3804029.7485094517,3497719.68243096,3350265.0,5000000.0,,2026-07-23,,
1327,Coca-Cola Tokenized Stock (Ondo),KOon,coca-cola-tokenized-stock-ondo,83.8731849940812,0.14098956,0.28446181,-0.56466951,3779717.817888754,1281427.92382423,45064.67493938,45064.67493938,,2026-07-23,,
1328,Sui Name Service,NS,sui-name-service,0.012246607074713898,-0.73685782,0.58741586,-2.01908914,3762713.1841407595,440653.49937782,307245358.75,500000000.0,500000000.0,2026-07-23,,
1329,CateCoin,CATE,catecoin,6.567520619510528e-08,-0.00783601,1.78941191,0.32978411,3761422.057328022,343.50208751,57273090946281.0,60000000000000.0,,2026-07-23,,
1330,GamerCoin,GHX,gamercoin,0.0057861852157206455,0.0136064,-0.83388424,-6.06606903,3760818.5874951496,234704.77653684,649965123.3557609,808000000.0,808000000.0,2026-07-23,,
1331,Boson Protocol,BOSON,boson-protocol,0.021889284598653316,-0.13007323,-6.0514991,-8.58358493,3731323.956833446,49241.95462331,170463495.0501309,200000000.0,200000000.0,2026-07-23,,
1332,Landwolf 0x67,WOLF,landwolf-coin,4.119303246136559e-06,-0.00790183,-5.53094205,-16.36342265,3716268.5780973467,166683.2292769,902159505150.0,902159505150.0,1000000000000.0,2026-07-23,,
1333,SpaceX Tokenized Stock (Reality),rSPCX,spacex-tokenized-stock-reality,115.862061324903,-0.22837342,-7.4415887,-14.49647037,3711742.2752938946,0.0,32035.87294106,32035.87294106,,2026-07-23,,
1334,Arsenal Fan Token,AFC,arsenal-fan-token,0.16013244006923363,0.00472256,-0.5007845,0.52183803,3709615.620510612,965135.44126379,23165922.02621,39266147.13,40000000.0,2026-07-23,,
1335,Inflation Hedging Coin,IHC,inflation-hedging-coin,3.0990636902859255e-05,0.0,-0.04397886,-0.77496754,3707812.390511306,0.0,119642987723.47,621439126933.0,1000000000000.0,2026-07-23,,
1336,Minutes Network Token,MNTX,minutes-network-token,0.04760834858522784,0.02197477,-1.06199148,-6.3631179,3697798.4691915717,61989.01855136,77671219.0,93328736.60546489,500000000.0,2026-07-23,,
1337,CESS Network,CESS,cess-network,0.0013945245069048886,-0.09885514,6.78595369,8.83688189,3695489.9432979547,228212.33365602,2650000000.0,10000000000.0,10000000000.0,2026-07-23,,
1338,SPECTRE AI,SPECTRE,spectre-ai,0.36918195606695525,0.0,0.05491344,-0.61296673,3689298.4170915713,0.0,9993171.0,10000000.0,10000000.0,2026-07-23,,
1339,PussFi,PUSS,pussfi,0.004194226828236904,0.08056635,-0.0213367,-0.43347324,3685989.8027133294,832516.70897762,878824621.0,1000000000.0,1000000000.0,2026-07-23,,
1340,LOFI,LOFI,lofitheyeti,0.0036852219552186444,0.1214833,0.86731375,-0.44114486,3685221.9552186443,134230.52245076,1000000000.0,1000000000.0,1000000000.0,2026-07-23,,
1341,Intel Tokenized Stock (Reality),rINTC,intel-tokenized-stock-reality,102.73159023528709,-1.87297885,-2.8833173,0.42313828,3670070.221039536,0.0,35724.84581066,35724.84581066,,2026-07-23,,
1342,PIVX,PIVX,pivx,0.03484271661466476,-0.70038846,-2.83511508,-5.74047891,3661470.016963472,3187433.97136049,105085664.17069834,105085664.17069834,,2026-07-23,,
1343,Klever Coin,KLV,klever,0.00041118665439326984,-0.34067777,-3.67211589,0.20495212,3651658.383813698,170831.45186008,8880780406.65482,10000000000.0,10000000000.0,2026-07-23,,
1344,Destra Network,DSYNC,destra-network,0.0037456792091975655,-0.03688272,-2.82353366,-3.54488562,3651841.367892801,752279.13411125,974947710.1310906,999874315.1676701,1000000000.0,2026-07-23,,
1345,MicroStrategy Tokenized Stock (Reality),rMSTR,microstrategy-tokenized-stock-reality,99.45313512756437,-0.18228526,-2.08870076,2.23156379,3651377.695313889,0.0,36714.55596277,36714.55596277,,2026-07-23,,
1346,Stonks,STNK,stonks,6.249338591958744,1.72295545,1.21601302,-4.027709,3636345.0577238174,1399.72409302,581876.78651351,581876.78651351,581918.12,2026-07-23,,
1347,Roundhill Memory ETF Tokenized ETF (Ondo),DRAMon,roundhill-memory-etf-tokenized-etf-ondo,58.07209068183182,-1.80093112,-2.24041889,4.01813212,3627633.39831273,872063.56610676,62467.75956781,62467.75956781,,2026-07-23,,
1348,Fei USD,FEI,fei-usd,1.000232907254641,0.0,0.02943058,0.0427049,3602680.156370998,0.0,3601841.26141115,3856717.99532142,,2026-07-23,,
1349,TrustSwap,SWAP,trustswap,0.03598329156064,-0.18550665,-0.80126342,-16.41655242,3598155.140866013,174903.83231748,99995164.0,99995164.26708125,,2026-07-23,,
1350,Jager Hunter,JAGER,jager-hunter,2.725204083460294e-10,0.3321263,2.6145317,1.7283624,3593446.31863232,31176.56563485,1.318597143032894e+16,1.318597143032894e+16,1.46e+16,2026-07-23,,
1351,Liqwid Finance,LQ,liqwid-finance,0.17834272774556229,0.1637075,-0.75905914,-6.57124348,3592249.489285847,36940.60469202,20142394.0,21000000.0,21000000.0,2026-07-23,,
1352,BNBTiger,BNBTIGER,bnbtiger,8.39315313764e-19,-1.25702191,-2.40519607,-3.52697543,3563519.875928434,6084.96466829,4.2457462856807e+24,4.2457462856807e+24,1e+25,2026-07-23,,
1353,Kekius Maximus (kekiusmaximus.vip),KEKIUS,kekius-maximus-vip,0.0035599245018353267,-0.1785049,-1.84426888,-10.81992985,3559924.5018353267,2251507.76094966,1000000000.0,1000000000.0,,2026-07-23,,
1354,QAIT,QAIT,qait,0.00705683157956102,-0.32304766,-15.30459924,18.7927547,3528415.78978051,8310131.84004681,500000000.0,10000000000.0,10000000000.0,2026-07-23,,
1355,Cratos,CRTS,cratos,5.514069854657865e-05,0.84728426,-0.64177885,-2.43574219,3522157.7099371287,941972.56513605,63875826799.0,100000000000.0,100000000000.0,2026-07-23,,
1356,Harvest Finance,FARM,harvest-finance,5.231222632420029,0.1081298,-0.77072813,-1.23169468,3516341.2805080386,75231.50981056,672183.450713,690420.0,,2026-07-23,,
1357,VitaDAO,VITA,vitadao,0.24234164870808667,0.0,-1.87161412,-1.69451823,3500621.5487964186,1127.85318779,14444985.28196902,27219552.0,64298880.0,2026-07-23,,
1358,Bitrue Coin,BTR,bitrue-coin,0.00972903461547078,-0.31027024,1.77794245,-1.93148569,3491806.4566696472,380419.45582034,358905749.09838384,801307097.3484074,1000000000.0,2026-07-23,,
1359,Wolfspeed Tokenized Stock (Ondo),WOLFon,wolfspeed-tokenized-stock-ondo,29.358948688890727,-2.00337135,-9.97109874,-15.55743614,3485091.136165728,12951.25014034,118706.26476092,118706.26476092,,2026-07-23,,
1360,Wolf Safe Poor People,WSPP,wolf-safe-poor-people,2.568248803044837e-10,1.90876614,4.9356282,63.16023843,3468163.183631748,15819.66426622,1.3504e+16,4.999999975e+16,4.999999975e+16,2026-07-23,,
1361,Vulcan Forged (PYR),PYR,vulcan-forged-pyr,0.08815843261356607,0.00867605,-8.9428552,-31.68571587,3443776.993036194,7820841.62022292,39063500.68780891,50000000.0,50000000.0,2026-07-23,,
1362,Avalon Labs (AVL),AVL,avalon-labs-avl,0.02128475835940028,-0.44154213,-0.05354484,-1.66321249,3441404.828011758,1426225.00872495,161683998.0,162250000.8,1000000000.0,2026-07-23,,
1363,Wen,WEN,wen,4.71234864488386e-06,0.67086923,2.19880978,1.76684733,3429255.989454227,210854.40396614,727716951329.0,727716951329.0,727716951329.0,2026-07-23,,
1364,iShares Russell 2000 Tokenized ETF (Ondo),IWMon,ishares-russell-2000-tokenized-etf-ondo,294.835792731861,-0.03411819,-0.80077612,-0.83982119,3425983.2440706794,785921.8675022,11619.97060237,11619.97060237,,2026-07-23,,
1365,Unibright,UBT,unibright,0.0227569832415752,-1.299e-05,-2.62133469,2.84838266,3413547.469020471,0.48223788,149999999.24349335,150000000.0,150000000.0,2026-07-23,,
1366,Giant Mammoth,GMMT,giant-mammoth,0.0016096704128425914,0.02077689,3.28738467,-18.29369179,3380307.866969442,3768.34221283,2100000000.0,3000000000.0,3000000000.0,2026-07-23,,
1367,Quq,QUQ,quq,0.0033580864812757035,0.00056545,-4.25496552,-12.93639297,3358086.4812757033,166323161.7884845,1000000000.0,1000000000.0,1000000000.0,2026-07-23,,
1368,Pundi AI,PUNDIAI,pundi-ai,0.4729940392282104,-0.07745566,-0.07766009,2.19686887,3338208.4071854884,12571.91630404,7057612.0,8312980.0,18930226.0,2026-07-23,,
1369,Vertcoin,VTC,vertcoin,0.044605079109257526,0.25083977,-1.43757778,-0.44816931,3314661.013766057,10558.212807,74311291.0,74311291.0,84000000.0,2026-07-23,,
1370,BigONE Token,ONE,bigone-token,0.0003857992400684603,-0.52288749,-0.39158901,-0.27296111,3311766.9289497375,0.0,8584171727.145089,8584171727.145089,13508522147.21,2026-07-23,,
1371,Bluzelle,BLZ,bluzelle,0.006999855784637794,0.04746944,0.979775,-1.38312842,3311077.556572245,110217.61350735,473020824.77740306,500000000.0,,2026-07-23,,
1372,Ren,REN,ren,0.0033253582444379526,-0.46011943,-4.44254029,-0.2166666,3301675.08067139,4025.26310346,992878011.322186,999999632.80375,,2026-07-23,,
1373,DeLorean,DMC,delorean,0.00043052004670484604,-0.20191649,1.41415477,-3.34078333,3303205.6761872577,1591624.58682982,7672594346.0,12800000000.0,12800000000.0,2026-07-23,,
1374,PaLM AI,PALM,palm-ai,0.04274871961244955,-0.00500022,0.01168508,6.2951998,3297036.321831048,10983.03137087,77125966.61891283,77125966.61891283,,2026-07-23,,
1375,Gems,GEMS,gems-vip,0.005496070285981071,1.30400945,1.24107902,2.40784303,3291405.2914848845,254986.30163096,598865211.0,838059738.7,843303980.0,2026-07-23,,
1376,Grok (grokoneth.com),GROK,grok-erc,0.0005189738216273669,0.33005959,-0.78534539,17.06144796,3279339.228196142,180206.71480019,6318891419.056528,6594615419.056528,6900000000.0,2026-07-23,,
1377,NeuralAI,NEURAL,neuralai,0.3269529871561192,-0.29862858,-3.5240992,9.18292053,3269529.871561192,76548.32110698,10000000.0,10000000.0,,2026-07-23,,
1378,Buying.com,BUY,buying-com,0.00983513675099659,0.09143975,1.25515124,4.48163738,3263195.2820772445,10728.84299381,331789518.0,986800000.0,1000000000.0,2026-07-23,,
1379,Djed,DJED,djed,0.9907933009480214,0.0,0.28366167,0.67920026,3263082.6898709484,0.0,3293404.07,1000000000000.0,1000000000000.0,2026-07-23,,
1380,Altura,ALU,altura,0.003295650104641671,-0.19714382,-5.34114577,-3.48992357,3262693.6035952545,1475889.37926504,990000000.0,990000000.0,990000000.0,2026-07-23,,
1381,AST SpaceMobile Tokenized Stock (Ondo),ASTSon,ast-spacemobile-tokenized-stock-ondo,62.289882242048805,-0.52357339,-3.7155697,4.82246551,3259269.938241214,795729.0272736,52324.22700008,52324.22700008,,2026-07-23,,
1382,Nobody Sausage,NOBODY,nobody-sausage,0.0034768233397113237,-1.41144587,4.95656675,-3.75531081,3254537.242001313,598736.64903518,936066323.77,936066323.77,936066323.77,2026-07-23,,
1383,Purple Bitcoin,PBTC,purple-bitcoin,0.1673460197145025,-0.30435364,-1.8862464,-19.07638865,3231814.614203804,18999.85260846,19312169.0,19312169.0,19312169.0,2026-07-23,,
1384,TSMC Tokenized bStocks,TSMB,tsmc-tokenized-bstocks,417.0895550371595,-0.59563325,-0.48836511,-0.99033327,3227628.0617204052,2779164.59811606,7738.45334351,7738.45334351,,2026-07-23,,
1385,Counterparty,XCP,counterparty,1.2420372893003915,-0.05262668,0.00928509,3.30092513,3215855.7921637264,5.21655662,2589178.13488123,2589178.13488123,,2026-07-23,,
1386,OctaSpace,OCTA,octaspace,0.08041741895165574,0.14664087,-4.32833035,-6.33714381,3215438.386294474,118152.7231056,39984352.0,44907921.32955668,48000000.0,2026-07-23,,
1387,MileVerse,MVC,mileverse,0.00116497009948799,0.29823524,2.13374633,-0.76572548,3216517.393013455,59818.11875141,2761029999.334,3000000000.0,3000000000.0,2026-07-23,,
1388,Goldfinch,GFI,goldfinch-protocol,0.036580959030905844,0.13514296,-3.24634006,-20.48991501,3203930.5707045714,98630.03789607,87584652.11362267,114285714.0,114285714.0,2026-07-23,,
1389,World of Dypians,WOD,world-of-dypians,0.005741268314152301,-0.09618676,0.71856633,-4.54379017,3200334.303882522,1067018.47454963,557426361.0,1000000000.0,1000000000.0,2026-07-23,,
1390,Kendu,KENDU,kendu,3.369124855297382e-06,0.2267832,0.92345581,-0.96384258,3195372.8443905734,4076.67775821,948428147258.0,996747147258.0,1000000000000.0,2026-07-23,,
1391,Star Atlas DAO,POLIS,star-atlas-polis,0.010876903220599234,0.22051625,-3.69197344,23.33701195,3179054.979136973,38695.64620053,292275743.8088,360000000.0,,2026-07-23,,
1392,SWEAT,SWEAT,sweat-economy,0.0003742642861637459,1.87964412,1.09508703,-17.40770129,3165048.456738873,783355.11301684,8456720488.03,19724436538.95,21867346500.41,2026-07-23,,
1393,Shapeshift FOX Token,FOX,fox-token,0.004100227093647912,-0.03967098,0.17732125,-0.5714652,3166550.0969621516,12308.38162283,772286516.0,999089275.0,,2026-07-23,,
1394,Rayls,RLS,rayls,0.002109789550797086,0.49700366,-0.37708913,-3.47047651,3164684.326195629,1409025.25340589,1500000000.0,9951752541.12472,10000000000.0,2026-07-23,,
1395,Shadow Token,SHDW,genesysgo-shadow,0.01867234998485507,-0.04477204,0.01148007,-1.73679982,3156628.8307081363,3148.86971929,169053645.27059752,169053645.27171513,,2026-07-23,,
1396,Grin,GRIN,grin,0.013323411879144773,0.52208886,-15.02415361,-25.4309845,3151296.54550981,5920.86887037,236523240.0,236523240.0,,2026-07-23,,
1397,DIMO,DIMO,dimo,0.006292312693324102,-0.37092551,0.4683096,-0.4789843,3142176.38804963,6683.24588403,499367488.7427887,1000000000.0,1000000000.0,2026-07-23,,
1398,BitShares,BTS,bitshares,0.0010474301218446694,-0.36072334,-2.17705527,-1.97756572,3137116.0607320955,63060.99956176,2995060000.0,2995060000.0,3600570502.0,2026-07-23,,
1399,客服小何,客服小何,kefuxiaohe,0.003128053461778631,1.68696004,-0.55030843,-11.74655758,3128053.461778631,514109.89517919,1000000000.0,1000000000.0,1000000000.0,2026-07-23,,
1400,Alibaba Tokenized Stock (Ondo),BABAon,alibaba-tokenized-stock-ondo,117.42452207728428,0.91419448,-0.56141966,-3.66859685,3109649.0839756974,2066405.43801062,26482.10977541,26482.10977541,,2026-07-23,,
1401,Pfizer Tokenized Stock (Ondo),PFEon,pfizer-tokenized-stock-ondo,25.99950807155777,-0.00706593,-1.90218789,1.22992176,3108507.3387815338,1373264.44622525,119560.23668702,119560.23668702,,2026-07-23,,
1402,iShares Core S&P MidCap Tokenized ETF (Ondo),IJHon,ishares-core-sp-midcap-tokenized-etf-ondo,76.35824959119557,0.06460004,-0.3298408,-0.29720077,3092460.5154201933,817553.63135657,40499.3636179,40499.3636179,,2026-07-23,,
1403,Beefy,BIFI,beefy-finance,38.65724769821558,-0.17947636,-0.41568573,-5.8036398,3092579.8158572465,8672.21136847,80000.0,80000.0,80000.0,2026-07-23,,
1404,Rainbow,RNBW,rainbow,0.014678359906704345,0.38652807,-1.39141469,-6.95751056,3082455.5804079124,814782.89670912,210000000.0,1000000000.0,1000000000.0,2026-07-23,,
1405,Cult DAO,CULT,cult-dao,7.128958757733499e-07,0.0,-0.61333371,0.31659291,3078776.810813462,0.0,4318690730920.0,4957113505372.0,6666666666666.0,2026-07-23,,
1406,Yee Token,YEE,yee-token,0.003074711175570272,0.26344374,-13.50904804,-0.56092665,3074711.175570272,430570.93988485,1000000000.0,1000000000.0,1000000000.0,2026-07-23,,
1407,XBorg,XBG,xborg,0.012795766069416148,0.0,-2.67327314,-1.42909121,3054007.4323087274,0.0,238673278.0,1000000000.0,1000000000.0,2026-07-23,,
1408,Central African Republic Meme,CAR,central-african-republic-meme,0.0030581034119127157,-0.00820434,0.15112681,0.92054238,3036568.770535257,8091.86680123,992958170.97173,992958170.97173,1000000000.0,2026-07-23,,
1409,Electra Protocol,XEP,electra-protocol,0.0001645068808293806,-0.25117672,0.27620323,9.51536505,3031953.784218336,58313.47810106,18430559068.0,18430559068.0,30000000560.0,2026-07-23,,
1410,ZenChain,ZTC,zenchain,0.0005434495317375141,1.83239085,-0.27282246,-0.77193038,3029722.15784623,339476.32937802,5574983473.0,21000000000.0,21000000000.0,2026-07-23,,
1411,Nine Chronicles,WNCG,wrapped-ncg,0.004707634498550231,-0.366595,0.13318305,3.1417753,3009847.627477786,348769.54859429,639354569.35,723789440.0,1000000000.0,2026-07-23,,
1412,Flamingo,FLM,flamingo,0.005287353408465201,-0.0029584,0.02213139,0.01547177,2995040.7690589377,0.0,566453674.9640744,566453674.9640744,1000000000.0,2026-07-23,,
1413,Cointel,COLS,cointel,0.0039044870510545632,-0.01503278,0.09296923,-0.03141515,2992191.297778635,340804.09251014,766346836.0,10000000000.0,10000000000.0,2026-07-23,,
1414,Propchain,PROPC,propchain,0.06938300528314002,0.03178217,-1.66755912,-2.34882625,2974525.126963487,74406.63161025,42871090.90799635,63763337.0,100000000.0,2026-07-23,,
1415,Ancient8,A8,ancient8,0.004975122192492136,-1.75608873,-2.42930239,-7.93839072,2970341.172862771,2673480.47951397,597038838.03,1000000000.0,1000000000.0,2026-07-23,,
1416,Freya Protocol,FREYA,freya-by-virtuals,0.005414403220454399,0.0,0.0,-2.78914767,2970341.1272939327,0.0,548599911.4496406,548599911.4496406,1000000000.0,2026-07-23,,
1417,Sταking,SN88,staking,0.65778060558822,-0.55176495,-3.74492318,-3.45123787,2964865.586356097,43717.47946571,4507377.62890526,4507377.62890526,21000000.0,2026-07-23,,
1418,Impossible Finance Launchpad,IDIA,impossible-decentralized-incubator-access,0.004352917620131374,0.00787653,0.23477903,-2.87364931,2959983.9816893344,0.0,680000000.0,1000000000.0,1000000000.0,2026-07-23,,
1419,MEVerse,MEV,meverse,0.0017141792214931983,2.92352287,0.27421738,-1.42259756,2959779.043274837,402710.44399264,1726645035.8070574,1999999999.99999,,2026-07-23,,
1420,MetFi,METFI,metfi2,0.009017979507771732,-3.2385891,-6.10933637,-15.16810492,2947428.7629304025,6017.30564698,326839150.65345806,449868929.0039937,500000000.0,2026-07-23,,
1421,United States Oil Tokenized Fund (Ondo),USOon,united-states-oil-tokenized-fund-ondo,134.12934403095858,-1.44501454,3.86176309,10.90039901,2948052.4783169827,1342788.2561196,21979.17614237,21979.17614237,,2026-07-23,,
1422,AMD Tokenized Stock (Reality),rAMD,amd-tokenized-stock-reality,552.7395349300813,-1.07680704,2.37436094,4.50511005,2939794.4519544784,0.0,5318.58907528,5318.58907528,,2026-07-23,,
1423,CLV,CLV,clover,0.002391982472421363,-2.57308419,10.73094646,23.69038732,2928123.6459416044,1123045.66268606,1224140929.0,2000000000.0,,2026-07-23,,
1424,Dragonchain,DRGN,dragonchain,0.007890551570379602,-0.11652954,0.57286936,11.78459666,2925600.7264623316,0.49841222,370772651.3625188,433494437.0,433494437.0,2026-07-23,,
1425,NATIX Network,NATIX,natix-network,7.204697599140031e-05,0.37286121,7.16302997,1.21437261,2925335.941330063,167664.92343504,40603174541.0,99991483316.62,100000000000.0,2026-07-23,,
1426,BitForex Token,BF,bitforex-token,0.0006802506394761733,0.0,0.0,0.0,2917645.130705033,0.0,4289073705.17397,10000000000.0,,2026-07-23,,
1427,VOOI,VOOI,vooi,0.00844370596198227,-0.15414849,4.29413141,4.12236608,2911835.3573779585,687861.64626234,344852766.13,1000000000.0,1000000000.0,2026-07-23,,
1428,GmeStop,GME,gme,0.00042199025176282035,-0.68045462,-2.95312405,-1.37344973,2905493.28129477,644854.16473479,6885214218.0,6885214218.0,,2026-07-23,,
1429,Numbers Protocol,NUM,numbers-protocol,0.003181947251497339,-1.97881315,33.60711812,45.53183526,2876519.558309047,335032.83535165,904012333.0,914075317.0,1000000000.0,2026-07-23,,
1430,EarthMeta,EMT,earthmeta,0.0020150162849567267,-0.03144716,-4.4161994,-14.45424971,2896665.8386113145,33164.14265838,1437539666.67,2100000000.0,2100000000.0,2026-07-23,,
1431,IBM Tokenized Stock (Ondo),IBMon,ibm-tokenized-stock-ondo,209.8393160039209,-0.22349435,-2.65043757,-2.79753515,2875020.5989650968,1976195.59374708,13701.05780802,13701.05780802,,2026-07-23,,
1432,GAIB,GAIB,gaib,0.014011399934819898,-0.0917467,-0.10394697,0.16034306,2869978.405652851,354755.47243556,204831667.0,1000000000.0,1000000000.0,2026-07-23,,
1433,Footballcoin (XFC),XFC,footballcoin,0.007262779571157225,-0.03208938,0.19213879,-0.32746148,2870744.1295176134,45882.20613024,395267968.8804323,1000000000.0,,2026-07-23,,
1434,Major,MAJOR,major,0.03454446833861486,-0.29615453,-1.34613741,2.76702603,2879276.876153728,697006.64414437,83349868.0,99999999.0,99999999.0,2026-07-23,,
1435,MECCA,MEA,mecca,0.0017667903628940838,1.29347928,-3.43348489,-5.3439865,2864553.8984666634,48225.84518815,1621332082.530942,3999998752.530942,100000000000.0,2026-07-23,,
1436,Cisco Systems Tokenized Stock (Ondo),CSCOon,cisco-systems-tokenized-stock-ondo,113.94176971294604,-0.16203199,0.62133926,0.44438449,2863385.331966904,1614102.88922494,25130.25152392,25130.25152392,,2026-07-23,,
1437,JPMorgan Chase Tokenized Stock (Ondo),JPMon,jpmorgan-chase-tokenized-stock-ondo,352.82520511347786,-0.05458594,1.16235224,0.24217791,2854920.8028124003,1443928.20959241,8091.60105751,8091.60105751,,2026-07-23,,
1438,Not Pixel,PX,not-pixel,0.014569945564638344,-0.33932484,-1.22590777,4.08281249,2847394.102465975,5122.16605746,195429289.0,225000000.0,225000000.0,2026-07-23,,
1439,Nakamoto Games,NAKA,nakamoto-games,0.029232613971460972,0.0305614,0.00709643,-1.28597676,2847256.600820299,616293.21653751,97400000.0,180000000.0,180000000.0,2026-07-23,,
1440,Meta Tokenized Stock (Reality),rMETA,meta-tokenized-stock-reality,620.6475349357771,-0.04678232,-3.26935512,-8.76801854,2826310.9863000517,0.0,4553.81005677,4553.81005677,,2026-07-23,,
1441,Global X DRAM ETF Tokenized Stock (Reality),rDRAM,global-x-dram-etf-tokenized-stock-reality,57.732794823800184,-2.43410132,-2.55426181,3.32328877,2824931.339461014,0.0,48931.13780621,48931.13780621,,2026-07-23,,
1442,ALTSEASON,ALTSZN,altseason,0.002810417733694015,-2.0158112,6.12331479,-6.04658967,2810321.828188853,2187847.66304744,999965875.0,999965875.0,999965875.0,2026-07-23,,
1443,GOLDAO,GOLDAO,gold-dao,0.0035390414627853,-0.94705786,1.05016159,2.65205223,2804898.0554196737,499.47104613,792558687.1231964,987794316.0971963,,2026-07-23,,
1444,CEEK VR,CEEK,ceek-vr,0.0034737464659212,-0.59600574,25.13652971,51.92619793,2798859.2881838325,318777.61331257,805717779.245471,1000000000.0,1000000000.0,2026-07-23,,
1445,League of Traders,LOT,league-of-traders,0.006076335749895507,-0.11477251,-3.33971254,-1.29992471,2797646.277845178,214028.09690901,460416671.0,1000000000.0,1000000000.0,2026-07-23,,
1446,Dent,DENT,dent,2.7867015956227556e-05,0.3480244,-6.5481491,-9.50373981,2786701.595622754,589345.60666414,99999999999.99994,99999999999.99994,100000000000.0,2026-07-23,,
1447,Tectum,TET,tectum,0.2798869390745618,0.03799559,-0.51602639,-8.39123529,2780524.764494671,71639.03183223,9934457.01213639,10000000.0,10000000.0,2026-07-23,,
1448,IBStoken,IBS,ibstoken,0.0006899645449580386,-0.00849243,0.44889202,-0.13578869,2777117.7809171886,143393.6406758,4025015200.0,20000000000.0,20000000000.0,2026-07-23,,
1449,PeiPei (ETH),PEIPEI,peipei-coin,6.574847280284643e-09,-0.60090898,0.27608156,-0.74248011,2765935.382363252,31526.23079045,420684354244576.0,420690000000000.0,420690000000000.0,2026-07-23,,
1450,OpenVPP,OVPP,openvpp-energy,0.0034303749478289797,-0.27942099,-11.92722603,-11.8185784,2761451.833002329,557385.50551158,805000000.0,1000000000.0,1000000000.0,2026-07-23,,
1451,Forest Protocol,FOREST,forest-protocol,0.024006986156659325,2.48746533,1.42199065,2.48356896,2750296.661863638,226338.02416391,114562346.30687825,1000000000.0,1000000000.0,2026-07-23,,
1452,Procter & Gamble Tokenized Stock (Ondo),PGon,procter-gamble-tokenized-stock-ondo,152.49835308751153,0.13120378,0.65137824,1.08303631,2745607.332492973,922540.78010684,18004.17694293,18004.17694293,,2026-07-23,,
1453,Minima,MINIMA,minima-global,0.004948850647365285,-0.5735033,-0.17220554,-9.5742125,2738530.240272534,39635.49376378,553366920.0,999978166.0,1000000000.0,2026-07-23,,
1454,NVIDIA Tokenized Stock (Reality),rNVDA,nvidia-tokenized-stock-reality,211.32042038863975,-0.68753116,2.65376491,0.08881776,2744651.761939415,0.0,12988.10477895,12988.10477895,,2026-07-23,,
1455,Cryptex Finance,CTX,cryptex-finance,0.29251791772954594,-0.03992142,0.03284149,-9.09768457,2731709.175150384,1287306.28682586,9338604.61045688,10000000.0,,2026-07-23,,
1456,Bellscoin,BELLS,bellscoin,0.044394575185247885,-0.23095554,-1.78370815,0.06766215,2729493.5087333447,8823.74122604,61482591.0,61482591.0,,2026-07-23,,
1457,Book of Ethereum,BOOE,book-of-ethereum,0.02827281858472599,0.0,1.28460105,41.99002218,2719590.9469387447,0.0,96191009.0,100000000.0,100000000.0,2026-07-23,,
1458,USD Coin (Wormhole),USDC(WormHole),usd-coin-wormhole-from-ethereum,0.9994934376367751,-0.13152453,-0.00752637,-0.0075299,2713406.8518569213,32703.35728307,2714782.058272,238515.17293,,2026-07-23,,
1459,Suku,SUKU,suku,0.004052284979591764,-0.15310226,-0.37660875,1.04038547,2690904.8204222634,24102.5982764,664046293.3812101,1500000000.0,,2026-07-23,,
1460,Chevron Tokenized Stock (Ondo),CVXon,chevron-tokenized-stock-ondo,197.1212854953355,-0.09828548,1.0784488,6.51189395,2688761.0667673936,2274660.98567036,13640.13561504,13640.13561504,,2026-07-23,,
1461,Dingocoin,DINGO,dingocoin,2.3163405015431354e-05,0.08912925,-1.11688852,-2.49394972,2666639.4885133235,59516.66117993,115122948752.0,115122948752.0,,2026-07-23,,
1462,Manyu (manyushiba.com),MANYU,manyu-ethereum,2.6659596249412103e-09,-0.59533851,-0.58480976,-8.10418513,2665959.6249412103,1328548.19720312,1000000000000000.0,1000000000000000.0,1000000000000000.0,2026-07-23,,
1463,ROA CORE,ROA,roa-core,0.003444654967899445,0.11384241,0.32951964,0.78055773,2645495.015346774,13206.80303751,768000000.0,949999869.89,1000000000.0,2026-07-23,,
1464,trac (Ordinals),TRAC,trac,0.12552903230027684,0.14552205,14.89953467,-1.85198394,2636109.6783058136,66106.65330075,21000000.0,21000000.0,21000000.0,2026-07-23,,
1465,Russell,RUSSELL,russell,0.002705435623619746,6.5743119,54.5692422,41.91093561,2626933.2507458655,781043.78209337,970983463.0,970983463.0,1000000000.0,2026-07-23,,
1466,MATH,MATH,math,0.0229663491565097,-0.04908743,-0.08630353,5.13116306,2626343.5915417387,192421.32756304,114356164.04,200000000.0,,2026-07-23,,
1467,Inter Milan Fan Token,INTER,inter-milan-fan-token,0.20737759537800732,0.17557797,-0.98811402,-2.33828877,2618587.381344619,739143.6510248,12627147.0,19728000.0,19728000.0,2026-07-23,,
1468,Measurable Data Token,MDT,measurable-data-token,0.003872760994029542,0.16100683,-1.11956463,36.18907273,2618594.5038495455,233948.08266273,676157012.5,1000000000.0,,2026-07-23,,
1469,Parcl,PRCL,parcl,0.006339384097929775,-0.03550182,0.2543598,2.47156693,2613629.530529412,300088.94829547,412284457.0,1000000000.0,1000000000.0,2026-07-23,,
1470,Nexa,NEXA,nexa,4.458748769777065e-07,0.10090803,0.56865472,8.81106577,2612657.3466361086,15326.78311214,5859620000000.0,10792235000000.0,21000000000000.0,2026-07-23,,
1471,Aleph Cloud,ALEPH,aleph-im,0.010564724766538452,-0.08022181,-1.16559224,0.95778046,2611816.3505108883,68935.33324644,247220482.1448135,500000000.0,500000000.0,2026-07-23,,
1472,IMPT,IMPT,impt,0.0018277223650929062,-0.08127552,-1.31638199,-3.89885417,2608353.9441881594,385557.02239083,1427106213.7249563,1644941462.2638354,2759360954.815418,2026-07-23,,
1473,FEED EVERY GORILLA,FEG,feed-every-gorilla,2.996511179206503e-05,-0.1056555,0.16037805,0.05814294,2589921.583095217,307686.99365295,86431233798.40173,96251132087.4303,100000000000.0,2026-07-23,,
1474,Zypto,ZYPTO,zypto,0.002878483031091266,-0.20178056,-9.10234921,-8.74004128,2580439.123815116,90955.24559205,896457994.0,896457994.0,1000000000.0,2026-07-23,,
1475,Altcoinist,ALTT,altcoinist,0.01053245675021671,4.5828834,8.63443724,-0.91063765,2580451.903803094,28223.84532478,245000000.0,1000000000.0,1000000000.0,2026-07-23,,
1476,Aventus,AVT,aventus,0.4292472326197184,-0.00098469,-2.35960234,-7.78621901,2575483.3957183105,9600.86020414,6000000.0,10000000.0,10600000.0,2026-07-23,,
1477,Vara Network,VARA,vara-network,0.0004288752052730276,-0.95946569,-1.34170178,-4.35218186,2558072.629192839,4721.78002467,5964608347.0,10032406684.0,,2026-07-23,,
1478,Pain (paintoken.com),PAIN,pain,0.5084402966630994,-0.00850145,-0.25046402,-8.45009633,2542132.628348114,7963.93214824,4999864.576101,9999864.576101,10000000.0,2026-07-23,,
1479,Palantir Technologies Tokenized Stock (Ondo),PLTRon,palantir-technologies-tokenized-stock-ondo,125.09006878630719,-0.30097398,-5.14334756,-6.28600952,2539933.549678969,3354597.75021313,20304.8377407,20304.8377407,,2026-07-23,,
1480,Roam,ROAM,roam,0.0071111443055628075,1.10847112,-1.62592283,-11.31214935,2537175.3207711247,1998201.56024601,356788614.004975,995633238.396173,1000000000.0,2026-07-23,,
1481,Swarm,BZZ,ethereum-swarm,0.048222794017228045,-0.31002726,1.65128561,8.82063153,2536550.8359651705,264276.96989263,52600660.90444622,63149437.0,63149437.0,2026-07-23,,
1482,Applied Optoelectronics Tokenized bStocks,AAOIB,applied-optoelectronics-tokenized-bstocks,112.59629867338964,-0.90451874,-6.85495078,3.78038982,2522903.6353791887,3294950.18948591,22406.63028096,22406.63028096,,2026-07-23,,
1483,Tesla Tokenized Stock (Reality),rTSLA,tesla-tokenized-stock-reality,358.14123464882,-0.50154921,-5.468524,-9.17479161,2517104.439053602,0.0,7028.24527179,7028.24527179,,2026-07-23,,
1484,CloakCoin,CLOAK,cloakcoin,0.4075566533638266,-0.0279994,-1.86578073,5.19691328,2514635.9396956973,53.34850858,6170027.94320935,6170027.94320935,,2026-07-23,,
1485,Covalent X Token,CXT,covalent-x,0.002598405364657818,0.39399189,-13.57562079,-27.13032428,2513038.266226251,248005.10915116,967146350.7608603,1000000000.0,1000000000.0,2026-07-23,,
1486,LinqAI,LNQ,linqai,0.007026588636977177,-0.10497979,8.7936405,-21.51650824,2500784.3761816407,253088.98414927,355903057.0,886694003.0,1000000000.0,2026-07-23,,
1487,Oasys,OAS,oasys,0.00036665107048175814,-0.16845192,-0.07938193,-8.09468446,2489191.5483510443,37706.8251842,6788992992.930286,10000000000.0,10000000000.0,2026-07-23,,
1488,Shido Network,SHIDO,shido-network,0.0001046526564731476,0.05353418,2.55011656,2.49379964,2468940.299815095,50368.35706833,23591759473.860947,24593555969.72857,,2026-07-23,,
1489,Validity,VAL,validity,0.48308200920205124,-0.01045732,2.13403382,-4.64122004,2464208.437507955,6778.96446089,5101014.71503421,5105175.61503421,9000000.0,2026-07-23,,
1490,McDonald's Tokenized Stock (Ondo),MCDon,mcdonalds-tokenized-stock-ondo,266.9293609139787,-0.0557713,-0.44936549,-1.46885656,2456147.9086722075,1378080.07565604,9201.49023795,9201.49023795,,2026-07-23,,
1491,Aavegotchi,GHST,aavegotchi,0.04628975061983914,-0.06208096,-1.47239519,-10.01168532,2441682.5639440785,174689.10670709,52747801.21406849,52747802.71425598,,2026-07-23,,
1492,Highstreet,HIGH,highstreet,0.024997222540834106,0.02269076,-16.66256177,-3.84462412,2439997.226256588,61234308.40081996,97610733.4433152,100000000.0,100000000.0,2026-07-23,,
1493,Ampleforth Governance Token,FORTH,ampleforth-governance-token,0.1701594611558704,2.12492995,6.87187163,1.98258057,2440689.486062721,981724.77500715,14343542.63632151,15297897.14455933,,2026-07-23,,
1494,Reef,REEF,reef,6.540511022597203e-05,0.0732212,6.35617792,26.88481265,2438222.4381213468,1514823.74804049,37278775766.86877,37278775766.86877,,2026-07-23,,
1495,Zeus Network,ZEUS,zeus-network,0.0026143096478759235,0.48434768,3.64813782,-2.63229298,2434966.3830157053,3617292.35444478,931399379.179918,999996598.696284,1000000000.0,2026-07-23,,
1496,Novo Nordisk Tokenized Stock (Ondo),NVOon,novo-nordisk-tokenized-stock-ondo,49.37603254725587,0.12264344,-2.37523848,-4.74250453,2431899.207928627,1348968.35915295,49252.62485602,49252.62485602,,2026-07-23,,
1497,OneFootball Credits,OFC,onefootball-credits,0.010695940369899286,-0.0171762,0.24114465,-3.21001027,2429040.096410988,2614591.66691195,227099255.64346242,1000000000.0,1000000000.0,2026-07-23,,
1498,LUCA,LUCA,luca,0.33005179164309767,4.94162507,23.53749772,41.62292108,2423407.8431191687,267055.58920781,7342507.76538649,8717185.1852456,,2026-07-23,,
1499,Dora Factory,DORA,dora-factory-new,0.004474381402512953,-0.44585797,-1.62844184,0.66981319,2403982.7358261948,61437.36825253,537277116.0,1000000000.0,1000000000.0,2026-07-23,,
1501,IBM Tokenized bStocks,IBMB,ibm-tokenized-bstocks,205.52476129849768,-0.15290843,-2.86157007,-3.13449943,2391530.933620826,5018799.92166045,11636.21803286,11636.21803286,,2026-07-23,,
