rank,name,symbol,slug,price_usd,change_1h_pct,change_24h_pct,change_7d_pct,market_cap_usd,volume_24h_usd,circulating_supply,total_supply,max_supply,date_snapshot,fdv_usd,liq_mkt_cap_pct
1,Bitcoin,BTC,bitcoin,80273.99443752904,-0.75936821,-1.01944271,3.99173854,1612448153111.7249,21443164048.655666,20086806.0,20086806.0,21000000.0,2026-09-20,1685753883188.11,1.3299
2,Ethereum,ETH,ethereum,2578.617030347268,-1.02465343,-1.55999616,2.34891063,314758227861.49524,10220958722.171316,122064744.06907414,122064744.06907414,,2026-09-20,314758227861.5,3.2472
3,Tether USDt,USDT,tether,0.9996458135996701,4.606e-05,-0.00095559,-0.01073364,183319697440.29648,60931899254.6263,183384649789.2811,189327421045.46777,,2026-09-20,189260363847.72,33.2381
4,BNB,BNB,bnb,749.5366545315331,-1.11809852,-1.27307996,3.03586478,99808522517.93086,1554877596.2193685,133160295.65,133160295.65,133160295.65,2026-09-20,99808522517.93,1.5579
5,XRP,XRP,xrp,1.376504630826308,-1.18958121,-2.40758633,0.93776296,86553523539.8477,3652326083.89047,62879209849.0,99985622230.0,100000000000.0,2026-09-20,137650463082.63,4.2197
6,USDC,USDC,usd-coin,0.9998775692656023,0.00585291,0.00755448,0.00212625,74238196733.30257,10128125919.972708,74247286883.1627,74247286883.1627,,2026-09-20,74238196733.3,13.6427
7,Solana,SOL,solana,108.2068193700392,-1.08680966,-4.44862782,6.26525184,63557134071.81543,3100191127.7471194,587367177.4277604,634375856.6058378,,2026-09-20,68651334535.87,4.8773
8,TRON,TRX,tron,0.33961311389931564,-0.15089866,0.23621872,-0.08605202,32249015397.357895,383039775.0231698,94958098134.33379,94958082248.4222,,2026-09-20,32249010002.29,1.1878
9,Zcash,ZEC,zcash,1453.716912346163,-0.39150494,-5.49683812,28.10648149,24535422340.203777,1307730184.9265292,16877716.7905448,16877716.7905448,21000000.0,2026-09-20,30527231032.41,5.3297
10,Hyperliquid,HYPE,hyperliquid,90.67412566226767,-0.57510409,-3.35868502,14.60483921,22801616823.096573,960021317.0140585,251467733.0115689,951583691.4417558,951583691.4417558,2026-09-20,86275719960.74,4.2108
11,Dogecoin,DOGE,dogecoin,0.08552653661271023,-1.29621345,-2.64589489,0.91356023,13341154991.857214,1181537111.4861195,155988486383.7052,155988486383.7052,,2026-09-20,13341154991.86,8.8563
12,Monero,XMR,monero,527.2451563432405,-2.22159486,-7.07258523,-2.59255855,9915884538.17099,134174056.57440336,18806971.32799391,18806971.32799391,,2026-09-20,9915402859.13,1.3535
13,Chainlink,LINK,chainlink,12.04292025203934,-1.26001378,-2.65425907,4.81586136,9009308284.379866,408896020.4638968,748099970.424884,1000000000.0,1000000000.0,2026-09-20,12043589650.31,4.5382
14,UNUS SED LEO,LEO,unus-sed-leo,8.900314532736129,0.13675454,0.15566375,-1.75996431,8187024207.317008,61741.29649528,919857851.9,985239504.0,,2026-09-20,8768886026.38,0.0008
15,Cardano,ADA,cardano,0.22146461055907962,-1.34819038,-4.78291203,6.98906212,8139472023.1809845,558752922.6240658,36752924102.10902,44994664304.52231,45000000000.0,2026-09-20,9966836483.05,6.8651
16,Stellar,XLM,stellar,0.19015307827302871,-1.35611986,-2.0718468,5.77696628,6630117645.244025,298859928.4505993,34867264340.17682,50001786839.70148,50001806812.0,2026-09-20,9510211700.89,4.5063
17,Uniswap,UNI,uniswap,8.667964606231793,-0.80294236,-3.82131717,36.68744318,5382202926.120148,1100666062.3306792,620930422.6104751,888178418.9163101,,2026-09-20,7699084525.36,20.4476
18,Bitcoin Cash,BCH,bitcoin-cash,245.294842250399,-0.66895318,-3.31422357,9.08727928,4928336723.795599,210168892.83511642,20091481.25,20091481.25,21000000.0,2026-09-20,5150934345.03,4.2562
19,Ethena USDe,USDe,ethena-usde,0.9997494752572503,0.00977143,0.00418457,-0.0054826,4844002542.185894,25203892.01153701,4845216388.775258,4845216388.775258,,2026-09-20,4843973360.59,0.5203
20,Dai,DAI,multi-collateral-dai,0.9996893872654071,-0.0082756,-0.00682412,-0.00144171,4599018484.334001,37282101.06818946,4600447441.894279,4600447441.894279,,2026-09-20,4598740372.63,0.8108
21,NEAR Protocol,NEAR,near-protocol,3.5131200269137115,-0.3746826,-7.37583065,49.82320628,4590891061.294423,1142154017.0025775,1306784575.0,1306784575.0,,2026-09-20,4591668115.6,24.8731
22,Litecoin,LTC,litecoin,57.075659962877026,-0.88482142,-2.65227884,6.47192341,4430760193.379531,328484766.5736228,77629591.95323142,84000000.0,84000000.0,2026-09-20,4794409948.54,7.4139
23,World Liberty Financial USD,USD1,usd1,0.9995412822434695,0.00367483,-0.00722064,-0.0215054,4332462945.63937,921785025.2978704,4334451235.385857,4334451235.385857,,2026-09-20,4332468201.03,21.2782
24,Avalanche,AVAX,avalanche,9.535891159726829,-0.72559073,12.77235489,28.69003007,4223240794.383255,1113072501.6724856,442878460.29738414,469547160.29738414,715748719.0,2026-09-20,6824851896.64,26.3583
25,Canton,CC,canton-network,0.10577820305265716,-1.53722829,-6.46376431,8.294707,4193050995.1891503,16586605.69690742,39640028608.74673,39640028608.74673,,2026-09-20,4193050995.19,0.3959
26,Gram (prev. Toncoin),GRAM,gram,1.3737247236391126,-0.75906649,-0.13517036,0.37262531,3844750092.5396905,71594894.80114129,2798777678.2197113,5252161997.765017,,2026-09-20,7215800294.23,1.8619
27,MemeCore,M,memecore,1.628116295778533,5.28249101,26.42505149,35.27459876,3704411150.774247,3028580.57331207,2275274291.142004,5416148717.760985,10000000000.0,2026-09-20,16304643405.08,0.0816
28,Hedera,HBAR,hedera,0.07997117310525047,-0.87979326,0.73398656,6.78984834,3505272980.1028395,121471091.0988307,43831706401.124466,50000000000.0,50000000000.0,2026-09-20,3999988709.38,3.4633
29,Sui,SUI,sui,0.8219875174155973,-3.06245233,-0.16643342,13.85224011,3367302399.085978,1042120829.3056558,4096537146.5409594,10000000000.0,10000000000.0,2026-09-20,8222138475.57,30.9421
30,Global Dollar,USDG,global-dollar-usdg,1.0004989040833103,0.01950497,0.03490681,0.01290885,3261201282.4769516,494680717.68924177,3259575067.166086,3259575067.166086,,2026-09-20,3260817846.58,15.1701
31,Shiba Inu,SHIB,shiba-inu,5.3697786529245634e-06,-1.3731995,-1.72946187,1.9289742,3164082882.2140584,97378534.05068508,589238977381459.0,589496070883844.8,589552695333683.0,2026-09-20,3165383137.91,3.0789
32,Bittensor,TAO,bittensor,252.51850760754883,-2.85723501,-2.0904112,7.79831703,2912071649.436329,344041636.4748857,11532111.75302097,21000000.0,21000000.0,2026-09-20,5301217758.53,11.8183
33,Cronos,CRO,cronos,0.058490522576933296,-1.64194174,-1.61543023,-2.4044219,2908860520.1495304,6920408.82503821,49732168426.49116,98932173548.38644,100000000000.0,2026-09-20,5848750306.11,0.2379
34,PayPal USD,PYUSD,paypal-usd,0.9996466954700871,-0.00017105,-0.01350298,-0.00364573,2801373892.390831,27186390.74258552,2802363980.2795286,2802363980.2795286,,2026-09-20,2801366673.59,0.9719
35,Tether Gold,XAUt,tether-gold,4366.82374648627,-0.06475833,-0.17102314,0.37796815,2719761146.317817,67012077.56870803,622823.659532,707747.089,,2026-09-20,3090633240.24,2.4645
36,OKB,OKB,okb,115.71358258021674,-0.68312958,-0.95362337,1.21730187,2429985234.1845517,64176268.48271853,21000000.0,21000000.0,21000000.0,2026-09-20,2429980451.47,2.6413
37,Ripple USD,RLUSD,ripple-usd,0.9997992831648232,0.02077937,-0.01041695,-0.0092354,2378519546.3282094,243196615.64512038,2378997051.0871987,2378997051.0871987,,2026-09-20,2378711110.33,10.2232
38,Aave,AAVE,aave,136.66153632441575,-2.18176851,-5.0299556,7.19524807,2108425268.7467103,270255171.11712664,15428081.12255959,16000000.0,,2026-09-20,2185890413.39,12.8396
39,Aster,ASTER,aster,0.7384806193191504,-1.73480686,-5.3260817,6.35389306,1995580739.5969882,140437722.7836217,2702279094.929849,7799908028.130118,8000000000.0,2026-09-20,5903346030.2,7.0507
40,Mantle,MNT,mantle,0.6040381553247047,-1.7903676,-2.64404226,8.8869562,1994711807.1666875,39330349.81450641,3302294382.53684,6219316794.889999,6219316795.0,2026-09-20,3754011692.6,1.9704
41,Ondo,ONDO,ondo-finance,0.404689935800042,-1.24245773,-0.4146473,16.67479024,1970569106.9236069,297885789.5999002,4869330647.0,10000000000.0,10000000000.0,2026-09-20,4047525456.93,15.1142
42,Ethena,ENA,ethena,0.19352295912260012,-5.251841,7.16927032,37.70893059,1953674748.267374,1046823509.8689457,10095312500.0,15000000000.0,15000000000.0,2026-09-20,2903817595.76,53.5681
43,PAX Gold,PAXG,pax-gold,4359.709951298984,-0.02280227,-0.15821273,0.09132117,1894291216.492893,62216083.8058179,434499.367539,434499.367539,,2026-09-20,1894265988.82,3.2844
44,Pump.fun,PUMP,pump-fun,0.003956833644527172,-2.78689189,-7.30441661,4.33043358,1849895476.2277334,137929264.81256926,467519143440.96454,833030963696.2357,1000000000000.0,2026-09-20,3956436659.85,7.4601
45,Polkadot,DOT,polkadot-new,1.083785001208634,-1.68523204,-4.7615868,7.28465726,1846323449.2971818,186784524.22971392,1703588301.404953,1703588301.404953,2100000000.0,2026-09-20,2275833658.71,10.1153
46,World Liberty Financial,WLFI,world-liberty-financial-wlfi,0.05771648605740728,-0.70963072,-1.45802646,1.35159426,1834079992.5752685,43410229.40661588,31777402227.0,100000000000.0,100000000000.0,2026-09-20,5772388636.12,2.366
47,Pepe,PEPE,pepe,3.963013301285981e-06,-0.97122363,5.40604039,14.96687514,1639785346.9973173,533231133.3276839,413772355107971.5,413772355107971.5,413772355107971.5,2026-09-20,1642582182.67,32.4938
48,Sky,SKY,sky,0.06799781617853275,-1.68957873,-2.8267784,7.74433927,1592384836.1528428,24784421.74647387,23418176136.303135,23459804203.605965,23462665147.0,2026-09-20,1593663247.43,1.5562
49,Internet Computer,ICP,internet-computer,2.7663809917375235,-1.59665471,-3.39944629,1.4517285,1540610433.9824991,65107913.11377224,556904648.5584996,556904648.5584996,,2026-09-20,1538637198.86,4.2309
50,USDD,USDD,usdd,0.996890094087317,0.02450496,-0.16130027,0.00305819,1531165571.2489114,5482489.23847125,1535942207.0,1535942207.0,,2026-09-20,1531862320.89,0.3597
51,Worldcoin,WLD,worldcoin-org,0.42293964776030735,-1.62642764,-1.52173573,6.9545112,1523207248.6741025,240291505.48640636,3601476609.583195,10000000000.0,,2026-09-20,4229091353.65,15.7782
52,Arbitrum,ARB,arbitrum,0.21248049933191382,3.24811639,0.11705039,51.89755345,1441802280.324354,340727689.17087954,6785574605.0,10000000000.0,,2026-09-20,2126760771.57,23.6295
53,United Stables,U,united-stables,0.9997363700205832,-0.00151571,-0.00176767,0.04109335,1392761737.2283487,119849212.78557996,1393129007.8,1393129007.8,,2026-09-20,1392824924.89,8.6123
54,Bitget Token,BGB,bitget-token-new,1.9830381410029292,-0.73662998,0.1582113,1.8191367,1384225122.1728814,11711355.83277495,698032525.7247974,910920874.6481038,919992035.98,2026-09-20,1824529719.73,0.8456
55,Morpho,MORPHO,morpho,2.5527080990333095,-2.79387637,-5.26203994,14.94214734,1348195434.1775558,60279699.89238349,528143203.9519547,999999999.8010328,1000000000.0,2026-09-20,2552455079.78,4.4633
56,Ethereum Classic,ETC,ethereum-classic,8.27441741411882,-2.15669564,0.05154154,8.97688659,1309211590.7333484,60486000.34075771,158224020.52130124,210700000.0,210700000.0,2026-09-20,1741906769.87,4.619
57,Venice Token,VVV,venice-token,26.458377505123593,0.23364008,-6.19408109,10.78510689,1279497862.299944,65188582.98997307,48358893.58870069,81011106.68730581,,2026-09-20,2143107372.2,5.0969
58,Lighter,LIT,lighter,4.622496995422548,-1.43836095,-5.40233871,9.69913238,1155624248.855637,87756638.0358147,250000000.0,1000000000.0,1000000000.0,2026-09-20,4624153390.18,7.5896
59,Polygon (prev. MATIC),POL,polygon-ecosystem-token,0.10355898771718783,-1.80169883,-3.07582386,7.57399176,1109902988.520283,124690127.23446399,10717592098.827272,10717592108.827272,,2026-09-20,1109825099.46,11.2354
60,GateToken,GT,gatetoken,10.180005771401829,-0.16257118,0.10467314,8.20047418,1085536507.4612672,3998383.26990765,106634174.07,140052780.28,142622843.67,2026-09-20,1448440887.5,0.368
61,Kaspa,KAS,kaspa,0.038338274768944594,-0.68612191,-1.47553825,9.05774144,1062370571.0199867,22268781.72508302,27710442825.678368,27710442825.678368,28704026601.0,2026-09-20,1099631751.64,2.0905
62,KuCoin Token,KCS,kucoin-token,7.165025211299298,-0.67894416,-0.99317118,3.67705322,982719185.3088304,8414302.5417705,137155021.2773955,142155021.2773955,200000000.0,2026-09-20,1433005042.26,0.8562
63,JUST,JST,just,0.11678513082448845,0.56426628,-0.22475279,6.63973624,956323426.7872885,43334387.74446888,8188743036.341737,8188743036.341737,,2026-09-20,957607933.4,4.4872
64,Pi,PI,pi,0.08355262736149145,-0.69912196,-2.94955281,-14.21165609,939383818.589605,5264538.52148663,11243019498.661,100000000000.0,100000000000.0,2026-09-20,8353675992.42,0.5605
65,Algorand,ALGO,algorand,0.10363162898994956,-1.39207054,7.19541821,12.43456395,937078701.4088767,98611790.1810246,9042400573.47508,10000000000.0,10000000000.0,2026-09-20,1034879568.16,10.5374
66,Cosmos,ATOM,cosmos,1.7015670116274826,-0.80773405,-2.95128263,6.28092016,904373540.4707425,41105286.00794786,531494519.046737,531494519.046737,,2026-09-20,904191688.3,4.546
67,Jupiter,JUP,jupiter-ag,0.27096683522362164,-2.56466202,-1.30891578,13.14910668,899438968.2468898,78633487.27057262,3319369204.37,6862435229.582892,6862435229.582892,2026-09-20,1857029360.63,8.7304
68,PancakeSwap,CAKE,pancakeswap,2.3089297774876125,-3.35821847,-4.25225457,4.29739285,846454139.1610906,56957006.27016079,366600209.07267797,378248721.8225635,400000000.0,2026-09-20,923688232.99,6.7295
69,Filecoin,FIL,filecoin,0.9563478440024529,-1.03409581,-1.83830965,18.59268598,794317676.1804937,354277571.21370363,830574023.0,1957039785.0,,2026-09-20,1872552378.74,44.5882
70,Render,RENDER,render,1.5314520489004684,-1.99605175,-2.77406935,11.30215519,794480937.6332617,47232489.98855601,518776241.2826915,533536414.5626915,644168762.0,2026-09-20,986006458.14,5.9389
71,Quant,QNT,quant,64.8269727350716,-0.83592259,2.1148621,1.00142207,782639057.1636628,6705945.74124513,12072738.0,14881364.0,14881364.0,2026-09-20,964741135.06,0.8563
72,Injective,INJ,injective,7.598039488792468,-4.29154712,11.42119274,29.16529151,759583260.0232751,304439029.3253447,99970954.5,100000000.0,,2026-09-20,758136758.78,40.1727
73,Dash,DASH,dash,56.84899461614273,-1.68173701,-7.83085197,4.11480601,729609807.2219663,122905857.52888525,12834172.56801913,12834172.56801913,18900000.0,2026-09-20,1072559306.09,16.8822
74,VeChain,VET,vechain,0.008376835958909106,-2.84014536,6.98793356,9.16808169,720282584.8597738,45288062.82176474,85985041177.0,85985041177.0,86712634466.0,2026-09-20,726741981.16,6.2865
75,ether.fi,ETHFI,ether-fi-ethfi,0.7160113131221041,-4.00229322,-1.8976196,4.41325709,691201521.1224232,54431351.76208537,965350000.0,1000000000.0,1000000000.0,2026-09-20,714732538.77,7.901
76,Aerodrome Finance,AERO,aerodrome-finance,0.6403122764507084,-3.09340476,-0.66344138,13.38245195,635606074.9838854,63466770.66749723,992650146.4365016,1983240735.5767915,,2026-09-20,1269871933.24,9.946
77,Aptos,APT,aptos,0.7166481961776611,-0.82350296,-5.57897109,20.58106103,623852155.6495188,189971005.71752748,870513815.5330853,1208954014.4431348,2100000000.0,2026-09-20,1504709583.31,30.4499
78,Stable,STABLE,stable,0.023491382274629935,-2.29658532,-7.31447953,-15.96070149,622011957.4892417,11982769.59931791,26478303840.0,100000000000.0,,2026-09-20,2348528574.47,1.9271
79,XDC Network,XDC,xdc-network,0.027795609303770237,-1.02022938,0.01056414,-0.53328313,596966319.6679273,8390317.08420239,21477000671.0,38096216470.05,,2026-09-20,1058919381.1,1.4066
80,Stacks,STX,stacks,0.31565691440744253,-2.73792597,10.39375172,14.67407148,572792863.9660953,57379338.59324441,1814605788.19049,1814570813.19049,,2026-09-20,574809500.02,10.0021
81,Flare,FLR,flare,0.006476695761853204,-0.86992952,-1.75563535,-0.11482039,562528450.5810285,3064143.75868689,86854234206.00351,106588101770.39777,,2026-09-20,690254714.14,0.5439
82,OFFICIAL TRUMP,TRUMP,official-trump,2.022837168451284,-2.56748835,-1.05844117,2.14128643,552509784.7464669,351050536.8891844,273136065.2076,999998944.919966,999998944.919966,2026-09-20,2022928331.64,63.4735
83,Nexo,NEXO,nexo,0.8371862407785977,-1.20120242,-0.76042249,0.33731365,540944406.4282612,5049344.01919604,646145839.5746847,1000000000.0,1000000000.0,2026-09-20,835941280.62,0.94
84,Curve DAO Token,CRV,curve-dao-token,0.32931799471770823,-2.40520243,-3.69192103,-2.1936589,513703526.1426568,52710150.94965221,1559901172.6735554,2419451810.999506,3030303030.299,2026-09-20,996050537.15,10.2915
85,币安人生,币安人生,bianrensheng,0.4985393000517372,-2.3609826,-3.44009584,5.79936219,498539300.0517372,3054186.76566566,1000000000.0,1000000000.0,1000000000.0,2026-09-20,497937337.91,0.6131
86,TrueUSD,TUSD,trueusd,0.999284175212353,-0.00386585,-0.00652918,0.00569171,494161096.8457233,12447421.96544519,494515083.0,494515083.0,,2026-09-20,494153578.53,2.5188
87,Pieverse,PIEVERSE,pieverse,1.6674979580564488,0.54494503,0.86856,36.43329717,492499223.757439,79516428.49352708,295352220.0,1000000000.0,1000000000.0,2026-09-20,1667745056.24,16.1394
88,Pudgy Penguins,PENGU,pudgy-penguins,0.007670706373052552,-2.42395092,-2.78080999,5.51612452,482183640.9004775,157605043.0823334,62860396090.04,76724221264.3,88888888888.0,2026-09-20,681586994.88,32.7187
89,Pyth Network,PYTH,pyth-network,0.05870486047342729,-2.153863,-4.44202548,6.42434248,462298444.52053297,22204682.98422097,7874960280.840664,9999981857.422035,10000000000.0,2026-09-20,585435879.42,4.8247
90,EURC,EURC,euro-coin,1.1493693029479097,-0.03050636,-0.04117005,-0.85885751,453502231.00851417,25490778.71092684,394566158.8885041,394566158.8885041,,2026-09-20,453543100.32,5.6218
91,Pendle,PENDLE,pendle,2.55890580836241,-2.53062883,-4.84185039,18.50830786,444170604.6551108,49202777.13185447,173578333.05297038,281527448.45853144,,2026-09-20,719504027.88,11.0817
92,Raydium,RAY,raydium,1.6113218919427603,-4.12735363,-6.23855426,9.45550235,434635920.37685895,93591896.74904501,269738729.766044,554997475.102263,555000000.0,2026-09-20,893771537.6,21.527
93,SPX6900,SPX,spx6900,0.46418297407303394,-3.53225444,-5.33552933,-5.18617575,432151141.39013654,10057030.31597759,930993090.07,930993090.07,1000000000.0,2026-09-20,463934332.96,2.3209
94,Virtuals Protocol,VIRTUAL,virtual-protocol,0.6518107706220532,-2.17317714,-3.03528818,6.0199052,429534725.6703899,83229719.15086257,658986848.683806,1000000000.0,1000000000.0,2026-09-20,651619548.01,19.3833
95,Midnight,NIGHT,midnight-network,0.024439308741746338,-0.629963,-1.87315112,17.67657425,405873361.3585322,19335454.58657731,16607399401.0,24000000000.0,24000000000.0,2026-09-20,586365774.42,4.7638
96,LayerZero,ZRO,layerzero,1.0778643189587878,-2.18299272,-6.12161254,6.1570401,404955126.97573364,52796349.53990731,375701393.8145003,1000000000.0,1000000000.0,2026-09-20,1076475870.38,13.0558
97,Falcon Finance,FF,falcon-finance-ff,0.12860589803878178,-0.38052593,1.53107247,-14.11083019,403822519.84177476,8332759.80289129,3140000000.0,10000000000.0,10000000000.0,2026-09-20,1286051820.13,2.0637
98,Pons,PONS,pons,0.5831876382983381,-0.41562313,-16.02764311,0.24420037,399992343.4744507,85271683.79788034,685872465.7497436,685872465.7497436,685872465.7497436,2026-09-20,398645108.8,21.4197
99,Artificial Superintelligence Alliance,FET,artificial-superintelligence-alliance,0.17140305494593464,-1.83440257,-5.5878232,2.61063522,396199615.7006127,175982243.69924226,2311508484.055814,2714384546.672,2719493897.0,2026-09-20,466095421.74,44.4116
100,Celestia,TIA,celestia,0.4216360867215774,-0.61438938,3.41114388,21.62069966,387876948.74196917,42191831.08237597,919932996.62251,1168685161.483695,,2026-09-20,493345068.6,10.8929
101,Tezos,XTZ,tezos,0.3436386807226779,-1.66914876,6.54983515,27.82360361,376834817.8958312,159625347.70585722,1096601864.211972,1116582931.124794,,2026-09-20,383137273.44,42.3823
102,Sei,SEI,sei,0.04799385942426712,-1.95848765,-0.36965263,7.72221682,363786788.61680317,60455762.02424254,7579861111.0,10000000000.0,10000000000.0,2026-09-20,479772116.36,16.635
103,Lido DAO,LDO,lido-dao,0.41496694255609323,-1.1196719,4.44417325,12.48196762,346145224.0739697,62728319.29498345,834151322.8543006,1000000000.0,,2026-09-20,414391045.92,18.155
104,Bitcoin SV,BSV,bitcoin-sv,17.033734604993015,-1.16243604,-1.98074452,0.86639215,342139912.6584135,9350200.92750955,20086018.75,20086018.75,,2026-09-20,341822015.5,2.7391
105,Sun [New],SUN,sun-token,0.017029696342643025,-0.98206737,0.12271901,0.23155885,327347922.322081,17046745.7323102,19222181989.37517,19222181989.37517,19900730000.0,2026-09-20,338934549.19,5.1927
106,BitTorrent [New],BTT,bittorrent-new,3.2918688912938046e-07,-0.94285615,-0.81409485,0.17975365,324919931.0927323,6898728.7850924,987037885840674.8,987037885840674.8,,2026-09-20,324906909.54,2.1224
107,First Digital USD,FDUSD,first-digital-usd,0.9987085942488431,-0.00730136,-0.07478775,0.0165747,324622835.97949,201276057.22516432,325042597.859737,325042597.859737,,2026-09-20,324605273.84,62.0488
108,Starknet,STRK,starknet-token,0.0437146872426702,-1.08723321,-0.4229559,52.86405864,321329423.9779466,170876332.35980603,7350605580.091965,10165100000.0,,2026-09-20,444913032.31,53.0876
109,Gnosis,GNO,gnosis-gno,117.80559803003614,-0.23527351,-0.21901537,0.16778175,310948796.44392556,749213.77657507,2639507.81324199,2999934.74577109,,2026-09-20,353444124.04,0.2408
110,Decred,DCR,decred,17.330288217900428,-0.56612282,-0.92680593,6.38606603,305205599.98203677,2057340.02676787,17611109.29862034,17611109.29862034,21000000.0,2026-09-20,363609599.59,0.6746
111,Kite,KITE,kite,0.11318026131268223,-0.99399085,-0.19521703,5.56644623,283984691.9169131,15358716.71681033,2509136210.0,10000000000.0,10000000000.0,2026-09-20,1129793062.32,5.4075
112,Terra Classic,LUNC,terra-luna,5.136655279155864e-05,-0.88442177,-2.11553937,0.77749166,283108849.44986427,12346782.66451447,5511540760749.457,6448440520884.958,6448440520884.958,2026-09-20,330968701.41,4.3656
113,Monad,MON,monad,0.02387290005171412,-1.76173704,-1.48404597,3.87760928,282300982.140028,23861021.67741198,11825165000.0,100682925000.0,114166666695.0,2026-09-20,2725697986.46,8.4502
114,Optimism,OP,optimism-ethereum,0.12068612843856465,-0.46887314,-1.94953826,26.90501835,277532835.09338105,127322146.64497265,2299624975.0,4294967296.0,4294967296.0,2026-09-20,520493890.58,45.4583
115,Immutable,IMX,immutable-x,0.13733704105255373,-0.97795565,2.59225019,9.28166502,274674082.1051075,24199061.77847058,2000000000.0,2000000000.0,2000000000.0,2026-09-20,274131529.7,8.8337
116,Arweave,AR,arweave,4.150180914666309,-4.9361456,3.3316839,62.68249178,272469611.3939788,194972393.95947325,65652466.0,65652466.0,66000000.0,2026-09-20,273975015.64,71.6147
117,Ethereum Name Service,ENS,ethereum-name-service,6.275440181173973,-2.02844155,-0.75922417,8.45446317,264667803.0433536,36181236.04547848,42175177.42219018,100000000.0,,2026-09-20,626251377.63,13.72
118,Conflux,CFX,conflux-network,0.050439330513959185,-0.69278585,2.11532357,3.21771653,264350421.9638421,14847269.48123514,5240958182.24,5240958180.23,,2026-09-20,263958253.21,5.6426
119,Bonk,BONK,bonk1,2.9676870486288335e-06,-1.42888123,-2.25459305,6.89931525,261140000.85526642,66167023.88071478,87994453787140.89,87994453787140.89,88872433754423.19,2026-09-20,263895212.43,25.3354
120,Maple Finance,SYRUP,maple-finance,0.21818973886705603,-2.55484692,-1.44060527,-0.89452198,259866009.65006787,9095184.40989466,1191009306.8510675,1244677492.5110993,,2026-09-20,270575931.07,3.5357
121,Jito,JTO,jito,0.48675619319811453,-1.08288225,5.98917532,11.98987559,254763621.3173196,46565277.04883556,523390610.9,986522577.6688426,,2026-09-20,481456748.25,18.294
122,Plasma,XPL,plasma-xpl,0.09045020225072266,-0.52325761,-0.42435302,13.62305728,251250561.80756494,86110043.32398774,2777777777.7778,10000000000.0,,2026-09-20,903867843.02,34.2153
123,Useless Coin,USELESS,theuselesscoin,0.24908242340075706,-1.45132355,-16.80758234,5.47057026,248853148.75180134,42000961.64609197,999079522.971451,999079522.971451,1000000000.0,2026-09-20,249631119.04,16.764
124,Trust Wallet Token,TWT,trust-wallet-token,0.568944664215215,-0.29175733,3.23159745,5.3645809,244566846.62776893,8616956.96502319,429860515.46,999860531.46,999860531.46,2026-09-20,568570122.34,3.5261
125,FLOKI,FLOKI,floki-inu,2.531060998095484e-05,-2.00011261,-1.76346828,2.77383228,241070449.57792497,39528226.42118745,9524482016013.059,9645350291807.617,10000000000000.0,2026-09-20,252482810.76,16.4411
126,AINFT,NFT,apenft,2.413306702685661e-07,0.02076194,0.20309763,3.07326079,238942846.39121324,8419160.71092869,990105592982874.8,990105592982874.8,999990000000000.0,2026-09-20,241288392.96,3.5307
127,IOTA,IOTA,iota,0.048189027447866795,-0.12152153,6.42415428,16.68943324,224124813.9753304,11880582.13355895,4650951178.0,4600000000.0,,2026-09-20,221207990.45,5.3168
128,The Graph,GRT,the-graph,0.020394783397999276,-1.15043488,-0.50868025,8.46580495,223145858.68845165,17334952.40619651,10941320353.043917,11612995353.043709,,2026-09-20,236546298.8,7.7847
129,Theta Network,THETA,theta-network,0.2168892641909101,-1.0261624,-2.73618512,8.72059321,216889264.1909101,12672469.66678049,1000000000.0,1000000000.0,1000000000.0,2026-09-20,216831136.21,5.8037
130,Compound,COMP,compound,21.357982417456114,-1.30734831,0.63396799,7.39036498,213579824.17354578,25625763.73460334,9999999.99995246,10000000.0,,2026-09-20,213609442.34,12.0044
131,EigenCloud,EIGEN,eigencloud,0.22922394502106355,-1.7724401,-4.22869449,9.31744773,212097634.20361662,21882249.67159872,925285681.5815067,1844491886.3761358,,2026-09-20,420821842.71,10.3527
132,BUILDon,B,buildon,0.20747026524718984,-1.15679967,14.10926133,1.19926019,207470265.24718985,10854493.94314747,1000000000.0,1000000000.0,,2026-09-20,207705877.65,5.2336
133,Zama,ZAMA,zama,0.08096806345356497,-0.90793241,32.7132687,67.72442464,202624405.5726613,253484690.12453052,2502522561.73653,11304428717.342567,,2026-09-20,913324348.96,125.4768
134,dogwifhat,WIF,dogwifhat,0.1999906728681401,-3.2125318,-5.75246367,5.44594472,199758261.76143578,73567683.00095636,998837890.270725,998837890.270725,998840592.989347,2026-09-20,199675390.71,36.866
135,JasmyCoin,JASMY,jasmy,0.004031576009648034,-1.31542798,-0.5798575,0.94641629,199341274.49553165,11087153.27147177,49444999677.16958,50000000000.0,50000000000.0,2026-09-20,201202193.9,5.574
136,edgeX,EDGE,edgex,0.5651348554508447,-2.14903938,-2.97377223,-5.29478397,197797199.40779564,8855637.34639386,350000000.0,1000000000.0,1000000000.0,2026-09-20,566444309.45,4.47
137,Kaia,KAIA,kaia,0.029692141128566565,-1.30070517,-0.80042539,-2.52786148,190737480.4641905,5247081.56091465,6423837191.070184,6423837248.661036,,2026-09-20,190699586.02,2.7548
138,Zebec Network,ZBCN,zebec-network,0.0019041671536848862,-1.39800765,5.01894735,7.05278104,190414371.39328256,10293767.95529263,99998769028.65302,99998769028.65302,100000000000.0,2026-09-20,190253864.66,5.4008
139,Convex Finance,CVX,convex-finance,1.9029860135236318,-2.91761583,-4.74011126,-8.06213161,189656655.40593818,4958668.79067554,99662663.86517663,99991235.90067367,,2026-09-20,190157124.94,2.6238
140,THORChain,RUNE,thorchain,0.5368772785907896,-1.87158252,-1.23336231,5.23792144,176442745.65861875,5165013.25172726,328646327.0,353937850.0,354196525.0,2026-09-20,190006925.49,2.9364
141,Axie Infinity,AXS,axie-infinity,1.0047390833731806,-0.70190076,-0.92396,5.47686556,175554421.87892535,19988497.869284,174726379.00134403,270000000.0,,2026-09-20,271163885.16,11.3447
142,Cash Cat,CASHCAT,cash-cat,0.1737156988633739,-2.53502661,-21.80801225,-0.57940055,173715698.8633739,27355735.59352523,1000000000.0,1000000000.0,1000000000.0,2026-09-20,174182709.9,15.7018
143,DoubleZero,2Z,doublezero,0.0495206304464933,-1.22738308,-0.26545211,4.67502397,171906783.14298967,3601048.82995945,3471417500.0,9998071775.5,10000000000.0,2026-09-20,494982082.59,2.0982
144,Neo,NEO,neo,2.379839209454928,-0.68855134,0.8775963,5.06814004,167871075.80291477,7920884.23678324,70538831.0,100000000.0,,2026-09-20,237690627.6,4.7243
145,Decentraland,MANA,decentraland,0.08425480098428709,2.7515815,4.43189223,10.02072854,167322415.3010416,19213552.53696691,1985909566.5331404,2193179327.320146,,2026-09-20,184328905.62,11.5745
146,MX Token,MX,mx-token,1.8199456861057934,-0.06199167,-0.34745175,2.55122664,167138959.8367569,4824946.425428,91837334.0,409024834.0,413787834.0,2026-09-20,753066134.09,2.8922
147,OriginTrail,TRAC,origintrail,0.3299343393105304,-0.91358736,-1.97717067,3.91388166,164967169.6552652,4356907.8679658,500000000.0,500000000.0,500000000.0,2026-09-20,164979809.12,2.641
148,Akash Network,AKT,akash-network,0.5490296995950505,-0.77016423,-1.15806153,0.79624051,163610033.89422616,5010377.16331609,297998512.675909,297998512.675909,388539008.0,2026-09-20,213681365.55,3.0591
149,Onyxcoin,XCN,onyxcoin,0.004123039942151273,-1.00893963,-2.71471303,-0.01130887,162129607.8594118,6687357.86242934,39322832214.62503,53402422627.32442,68892071756.90897,2026-09-20,283304413.61,4.145
150,Fartcoin,FARTCOIN,fartcoin,0.15986857810133892,-2.69372766,-1.53184585,12.9496694,159868299.2905387,17639363.62200479,999998256.0,1000000000.0,1000000000.0,2026-09-20,159856385.07,11.0591
151,eCash,XEC,ecash,7.903150135828034e-06,-0.68484579,-1.91256939,1.21633504,158743327.98994753,5048057.55874862,20086082797580.0,20086082797580.0,21000000000000.0,2026-09-20,166577148.05,3.1759
152,Chiliz,CHZ,chiliz,0.015010713557579524,-1.0704238,-0.0652286,0.87901686,158073813.40205738,30802318.44361806,10530732786.0,10530732786.0,,2026-09-20,158083662.52,19.5319
153,Kamino,KMNO,kamino-finance,0.02820671687780639,-0.17554491,0.38011655,10.89202838,157107558.72370887,7585660.45385061,5569863355.75,9999956814.811996,10000000000.0,2026-09-20,281573043.17,4.8473
154,Vision,VSN,vision-token,0.042600870674965444,-0.89039214,-1.3380761,2.921965,156214466.66540462,2060047.12821173,3666931313.617602,4116944177.2648344,4200000000.0,2026-09-20,179037125.97,1.3192
155,DeXe,DEXE,dexe,1.859017680403441,-0.83382932,-1.02456541,0.16258348,155662627.2068653,17076486.62935446,83733806.7559872,96504599.33609451,,2026-09-20,179057078.75,11.0144
156,Humanity,H,humanity-protocol,0.07751339822075437,-2.87099275,-4.48368144,-1.27306812,150807942.97776538,3659820.89516778,1945572590.5381122,10000000000.0,10000000000.0,2026-09-20,774921696.59,2.4266
157,Vaulta,A,vaulta,0.08771527840866346,-1.05815335,-3.23946572,7.35386523,146317245.08574784,20799785.24804253,1668093036.2446,2100000000.0,2100000000.0,2026-09-20,184214355.56,14.2087
158,GoМining,GOMINING,gomining-token,0.3603789937676722,-0.06993874,0.21337129,1.20167419,145276897.33026204,20904900.69464682,403122545.54969597,403122545.54969597,403122545.54969597,2026-09-20,145374076.51,14.3917
159,SafePal,SFP,safepal,0.28872878497209603,-0.73577563,-2.30080644,1.12158875,144364392.486048,921585.9431375,500000000.0,500000000.0,500000000.0,2026-09-20,144256502.12,0.6423
160,Telcoin,TEL,telcoin,0.0014658886508121026,-0.88795521,-7.24179247,-10.6583532,140975850.25965384,996859.443742,96170913241.98,100000000000.0,100000000000.0,2026-09-20,146482511.41,0.7076
161,Horizen,ZEN,horizen,7.5921224314066365,-1.28710513,-6.12397985,21.36193388,139164932.89850357,30112350.94111672,18330175.01440894,21000000.0,21000000.0,2026-09-20,159278843.6,21.6542
162,ApeCoin,APE,apecoin-ape,0.13828915738383396,-0.74023721,-0.98913526,1.07160117,138289157.38383397,15124412.57125314,1000000000.0,1000000000.0,1000000000.0,2026-09-20,138069081.56,10.9567
163,Gravity,G,gravity-token,0.012478133461189903,4.91644057,54.12937008,226.24917792,138297648.77705994,400833038.5074773,11083200000.0,12000000000.0,12000000000.0,2026-09-20,150491111.3,297.4203
164,Meteora,MET,meteora,0.2519382250873677,-0.40344725,-6.57680279,2.83295465,137448036.94406736,21428386.99210959,545562456.417254,997732973.912285,1000000000.0,2026-09-20,251811777.79,15.4545
165,1inch,1INCH,1inch,0.09658922251430975,-0.39973691,-1.5443202,4.71639777,136546178.2427231,10323778.47599522,1413679235.5119507,1500000000.0,1500000000.0,2026-09-20,144701203.77,7.5811
166,Mina,MINA,mina,0.10458382940594395,-0.42615634,-1.76122571,-1.08547058,134625472.9953642,20748029.62040382,1287249412.8400393,1287249412.8400393,,2026-09-20,134344440.91,15.4316
167,Sentient,SENT,sentient,0.01776385368664711,-0.33504588,-0.68900021,23.4515147,128572621.55034024,15338801.79358981,7237878887.0,34359738368.0,,2026-09-20,610278442.41,11.9906
168,ZKsync,ZK,zksync,0.011854652462008404,0.1620462,4.98085457,23.26839817,125405976.34666146,21917426.9145132,10578629508.419626,14968043449.600285,21000000000.0,2026-09-20,248556253.41,17.551
169,AWE,AWE,awe-network,0.06366410560866766,-0.25341623,-7.12545292,6.64719525,123662450.0027962,4458365.91294201,1942420282.5203903,1942420283.0,1942420283.027067,2026-09-20,123432265.38,3.6109
170,Golem,GLM,golem-network-tokens,0.12021368316349992,-1.13259373,0.39178736,-1.91310613,120213683.16349992,2394736.21231714,1000000000.0,1000000000.0,1000000000.0,2026-09-20,119916567.32,1.998
171,The Sandbox,SAND,the-sandbox,0.040857185775790304,1.46934802,2.82156466,14.11948338,120023691.06220418,22317476.96928884,2937639702.3733225,3000000000.0,,2026-09-20,122428199.41,18.7539
172,Basic Attention Token,BAT,basic-attention-token,0.0794550416679744,-1.1237204,-0.60777871,-0.06775723,118842864.94198601,5347533.84799441,1495724656.9526057,1500000000.0,1500000000.0,2026-09-20,119131164.18,4.5132
173,MultiversX,EGLD,multiversx-egld,3.7580985600676446,-0.72911099,-8.06131867,-13.0714743,115793692.96789849,78096800.33931428,30811776.51865901,30816932.0,,2026-09-20,115751492.24,67.488
174,Genius Terminal,GENIUS,genius-terminal,0.3395054292010469,-1.21081075,0.95138303,13.52701676,113862332.35997982,27252746.94195494,335377059.0,953973324.288,1000000000.0,2026-09-20,341778335.03,24.0492
175,SOON,SOON,soon,0.18771246689169904,-0.50314899,-1.05493112,1.85236693,112900120.09477118,5531879.95334446,601452433.95,998466231.2532852,,2026-09-20,187159778.01,4.9064
176,GEODNET,GEOD,geodnet,0.2408255448872911,-0.26996216,-7.48440265,11.71055508,112249420.93106538,16632237.03854996,466102634.51744413,961553067.618101,1000000000.0,2026-09-20,245418365.04,14.4962
177,AIOZ Network,AIOZ,aioz-network,0.08661161009955141,-0.06686211,8.32023005,17.79930993,110800803.86757664,7412607.7625992,1279283501.8333244,1279283501.8333244,,2026-09-20,110189743.38,6.7225
178,Lisk,LSK,lisk,0.38853046598905683,-2.7930818,-8.19695827,-38.57910529,110322662.6936631,68896304.00933895,283948550.6312146,400000000.0,400000000.0,2026-09-20,155383715.13,62.4705
179,dYdX,DYDX,dydx-chain,0.12913793717508978,-1.05388203,-0.70251292,13.32116335,109262861.76600587,9152611.12000953,846094216.4335754,958342962.317931,1000000000.0,2026-09-20,129078622.2,8.3757
180,Dog (Bitcoin),DOG,dog-go-to-the-moon-rune,0.0010939412714783792,-2.12650109,-5.94929376,6.78009732,109394127.14783792,1344589.47107339,100000000000.0,100000000000.0,100000000000.0,2026-09-20,108724438.54,1.2433
181,Fluid,FLUID,instadapp,1.2871631066118014,-1.56609611,-1.08250535,6.83961856,107731686.44135511,1796917.98833884,83696996.82034639,100000000.0,,2026-09-20,128628072.16,1.6704
182,Aethir,ATH,aethir,0.005349357952965123,0.72958001,3.64869793,10.88040259,107675966.95892733,14287282.07250076,20128764593.0,42000000000.0,42000000000.0,2026-09-20,223307460.08,13.3812
183,Official Melania Meme,MELANIA,melania-meme,0.10206714146634199,-1.13945927,-0.7126029,-0.60588441,102066706.52731217,6666424.41238179,999995738.696866,999995738.69687,,2026-09-20,101935695.05,6.5454
184,Qtum,QTUM,qtum,0.9543510842109023,-0.68613366,-0.89429554,-2.41874831,101267123.79933818,5660572.73997249,106110974.75,107822406.0,107822406.0,2026-09-20,102759624.06,5.6395
185,0x Protocol,ZRX,0x,0.11743732444439367,-0.23733771,0.96600847,-0.95710176,99633422.41448382,5165877.52861986,848396562.8973439,1000000000.0,1000000000.0,2026-09-20,117425281.6,5.1866
186,Seeker,SKR,solana-mobile-seeker,0.019367838930520232,1.79104645,-3.75732224,7.0614066,98218616.93434365,9226349.47249344,5071222312.757298,10604219489.051706,,2026-09-20,205869046.49,9.3742
187,Reserve Rights,RSR,reserve-rights,0.0015641813091597297,-1.83014214,3.4853262,3.58829233,97844505.74175687,8862096.51863954,62553174091.0,100000000000.0,100000000000.0,2026-09-20,155949913.58,9.0885
188,Four,FORM,binaryx-new,0.2548298963128066,-2.64974161,-4.34124802,3.69395069,97311193.03374785,7006273.49112771,381867255.144574,572301922.0959299,580000000.0,2026-09-20,147362726.61,7.1965
189,Cheems (cheems.pet),CHEEMS,cheems-pet,5.159224337658155e-07,-0.83382878,-1.49755097,-0.47847029,96732894.66032955,585758.70727637,187495034775398.0,203672952644644.2,203672960023058.0,2026-09-20,104772041.32,0.6073
190,DeepBook Protocol,DEEP,deepbook-protocol,0.01679534760731797,-0.48631799,0.34622092,9.73631831,96492366.29397519,6340018.43856821,5745184234.94445,10000000000.0,10000000000.0,2026-09-20,167793018.03,6.5793
191,WEMIX,WEMIX,wemix,0.19165840434384876,-0.00358669,-0.64084671,2.61654949,95703104.36429267,415703.92390145,499342070.03307045,560138982.2427065,590000000.0,2026-09-20,113048195.96,0.4347
192,ORDI,ORDI,ordi,4.487728870313908,-1.46347111,-2.96443183,6.80989273,94242306.27659206,21258815.87373737,21000000.0,21000000.0,21000000.0,2026-09-20,94162977.43,22.5659
193,Sonic,S,sonic,0.03271832716695255,-0.5410842,-3.37261081,19.25381204,94228782.24082334,16653686.92568591,2880000000.0,3222625000.0,,2026-09-20,105476432.25,17.6563
194,Prom,PROM,prom,5.160396903754566,-0.78924262,9.12027351,-9.9847361,94177243.49352083,12564350.93254535,18250000.0,19250000.0,19250000.0,2026-09-20,98998412.18,13.2213
195,Gala,GALA,gala,0.0018719339959786649,-1.63509073,-2.83118496,12.31250213,93807858.75194523,31443107.40239858,50112802563.26644,50112802563.26644,50114705514.60223,2026-09-20,93683830.37,33.0323
196,MarsCoin,MARSCOIN,marscoin-meme-bsc,0.09295438853925704,-5.42383448,-16.45428046,-19.05636513,92954388.53925703,52830668.31191877,1000000000.0,1000000000.0,1000000000.0,2026-09-20,93787574.87,56.5293
197,Beam,BEAM,onbeam,0.0017868533541985296,-0.31881303,-1.23887219,7.64245095,91665907.07897,3497793.21378574,51300184687.0,58470184687.0,58470184687.0,2026-09-20,104610385.65,3.8147
198,Plume,PLUME,plume,0.013855538992734225,-1.74969338,-3.87316666,6.03582912,88592677.28404447,11805994.96459589,6394026052.0,10000000000.0,10000000000.0,2026-09-20,138407277.36,13.3738
199,Gas,GAS,gas,1.3591985982431258,-0.53000455,3.36314204,2.75643945,88337485.19175325,10895919.95096677,64992331.0,64992331.0,,2026-09-20,88360667.23,12.3425
200,CoW Protocol,COW,cow-protocol,0.15396683343853845,-1.19083202,4.4991561,8.49584212,88264021.31619132,8916633.0206213,573266458.3988159,1000000000.0,1000000000.0,2026-09-20,153846218.8,10.1057
201,Rain,RAIN,rain,0.013631214337605257,-0.4414712,1.66447655,-13.44826989,9667425121.938408,32723894.38789783,709212318323.5625,1142408527031.5757,1142408527031.5757,2026-09-20,15563366421.36,0.3389
202,Decimal,DEL,decimal,0.4833889071889898,-0.04967116,0.56054524,-2.73028211,5375769920.037216,268382.90859933,11121003895.804047,11121003895.804047,92075616000.0,2026-09-20,44506897087.29,0.005
203,Ondo US Dollar Yield,USDY,ondo-us-dollar-yield,1.1461554396367992,-0.04305692,-0.02630264,0.06404846,2250106761.8333764,512529.03441946,1963177666.8497982,1963177666.8497982,,2026-09-20,2250042535.33,0.0228
204,Bitway,BTW,bitway-btw,0.6079289299992072,1.23756775,-1.3514651,9.85405592,1708140917.0795648,12499622.43686782,2809770736.0,10000000000.0,10000000000.0,2026-09-20,6056433110.64,0.729
205,HTX,HTX,htx,1.7034790771665465e-06,-0.92990471,0.1962372,0.1213163,1530120659.6542647,3516809.69984251,898232728634017.2,999990000000000.0,999990000000000.0,2026-09-20,1702070919.99,0.2306
206,AKEDO,AKE,akedo,0.06482571692246673,-1.92427685,53.01892523,304.13941116,1477783249.3937821,231158962.8262154,22796250000.0,100000000000.0,100000000000.0,2026-09-20,6495573555.02,15.6643
207,USDGO,USDGO,usdgo,0.9999881407188101,0.00632798,0.00442896,0.00531291,1383770894.2472434,12442011.89929209,1383787304.97,1383787304.97,,2026-09-20,1383671664.63,0.8997
208,Falcon USD,USDf,falcon-finance,0.9957268850425862,0.05853171,0.00747441,-0.07145034,1207347154.093879,727701.69229649,1212528427.45352,1212528427.45352,,2026-09-20,1207440373.36,0.0602
209,c8ntinuum,CTM,c8ntinuum,0.2407915113943666,-0.95857808,-1.37998901,0.96515298,1073537162.8117001,17704976.36479299,4458367974.0,8888883836.0,8888888888.0,2026-09-20,2133055118.99,1.6562
210,Jupiter Perps LP,JLP,jupiter-perps-lp,4.5914915234749625,-0.67650269,-2.41015443,3.69898668,890720322.125286,4616873.92317005,193993676.689,193993676.689,,2026-09-20,890843817.7,0.5198
211,GHO,GHO,gho,0.9991381794411903,-0.00677669,0.01173869,0.0330063,698397587.429392,1637181.89990084,699000000.0,699000000.0,,2026-09-20,698397751.78,0.2335
212,Beldex,BDX,beldex,0.0756756148694604,-0.02164253,0.1737836,-0.99158979,595626028.2466792,4803260.39542214,7870778840.371862,9939718840.371862,,2026-09-20,752267637.95,0.807
213,Usual USD,USD0,usual-usd,0.9989810303320397,0.00503642,0.0012883,-0.01734264,549125386.1976455,57075.42755777,549685499.0480931,549685499.0480931,,2026-09-20,549125386.2,0.0101
214,USDai,USDAI,usdai,1.0000170094309606,0.00998163,-0.01389451,-0.00672939,501359653.6973647,2614955.976206,501351126.0,501351126.0,,2026-09-20,501369333.92,0.524
215,Unibase,UB,unibase,0.1411776332291979,-7.11466374,1.11388711,14.73104215,352944083.07299477,6176775.14273729,2500000000.0,10000000000.0,10000000000.0,2026-09-20,1405667664.12,1.7746
216,Bedrock,BR,bedrock-dao,1.1420211728803111,4.60059701,31.22943734,351.96564113,344509719.72421306,29425736.79113425,301666666.0,1000000000.0,1000000000.0,2026-09-20,1149361068.23,8.4996
217,Derive,DRV,derive,0.4023282372441509,1.77789946,-4.09030765,173.07128155,296729017.2766274,128700294.75496693,737529683.0,1500000000.0,1500000000.0,2026-09-20,608224210.94,42.6895
218,Artificial Inu,AI,artificial-inu-ai,0.2603250028456698,-2.82856067,-16.28395542,-10.45806349,260282697.1342488,18208996.43969837,999837488.866,999837488.866,1000000000.0,2026-09-20,253081325.69,7.3332
219,Ape and Pepe,APEPE,ape-and-pepe,1.2097910142174501e-06,-0.72837113,-0.83982015,-7.9236623,254056112.98566452,12441221.37438803,210000000000000.0,210000000000000.0,210000000000000.0,2026-09-20,253894286.48,4.8811
220,AUSD,AUSD,agora-finance,0.999625382791743,-0.00040178,0.00104882,-0.03382391,233398217.7219554,240545.94643406,233485685.477617,233485685.477617,,2026-09-20,233397180.89,0.1032
221,Solstice USX,USX,solstice-usx,1.0006140799741923,0.02614579,0.03774636,0.07064084,232692671.2163258,660383.40355622,232549867.0,359692577.0,,2026-09-20,359907763.31,0.2839
222,48 Club Token,KOGE,bnb48-club-token,68.21996536157285,-0.0262401,0.53626306,-1.60633994,231144826.13169637,12027.70630344,3388228.43,3388228.433995,3388228.433995,2026-09-20,231172760.54,0.0052
223,龙虾 (Lobster),龙虾,lobster-2,0.23077713145523054,2.17742594,1.06126895,46.86839109,230777131.45523053,31336960.87402758,1000000000.0,1000000000.0,1000000000.0,2026-09-20,231553678.71,13.545
224,Legacy Frax Dollar,FRAX,frax,0.9912091994141965,-0.01882048,-0.0228811,-0.04942548,217382333.2347108,449656.14355189,219310245.87260038,219310245.87260038,,2026-09-20,217340448.62,0.2067
225,STONK (stonkfun.xyz),STONK,stonk-fun,0.25267333524320407,-6.09316237,3.01740138,-10.18967493,210524475.08033592,40802726.33473771,833188333.3779607,833188333.3779607,1000000000.0,2026-09-20,252014232.31,19.4543
226,Ribbita by Virtuals,TIBBIR,ribbita-by-virtuals,0.20049041498710818,-3.26045462,-7.61908558,0.31959237,200490414.98710817,1427912.74805287,1000000000.0,1000000000.0,1000000000.0,2026-09-20,200740830.09,0.7111
227,EUR CoinVertible,EURCV,eur-coinvertible,1.1492085562716623,-0.01364459,-0.02968564,-0.84428284,192814752.07851976,11093536.62978717,167780470.33,167780470.33,,2026-09-20,192814755.78,5.7635
228,USAT,USAT,tether-usat,0.9990744072453831,-0.00691834,-0.01575217,0.00299477,184146992.4690568,831584.06437853,184317595.5,184317595.5,,2026-09-20,184125049.41,0.4526
229,Non-Playable Coin,NPC,non-playable-coin,0.023218720845952955,-1.51846707,-2.95758611,17.6718635,177001857.70454466,3358642.9434107,7623238975.087478,8050126520.0,8050126520.0,2026-09-20,186534950.0,1.8998
230,WeFi,WFI,wfi,2.027906157412043,0.39635761,1.9601808,0.69906253,175103405.79206392,740979.0581223,86346897.83452602,1000000000.0,1000000000.0,2026-09-20,2027919162.87,0.4232
231,SwissBorg,BORG,swissborg,0.16974988734481297,-0.64364848,-2.24929377,0.61240052,166737241.61844677,208457.25716438,982252443.442,982252443.442,982602443.0,2026-09-20,166858246.01,0.1251
232,Backpack,BP,backpack-exchange,0.628015289179691,-5.86608174,10.92346036,21.85111227,157003544.84663075,5748902.34051367,249999558.2141123,999999558.2141123,1000000000.0,2026-09-20,608935365.4,3.9474
233,Shuffle,SHFL,shuffle,0.32205075055951,-0.01725141,-0.55453969,5.12538235,154831349.5143575,579443.44248018,480766926.4715689,956134768.8996149,,2026-09-20,307923919.96,0.3743
234,AntFun,ANTFUN,ant-fun,0.08176277643857324,0.16509403,-0.34165503,-4.36285582,154354739.47535548,15538801.63727601,1887836326.0,10000000000.0,10000000000.0,2026-09-20,818351316.77,10.0567
235,Strategy PP Variable tokenized stock (xStock),STRCX,strategy-pp-variable-tokenized-stock-xstock,105.51226683514496,-0.01514852,-0.45684817,-0.59787829,154276222.4045515,246688.15294618,1462163.85101077,2831365.27928655,,2026-09-20,298743393.41,0.1599
236,GUSD,GUSD,gusd,0.9988487672839912,0.00385143,0.05417079,0.02970739,149267959.78291965,442918.08851619,149440000.0,320000000.0,,2026-09-20,319618648.86,0.2996
237,Joseon Mun,JSM,joseon-mun,0.0004621559381675359,-0.01525831,-0.14682261,0.09896908,146258489.75188008,544708.3446575,316470000000.0,2400000000000.0,2400000000000.0,2026-09-20,1109177183.39,0.3724
238,DGrid AI,DGAI,dgrid-ai,0.9561625638594052,-0.53671059,-0.36901533,28.269026,143424384.57891077,856537283.384626,150000000.0,1000000000.0,1000000000.0,2026-09-20,955797647.01,599.582
239,Ailey,ALE,project-ailey,0.2679677952096358,-0.07123258,-0.11414124,0.36235486,139780562.06369302,75172.20592727,521631944.4444444,1000000000.0,1000000000.0,2026-09-20,267952790.75,0.0538
240,Rollbit Coin,RLB,rollbit-coin,0.08077473802624859,-0.12510556,0.05947149,-0.07974898,126837260.35728668,114218.83953242,1570259012.3668318,1570259012.3668318,,2026-09-20,126326844.42,0.0905
241,Zano,ZANO,zano,7.828904108660768,0.05574402,1.27189203,30.83355904,121074161.43692642,1448821.78147117,15465020.36,15465020.36,,2026-09-20,120854551.63,1.1995
242,ViciCoin,VCNT,vicicoin,18.84630779877212,-0.11869024,2.20670406,3.51818221,114757274.75971581,335020.0743826,6089111.77642936,3046308.25603069,10000000.0,2026-09-20,187759271.45,0.292
243,Circle Internet Group Tokenized bStocks,CRCLB,circle-internet-group-tokenized-bstocks,89.99022591380906,-1.15724046,-2.69116941,-1.16211485,114595392.07304949,19643730.33579947,1273420.42882309,1273420.42882309,,2026-09-20,114650801.27,17.2199
244,Anonymous Cat,ZCAT,anonymous-cat,0.11510570896206362,-2.69165197,-2.25388262,-8.57926259,111473516.02760418,6111837.20377548,968444719.491224,968444719.491224,1000000000.0,2026-09-20,117038789.32,5.3893
245,Catecoin (cate.meme),CATE,catecoin-cate-meme,0.11514629239261105,0.60302062,2.22226767,133.25159328,111020077.10841914,20682344.95690073,964165452.5,964170613.0,964165452.5,2026-09-20,112369003.53,18.4001
246,Quack AI,Q,quack-ai,0.024583440350013672,2.4651842,-2.56537973,3.95721765,110163327.7842597,5004721.67711089,4481200605.601911,9999978302.60191,10000000000.0,2026-09-20,245732924.59,4.5538
247,Circle Internet Group Tokenized Stock (Ondo),CRCLon,circle-internet-group-tokenized-stock-ondo,90.04045093140684,-1.2225505,-2.66807195,-1.14652935,107512906.8716939,5458971.52531675,1194051.18210256,1194051.18210256,,2026-09-20,107516970.61,5.0717
248,Frax USD,FRXUSD,frax-usd,0.9999206989943514,-0.00622582,0.01928874,0.02562244,103661761.39624885,303117.36738817,103669982.53011906,103669982.53011906,,2026-09-20,103669069.95,0.2893
249,Nockchain,NOCK,nockchain,0.044006830323390096,-1.64265005,-1.96495707,-13.05592944,102292546.3201713,1781593.04156639,2324469760.0,4294967296.0,4294967296.0,2026-09-20,187926859.15,1.7571
250,牛来 (Niu Lai),牛来,niu-lai,0.1018142142346991,-1.87191279,-13.49667212,-28.10549266,101814214.2346991,28778524.90248168,1000000000.0,1000000000.0,1000000000.0,2026-09-20,101650923.4,28.2887
251,SoSoValue,SOSO,sosovalue,0.29163516043455157,0.68611756,1.26559486,-1.67608421,99739676.31984499,3723618.02471434,342001548.0,1000000000.0,1000000000.0,2026-09-20,292079290.32,3.7251
252,Bulla,BULLA,bulla-mascot,0.09795118258196718,-1.88877628,-3.58254955,14.12429337,97951182.58196718,1910745.47561801,1000000000.0,1000000000.0,1000000000.0,2026-09-20,97916820.15,1.9499
253,UnifAI Network,UAI,unifai-network,0.3953466825034865,1.90565756,-1.71149924,-34.17356485,94487857.11833328,7563747.92818801,239000000.0,1000000000.0,1000000000.0,2026-09-20,400430379.79,8.008
254,MicroStrategy tokenized stock (xStock),MSTRX,microstrategy-tokenized-stock-xstock,154.12673375128838,-2.23592112,-0.88296703,18.30360345,89392485.58647466,8094437.44230997,579993.38213918,1507634.96785489,,2026-09-20,231556336.59,9.3727
255,Grass,GRASS,grass,0.3601352741473094,-0.30490163,3.26968573,8.25313465,87838826.81320944,16043594.55713589,243905091.0,1000000000.0,,2026-09-20,362758460.07,18.2703
256,SuperVerse,SUPER,superverse,0.1371424970128281,-1.06161592,2.30987405,13.12017249,87793501.08110626,9384481.2128474,640162626.4169173,999998077.4169173,999998077.417,2026-09-20,137046159.36,10.6733
257,AIVIVE,AVV,aivive,0.008776615018298819,-0.06298801,-0.49367791,-2.6696707,87766150.17614995,139646.21747466,9999999999.220856,10000000000.0,10000000000.0,2026-09-20,87815968.32,0.1593
258,YZY MONEY,YZY,yzy,0.2882342057387407,0.00380834,-1.89800266,-1.91804826,87327919.34406199,1569.61024338,302975558.089095,999999391.422474,1000000000.0,2026-09-20,288222926.58,0.0018
259,o1.exchange,O,o1-exchange,0.5397344877841254,-3.88811305,-4.00629439,0.14930487,86357518.04546006,4666427.98989538,160000000.0,1000000000.0,1000000000.0,2026-09-20,542013934.66,5.4121
260,Orca,ORCA,orca,1.4151920608903943,-1.73881221,-3.23205134,1.85635484,86041934.27598007,12828448.89208088,60798768.34657,74999536.683709,,2026-09-20,106206904.48,14.9008
261,Helium,HNT,helium,0.4619508834226363,-0.96482233,-1.26006766,-1.41441451,86071353.02138977,5312897.41067914,186321438.2959488,186321438.2959488,223000000.0,2026-09-20,102897257.9,6.1528
262,Huma Finance,HUMA,huma-finance,0.024226005378440045,-0.50512954,-4.21537615,3.64976789,85861442.25577796,5993219.04084521,3544184892.0,9999995376.45759,10000000000.0,2026-09-20,241728336.06,6.9852
263,Rootstock Infrastructure Framework,RIF,rsk-infrastructure-framework,0.0858250685624779,0.11428321,-0.68123828,8.58241607,85825068.5624779,7189107.08706857,1000000000.0,1000000000.0,1000000000.0,2026-09-20,85568933.67,8.3859
264,U.S. Dollar Tokenized Currency (Ondo),USDon,us-dollar-tokenized-currency-ondo,0.9997007359079976,-0.00133232,-0.0054047,-0.01133836,84550443.21406107,1717109.32245164,84575753.70019756,84575753.70019756,,2026-09-20,84550443.21,2.0309
265,USD.AI,CHIP,usd-ai,0.04159427828212349,-2.08582829,-12.25949575,-12.61049446,83188556.56424698,20301983.10202032,2000000000.0,10000000000.0,10000000000.0,2026-09-20,418312414.0,24.004
266,KAITO,KAITO,kaito,0.34354206822782224,-0.9194109,2.28222699,11.99305258,82927238.1742762,20615179.16624038,241388889.0,1000000000.0,1000000000.0,2026-09-20,344917557.74,24.9097
267,Kusama,KSM,kusama,4.394178739987512,-1.22053616,-1.58179257,12.66882107,82861912.988933,4716938.10495068,18857201.28652948,18857201.28652948,,2026-09-20,82735880.2,5.6988
268,lium,SN51,celium,21.58214002738065,-3.00972359,-4.12690295,-4.08975481,82434667.24150252,1011634.25367202,3819578.0,3819578.0,21000000.0,2026-09-20,450940153.17,1.2276
269,Walrus,WAL,walrus-xyz,0.031986246207543506,-0.50031136,2.21822771,15.81323412,82004738.71458967,8729864.09510972,2563750000.0,5000000000.0,5000000000.0,2026-09-20,159357748.98,10.6563
270,SuperTrust,SUT,supertrust,0.4351390818054008,-0.93525401,-4.9714576,-9.9976456,81981826.95119081,188112.57471833,188403732.0,188403732.0,238403732.0,2026-09-20,103942085.95,0.2215
271,Tagger,TAG,tagger,0.0007471142661937318,-4.16024017,1.178064,9.42931312,80990602.70561144,6989113.02455935,108404572594.0,405380800000.0,,2026-09-20,304302274.17,8.6105
272,Zilliqa,ZIL,zilliqa,0.0039642380327563525,5.81122355,27.02452191,38.9359584,79857279.52669905,40049550.43855888,20144420911.872925,20586376323.41626,21000000000.0,2026-09-20,82357435.03,52.3616
273,Solstice eUSX,EUSX,solstice-eusx,1.053412457108312,0.04258844,-0.01715673,0.12777174,79807095.5398401,4121723.1125511,75760539.0,140284603.0,,2026-09-20,147745104.9,5.2017
274,Kinetiq,KNTQ,kinetiq,0.2837383777118055,-2.53598941,-0.8976269,36.13979149,79581859.27358255,1919203.05891661,280476190.48,1000000000.0,1000000000.0,2026-09-20,284516860.14,2.4129
275,GMX,GMX,gmx,7.607759101174171,-0.74859597,-0.99240687,-5.13648743,79567407.76898326,2939077.13742205,10458718.09436013,10458718.09436013,13250000.0,2026-09-20,100687561.68,3.7472
276,Circle tokenized stock (xStock),CRCLX,circle-tokenized-stock-xstock,90.06280685306056,-1.12423092,-2.62087219,-1.02349795,79466489.20943674,14419406.51328542,882345.2431267,3234844.06563402,,2026-09-20,291679037.41,18.1483
277,Yearn,YFI,yearn-finance,2199.43719533775,-0.99777866,-2.07981575,-0.94991769,79346779.72114305,3012696.28013288,36075.94701469,36646.35595035,,2026-09-20,80549984.54,3.7814
278,DigiByte,DGB,digibyte,0.004264704377294284,-2.19125204,-2.64908541,-7.48493868,78811295.29912804,2342373.21373096,18479896453.955242,18479896453.955242,21000000000.0,2026-09-20,89142016.66,2.9663
279,Law Blocks (AI),LBT,law-blocks,0.3197013028436596,0.01801633,-0.22537521,-0.74373785,78326175.95767528,711618.48714829,244997988.0,1000000000.0,,2026-09-20,319672504.62,0.9093
280,Safe,SAFE,safe1,0.10090374647871286,-1.7443301,0.85148899,-2.31115695,78231410.83868039,1424500.23724525,775307296.0,1000000000.0,1000000000.0,2026-09-20,100993077.94,1.8205
281,Kava,KAVA,kava,0.07206967251000017,-1.5003084,3.88031821,-10.85594033,78040422.542514,10809440.27568282,1082846915.0,1082846915.0,,2026-09-20,77589955.83,13.9935
282,RedStone,RED,redstone,0.1502512820475652,-0.74198973,2.78903621,12.17505014,77901775.0636729,9703071.65805066,518476608.0,1000000000.0,1000000000.0,2026-09-20,150610068.77,12.3836
283,Livepeer,LPT,livepeer,1.5667643339335369,-0.9081276,-0.37288248,12.95878349,77850881.78029369,16075701.93757975,49688954.55058027,49688954.55058027,,2026-09-20,77938822.96,20.6137
284,Banana For Scale,BANANAS31,banana-for-scale,0.0077251294770887035,-1.19051619,-0.00435626,0.11446156,77251294.77088703,4165477.44312117,10000000000.0,10000000000.0,10000000000.0,2026-09-20,77086468.49,5.4248
285,Synthetix,SNX,synthetix,0.22376171252217064,-2.36602443,-1.1524572,1.61761292,77089542.61385247,11726375.73222671,344516234.45728827,581404223.5556632,339889850.089,2026-09-20,75960963.62,15.2281
286,ONEchain,ONE,cross,0.14957253357235584,-3.04719018,-0.61518302,29.83361164,77043590.26465923,10244603.0739322,515091831.5319525,985219561.6793435,985222890.0,2026-09-20,147554417.55,13.3093
287,Velo,VELO,velo,0.0043519494127123364,-1.2662994,0.62964629,-1.9384599,76437100.34362648,1552680.88184422,17563876115.0,23999804349.0,24000000000.0,2026-09-20,104383325.56,2.0315
288,XPR Network,XPR,proton,0.002551945316948238,-0.13502989,-0.28575581,-2.54523159,76087027.92198044,1579698.62541694,29815304981.9146,32585706243.4695,,2026-09-20,83244119.78,2.0739
289,Theta Fuel,TFUEL,theta-fuel,0.01009092036709767,-1.81582578,-0.82075645,4.44136598,75400569.81067272,1845043.27977642,7472120190.0,7472120190.0,,2026-09-20,75751832.68,2.4373
290,Diem,DIEM,venice-ai,1956.7736031749064,-0.21684061,-6.53969171,7.83605191,75172055.46890105,1512402.22736979,38416.32744173,37441.91043886,,2026-09-20,73185206.49,2.0107
291,peaq,PEAQ,peaq,0.02952753216326802,-1.56231478,-1.3418717,19.3321472,74718676.19594768,2740326.58693073,2530474805.100611,4445856369.0787115,5667620228.64,2026-09-20,166657911.95,3.7075
292,USDsui,USDsui,usdsui,1.0003735955350561,-0.07346225,0.1348656,-0.06817891,74643339.20389767,3967075.94790951,74615463.2,74615463.2,,2026-09-20,74693042.08,5.3027
293,PumpMeme,PM,pumpmeme,2.326179660613572,-0.81872347,-0.89721193,3.84827723,74456393.46961412,123809.70256996,32008015.0,100000000.0,100000000.0,2026-09-20,233339818.89,0.1658
294,ZIGChain,ZIG,zigcoin,0.052760992390180235,-0.24545858,3.2242667,16.52510824,74337114.57585375,14906374.52482638,1408940795.2396517,2000000000.0,1953940796.0,2026-09-20,103049013.76,20.0736
295,lisUSD,lisUSD,lisusd,0.9980502276222106,0.71881405,-0.03631399,-0.08486199,74109080.65101522,412.31184135,74253858.77379663,74253858.77379663,,2026-09-20,74109080.65,0.0006
296,Re,RE,re-protocol,0.4592212764470393,-0.78505584,0.32196772,5.04657444,73291715.72094747,11785076.01280296,159600000.0,1000000000.0,1000000000.0,2026-09-20,459609645.46,16.0703
297,VeThor Token,VTHO,vethor-token,0.0007080539019677051,-0.06524525,2.40784516,-7.11208801,73028404.51374313,16992786.07496982,103139611703.0,103139611703.0,,2026-09-20,73037563.61,22.5915
298,Wormhole,W,wormhole,0.01106483350277451,-0.56020316,1.96763698,10.10765131,72107047.58905396,60709876.41110376,6516776558.0,10000000000.0,10000000000.0,2026-09-20,110436788.17,84.4364
299,FUNToken,FUN,funtoken,0.006673927692635928,-1.19175439,-6.46044051,-4.36947691,72119808.50019087,542230.04377551,10806201658.398026,10806201658.398026,,2026-09-20,72004896.08,0.7555
300,"SpaceX 
Pre-IPO stock (Republic)",preSPCX,spacex-pre-ipo-stock-republic,151.60882900241367,0.03049603,-0.24207631,1.57949635,71976291.56889589,38912.83168474,474750.0,474750.0,,2026-09-20,71956337.13,0.0541
301,Cap,CAP,cap-app,0.046042580844699164,-0.76300108,-14.90678869,-0.11170991,71826426.11773069,164605525.91836044,1560000000.0,10000000000.0,10000000000.0,2026-09-20,461061822.78,229.1143
302,Pharos,PROS,pharos,0.5258414812365321,-1.71961263,-1.71579625,12.94338246,71304104.85567376,1919459.59805462,135600000.0,1000000000.0,,2026-09-20,525126111.52,2.7027
303,Purr,PURR,purr,0.11803031352409682,-2.46618516,-8.73940018,5.26850506,70268491.67285863,1969391.59648064,595342752.0,595342752.0,1000000000.0,2026-09-20,118145798.68,2.8206
304,Berachain,BERA,berachain,0.20949999540399752,-3.51797525,5.9044673,9.3763239,70107996.91470258,35344453.85169481,334644384.0225728,560437439.5781285,,2026-09-20,116660265.75,51.1314
305,Centrifuge,CFG,centrifuge,0.12152218297988593,-3.24408068,-4.15065682,10.45115571,70136499.47065035,15320406.26829774,577149766.0,697164473.0,,2026-09-20,84905131.43,21.8156
306,SushiSwap,SUSHI,sushiswap,0.24331978551062633,-2.82770557,-2.00376295,8.48634852,69792639.45611657,18294837.1477574,286835036.0808146,291514753.90092283,,2026-09-20,71031425.89,26.152
307,Tesla tokenized stock (xStock),TSLAX,tesla-tokenized-stock-xstock,363.3415641515971,-0.43298318,-0.39504273,-1.02897893,69757085.20016831,4017896.92850625,191987.62839878,548254.24537593,,2026-09-20,199186668.88,5.7593
308,Holo,HOT,holo,0.0003918393855382862,-0.76957598,-0.12927471,0.17948215,69480748.88092016,2860861.59889235,177319461609.17828,177619433541.14133,,2026-09-20,69418519.3,4.1335
309,Baby Doge Coin,BabyDoge,baby-doge-coin,3.869253667379785e-10,-1.02430336,-0.72520947,1.17428395,69331617.83288194,3338688.38370416,1.7918602343751872e+17,2.026150676904291e+17,,2026-09-20,78376812.42,4.8335
310,iShares Core S&P 500 Tokenized ETF (Ondo),IVVon,ishares-core-sp-500-tokenized-etf-ondo,765.3432977329085,0.0,-0.90404359,8.21524518,69088389.01558861,0.0,90271.10999762,90271.10999762,,2026-09-20,69088389.02,
311,FTX Token,FTT,ftx-token,0.2093764955063682,-0.81072682,-1.82591917,-4.94521641,68862904.22561243,1182556.53119096,328895103.813207,328895103.813207,352170015.0,2026-09-20,73716832.8,1.7183
312,Data Network,DATA,data-network,0.19181906529393647,-1.01971639,0.77614583,1.33886347,68852288.95371309,12073434.26216553,358943929.0,1032471016.0,,2026-09-20,198225491.24,17.5473
313,NEXPACE,NXPC,maplestory-universe,0.22333100841462886,-0.9931946,-0.45437238,1.709397,68697453.11524002,4825802.93270874,307603738.5175758,988350564.5175759,1000000000.0,2026-09-20,223338490.88,7.0383
314,Numeraire,NMR,numeraire,9.151200551341653,-0.66591988,-1.34976342,-2.95818945,68529223.67665875,5484722.09085831,7488550.086099,10599972.2079923,11000000.0,2026-09-20,100650485.16,8.0409
315,SpaceX Tokenized bStocks,SPCXB,spacex-tokenized-bstocks,152.36154759590934,-0.21802403,-0.09408421,1.42719995,68008906.10484132,9840141.75765198,446365.28821047,446365.28821047,,2026-09-20,68012844.58,14.5133
316,Collector Crypt,CARDS,collector-crypt,0.16298534024285763,-0.91533382,-7.57574487,19.44060521,67653284.10305889,12950555.83218553,415088154.568083,1977217820.586961,2000000000.0,2026-09-20,321495156.09,19.5279
317,Bio Protocol,BIO,bio,0.027154253946726516,-1.85627498,-0.54015853,6.15577758,67466427.32005641,12374482.50301096,2484561993.58,3310228657.9514256,3320000000.0,2026-09-20,90128081.05,18.3876
318,Comedian,BAN,comedian,0.06627125620933862,-1.05341612,-1.45677632,-1.82151198,66268728.55735554,5344143.4869251,999961859.0,999961859.0,999961859.0,2026-09-20,66181559.45,8.1085
319,MindWaveDAO,NILA,mindwavedao,0.07797058149532278,-0.07384997,-0.27952282,-0.22912656,65710968.85019336,249682.32559133,842766176.55,1057021569.0,1057021569.0,2026-09-20,82389959.86,0.3811
320,Turbo,TURBO,turbo,0.0009508301910065407,-1.83561698,-4.2995815,2.00539786,65607283.169943005,12235744.74580916,68999999990.0,68999999990.0,69000000000.0,2026-09-20,65466655.74,18.818
321,SP500 tokenized ETF (xStock),SPYX,sp500-tokenized-stock-xstock,765.0607121108446,-0.12568537,-0.07009179,-0.4597413,64941357.10757276,29972024.96423437,84883.92630749,269051.74998143,,2026-09-20,205956063.61,45.8883
322,Harmony,ONE,harmony,0.004217491416898619,6.8822909,81.84916632,537.24858061,63384267.492160894,230036984.54499876,15028902545.762915,15028902545.762915,,2026-09-20,62397969.89,369.6964
323,Nexus,NEX,nexus-labs,1.06144376050867e-06,-0.95664316,-0.1989057,5.70629222,63686625.6305202,2018784.17424957,60000000000000.0,100000000000000.0,100000000000000.0,2026-09-20,106121962.89,3.1697
324,AI Rig Complex,ARC,ai-rig-complex,0.0632149206929685,-1.47752205,-11.77523749,-12.94891201,63213825.95443462,3154462.09115337,999982682.276243,999982682.276243,999998319.0,2026-09-20,63402392.31,5.0044
325,Spark,SPK,spark,0.020507863166844602,-1.59179019,-1.38672216,6.4318672,63244942.58453338,10856443.35475576,3083936247.76971,10000000000.0,10000000000.0,2026-09-20,204455607.41,17.1817
326,Pirate Chain,ARRR,pirate-chain,0.3217660506522149,0.26033737,-5.3007733,38.98257964,63134938.85645545,94299.83892124,196213797.97055,196213797.97055,,2026-09-20,63018957.3,0.1497
327,BOOK OF MEME,BOME,book-of-meme,0.0009119557033138222,-1.74589701,-7.26725089,6.83012733,62803487.90368233,17005573.76596491,68866818503.87024,68866818503.87024,,2026-09-20,62818234.56,27.0934
328,ZetaChain,ZETA,zetachain,0.03897086485396644,-2.15865603,3.25662177,7.52019519,62629427.37940495,5078369.49512301,1607083333.0,2100000000.0,2100000000.0,2026-09-20,81714258.88,8.165
329,Fidelity Digital Dollar,FIDD,fidelity-digital-dollar,0.999575314620344,0.00425222,-0.02373586,-0.01380835,62574474.24506703,8486226.8500958,62601060.0,62601060.0,,2026-09-20,62561103.24,13.6323
330,Targon,SN4,targon,14.079331470977161,-2.96597467,-3.04337993,3.26474661,62155348.83701227,356455.51205827,4414652.0,4414652.0,21000000.0,2026-09-20,294234278.6,0.5735
331,Linea,LINEA,linea,0.0027494663484890214,-1.14300227,0.55444209,1.86401595,61832265.606253244,12124036.22220979,22488824291.38781,69555539268.0143,72009990000.0,2026-09-20,197898366.66,19.5879
332,GoPlus Security,GPS,goplus-security,0.010695321620817311,-0.14680575,-2.10642145,13.79418135,61604306.4964152,4337286.59125465,5759930246.184363,9822841357.12709,10000000000.0,2026-09-20,106849072.68,7.0337
333,The Black Bull,ANSEM,the-black-bull,0.14754075673533054,-3.57773273,-10.69226832,-13.39183005,61219764.20240133,8565776.16984724,414934595.409605,997362498.675078,1000000000.0,2026-09-20,147804462.2,13.9459
334,Nervos Network,CKB,nervos-network,0.0012198182398406587,-1.63062632,-0.71316695,2.70436058,60444209.829926684,3087240.88772471,49551816701.66068,50398941752.252106,,2026-09-20,61492441.25,5.1118
335,Stronghold SHx,SHX,stronghold-token,0.003429959099241635,-1.19854027,-0.40899996,-6.14084357,60362738.857984774,469749.14371558,17598675993.346684,99756866344.0,99756866344.0,2026-09-20,340828860.66,0.8069
336,Venus BUSD,vBUSD,venus-busd,0.022318773707482056,-0.02997302,-0.02997302,0.0,60143972.313535064,0.0,2694770470.0,2694770470.0,,2026-09-20,60168015.48,
337,Alchemy Pay,ACH,alchemy-pay,0.005879079256051299,-1.70248646,1.55730472,13.15671287,59990250.39100178,13352471.82127397,10204021374.478699,15346246088.0,15346246088.0,2026-09-20,89705797.19,22.3877
338,Oasis,ROSE,oasis-network,0.007436703897580218,-1.6664768,0.1031392,8.85412338,59796260.215695575,6710759.04075457,8040693974.0,9999999999.0,10000000000.0,2026-09-20,74092216.42,11.0387
339,ChainOpera AI,COAI,chainopera-ai,0.31757899750988544,-2.79530685,-1.46688183,7.1105316,59704882.65460022,5399293.67358606,188000098.0,1000000000.0,1000000000.0,2026-09-20,317226474.77,8.7268
340,Axelar,AXL,axelar,0.0471251240342319,-0.82075857,0.26299572,4.15624353,58483215.021624625,5317236.09826905,1241019864.035629,1254746763.419612,,2026-09-20,59049215.14,9.1373
341,AB,AB,newton,0.0005900566258472125,-0.08704265,-4.70601204,-21.59108442,58311556.117804974,641060.13115305,98823661261.46,98823661261.46,98823661261.46,2026-09-20,58382639.28,1.0956
342,Astar,ASTR,astar,0.006656293689596744,-0.93121428,1.43599974,5.2510388,58355598.729572944,2772783.98019518,8766980763.0,8767758968.0,10000000000.0,2026-09-20,66512625.25,4.6745
343,Synapse,SYN,synapse-2,0.24583649146646858,-1.74024869,12.21639396,206.5652473,58302007.79311739,82371908.80376104,237157662.98702493,251100618.7343965,250000000.0,2026-09-20,60625103.47,142.5084
344,Strategy Tokenized bStocks,MSTRB,strategy-tokenized-bstocks,154.19869358082315,-2.25927091,-0.79038553,18.45714157,57582651.387009524,18998451.15419257,373431.51261413,373431.51261413,,2026-09-20,57592177.49,33.8805
345,Creditcoin,CTC,creditcoin,0.10429035113697124,-2.96129837,-0.80377784,0.47462592,57314250.06489116,1865388.4100435,549564264.0,549564264.0,600000000.0,2026-09-20,62569783.92,3.2683
346,BAS,BAS,bnb-attestation-service,0.022848499288906518,-0.94390011,0.31768112,-8.21451128,57121248.222266294,1663349.80151093,2500000000.0,10000000000.0,10000000000.0,2026-09-20,228875407.2,2.9103
347,COTI,COTI,coti,0.018807018297316815,0.47836823,-10.74105033,11.0077946,56904772.029176705,44439476.77780049,3025720033.318374,1419960320.9543433,4910000000.0,2026-09-20,92700594.71,77.9286
348,io.net,IO,io-net,0.14303398543563908,-1.51674931,-0.58097338,8.78140109,56844017.00939745,31248884.79639672,397416158.3784961,797849719.2198999,800000000.0,2026-09-20,114502792.0,54.5165
349,ECOMI,OMI,ecomi-new,0.0001989529250607881,-1.00420301,-1.3917761,-7.75333561,56216194.9989773,1221223.87252797,282560283955.61914,305278604837.5089,,2026-09-20,60596222.83,2.1753
350,Somnia,SOMI,somnia,0.19541681276287445,-2.10314217,-1.91967689,31.19024831,56083188.36312072,7757442.25852136,286992647.0,1000000000.0,1000000000.0,2026-09-20,194655581.65,13.903
351,Invesco QQQ Trust Tokenized bStocks,QQQB,invesco-qqq-trust-tokenized-bstocks,719.8846184454429,-0.23907291,-0.16357159,0.89310223,55879751.60323023,25473195.60679086,77623.20540186,77623.20540186,,2026-09-20,55818597.44,45.9861
352,TronBank,TBK,tronbank,0.3015003116125222,0.0090235,-0.10587849,0.20149944,55878074.96110847,315770.68590095,185333390.410956,1000000000.0,1000000000.0,2026-09-20,301502359.08,0.5652
353,Jelly-My-Jelly,JELLYJELLY,jelly-my-jelly,0.05560614493600325,-3.07675969,-4.91469441,-0.7580674,55606094.834866665,2560307.53478833,999999099.0,999999099.0,,2026-09-20,55577719.58,4.6025
354,StandX DUSD,DUSD,standx-dusd,0.9981008550557089,-0.0086024,-0.05699306,-0.08051365,54915218.51984764,459277.17175849,55019708.921883,55019708.921883,,2026-09-20,54922492.37,0.8604
355,AI Analysis Token,AIAT,ai-analysis-token,0.3717462301431676,0.79721347,2.30037686,5.48060559,54419730.740936205,375968.2281648,146389462.2952275,500000000.0,500000000.0,2026-09-20,184964882.83,0.6976
356,Blur,BLUR,blur-token,0.01873058961207033,-1.32114414,1.70919974,6.01835697,54166775.566794954,11814114.19388395,2891888439.640411,3000000000.0,,2026-09-20,56303790.49,21.8231
357,Ontology,ONT,ontology,0.05407095215884724,-1.40146154,1.41459647,-1.23856522,54070952.15884724,8617957.267357,1000000000.0,1000000000.0,1000000000.0,2026-09-20,54289063.22,15.9853
358,Enjin Coin,ENJ,enjin-coin,0.026994410982613237,-1.09551593,-1.1617233,-1.0688373,54037519.45276621,4316537.28025338,2001803984.0754852,2023925830.399313,,2026-09-20,54642363.63,7.9743
359,Babylon,BABY,babylon,0.011707851359340691,0.20624409,1.96370761,0.56875608,53977186.722157314,6754936.02998856,4610340963.98,10981841031.0,,2026-09-20,128819869.35,12.3814
360,Threshold,T,threshold,0.004823799503898422,-0.30841728,0.77901461,10.54310808,53809483.4659869,5162712.48618771,11155000000.0,11155000000.0,11155000000.0,2026-09-20,53863405.52,9.6162
361,Celo,CELO,celo,0.0877840822330407,-1.11927146,3.45655718,5.58321446,53273493.855791315,12086449.28761154,606869634.0,1000000000.0,1000000000.0,2026-09-20,87903956.47,22.6875
362,Atoshi,ATOS,atoshi,0.0583074707823404,-3.00296147,20.12531546,40.79191711,52661012.22040756,125581.09363623,903160633.0,100000000000.0,100000000000.0,2026-09-20,5832685879.58,0.2386
363,Qubic,QUBIC,qubic,3.690054993626397e-07,-0.57703576,-0.46642301,-5.80826618,52586134.58257118,853285.80584753,142507725964518.0,177337170861933.0,200000000000000.0,2026-09-20,73789924.76,1.6261
364,Brett (Based),BRETT,based-brett,0.005241945811385556,-2.09227334,2.75047374,5.45695325,52419445.24342733,4126350.03371186,9999997544.723145,9999997544.723145,9999997544.723145,2026-09-20,52448730.34,7.9202
365,RaveDAO,RAVE,ravedao,0.19386308645031344,-0.84930802,-4.89709343,1.7098375,52386652.34217286,3116113.25628438,270224999.0,1000000000.0,1000000000.0,2026-09-20,194026989.27,5.9201
366,Polymesh,POLYX,polymesh,0.040124061422032176,-2.32214815,1.72998622,-5.94789517,52280227.9325096,2654618.52806384,1302964507.571072,1320380892.331417,,2026-09-20,53088245.03,5.0785
367,SPACE ID,ID,space-id,0.035079290218591894,-1.38451586,0.19448615,3.75583856,51825562.43894568,4538824.25013484,1477383439.516639,1994841761.516639,2000000000.0,2026-09-20,69984719.71,8.7478
368,Peanut the Squirrel,PNUT,peanut-the-squirrel,0.05183757416025333,-1.52003069,-0.56798598,9.10726423,51829358.79442037,12100304.23961946,999841517.162675,999841517.162675,,2026-09-20,51850042.85,23.3608
369,aelf,ELF,aelf,0.06245231074959561,-13.28695311,-1.82757712,-13.4372217,51620661.39437152,2206506.94581028,826561271.7093222,999999983.1126323,,2026-09-20,62401755.86,4.3121
370,Venus,XVS,venus,3.135568643786257,-0.93251795,-0.80743577,0.59264172,51452555.61490808,777005.05374985,16409322.02740048,30000000.0,,2026-09-20,94090624.78,1.5055
371,Keeta,KTA,keeta,0.08458702663593076,-1.05605643,-6.36301944,-12.82226168,51305510.388500586,1188283.01637786,606541126.0916352,1000000000.0,1000000000.0,2026-09-20,84468286.83,2.315
372,Flow,FLOW,flow,0.030135636968225906,-1.48386222,-1.87602359,3.18542762,50933454.257249184,4058358.12333965,1690140291.7400372,1690140291.7400372,,2026-09-20,50960631.52,7.9476
373,Alaya Governance Token,AGT,alaya-ai,0.015613401494960384,-0.30066437,-7.07488885,-4.20527052,50898319.705977365,4425763.08806383,3259912308.18,5000000000.0,5000000000.0,2026-09-20,78179812.71,8.6867
374,BIM,BIM,bim,1.691083693402077,-1.22302199,-1.37150293,2.5782859,50732510.80206231,244454.19617393,30000000.0,30000000.0,30000000.0,2026-09-20,50722557.66,0.4819
375,Siacoin,SC,siacoin,0.0009032203697360643,-0.79180851,-2.37655269,1.12604106,50603496.134167105,4295571.78826496,56025636522.075195,62217525676.30304,,2026-09-20,56620407.53,8.3965
376,Tellor,TRB,tellor,17.992186556376208,-1.54536094,-3.04787064,4.58633733,50572437.97266225,16138118.21418217,2810800.0,2894507.0,,2026-09-20,52080942.95,32.0311
377,Altlayer,ALT,altlayer,0.0070871318517504245,-1.06336791,-0.06309961,7.99763736,50505083.26240555,6728906.93134163,7126307837.765356,10000000000.0,10000000000.0,2026-09-20,70753774.12,13.3192
378,Verge,XVG,verge,0.003052788856926545,-2.50182362,-3.74109362,12.14333504,50438028.624407396,2918499.42599299,16521951234.841335,16521951234.841335,16521951235.741348,2026-09-20,50439960.74,5.795
379,SKYAI,SKYAI,skyai,0.04978294782079764,-1.13851358,-0.96682094,-0.96040194,49782947.82079764,5003730.55674184,1000000000.0,1000000000.0,1000000000.0,2026-09-20,49760008.68,10.0458
380,ssv.network,SSV,ssv-network,3.0660434842946938,-1.66008104,-5.56628001,2.39531097,49379332.26066954,7630630.32305822,16105228.94199221,17361673.60305064,,2026-09-20,53197953.68,15.1445
381,XYO,XYO,xyo,0.003530229592804008,-0.24719499,0.07507148,3.492229,48957274.10824126,2928428.67325071,13868014196.027187,13930752875.47967,13931216938.0,2026-09-20,49227855.58,5.9997
382,Allora,ALLO,allora,0.2438831656443379,-1.23953936,6.96541778,8.73743903,48898574.71168975,23132858.68738516,200500000.0,785499999.0,1000000000.0,2026-09-20,245884104.68,46.8889
383,Ankr,ANKR,ankr,0.00485140768270119,-1.59098089,-0.57754498,5.78024529,48514076.8270119,5995573.80532229,10000000000.0,10000000000.0,10000000000.0,2026-09-20,48479725.46,12.288
384,Toshi,TOSHI,toshithecat,0.00011508460600402109,-0.89996727,0.04098443,-2.3169252,48411636.92068337,3596227.96551562,420661273489.45215,420689980957.16724,420690000000.0,2026-09-20,48373568.28,7.4169
385,Nesa,NES,nesa,0.1679263841241505,2.75065449,5.18922329,10.98797263,48180495.183280975,1987606.81496431,286914384.74409366,1027912834.2875475,,2026-09-20,172649668.08,4.1126
386,Espresso,ESP,espresso,0.09227051778114649,-1.54166849,-0.38636982,5.76193516,48031418.030975804,46237409.49440054,520550000.0,3590000000.0,,2026-09-20,331785384.98,96.0454
387,Matrixdock Gold,XAUM,matrixdock-gold,4362.801882314619,-0.1038249,-0.01014539,0.36618066,47883177.10933027,550741.07657648,10975.32695753,10975.32695753,,2026-09-20,47884641.48,1.1402
388,Popcat (SOL),POPCAT,popcat-sol,0.04880016842596198,-1.839378,-1.63222738,1.28357453,47820954.593926616,11864043.68160837,979934212.0402515,979934212.0402515,979973220.96,2026-09-20,47800331.51,24.9226
389,Acurast,ACU,acurast,0.12356352446971412,-0.10705483,2.15929677,-2.44533553,47789660.15838797,2168879.18423109,386761873.0,1029565035.0,,2026-09-20,127117119.26,4.5236
390,Holoworld AI,HOLO,holoworld-ai,0.05992526655669725,-0.7802112,-1.06206722,-4.29384636,47789286.417765446,3200595.6406419,797481415.8323424,2047999950.3187609,2048000000.0,2026-09-20,122708412.51,6.6994
391,OpenLedger,OPEN,openledger,0.1453861493052976,-1.07218118,0.33728559,5.41640522,47744390.39357135,5638900.22770532,328397104.0,1000000000.0,1000000000.0,2026-09-20,145769110.98,11.8053
392,Aztec,AZTEC,aztec,0.01645855871333772,-0.71854274,4.17354454,15.3689562,47394059.08750381,6402887.37269976,2879599600.0,10350000000.0,10350000000.0,2026-09-20,170269579.19,13.5133
393,0G,0G,zero-gravity,0.2216197804059411,-0.69976461,2.74026876,13.73073262,47259088.00964494,24121207.44720331,213243998.0,1000000000.0,,2026-09-20,223074699.54,51.0643
394,Lombard,BARD,lombard,0.12969064731570432,-2.15996129,1.0409999,-1.86422243,47174972.96108744,3256177.97644689,363750000.0,1000000000.0,1000000000.0,2026-09-20,129520671.9,6.9319
395,TROLL (SOL),TROLL,troll-sol,0.0469010773940063,-1.15560807,-7.15513102,-0.59792801,46842490.12173234,5489832.62854707,998750833.12518,998750833.12518,1000000000.0,2026-09-20,47055727.05,11.6896
396,Casper,CSPR,casper,0.002794756846637499,-0.19992986,5.57028443,-7.16104886,46982042.211662024,2720298.78896839,16810779896.0,19958706401.0,,2026-09-20,55766395.92,5.8346
397,MegaETH,MEGA,megaeth,0.04133769546998481,-0.71939324,2.63334322,12.21739177,46703030.21452911,11577580.05345949,1129792788.0,10000000000.0,10000000000.0,2026-09-20,426716925.01,24.5657
398,Mask Network,MASK,mask-network,0.4641036508962568,-0.8818954,-1.10902259,-2.8737438,46410365.08962568,3739191.3523646,100000000.0,100000000.0,100000000.0,2026-09-20,46371781.77,8.1134
399,Notcoin,NOT,notcoin,0.0004665916912007466,-1.51894358,-2.36772705,5.56729417,46392911.30894121,5640405.00038366,99429355866.90741,102452705868.52051,102456957533.56,2026-09-20,47822379.58,12.1779
400,Nano,XNO,nano,0.34730143892974064,-0.14595958,0.31734605,-0.52107018,46277325.28303745,130536.58858872,133248297.0,133248297.0,133248297.0,2026-09-20,46270494.55,0.2795
401,StorX Network,SRX,storx-network,0.055138231379145336,0.00049408,-0.10488873,-0.6454686,45985284.97020721,1275274.4858021,834000000.0,977000000.0,1500000000.0,2026-09-20,82741557.94,2.7734
402,Ronin,RON,ronin,0.059527315432810424,0.07047013,10.51512303,12.55578899,45978998.41248722,3643203.32769285,772401679.4337813,1000000000.0,1000000000.0,2026-09-20,59785671.1,7.9331
403,Loaded Lions,LION,loaded-lions,0.0014899755178317926,-1.73455006,-2.28961999,-2.81537195,45958623.66425877,36030.6792205,30845220686.0,100000000000.0,100000000000.0,2026-09-20,149148724.46,0.0787
404,Vitalum,VAM,vitalum,0.1337706391813622,-0.71244157,-0.94353592,4.05516871,45444410.38187009,807764.35906632,339718870.0,1000000000.0,1000000000.0,2026-09-20,133871304.41,1.7755
405,Micron Technology Tokenized bStocks,MUB,micron-technology-tokenized-bstocks,1002.39919312599,-0.84524251,-0.4425716,3.64811314,45285134.6418399,3624980.11615298,45176.7469012199,45176.7469012199,,2026-09-20,45322214.17,8.017
406,SPDR S&P 500 Tokenized ETF (Ondo),SPYon,spdr-sp-500-tokenized-etf-ondo,768.8513544962254,-0.02903622,-0.17091886,-0.39316957,45159886.74344985,1534766.74531349,58736.82406795,58736.82406795,,2026-09-20,45150323.52,3.3948
407,Boner Coin,BONER,boner-coin,0.04509293554180779,-9.14084191,-17.47988269,23.76752116,45092935.54180779,4103347.29290804,1000000000.0,1000000000.0,1000000000.0,2026-09-20,45002054.86,9.117
408,Railgun,RAIL,railgun,2.892686811354346,-2.29370644,-3.92590733,41.72126415,45089568.47690846,1559270.58549954,15587435.28678021,60000000.0,100000000.0,2026-09-20,288950707.99,3.4061
409,EscoinToken,ELG,escointoken,0.2858352541527026,0.51652839,0.85540763,0.72492881,44915365.496196456,365915.30729113,157137248.97,225000000.0,370000000.0,2026-09-20,105750950.17,0.8148
410,River,RIVER,river,1.186836207802592,-5.30358636,-6.39483847,-6.2514604,44142065.539629444,3883429.68754489,37193056.0,100000000.0,100000000.0,2026-09-20,119030379.21,8.8264
411,ConstitutionDAO,PEOPLE,constitutiondao,0.008680219570091923,-2.11722432,-1.53356096,9.57242418,43923103.120015725,12174335.6601747,5060137334.7,5060137334.7,,2026-09-20,43936992.94,27.7716
412,Request,REQ,request,0.054813441107550785,-0.11681612,1.50517495,3.21937463,43669585.17992554,3812090.94784774,796694830.6390833,999416740.9347085,,2026-09-20,54799000.77,8.7284
413,Magma Finance,MAGMA,magma-finance,0.2284067485063543,-3.38622264,-10.87346359,-4.56323537,43397282.21620732,1383416.3461172,190000000.0,1000000000.0,1000000000.0,2026-09-20,229027247.29,3.1205
414,Succinct,PROVE,succinct,0.22031823909749965,-1.12758491,-0.67238308,18.98494606,42962056.62401243,72903019.95788592,195000000.0,1000000000.0,1000000000.0,2026-09-20,219273351.47,169.4086
415,Frankencoin,ZCHF,frankencoin,1.213417402065461,0.01625412,-0.10507228,-1.10073302,42948960.521189004,92916.45241116,35395042.50399073,35395042.50399073,,2026-09-20,42948960.52,0.2163
416,Moo Deng (moodengsol.com),MOODENG,moo-deng-solana,0.04325699928541659,-3.14019892,-3.11771406,7.3677872,42823209.06322327,9737777.90852287,989971791.17,989971791.17,989971791.17,2026-09-20,42865653.48,22.8766
417,Unitas,UP,unitas,0.29103078268110305,-1.76354769,-5.07698055,-12.59914132,42490494.27144104,11372517.46145666,146000000.0,999999885.0,1000000000.0,2026-09-20,291659642.16,26.986
418,Ontology Gas,ONG,ontology-gas,0.08883200878360441,0.74689663,12.35385771,11.57157607,42744039.05835224,14426862.64404763,481178346.0,800000000.0,1000000000.0,2026-09-20,88217624.76,34.1543
419,Capricorn,APR,apriori,0.15227610338095485,-0.74434618,-2.0793393,5.48896772,42304204.97052152,3550252.53126314,277812500.0,1000000000.0,1000000000.0,2026-09-20,152939842.66,8.3845
420,DAPPOS,DOS,dappos,0.21041969094279145,-0.29485399,-0.53920427,-0.35370349,42083938.18855829,10125926.09390797,200000000.0,1000000000.0,1000000000.0,2026-09-20,210903795.29,23.998
421,VVS Finance,VVS,vvs-finance,9.656896481490956e-07,-1.37383877,-1.5242791,-3.41131273,42056103.6970062,67727.87857498,43550330872463.74,95109375459623.39,100000000000000.0,2026-09-20,96533068.16,0.161
422,KUB Coin,KUB,bitkub-coin,0.6080028730963084,-0.87238904,-0.69379202,0.79629266,41936861.9791743,272054.49225093,68974776.0,110000000.0,110000000.0,2026-09-20,66802561.92,0.6501
423,Amp,AMP,amp,0.0004651968309076528,0.30518836,0.60440595,3.43140961,41765926.50670745,2143883.27068401,89781193103.18022,99720253743.71327,100000000000.0,2026-09-20,46414272.2,5.1352
424,SentismAI,SENTIS,sentismai,0.20165575957911305,-0.01693983,3.50223348,-9.23279361,41639673.75594216,4981694.52170699,206488889.0,1000000000.0,1000000000.0,2026-09-20,201976349.86,9.6774
425,Bifrost,BFC,bifrost,0.030149291143187484,-5.86217012,13.44410263,-5.27229079,41806169.77640741,27154039.87324923,1386638564.0,2584913482.0,,2026-09-20,78311949.43,65.1343
426,Irys,IRYS,irys,0.01616305892354552,-0.72396774,10.84152578,11.47967333,41487552.383138195,3773751.56377296,2566813162.0,10000000000.0,,2026-09-20,162421258.69,9.2555
427,StraitsX USD,XUSD,straitsx-xusd,1.0001320174028276,0.00318944,0.00110699,-0.00117798,41137234.45498271,4890606.63035685,41131804.341,41131804.341,,2026-09-20,41136421.82,13.8964
428,Concordium,CCD,concordium,0.0032277024290264084,0.23921975,3.3489813,-12.29366124,41060463.378557324,121528.76183824,12721266684.718096,14663927722.304342,,2026-09-20,47275386.77,0.2962
429,NVIDIA tokenized stock (xStock),NVDAX,nvidia-tokenized-stock-xstock,221.26203270517112,-0.47346582,-0.52955071,1.48888348,41042075.89612267,6639436.71178598,185490.82006677,1023545.23908146,,2026-09-20,226212271.38,16.3153
430,Mog Coin,MOG,mog-coin,1.0502679999008803e-07,-1.12336259,-2.79168817,-0.97708464,41020057.48132487,8203180.54266531,390567526433216.7,390567526433216.7,420690000000000.0,2026-09-20,44309771.94,20.1245
431,Rocket Pool,RPL,rocket-pool,1.7991734546662306,-0.89778955,-0.14236154,-1.4141983,41002360.79339091,7956853.3001497,22789554.10722051,22789554.10722051,,2026-09-20,40940642.71,19.4837
432,Magic Eden,ME,magiceden,0.06917562066214045,-1.56858246,1.13846406,4.79793915,40898410.90348535,105537647.43473798,591225788.970317,999990236.179336,1000000000.0,2026-09-20,69212644.16,256.4297
433,Paycoin,PCI,payprotocol,0.03818721574767385,-0.09307929,3.01713029,3.86789381,40863605.591349676,654895.16153977,1070086016.7800754,1900000000.0,1900000000.0,2026-09-20,72565297.83,1.6033
434,Open Campus,EDU,open-campus,0.04938743888715909,-0.89902468,-2.00234072,-8.53612448,40808600.68011913,1939681.17776689,826295139.0,1000000000.0,1000000000.0,2026-09-20,49343144.74,4.7701
435,Aegis YUSD,YUSD,aegis-yusd,0.9995166824201285,0.32383831,-0.01131204,0.03107429,40639579.746324226,3869.79003936,40659231.0674832,40659231.0674832,,2026-09-20,40639579.75,0.0095
436,SpaceX tokenized stock (xStock),SPCXx,spacex-tokenized-stock-xtock,151.91214347758105,-0.54075686,-0.34271968,1.11695324,40551693.889228836,8471447.2288221,266941.75304829,1571238.58003945,,2026-09-20,239555686.64,20.7967
437,Xphere,XP,xphere,0.013563100660558809,1.17738714,-0.4556684,9.672734,40440326.64825441,368996.63267794,2981643184.722058,2981643184.722058,5500000000.0,2026-09-20,74041065.67,0.9205
438,Moca Network,MOCA,mocaverse,0.009567837128141006,-0.42529131,1.11126777,3.21593937,40502436.385006234,2256202.01483791,4233186230.3425,8888888888.0,8888888888.0,2026-09-20,85071397.09,5.615
439,Movement,MOVE,movement,0.00891971336256729,-1.47898295,0.63859337,7.85465243,40101544.65623554,6775018.77581155,4495833333.0,10000000000.0,10000000000.0,2026-09-20,89235796.04,16.9302
440,Micron Technology Tokenized Stock (Ondo),MUon,micron-technology-tokenized-stock-ondo,1005.4645398026283,-0.64294754,-0.68841968,3.62834796,39989266.31462651,6724268.39617635,39771.93101457,39771.93101457,,2026-09-20,39995010.44,16.8419
441,WINkLink,WIN,wink,4.0003474201151995e-05,-1.15059935,-0.49000054,2.19487263,39751526.48629788,10460929.93097448,993701854154.286,993701854154.286,993701859243.3864,2026-09-20,39749611.31,26.3305
442,Teller,DEBIT,teller,2.302360761336557,0.67354369,-4.98844828,10.3281402,39646652.31021551,221931945.57430694,17220000.0,100000000.0,100000000.0,2026-09-20,231105401.97,557.8997
443,Gemini Dollar,GUSD,gemini-dollar,0.9992985839541737,-0.02968357,-0.01677541,-0.06088725,39072366.518685095,3719662.62575524,39099791.74,39099791.74,148548675.98,2026-09-20,148542993.34,9.5994
444,Status,SNT,status,0.008109287737483494,-0.22041746,4.32222812,8.63316358,39024288.74159551,3511642.54465955,4812295482.0327635,6804870174.878168,,2026-09-20,54952719.85,9.1164
445,REAL,ASSET,real-finance,0.22007600821245912,-0.07087462,-4.71254316,-8.49195309,38741614.67030419,395311.63407539,176037429.0,1000000000.0,1000000000.0,2026-09-20,220182422.22,1.0158
446,Eurite,EURI,eurite,1.149459278902768,0.01994516,-0.02928861,-0.81173084,38092909.796526514,2463305.78945506,33139851.48990108,33139851.48990108,,2026-09-20,38066149.79,6.5092
447,Arcium,ARX,arcium,0.18230156914728987,-4.03297097,-7.49923678,20.77543218,38070281.33373434,9763706.67471373,208831342.0,1000000000.0,1000000000.0,2026-09-20,184162748.92,25.2027
448,Neiro,NEIRO,neiro,9.015841792245498e-05,-1.8399208,-2.23705699,3.71439047,37928235.82166973,10353490.97445375,420684354225.1563,420690000000.0,420690000000.0,2026-09-20,38071738.64,27.3119
449,BSquared Network,B2,bsquared-network,0.5548973536110872,-0.82023229,35.8695763,38.32996772,37374206.76978839,202021362.98047447,67353370.0,207444584.9777,210000000.0,2026-09-20,117216326.23,537.9221
450,Ravencoin,RVN,ravencoin,0.0022888348297402366,-1.39743125,0.63544806,3.7950998,37689145.15502109,6632859.3753068,16466520285.912674,16466520285.912674,21000000000.0,2026-09-20,48177077.58,17.4733
451,ETHGas,GWEI,eth-gas,0.021522988496550263,-3.39243499,-1.4803421,-2.08743809,37665229.86896296,4420985.20978477,1750000000.0,10000000000.0,10000000000.0,2026-09-20,216144283.33,11.6378
452,Veranta,AVNT,avantis,0.10645740433303189,-2.38109134,-1.70977971,4.50100093,37633801.902922586,25773316.30277387,353510421.73818505,1000000000.0,1000000000.0,2026-09-20,106736739.5,68.4355
453,Ampleforth,AMPL,ampleforth,1.3296479077822674,-6.79838581,9.74483467,5.21318702,37595121.25884311,505.08822805,28274493.6,10630913.57552586,,2026-09-20,14135371.99,0.0013
454,Wiki Cat,WKC,wiki-cat,7.021303373579575e-08,-1.74933803,-9.06257359,-4.11670702,37543344.37276081,304122.740988,534706198766919.2,534706198766919.2,553003328316637.0,2026-09-20,38579771.84,0.814
455,Fractal Bitcoin,FB,fractal-bitcoin,0.34143665045523564,-1.44855194,-0.06523153,4.22033837,37512906.62431416,711311.8409055,109867838.07273883,158364800.0,210000000.0,2026-09-20,72065602.96,1.8943
456,Lista DAO,LISTA,lista-dao,0.07963532810755342,-1.03870931,-1.60079175,1.18818974,37467641.350788064,2014466.04327301,470490198.7744087,795588564.255041,800000000.0,2026-09-20,63767418.95,5.3787
457,Band,BAND,band-protocol,0.20403034993405963,-1.35027232,2.3347824,5.10604516,37235272.47411538,2900954.67745809,182498694.366546,182498694.366546,,2026-09-20,37131868.55,7.8407
458,LAB,LAB,lab,0.05444265402561063,-3.47007417,5.57136283,-17.01292013,37158714.90145168,15429636.15189607,682529453.5415498,989999803.0,1000000000.0,2026-09-20,54117093.83,41.8614
459,Score,SN44,score,8.599156034906454,-2.9894065,-7.18782584,-2.72387703,37131043.96969762,1576912.9551011,4317987.0,4317987.0,21000000.0,2026-09-20,179884472.91,4.2046
460,Nasdaq tokenized ETF (xStock),QQQX,nasdaq-tokenized-stock-xstock,721.1776466410535,-0.2293657,-0.26350974,0.81642907,37117128.996264406,1316227.16593817,51467.3869457,269977.7718004,,2026-09-20,194793960.96,3.5574
461,NVIDIA Tokenized Stock (Ondo),NVDAon,nvidia-tokenized-stock-ondo,221.3279745136393,-0.408344,-0.50192775,1.51124455,37114490.72264276,1554307.99980396,167690.01209269,167690.01209269,,2026-09-20,37068314.15,4.2087
462,cat in a dogs world,MEW,mew,0.00041741353743832317,-1.45400655,-0.44641383,2.68749876,37101995.38126646,4173320.04231591,88885462625.2955,88885478593.71481,88888888888.0,2026-09-20,37132798.54,11.3192
463,Chump Coin,CHUMP,chump-coin,0.03701258683495259,-1.06619473,1.26659133,-11.47078255,37012586.83495259,2482316.78966632,1000000000.0,1000000000.0,1000000000.0,2026-09-20,36911096.73,6.7236
464,GOHOME,GOHOME,gohome,73.93079610933536,-0.40148588,-0.76399777,-0.11335641,36957635.3210762,307390.85146157,499895.0,9999895.37,9999895.37,2026-09-20,739658104.44,0.831
465,Waves,WAVES,waves,0.26640999968388873,-0.09866248,-0.26733311,-9.54080923,36806470.26472694,4179602.40144363,138157240.0,138157240.0,,2026-09-20,36693988.12,11.4376
466,Hunter Biden's Laptop,LAPTOP,hunter-biden-s-laptop,0.10503388307815441,-0.54966609,-0.77831973,-64.82637498,36761859.07632958,8386672.15555719,349999999.99024636,982499999.9902463,982499999.9902463,2026-09-20,103131118.02,22.695
467,Dusk,DUSK,dusk,0.0732280187644187,-2.17950633,-3.49478464,0.26858533,36540781.31338077,4840818.16676261,498999999.31632507,500000000.0,1000000000.0,2026-09-20,73297550.02,13.317
468,Memecoin,MEME,meme,0.0005634464349722543,-1.66565958,-0.32417391,4.02063773,36491983.29570272,6492562.3022034,64765665431.0,69000000000.0,69000000000.0,2026-09-20,38829271.57,17.772
469,Catizen,CATI,catizen,0.06919862015936905,0.695599,3.27549607,4.36122985,36341244.59220324,8441922.90658218,525172966.0,1000000000.0,1000000000.0,2026-09-20,68936731.38,23.3229
470,Liquity BOLD,BOLD,liquity-v2,0.9955486632819566,0.00798826,-0.04816994,-0.23727878,36296150.27252509,426627.79845911,36458439.06099986,36458439.06099986,,2026-09-20,36296154.62,1.1756
471,Mango,MNGO,mango-markets,0.03238743584160391,0.0,0.00892714,0.99370848,36191890.42421841,0.0,1117466989.397395,1117466989.397395,,2026-09-20,36191890.42,
472,APRO,AT,apro,0.143836693107997,-0.67155008,-3.87333437,-4.24996644,35959173.27699925,2136439.57107641,250000000.0,1000000000.0,1000000000.0,2026-09-20,143951806.81,5.9395
473,XPIN Network,XPIN,xpin-network,0.0008573764345067413,-0.67930471,-5.46453354,-3.58240349,35912910.65009375,2380460.32125822,41886981266.0,100000000000.0,100000000000.0,2026-09-20,85527200.87,6.7113
474,Snek,SNEK,snek,0.00048098956069897854,-0.4560403,-2.26681619,9.66941687,35928333.68824669,578754.13461141,74696701600.0,75243353767.0,76715880000.0,2026-09-20,36804782.67,1.6114
475,ZORA,ZORA,zora,0.008021606503850736,-1.47747272,-1.54066186,-5.06194574,35856581.064191185,11635842.27193994,4469999999.0,10000000000.0,10000000000.0,2026-09-20,80292332.85,32.5221
476,Powerledger,POWR,power-ledger,0.06308628113445569,-1.1776034,1.78343244,-24.5983886,35843059.8331552,2482061.00745831,568159339.694837,1000000000.0,,2026-09-20,63381823.04,6.8565
477,KGeN,KGEN,kgen,0.16022687647551992,-0.82148729,-1.58608581,1.46640565,35596308.06994447,1509650.38870599,222161904.75,978000000.0,978000000.0,2026-09-20,157856846.43,4.2353
478,Celo Dollar,CUSD,celo-dollar,0.9998918115878479,-0.11782045,-0.02716744,-0.04581433,35550319.07063678,46297.65851064,35554165.61936053,57241566.21607361,1000000000000000.0,2026-09-20,999613368722670.4,0.1301
479,ChangeNOW Token,NOW,now-token,0.41687572501021214,-1.73275214,-1.46268988,-0.18810371,35352591.41477678,2211.5225082,84803670.0,199763509.8661694,200000000.0,2026-09-20,83375145.0,0.0063
480,Alphabet tokenized stock (xStock),GOOGLX,alphabet-tokenized-stock-xstock,351.9382748453166,-0.23246827,0.34093757,3.11071438,35272092.229665205,4870970.816283,100222.38202187,524347.53272205,,2026-09-20,184319938.44,13.8484
481,Giggle Fund,GIGGLE,giggle-fund,35.734671288419285,-1.61430149,-2.93679987,3.11094508,35264358.84158412,10223694.39895321,986838.76387055,986838.76387055,986838.76387055,2026-09-20,35347875.04,29.037
482,HotKeySwap,HOTKEY,hotkeyswap,0.3718651816175693,-1.06135407,-1.58850205,37899.24203316,35212980.91510149,0.0,94692868.96377125,94991135.6,100000000.0,2026-09-20,37286767.96,
483,Chainbase,C,chainbase,0.08055542577819368,8.56691965,19.13069723,39.8527712,35122165.51270535,28013212.41351549,435999998.4285714,1000000000.0,1000000000.0,2026-09-20,79391805.41,82.7893
484,UMA,UMA,uma,0.3830212397320222,-0.60714475,0.16785182,-0.94688192,34914641.449079596,5849083.96208239,91155888.57032406,129874119.22379068,,2026-09-20,49686711.01,16.7775
485,Celer Network,CELR,celer-network,0.004444304402068848,-5.31067499,91.57824131,98.78275352,34743012.37154012,77674697.434013,7817424106.9912,10000000000.0,10000000000.0,2026-09-20,43588164.74,230.8953
486,ApeX Protocol,APEX,apex-token,0.2243897064390674,-1.70074418,-2.5644235,-5.21391357,34791053.584743634,1523369.18021767,155047458.0,499999990.0,500000000.0,2026-09-20,112191825.03,4.376
487,BitDCA,BDCA,bitdca,0.4242284771488884,-0.80344686,-2.27260011,-2.69107436,34777166.997568846,92978.89836526,81977445.8124445,142665333.0,142665333.0,2026-09-20,60409367.15,0.2697
488,Solayer,LAYER,solayer,0.07181445278061416,-1.48034839,-1.32626803,1.79403105,34584204.8164769,10162745.96839185,481577224.0460861,999998154.4988624,,2026-09-20,71741667.97,29.3583
489,Propy,PRO,propy,0.34534076124575874,-0.87743373,-4.77093269,-2.5467218,34534076.124575876,391507.45581246,100000000.0,100000000.0,,2026-09-20,34536750.21,1.1312
490,would,WOULD,wouldmeme,0.03450874191116354,-4.59414092,-16.40258321,24.28975728,34489851.560124055,47562.31749124,999452592.3,999452789.37,1000000000.0,2026-09-20,34456645.52,0.1386
491,BUSD,BUSD,binance-usd,1.0006490266625652,-0.02688293,-0.02455039,0.00175391,34438013.48162761,708879.8304116,34415676.78978082,34415676.78978082,,2026-09-20,34449442.49,2.0872
492,Mixue Tokenized Stock (xStock),MIXUx,mixue-tokenized-stock-xstock,27.397535111716017,0.0,0.0,-2.70200663,34333655.89420145,0.0,1253165.86890765,1253165.86890765,,2026-09-20,34333655.89,
493,HashKey Platform Token,HSK,hashkey-platform-token,0.09876153985604899,-0.40912687,-0.91419706,-0.47698129,34068781.67759652,343975.05235443,344960009.0,1000000000.0,1000000000.0,2026-09-20,98636537.16,1.0292
494,Locus Chain,LOCUS,locus-chain,0.006042615018560858,0.03663011,-2.28636469,-1.91533364,34018542.29645104,53773.08699424,5629771579.350604,7000000000.0,7000000000.0,2026-09-20,42391746.18,0.1299
495,哈基米,哈基米,hajimi,0.0339820974800742,-0.06600507,-4.86752402,-11.29563184,33982097.4800742,2479000.75064668,1000000000.0,1000000000.0,1000000000.0,2026-09-20,33652100.2,7.3831
496,Alchemist AI,ALCH,alchemist-ai,0.03989075852851503,0.41157908,0.57540045,-11.16172118,33907144.749237776,3897904.41654758,850000000.0,1000000000.0,1000000000.0,2026-09-20,39976657.94,11.5549
497,MultiBank Group,MBG,multibank-group,0.1029792924405271,-0.08009911,-0.22895423,-0.92439196,33900506.182745755,6554383.21059441,329197311.2198656,977514798.0,1000000000.0,2026-09-20,103063446.44,19.3754
498,AO,AO,ao,4.474684499434727,-3.84263447,10.44127335,49.08615606,33698680.06770079,326017.05577417,7530962.25487134,7530962.25487134,21000000.0,2026-09-20,93235972.95,0.9658
499,Merlin Chain,MERL,merlin-chain,0.024196144533285224,-1.32168953,-2.33054553,2.47222649,33661157.21901388,3053920.00594105,1391178548.0,2100000000.0,2100000000.0,2026-09-20,50788512.65,9.0713
500,SMART,SMART,smart-blockchain,0.004999664260422258,-0.30273161,-1.46747249,-0.13074867,33599894.22563329,253884.70497344,6720430108.0,836732311077.0,836732311077.0,2026-09-20,4177327634.99,0.7619
501,Terra,LUNA,terra-luna-v2,0.047285419775029064,-0.62435202,-1.61513998,-0.12135597,33571912.22792221,4178024.94297772,709984438.91686,1186707049.0,,2026-09-20,,
502,Euler,EUL,euler-finance,1.396123778149109,-1.02308927,0.63757699,7.40955409,33544980.473315615,6476150.75885222,24027225.23484801,27182818.28459045,27182818.28459045,2026-09-20,,
503,FLock.io,FLOCK,flock-io,0.07222110962914774,-1.91233345,0.50898502,-5.32623005,33439116.95873656,15361675.29803855,463010290.6261753,463485811.39617527,1000000000.0,2026-09-20,,
504,Vana,VANA,vana,1.1003996758479184,-0.1404047,5.55465479,12.05865501,33104423.848208778,5149512.69840592,30084000.0,112641600.0,120000000.0,2026-09-20,,
505,TokenPocket,TPT,tokenpocket,0.009542213508669848,-0.17992131,0.73926281,14.44968847,33077676.62950856,19804.38400184,3466457400.0,3466457400.0,5900000000.0,2026-09-20,,
506,UNIPOLY,UNP,unipoly,0.15044206907588706,0.00270296,-0.00359057,6.98227026,32981414.80350672,388763.00093326,219230000.0,1000000000.0,1000000000.0,2026-09-20,,
507,Momentum,MMT,momentum-token,0.16142155802723474,0.7206936,1.69042534,3.98703409,32945401.328309078,8252192.7412383,204095424.0,1000000000.0,,2026-09-20,,
508,Tornado Cash,TORN,torn,6.259708142490634,0.23701813,1.55648263,-3.74680566,32928965.772905037,91967.44603052,5260463.43109587,9999997.246815,,2026-09-20,,
509,Billions Network,BILL,billions-network,0.013522909323664907,-4.04297429,-3.32199012,1.94920984,32836253.286438923,5074484.07219044,2428194444.0,10000000000.0,10000000000.0,2026-09-20,,
510,Talus,US,talus-network,0.014837422315602148,-3.27601393,-7.31747351,-2.93174997,32642329.094324727,1387977.5125751,2200000000.0,10000000000.0,10000000000.0,2026-09-20,,
511,Renzo,REZ,renzo,0.0036732318718050994,-1.23059788,-5.41445287,-2.29369667,32603397.92410015,11325729.02628985,8875943327.824331,9814629224.12962,9814629224.13,2026-09-20,,
512,Bancor,BNT,bancor,0.3198134668075766,-0.54805057,-1.81615634,0.63606871,32454806.840595555,2660273.6831123,101480425.9638096,101480425.9638096,,2026-09-20,,
513,Subsquid,SQD,subsquid,0.028551508781664785,-2.04079608,-1.77110595,-14.29841456,32374951.113493066,1352792.04778386,1133913845.361602,1336886247.6871898,1337000000.0,2026-09-20,,
514,Invesco QQQ Tokenized ETF (Ondo),QQQon,invesco-qqq-tokenized-etf-ondo,722.6636950635145,-0.19529817,-0.17666726,0.89120191,32349694.665557705,2513305.50305748,44764.52170842,44764.52170842,,2026-09-20,,
515,τemplar,SN3,templar,7.66790931231231,-3.00765746,-8.88477647,7.84219102,32346868.400438048,2327722.91664677,4218473.0,4218473.0,21000000.0,2026-09-20,,
516,Mubarak,MUBARAK,mubarak,0.032275308777088486,-0.39803254,0.6925056,8.64382707,32275308.777088486,7366934.03964332,1000000000.0,1000000000.0,1000000000.0,2026-09-20,,
517,Sahara AI,SAHARA,sahara-ai,0.008803204820718573,-0.88839055,-1.96246624,-2.08239208,32217895.645760063,7570537.40332628,3659791667.0,10000000000.0,10000000000.0,2026-09-20,,
518,Burnedfi,BURN,burnedfi-app,2.61809904436122,-1.68387226,0.7923787,5.88366994,32131289.608156525,89340.62804678,12272755.56184931,12272755.56184931,21000000.0,2026-09-20,,
519,Dogelon Mars,ELON,dogelon,3.2054787884164535e-08,-0.86224001,-1.91134934,0.71070694,32009396.80067234,3270923.16447436,998583953085067.2,998583953085067.2,1000000000000000.0,2026-09-20,,
520,Manta Network,MANTA,manta-network,0.0655264454671656,-2.05598493,3.18139433,5.40288059,31545638.282320995,3943653.36625364,481418426.6736715,1000000000.0,,2026-09-20,,
521,Steem,STEEM,steem,0.05602709846401148,-0.11569735,0.84804412,-20.63548453,31294400.225494172,5327554.12073935,558558288.461,558558288.461,,2026-09-20,,
522,Zerebro,ZEREBRO,zerebro,0.031076651146703646,-1.601335,-2.4663402,-6.54973832,31075027.58603523,5124425.28667559,999947756.25402,999947986.144836,1000000000.0,2026-09-20,,
523,Hive,HIVE,hive-blockchain,0.05280552349256719,-1.49169843,-0.67684666,-0.69517086,31032489.07102332,1322391.19313336,587675057.807,587675057.807,,2026-09-20,,
524,Ore,ORE,ore-new,64.16654931012275,0.22984694,-12.27747725,-3.88753901,30947426.889019452,1146837.2168057,482298.44399841,482298.44399841,3000000.0,2026-09-20,,
525,NVIDIA Tokenized bStocks,NVDAB,nvidia-tokenized-bstocks,220.49759452487308,-0.51331443,-0.60318381,1.30653529,30838173.621668395,13415138.41078921,139857.18841114032,139857.18841114032,,2026-09-20,,
526,Ark,ARK,ark,0.15457464881906408,2.22406871,10.30154994,0.1410335,30796490.030648183,12236875.54253454,199233770.0,199233770.0,,2026-09-20,,
527,LUSD,LUSD,lusd,0.9995245065654155,0.00280536,-0.01432753,-0.01225253,30762185.7357155,41491.60339777,30776819.91152082,10000000000000.0,10000000000000.0,2026-09-20,,
528,Core,CORE,core-dao,0.020526405280462304,-1.12418331,-0.54818072,3.43509282,30746268.539114147,5415077.09936411,1497888603.4360552,2093769839.0352812,2100000000.0,2026-09-20,,
529,Across Protocol,ACX,across-protocol,0.04243134901201442,-2.14983252,0.17933251,1.9704201,30597862.98941171,119460.14507656,721114546.2461714,1000000000.0,1000000000.0,2026-09-20,,
530,IoTeX,IOTX,iotex,0.003237147441357448,-1.70766893,5.26450533,2.81214876,30563101.874766976,4264280.12747543,9441368497.553144,9441368502.273277,10000000000.0,2026-09-20,,
531,TerraClassicUSD,USTC,terrausd,0.005480358268166188,-0.75590161,-3.42409647,1.20746484,30539522.453726057,1068512.24332116,5572541238.977256,6076247270.084639,6076247270.084639,2026-09-20,,
532,Orbs,ORBS,orbs,0.006945883768238446,-0.22300349,0.7164041,6.39178561,30535475.309187923,2448133.96189544,4396197277.129511,10000000000.0,,2026-09-20,,
533,Rekt (rekt.com),REKT,rekt-eth,1.0655030901321047e-07,-0.15505182,-0.82407141,-11.69147187,30319685.998297352,82560.21728717,284557466600479.0,420690000000000.0,420690000000000.0,2026-09-20,,
534,deBridge,DBR,debridge,0.015748681543107105,-1.51821413,0.77354787,3.16966568,30311243.560679276,2092183.14792347,1924684519.0,10000000000.0,10000000000.0,2026-09-20,,
535,MYX Finance,MYX,myx-finance,0.0782491915303199,-2.09052216,-14.2579279,29.5117087,30311318.147635404,22085410.44323354,387369090.4,1000000000.0,1000000000.0,2026-09-20,,
536,Vanta Network,VANTA,proprietary-trading-network,7.04817258438093,-2.87910026,-2.22124929,9.81908567,30265452.172001384,115467.28269774,4294085.0,4294085.0,21000000.0,2026-09-20,,
537,Kyber Network Crystal v2,KNC,kyber-network-crystal-v2,0.14403128260696446,-0.65318461,0.27572302,0.06343565,30136106.47768656,3601534.7240713,209233063.3472354,241045234.9401707,,2026-09-20,,
538,IOST,IOST,iostoken,0.0008446735453853379,-0.78441231,1.95572285,3.03273982,29895569.14591494,15325221.32415844,35393045407.0,48804805965.0,90000000000.0,2026-09-20,,
539,Anoma,XAN,anoma,0.011941825146397855,-0.60134131,-4.19090415,3.30573159,29854562.865994636,1409508.54771497,2500000000.0,10000000000.0,10000000000.0,2026-09-20,,
540,SanDisk Tokenized bStocks,SNDKB,sandisk-tokenized-bstocks,1763.4682340203153,-0.80140719,-0.98020271,8.52800761,29633362.445625547,8945891.65943012,16804.02395345,16804.02395345,,2026-09-20,,
541,MicroStrategy Tokenized Stock (Ondo),MSTRon,microstrategy-tokenized-stock-ondo,154.99543917082977,-1.89928437,-0.23431065,18.92527317,29587439.13972601,3064139.42734084,190892.32107737,190892.32107737,,2026-09-20,,
542,Hims & Hers Health Tokenized Stock (Ondo),HIMSon,hims-hers-health-tokenized-stock-ondo,27.975394837973138,0.00611496,-0.08023854,1.67002537,29503309.2420435,1705503.3333151,1054616.36602163,1054616.36602163,,2026-09-20,,
543,Pundi X (New),PUNDIX,pundix-new,0.11380096912374034,-1.35505014,4.96768644,-7.3943549,29404638.78570256,2234353.87299373,258386541.0999244,258386541.0999244,258526640.0,2026-09-20,,
544,Audiera,BEAT,audiera,0.08600534047509116,-0.82841725,-0.5057657,1.41198292,29393758.47236676,4649157.52072334,341766666.0,1000000000.0,1000000000.0,2026-09-20,,
545,Phala Network,PHA,phala-network,0.03498055781455925,-1.47165308,6.78752014,25.97244887,29401028.033089913,19598183.46684311,840496260.4928192,1000000000.0,,2026-09-20,,
546,Hyperlane,HYPER,hyperlane,0.07141900728854678,-1.0866232,-0.04896491,-1.39230895,29391267.202967137,3740427.83258685,411532844.25,810666666.6666666,1000000000.0,2026-09-20,,
547,BORA,BORA,bora,0.026733556997416502,1.2695414,4.72967881,5.18821518,29400229.3079088,695436.90328997,1099750000.0,1205750000.0,1205750000.0,2026-09-20,,
548,DEAPcoin,DEP,deapcoin,0.0009771766050960615,2.37116267,5.99140651,0.54219035,29171554.04302993,155264.32695799,29852898535.32895,29852898535.328953,,2026-09-20,,
549,ANyONe Protocol,ANYONE,anyone-protocol,0.2965649696960913,-1.92796776,-14.82093801,28.11106501,29018872.065257195,829484.32515454,97849965.5404165,100000000.0,100000000.0,2026-09-20,,
550,MVL,MVL,mvl,0.001042260864874376,-0.53992926,-1.65153038,-3.52073299,28977935.95072407,119096.80759245,27802958863.102654,30000000000.0,30000000000.0,2026-09-20,,
551,A Meme Coin,MEME,a-meme-coin,0.028848739162256685,1.47784857,-9.65189579,-26.00547079,28848739.162256684,5048134.21134856,1000000000.0,1000000000.0,1000000000.0,2026-09-20,,
552,World Mobile Token,WMTX,world-mobile-token,0.03293249804463079,-0.59490725,-1.13722538,-1.20932728,28688757.101035684,713278.4386119,871138201.0,2000000000.0,2000000000.0,2026-09-20,,
553,EthereumPoW,ETHW,ethereum-pow,0.26438929321300875,-0.41529188,0.62552336,-0.6472659,28506188.953745056,2135270.09542656,107818999.04993,107818999.04993,,2026-09-20,,
554,MANTRA,MANTRA,mantra-new,0.004397855704563347,-1.63570601,2.64965888,3.85604419,28442783.6407716,17281748.53424979,6467420841.311032,8171224283.203543,10000000000.0,2026-09-20,,
555,Cartesi,CTSI,cartesi,0.02993364351293487,3.41668301,14.64326738,15.75833749,28343917.686501704,12475353.61855983,946891669.7111657,1000000000.0,1000000000.0,2026-09-20,,
556,Defi App,HOME,defi-app,0.006532787094742332,-1.78867667,7.83060271,20.23730527,28316121.453970756,30054006.97269896,4334462618.07,10000000000.0,10000000000.0,2026-09-20,,
557,USDK,USDK,usdk,0.9889525577783453,-2.2574535,-1.45845992,-0.9172843,28284114.357044835,199.94095622,28600072.0,28600072.0,,2026-09-20,,
558,The Index,INDEX,the-index-finance,0.029004969874230534,-2.15408724,-12.96952484,10.35465063,28440525.039086442,1326505.26952688,980539720.0,980539720.0,1000000000.0,2026-09-20,,
559,SKALE,SKL,skale-network,0.0045376279017083024,-1.22360724,13.33757292,18.81642424,28097646.914976258,57740462.12227627,6192144337.0,6342291667.0,7000000000.0,2026-09-20,,
560,Pax Dollar,USDP,paxos-standard,0.9992238750111972,0.14544855,0.34743169,0.44825151,28062511.477143645,398483.34387206,28084308.41069443,28084308.41069443,,2026-09-20,,
561,Spacecoin,SPACE,spacecoin-org,0.004623530080047466,-1.24766419,-3.05449605,-4.14740079,27827598.80782759,1285407.87972213,6018690984.171536,21000000000.0,21000000000.0,2026-09-20,,
562,Sign,SIGN,sign,0.011586225704050114,-1.22173169,0.33089817,7.99043028,27652458.67260879,4475028.91424952,2386666666.0,10000000000.0,10000000000.0,2026-09-20,,
563,Metal DAO,MTL,metal,0.2955620407485822,-0.2160789,0.94396109,-11.35238506,27604828.40907773,2981109.46950137,93397746.0,93397746.0,,2026-09-20,,
564,B3 (Base),B3,b3,0.0005950163147907485,1.09816086,-1.70650459,8.38199837,27627549.6047012,9518275.49275497,46431583333.0,100000000000.0,100000000000.0,2026-09-20,,
565,Swarm Network,TRUTH,swarm-network-ai,0.013245635508996129,0.12172117,0.24828087,-4.02357457,27621193.928777825,1103555.01647275,2085305300.0,10000000000.0,10000000000.0,2026-09-20,,
566,Osmosis,OSMO,osmosis,0.034960319645863006,-0.35108185,-4.10688094,4.11959862,27589832.57933847,2760538.62037798,789175638.518605,973700258.318609,1000000000.0,2026-09-20,,
567,Canopy,CNPY,canopy,0.41329002979714546,-2.44655062,-25.73196817,81.19936394,27742380.899994127,411488000.7248222,67125696.0,232737760.0,560000000.0,2026-09-20,,
568,iExec RLC,RLC,rlc,0.31651119579675613,-1.43046499,6.84122976,10.80800549,27536405.980247136,1938297.48892733,86999784.9868455,86999784.9868455,86999784.9868455,2026-09-20,,
569,Electronic USD,eUSD,electronic-usd,0.9992390974345967,0.06941149,0.12757395,0.09635848,27473790.203865077,241003.65924089,27494711.0,27494711.0,,2026-09-20,,
570,iShares Bitcoin Trust Tokenized Stock (Ondo),IBITon,ishares-bitcoin-trust-tokenized-stock-ondo,45.821734637656334,-0.00468556,-0.00462571,4.88422423,27454234.3481592,0.0,599153.09983916,599153.09983916,,2026-09-20,,
571,Lorenzo Protocol,BANK,lorenzo-protocol,0.0352461955984504,-10.79137683,19.30162953,30.74546484,27350313.500420026,281465779.868786,775979167.0004375,2100000000.0,2100000000.0,2026-09-20,,
572,iota,SN9,iota-macrocosmos-ai,6.79607024599236,-2.99131113,-3.10206669,6.84872113,27213735.15241557,107815.10172725,4004334.0,4004334.0,21000000.0,2026-09-20,,
573,Velvet,VELVET,velvet,0.0584763788227523,-1.88384759,-3.35101191,9.96584821,27122419.402868558,4960861.17200041,463818381.8645696,1000000000.0,1000000000.0,2026-09-20,,
574,Uquid Coin,UQC,uquid-coin,2.7100659754856022,0.00107208,0.03307638,0.16823847,27100659.75485602,42911.95518116,10000000.0,40000000.0,,2026-09-20,,
575,Pipedog,PIPEDOG,pipedog,0.002181915255138987,-1.53436577,-8.81863661,-16.06971941,26937225.153140493,2795348.07106905,12345678912.0,12345678912.0,12345678912.0,2026-09-20,,
576,Ardor,ARDR,ardor,0.02704295833781423,-0.80866113,5.96673813,-1.31580363,27001480.69358662,5056102.6879781,998466231.2566,998466231.2566,998466231.2566,2026-09-20,,
577,Tokenised GBP,TGBP,tokenised-gbp,1.338667097811432,-0.04212419,-0.04657473,-0.98099988,26917065.365557667,435010.20537307,20107363.07,20107363.07,,2026-09-20,,
578,Civic,CVC,civic,0.026818691606799373,-0.65435245,0.20798318,7.57949479,26818691.60679937,8066302.8815302,1000000000.0,1000000000.0,,2026-09-20,,
579,SLT,SLT,slt-game,3.1545147710857453,-1.1123042,-1.34390781,2.51513904,26813375.554228835,15137.77201192,8500000.0,100000000.0,100000000.0,2026-09-20,,
580,COINDEPO,COINDEPO,coindepo,0.10686185792396564,-0.05535216,0.23808137,-1.40281916,26749535.888324454,1556058.27334231,250318836.0,1000000000.0,1000000000.0,2026-09-20,,
581,Power Protocol,POWER,powerprotocol,0.12720176175601147,0.41514149,4.01478259,27.13016102,26712369.96876241,4705824.08145398,210000000.0,1000000000.0,1000000000.0,2026-09-20,,
582,StrikeX,STRX,strikecoin,0.03051504400511056,0.0,1.35289806,28.54631594,26629898.927103184,0.0,872680993.7630533,880456959.285762,1000000000.0,2026-09-20,,
583,"OpenAI
Pre-IPO stock (Republic)",preOPAI,openai-pre-ipo-stock-republic,913.1915462744448,0.42513666,2.99820061,0.5855753,26557436.548753403,478397.40773278,29082.0,29082.0,,2026-09-20,,
584,Blast,BLAST,blast,0.0003805962601242688,-0.78483197,-2.20795449,1.24439441,26517602.903417327,18714885.32738982,69673839923.59526,100000000000.0,100000000000.0,2026-09-20,,
585,Liquity USD,LUSD,liquity-usd,1.0107598431274143,0.20796038,0.02058855,0.06144617,26432327.94200043,4176.73108084,26150947.84554913,26150947.84554913,,2026-09-20,,
586,ZEROBASE,ZBT,zerobase,0.08146154356534978,0.05781428,-0.86481908,1.83647904,26305289.566567242,3850448.74326362,322916660.0,1000000000.0,1000000000.0,2026-09-20,,
587,Degen,DEGEN,degen-base,0.0010735957758621654,-1.66573855,-2.36197133,4.24812146,26310079.43701087,2769988.62531099,24506504243.538223,36296303431.12809,,2026-09-20,,
588,PlaysOut,PLAY,playsout,0.025773018785195227,0.56135542,-3.43657173,-15.07641692,26301507.615033045,1103643.16815749,1020505507.4938059,3999999999.442537,5000000000.0,2026-09-20,,
589,Frax (prev. FXS),FRAX,frax-share,0.27866598068286946,-0.80512923,-0.85147154,-1.15436996,26078834.56438721,283663.29848466,93584564.93498477,99681495.59113361,99681495.59113361,2026-09-20,,
590,Gensyn,AI,gensyn,0.019910476096026187,-1.34988201,0.1663736,1.29583096,25976706.632561985,2847971.86336946,1304675313.0,10000000000.0,10000000000.0,2026-09-20,,
591,SPDR S&P 500 Trust Tokenized ETF (Robinhood),SPY,spdr-sp-500-trust-tokenized-etf-robinhood,762.3023713212897,-0.1117402,-0.11976539,-0.21312716,25920967.32913206,11939228.79600975,34003.52445999027,34003.52445999027,,2026-09-20,,
592,Ark of Panda,AOP,ark-of-panda,0.033018627714620295,-2.1779544,10.23611591,20.6945136,25908616.546738725,2853805.58892135,784666666.6666666,2000000000.0,2000000000.0,2026-09-20,,
593,Illuvium,ILV,illuvium,3.514874102129791,-1.1310197,1.49721228,-4.56453406,25825195.52644237,2494315.85357108,7347402.71658491,9170993.59652059,,2026-09-20,,
594,Abey,ABEY,abeychain,0.0244110927293781,0.33180117,-0.89566725,8.52665786,25683336.798775032,11065.40977479,1052117456.7439916,1349408722.7430127,1409147800.161027,2026-09-20,,
595,OKZOO,AIOT,okzoo,0.04889305667205441,0.05160092,3.35225064,6.63888535,25681077.96810352,655171.91595121,525249999.0,1000000000.0,1000000000.0,2026-09-20,,
596,Everything,EV,everything,0.00025624012980569324,-0.07019285,0.11774359,0.13843141,25624012.980569325,246534.68646051,100000000000.0,100000000000.0,100000000000.0,2026-09-20,,
597,KiiChain,KII,kiichain,0.08196624757759882,0.14595607,0.72640039,11.12726177,25610354.055620752,293500743.81047744,312450000.0,1800000000.0,1800000000.0,2026-09-20,,
598,iShares Silver Trust Tokenized ETF (Ondo),SLVon,ishares-silver-trust-tokenized-etf-ondo,59.819210444167766,0.07396811,-0.32630123,2.45498249,25580344.812324625,2187291.11484169,427627.59024043,427627.59024043,,2026-09-20,,
599,Playnance,GCOIN,playnance,0.0010170324941740322,-0.21285729,-3.60934894,-22.45101971,25452255.19919933,293917.14410558,25026000000.0,77000000000.0,77000000000.0,2026-09-20,,
600,Victoria VR,VR,victoria-vr,0.0015026284212623562,0.00131853,-0.18312556,0.06546302,25244157.477207582,1126601.0448089,16800000000.0,16800000000.0,16800000000.0,2026-09-20,,
601,Alphabet Tokenized bStocks,GOOGLB,alphabet-tokenized-bstocks,350.8925238622422,-0.28045148,0.20220217,2.86262279,25222775.977638926,4172879.59675881,71881.7708055279,71881.7708055279,,2026-09-20,,
602,Nillion,NIL,nillion,0.05001968350291404,-1.3591826,6.78025898,18.14117645,25206696.542440522,20003506.32960338,503935546.512845,1010540800.817513,,2026-09-20,,
603,Velodrome Finance,VELO,velodrome-finance,0.027522526341061428,-1.03531838,0.91336203,11.15017908,25188685.21640306,1380067.9548371,915202511.0,2615820393.206738,,2026-09-20,,
604,Metis,METIS,metisdao,3.185805882265336,-2.46571696,-1.84559403,1.97727224,25163194.30079307,2386679.31547463,7898533.442,10000000.0,10000000.0,2026-09-20,,
605,CARV,CARV,carv,0.037821848527880925,-1.48260712,0.08901982,3.07892589,25071268.131429374,1269645.58342339,662877916.0,1000000000.0,,2026-09-20,,
606,OpenGradient,OPG,opengradient,0.11282773124181213,-1.4198257,0.61365354,6.20995741,25033652.836557023,8441297.53077131,221874999.71,1000000000.0,1000000000.0,2026-09-20,,
607,Arkham,ARKM,arkham,0.111121141277615,-1.79995025,0.00915678,8.58589904,25013368.901591137,34751904.65075161,225100000.0,1000000000.0,1000000000.0,2026-09-20,,
608,Cysic,CYS,cysic,0.1554433696038026,3.52101957,4.61892936,24.78229617,24995293.832291458,7199987.14055794,160800000.0,1000000000.0,1000000000.0,2026-09-20,,
609,UNS TOKEN,UNS,uns-token,0.23611668296460053,0.0,0.0,-0.11368082,24934913.411130268,0.0,105604200.0,1000000000.0,1000000000.0,2026-09-20,,
610,Usual,USUAL,usual,0.01282696621984143,-2.19513413,5.38344877,6.5121963,24898288.483096983,19188414.01746497,1941089424.9166255,1941089424.9166255,3000000000.0,2026-09-20,,
611,Folks Finance,FOLKS,folks-finance,2.03628669398699,-1.46163289,-3.2586316,3.46327676,24839453.86192554,1010976.3035867,12198406.999994,50000000.0,50000000.0,2026-09-20,,
612,Cyber,CYBER,cyberconnect,0.31913523521544557,-0.83715006,3.38804363,8.42121602,24827439.333521806,9290147.92078578,77795983.0,100000000.0,100000000.0,2026-09-20,,
613,SwftCoin,SWFTC,swftcoin,0.0024782114873769683,0.25566566,0.64378544,-0.37440299,24782114.873769682,384320.29809114,10000000000.0,10000000000.0,,2026-09-20,,
614,Fogo,FOGO,fogo,0.006767995740092457,0.05093787,-0.39945477,1.67317703,24728876.591633942,2276860.65626744,3653796122.4095163,9827796124.414232,,2026-09-20,,
615,Solv Protocol,SOLV,solv-protocol,0.004489141145518025,-3.40906442,10.71993795,-3.45074453,24572908.428698044,17877561.38807903,5473855161.188622,9660000000.0,9660000000.0,2026-09-20,,
616,NotInEmploymentEducationTraining,NEET,notinemploymenteducationtraining,0.024522866819274,-2.3168115,-6.53485769,-19.8067986,24517129.056987092,1334981.00653756,999766024.0,999766024.0,1000000000.0,2026-09-20,,
617,Flux,FLUX,zel,0.05841399367103988,-0.95315504,2.68665883,4.98737699,24518121.598137084,3434184.6000872,419730274.4991484,419730246.4991484,560000000.0,2026-09-20,,
618,LCX,LCX,lcx,0.02581677283942423,-1.03467078,-3.24545347,3.48130065,24505919.97666021,326100.85829432,949224759.0,949224759.0,,2026-09-20,,
619,Tokenlon Network Token,LON,tokenlon-network-token,0.1982954416092267,-1.53423119,-1.39956296,3.05771478,24483756.687905807,2076.67991757,123471101.95379587,140451028.83876702,200000000.0,2026-09-20,,
620,MetYa,MY,metya,0.024760250340438557,-0.21638092,1.6365281,2.25685497,24424609.151345503,108866.97164675,986444353.9754975,994243267.9861139,1000000000.0,2026-09-20,,
621,Clearpool,CPOOL,clearpool,0.024879684625186815,-2.74771888,2.98267382,23.67402208,24349944.90630471,26925853.58565843,978707940.7612014,993627634.645902,1000000000.0,2026-09-20,,
622,Bounce Token,AUCTION,bounce-token,3.505611778865401,-1.07143372,-0.26244798,0.68226586,24330372.97027764,7020677.44311326,6940407.12578625,7641035.64836274,10000000.0,2026-09-20,,
623,WAX,WAXP,wax,0.005255597083869109,-1.09721753,1.73652566,2.45652337,24209890.714882642,1467803.72620083,4606496717.411907,4608433461.251633,,2026-09-20,,
624,SK Hynix Tokenized bStocks,SKHYB,sk-hynix-tokenized-bstocks,185.81819237122025,-0.6643014,-0.30623957,-0.79313634,24199874.898194034,2602621.33790452,130234.15301473,130234.15301473,,2026-09-20,,
625,DOGS,DOGS,dogs,4.678150986770089e-05,-1.72228503,-2.17667149,-12.08674191,24174345.224134434,3723259.28845862,516750000000.0,545217353977.2271,550000000000.0,2026-09-20,,
626,GMT,GMT,green-metaverse-token,0.00772979188118071,-1.01389809,0.61619779,-1.33519544,24050475.65801313,4898197.1195128,3111400155.102167,5073850155.102167,,2026-09-20,,
627,Lucidum Coin,LUCIC,lucidum-coin,0.14505992119693822,-1.25842775,-3.55409405,2.14436116,23805115.66669242,53627.58427307,164105395.0,210000000.0,210000000.0,2026-09-20,,
628,IQ,IQ,iq,0.00086507941762938,-1.0939309,-1.55052656,4.16283577,23728977.999447778,1542172.63055655,27429826112.929,27429826112.929,60000000000.0,2026-09-20,,
629,MiL.k,MLK,milk-alliance,0.04111450739841307,-0.6986326,3.25496609,0.98208367,23624196.91436294,2519455.12702555,574595158.9651,986245419.0,986245419.0,2026-09-20,,
630,Smooth Love Potion,SLP,smooth-love-potion,0.0006499201550922221,-0.45480803,-0.8144308,1.5315591,23618085.48314266,1970923.9086176,36339980070.0,36339980070.0,,2026-09-20,,
631,Yield Guild Games,YGG,yield-guild-games,0.02512311478438086,-1.66416168,0.31076988,5.10397356,23498516.006191958,8143366.03012612,935334500.0358427,999716389.322777,1000000000.0,2026-09-20,,
632,Ergo,ERG,ergo,0.28141167535613726,-0.46611302,-2.88423546,9.26384146,23478005.539487265,194841.5790982,83429394.0,83429394.0,97739924.0,2026-09-20,,
633,CEA Industries Tokenized bStocks,BNCB,cea-industries-tokenized-bstocks,6.241677379487734,-1.91461685,0.27295535,15.85646391,23406334.387607142,20624647.96468636,3750007.08375737,3750007.08375737,,2026-09-20,,
634,BankrCoin,BNKR,bankr-coin,0.00023600961139853786,-0.69163899,-3.58135494,6.48990035,23435754.41187473,1378204.00081423,99299999999.99966,100000000000.0,100000000000.0,2026-09-20,,
635,Xertra,STRAX,stratis-new,0.010588381040799864,-1.17416701,2.61464239,-5.71862844,23385514.87513665,1583496.13250859,2208601559.107668,2208601559.107668,,2026-09-20,,
636,SATS (Ordinals),SATS,sats-ordinals,1.1108868281323163e-08,-1.66482936,-0.76714661,4.04462146,23328623.390778642,2449462.34512663,2100000000000000.0,2100000000000000.0,2100000000000000.0,2026-09-20,,
637,Big Time,BIGTIME,big-time,0.008076262796276252,-0.99042455,1.95909224,7.40726539,23328603.622345883,13831999.9089026,2888539440.9283066,5000000000.0,5000000000.0,2026-09-20,,
638,Block Street,BSB,block-street,0.09871860667830915,-1.24975454,-2.87875885,-1.2504673,23327206.758084454,8608840.18019176,236300000.0,1000000000.0,1000000000.0,2026-09-20,,
639,Orochi Network,ON,orochi-network,0.16109078616990333,-1.2686906,-2.3408442,17.46643381,23241373.174662802,5029697.72974396,144275000.0,700000000.0,1000000000.0,2026-09-20,,
640,Electroneum,ETN,electroneum,0.0012911364164835347,-2.90651394,13.4198364,15.36051556,23214397.27097917,182984.21120333,17979817604.56,17979817604.56,21000000000.0,2026-09-20,,
641,WhiteRock,WHITE,whiterock,3.571474224648749e-05,0.00573591,-10.91566697,-10.53301635,23214582.46021687,0.0,650000000000.0,1000000000000.0,1000000000000.0,2026-09-20,,
642,Impossible Cloud Network,ICNT,impossible-cloud-network,0.09138746763873697,-1.52975153,1.26173321,-9.32895261,23121589.426389612,983035.17988948,253006129.0,700000000.0,700000000.0,2026-09-20,,
643,Firo,FIRO,firo,1.2094862949948086,-1.0295239,-5.19076555,58.15149701,23044184.632483516,203823.08980045,19052869.57599005,19052869.57599005,21400000.0,2026-09-20,,
644,QANplatform,QANX,qanplatform,0.012668553346040924,-1.80412621,17.26089555,2.3126004,22957795.028253328,332353.03231265,1812187579.8413806,2200000000.0,3333333000.0,2026-09-20,,
645,Cetus Protocol,CETUS,cetus-protocol,0.02376005034630076,-1.13408836,6.02923059,9.67254102,22933613.805285066,3271609.81284038,965217391.0,1000000000.0,1000000000.0,2026-09-20,,
646,Aevo,AEVO,aevo,0.024484921789666887,-1.09660691,-0.14929801,6.45060486,22837130.795797035,3080757.00652666,932701806.9314295,1000000000.0,1000000000.0,2026-09-20,,
647,Bless,BLESS,bless,0.009197211233873927,-0.72374572,-0.30094499,10.86566385,22705305.657330345,2496293.6947154,2468716340.1994324,9999966340.199432,10000000000.0,2026-09-20,,
648,Grvt,GRVT,grvt,0.19435561402854257,-0.14414873,3.95610541,13.92294539,22217242.69947216,9732368.40664589,114312328.0,1000000000.0,1000000000.0,2026-09-20,,
649,SNC SCANDIC COIN,SNC,scandic-coin,0.17407688905076213,-0.01143546,-0.54506059,-1.653122,22213935.274463296,154753.53492861,127609905.0,1000000000.0,1000000000.0,2026-09-20,,
650,4,4,4four,0.022113532075546796,-4.47934273,-17.51284968,9.65183224,22113532.075546797,4275630.18661651,1000000000.0,1000000000.0,1000000000.0,2026-09-20,,
651,Liquity,LQTY,liquity,0.2270652427650169,-2.19509279,5.38117015,3.07694884,21875313.462294128,2460909.48192667,96339330.47574456,100000000.0,100000000.0,2026-09-20,,
652,Aleo,ALEO,aleo,0.015260967834625239,-0.54628543,-0.45220332,-10.55416594,21859646.587893177,956589.48205761,1432389270.770649,2074008289.695307,5000000000.0,2026-09-20,,
653,OpenEden,EDEN,openeden,0.05145694505846711,-1.73375459,-4.07266506,6.14558547,21848609.204926062,3466015.19574919,424599812.1361643,1000000000.0,1000000000.0,2026-09-20,,
654,Worldwide USD,WUSD,worldwide-usd,0.9960583095516488,0.0,0.0,0.0,21792071.478388622,0.0,21878309.0,658895.223364,,2026-09-20,,
655,Nosana,NOS,nosana,0.29936728950621994,-0.27353935,1.78559177,2.54280742,21692728.310113005,582172.58971097,72461919.089067,99999719.318272,,2026-09-20,,
656,Chia,XCH,chia-network,1.5029189477252258,-0.77894246,-1.36398972,1.77040161,21659656.074824277,769383.85333209,14411726.0,33191992.0,,2026-09-20,,
657,WOO,WOO,wootrade,0.011465973273081879,-1.03961418,-1.54074914,-2.01712551,21656724.94306324,1172041.55061689,1888782088.2947378,1888782088.2947378,1888782088.2947378,2026-09-20,,
658,Zest Protocol,ZEST,zest-protocol,0.14801819641025254,0.34180601,5.48142519,19.99982389,21610656.67589687,3109258.5866268,146000000.0,1000000000.0,1000000000.0,2026-09-20,,
659,Boundless,ZKC,boundless,0.03998117420842613,-0.42812477,-0.70515266,-16.06828867,21567227.51721744,6691965.79212201,539434570.0,1071852785.0,,2026-09-20,,
660,API3,API3,api3,0.24887971697423047,-0.91094355,1.06988394,0.45679841,21508677.424993172,8755720.03428934,86421978.0,184342307.5737388,,2026-09-20,,
661,The Interfold,FOLD,interfold,0.06497132248227422,0.49430203,-5.94065618,30.33351757,21443787.080016922,13950521.36518817,330050032.2410294,1200000000.0,1200000000.0,2026-09-20,,
662,Oho,OHO,oho,0.0008835059660727799,-1.02643304,-1.04579385,4.08868306,21313606.37841855,130295.06727411,24123896382.0,45000000000.0,45000000000.0,2026-09-20,,
663,Codatta,XNY,codatta,0.00619164509050272,-0.59653611,-1.35176791,-5.05844314,21288939.702845186,850624.0794094,3438333333.3333335,10000000000.0,10000000000.0,2026-09-20,,
664,Definitive,EDGE,definitive,0.08092074146036045,-0.66362876,9.76319295,16.04218956,21224581.89032571,43375506.07467251,262288524.63892353,1000000000.0,1000000000.0,2026-09-20,,
665,NaoX Protocol,NAORIS,naoris-protocol,0.03531508329397606,-0.0263374,1.89479383,-4.01149042,21162916.814748093,1522557.53292648,599260000.0,4000000000.0,4000000000.0,2026-09-20,,
666,Biconomy,BICO,biconomy,0.021000339187444636,-0.66909533,0.53950143,7.0621678,21000339.187444635,7716637.79128352,1000000000.0,1000000000.0,1000000000.0,2026-09-20,,
667,Orbler,ORBR,orbler,0.02050155727443174,0.0146966,0.00975386,13.21607982,20821109.92227899,26586.43601148,1015586750.0,2000000000.0,2000000000.0,2026-09-20,,
668,Capybobo,PYBOBO,capybobo,0.0005280801354461704,-0.71420837,-0.24205776,20.56359607,20791688.44433856,496032.85857272,39372222223.0,100000000000.0,100000000000.0,2026-09-20,,
669,Fabric Protocol,ROBO,fabric-foundation,0.009256500497431359,-0.34336458,-3.39066685,3.02728286,20651252.609769363,12731329.43738003,2231000000.0,10000000000.0,10000000000.0,2026-09-20,,
670,aixbt,AIXBT,aixbt,0.020648404217328213,-1.73329018,-1.56459253,1.09033501,20625997.96044651,3072601.78231473,998914867.3841392,998914867.3841392,1000000000.0,2026-09-20,,
671,Shentu,CTK,shentu,0.12563290933367802,-2.12958171,0.34970346,8.04026765,20613909.57486128,1294645.5928854,164080492.0,164080492.0,,2026-09-20,,
672,PolySwarm,NCT,polyswarm,0.011007027327388706,-4.4670702,7.47600611,9.13763826,20753758.633286774,6567278.62749654,1885500782.0,1885913076.0,1885913076.0,2026-09-20,,
673,Trusta.AI,TA,trusta-ai,0.05265059491960435,-0.53655872,1.91054062,-1.90912299,20511811.312005084,6264460.62382364,389583657.0,1000000000.0,1000000000.0,2026-09-20,,
674,Solend,SLND,solend,0.20478128050678363,-0.00444136,-8.91156017,-3.11882486,20478128.05067836,977.12485694,100000000.0,100000000.0,,2026-09-20,,
675,Brevis,BREV,brevis,0.08149983352515734,-1.33906763,0.84592808,2.20140345,20374958.381289337,16926056.31571122,250000000.0,1000000000.0,1000000000.0,2026-09-20,,
676,DebtReliefBot,DRB,debtreliefbot,0.00020611531361936893,-3.84879291,-2.18137751,3.46649576,20340429.6186905,1061515.06980053,98684708387.33003,98684708387.33003,100000000000.0,2026-09-20,,
677,NVIDIA Tokenized Stock (Robinhood),NVDA,nvidia-tokenized-stock-robinhood,221.06789175288958,-0.45284592,-0.58211358,1.34059273,20308785.30928884,31512664.63966008,91866.73445997336,91866.73445997336,,2026-09-20,,
678,Symbol,XYM,symbol,0.003104514834968252,-0.65513843,1.65897423,10.52920825,20308729.070157807,71081.64533007,6541675640.073239,8559652801.460738,8999999999.0,2026-09-20,,
679,Alphabet Class A Tokenized Stock (Ondo),GOOGLon,alphabet-class-a-tokenized-stock-ondo,352.13285442158406,-0.03148658,0.10914842,3.09837522,20284041.760238044,7897512.28656311,57603.37754782,57603.37754782,,2026-09-20,,
680,Bonfida,FIDA,bonfida-sns,0.020379164275353915,-1.4697635,0.30636607,1.04125221,20193934.254724275,8049082.5246171,990910813.705268,990910813.705268,,2026-09-20,,
681,ArcBlock,ABT,arcblock,0.2033758273840127,-0.00111923,-1.26482361,3.69471624,20043563.411176346,111141.47770823,98554305.44029327,186000000.0,186000000.0,2026-09-20,,
682,Stargate Finance,STG,stargate-finance,0.14230628783049193,-0.31591058,-8.01218397,-9.70054193,20015905.19013467,19599109.01390481,140653694.89489183,1000000000.0,1000000000.0,2026-09-20,,
683,Tesla Tokenized bStocks,TSLAB,tesla-tokenized-bstocks,363.22322976188036,-0.42740489,-0.41560921,-1.12524742,19936204.12917412,3713741.46192368,54886.9193808,54886.9193808,,2026-09-20,,
684,AI Companions,AIC,ai-companions,0.02650075956185401,-4.74953407,14.34695361,-46.66156588,19875561.72116264,197566.24999072,749999700.0,1000000000.0,1000000000.0,2026-09-20,,
685,Perle,PRL,perle,0.11343065531085093,-0.17764895,-3.23576462,-2.5787947,19850364.679398913,8239512.50954456,175000000.0,1000000000.0,1000000000.0,2026-09-20,,
686,Adventure Gold,AGLD,adventure-gold,0.21317399924094937,-3.54411292,15.3822113,15.02268115,19788942.56271133,27308265.47244012,92830001.0,92830001.0,96000000.0,2026-09-20,,
687,Gigachad,GIGA,gigachad-meme,0.0021163922632725916,-0.53092829,-1.8004145,-2.07815489,19687552.54953818,2112336.49431677,9302411888.0,9603935545.16,10000000000.0,2026-09-20,,
688,Pocket Network,POKT,pocket-network,0.008280091321929289,-1.80494581,-0.1568833,-0.01519017,19671457.112643983,2035572.73079445,2375753641.816171,2375753641.816171,,2026-09-20,,
689,Comtech Gold,CGO,comtech-gold,139.4894612948423,-0.03802668,0.39520672,0.66021841,19668014.042572763,920885.59231132,141000.0,141000.0,141000.0,2026-09-20,,
690,AVA (Travala),AVA,ava,0.26325838124970485,4.90408783,14.26202732,38.00482792,19579542.780667316,27926802.36679579,74373863.0,74373863.0,100000000.0,2026-09-20,,
691,Cobak Token,CBK,cobak-token,0.19528572084897233,-0.73044127,1.78412024,-4.85973285,19528572.08489723,2404694.67286697,100000000.0,100000000.0,100000000.0,2026-09-20,,
692,Freysa,FAI,freysa-ai,0.002379726383659457,-0.38637188,-2.44267461,1.01230596,19489245.164255854,11604775.87627651,8189700000.0,8189700000.0,8189700000.0,2026-09-20,,
693,OVERTAKE,TAKE,overtake,0.05530382227491242,-0.79182341,2.43360447,-9.60316091,19484611.91497196,721166.28841435,352319444.0,1000000000.0,1000000000.0,2026-09-20,,
694,OpenServ,SERV,openserv,0.02527024863282102,-4.1482031,17.96146044,22.70045836,19458091.447272185,1030583.54783602,770000000.0,1000000000.0,1000000000.0,2026-09-20,,
695,Enso,ENSO,enso,0.9420788399808308,-1.414305,-2.59618145,3.04756121,19397403.315205306,5728324.84389207,20590000.0,100000000.0,127339703.0,2026-09-20,,
696,Umia,UMIA,umia,0.796144374387291,-4.25595638,18.60705675,9.29694888,19385996.09467438,455521.24875646,24349850.0,50000000.0,50000000.0,2026-09-20,,
697,dKargo,DKA,dkargo,0.003876371346061285,-0.84186675,2.00389064,5.37227524,19381856.730306424,1792868.93629614,5000000000.0,5000000000.0,5000000000.0,2026-09-20,,
698,NYM,NYM,nym,0.023018334016681567,0.01979275,-6.94047016,5.1853555,19361959.996572528,2175794.16151332,841153837.742591,1000000000.0,1000000000.0,2026-09-20,,
699,Audius,AUDIO,audius,0.013275822118309221,0.17901959,0.76459123,2.3253515,19345013.234073382,2679236.8189691,1457161226.0,1457161226.0,,2026-09-20,,
700,Cheelee,CHEEL,cheelee,0.34022055057934086,0.00395935,-0.13879709,-2.10137914,19334092.74025615,215584.39057573,56828115.48959432,1000000000.0,1000000000.0,2026-09-20,,
701,siren,SIREN,siren-bsc,0.026667512227208173,-0.00497119,-0.24364431,-6.77072254,19296333.370736897,1685331.39051056,723589557.4484577,723589557.4484577,,2026-09-20,,
702,iShares 20+ Year Treasury Bond Tokenized ETF (Ondo),TLTon,ishares-20-year-treasury-bond-tokenized-etf-ondo,85.56320166034932,-0.02793201,1.1812141,1.19149067,19132893.047866773,1250324.09823128,223611.23329415,223611.23329415,,2026-09-20,,
703,QuarkChain,QKC,quarkchain,0.002622880834248738,-0.91502241,-8.95958913,6.01397624,19071881.306988087,10239170.77530025,7271348762.0,10000000000.0,,2026-09-20,,
704,Roundhill Memory ETF Tokenized bStocks,DRAMB,roundhill-memory-etf-tokenized-bstocks,58.95909404250474,-0.87586197,-0.47715106,1.38778777,19083864.74699148,1817722.0338272,323679.74876333,323679.74876333,,2026-09-20,,
705,Isiklar Coin,ISIKC,isiklar-coin,0.19043095994125525,0.00579009,1.44096108,0.99764806,19043095.994125526,27343.56258985,100000000.0,100000000.0,100000000.0,2026-09-20,,
706,MediBloc,MED,medibloc,0.001647405254463499,-2.62248135,-1.50301807,-0.5208522,19008713.545194596,350230.19911281,11538577708.0,12328795620.0,,2026-09-20,,
707,Sapien,SAPIEN,sapien-io,0.07580763408243268,-0.30821013,0.41934748,0.59483416,18951908.52060817,2186789.07204662,250000000.0,1000000000.0,1000000000.0,2026-09-20,,
708,Janction,JCT,janction,0.0016465069087574298,-0.654523,-5.05888599,4.73871281,18924435.87584891,1984432.36537393,11493687500.0,50000000000.0,50000000000.0,2026-09-20,,
709,MESSIER,M87,messier,2.134439838998426e-05,-2.34716323,-3.22115555,36.7585418,18886511.811841853,176308.73082719,884846293944.0,884846293944.0,884846293944.0,2026-09-20,,
710,ChainGPT,CGPT,chaingpt,0.020223555787314634,-1.26301494,0.60951664,-1.88276325,18869586.06645729,6432732.74089254,933049868.4258764,997766421.9854141,1000000000.0,2026-09-20,,
711,Intel Tokenized Stock (Ondo),INTCon,intel-tokenized-stock-ondo,109.19507328450476,-0.95633288,0.62984891,7.20450858,18832012.89017843,1885056.95898816,172462.11137303,172462.11137303,,2026-09-20,,
712,GameBuild,GAME,gamebuild,0.0009630716784038091,-1.58709205,2.77488653,2.37495986,18797813.974740252,920801.83590199,19518603232.0,21419639000.0,21419639400.0,2026-09-20,,
713,Undeads Games,UDS,undeads-games,0.15053711878893303,-1.36724872,-12.1751442,23.07132466,18766099.814447973,109419.73390072,124660947.18313152,250000000.0,250000000.0,2026-09-20,,
714,Tensor,TNSR,tensor,0.03559473531502088,-0.89724282,-0.54366158,0.4989821,18754121.313502915,6258127.18186831,526879077.6929511,783790872.4305295,,2026-09-20,,
715,Quantix Finance,QFI,quantix-finance,18.67100205179576,-1.09842125,-4.48869699,-1.65121008,18671002.05179576,1670319.49042171,1000000.0,10000000.0,10000000.0,2026-09-20,,
716,SynFutures,F,synfutures,0.0038187072202378065,-0.61830473,-13.11232557,9.42448689,18629062.16336155,73196607.09724075,4878368801.0,10000000000.0,10000000000.0,2026-09-20,,
717,Public Masterpiece Token,PMT,public-masterpiece-token,0.10041764214250767,-0.06388532,-2.05718386,-5.08155661,18549280.275739733,49607.48752808,184721328.64278495,361071410.0,2000000000.0,2026-09-20,,
718,Basecat,BASECAT,basecat,0.01847523654608847,-1.45958828,-14.21383657,-28.77284576,18475235.615898,4376794.51872456,999999949.6520399,999999949.6520399,1000000000.0,2026-09-20,,
719,DODO,DODO,dodo,0.018394704379213977,0.04374378,1.23409832,4.70204446,18394704.379213978,3913096.97892517,1000000000.0,1000000000.0,1000000000.0,2026-09-20,,
720,Adshares,ADS,adshares,0.47408750470149463,-0.53605515,-0.91576613,1.86083997,18370749.085147746,350985.16554818,38749701.063551,38758206.0,38758206.0,2026-09-20,,
721,Felysyum,FELY,felysyum,0.4172776583753635,0.85096718,1.96507524,34.77730889,18263091.838030204,1266663.38688878,43767241.0,500000000.0,500000000.0,2026-09-20,,
722,Mey Network,MEY,mey-network,0.06405188272362125,-1.1704737,-4.21664204,8.86555219,18210544.8538744,1146518.64460679,284309283.03,2300000000.0,2300000000.0,2026-09-20,,
723,Cluster Protocol,CP,cluster-protocol,0.013369367796883632,-3.98109723,-2.80247966,-5.11074141,18303890.044841077,26268198.53924887,1369091667.08,5000000000.0,5000000000.0,2026-09-20,,
724,BitMart Token,BMX,bitmart-token,0.056028125738344224,-0.53182803,-1.88817051,5.06588883,18168891.15385948,481650.45020749,324281615.96391135,626297236.4413097,881679315.0,2026-09-20,,
725,STBL,STBL,stbl,0.025912449212672113,-0.75341188,-1.8235524,-4.22530575,18138714.44887048,1907125.69491692,700000000.0,10000000000.0,10000000000.0,2026-09-20,,
726,Sonic SVM,SONIC,sonic-svm,0.02321837516005011,-1.51434994,0.65818587,1.40390172,18082461.436042145,1410588.25280377,778799606.4063562,2399996092.1040874,,2026-09-20,,
727,Micron Technology tokenized stock (xStock),MUx,micron-technology-tokenized-stock-xstock,1002.4257335724707,-0.84451444,-0.49970142,3.63085362,18049446.329308327,1148922.08145788,18005.76913063,197603.57600895,,2026-09-20,,
728,Tether Gold Tokens,XAUT0,tether-gold-tokens,4363.157671282475,-0.00434153,-0.06685595,0.13907758,18035700.147926528,143376.40611746,4133.634745,4133.634745,,2026-09-20,,
729,WalletConnect Token,WCT,walletconnect-token,0.03989075560509258,-0.88476284,2.57954107,5.06502451,18026939.098179672,8418226.59662235,451907687.0,1000000000.0,1000000000.0,2026-09-20,,
730,Pixels,PIXEL,pixels,0.005194134533901336,-1.37514915,-0.79688687,3.14982599,18011171.315670375,5270765.1398624,3467598152.9,5000000000.0,5000000000.0,2026-09-20,,
731,Semicon Bull 3X ETF Tokenized bStocks,SOXLB,semicon-bull-3x-etf-tokenized-bstocks,119.63204963438817,-1.60475358,-1.2807524,-1.24398605,17956395.48828009,3431058.44956046,150096.86403566,150096.86403566,,2026-09-20,,
732,Moonbirds,BIRB,moonbirds,0.06281106884637822,-1.34425992,-3.20483864,-2.81117967,17901154.62121779,6343708.19033127,285000000.0,1000000000.0,1000000000.0,2026-09-20,,
733,Taiko,TAIKO,taiko,0.08713054488710933,-0.84592855,5.89262065,0.01543125,17891964.72894042,4991137.48784766,205346641.09035632,1000000000.0,1000000000.0,2026-09-20,,
734,CZ's Dog,BROCCOLI,broccoli-714,0.01848585696149503,-0.74659117,-2.06987597,3.90464498,17867012.24796343,3113287.71425817,966523341.881276,966523341.881276,1000000000.0,2026-09-20,,
735,Fusionist,ACE,fusionist,0.16161767636712515,0.47762079,4.02624645,3.73129476,17867185.479214106,20254102.96238151,110552174.0,146307870.0,147000000.0,2026-09-20,,
736,MAX Exchange Token,MAX,max-exchange-token,0.2607408781834528,-0.13492919,0.39366019,0.10891588,17816725.75201004,61316.18745071,68331156.49581613,285000000.0,500000000.0,2026-09-20,,
737,Coinbase Tokenized bStocks,COINB,coinbase-tokenized-bstocks,192.41600570972,-0.95766589,-0.95798544,9.77819692,17780541.394507073,2503559.06675186,92406.76901552,92406.76901552,,2026-09-20,,
738,Divi,DIVI,divi,0.003716044066838253,0.15853882,-0.53391594,7.82647537,17743875.06509134,0.0,4774936665.427782,4774936665.427782,,2026-09-20,,
739,UPCX,UPC,upcx,0.12339637388165407,-0.03674604,-3.06917832,-9.09932634,17714389.627262652,6376612.7037222,143556808.6,780000000.0,780000000.0,2026-09-20,,
740,pippin,PIPPIN,pippin,0.01767016763144088,-1.71514598,-3.26267441,0.10257188,17670101.421322767,2141140.18465844,999996253.0,999996253.0,,2026-09-20,,
741,Animecoin,ANIME,anime,0.0031854194976533444,0.10669164,2.04263675,2.39202546,17642779.261015993,5730091.40698102,5538604656.0,10000000000.0,,2026-09-20,,
742,Tutorial,TUT,tutorial,0.021140030054944286,-1.21645417,-5.32773239,8.16381689,17569756.439122546,9094297.81273619,831113124.8847626,831113124.8847626,1000000000.0,2026-09-20,,
743,Sandisk Corporation tokenized stock(xstock),SNDKX,sandisk-corporation-xstock,1762.095268410587,-0.79637561,-0.95800263,8.50855558,17311594.83715783,503295.81321124,9824.43750205,67575.63461573,,2026-09-20,,
744,Tesla Tokenized Stock (Ondo),TSLAon,tesla-tokenized-stock-ondo,363.73301242566265,-0.25962425,-0.27820207,-0.98290383,17245024.071791667,2913402.63079286,47411.21504696,47411.21504696,,2026-09-20,,
745,iShares Core MSCI EAFE Tokenized ETF (Ondo),IEFAon,ishares-core-msci-eafe-tokenized-etf-ondo,100.68462740302189,-0.16562326,-0.15032463,-0.6438115,17100164.656514604,1240234.6902418,169838.88303093,169838.88303093,,2026-09-20,,
746,Constellation,DAG,constellation,0.0059420953533540185,-0.12990222,6.57428776,-11.39669206,17074303.89849072,673709.72722029,2873448318.0,3003804388.0,,2026-09-20,,
747,Citrea,CTR,citrea,0.011336136224450432,-0.84937226,-3.7993863,10.75765768,17004204.336675648,5336248.5867106,1500000000.0,10000000000.0,10000000000.0,2026-09-20,,
748,Spell Token,SPELL,spell-token,8.687792855639208e-05,-1.16159522,-0.76409324,2.07771747,16962246.462289643,1897115.82681894,195242298523.26096,196008739620.0,,2026-09-20,,
749,MetaMUI,MMUI,metamui,0.035487134267268045,0.00579009,0.56980563,27.22782963,16900623.170432262,1056302.96388441,476246491.0,800000000.0,800000000.0,2026-09-20,,
750,Portal,PORTAL,portal-gaming,0.019322835508375942,0.19651735,7.39414019,4.85863158,16884135.130717777,13753672.09122441,873791795.3811152,1000000000.0,1000000000.0,2026-09-20,,
751,Gradients,SN56,gradients,4.02315028992798,-2.94402712,-2.30330297,6.84144683,16798820.93845559,39381.88932364,4175539.0,4175539.0,21000000.0,2026-09-20,,
752,Goatseus Maximus,GOAT,goatseus-maximus,0.016778946065328763,-1.96141317,0.55353526,-2.33778498,16778593.13003943,2951556.81248696,999978965.586518,999978965.586518,1000000000.0,2026-09-20,,
753,Chromia,CHR,chromia,0.017010930390624034,-1.02158375,-0.51844953,2.78142058,16637232.815296326,2778392.80666128,978031914.3782,978031914.3782,978064789.0,2026-09-20,,
754,Marvell Technology Tokenized Stock (Ondo),MRVLon,marvell-technology-tokenized-stock-ondo,241.1755891488136,-0.84810204,-0.52910074,3.20873273,16570276.617632195,2194177.07995007,68706.27610412,68706.27610412,,2026-09-20,,
755,Goldgr,GOLDGR,goldgr,140.58791135396194,0.16202393,-0.11332304,0.61422159,16542059.194587762,1281.78368757,117663.45367305,10000000000.0,100000000.0,2026-09-20,,
756,Rujira,RUJI,rujira,0.20652274214982752,0.0035148,-0.94225281,-0.58764638,16511493.23487871,2255.36586794,79950000.0,100000000.0,100000000.0,2026-09-20,,
757,Mira,MIRA,mira-network,0.04879521477476139,-1.03174379,1.32663585,4.23027159,16440602.562883088,7558732.8547165,336930632.21,1000000000.0,1000000000.0,2026-09-20,,
758,Hemi,HEMI,hemi,0.006529736249519178,-1.14228255,-1.8192176,-2.14687694,16384368.920102367,15270482.78904695,2509193066.0,10000000000.0,,2026-09-20,,
759,Apertum,APTM,apertum,0.08329255038099788,-2.47356495,-3.02496248,-0.49507406,16348601.308229828,311955.95041333,196279273.87801,196575620.82761,2100000000.0,2026-09-20,,
760,Treasure,MAGIC,magic-token,0.048068184577965786,1.00902866,4.9145548,6.89279983,16227745.150599753,2928304.78042864,337598461.29155606,347687042.97175324,,2026-09-20,,
761,Simon's Cat,CAT,simonscat,2.072166680679197e-06,-1.94064993,-2.34490354,-1.84719645,16144098.830745198,1352099.30896325,7790926753755.939,8098237698505.2295,9000000000000.0,2026-09-20,,
762,Araracoin,ARARA,araracoin,0.0004435391964616008,0.09602766,0.22910904,0.1935548,16078295.871733028,14545.28327459,36250000000.0,100000000000.0,100000000000.0,2026-09-20,,
763,DIA,DIA,dia,0.13359810026331137,-0.77912902,3.1225975,3.32862018,15988500.141314479,2486184.03420323,119676104.0,168817248.0,200000000.0,2026-09-20,,
764,Banana Gun,BANANA,banana-gun,3.9837202789349067,-1.69889094,-1.70317394,-3.66467953,15979629.181407645,4464241.73623794,4011232.73285643,8402893.46593683,10000000.0,2026-09-20,,
765,Epic Chain,EPIC,epic-chain,0.47445026062794227,1.9151696,13.80131839,31.01843587,15941528.757098861,30682258.90761641,33600000.0,33600000.0,33600000.0,2026-09-20,,
766,Metaplex,MPLX,metaplex,0.033777746826874094,-0.99547729,-3.89603445,3.56630621,15912983.505877426,972654.88324028,471108496.0,999982241.0,1000000000.0,2026-09-20,,
767,YieldBasis,YB,yieldbasis,0.08684514871882013,-0.8183604,-1.29116302,-0.27786421,15910166.863838468,3518388.16650419,183201561.6134306,751787289.489044,1000000000.0,2026-09-20,,
768,Young,YNG,young,0.5858338368893944,-0.32829917,-0.79946459,-1.98184233,15817513.596013648,52712.06648736,27000000.0,100000000.0,100000000.0,2026-09-20,,
769,Coin98,C98,coin98,0.01579147020271854,-1.67415609,1.14057866,7.79249891,15791451.947778985,13107468.25557533,999998844.0,1000000000.0,,2026-09-20,,
770,Uchain,UCN,uchain,315.6434423053213,3.6357622,-4.91588179,168.92699266,15782172.115266064,267059.78255359,50000.0,100000.0,100000.0,2026-09-20,,
771,Hermez Network,HEZ,hermez-network,3.345945589218319,-0.39482964,-0.4206339,0.55659033,15725944.2693261,13454.82472427,4700000.0,100000000.0,100000000.0,2026-09-20,,
772,Solstice,SLX,solstice,0.0646281356609594,-0.75301848,-1.28308987,-4.03482007,15695215.669880886,5656958.21697429,242854223.0,1000000000.0,1000000000.0,2026-09-20,,
773,MetaMask USD,mUSD,metamask-usd,0.9998165631038722,-0.00115629,0.00285132,-0.00185301,15657572.408613665,5265336.50715672,15660445.112057,15660445.112057,,2026-09-20,,
774,Namecoin,NMC,namecoin,1.0615280760439039,0.26771435,6.65673115,-7.35980707,15643102.339813385,1195.0806784,14736400.0,14736400.0,,2026-09-20,,
775,Bitlayer,BTR,bitlayer,0.046856162570057945,-2.12822244,-5.07114116,-3.05071399,15616498.640701214,2675559.5609744,333285907.0,1000000000.0,1000000000.0,2026-09-20,,
776,Xai,XAI,xai-games,0.007385146392350541,-1.3937093,-2.74550149,-0.6671546,15579679.052924806,3691338.17292072,2109596509.6998048,2218429126.640427,2500000000.0,2026-09-20,,
777,ARPA,ARPA,arpa-chain,0.010196052438568073,-1.03792707,-4.20519225,2.83656538,15493784.642106665,11406795.78462082,1519586598.3877385,1999999999.9877386,,2026-09-20,,
778,Initia,INIT,initia,0.07420086354814097,-0.96337217,-2.8231706,5.357299,15420388.970242983,1853112.70122358,207819535.14918798,1000000000.0,1000000000.0,2026-09-20,,
779,MovieBloc,MBL,moviebloc,0.00078003918822636,-0.12254304,0.89845685,0.10103797,15347963.090041976,2506142.27535301,19675887214.0,30000000000.0,30000000000.0,2026-09-20,,
780,Bertram The Pomeranian,BERT,bertram-the-pomeranian,0.015740227721750627,-0.6749281,-8.94342973,1.47664251,15216854.729971668,1060112.22514877,966749338.0,979946262.03,979947881.0,2026-09-20,,
781,Newton Protocol,NEWT,newton-protocol,0.04502562453470604,-0.67465825,0.02921375,3.37986318,15195901.32452164,2384963.24111476,337494515.21341014,1000000000.0,1000000000.0,2026-09-20,,
782,QIE Blockchain,QIE,qi-blockchain,0.17993476529882385,0.05809017,0.05498436,2.84541471,15180932.947429642,41855.27445589,84369093.0,84369093.0,150000565.0,2026-09-20,,
783,Fartboy,FARTBOY,fartboy,0.015184560414357217,-1.17692988,0.36328407,15.53523785,15176063.999869287,1388808.41574987,999440457.0,999440457.0,999440457.0,2026-09-20,,
784,State Street SPDR S&P 500 ETF Tokenized bStocks,SPYB,state-street-spdr-sp-500-etf-tokenized-bstocks,760.5341841546033,-0.1271779,-0.19873653,-0.34665719,15090824.05595149,37564459.84455747,19842.4007366956,19842.4007366956,,2026-09-20,,
785,Tokamak Network,TOKAMAK,tokamak-network,0.3434702728437471,-2.20573854,-0.22285527,-7.843377,15058236.167246588,417773.1780382,43841454.0,105720223.79697862,,2026-09-20,,
786,Graphite Protocol,GP,graphite-protocol,0.42005285565539574,0.72404399,-13.18579459,29.80401506,15036585.539564336,390380.17686358,35796889.21791332,58648953.57371737,,2026-09-20,,
787,Based,BASED,basedone,0.06402480394736389,-1.90580355,-2.19758223,1.24677941,15045828.927630514,4374994.20323063,235000000.0,1000000000.0,1000000000.0,2026-09-20,,
788,HarryPotterObamaSonic10Inu (ERC-20),BITCOIN,harrypotterobamasonic10inu-eth,0.015013907260188138,-0.64010085,-4.25869983,-0.58382466,15010876.778077206,606740.36472809,999798155.0,999798155.0,999798155.0,2026-09-20,,
789,Orderly,ORDER,orderly-network,0.036619087344862945,-0.16106572,-1.92079437,5.30679075,14964695.119932787,3289011.93983597,408658331.0774971,994579868.3749709,1000000000.0,2026-09-20,,
790,Circle Tokenized Stock (Reality),rCRCL,circle-tokenized-stock-reality,90.17331142351965,-1.08860133,-2.33390098,-1.02422111,14892043.270393917,1090221.02550632,165149.12267611,165149.12267611,,2026-09-20,,
791,Katana,KAT,katana-network,0.00455972099783959,-1.85329516,-2.69547583,-0.64538279,14889737.903222954,7578512.84743079,3265493198.0,10000000000.0,10000000000.0,2026-09-20,,
792,Strategy Stretch Preferred Tokenized Stock (Ondo),STRCon,strategy-stretch-perferred-tokenized-stock-ondo,103.62568794658478,-0.14471112,-0.28088068,0.40595292,14887717.901869796,980984.41849785,143668.21776415,143668.21776415,,2026-09-20,,
793,Aurora,AURORA,aurora-near,0.020102080954305178,-0.89203335,-7.93599842,31.32562946,14821007.58403542,1032465.00113194,737287230.0,999739990.0,1000000000.0,2026-09-20,,
794,PepeCoin,PEPECOIN,pepecoin,0.1383835598728422,-0.95093974,-1.26986597,-1.63513231,14814959.097602066,134229.5508466,107057219.16111442,107630586.03315184,133769420.0,2026-09-20,,
795,JOE,JOE,joe,0.032282395261188174,-2.03620991,2.35738962,-0.84243251,14758918.957438957,8095862.19575053,457181657.0,464573155.0,500000000.0,2026-09-20,,
796,ROGin AI,ROG,rogin-ai,0.22001971784341193,0.18518599,-0.13894772,-6.74302437,14739093.090038028,6139.41671163,66989873.61,200000000.0,,2026-09-20,,
797,iShares Core US Aggregate Bond Tokenized ETF (Ondo),AGGon,ishares-core-us-aggregate-bond-tokenized-etf-ondo,103.24313270986706,3.6891547,4.64628418,3.08175702,14698836.96193955,13382.43729956,142371.08634863,142371.08634863,,2026-09-20,,
798,ICON,ICX,icon,0.013342397003974533,1.77292296,8.49011547,-4.21247699,14641130.350391248,2582937.04403852,1097338832.447411,1108792074.2180953,,2026-09-20,,
799,DogBull,DOGO,dogbull,0.014449539879324604,0.0,185.14746131,-10.36960647,14594035.27811785,0.0,1010000000.0,1010000000.0,1010000000.0,2026-09-20,,
800,Particle Network,PARTI,particle-network,0.024513138176723206,-1.41180175,0.09086932,2.6210248,14497988.890751204,10358751.4212828,591437488.9999996,1000000000.0,1000000000.0,2026-09-20,,
801,Manifesting (manifesting.meme),MANIFEST,manifesting,0.016059490393153745,-3.13574177,6.02679461,36.90522446,14453537.049894946,964943.94991535,899999732.0,899999732.0,999999813.51579,2026-09-20,,
802,Metadium,META,metadium,0.008285067656469513,-0.06568186,0.98792713,-4.19778738,14445916.211610207,143824.50028097,1743608720.0,2000000000.0,2000000000.0,2026-09-20,,
803,Bubblemaps,BMT,bubblemaps,0.01960514949241219,-1.47021287,1.60760706,9.45967814,14342383.549277017,4209093.58124255,731562060.0,1000000000.0,1000000000.0,2026-09-20,,
804,Test,TST,test-token-bsc,0.015285531635679661,-1.22936636,-5.35975105,-6.51476712,14324636.588035388,6257044.42991508,937136956.0086912,937136956.0086912,,2026-09-20,,
805,wojak (wojakcto.com),WOJAK,wojaknew,4.666460826970803e-08,-1.96656905,1.42816698,-5.62597482,14275330.991836121,889937.16583183,305913443210083.5,305913443210083.5,420690000000000.0,2026-09-20,,
806,RollX,ROLL,rollx,0.09138629467943925,0.19835899,-5.68004668,-18.85390866,14164875.675313083,465037.2523901,155000000.0,1000000000.0,1000000000.0,2026-09-20,,
807,Doodles,DOOD,doodles,0.0018126262952707333,-0.52480654,3.4939102,5.54677242,14138485.10311172,8537365.70430219,7800000000.0,10000000000.0,10000000000.0,2026-09-20,,
808,Bluwhale,BLUAI,bluwhale,0.011490395704932311,-2.04862847,1.66564109,-5.23015126,14110205.925656877,3185180.90433709,1228000000.0,10000000000.0,10000000000.0,2026-09-20,,
809,zkPass,ZKP,zkpass,0.04659361633846988,-0.23603242,0.76071976,2.42445477,14055740.897709336,7579680.09353422,301666666.0,1000000000.0,1000000000.0,2026-09-20,,
810,MyNeighborAlice,ALICE,myneighboralice,0.14075392204602666,-0.21106149,1.77431635,3.80877669,14019663.81270709,5477647.70580766,99604072.191485,99604072.191485,99604072.191485,2026-09-20,,
811,HeyElsa,ELSA,heyelsa,0.05473221789112984,-0.84380918,1.362885,8.71107407,13992108.36986628,4050297.35183876,255646654.0,1000000000.0,1000000000.0,2026-09-20,,
812,Peercoin,PPC,peercoin,0.4573231097542262,-0.05099331,15.96609228,52.74852214,13919847.416075835,19072.96937145,30437664.57277135,30437664.57277135,,2026-09-20,,
813,Zentry,ZENT,zentry,0.0017362039666511768,-0.9992765,0.80920771,-9.80010186,13906320.215347063,1997854.66849549,8009612051.612713,9706992814.355925,10000000000.0,2026-09-20,,
814,Radworks,RAD,radworks,0.23483802399879547,-1.3526311,-1.03795053,0.05761102,13873286.149619864,1693184.52189246,59075978.89552598,99998580.0,99999620.0,2026-09-20,,
815,Fulcrom Finance,FUL,fulcrom-finance,0.0008290297599216405,0.38589427,-11.15433808,-29.21378119,13850100.285180625,3311.24365277,16706396989.282663,20000000000.0,,2026-09-20,,
816,Lumia,LUMIA,lumia,0.07684689513653001,-1.71922142,0.52090274,2.02323535,13826820.787136408,1851293.24013675,179926863.1812774,238888888.0,238888888.0,2026-09-20,,
817,Braintrust,BTRST,braintrust,0.05727995084061421,-0.10353706,3.13419752,0.16300784,13824389.088451276,88571.48536369,241347782.0,250000000.0,250000000.0,2026-09-20,,
818,GRIFFAIN,GRIFFAIN,griffain,0.013815801072131173,-1.30398878,-3.21278326,-5.47674626,13814158.649699718,3757975.63679502,999881120.0,999881120.0,999881120.0,2026-09-20,,
819,DeBox,BOX,debox,0.027147311117052944,-1.75827546,-0.36263997,5.59698043,13796599.685698792,13666.470967,508212383.4,1000000000.0,1000000000.0,2026-09-20,,
820,Storj,STORJ,storj,0.03244604234138173,-1.01465952,-2.61688744,-19.22533142,13789567.930195186,3007271.7497028,424999998.00000113,424999998.00000113,,2026-09-20,,
821,MobileCoin,MOB,mobilecoin,0.06911255033285779,-0.88257759,-4.17513351,-3.03865858,13711911.118312744,99.27898143,198399727.0,250000000.0,,2026-09-20,,
822,Superform,UP,superform,0.05935099045421418,-1.12321189,3.02153007,-10.83848053,13706458.38450577,8531531.17715417,230939000.0,1000000000.0,1000000000.0,2026-09-20,,
823,Just a chill guy,CHILLGUY,just-a-chill-guy,0.013644716629935593,-2.71823564,4.86802699,8.32303924,13643871.21719156,6365842.7190277,999938041.018589,999938041.018589,1000000000.0,2026-09-20,,
824,Vow,VOW,vow,0.03826795083266619,-0.71038343,-1.19758122,-10.76545429,13634307.156495247,104867.66179658,356285269.0,1142857140.0,1142857142.0,2026-09-20,,
825,Lagrange,LA,lagrange,0.07059721777708354,-1.57612077,1.31705497,12.76611574,13625263.030977122,14396577.92303757,193000000.0,1000000000.0,,2026-09-20,,
826,Corn,CORN,use-corn,0.025943179407749806,-0.13026938,-0.07226742,2.12916613,13620169.189068649,2624449.4937956,525000000.0,2100000000.0,2100000000.0,2026-09-20,,
827,Intel Tokenized bStocks,INTCB,intel-tokenized-bstocks,109.21430423408619,-0.83900296,0.65096928,7.67572084,13587085.618076108,3182086.95985175,124407.56468085,124407.56468085,,2026-09-20,,
828,Apple tokenized stock (xStock),AAPLX,apple-tokenized-stock-xstock,335.12781867124136,-0.11805251,-0.18608373,0.33676983,13518052.19883904,2286164.33913916,40337.00410917,637630.53976415,,2026-09-20,,
829,BLUE CHIP (basebluechip.com),BLUECHIP,basebluechip,0.013264469652310554,-1.54879321,-14.78085107,-24.92625247,13264469.652310554,2738628.37508187,1000000000.0,1000000000.0,1000000000.0,2026-09-20,,
830,GYEN,GYEN,gyen,0.00637885797909858,-0.2129409,-3.83465628,-1.71766724,13387824.862961214,5.34179675,2098780833.0,2098780833.0,,2026-09-20,,
831,Puffer,PUFFER,puffer,0.02402773489148997,-0.43529659,-0.77332054,13.95404779,13266414.548032876,2966943.87493402,552129221.0,1000000000.0,1000000000.0,2026-09-20,,
832,Origin Protocol,OGN,origin-protocol,0.01934513911572255,-1.66981325,4.66224855,5.66467762,13251998.346371863,2869511.80360932,685029881.0,1409664846.0,1409664846.0,2026-09-20,,
833,DeAgentAI,AIA,deagentai,0.07004556270504857,0.35669547,2.28468861,-5.9446683,13235214.141462985,4801707.70018645,188951500.0,1000000000.0,1000000000.0,2026-09-20,,
834,Fluent,BLEND,fluent,0.06582876362378687,-0.58117943,-1.7624934,1.24181891,13165752.724757373,14079567.1610494,200000000.0,1000000000.0,1000000000.0,2026-09-20,,
835,OG Fan Token,OG,og-fan-token,2.7170679081332425,-1.36681045,-3.11357908,-3.32483162,13126535.453698833,2752404.43622998,4831140.0,5000000.0,5000000.0,2026-09-20,,
836,Edel,EDEL,edel,0.019332874140464803,-3.1843568,-11.84211367,57.72881417,13098736.546849856,1803730.95541502,677536948.292311,1000000000.0,1000000000.0,2026-09-20,,
837,Coinbase tokenized stock (xStock),COINX,coinbase-tokenized-stock-xstock,192.2751971274952,-0.88354947,-1.02686419,9.78759158,13076178.592924662,2658495.37810711,68007.62026656,782530.08709759,,2026-09-20,,
838,Maverick Protocol,MAV,maverick-protocol,0.011133493556905879,-1.12562785,0.70294313,2.23962899,13056443.65274367,1485469.79389612,1172717582.8511639,2000000000.0,2000000000.0,2026-09-20,,
839,Delysium,AGI,delysium,0.005530124267772517,-1.15188086,-2.12003214,11.60516398,13058966.664823167,1219550.92242907,2361423728.02107,3000000000.0,,2026-09-20,,
840,Heima,HEI,heima,0.16012654107126464,0.33973619,12.23841876,41.65236136,13046660.771032773,48356764.6354558,81477191.0,82263555.0,100000000.0,2026-09-20,,
841,TENDIES (TendiesRH),TENDIES,tendies-rh,0.012993146859188408,-4.26647621,-13.77656693,-6.92213943,12993146.859188408,1437433.35070346,1000000000.0,1000000000.0,1000000000.0,2026-09-20,,
842,Faith Tribe,FTRB,faith-tribe,0.003941708310984181,-0.65804603,5.02170148,8.20499631,12979957.400442453,112551.40455677,3292977657.4973316,5000000000.0,5000000000.0,2026-09-20,,
843,MicroStrategy Tokenized Stock (Reality),rMSTR,microstrategy-tokenized-stock-reality,154.79754242311458,-1.82822432,-0.37840806,18.93199786,12979409.664632272,1120993.63756859,83847.64681312,83847.64681312,,2026-09-20,,
844,XSGD,XSGD,xsgd,0.7838300099146112,-0.05904549,0.13193308,-0.75939165,12981301.350570945,240278.93166758,16561373.239569,83617320.371568,,2026-09-20,,
845,Intel tokenized stock (xStock),INTCX,intel-tokenized-stock-xstock,109.1277028019225,-0.76138992,0.53685689,7.54655249,12968910.266860137,491050.30850561,118841.59506592,1870761.39068585,,2026-09-20,,
846,Ycash (y.cash),YEC,ycash,0.7618231819162239,2.8327002,-10.41694534,28.12718203,12900520.926076412,0.0,16933746.875,16933746.875,21000000.0,2026-09-20,,
847,我踏马来了,我踏马来了,wotamalaile,0.01281708750045459,-2.61845384,-7.04742061,-10.98175628,12817087.50045459,2098859.18638038,1000000000.0,1000000000.0,1000000000.0,2026-09-20,,
848,DIAM,DIAM,diam,0.005470522455796538,-0.06432742,0.13676393,-1.18067867,12767580.672130173,785215.92881287,2333886895.6842885,5401462494.44995,10000000000.0,2026-09-20,,
849,Robinhood tokenized stock (xStock),HOODX,robinhood-tokenized-stock-xstock,117.70522501991249,-0.88051234,-1.99870201,5.73077554,12754224.105377479,2299195.07000563,108357.33165813,1915889.63119009,,2026-09-20,,
850,Osaka Protocol,OSAK,osaka-protocol,1.687573418442033e-08,-1.08654515,-0.00805601,-1.66953323,12671478.116250146,56197.45764915,750869738630302.0,761459789745212.0,1000000000000000.0,2026-09-20,,
851,Ponke,PONKE,ponke,0.022834970711868963,-0.37249147,-0.69219186,6.85017077,12685836.129857913,1634690.91320885,555544226.0,555544226.0,555555555.0,2026-09-20,,
852,iShares Core S&P Total US Stock Market Tokenized ETF (Ondo),ITOTon,ishares-core-sp-total-us-stock-market-tokenized-etf-ondo,168.1176376115312,0.0,0.00383198,7.97511181,12621943.022318674,0.0,75078.0417905,75078.0417905,,2026-09-20,,
853,AEON,AEON,aeon-xyz,0.053981304390457424,-2.03127647,-5.29883851,13.64649832,12610032.705610855,6818203.22509636,233600000.0,1000000000.0,1000000000.0,2026-09-20,,
854,SaucerSwap,SAUCE,saucerswap,0.01360460923360441,-1.45847116,1.6312889,3.55095994,12583955.97386805,76520.51237499,924977392.425556,925177354.162408,1000000000.0,2026-09-20,,
855,USD CoinVertible,USDCV,usd-coinvertible,0.9998112253479651,-0.02726323,-0.01735516,-0.03479564,12544072.549965948,14420711.61342481,12546441.0,12546441.0,,2026-09-20,,
856,Loopring,LRC,loopring,0.009066255361432641,-0.89612812,-0.73433349,-2.6387093,12406327.28677797,1454709.06660429,1368406998.500595,1373873397.4424574,,2026-09-20,,
857,Hippo Protocol,HP,hippo-protocol-ai,0.00845272440045782,-3.48622775,-2.73369571,-7.26340707,12304875.40178353,325465.34656527,1455728924.643168,1455729234.2134511,,2026-09-20,,
858,Freedom Dollar,FUSD,freedom-dollar,0.9997231665441982,0.00317207,0.00682987,0.00970697,12296594.948493637,245604.71711289,12300000.0,12300000.0,,2026-09-20,,
859,Hunt Town,HUNT,hunt,0.09729054930777604,0.57532759,-0.13217973,-8.44705474,12274922.69750661,255947.50244873,126167678.0,198912688.0,198912688.0,2026-09-20,,
860,Aura,AURA,aura,0.012759666040558762,0.12227143,5.26578823,-18.39177163,12291241.091870714,1664961.3950158,963288620.0,963288620.0,965383478.0,2026-09-20,,
861,AriaAI,ARIA,aria-ai,0.03304137174425531,-1.71382631,8.53265671,12.83768555,12223444.388679726,2468132.26429108,369943611.4,1000000000.0,1000000000.0,2026-09-20,,
862,RateX,RTX,ratex,0.6976233771365209,0.07131034,-0.35845478,-0.69171843,12206724.086979672,66881.22125795,17497584.63812328,99999984.63812327,100000000.0,2026-09-20,,
863,MEET48,IDOL,meet48,0.011651724425713187,-0.47955325,-0.75376602,17.88721104,12192364.43906628,2302692.74845623,1046400000.0,4800000000.0,4800000000.0,2026-09-20,,
864,Ellipsis,EPS,ellipsis,0.01677808425048391,-1.21747378,-0.70917282,3.49319766,12142325.943864487,10.79527094,723701571.7997887,723701571.7997887,1000000000.0,2026-09-20,,
865,KernelDAO,KERNEL,kerneldao,0.04218672008822243,-1.26722114,-1.08481867,4.95794272,12078396.298753189,5343261.59233985,286308020.0,1000000000.0,1000000000.0,2026-09-20,,
866,StablR Euro,EURR,stablr-euro,1.0157942387856103,0.00363564,-4.49400436,-0.19099117,12071233.449177116,73.99857319,11883541.95,11883541.95,,2026-09-20,,
867,Global Commercial Business,GCB,global-commercial-business,0.010023761437698174,0.0,-3.80823459,-1.20863154,12047005.022802714,0.0,1201844746.3738875,1201844746.3738875,2500000000.0,2026-09-20,,
868,Ninja Squad Token,NST,ninja-squad-token,1.389087098518197,-0.59665653,2.40958479,5.92317465,11961810.21251264,474310.31096422,8611274.43,8611274.43,10000000.0,2026-09-20,,
869,Space and Time,SXT,space-and-time,0.008521311061349823,-1.11207615,-0.18242962,-1.41299403,11929835.485889751,43509642.75993962,1400000000.0,5000000000.0,5000000000.0,2026-09-20,,
870,Recall,RECALL,recall-network,0.044475425127244415,-2.38103002,0.73624593,10.9538819,11916458.637596762,1043357.60070032,267933552.14714,1000000000.0,1000000000.0,2026-09-20,,
871,Mind Network,FHE,mind-network,0.02173607516617369,-0.47758534,4.82511456,5.93847646,11909012.32669684,3151998.21125914,547891569.0,1000000000.0,1000000000.0,2026-09-20,,
872,Realio Network,RIO,realio-network,0.052574130324005576,-1.11153443,1.60426156,9.98998551,11901626.979230424,296242.53720432,226378009.6005904,226378009.6005904,226516693.3199546,2026-09-20,,
873,Ridges AI,SN62,ridges-ai,2.7099134730180445,-2.93141018,-3.16084608,3.98258464,11849164.408608224,146737.61524314,4372525.0,4372525.0,21000000.0,2026-09-20,,
874,SoFi Technologies Tokenized Stock (Ondo),SOFIon,sofi-technologies-tokenized-stock-ondo,16.991849107860553,-0.00981982,-0.0448581,-1.88441804,11839835.827976529,510586.67108717,696795.01935427,696795.01935427,,2026-09-20,,
875,EVAA Protocol,EVAA,evaa-protocol,0.66305096204788,-11.39510407,18.26855739,30.27899192,11838335.921322925,6680159.7147522,17854337.9,50000000.0,50000000.0,2026-09-20,,
876,Chintai,CHEX,chex-token,0.009342964363329946,-0.09430703,0.37862518,-7.66615471,11668615.210623845,146364.91911404,1248920016.9083176,1248920016.9083176,,2026-09-20,,
877,ANDY (ETH),ANDY,boysclubandy,1.1654358450634886e-05,-2.23512881,9.80106397,22.99241519,11654358.450634886,92917.56855729,1000000000000.0,1000000000000.0,1000000000000.0,2026-09-20,,
878,Infinex,INX,infinex,0.00582979801393346,-0.41242419,-2.33142841,-1.70320341,11626366.179187499,587289.13696495,1994300000.0,10000000000.0,10000000000.0,2026-09-20,,
879,StonkBroker,STONKBROKER,stonkbroker,0.009882923155547644,-2.01130114,-9.51643163,-15.63969704,11600230.614297464,1173151.07847757,1173765133.2223334,2375097265.2223334,2441112676.069,2026-09-20,,
880,saffron.finance,SFI,saffron-finance,115.24490111555698,-0.82386407,-0.73571051,-5.63768052,11520661.313772013,38794.78684927,99966.7768574,100000.0,100000.0,2026-09-20,,
881,Autonomi,ANT,autonomi,0.03356451424273348,-0.17126518,-3.26303139,-9.65852589,11516317.461018002,233622.6888481,343109910.0,1200000000.0,1200000000.0,2026-09-20,,
882,Counterparty,XCP,counterparty,4.4302093264353,0.0,-0.57223184,-2.80434966,11459259.645790529,19.49292104,2586618.10344096,2586618.10344096,,2026-09-20,,
883,tokenbot,CLANKER,tokenbot-2,11.587204031197034,-1.37745427,0.11702806,-4.30611648,11428195.555502024,1037607.00419481,986277.23519264,1000000.0,1000000.0,2026-09-20,,
884,USDB,USDB,usdb,1.0029019530692822,0.57804136,0.36452614,0.53075103,11415456.044814136,29537.87028888,11382424.78228132,11382424.78228132,,2026-09-20,,
885,Wanchain,WAN,wanchain,0.05718754095138879,-1.23135576,-3.19277241,-0.48173336,11383864.194804972,124471.5474004,199061963.5924128,199061963.5924128,210000000.0,2026-09-20,,
886,Dolomite,DOLO,dolomite,0.02572149658553233,-1.23110301,0.0081279,2.58328706,11359177.916286571,2427220.69935541,441621967.0,998851995.6451048,1000000000.0,2026-09-20,,
887,OpenKaito,SN5,openkaito,3.25364776758834,-2.94551223,-2.37947877,6.97573494,11327080.148398133,31443.98792305,3481348.0,3481348.0,,2026-09-20,,
888,INFINIT,IN,infinit,0.032748118375291485,-1.62737898,-0.86519441,-1.0177738,11300350.078489933,3077229.8370568,345068683.0,1000000000.0,1000000000.0,2026-09-20,,
889,Buttcoin,BUTTCOIN,buttcoin,0.011250830601670004,-1.79669751,1.21425683,-4.15723925,11250252.759010302,725487.81692969,999948640.0,999948640.0,999948640.0,2026-09-20,,
890,iShares MSCI EAFE Tokenized ETF (Ondo),EFAon,ishares-msci-eafe-tokenized-etf-ondo,107.7630137591699,0.0,0.00499189,8.51943387,11265336.336768048,0.0,104538.05943052,104538.05943052,,2026-09-20,,
891,Decentrawood,DEOD,decentrawood,0.020865718112104716,-0.59350282,1.92603759,0.74482884,11125565.262388773,2999055.85051172,533198292.17545885,1890000000.0,1890000000.0,2026-09-20,,
892,EGL1,EGL1,egl1,0.011124155407451491,-0.64032155,-3.00576804,-12.26960425,11124155.407451492,741490.45631485,1000000000.0,1000000000.0,1000000000.0,2026-09-20,,
893,Hegic,HEGIC,hegic,0.015806008615611017,-10.1605359,6.19625083,-13.4748974,11123120.544430714,179.21060018,703727349.1958504,3012009888.0,3012009888.0,2026-09-20,,
894,Dymension,DYM,dymension,0.016871414875820855,-1.08135273,2.91075806,9.43257896,11004547.16043303,7330821.28082583,652259887.0,1072109923.0,,2026-09-20,,
895,FirmaChain,FCT,firmachain,0.008854607790708173,-0.37556876,2.28375091,3.42513989,10977277.512915825,456811.98817724,1239724872.335411,1251269719.539448,,2026-09-20,,
896,TG Casino,TGC,tg-casino,0.14360589638453083,-0.980826,-2.01585081,5.98402131,10949949.599296374,21944.53176298,76249999.99983217,76249999.99983217,100000000.0,2026-09-20,,
897,ORIGYN,OGY,origyn-foundation,0.0013965374289489224,-0.76214268,-0.23416498,1.89602094,10932989.999736942,114019.74386395,7828640875.0,10414447163.363216,10620490364.0,2026-09-20,,
898,Gold tokenized ETF (xStock),GLDX,gold-tokenized-stock-xstock,402.0490111901,0.01039744,0.08114773,0.84970181,10930758.930058237,11616965.3052791,27187.62794044,331828.08438861,,2026-09-20,,
899,Wibx,WBX,wibx,0.0009299883313885802,0.0,-0.13351816,-2.82001524,10928559.146176377,3135.33662077,11751286309.0,11751286309.0,12000000000.0,2026-09-20,,
900,iShares TIPS Bond Tokenized ETF (Ondo),TIPon,ishares-tips-bond-tokenized-etf-ondo,109.0441441838698,0.0,-0.00049192,7.03686153,10923879.504279504,0.0,100178.50647587,100178.50647587,,2026-09-20,,
901,Saga,SAGA,saga,0.02610656885063277,0.13461511,3.49654653,43.18579812,10873527.65885084,53428011.07008444,416505429.0,1104581084.0,,2026-09-20,,
902,Broadcom Tokenized bStocks,AVGOB,broadcom-tokenized-bstocks,355.4394979349427,-0.43927406,-0.34212528,-1.48756873,10846824.164208569,983539.94543543,30516.65396566,30516.65396566,,2026-09-20,,
903,TEXITcoin,TXC,texitcoin,0.17190712581669634,-0.04731485,-1.90988649,-5.01463538,10822436.141344978,11036.30970697,62955134.0,69218556.0,353396296.0,2026-09-20,,
904,Sleepless AI,AI,sleepless-ai,0.017728233803981457,-0.55540904,-1.6800398,0.73310511,10769902.006312585,5164611.09833767,607499998.33,1000000000.0,1000000000.0,2026-09-20,,
905,Hamster Kombat,HMSTR,hamster-kombat,0.00016662692639302985,-1.21152882,-0.2812474,2.37750015,10726608.386551296,3767380.08332008,64375000000.0,100000000000.0,100000000000.0,2026-09-20,,
906,RAMP,RAMP,ramp,0.02236860590765259,-2.20053018,-1.92050301,-9.8277281,10688586.46246927,154.94147971,477838740.0,1000000000.0,1000000000.0,2026-09-20,,
907,Bone ShibaSwap,BONE,bone-shibaswap,0.046405312663605536,-1.1019155,-2.54645259,-5.57944764,10669664.974318558,1710181.24700649,229923350.6228802,249999401.82484713,250000000.0,2026-09-20,,
908,Humidifi,WET,humidifi,0.06231457403219181,-2.07724069,1.50405854,-2.81838526,10640195.726052599,2542347.84885078,170749714.513909,999999700.513909,1000000000.0,2026-09-20,,
909,Solomon,SOLO,solomon,0.8247398701209273,0.40794208,-0.87715074,10.88851542,10639111.653753508,92204.65287523,12899960.386532,25799960.386532,25800000.0,2026-09-20,,
910,Google Tokenized Stock (Reality),rGOOGL,google-tokenized-stock-reality,351.68810119284774,-0.16989006,0.42858495,3.09751656,10607209.126471942,42550.97506983,30160.84163921,30160.84163921,,2026-09-20,,
911,Artificial Liquid Intelligence,ALI,alethea-artificial-liquid-intelligence-token,0.0011611219815374399,-0.91979479,-0.86765856,-2.67673367,10587216.104182715,120571.1351153,9118091184.669674,9870903732.81426,9870903732.81426,2026-09-20,,
912,Moonriver,MOVR,moonriver,0.8460947723006604,-0.76565831,2.80404494,9.54977459,10566227.810477821,2943096.98498279,12488232.0,12592434.0,,2026-09-20,,
913,BounceBit,BB,bouncebit,0.0084704183999709,-2.67391053,-1.51312283,3.64376904,10558202.544699373,11214426.46633907,1246479459.0,2100000000.0,2100000000.0,2026-09-20,,
914,SLERF (OLD),SLERF,slerf-old,0.021096983862909105,-1.34484726,-3.97125037,8.07880359,10548444.46324086,318609.45702087,499997750.0,499997750.0,499997750.0,2026-09-20,,
915,iShares Gold Trust Tokenized ETF (Ondo),IAUon,ishares-gold-trust-tokenized-etf-ondo,82.23380202653017,-0.14871142,-0.2881217,0.2062316,10508158.705715787,1160276.0622007,127783.93369585,127783.93369585,,2026-09-20,,
916,Wayfinder,PROMPT,wayfinder,0.0202356150657259,-1.11886757,-0.26771999,-6.28613329,10504340.683728412,4201765.7209999,519101626.0,1000000000.0,1000000000.0,2026-09-20,,
917,Venom,VENOM,venom,0.010562647357596908,0.19930148,27.16350962,31.00890669,10445605.514142163,96037.39917054,988919270.0,7367646470.547814,8000000000.0,2026-09-20,,
918,MAGIC•INTERNET•MONEY (Bitcoin),MIM,magic-internet-money-bitcoin,0.0004961653432807849,-1.17014665,-21.16604804,-13.52072918,10419472.208896482,95280.81961959,21000000000.0,21000000000.0,21000000000.0,2026-09-20,,
919,SuperRare,RARE,superrare,0.012616479396058871,-1.02893242,-0.45736046,2.66244311,10414573.771934077,5544226.08444806,825473846.1497726,1000000000.0,1000000000.0,2026-09-20,,
920,IAGON,IAG,iagon,0.021364227540777228,-3.36871238,-3.89243901,3.46409678,10399335.166353904,251875.56707551,486763920.975145,1000000000.0,1000000000.0,2026-09-20,,
921,Hana Network,HANA,hana-network,0.015783537083344717,-3.24649009,6.98503895,-5.59509446,10375210.351762097,4162913.75422588,657343806.8397447,1000000000.0,1000000000.0,2026-09-20,,
922,Orchid,OXT,orchid,0.01046488780488848,-0.10832549,-2.91972369,-7.82415131,10435739.266681798,2038179.38542356,997214634.4279902,1000000000.0,,2026-09-20,,
923,Intuition,TRUST,intuition,0.05758354989758264,-1.95516182,-0.37895663,-3.81315475,10344759.897964543,1616814.35212328,179647832.0,1057692307.6923077,,2026-09-20,,
924,Alien Worlds,TLM,alien-worlds,0.0014681947382212,-0.63323186,1.73309047,2.71724369,10319201.869180553,6274825.82508538,7028496697.7084,7090961672.7766,10000000000.0,2026-09-20,,
925,up,UP,up,0.47655474595063624,-0.54872674,-17.49496308,39.56542212,10282619.902421603,1223853.35219427,21576996.11596508,504371425.538,,2026-09-20,,
926,Nexa (nexaagent.xyz),NXA,nexaagent-xyz,1.0280651916191998,-0.99353446,-1.11243115,2.66712056,10280651.916191999,0.0,10000000.0,1000000000.0,1000000000.0,2026-09-20,,
927,BOB (Build on Bitcoin),BOB,bob-build-on-bitcoin,0.00462539931072321,0.00866206,1.72729573,4.2378832,10268386.469805526,727159.62538951,2220000000.0,10000000000.0,10000000000.0,2026-09-20,,
928,THENA,THE,thena,0.07684626883970906,0.13863074,6.11777016,14.00187521,10242324.957547234,5785965.27650802,133283308.50924383,284596517.7147613,326120291.0,2026-09-20,,
929,SpaceX Tokenized Stock (Ondo),SPCXon,spacex-tokenized-stock-ondo,152.86684038589337,0.06372959,0.14095164,1.78597915,10246270.410643619,1389044.98932519,67027.42324482,67027.42324482,,2026-09-20,,
930,Bullbit PERP DEX,BUBI,bullbit-perp-dex,0.046409812273511736,-1.00291454,-6.46518924,-4.01467002,10202881.090078501,9965809.84792266,219843188.11609942,4000000000.0,4000000000.0,2026-09-20,,
931,PDD Holdings Tokenized Stock (Ondo),PDDon,pdd-holdings-tokenized-stock-ondo,79.1980013516024,0.05653786,-0.13412376,1.50371902,10188023.18137235,898246.14110794,128639.90261752,128639.90261752,,2026-09-20,,
932,Gains Network,GNS,gains-network,0.43684910319526404,-0.07378571,0.51115695,-1.94100474,10185187.795955246,594421.69727435,23315116.64201046,23315116.64201046,,2026-09-20,,
933,MyShell,SHELL,myshell,0.022954263172661537,-1.15612633,4.374314,5.54455567,10135582.427557716,3913865.79220279,441555555.55489,1000000000.0,1000000000.0,2026-09-20,,
934,Haedal Protocol,HAEDAL,haedal-protocol,0.01968534570394678,-1.31055351,-0.45086749,-1.66280587,10088739.673272725,1020517.73720671,512500000.0,1000000000.0,1000000000.0,2026-09-20,,
935,ULTILAND,ARTX,ultiland,0.13040011107145885,-0.48709447,0.32400701,5.72316294,10081766.05056982,945498.34290874,77314090.975314,115598074.215314,280000000.0,2026-09-20,,
936,SpaceX Tokenized Stock (Reality),rSPCX,spacex-tokenized-stock-reality,152.34521957167567,-0.01491296,-0.05256126,1.44096064,10079127.29296396,63240.05085965,66159.78710262,66159.78710262,,2026-09-20,,
937,Gods Unchained,GODS,gods-unchained,0.022656228503736994,-0.52359603,-0.48504592,11.88881515,10074154.771047413,123485.49476055,444652770.402,500000000.0,500000000.0,2026-09-20,,
938,Ambire Wallet,WALLET,ambire-wallet,0.013881257001730648,-2.37441847,2.52535733,13.90433187,10056035.165717714,25464.15296985,724432604.6599365,724432604.6599365,1000000000.0,2026-09-20,,
939,Atletico De Madrid Fan Token,ATM,atletico-de-madrid-fan-token,1.1176737504661178,-0.44720909,-0.15883564,-3.99312694,10049548.997557342,3108903.0542395,8991487.0,10000000.0,10000000.0,2026-09-20,,
940,GUNZ,GUN,gunz,0.0029025102582137348,3.00619942,4.61064806,4.6353041,9976724.931923024,4709541.36886432,3437274650.0,10000000000.0,10000000000.0,2026-09-20,,
941,AVA,AVA,ava-sol,0.009974397290798067,0.25125286,4.42880805,12.62248207,9966331.756719794,992523.28480443,999191376.296419,999191376.296419,999995926.72,2026-09-20,,
942,iShares Core MSCI Emerging Markets Tokenized ETF (Ondo),IEMGon,ishares-core-msci-emerging-markets-tokenized-etf-ondo,82.42726278034058,0.02759562,0.12807431,-1.54102415,9947754.29468895,540658.98349878,120685.24368204,120685.24368204,,2026-09-20,,
943,sUSD,SUSD,susd,0.22741744014497156,0.00494335,14.89899116,9.41586943,9915426.380182879,180.34187009,43600114.28262539,43600114.28262539,142399574.0,2026-09-20,,
944,Eesee,ESE,eesee,0.007150239092674487,-0.81132708,-5.79333657,-11.14833213,9905757.282257313,304850.6964741,1385374272.6457765,1388412062.6523924,1388412062.6523924,2026-09-20,,
945,Meta tokenized stock (xStock),METAX,meta-tokenized-stock-xstock,670.8379078005811,-0.14977824,0.05365343,3.26497587,9903303.955784649,3678435.4761761,14762.58845934,216095.2274481,,2026-09-20,,
946,Drift,DRIFT,drift,0.0161590438620242,-0.72502884,4.24254512,35.36597117,9881511.02371698,5865885.37136841,611515824.085346,1000000000.0,,2026-09-20,,
947,SPECTRE AI,SPECTRE,spectre-ai,0.9883979110029842,-2.26880405,31.77122865,121.16679709,9877229.340695603,139373.1505844,9993171.0,10000000.0,10000000.0,2026-09-20,,
948,Bitcoin Diamond,BCD,bitcoin-diamond,0.052868058895632675,0.0,0.0,0.0,9859517.51259642,0.0,186492897.953,189492897.953,210000000.0,2026-09-20,,
949,Wirex Token,WXT,wirex-token,0.000985652892301151,0.45316624,-2.76049489,5.6694316,9856528.92301151,285384.58119243,10000000000.0,10000000000.0,10000000000.0,2026-09-20,,
950,Act I : The AI Prophecy,ACT,act-i-the-ai-prophecy,0.010373390282965458,-1.22187298,0.35793309,5.29523779,9836444.607083669,12110618.87152136,948238168.888379,948238168.888379,,2026-09-20,,
951,ColossusXT,COLX,colossusxt,0.0007720673080000002,0.0,0.0,0.0,9830236.551021257,0.0,12732356945.0,17115596001.554834,,2026-09-20,,
952,Verona,VERONA,verona,0.10585660348394987,-0.0176194,1.27108377,-0.22855432,9810362.138501192,366275.76807833,92675958.0,200000000.0,200000000.0,2026-09-20,,
953,Bella Protocol,BEL,bella-protocol,0.12158476655439857,-0.91831039,-2.39972195,-0.56811541,9726781.324351886,2433365.32042992,80000000.0,100000000.0,,2026-09-20,,
954,TAC Protocol,TAC,tac-protocol,0.0016171591612232311,0.93594052,-0.31568987,-12.86553783,9709323.01830161,2268251.96451643,6003937801.0,10120700594.0,,2026-09-20,,
955,Decentralized Social,DESO,deso,1.092815724974839,-0.92059961,6.85585477,-12.97078017,9709160.649905056,1812.95881564,8884536.0,10808492.0,10808492.0,2026-09-20,,
956,IBS,IBS,ibs,9.678000820298148,0.38351337,-5.9924109,-22.24367198,9680744.263680458,1133937.61845944,1000283.47211715,2522260.5024607,871020.0,2026-09-20,,
957,Forta,FORT,forta,0.014896655839007738,-0.06789851,-0.57815241,1.5223279,9657864.818274988,194953.006767,648324357.0,1000000000.0,1000000000.0,2026-09-20,,
958,BENQI,QI,benqi,0.001334492203125902,-1.73058693,0.12211669,-1.9235049,9608343.862506494,1004564.49255782,7200000000.0,7200000000.0,7200000000.0,2026-09-20,,
959,GeorgePlaysClashRoyale,CLASH,georgeplaysclashroyale,0.009582770257828098,-3.96250401,-10.78651214,3.79529804,9579775.19534432,616439.51433454,999687453.376926,999687453.376926,999999967.828928,2026-09-20,,
960,APX,APX,apollox,0.2167318207565266,-0.05681097,-0.31965498,-0.22161339,9572224.633426616,1132.92592959,44166217.03270751,3975255603.3659782,,2026-09-20,,
961,Moss Coin,MOC,moss-coin,0.0212163457982997,0.76139776,6.77932738,9.12059395,9557744.999176143,1177063.64546379,450489688.0,500000000.0,500000000.0,2026-09-20,,
962,Wecan Group,WECAN,wecan-group,0.0015893930808871682,-0.36102422,0.77602191,-0.29239503,9536358.48532301,6648.99486218,6000000000.0,6000000000.0,6000000000.0,2026-09-20,,
963,Coinbase Tokenized Stock (Ondo),COINon,coinbase-tokenized-stock-ondo,192.8957110298919,-1.02241012,-0.98548645,9.75193096,9457909.92501148,2012672.66898654,49031.20901193,49031.20901193,,2026-09-20,,
964,Coq Inu,COQ,coq-inu,1.3575175890041533e-07,-6.45553731,41.15830309,48.84461139,9423887.102866832,2284215.57671944,69420000000000.0,69420000000000.0,69420000000000.0,2026-09-20,,
965,KAIO,KAIO,kaio,0.013815324823598952,0.1465114,1.71743611,-0.78573082,9411690.036076786,644757.2135698,681250000.0,10000000000.0,10000000000.0,2026-09-20,,
966,Save,SAVE,save,0.20580006889098132,-0.18572374,-4.37336575,34.94416556,9397416.235158063,599.86746194,45662843.0,50000001.0,,2026-09-20,,
967,iShares Russell 1000 Growth Tokenized ETF (Ondo),IWFon,ishares-russell-1000-growth-tokenized-etf-ondo,495.2026714194168,0.0,0.00499189,0.69908971,9395978.89762617,0.0,18974.0068863,18974.0068863,,2026-09-20,,
968,Mango Network,MGO,mango-network,0.00585793263191566,0.24340381,1.94257372,6.33768681,9390049.622787314,735960.51391619,1602963061.0,10000000000.0,10000000000.0,2026-09-20,,
969,Toko Token,TKO,tokocrypto,0.05193979929433987,0.83138664,-0.73540876,-2.038984,9376464.26971641,676889.32042408,180525616.13841677,493162058.66,500000000.0,2026-09-20,,
970,Boba Network,BOBA,boba-network,0.01885925566950746,-0.44042732,0.17829354,2.83927362,9308568.424404105,1723027.21228176,493580902.0,500000000.0,500000000.0,2026-09-20,,
971,Squid,QUID,squidrouter,0.06503752860165625,-1.06865217,-6.1232955,5.15197527,9310590.294420438,9715856.42094805,143157197.0,1000000000.0,1000000000.0,2026-09-20,,
972,Tradoor,TRADOOR,tradoor,0.6469877201419311,-0.61332051,1.28030789,2.81670547,9283626.79631657,2292266.20252606,14349000.0,60000000.0,60000000.0,2026-09-20,,
973,Augur,REP,augur,0.8438233950560701,0.0,-20.48829005,31.19236263,9282057.34561677,0.0,11000000.0,11000000.0,,2026-09-20,,
974,Caldera,ERA,caldera,0.06212403541747,-1.04981067,0.59601531,5.03509169,9225419.259494295,6053505.15081472,148500000.0,1000000000.0,1000000000.0,2026-09-20,,
975,iShares 0-3 Month Treasury Bond Tokenized ETF (Ondo),SGOVon,ishares-0-3-month-treasury-bond-tokenized-etf-ondo,101.8921008475122,0.50016844,-0.0458135,-0.85473305,9188221.079109179,102245.9673666,90175.99011782,90175.99011782,,2026-09-20,,
976,RHEA Finance,RHEA,rhea-finance,0.022825313985721452,-0.97429152,-10.88820052,57.83278572,9186907.059000773,975629.42759626,402487653.1708485,999574423.0258427,1000000000.0,2026-09-20,,
977,Kishu Inu,KISHU,kishu-inu,9.842346471667867e-11,-1.34091327,-3.59061654,-7.11219926,9166777.368851084,73387.27702225,9.313609712113394e+16,9.670293841273085e+16,1e+18,2026-09-20,,
978,4Stock,4Stock,4stock,0.009144896497230147,-11.67125252,4.49805916,-68.297817,9144896.497230146,9830461.88074221,1000000000.0,1000000000.0,1000000000.0,2026-09-20,,
979,Energy Web Token,EWT,energy-web-token,0.3039581071953217,0.00295419,4.02278482,8.65226355,9137630.564724553,270859.3378802,30062138.0,81681573.47785746,100000000.0,2026-09-20,,
980,Collect on Fanable,COLLECT,collect-on-fanable,0.016991934721412753,1.01628944,0.40236344,-5.82368683,9124668.94539865,2520925.66625548,537000000.0,3000000000.0,3000000000.0,2026-09-20,,
981,Autonolas,OLAS,autonolas,0.030436423525960928,-0.15858574,4.55402937,10.94451449,9108992.737738118,87777.77253622,299279339.76764876,473690026.153825,,2026-09-20,,
982,Pepecoin,PEP,pepecoin-org,8.814259186318507e-05,0.54457794,-3.90824152,-21.17691282,9071772.175576394,53840.87896619,102921550000.0,102921550000.0,,2026-09-20,,
983,Klickl Token,KLK,klickl-token,0.09048719419360854,-0.09354245,-0.44096198,-4.10929137,9048719.419360854,0.0,100000000.0,100000000.0,1000000000.0,2026-09-20,,
984,AMD Tokenized Stock (Ondo),AMDon,amd-tokenized-stock-ondo,553.2376119405865,-0.42527602,-0.1040556,7.54920497,9046299.656565085,1967193.02460668,16351.56298364,16351.56298364,,2026-09-20,,
985,Micron Tokenized Stock (Reality),rMU,micron-tokenized-stock-reality,1001.3559737684309,-0.9477561,-0.63219466,3.57319006,9040890.84061488,170883.79295683,9028.64823045,9028.64823045,,2026-09-20,,
986,StakeStone,STO,stakestone,0.04006994375212353,-1.10007336,-1.23653734,-0.35523548,9029093.978788521,3018280.97733448,225333333.0,1000000000.0,1000000000.0,2026-09-20,,
987,iShares MSCI South Korea ETF Tokenized bStocks,EWYB,ishares-msci-south-korea-etf-tokenized-bstocks,180.10996865647388,-0.61164151,-0.05673315,-4.47357149,9029000.481538927,2053229.62377633,50130.48721784,50130.48721784,,2026-09-20,,
988,Yei Finance,CLO,clovis,0.06974965013149438,-0.13819534,-0.66561384,-21.8624199,9004679.831975924,1464587.08648868,129100000.0,999986862.9799656,1000000000.0,2026-09-20,,
989,Apple Tokenized Stock (Ondo),AAPLon,apple-tokenized-stock-ondo,336.2435346071642,-0.06752106,0.04229283,0.48887452,9001740.105111089,2035962.50749957,26771.48905072,26771.48905072,26771.48905072,2026-09-20,,
990,xU3O8,XU3O8,xu3o8,5.605763318126022,-0.05436298,0.00507022,-0.64518748,8969221.309001636,1129471.33385039,1600000.0,1600000.0,,2026-09-20,,
991,NUMINE,NUMI,numine,0.02337423034247807,0.15557513,1.63450863,14.23348639,8961577.22446864,400346.11341887,383395606.75,1000000000.0,1000000000.0,2026-09-20,,
992,MUX Protocol,MCB,mcdex,2.338863244031298,-0.55736715,-1.01997421,-1.84508495,8938019.680920217,648.27205293,3821523.0,4803143.0,4803143.0,2026-09-20,,
993,Everlyn AI,LYN,everlyn,0.034942888857645224,-1.42389462,-0.90147195,-3.99159216,8932750.13923736,507784.51083995,255638570.0,1000000000.0,1000000000.0,2026-09-20,,
994,X Empire,X,x-empire,1.2887839354652116e-05,-0.00292902,4.39710383,4.74893648,8892609.15470996,42383.25046125,690000000000.0,690000000000.0,690000000000.0,2026-09-20,,
995,Tria,TRIA,tria,0.0041146562869707965,-1.44941401,3.92846353,16.71061293,8878070.430708278,2453485.85724088,2157670000.0,10000000000.0,10000000000.0,2026-09-20,,
996,MARBLEX,MBX,marblex,0.02759153313153936,-0.38428548,6.31072875,12.11414003,8832521.437089497,1793380.25408532,320117095.1603704,321270941.0,,2026-09-20,,
997,Avail,AVAIL,avail,0.002196387145387979,0.12705837,3.58669769,3.44549576,8804675.421461454,590457.10940254,4008708319.0,11131988942.0,,2026-09-20,,
998,OLAXBT,AIO,olaxbt,0.03822100837370869,1.67127295,1.55810452,-4.97923031,8800387.178046426,814326.75857425,230250000.0,1000000000.0,1000000000.0,2026-09-20,,
999,IXS,IXS,ix-swap,0.0488487256255745,-0.88655817,-4.02048328,-3.60947733,8792770.61260341,97913.21913634,180000000.0,180000000.0,180000000.0,2026-09-20,,
1000,Yooldo,ESPORTS,yooldo,0.009765813216321837,-2.25940072,-1.06730414,-6.44661132,8789132.769732337,1372554.11015831,899989849.7999991,899999019.7999991,900000000.0,2026-09-20,,
1001,Bitcoin Gold,BTG,bitcoin-gold,0.5012086966992836,-1.22174425,-1.52069827,2.97176659,8778130.816133529,0.0,17513923.589,17513923.589,21000000.0,2026-09-20,,
1002,heyAura,ADX,adx-net,0.05924541695394557,-1.39912727,-1.35742976,-2.03474785,8762397.167488549,2279732.73499742,147900000.0,150000000.0,150000000.0,2026-09-20,,
1003,WazirX,WRX,wazirx,0.02293918168225994,-1.0528071,0.54969858,-2.96812882,8759484.171271969,15191.25270953,381856872.3419691,962646668.99,,2026-09-20,,
1004,LUCA,LUCA,luca,0.3520555668662157,0.15212211,-3.11484188,-0.15186425,8723667.818372564,111513.5345797,24779235.5508687,25686174.41547473,,2026-09-20,,
1005,ELYSIA,EL,elysia,0.001708079818464648,0.17406106,2.64157128,14.37897845,8715240.500833701,232132.76944472,5102361380.668745,6803300704.688,7000000000.0,2026-09-20,,
1006,Cookie DAO,COOKIE,cookie,0.010823704916682362,-1.04987363,1.48179845,-0.33304446,8690414.93555495,2023519.78903201,802905752.0,999892385.0,1000000000.0,2026-09-20,,
1007,KONET,KONET,konet,0.01835453118958864,0.5148989,0.02170713,-1.95229755,8669483.933054434,1555774.62320065,472334806.2396757,999997956.2,1000000000.0,2026-09-20,,
1008,MWX Token,MWXT,mwx-token,0.051363342006077395,-0.03995802,-1.59733221,-2.80846087,8621177.117773185,108280.22382231,167846888.0929343,1000000000.0,1000000000.0,2026-09-20,,
1009,USDM,USDM,usdm,0.994510568286626,-0.56795396,-0.31260259,-0.32721217,8579718.494094448,132457.50136636,8627076.24,8627076.24,,2026-09-20,,
1010,Sophon,SOPH,sophon,0.004286228416340572,-2.82856427,2.51222743,-3.11364249,8572456.832681144,20795033.58189185,2000000000.0,10000000000.0,10000000000.0,2026-09-20,,
1011,ISLM,ISLM,islamic-coin,0.0038983159081061114,1.53445398,-0.65485856,-5.24505422,8523507.457964623,2604.21378581,2186458886.06435,18162982098.425728,100000000000.0,2026-09-20,,
1012,Echelon Prime,PRIME,echelon-prime,0.2374863783025823,-0.19348988,1.65205814,6.18760911,8495799.93706243,284999.10711384,35773841.0,111111111.1,111111112.0,2026-09-20,,
1013,Dexsport,DESU,dexsport,0.014006604392546773,-0.44707727,-0.59994258,-1.65232945,8403962.635528063,17721.42819548,600000000.0,600000000.0,600000000.0,2026-09-20,,
1014,ShareX,SHARE,sharex-network,0.4656500087625026,0.01317051,-0.06377027,-4.43389287,8381700.157725046,897725.96913094,18000000.0,100000000.0,100000000.0,2026-09-20,,
1015,Access Protocol,ACS,access-protocol,0.00015549700231435435,-0.99307573,-1.14359263,4.70679667,8371083.31084443,204474.18547302,53834370992.7048,90511384691.76205,,2026-09-20,,
1016,Groestlcoin,GRS,groestlcoin,0.091541930400715,0.0,0.0,0.0,8324389.14003828,0.0,90935258.88736624,90935258.88736624,105000000.0,2026-09-20,,
1017,Opinion,OPN,opinion,0.04592245865816477,-1.08727202,-3.6297199,-4.42918962,8324109.37961402,4388845.28257804,181264453.66474378,1000000000.0,1000000000.0,2026-09-20,,
1018,Stader,SD,stader,0.11649461358051451,-0.73852925,-0.21319855,3.53064064,8312464.125536101,551424.2395515,71354922.5157178,120000000.0,120000000.0,2026-09-20,,
1019,Creta World,CRETA,creta-world,0.0027179512197640825,0.11716664,-1.48429063,-7.33831927,8302754.974460615,80344.14479787,3054784395.7189536,10000000000.0,10000000000.0,2026-09-20,,
1020,Utrust,UTK,utrust,0.01178880376632181,0.0,0.0,0.0,8300140.214863685,0.0,704069758.0,427693292.0,1000000000.0,2026-09-20,,
1021,KGST,KGST,kgst,0.01139668235463734,0.00340337,0.0423783,-0.01215125,8289737.250948158,136142.92370931,727381618.0,727381618.0,,2026-09-20,,
1022,SuperWalk,GRND,superwalk,0.010464825387437487,-0.99531986,3.07249407,0.91929752,8283770.247801503,75066.21726762,791582271.1906656,1000000000.0,,2026-09-20,,
1023,AIW3.ai,AIW3,aiw3-ai,0.03997092514282409,-0.03613091,-0.70107037,-2.17407336,8252330.58677889,1315937.36891575,206458333.33333334,1000000000.0,1000000000.0,2026-09-20,,
1024,Santos FC Fan Token,SANTOS,santos-fc-fan-token,0.5120195435355294,-0.79878978,1.17233608,0.45556914,8240879.947629776,2528768.89903376,16094854.291549,30000000.0,30000000.0,2026-09-20,,
1025,Verified Emeralds,VEREM,verified-emeralds,3.2734120215147366,-0.30643019,-4.04766798,-6.62420756,8183530.053786841,191281.49505721,2500000.0,50000000.0,50000000.0,2026-09-20,,
1026,Resolv,RESOLV,resolv,0.01753289559618414,-0.35458475,0.4358079,0.02218014,8181425.734741424,2496249.81759958,466632889.57940465,1000000000.0,1000000000.0,2026-09-20,,
1027,Koma Inu,KOMA,koma-inu,0.021066533661678374,1.72199241,1.44857062,22.78430773,8169082.206265882,1617866.38879623,387775337.76836115,605954338.425861,1000000000.0,2026-09-20,,
1028,NAVI Protocol,NAVX,navi-protocol,0.00991052573778523,0.76111404,2.90886759,8.28889561,8088648.967919724,304072.3101961,816167495.24,1000000000.0,1000000000.0,2026-09-20,,
1029,Cycle Network,CYC,cycle-network,0.05246983665963624,1.74602973,16.04960516,48.43568339,8064613.89458609,906788.83385443,153700000.0,499895888.668899,1000000000.0,2026-09-20,,
1030,Balancer,BAL,balancer,0.11547244346807786,-0.23528616,0.73890099,5.97172049,8058696.806986943,333850.83819395,69788917.29449508,72368512.92020285,96150704.0,2026-09-20,,
1031,BitMine Immersion Technologies Tokenized bStocks,BMNRB,bitmine-immersion-technologies-tokenized-bstocks,25.58116354993963,-1.08381519,-1.01521755,2.41919214,8046756.1030079955,1667263.89112245,314557.86158042,314557.86158042,,2026-09-20,,
1032,AhaToken,AHT,ahatoken,0.0011038642463421,-1.87757125,-0.37479626,-2.44996604,8035769.181463087,159626.34723793,7279671579.264749,7673122637.674749,10500000000.0,2026-09-20,,
1033,MAP Protocol,MAPO,map-protocol,0.0012857845609112247,0.06943824,1.96972291,7.80191076,8035387.828709716,712115.33434654,6249404506.004571,9697223991.055454,10000000000.0,2026-09-20,,
1034,Amazon tokenized stock (xStock),AMZNX,amazon-tokenized-stock-xstock,253.46499020387853,-0.36815688,-0.27709238,-1.22689691,7968393.005476229,2150573.22133469,31437.84472588,500511.63545812,,2026-09-20,,
1035,Quantoz USDQ,USDQ,quantoz-usdq,0.9979056592271516,-0.24303818,0.19480641,0.25493852,7963336.058009972,590256.17104586,7980049.0,11000000.0,,2026-09-20,,
1036,Alephium,ALPH,alephium,0.05777886881073056,-0.10867066,1.50125136,27.35999885,7921540.958658675,121277.64358719,137101004.60096762,224394392.95976698,,2026-09-20,,
1037,Paris Saint-Germain Fan Token,PSG,paris-saint-germain-fan-token,0.46059981200169114,-0.21047193,-1.17568497,-3.26781427,7916980.488572963,2208029.62917246,17188414.5027482,19890000.0,19890000.0,2026-09-20,,
1038,Microsoft Tokenized Stock (Ondo),MSFTon,microsoft-tokenized-stock-ondo,497.23497932210967,-0.08873401,-0.02790106,-0.12558808,7904759.369670378,2147040.04697656,15897.43219684,15897.43219684,,2026-09-20,,
1039,Build On BNB,BOB,build-on-bnb,1.8715672531301176e-08,-1.00785474,0.43378508,-6.45070165,7873496.277193092,137666.2748096,420690000000000.0,420690000000000.0,420690000000000.0,2026-09-20,,
1040,Pikaboss,PIKA,pikachu,1.868114004209455e-08,-1.13799798,-1.0758275,1.90562709,7858968.804308756,1316.33401576,420690000000000.0,420690000000000.0,420690000000000.0,2026-09-20,,
1041,Heroes of Mavia,MAVIA,heroes-of-mavia,0.03141905215186172,-1.13824886,0.95313221,7.09694782,7854763.03796543,775254.44982116,250000000.0,250000000.0,256989887.032251,2026-09-20,,
1042,WeBuy,WE,webuy,0.02169213559435821,-0.72659004,-0.95947595,4.11555792,7853230.747473639,18772.92994185,362031240.0,2500000000.0,,2026-09-20,,
1043,TokenFi,TOKEN,tokenfi,0.0019845754223180847,-1.21802787,-4.61991535,-8.32327738,7843487.2807130115,1194424.41057586,3952224336.0,10000000000.0,10000000000.0,2026-09-20,,
1044,WhiteCoin,XWC,whitecoin,0.010251283434107993,-4.1984895,-7.920486,27.40935246,7835308.350254344,886099.92766226,764324623.4110321,971792390.0,1000000000.0,2026-09-20,,
1045,Landwolf 0x67,WOLF,landwolf-coin,8.590095480392819e-06,-0.68824515,9.49491297,24.87036403,7749636.287782437,192093.10073987,902159505150.0,902159505150.0,1000000000000.0,2026-09-20,,
1046,Assemble AI,ASM,assemble-protocol,0.005133396978374955,-0.07364915,-1.35817429,-0.04894321,7700095.467562432,139512.19536318,1500000000.0,3000000000.0,3000000000.0,2026-09-20,,
1047,Robinhood Markets Tokenized Stock (Ondo),HOODon,robinhood-markets-tokenized-stock-ondo,118.13062542922302,-0.97845291,-1.52904156,5.93946456,7684649.194853142,1760337.13983502,65052.13332217,65052.13332217,,2026-09-20,,
1048,USDH,USDH,hyperliquid-usd,0.9987687123816602,0.00385062,0.00972052,0.10704159,7682717.812061828,12399.46469411,7692189.10927,8198411.87,,2026-09-20,,
1049,Nakamoto Games,NAKA,nakamoto-games,0.07824154661219296,-0.05432724,5.13524303,16.52950207,7667280.360261849,683741.09086161,97995000.0,180000000.0,180000000.0,2026-09-20,,
1050,FC Barcelona Fan Token,BAR,fc-barcelona-fan-token,0.2735404590600494,-0.6285772,0.1710846,1.9361234,7658771.780275424,2459331.17416081,27998680.0,39960000.0,39960000.0,2026-09-20,,
1051,SK hynix tokenized stock (xStock),SKHYx,sk-hynix-tokenized-stock-xstock,185.69710132156575,-0.68825495,-0.31851543,-0.86889263,7652713.514342605,536305.1945843,41210.73220788,348168.30135996,,2026-09-20,,
1052,Swarms,SWARMS,swarms,0.007660588926229894,0.87007738,-1.6143677,1.95087309,7660472.715095883,3296829.63014663,999984830.0,999984830.0,,2026-09-20,,
1053,Towns,TOWNS,towns,0.0020416243081171495,-0.50456652,-0.35181514,5.55593704,7640601.447769968,1779099.93585749,3742413047.0,10626795024.0,,2026-09-20,,
1054,Abelian,ABEL,abelian,0.06257716645614533,-1.10276575,-1.03047427,-1.90228849,7642784.629434904,11849.45735665,122133760.0,142713741.0,225180000.0,2026-09-20,,
1055,AITECH Cloud Network,ACN,solidus-ai-tech,0.004269218939675718,-0.54065051,-2.28392534,-7.58171662,7616974.346745006,1183011.39715941,1784161097.0,1986052500.0,2000000000.0,2026-09-20,,
1056,Auki,AUKI,auki-labs,0.006064213598829573,-7.30464551,-2.45578638,42.54182871,7615358.525424242,105083.0261739,1255786657.4643822,9991616050.76035,10000000000.0,2026-09-20,,
1057,AS Roma Fan Token,ASR,as-roma-fan-token,0.8485309956745322,-0.72074071,-0.5738872,-3.90126271,7607402.503483529,3907721.47278658,8965379.6293394,9995000.0,9995000.0,2026-09-20,,
1058,Cea Industries Tokenized 4Stock,BNC4,cea-industries-tokenized-4stock,6.176662762876392,-1.57250046,0.57894034,16.47515925,7635189.024388209,3103840.08249184,1236135.0,1236135.0,984523.0,2026-09-20,,
1059,iShares MSCI Emerging Markets Tokenized ETF (Ondo),EEMon,ishares-msci-emerging-markets-tokenized-etf-ondo,68.03693759118447,-0.08578796,-0.07483594,-1.94253694,7600160.569153357,677744.00209294,111706.38829779,111706.38829779,,2026-09-20,,
1060,Venus LINK,vLINK,venus-link,0.2458590052834271,-1.34591797,-2.51511123,4.91063566,7598840.98430453,0.0,30907312.0,30907312.0,,2026-09-20,,
1061,Moonbeam,GLMR,moonbeam,0.006264145579363835,-1.01576568,4.40555694,-0.64289443,7595610.249862682,4645188.38541208,1212553277.0,1237043061.0,,2026-09-20,,
1062,Kleros,PNK,kleros,0.00828968936029597,-0.2229834,-0.2732081,-0.10860582,7589444.557102738,43512.02082867,915528221.5341986,915528222.0793128,,2026-09-20,,
1063,Microsoft tokenized stock (xStock),MSFTX,microsoft-tokenized-stock-xstock,496.24351893861785,-0.04926731,-0.13610741,-0.06401014,7553923.969441219,1643433.13319672,15222.21183986,292035.13619904,,2026-09-20,,
1064,Radix,XRD,radix-protocol,0.0005570653278499643,0.19435337,-3.28507732,13.37074562,7537324.917019709,196529.37992347,13530414729.1137,13530414742.653915,24000000000.0,2026-09-20,,
1065,Marvell tokenized stock (xStock),MRVLX,marvell-tokenized-stock-xstock,240.1066784789549,-1.05709446,-0.61817342,3.112687,7506680.769670098,220997.66407039,31263.93991714,986614.9367562,,2026-09-20,,
1066,Soil,SOIL,soil,0.09875370985205668,-0.22365125,3.40430853,5.05493955,7500462.812493754,29840.90742157,75951200.45343336,99000000.0,100000000.0,2026-09-20,,
1067,BitMine Immersion Technologies Tokenized Stock (Ondo),BMNRon,bitmine-immersion-technologies-tokenized-stock-ondo,25.685577822500242,-1.03977518,-0.3108392,2.67324568,7489362.535940757,1531406.38862432,291578.51101096,291578.51101096,,2026-09-20,,
1068,DACXI,DXI,dacxi,0.0008876841346509021,3.62321624,10.30406907,12.39315379,7455473.284824805,599332.95032838,8398790734.0,10000000000.0,,2026-09-20,,
1069,Vine Coin,VINE,vine-coin,0.007454205423144704,-1.19815188,-3.09479134,0.92221245,7454161.473149529,2216578.66648009,999994104.0,999994104.0,,2026-09-20,,
1070,Galatasaray Fan Token,GAL,galatasaray-fan-token,0.8479643035955715,0.11703319,-2.14250155,-4.43030967,7440242.311180407,1870828.92054339,8774240.0,9975000.0,9975000.0,2026-09-20,,
1071,Gitcoin,GTC,gitcoin,0.08491018056716461,-1.94577919,2.23754512,7.46576582,7428919.224781691,2842035.42981198,87491501.9042429,100000000.0,,2026-09-20,,
1072,ResearchCoin,RSC,researchcoin,0.0572914645455399,-0.82781116,-1.38485916,-1.87203286,7422286.391318786,185683.3282008,129553092.24847884,1000000000.0,1000000000.0,2026-09-20,,
1073,FIGHT,FIGHT,fight-id,0.00362210753027498,0.67751963,9.264422,-4.74519989,7425320.437063709,797375.79160833,2050000000.0,10000000000.0,10000000000.0,2026-09-20,,
1074,Marvell Technology Tokenized bStocks,MRVLB,marvell-technology-tokenized-bstocks,240.20932069976973,-0.96473742,-0.49339138,3.31415928,7380166.945796838,1165417.85676679,30723.89915719,30723.89915719,,2026-09-20,,
1075,FLORK,FLORK,flork-meme,0.007375948210418984,1.10867897,-12.82164435,-17.34025565,7375948.210418984,1911691.99088206,1000000000.0,1000000000.0,1000000000.0,2026-09-20,,
1076,inSure DeFi,SURE,insure,0.0002753168808656917,0.0,0.61198241,-5.08776824,7375756.63143746,0.0,26790063174.642704,88000000000.0,88000000000.0,2026-09-20,,
1077,Unicorn Fart Dust,UFD,unicorn-fart-dust,0.007342265156915538,-0.71268068,-10.15681829,-13.55129687,7342265.156915538,153318.49804243,1000000000.0,1000000000.0,1000000000.0,2026-09-20,,
1078,Giggle Mascot,MAX,giggle-mascot,0.007381657177909636,-7.87607756,-17.42940221,19.76526965,7381657.177909636,843332.01976061,1000000000.0,1000000000.0,1000000000.0,2026-09-20,,
1079,Anthropic tokenized stock (PreStocks),ANTHROPIC,anthropic-tokenized-stock-prestocks,993.5609457173539,-0.32204832,-0.84256395,-0.49428427,7334355.552244634,361458.32483014,7381.88792933,7381.88792933,,2026-09-20,,
1080,Fuel Network,FUEL,fuel-network,0.0007997942205009856,0.0919017,-0.09589791,2.75135384,7327677.647897903,131248.99325453,9161953737.685045,10384833624.12553,,2026-09-20,,
1081,Harold,HAROLD,harold-sol,0.0093022503288131,0.0,-2.23773494,23.35458079,7320921.529297446,0.0,787005431.0,999993177.5,1000000000.0,2026-09-20,,
1082,SUPRA,SUPRA,supra,0.00016553874339170842,0.1828053,-3.37583473,-8.9754353,7298484.78577454,345220.95041605,44089284696.96303,82305376622.44913,100000000000.0,2026-09-20,,
1083,Alpine F1 Team Fan Token,ALPINE,alpine-f1-team-fan-token,0.3417433936803978,-0.26950941,-0.75898806,0.92909577,7291252.240146662,2891255.35196225,21335459.22168,40000000.0,40000000.0,2026-09-20,,
1084,Telos,TLOS,telos,0.016132813996137026,0.00726943,0.62828616,-2.26759299,7280736.452326091,264450.28989584,451299844.7803,467563681.3478,,2026-09-20,,
1085,Bitlight,LIGHT,bitlight,0.1689259363659565,-2.19233764,-1.56951347,4.34822554,7273439.312182771,2163029.85670254,43056972.0,420000000.0,420000000.0,2026-09-20,,
1086,Badger DAO,BADGER,badger-dao,0.3720691032241672,0.00143805,-1.53232206,1.98136157,7258767.536888647,21812.51378608,19509191.90544915,21000000.0,21000000.0,2026-09-20,,
1087,Wilder World,WILD,wilder-world,0.01450143189756279,-1.22709752,-1.02604846,9.67936527,7250265.079424163,162190.67699187,499968908.6318912,499968908.6318912,500000000.0,2026-09-20,,
1088,Intel Tokenized Stock (Reality),rINTC,intel-tokenized-stock-reality,109.02601028082852,-1.35013142,0.40897293,6.65447516,7237191.641165296,84412.64216105,66380.41346761,66380.41346761,,2026-09-20,,
1089,Venus DAI,vDAI,venus-dai,0.026259126793710296,-0.01973432,-0.00352746,0.08535839,7209118.30451909,0.0,274537625.0,274537625.0,,2026-09-20,,
1090,Defigram,DFG,defigram,0.7196231774888,-0.66646001,-1.11856823,2.66974007,7196231.774888,0.0,10000000.0,1000000000.0,1000000000.0,2026-09-20,,
1091,Gleec Coin,GLEEC,gleec,0.03952590488726667,0.0,0.0,0.0,7184032.660976779,0.0,181755046.0,210000075.0,,2026-09-20,,
1092,Bera USD,BUSD,honey-bera,1.0071718976067672,0.22583533,0.67254772,1.10822794,7186934.743715599,202740.37790092,7135757.81928897,7135757.81928897,,2026-09-20,,
1093,Elastos,ELA,elastos,0.30866675537061966,-0.81411621,0.93918649,-2.27943214,7126713.497392115,105828.7203371,23088698.0,26229451.0,28219999.0,2026-09-20,,
1094,Dimitra,DMTR,dimitra,0.009112789752606657,-1.32777213,-7.2227386,0.40485252,7076683.228697446,242228.30481362,776566059.4411502,999999999.0,1000000000.0,2026-09-20,,
1095,Redbelly Network,RBNT,redbelly-network,0.0023496280176894036,-0.11090281,-1.38059901,-1.95964457,7069865.359035385,155801.84090208,3008929628.7792,10000000000.0,10000000000.0,2026-09-20,,
1096,McDull,MCDULL,mcdull,9.33917592983678e-07,0.0,-0.22366376,6.80587293,7056266.258097447,0.0,7555555555554.0,8888888888888.0,8888888888888.0,2026-09-20,,
1097,Dent,DENT,dent,7.055906584895324e-05,0.70645135,0.65586946,3.16497407,7055906.58489532,127171.61792235,99999999999.99994,99999999999.99994,100000000000.0,2026-09-20,,
1098,QuickSwap [Old],QUICK,quickswap,10.535805485222404,-0.80058103,-1.00929801,2.45003296,7004602.525378994,3904.62371991,664837.8745416,894519.84885885,1000000.0,2026-09-20,,
1099,BREW (brew.family),BREW,brew,0.006986825765794402,-0.5600819,5.55619616,-56.59714804,6986825.765794402,3360515.32598117,1000000000.0,1000000000.0,1000000000.0,2026-09-20,,
1100,Nexa,NEXA,nexa,1.1911499070202587e-06,-1.08989822,-8.44125573,-9.11960928,6979685.818174048,113979.8515555,5859620000000.0,11008340000000.0,21000000000000.0,2026-09-20,,
1101,Chainbounty,BOUNTY,sentinel-protocol,0.013130934172174001,-1.62162162,1.67597765,-4.78511209,6968361.07555731,330200.09691883,530682812.3717267,555416661.0,1000449852.0,2026-09-20,,
1102,GAIB,GAIB,gaib,0.03400237225984432,-0.32500942,-2.73938639,4.42346665,6964762.59193847,532438.25796139,204831667.0,1000000000.0,1000000000.0,2026-09-20,,
1103,Bitcoin Limited Edition,BTCLE,bitcoin-limited-edition,444.5566410516557,-0.23586829,-0.05592923,-0.39288783,6925570.088287324,58339.34971254,15578.6,210000.0,210000.0,2026-09-20,,
1104,DEXTools,DEXT,dextools,0.09872041395822531,-0.27689583,-0.8105425,-8.11097366,6904356.417738106,23587.04852843,69938487.29868338,112551255.0,200000000.0,2026-09-20,,
1105,Meta Platforms Tokenized Stock (Ondo),METAon,meta-platforms-tokenized-stock-ondo,671.7999520624836,0.03802277,0.08324558,3.31875904,6901439.742143363,1989120.39528705,10273.0578068,10273.0578068,,2026-09-20,,
1106,Marlin,POND,marlin,0.0008332749006797192,-2.93784397,-0.1085186,-2.50195218,6897862.023624138,1697283.40432755,8278014876.0,10000000000.0,,2026-09-20,,
1107,CREPE,CREPE,crepe,1.1856515470592615e-05,-1.49198933,-12.42063223,-1.64031412,6886397.837463998,348612.14763426,580811272464.0,690000000000.0,690000000000.0,2026-09-20,,
1108,Infinity Ground,AIN,infinity-ground,0.021472333900080527,-0.07248451,0.34628985,-70.19000851,6848963.059445126,5224540.71357023,318966866.4485252,1000000000.0,1000000000.0,2026-09-20,,
1109,Pitbull Token,PIT,pitbull,1.7059209846411154e-10,-0.85315826,2.87837289,6.29427146,6856464.585881021,57368.70854373,4.019215806366e+16,1e+17,1e+17,2026-09-20,,
1110,Lingo,LINGO,lingo,0.014074321021892182,-0.03667061,-0.14188477,-7.37586398,6843021.198654806,150234.1691444,486206133.0,486206133.0,1000000000.0,2026-09-20,,
1111,LOAN Protocol,LOAN,loan-protocol,0.0003706540708267809,0.20365536,3.02287427,5.01422988,6822531.461127563,109092.50037184,18406735547.0,37328899797.27507,,2026-09-20,,
1112,Treehouse,TREE,treehouse,0.04361432922991415,-0.59995095,-3.12241659,-0.25342005,6809175.890866481,15873409.62222617,156122449.0,1000000000.0,1000000000.0,2026-09-20,,
1113,NeuralAI,NEURAL,neuralai,0.6784337141775296,-1.71279797,-4.25922418,-0.22704383,6784337.141775296,28567.39927381,10000000.0,10000000.0,,2026-09-20,,
1114,Mansory,MNSRY,mansory,0.0075284994094310725,0.20035998,-1.30181022,4.59425858,6775560.841110793,243102.74104431,899988227.75,899988227.75,1000000000.0,2026-09-20,,
1115,Starpower,STAR,starpower,0.03645477783536542,0.03610041,5.49414689,-28.82533783,6788936.674692422,6200656.63955023,186228995.97282293,553228995.9728229,1000000000.0,2026-09-20,,
1116,Tradr 2X Long SNDK ETF Tokenized bStocks,SNXXB,tradr-2x-long-sndk-etf-tokenized-bstocks,17.406485713613044,-1.62593486,-2.11594553,15.35116766,6756940.755749903,4383526.84239981,388185.23548757,388185.23548757,,2026-09-20,,
1117,Quai Network,QUAI,quai-network,0.008626723696739733,-0.57599881,-0.76507254,-11.73067303,6750277.207532423,158700.23983743,782484457.0,1111499069.0,,2026-09-20,,
1118,Lumera Health,LUR,lumera-health,1.969286042437128,-0.07070849,0.07009654,76.53608072,6734401.1254502395,18739.31612842,3419717.08544481,100000000.0,100000000.0,2026-09-20,,
1119,Ref Finance,REF,ref-finance,0.06996749049182963,-1.12426483,-9.03790879,39.76605743,6716542.110922079,1305.00685809,95995183.81620954,99990506.14259167,99990506.14259167,2026-09-20,,
1120,Helium Mobile,MOBILE,helium-mobile,7.477369520445609e-05,-0.44912472,1.00449859,18.22394022,6675795.50785384,1658.39162876,89280000000.0,100880000000.0,,2026-09-20,,
1121,Direxion Semiconductor Bull 3X tokenized ETF (xStock),SOXLx,direxion-semiconductor-bull-3x-tokenized-etf-xstock,119.67918076807776,-1.55134822,-1.22851904,-1.17378432,6643099.973427885,1415228.03410642,55507.56556649,541485.75995472,,2026-09-20,,
1122,Broccoli (firstbroccoli.com),BROCCOLI,broccoli,0.006640215896684301,-0.81991307,0.72649794,0.88076902,6640215.896684301,3368686.00064398,1000000000.0,1000000000.0,1000000000.0,2026-09-20,,
1123,Brickken,BKN,brickken,0.12759173944019575,-0.91408999,-5.66587491,9.72335543,6627095.1292437,57349.18910288,51939844.68210752,150000000.0,150000000.0,2026-09-20,,
1124,SanDisk Tokenized Stock (Ondo),SNDKon,sandisk-tokenized-stock-ondo,1768.0062701896916,-0.68646567,-0.76489264,8.8025618,6605920.811355959,6857075.72819026,3736.36729843,3736.36729843,,2026-09-20,,
1125,OMG Network,OMG,omg,0.04658395295102775,-0.29692436,0.44408976,0.82364438,6533185.033449415,318760.82851219,140245398.24513277,140245398.24513277,140245399.0,2026-09-20,,
1126,Hey Anon,ANON,hey-anon,0.4251122390822921,-1.36370785,-8.11557673,-22.54544779,6524917.273877328,242704.44723999,15348693.060362,20961083.951299,20961083.951299,2026-09-20,,
1127,Joe coin,JOE,joe-coin,0.006516945921627996,-1.762461,5.49934461,22.15157496,6516945.921627996,48072.27260602,1000000000.0,1000000000.0,1000000000.0,2026-09-20,,
1128,SpaceX tokenized stock (Backpack),SPCX,spacex-tokenized-stock-backpack,153.27030081007803,-0.22777653,0.95482422,1.89423822,6504738.87526897,3525357.42913791,42439.656221,42439.656221,,2026-09-20,,
1129,Taiwan Semiconductor Manufacturing Tokenized Stock (Ondo),TSMon,taiwan-semiconductor-manufacturing-tokenized-stock-ondo,437.18925703777063,-0.25339115,0.08644148,-0.34553557,6501905.719423602,2840104.67412376,14872.06196117,14872.06196117,,2026-09-20,,
1130,GamerCoin,GHX,gamercoin,0.009991896078293358,-0.63852661,-1.21457857,10.13695186,6494383.967085887,326144.32681985,649965123.3557609,808000000.0,808000000.0,2026-09-20,,
1131,Konnect,KCT,konnect,0.0008798708045099797,-1.45027738,-2.55722143,-6.54100365,6489047.218455932,280205.18922845,7375000040.0,10000000000.0,10000000000.0,2026-09-20,,
1132,PRIZM,PZM,prizm,0.0013594756,0.0,-5.55353802,-2.65688005,6478572.341780918,0.0,4765493651.95,4765493651.95,6000000000.0,2026-09-20,,
1133,Turtle,TURTLE,turtle-xyz,0.0417979306691858,-0.4937609,-0.43417492,-2.20715281,6466139.874523044,629902.28049569,154700000.0,1000000000.0,1000000000.0,2026-09-20,,
1134,Hivemapper,HONEY,hivemapper,0.0010580135385988556,0.28330509,-3.51089856,-20.08097646,6463911.8450514795,191021.96334753,6109479330.114946,6574602827.431451,10000000000.0,2026-09-20,,
1135,Hydranet,HDN,hydranet,0.03437193590921846,0.12209323,-3.09742351,2.37924301,6462376.542637788,74922.6708839,188013167.47784916,300000000.0,300000000.0,2026-09-20,,
1136,MCOIN,MCOIN,mcoin1,0.036433078899159616,-1.37343059,-1.57471066,-5.18377509,6448654.965151252,146128.09037129,177000000.0,500000000.0,500000000.0,2026-09-20,,
1137,PepeFork,PORK,pepefork,1.5812229685715807e-08,-1.8113953,-13.96848316,-13.42001625,6445471.694198282,8110.40875963,407625731620941.9,420690000000000.0,420690000000000.0,2026-09-20,,
1138,district0x,DNT,district0x,0.006441815840422279,-0.6292425,7.23122141,2.47718465,6441815.840422279,14665.64129012,1000000000.0,1000000000.0,,2026-09-20,,
1139,AMO Coin,AMO,amo-coin,0.00030374303771896996,-1.77321512,1.39691715,2.9204781,6439352.399642163,181674.30466703,21200000000.0,21200000000.0,21200000000.0,2026-09-20,,
1140,The Juggernaut,JUGGERNAUT,the-juggernaut,0.006347117457441206,-2.4764679,-21.2050613,-28.98626139,6347117.457441206,1298643.22888142,1000000000.0,1000000000.0,1000000000.0,2026-09-20,,
1141,Micron Technology Inc tokenized stock (Backpack),MU,micron-technology-inc-tokenized-stock-backpack,1003.0854837693151,-0.84782868,-0.66284779,3.66974961,6395879.251805308,379113.05222116,6376.205573,6376.205573,,2026-09-20,,
1142,Apple Tokenized bStocks,AAPLB,apple-tokenized-bstocks,334.0465155295003,-0.14048289,-0.28372666,0.25450423,6391463.518695556,6760113.64649984,19133.45364062363,19133.45364062363,,2026-09-20,,
1143,Hyperion,RION,hyperion-xyz,0.1612915481892657,0.02925658,-0.94083875,-1.03172138,6387977.688914462,234008.70155534,39605160.720626,100000000.0,100000000.0,2026-09-20,,
1144,PAAL AI,PAAL,paal-ai,0.006378015443736358,-1.92278616,0.4175553,15.15273302,6370589.036922661,302311.07016846,998835624.203295,1000000000.0,1000000000.0,2026-09-20,,
1145,Commonwealth,CWU,commonwealth,0.007031816338784896,-5.10950595,-5.22231462,6.44922792,6332127.960446911,12562.9266813,900496778.552255,999999266.114444,1000000000.0,2026-09-20,,
1146,Nebius Tokenized bStocks,NBISB,nebius-tokenized-bstocks,219.0211232136718,-1.10644782,-0.47788615,-1.34206262,6340148.684496567,2007452.90359275,28947.65852475,0.0,,2026-09-20,,
1147,Inverse Finance,INV,inverse-finance,8.74143413764698,-1.63858319,0.69095411,-1.80069408,6329402.260030905,37418.65218069,724069.08985013,727000.0,,2026-09-20,,
1148,Bitgert,BRISE,bitrise-token,1.5973670913821464e-08,-0.31795299,1.06039342,0.15219978,6320621.843890015,355002.41752463,395690000000000.0,1000000000000000.0,,2026-09-20,,
1149,PayAI Network,PAYAI,payai-network,0.0063003343117279615,-0.08005341,0.59227061,7.8245403,6299972.941454949,336371.20739506,999942642.6828907,999942642.6828907,1000000000.0,2026-09-20,,
1150,Amazon Tokenized Stock (Ondo),AMZNon,amazon-tokenized-stock-ondo,254.17190377862997,-0.12904734,0.02974279,-0.97471739,6281767.27968014,1845056.51058146,24714.64070691,24714.64070691,,2026-09-20,,
1151,GameStop Tokenized bStocks,GMEB,gamestop-tokenized-bstocks,22.313738024386357,-0.54281349,-1.17100657,5.94043062,6254073.959976094,1922973.32941976,280279.0797822,280279.0797822,,2026-09-20,,
1152,Quickswap [New],QUICK,quickswap-new,0.009449816344277885,-0.57382616,-1.05962377,3.90731806,6245176.260287455,260510.55366747,660878056.5422391,894479844.1552603,1000000000.0,2026-09-20,,
1153,LUKSO,LYX,lukso-network,0.2042790743565896,-0.49394345,9.34079449,1.40852859,6237846.732844484,170183.38107567,30535906.59,42115181.93,,2026-09-20,,
1154,Broadcom tokenized stock (xStock),AVGOX,broadcom-tokenized-stock-xstock,355.8353824879816,-0.44166773,-0.33049205,-1.75005486,6237588.644573207,87630.12015209,17529.42217539,249959.05224674,,2026-09-20,,
1155,Meta Platforms Tokenized Stock (Robinhood),META,meta-platforms-tokenized-stock-robinhood,667.9700460163771,-0.48700402,-0.31111271,2.83459096,6237168.300767783,4417212.40853822,9337.497,9337.497,,2026-09-20,,
1156,Polkastarter,POLS,polkastarter,0.06284290046514017,-0.18902861,-0.60254775,-0.06276016,6234621.025188613,85528.17655408,99209631.94000003,100000000.0,,2026-09-20,,
1157,Asteroid Shiba,ASTEROID,asteroid-shiba,1.4786247079223189e-05,-1.50135552,-13.39083983,-9.73057201,6220426.283758404,629051.5382228,420690000000.0,420690000000.0,420690000000.0,2026-09-20,,
1158,Pangolin,PNG,pangolin,0.02614946856767338,-1.03961191,-0.16071444,10.23292587,6218701.794663701,564215.7621259,237813697.0,230000000.0,538000000.0,2026-09-20,,
1159,Origin Dollar,OUSD,origin-dollar,0.9995427982066241,-0.00381261,0.10724558,-0.00550266,6175498.889747418,52303.0870773,6178323.63039129,6178323.63039129,,2026-09-20,,
1160,Limitless,LMTS,limitless-lmts,0.04655211431116137,-1.07608143,-6.90383748,-33.71255015,6126196.794557946,1098948.00264509,131598680.0,1000000000.0,1000000000.0,2026-09-20,,
1161,Oraichain,ORAI,oraichain-token,0.44194180730486643,0.81880757,-6.27542744,-6.5058812,6109270.961640282,180762.63946933,13823700.0,18014986.26,19779272.0,2026-09-20,,
1162,Splintershards,SPS,splintershards,0.003862937439680141,-0.15215193,-2.28821502,2.29540836,6093160.012001871,993.29311692,1577338516.905,2750130838.4440002,3000000000.0,2026-09-20,,
1163,Daddy Tate,DADDY,daddy-tate,0.010151557288039775,-1.5289014,-10.82365972,-7.33989677,6086989.853210098,191153.43418561,599611436.994163,599611436.994163,999689062.0,2026-09-20,,
1164,BugsCoin,BGSC,bugscoin,0.0005976562152642964,-0.05189686,0.52824033,-6.44880273,6081984.154373085,55636.83770188,10176392379.159817,12985800644.0,14745800644.0,2026-09-20,,
1165,Apu Apustaja,APU,apu-apustaja,1.799905345154578e-05,-1.97622576,-0.59828285,4.32991269,6081678.647885147,214113.27464316,337888804222.80457,337888804222.80457,420690000000.0,2026-09-20,,
1166,frong,FRONG,frong,0.006079129963524349,-4.07850166,-12.10660208,-21.9005066,6079129.963524349,1366180.21191382,1000000000.0,1000000000.0,1000000000.0,2026-09-20,,
1167,Upland,SPARKLET,upland-sparklet,0.0210865125555031,-0.35798972,0.12070241,3.83858944,6002750.024469805,57.81942322,284672489.52,1000000000.0,1000000000.0,2026-09-20,,
1168,Reppo,REPPO,reppo,0.014781668480461769,-2.03181812,5.45720645,-8.33018706,6001811.318374648,479113.81902485,406030707.9885988,1000000000.0,1000000000.0,2026-09-20,,
1169,Bluefin,BLUE,bluefin,0.009905126460631703,-0.80864774,1.66340647,2.54777241,5979957.535514172,2679070.3957401,603723492.0,1000000000.0,1000000000.0,2026-09-20,,
1170,Croatian Football Federation Token,VATRENI,croatian-ff-fan-token,1.5469464088070874,-0.4402815,-4.36843351,7.26735557,5977438.050344397,2025.4686592,3864024.0,20999999.44183582,30000000.0,2026-09-20,,
1171,PumpBTC (Governance token),PUMP,pumpbtc-pump,0.011137728282131741,-0.28359808,-0.91575572,-10.45833181,5968984.1878034,2325851.58219183,535924744.8494,1000000000.0,1000000000.0,2026-09-20,,
1172,Agoras: Tau Net,AGRS,agoras-tokens,0.1998707393220492,1.63613817,-2.65050589,9.21062821,5968502.209544299,23835.42807676,29861810.83728983,42000000.0,42000000.0,2026-09-20,,
1173,FC Porto Fan Token,PORTO,fc-porto,0.4578949578483943,-0.68583764,-0.98801469,-0.86547838,5947234.200116497,1225549.74320183,12988206.35209,40000000.0,40000000.0,2026-09-20,,
1174,Wen,WEN,wen,8.173559130520864e-06,-1.5590377,-8.25813342,-3.55557812,5948037.531969955,178270.41538432,727716951329.0,727716951329.0,727716951329.0,2026-09-20,,
1175,U.S. Dollar Payment Token,USDPT,us-dollar-payment-token,1.0000368882409905,0.01491633,0.03978692,0.0095432,5922662.618547058,49375.88360325,5922444.15,5922444.15,,2026-09-20,,
1176,Minswap,MIN,minswap,0.0034479966087129148,-2.37736568,-4.38359225,0.94653648,5922040.13929621,127005.87400537,1717530732.0,2457880106.0,2500000000.0,2026-09-20,,
1177,House Party Protocol,HPP,house-party-protocol,0.0065201330256510715,0.5609717,1.36273919,-2.15503852,5891737.698746775,409809.50467958,903622315.0,1700000000.0,1700000000.0,2026-09-20,,
1178,Keyboard Cat,KEYCAT,keyboard-cat,0.0005855523636430491,-3.71301901,4.61880835,-2.71631113,5855523.636430491,233271.74932637,10000000000.0,10000000000.0,10000000000.0,2026-09-20,,
1179,MEVerse,MEV,meverse,0.003388067063652504,-0.2434097,-0.21474011,54.27665729,5849989.17643699,842638.07981823,1726645035.8070574,1999999999.99999,,2026-09-20,,
1180,Robinhood Tokenized bStocks,HOODB,robinhood-tokenized-bstocks,117.4263783049242,-1.0057858,-2.22571098,5.50724729,5825934.309002449,2769725.74077184,49613.50586726,49613.50586726,,2026-09-20,,
1181,Purple Pepe,$PURPE,purple-pepe,1.3922984550980904e-05,-0.74585844,-11.78917696,2.51614517,5808861.318198323,746080.85479086,417213801892.0,420683240832.10004,420690000000.0,2026-09-20,,
1182,Liqwid Finance,LQ,liqwid-finance,0.2883503428152238,-4.1431941,-9.34653791,15.70090306,5808066.215019307,48735.26214553,20142394.0,21000000.0,21000000.0,2026-09-20,,
1183,Nash,NEX,nash,0.13097701687239544,0.0,-0.62934649,-8.96233576,5802373.662335945,0.0,44300701.0,50000000.0,50000000.0,2026-09-20,,
1184,VNX Gold,VNXAU,vnx-gold,137.67971563615322,-0.05463438,-0.92708644,-1.69552059,5796316.028282051,27705.37206143,42100.0,44000.0,,2026-09-20,,
1185,Zircuit,ZRC,zircuit,0.0008787515125408898,-0.03210249,2.09868744,16.50999626,5795584.165248545,1471747.78018637,6595248011.0,10000000000.0,,2026-09-20,,
1186,Grove,GROVE,grove-finance,0.007626416874358133,-0.08867151,-1.06292936,-2.87888379,5773692.870198099,183649.21670478,757064944.8249619,10000000000.0,10000000000.0,2026-09-20,,
1187,Portal To Bitcoin,PTB,portaltobitcoin,0.0007070881421043943,-1.86622055,4.53742471,5.68736719,5753977.849893713,986406.44825971,8137568016.300008,8389797955.025996,8400000000.0,2026-09-20,,
1188,Aligned,ALIGN,aligned,0.0069521743419129825,-0.21504603,0.22029928,7.68222036,5742526.366234179,2649128.79555306,826004366.9523464,10000000000.0,10000000000.0,2026-09-20,,
1189,Manyu (manyushiba.com),MANYU,manyu-ethereum,5.737708614296667e-09,-2.49392422,-1.25062459,27.41653569,5737708.614296667,668360.27335446,1000000000000000.0,1000000000000000.0,1000000000000000.0,2026-09-20,,
1190,RIZE,RIZE,rize,0.0028342088906605023,-1.18151119,-1.43617091,41.42325024,5724094.625358568,64969.48156405,2019644580.264014,4943330686.127028,5000000000.0,2026-09-20,,
1191,Robin the Frog,ROBIN,robin-the-frog,0.005687610628013162,-7.17248145,6.41329439,5.68632068,5687610.628013162,2607241.32042493,1000000000.0,1000000000.0,1000000000.0,2026-09-20,,
1192,Altura,ALU,altura,0.0057369534262083,-1.82331215,6.00691447,12.03512574,5679583.891946217,3176527.67624789,990000000.0,990000000.0,990000000.0,2026-09-20,,
1193,LeverUp,LV,leverup,0.06309650849373068,0.0,4.81379992,7.05473049,5678685.764435762,0.0,90000000.0,1000000000.0,1000000000.0,2026-09-20,,
1194,Measurable Data Token,MDT,measurable-data-token,0.008358525995862521,0.63483299,0.21974429,-5.75451272,5651675.9662659895,97038.20356364,676157012.5,1000000000.0,,2026-09-20,,
1195,Green Satoshi Token (SOL),GST,green-satoshi-token,0.0011274554699743384,-0.00752338,2.48481351,6.17935311,5640699.680619855,41383.44143253,5003035446.489289,5013035446.489289,,2026-09-20,,
1196,Bobo (bobothebear),BOBO,bobo-bobothebear,0.005623032584720506,-0.31173702,-6.22636117,-1.14318556,5623026.360023434,490374.11158675,999998893.0,999998893.0,999998895.0,2026-09-20,,
1197,RACA,RACA,radio-caca,1.362880579815665e-05,-1.80501219,-0.37089352,-1.01191301,5610575.540143436,143489.62097398,411670371068.18915,415670371068.18945,500000000000.0,2026-09-20,,
1198,SanDisk Tokenized Stock (Reality),rSNDK,sandisk-tokenized-stock-reality,1767.2969325809813,-0.75300343,-0.71566662,8.89341361,5609487.666313068,355667.86014319,3174.04934219,3174.04934219,,2026-09-20,,
1199,Alphabet Class A Tokenized Stock (Robinhood),GOOGL,alphabet-class-a-tokenized-stock-robinhood,351.2051266240341,-0.23089976,0.15564098,2.81800703,5585731.252716811,2690126.70564243,15904.469579956758,15904.469579956758,,2026-09-20,,
1200,Beefy,BIFI,beefy-finance,69.77878778309079,-1.04606068,0.35919535,14.0731856,5582303.0226472635,10304.56854837,80000.0,80000.0,80000.0,2026-09-20,,
1201,Polyhedra Network,ZKJ,polyhedra-network,0.006624972853587877,-0.6384915,0.76930463,10.09380122,5570828.411538207,1865874.14659206,840883205.8113599,1000000000.0,1000000000.0,2026-09-20,,
1202,Hashflow,HFT,hashflow,0.005964218082714589,-0.06704941,1.36455843,-1.75418489,5519885.905734238,1860612.20067057,925500347.1003001,997353568.2839,,2026-09-20,,
1203,Alitas,ALT,alitas,0.007225185252861396,0.06778194,10.35942733,13.43409241,5491140.792174661,2278.22802058,760000000.0,1000000000.0,1000000000.0,2026-09-20,,
1204,Ika,IKA,ika,0.001824223302110502,0.54176108,0.98133884,-4.72166568,5472669.906331506,259609.17244766,3000000000.0,10291666666.6667,,2026-09-20,,
1205,Alchemix,ALCX,alchemix,2.080642812164254,-0.04793942,0.1908942,-2.00590556,5470967.0931055555,136598.51762714,2629460.02125888,2722437.94342873,,2026-09-20,,
1206,Apple Tokenized Stock (Robinhood),AAPL,apple-tokenized-stock-robinhood,334.29089528171056,-0.15630983,-0.26514148,0.32495631,5457024.385909511,2270267.86765735,16324.178920011616,16324.178920011616,,2026-09-20,,
1207,Marvell Tokenized Stock (Reality),rMRVL,marvell-tokenized-stock-reality,241.68248616208598,-0.27881911,-0.42126882,3.17754049,5441497.092084502,28927.94687732,22515.0658556,22515.0658556,,2026-09-20,,
1208,Reactive Network,REACT,reactive-network,0.004522036689581661,-4.09651622,0.91247578,9.56631685,5426280.349279771,65667.99296446,1199963804.3144145,2400000000.0,2400000000.0,2026-09-20,,
1209,Phoenix,PHNIX,phoenix-xrp,1.0216272223351522e-05,-2.26338112,-3.09366061,-9.69893605,5414615.18791685,58867.93850514,529999110198.0,589000000000.0,589000000000.0,2026-09-20,,
1210,iShares Russell 2000 Value Tokenized ETF (Ondo),IWNon,ishares-russell-2000-value-tokenized-etf-ondo,219.10223278486023,0.0,0.0,-2.04786268,5413935.726001306,0.0,24709.63283755,24709.63283755,,2026-09-20,,
1211,Zypher Network,POP,zypher-network,0.0022584239707207944,0.58626568,2.46099171,113.01193896,5391987.232354321,4836776.96866673,2387500001.0,10000000000.0,10000000000.0,2026-09-20,,
1212,dYdX (ethDYDX),ETHDYDX,dydx-ethdydx,0.12935510202562794,-1.18219941,-0.52801147,13.55912804,5388542.017915856,5074210.82933092,41656973.19652899,1000000000.0,,2026-09-20,,
1213,Galeon,GALEON,galeon,0.006513498660401527,-2.11088135,-4.13061356,5.18118242,5372193.897934638,913.34155748,824778537.3158374,3931074356.4648747,4000000000.0,2026-09-20,,
1214,Alibaba Tokenized bStocks,BABAB,alibaba-tokenized-bstocks,114.90734677627472,-0.10925078,0.03062177,4.83428111,5364152.752933653,5498397.10981455,46682.41764713,46682.41764713,,2026-09-20,,
1215,Kryll,KRL,kryll,0.13436872813769327,-0.17295184,0.47988584,0.87279131,5361630.518648137,44651.73899368,39902368.60137464,49417348.0,49417348.0,2026-09-20,,
1216,Kekius Maximus (kekiusmaximus.vip),KEKIUS,kekius-maximus-vip,0.0053564401137394906,-2.77935621,-5.17450833,-7.19585464,5356440.1137394905,2297678.65532718,1000000000.0,1000000000.0,,2026-09-20,,
1217,ProShares UltraPro QQQ Tokenized Stock (Ondo),TQQQon,proshares-ultrapro-qqq-tokenized-stock-ondo,72.78458983449707,-0.11465423,-0.08962085,1.72608162,5313584.358808064,1156125.50324072,73004.24953813,73004.24953813,,2026-09-20,,
1218,Grow,GROW,grow,0.00013425530445940155,0.0,-17.08726301,-9.10763223,5289565.53075668,0.0,39399303826.8088,40186975028.8088,50000000000.0,2026-09-20,,
1219,Milady Meme Coin,LADYS,milady-meme-coin,7.2022461194423555e-09,-1.38672803,3.41988867,4.45927925,5289084.841073585,176411.09791318,734366023232083.0,888000888000888.0,888000888000888.0,2026-09-20,,
1220,doginme,DOGINME,doginme,7.821269875834128e-05,-0.40218084,-4.28861901,-8.62718726,5288684.663148753,150690.23292554,67619258088.6326,67619258088.6326,69000000000.0,2026-09-20,,
1221,RealLink,REAL,reallink,0.003906955993011111,-5.58348136,-6.61165967,-94.70101296,5368320.657623887,122169.15387982,1374041752.0,3410391475.0,12000000000.0,2026-09-20,,
1222,Invesco QQQ Tokenized ETF (Robinhood),QQQ,invesco-qqq-tokenized-etf-robinhood,720.6052855893257,-0.17005124,-0.22772055,0.92351268,5277066.008109762,969184.9088416,7323.102,7323.102,,2026-09-20,,
1223,Populous,PPT,populous,0.09902611081212159,0.0,16.94729268,23.59347034,5273362.812834786,0.0,53252245.99438964,53252246.0,53252246.0,2026-09-20,,
1224,Klever Coin,KLV,klever,0.0005935369084549524,0.61390006,4.78273814,-8.09434705,5271070.947233217,211502.07271782,8880780406.65482,10000000000.0,10000000000.0,2026-09-20,,
1225,ParagonsDAO,PDT,paragonsdao,0.06385286490885005,0.0,0.01210963,7.96008388,5257032.160216164,0.0,82330403.93286309,84467740.26777703,162500000.0,2026-09-20,,
1226,Open Loot,OL,open-loot,0.006550624941265953,-1.7255931,-2.1004178,17.5036138,5245143.200483622,1610603.43002394,800708825.1140146,5000000000.0,5000000000.0,2026-09-20,,
1227,CONX,XPLA,xpla,0.005173763991289677,-0.26130202,-0.16182352,4.07372197,5244247.3958733035,154499.98262055,1013623235.3664159,1999879416.0637,2000000000.0,2026-09-20,,
1228,SpaceX tokenized stock (PreStocks),SPACEX,spacex-tokenized-stock-prestocks,598.1121986548036,-0.93039166,-1.97075618,0.86085852,5228999.961193123,36527.42206138,8742.50679547,8742.50679547,,2026-09-20,,
1229,SquidGrow,SQGROW,squid-grow,0.0052120012101915915,0.03258918,-3.93897455,1.38430909,5212001.210191592,0.0,1000000000.0,1000000000.0,1000000000.0,2026-09-20,,
1230,Clash of Lilliput,COL,clash-of-lilliput,0.0632715962732,-0.94914658,-1.14035088,2.7701952,5192978.301165126,0.0,82074400.0,1000000000.0,1000000000.0,2026-09-20,,
1231,BeatSwap,BTX,beatswap,0.023040246716457616,0.00103056,-0.19391133,3.33078788,5178416.249537383,319619.26472661,224755243.0,1500000000.0,1500000000.0,2026-09-20,,
1232,YELLOW,YELLOW,yellow,0.026683542746801747,0.75367898,0.70608152,-23.94070892,5174895.349622976,1200.02519194,193935842.73,10000000000.0,10000000000.0,2026-09-20,,
1233,Jimothy The Raccoon,JIMOTHY,jimothy-the-raccoon,0.005169296898865537,-2.49217028,17.41561416,15.37797619,5168933.102074171,3078849.93805055,999929623.544849,999929623.544849,1000000000.0,2026-09-20,,
1234,NKN,NKN,nkn,0.006363736174751568,-0.83312232,0.2308536,5.00435869,5123812.725553929,36491.12306418,805157942.5751344,805157942.5751344,1000000000.0,2026-09-20,,
1235,ZClassic,ZCL,zclassic,0.5507690319863001,-20.71737965,-49.41590246,49.9115251,5115005.400267317,0.0,9287024.33,9287024.33,11462487.0,2026-09-20,,
1236,LimeWire,LMWR,limewire,0.00972276645985069,-1.00109564,-3.24708418,-16.40511748,5094779.44458349,626960.72912147,524005124.0171132,633045269.0,633045269.0,2026-09-20,,
1237,Tesla Tokenized Stock (Robinhood),TSLA,tesla-tokenized-stock-robinhood,363.2596482409427,-0.44324184,-0.23366884,-1.17908669,5084190.755011791,1135603.2574469,13996.024,13996.024,,2026-09-20,,
1238,crow with knife,CAW,crow-with-knife,6.601731215528963e-09,-1.90326377,-6.82752325,-7.29037286,5082418.021035317,32119.959895,769861397731578.0,777777777777777.0,777777777777777.0,2026-09-20,,
1239,S.S. Lazio Fan Token,LAZIO,lazio-fan-token,0.38330807186323895,-0.32119584,0.63993328,0.7387306,5051585.999558719,991391.80579125,13178918.91763,40000000.0,40000000.0,2026-09-20,,
1240,NetX,NETX,netx,0.19210969900596153,-0.37952321,-2.78795133,25.02716396,5022148.08886908,170730.36121785,26142085.04232383,30000000.0,50000000.0,2026-09-20,,
1241,Manchester City Fan Token,CITY,manchester-city-fan-token,0.3580419245533895,-0.58716841,0.31934248,-0.75257396,5003442.194952435,1499160.16397334,13974459.0,19740000.0,19740000.0,2026-09-20,,
1242,Eli Lilly Tokenized Stock (Ondo),LLYon,eli-lilly-tokenized-stock-ondo,1157.5352697009307,-0.0182758,0.29909723,3.04055753,5000679.717589832,2511347.10196525,4320.11002039,4320.11002039,,2026-09-20,,
1243,Resistance Dog,REDO,resistance-dog,0.049909511976048565,-0.17885619,3.66901294,-3.74742401,4990950.846241892,77483.2606261,99999992.96,99999992.96,100000000.0,2026-09-20,,
1244,NVIDIA Tokenized Stock (Reality),rNVDA,nvidia-tokenized-stock-reality,221.14077431399735,-0.30441065,-0.64303201,0.91147541,4989451.628913332,151641.2634158,22562.33227179,22562.33227179,,2026-09-20,,
1245,VNX Swiss Franc,VCHF,vnx-swiss-franc,1.2257126239227039,-0.09388353,-0.35312979,-0.18136578,4988492.808884121,86633.78890617,4069871.44582,4069871.44582,,2026-09-20,,
1246,CateCoin,CATE,catecoin,8.707308178634008e-08,-0.765031,-8.33284143,-13.68934565,4986944.532122019,7332.70926426,57273090946281.0,60000000000000.0,,2026-09-20,,
1247,Bitrue Coin,BTR,bitrue-coin,0.014090255941946855,-0.14648765,0.25765143,-1.13677209,4985442.981878484,546903.09217738,353822031.5102128,801307097.3484074,1000000000.0,2026-09-20,,
1248,BFG Token,BFG,betfury,0.004429549472315747,0.02085923,-0.16823896,0.15091606,4973537.643283922,744.57480058,1122808916.43,3327754200.68,,2026-09-20,,
1249,Broadcom Tokenized Stock (Ondo),AVGOon,broadcom-tokenized-stock-ondo,358.06310824065395,-0.30848414,-0.06614574,-1.71081419,4962905.5900409,2469777.69198444,13860.42146153,13860.42146153,,2026-09-20,,
1250,Luna by Virtuals,LUNA,luna-by-virtuals,0.004923064339664744,-3.09910979,-3.0410737,1.62142088,4923064.339664744,3138.1171222,1000000000.0,1000000000.0,1000000000.0,2026-09-20,,
1251,Oracle Tokenized Stock (Ondo),ORCLon,oracle-tokenized-stock-ondo,148.68085831931353,-0.02553302,-0.30131054,-1.77962581,4919595.707450653,1641209.36685897,33088.29235358,33088.29235358,,2026-09-20,,
1252,Juventus Fan Token,JUV,juventus-fan-token,0.3024696984250594,-1.11654841,-0.36897909,-2.07505651,4915115.661104104,1580799.50603944,16249944.0,19956000.0,19956000.0,2026-09-20,,
1253,Nomina,NOM,nomina,0.0016846627528137022,-1.36875267,1.35357826,2.64966857,4885521.983159737,4074498.21920216,2900000000.0,7500000000.0,7500000000.0,2026-09-20,,
1254,DAO Maker,DAO,dao-maker,0.022645470933546286,-0.34045315,-0.68492539,-0.01054414,4839273.023160203,521188.03735682,213697168.734586,269162882.554586,,2026-09-20,,
1255,apM Fashion,APM,apm-fashion,0.005367543743170315,1.86610166,4.51296176,-5.82906946,4830789.368853283,5128372.2285624,900000000.0,10000000000.0,10000000000.0,2026-09-20,,
1256,StablR USD,USDR,stablr-usd,0.22616934219049348,-0.00304225,0.89313643,0.94493732,4828844.355769057,97.21130457,21350569.926944,21350569.926944,,2026-09-20,,
1257,Venus LTC,vLTC,venus-ltc,1.1619950267452432,-0.94735867,-2.52072494,6.59789502,4813422.634898907,0.0,4142378.0,4142378.0,,2026-09-20,,
1258,Steem Dollars,SBD,steem-dollars,0.4902220336136003,0.00660719,10.30139572,-0.17343706,4804984.86194872,1488651.62995721,9801650.135,9801650.135,,2026-09-20,,
1259,Obyte,GBYTE,obyte,5.089023350101095,0.36336128,-4.5388148,-0.72962852,4800203.086018296,8348.10376897,943246.42584376,1000000.0,1000000.0,2026-09-20,,
1260,Rain Coin,RAIN,rain-coin,4.797628884869491,0.12656901,-1.88898605,-0.23169151,4797628.884869491,8241.75780193,1000000.0,1000000.0,1000000.0,2026-09-20,,
1261,SymVerse (symverse.org),SYMM,symverse-org,0.028989422160195122,0.00311386,-1.69770262,4.68670152,4788405.612919307,15084.67800931,165177684.0,315177684.0,315177684.0,2026-09-20,,
1262,Destra Network,DSYNC,destra-network,0.0049037417740575495,-1.13876789,-6.50041096,9.45095451,4780891.81369158,615393.10407155,974947710.1310906,999874315.1676701,1000000000.0,2026-09-20,,
1263,AMD Tokenised Stock (xStock),AMDx,amd-tokenised-stock-xstock,552.944391158993,-0.51214019,-0.09699027,7.58183699,4779714.607596997,147250.29350044,8644.11446073,348854.44550933,,2026-09-20,,
1264,Applied Optoelectronics Tokenized bStocks,AAOIB,applied-optoelectronics-tokenized-bstocks,104.77128481929343,-1.37790861,1.88016527,0.72999297,4772596.850894804,1403671.03001732,45552.52767136,45552.52767136,,2026-09-20,,
1265,The Arena,ARENA,the-arena,0.0007085800282719005,-0.37851353,-1.24688372,-6.21628066,4753632.928829634,14120.86640052,6708674728.559442,10000000000.0,10000000000.0,2026-09-20,,
1266,Crypto Sustainable Token,CST,crypto-sustainable-token,22.674286943694277,0.41474162,-2.66049898,-24.0163729,4741651.564940484,23068.40024432,209120.20636923,10000000.0,10000000.0,2026-09-20,,
1267,Micron Technology Tokenized Stock (Robinhood),MU,micron-technology-tokenized-stock-robinhood,1004.0679841487337,-0.74649111,-0.4445142,3.68980962,4713824.713603166,1401626.18844771,4694.72664004881,4694.72664004881,,2026-09-20,,
1268,Sperax,SPA,sperax,0.002296299511484317,-0.19680166,-0.04118067,12.36796948,4703285.911059161,236240.76699953,2048202287.0,4615267291.67,5000000000.0,2026-09-20,,
1269,Epic Private Internet Cash,EPIC,epic-cash,0.2420948703571227,0.00320259,-7.11491529,-19.29566642,4701077.841806956,787.78790437,19418329.0,19418329.0,21000000.0,2026-09-20,,
1270,Equilibria Finance,EQB,equilibria-finance,0.1389813587264516,-1.7904579,-4.50298201,23.28478794,4700671.661533159,10071.37604805,33822317.64466485,100000000.0,100000000.0,2026-09-20,,
1271,GOLDAO,GOLDAO,gold-dao,0.005903218100344479,-2.49912934,3.88479224,-12.42792199,4678646.787410909,2021.60792531,792558687.1231964,987794316.0971963,,2026-09-20,,
1272,NEM,XEM,nem,0.0005196998627843162,0.00228782,-3.51182778,1.84079098,4677298.764539146,222239.04065822,8999999999.0,8999999999.0,8999999999.0,2026-09-20,,
1273,Roam,ROAM,roam,0.012828863804021564,-0.37318515,1.57481961,6.35305845,4667379.004506008,882331.32126328,363818579.400842,995631922.759836,1000000000.0,2026-09-20,,
1274,Nimiq,NIM,nimiq,0.0003232602812899925,0.75023881,-3.61375305,-16.65945269,4658637.683182127,6739.94840852,14411413813.63498,14411413813.63498,21000000000.0,2026-09-20,,
1275,BNBTiger,BNBTIGER,bnbtiger,1.096800596175e-18,-0.29085489,2.50472861,7.52947021,4656737.057342384,25127.08573582,4.2457462856807e+24,4.2457462856807e+24,1e+25,2026-09-20,,
1276,Aergo,AERGO,aergo,0.009434,0.36170213,-4.06778329,5.16107457,4622659.960084002,99707.8176976,489999995.7689212,500000000.0,500000000.0,2026-09-20,,
1277,Circle Internet Group Tokenized Stock (Robinhood),CRCL,circle-internet-group-tokenized-stock-robinhood,90.15430295013482,-0.87390907,-2.36550423,-1.83951598,4602170.712250627,1510765.34347507,51047.71,51047.71,,2026-09-20,,
1278,Wolf Safe Poor People,WSPP,wolf-safe-poor-people,3.406383306810852e-10,-1.22148843,1.69035198,7.75762734,4599980.017517375,18329.1337529,1.3504e+16,4.999999975e+16,4.999999975e+16,2026-09-20,,
1279,SPACEM WORLD,SPCM,spacem,0.0004721837758639776,0.0658681,5.08337587,16.19360797,4591854.045092854,254668.66373765,9724717959.0,42582201726.0,42582201726.0,2026-09-20,,
1280,BTSE Token,BTSE,btse,1.0526843950472151,-0.82919101,1.68936355,6.03647177,4584136.314640453,287294.89885569,4354711.0,165904711.0,,2026-09-20,,
1281,OWB,OWB,owb,0.01005373283693258,-1.11726664,-2.30862811,-9.62225945,4575769.611668189,45809.50973466,455131410.9779218,1000000000.0,1000000000.0,2026-09-20,,
1282,FAR Labs,FAR,farcana,0.000946547800761452,-0.04909698,-0.42417913,-0.35504597,4574088.126921633,47400.69059908,4832390000.0,5000000000.0,5000000000.0,2026-09-20,,
1283,Suilend,SEND,suilend,0.06046297517939342,-1.36364206,14.46671385,22.18611952,4567145.009288549,3143.9917647,75536226.85185185,100000000.0,100000000.0,2026-09-20,,
1284,Grin,GRIN,grin,0.018793177471320727,8.61311005,32.48766882,76.01132475,4540707.185052817,32926.90804963,241614660.0,241614660.0,,2026-09-20,,
1285,MonaCoin,MONA,monacoin,0.0689434200208555,-0.06858076,-0.55040989,-3.74062713,4531628.582477206,908.0293142,65729674.871168,65729674.871168,105120000.0,2026-09-20,,
1286,Mamo,MAMO,mamo,0.007508002225045651,-0.54981919,-17.46473858,-0.53565138,4531100.117319561,1103992.4216815,603502766.9816667,1000000000.0,1000000000.0,2026-09-20,,
1287,Scroll,SCR,scroll,0.023702165088876428,0.84595477,5.63174188,4.24227431,4503411.366886522,2912521.22116108,190000000.0,1000000000.0,1000000000.0,2026-09-20,,
1288,Rally,RALLY,rally-token,0.0005059678139357706,-2.9248688,-5.28674217,-14.44222351,4492576.622943167,32275.95250004,8879174720.614681,8879174720.614681,50000000000.0,2026-09-20,,
1289,Grok (grokoneth.com),GROK,grok-erc,0.0007107795731040655,-2.1244373,2.3817917,1.11258402,4491338.945327941,161065.0037128,6318891419.056528,6594615419.056528,6900000000.0,2026-09-20,,
1290,Cryptocurrency Coin,CRYPTO,cryptocurrency-coin,0.004464825324030252,-1.96706226,-0.39245589,-7.42788437,4464724.031341794,19247.60472385,999977313.18,999977313.18,999977313.18,2026-09-20,,
1291,Bluzelle,BLZ,bluzelle,0.009226767303738205,-1.21015167,-3.74572102,-5.70965744,4462650.897921356,136796.7580545,483663535.77740306,500000000.0,,2026-09-20,,
1292,Jager Hunter,JAGER,jager-hunter,3.384196348256688e-10,-0.74231004,5.27300277,6.6993404,4453823.260030363,50505.03651914,1.3160652638623272e+16,1.3160652638623272e+16,1.46e+16,2026-09-20,,
1293,Nebius Group Tokenized Stock (Ondo),NBISon,nebius-group-tokenized-stock-ondo,219.50391177979205,-0.95284976,-0.61572162,-1.87044445,4453717.935714595,1854853.35424271,20289.92512982,20289.92512982,,2026-09-20,,
1294,HOPR,HOPR,hopr,0.013031235108096876,2.50797506,3.19049604,11.26652125,4445916.169928879,14757.0309888,341173813.0,394545361.0,1000000000.0,2026-09-20,,
1295,Partisia Blockchain,MPC,partisia-blockchain,0.008704346268478083,0.00058811,-0.53134013,4.41599398,4428770.220472521,3396.53572578,508799866.6265,614682884.5571,1000000000.0,2026-09-20,,
1296,Tokemak,TOKE,tokemak,0.048320569064428366,0.0,-0.8180433,-2.70211592,4401903.875693732,0.0,91097931.19001643,100000000.0,100000000.0,2026-09-20,,
1297,IMPT,IMPT,impt,0.002980189689453031,-0.97968292,-2.01387868,-2.17521219,4401347.773749793,84355.03551153,1476868331.3435643,1644703579.8824437,2759360954.815418,2026-09-20,,
1298,Unibright,UBT,unibright,0.02933312679011146,-0.05344829,7.3083245,-5.78758603,4399968.9963260135,3388.39699785,149999999.24349335,150000000.0,150000000.0,2026-09-20,,
1299,OctaSpace,OCTA,octaspace,0.10970576202637375,-0.12180206,1.33786937,-19.6508359,4386513.805290761,41460.96720181,39984352.0,44907921.32955668,48000000.0,2026-09-20,,
1300,Harvest Finance,FARM,harvest-finance,6.503985591158257,0.53939595,-2.56591274,6.5772748,4371871.478052389,152058.47469571,672183.450713,690420.0,,2026-09-20,,
1301,Enzyme,MLN,enzyme,1.329501768946962,-0.55917794,-0.92880552,-1.82062492,4355618.953354094,447918.08843015,3276128.73866575,3276748.35433767,,2026-09-20,,
1302,SIX Token,SIX,six,0.005117806354733296,0.91494602,2.16878331,-5.55056468,4355082.324968694,220738.54050818,850966610.126,999999970.0,1000000000.0,2026-09-20,,
1303,SmarDex,SDEX,smardex,0.00043774036324636354,0.13158479,0.8964911,-4.46150078,4294090.196036836,20105.49588754,9809673853.676798,10000000000.0,10000000000.0,2026-09-20,,
1304,TrustSwap,SWAP,trustswap,0.04285649427463104,0.8662838,2.45879338,1.20198487,4285442.173456792,119498.97991009,99995164.0,99995164.26708125,,2026-09-20,,
1305,Rainbow,RNBW,rainbow,0.020368638590662094,-0.06146953,-2.3563585,-3.16327588,4277414.104039039,206563.77687528,210000000.0,1000000000.0,1000000000.0,2026-09-20,,
1306,DOWGE,DJI6930,dowge,0.00427495414097196,0.77600304,-3.33223135,5.3190578,4274862.763827196,160827.40416785,999978625.0,999978625.0,999978625.0,2026-09-20,,
1307,Layer3,L3,layer3-xyz,0.0027881802459802213,0.98908495,-3.47093813,-8.32514251,4263360.808582913,1788725.904302,1529083643.2578168,3333333312.0,3333333333.0,2026-09-20,,
1308,SUPERFORTUNE,GUA,superfortune,0.03408532943726029,-2.69133903,3.84463586,-1.0349755,4260666.179657537,1523908.3194521,125000000.0,1000000000.0,1000000000.0,2026-09-20,,
1309,World3,WAI,world3,0.012305146563786265,-1.18940484,32.07321068,39.08830135,4223094.061207449,1708747.36423952,343197380.0,1000000000.0,1000000000.0,2026-09-20,,
1310,Checkmate,CHECK,checkmate,0.010945375489635959,-0.01743419,2.25388054,-13.25299004,4223090.782720378,1711714.77482989,385833340.0,1000000000.0,1000000000.0,2026-09-20,,
1311,PinLink,PIN,pinlink,0.04775311438419322,-1.95290789,-5.40071357,-18.68017948,4212141.35868857,198000.73700276,88206631.4,100000000.0,100000000.0,2026-09-20,,
1312,NetNet,NET,netnet,698.1487732287464,-3.90055651,-5.55584453,-3.94006308,4207741.250157081,1571637.92847593,6026.99798597,97135.68267716,,2026-09-20,,
1313,Australian Digital Dollar,AUDD,novatti-australian-digital-dollar,0.7143543903965127,0.175867,0.09427084,-0.32101149,4192774.51064206,4330.8321308,5869320.0,5670229.704638,,2026-09-20,,
1314,Lumentum Tokenized bStocks,LITEB,lumentum-tokenized-bstocks,916.5739671447213,-0.82767518,-0.36182645,-1.15296519,4189258.830623178,1627561.0412594,4570.56274866,4570.56274866,,2026-09-20,,
1315,Sherwood Protocol,WOOD,sherwood-protocol,0.004177946094353918,-0.84582833,1.95157406,-16.29689136,4177946.094353918,801540.78740599,1000000000.0,1000000000.0,1000000000.0,2026-09-20,,
1316,DIMO,DIMO,dimo,0.008204062210224801,-0.74322109,1.08521611,3.20349131,4147480.266529106,68832.18265725,505539836.2728237,1000000000.0,1000000000.0,2026-09-20,,
1317,Coca-Cola Tokenized Stock (Ondo),KOon,coca-cola-tokenized-stock-ondo,91.28990619670707,-0.11240999,0.00473874,0.78349342,4147169.8683975833,1160719.41672275,45428.56972009,45428.56972009,,2026-09-20,,
1318,Games for a Living,GFAL,games-for-a-living,0.0008602791258770178,-9.90880163,-8.01130247,5.93570662,3730767.6620835457,14210.36953863,4336694393.555333,10000000000.0,10000000000.0,2026-09-20,,
1319,Yala,YALA,yala,0.013394894721302383,0.00352143,-0.00078197,-0.01153565,4121925.641654732,0.0,307723631.0860649,998788638.537866,1000000000.0,2026-09-20,,
1320,BitShares,BTS,bitshares,0.0013735963528669823,0.21481098,-2.29713843,-6.74834647,4114003.492617784,79613.94633678,2995060000.0,2995060000.0,3600570502.0,2026-09-20,,
1321,iShares 0-3 Month Tokenized Treasury Bond ETF (Robinhood),SGOV,ishares-0-3-month-tokenized-treasury-bond-etf-robinhood,100.38725079199617,-0.00661004,0.14079528,0.01098437,4108055.332764825,192173.85461163,40922.082240072246,40922.082240072246,,2026-09-20,,
1322,Stonks,STNK,stonks,7.041005530418356,-0.78198756,39.90208604,48.28318941,4096995.063435948,282075.65057009,581876.41605112,581876.41605112,581918.12,2026-09-20,,
1323,Lockheed Tokenized Stock (Ondo),LMTon,lockheed-tokenized-stock-ondo,556.5581043182199,0.00519006,2.15732018,4.33205348,4096253.78373049,5428.78989521,7359.97508966,7359.97508966,,2026-09-20,,
1324,Cult DAO,CULT,cult-dao,9.45332566397123e-07,0.0,0.52609563,4.7344963,4082598.9921360705,0.0,4318690730920.0,4957113505372.0,6666666666666.0,2026-09-20,,
1325,tao.bot,TAOBOT,tao-bot,0.05309017152279647,-0.54076727,15.9630664,48.84026087,4070246.50111112,20930.99489944,76666667.0,100000000.0,100000000.0,2026-09-20,,
1326,TQQQ tokenized ETF (xStock),TQQQX,tqqq-tokenized-stock-xstock,72.84606880108024,0.00043636,-0.45524782,1.93591391,4065109.7635114123,1774.05767732,55804.10625331,2132842.76954633,,2026-09-20,,
1327,NATIX Network,NATIX,natix-network,9.912794037507222e-05,-0.11576166,3.6330975,16.96924711,4024909.064938898,86164.41581185,40603174541.0,99991483316.62,100000000000.0,2026-09-20,,
1328,Vultisig,VULT,vultisig,0.06189563668113757,0.0,-2.83637346,24.10197335,4023949.241279458,13.16121731,65011840.20465435,100000000.0,100000000.0,2026-09-20,,
1329,Broadcom Tokenized Stock (Reality),rAVGO,broadcom-tokenized-stock-reality,355.7964435624654,-0.17915935,-0.1427606,-1.45689024,4008111.8947120258,20988.89761797,11265.18257063,11265.18257063,,2026-09-20,,
1330,Swell Network,SWELL,swell-network,0.0007668240298281967,0.45464168,4.39626867,5.9872285,4004692.0345891775,400497.56897202,5222439410.885976,10000000000.0,10000000000.0,2026-09-20,,
1331,AXT Tokenized bStocks,AXTIB,axt-tokenized-bstocks,68.61238689478107,-1.15433141,-0.80616244,7.46978298,4001973.6181419333,2066730.36693083,58327.27586462,58327.27586462,,2026-09-20,,
1332,tx,TX,tx,0.001609802197072312,-1.58620134,-3.00635668,1.08036532,3996063.576684401,98696.41023541,2482332043.0,101927474788.0,,2026-09-20,,
1333,Chrono.tech,TIME,chrono-tech,5.624532389962246,-0.69156701,-0.92520983,15715.23603651,3994053.5690332605,0.0,710113.0,710113.0,710113.0,2026-09-20,,
1334,Ampleforth Governance Token,FORTH,ampleforth-governance-token,0.27821226271114835,-0.83020214,-1.26093785,7.12653345,3990549.4521448375,302515.12996644,14343542.63632151,15297897.14455933,,2026-09-20,,
1335,Fwog (SOL),FWOG,fwog-solana,0.00408833658552547,-0.84737571,-3.55584758,-12.20958572,3988725.605593542,1096483.93615317,975635328.0,975635328.0,975635328.0,2026-09-20,,
1336,PoP Planet,P,pop-planet,0.028274285319575466,1.87689709,-23.87070179,-60.40161788,3958399.944740565,184603.08720718,140000000.0,1000000000.0,1000000000.0,2026-09-20,,
1337,Shapeshift FOX Token,FOX,fox-token,0.005101163600765441,-0.17873028,-2.26244221,1.92184962,3939559.8647811576,52471.7455256,772286516.0,999089275.0,,2026-09-20,,
1338,Tesla Tokenized Stock (Reality),rTSLA,tesla-tokenized-stock-reality,364.1130879700613,-0.18060203,-0.06839201,-0.82582623,3931679.1002708366,36947.09921676,10797.96148551,10797.96148551,,2026-09-20,,
1339,Observer,OBSR,observer,0.0006040978836378362,-1.40131874,-4.23055105,14.60414191,3930913.782831348,1500976.80033942,6507080871.0,14000000000.0,14000000000.0,2026-09-20,,
1340,MileVerse,MVC,mileverse,0.0014132044414304555,-0.65567425,1.70082471,2.08784933,3901899.8579815365,54851.92308304,2761029999.334,3000000000.0,3000000000.0,2026-09-20,,
1341,Verified USD,USDV,verified-usd,0.2273696025659768,-0.72303023,11.85831451,13.88886365,3897527.6638094997,7.67386045,17141815.0,17141815.0,,2026-09-20,,
1342,AC Milan Fan Token,ACM,ac-milan-fan-token,0.2750895805339833,0.44488729,0.3628367,-1.19681569,3897088.728115597,1241894.38411689,14166617.0,19920000.0,19920000.0,2026-09-20,,
1343,ABBC Coin,ABBC,abbc-coin,0.004296432291190297,0.00311386,2.37918374,-9.7304002,3889577.750052798,35.37430141,905304095.6861483,907217636.86,1225109279.0,2026-09-20,,
1344,Marina Protocol,BAY,marina-protocol,0.0194396993294278,0.52509639,-0.94585299,23.76627385,3887939.86588556,496306.77159952,200000000.0,1000000000.0,1000000000.0,2026-09-20,,
1345,Arsenal Fan Token,AFC,arsenal-fan-token,0.15911658252119049,0.08978547,-2.34995657,-4.09528723,3887679.871485606,430140.08357374,24432902.02621,39266147.13,40000000.0,2026-09-20,,
1346,VestChain,VEST,vestchain,0.0009827243706142237,0.0,0.0,0.0,3877782.587367552,0.0,3945951381.0,3945951381.0,,2026-09-20,,
1347,Scamcoin,SCAM,scamcoin,0.0038731498766386664,-1.08497263,-5.0448605,50.91279653,3872975.801790611,35065.23946714,999955056.0,999955056.0,1000000000.0,2026-09-20,,
1348,LOFI,LOFI,lofitheyeti,0.003865829538339402,-4.68868033,3.05220945,9.46293705,3865829.538339402,223579.78531919,1000000000.0,1000000000.0,1000000000.0,2026-09-20,,
1349,Coreum,COREUM,coreum,0.010044405724471206,10.70514772,4.19494315,-32.8957779,3865007.4496621992,319.71311639,384792048.0,897767382.677904,,2026-09-20,,
1350,TSMC Tokenized bStocks,TSMB,tsmc-tokenized-bstocks,430.5191009578732,-0.16384623,-0.2598123,0.21600688,3843790.1748326453,845853.59677677,8928.268609407796,8928.268609407796,,2026-09-20,,
1351,Cratos,CRTS,cratos,6.008681732459228e-05,-0.1719138,0.16844875,6.29654866,3838095.136328809,767740.03904888,63875826799.0,100000000000.0,100000000000.0,2026-09-20,,
1352,Sui Name Service,NS,sui-name-service,0.011896221235174066,-3.54324446,1.20461203,5.43832937,3842121.3187598553,249349.2792078,322969894.625,500000000.0,500000000.0,2026-09-20,,
1353,fanC,FANC,fanc,0.001980157637255086,0.88230806,-0.63278867,53.89781526,3826353.29528935,700487.44504547,1932347820.85,2000000000.0,2000000000.0,2026-09-20,,
1354,Amaterasu Omikami,OMIKAMI,amaterasu-omikami,0.004033734894355125,0.00100188,1.74941759,3.82679789,3819850.179687923,16805.29792043,946976011.0,999476011.0,1000000000.0,2026-09-20,,
1355,Gearbox Protocol,GEAR,gearbox-protocol,0.00038195129132184957,-1.57489865,5.57409558,0.46454199,3819512.913218496,3825.39346475,10000000000.0,10000000000.0,10000000000.0,2026-09-20,,
1356,Diamond,DMD,diamond,1.0328576941440408,-1.18468086,-2.20926266,1.75117128,3814821.3758776817,13346.47838919,3693462.70788943,4380000.0,4380000.0,2026-09-20,,
1357,Arm Holdings plc Tokenized Stock (Ondo),ARMon,arm-holdings-plc-tokenized-stock-ondo,273.6890720353548,-0.6010836,-0.11400826,2.78725442,3806852.4995610286,1377035.52586611,13909.40628813,13909.40628813,,2026-09-20,,
1358,Aspecta,ASP,aspecta,0.009405761435497385,-0.33393717,0.69494219,-1.51191871,3800070.1454439755,367061.17923123,404015153.0,1000000000.0,1000000000.0,2026-09-20,,
1359,Quantoz EURQ,EURQ,quantoz-eurq,1.128481395255065,0.04330749,0.40383668,0.11939279,3780711.7216742104,2077133.34542612,3350265.0,5000000.0,,2026-09-20,,
1360,Propchain,PROPC,propchain,0.0878571291703103,-0.10383908,-2.2108435,-18.68005008,3766530.9715759507,63313.48892862,42871090.90799635,63763337.0,100000000.0,2026-09-20,,
1361,Forest Protocol,FOREST,forest-protocol,0.02982087434739675,-1.01075715,-2.60333893,-10.97329942,3766028.906757943,168924.99893402,126288346.30687825,1000000000.0,1000000000.0,2026-09-20,,
1362,GALAXIA,GXA,galaxia,0.0010508504287326573,0.06997769,-1.18267882,11.30836891,3755917.863540765,3898.56950687,3574169797.0,7619439991.0,,2026-09-20,,
1363,Cryptex Finance,CTX,cryptex-finance,0.3994673139617496,0.43837853,-0.47973633,13.32247713,3730467.299890021,1422886.79635851,9338604.61045688,10000000.0,,2026-09-20,,
1364,TSMC tokenized stock(xStock),TSMX,tsmc-tokenized-stock-xstock,432.0104787069221,-0.11154493,-0.16940611,0.31251299,3705708.6983445305,17685.10114577,8577.8213284,241063.68628662,,2026-09-20,,
1365,XMAQUINA,DEUS,deus-token,0.018389943643569412,-2.57395543,29.92375308,31.31109899,3703208.9899772033,342755.01156749,201371415.9081798,999987281.5088582,1000000000.0,2026-09-20,,
1366,PlatON,LAT,platon,0.0005297020732299025,-2.78683001,7.17284652,11.10104586,3703002.957725694,1380654.97063922,6990727703.114932,10250000000.0,,2026-09-20,,
1367,Meta Tokenized bStocks,METAB,meta-tokenized-bstocks,668.7461899582169,-0.19759287,-0.10606186,3.21638198,3702989.132993599,1955013.98065672,5537.21155888,5537.21155888,,2026-09-20,,
1368,Fei USD,FEI,fei-usd,1.0009175450910173,0.12283377,0.12778713,-0.00290838,3693079.3600398363,16799.04547344,3689693.89951498,3944568.59565746,,2026-09-20,,
1369,Pups (Bitcoin),PUPS,pups-runes,0.0038061740607468527,-4.95567744,3.78076782,16.13499706,3686072.750334866,51250.09682288,968445660.0,968445660.0,1000000000.0,2026-09-20,,
1370,雪球,雪球,xue-qiu,0.006841209189951557,-0.58896974,-4.47718645,-19.62816788,3676760.592750182,117224.23043355,537443088.0071096,537443088.0071096,1000000000.0,2026-09-20,,
1371,Solana Name Service,SNS,sns,0.0008123511569785741,7.3051098,8.1409391,-21.73210717,3655580.2064035833,1461.58038195,4500000000.0,10000000000.0,10000000000.0,2026-09-20,,
1372,ASML Tokenized bStocks,ASMLB,asml-tokenized-bstocks,1667.3465994158048,-0.28741747,-0.17169819,-1.6638894,3645047.958802423,846095.22241193,2186.13691963,2186.13691963,,2026-09-20,,
1373,Sταking,SN88,staking,0.80743224538509,-2.94551223,-2.73484257,11.1709835,3639402.039705497,98111.12899415,4507377.62890526,4507377.62890526,21000000.0,2026-09-20,,
1374,Alltoscan,ATS,alltoscan,0.04928823330012959,-0.08404079,2.16873112,0.1200282,3639136.2976494017,182033.39003063,73833774.3917438,98561539.0,100000000.0,2026-09-20,,
1375,LinqAI,LNQ,linqai,0.008164688832718193,-0.9724255,11.11034219,87.18978107,3626273.2407464054,298617.40735143,444141021.7882295,873400434.3366884,1000000000.0,2026-09-20,,
1376,Particl,PART,particl,0.23115565449391445,0.00311386,8.06816066,-30.82043522,3613417.0366572714,70.88415535,15631964.72337388,15656422.56675996,,2026-09-20,,
1377,客服小何,客服小何,kefuxiaohe,0.0035911714953038017,-0.57751808,-1.7542787,-4.39814731,3591171.4953038017,582042.33835711,1000000000.0,1000000000.0,1000000000.0,2026-09-20,,
1378,Depinsim,ESIM,depinsim,0.026678707857478414,0.14462113,-5.48820919,-11.55771338,3588286.2068308466,12488.534677,134500000.0,1000000000.0,1000000000.0,2026-09-20,,
1379,一 (USD1_ONE),一,usd1-one,0.003576702651161591,2.81933401,-9.13234452,-18.13567415,3576702.651161591,1726890.94317754,1000000000.0,1000000000.0,1000000000.0,2026-09-20,,
1380,Qualcomm Tokenized Stock (Ondo),QCOMon,qualcomm-tokenized-stock-ondo,181.9535578104574,-0.12260895,0.00150211,-2.37035202,3576882.3128579454,828345.22759179,19658.2158431,19658.2158431,,2026-09-20,,
1381,Ready Cards,READY,ready,0.003557526782213355,2.83097864,6.26822585,-16.91411967,3557526.782213355,197958.88873164,1000000000.0,1000000000.0,1000000000.0,2026-09-20,,
1382,Avici,AVICI,avici,0.2764623016442309,0.58324399,0.61762903,3.6369292,3566359.544276054,102726.34591635,12899985.0,12899505.663914,12900000.0,2026-09-20,,
1383,Oracle tokenized stock (xStock),ORCLX,oracle-tokenized-stock-xstock,145.48980360330327,-1.20063467,-1.34260548,-3.40471799,3563809.1566861677,91759.11009194,24495.25030911,488120.57908789,,2026-09-20,,
1384,MORI COIN,MORI,mori-coin,0.004448956736081668,-0.24422521,-4.71964616,1.11248653,3559200.913784872,1075342.1013266,800007985.0,999998186.0,999999999.0,2026-09-20,,
1385,Beta Finance,BETA,beta-finance,0.0035559326218293093,0.0230562,-3.74934365,-33.07883696,3555932.6218293095,0.0,1000000000.0,1000000000.0,1000000000.0,2026-09-20,,
1386,Lava Network,LAVA,lava-network,0.01341699163081819,-0.59482099,-1.51078355,-28.82847241,3548881.1077042543,584723.48668432,264506471.0,957202945.105938,,2026-09-20,,
1387,Altcoinist,ALTT,altcoinist,0.014455710393012067,-1.38186112,-8.54881657,-2.04691004,3541649.0462879566,14322.19745056,245000000.0,1000000000.0,1000000000.0,2026-09-20,,
1388,CoinEx Token,CET,coinex-token,0.004997688252277031,0.01015109,-0.00982737,-1.04275608,3541529.727930392,58597.30233256,708633582.0,2777476547.0,10000000000.0,2026-09-20,,
1389,South Korea Bull 3X ETF Tokenized bStocks,KORUB,south-korea-bull-3x-etf-tokenized-bstocks,19.666661441567527,-1.94945037,-0.1680644,-14.7433795,3529944.423460468,2598593.56466632,179488.7471851,179488.7471851,,2026-09-20,,
1390,Avalon Labs (AVL),AVL,avalon-labs-avl,0.021688348252094047,-0.78100094,0.47302601,-1.48185812,3506658.855414877,817191.72467082,161683998.0,162250000.8,1000000000.0,2026-09-20,,
1391,Pfizer Tokenized Stock (Ondo),PFEon,pfizer-tokenized-stock-ondo,29.263768397390578,0.0,0.00206618,10.93679099,3506252.4461790975,0.0,119815.47962537,119815.47962537,,2026-09-20,,
1392,Purple Bitcoin,PBTC,purple-bitcoin,0.18119329995042485,-1.35148703,-6.56276722,-0.80636551,3499235.6303102965,14343.35157007,19312169.0,19312169.0,19312169.0,2026-09-20,,
1393,SpaceN,SN,spacen,0.0869633563684,-0.9732188,-1.14869177,41.25202516,3479403.888299684,0.0,40010000.0,1000000000.0,1000000000.0,2026-09-20,,
1394,Amazon Tokenized Stock (Robinhood),AMZN,amazon-tokenized-stock-robinhood,253.4980059150236,-0.22228937,-0.40219381,-1.48848833,3477433.678051081,486859.37407926,13717.795,13717.795,,2026-09-20,,
1395,TARS AI,TAI,tars-protocol,0.003892977742514228,-0.20650299,6.655547,-3.0763291,3473274.8540319465,183862.34845647,892189753.9,892189753.9,999999988.0,2026-09-20,,
1396,Alon,ALON,alon,0.0034744833277839744,-0.76063801,-9.59843801,-17.33702385,3467401.434345252,1336049.24656547,997961742.0,997961742.0,,2026-09-20,,
1397,Star Atlas,ATLAS,star-atlas,0.00013548254827745477,0.03300971,-1.24195297,0.20434887,3453524.6213591387,87412.46205962,25490549633.6448,36000000000.0,,2026-09-20,,
1398,Vertcoin,VTC,vertcoin,0.04620623185990143,-0.26855224,-1.3943642,-8.41207057,3443417.9604739896,3654.03072546,74522804.0,74522804.0,84000000.0,2026-09-20,,
1399,PussFi,PUSS,pussfi,0.003914681819862433,-0.02552741,-1.07851919,-1.86520152,3440318.766676193,435493.32937718,878824621.0,1000000000.0,1000000000.0,2026-09-20,,
1400,ALTSEASON,ALTSZN,altseason,0.0034320510338764136,-7.31178534,5.83166683,14.41624408,3431933.9151348826,1719444.84613768,999965875.0,999965875.0,999965875.0,2026-09-20,,
1401,Advanced Micro Devices Tokenized bStocks,AMDB,advanced-micro-devices-tokenized-bstocks,552.676041363562,-0.49130076,-0.00440345,7.59121003,3426230.4736824734,2267533.93502151,6199.34684563,6199.34684563,,2026-09-20,,
1402,CESS Network,CESS,cess-network,0.0012893802560276523,0.64254565,19.89155163,-8.90654505,3416857.6784732784,179117.91131029,2650000000.0,10000000000.0,10000000000.0,2026-09-20,,
1403,Aavegotchi,GHST,aavegotchi,0.06487095723807011,0.44610777,3.32074595,-0.41308061,3421800.3569600596,514108.03029099,52747801.21406849,52747802.71425598,,2026-09-20,,
1404,PIBBLE,PIB,pibble,0.00011508816821842547,2.67959303,1.32278725,4.80445948,3412191.658159743,41567.06087711,29648500892.670006,29648500892.670006,30000000000.0,2026-09-20,,
1405,Boson Protocol,BOSON,boson-protocol,0.019921138391103415,-0.39115597,4.34947227,2.16374599,3395826.8755248296,134195.32870194,170463495.0501309,200000000.0,200000000.0,2026-09-20,,
1406,Coherent Tokenized bStocks,COHRB,coherent-tokenized-bstocks,313.27974372937564,-0.85430287,-0.28004724,2.86178308,3395680.2395350104,969109.50814397,10839.13118388,10839.13118388,,2026-09-20,,
1407,SPDR Gold Shares Tokenized Stock (Ondo),GLDon,spdr-gold-shares-tokenized-stock-ondo,401.8281153908922,0.03070033,-0.07984127,0.75090004,3377589.937145376,1388348.70262009,8405.55901336,8405.55901336,,2026-09-20,,
1408,Rayls,RLS,rayls,0.0022420614747353756,-0.64190477,-3.56434324,1.86202596,3363092.2121030632,827973.56131296,1500000000.0,9941472826.61472,10000000000.0,2026-09-20,,
1409,Impossible Finance Launchpad,IDIA,impossible-decentralized-incubator-access,0.004937722764991949,0.0,11.77703238,10.49270778,3357651.4801945253,0.0,680000000.0,1000000000.0,1000000000.0,2026-09-20,,
1410,IREN Tokenized Stock (Ondo),IRENon,iren-tokenized-stock-ondo,46.11927359688908,-0.91354012,-0.70186767,5.47889436,3351721.1978829335,2083783.16700049,72675.06481518,72675.06481518,,2026-09-20,,
1411,GmeStop,GME,gme,0.0004861110424363101,-1.3966829,-3.51443992,0.63827665,3346978.6609092834,1456832.32082295,6885214218.0,6885214218.0,,2026-09-20,,
1412,Yee Token,YEE,yee-token,0.0033461967007764886,-1.74718132,1.88274086,14.73039464,3346196.7007764885,416991.49917963,1000000000.0,1000000000.0,1000000000.0,2026-09-20,,
1413,ProjectVex,VEX,projectvex,0.0033441054247495654,-11.21730359,-25.92789717,-30.13628434,3344105.4247495653,800440.12103035,1000000000.0,1000000000.0,1000000000.0,2026-09-20,,
1414,Bitmine Tokenised Stock (xStock),BMNRx,bitmine-tokenised-stock-xstock,25.518998591087946,-1.38281869,-1.36905579,2.09832109,3335343.4568893914,166003.08872791,130700.40522884,3863076.06874224,,2026-09-20,,
1415,Aragon,ANT,aragon,0.07721984181619834,0.0,-1.87540785,-0.5328968,3335317.110158213,0.0,43192488.24799543,43192488.24799543,,2026-09-20,,
1416,iShares Russell 2000 Tokenized ETF (Ondo),IWMon,ishares-russell-2000-tokenized-etf-ondo,286.6072953787391,0.0,0.00600925,11.49597869,3334230.024999031,0.0,11633.44436363,11633.44436363,,2026-09-20,,
1417,PaLM AI,PALM,palm-ai,0.043082381024225555,-0.18493597,8.03034,31.49408303,3322770.2807377037,18374.27459188,77125966.61891283,77125966.61891283,,2026-09-20,,
1418,Suku,SUKU,suku,0.004886797727142405,0.14691017,1.24637752,3.27147481,3313475.0853926297,26687.87917069,678046293.3812101,1500000000.0,,2026-09-20,,
1419,OneFootball Credits,OFC,onefootball-credits,0.010250167162254256,-16.18311254,36.75405623,26.92147287,3289202.834696321,9913840.99364977,320892604.2502654,1000000000.0,1000000000.0,2026-09-20,,
1420,Kori The Pom,KORI,kori-the-pom,0.0032980618804712963,-1.01164626,-6.09094995,19.82884004,3298061.880471296,57268.61852244,1000000000.0,1000000000.0,1000000000.0,2026-09-20,,
1421,Strategy Inc. Tokenized Stock (Robinhood),MSTR,strategy-inc-tokenized-stock-robinhood,154.40323353994333,-2.16113815,-0.54463704,18.86205352,3297279.2148470106,1491352.09405268,21354.9881,21354.9881,,2026-09-20,,
1422,Sport.Fun,FUN,sport-fun,0.018487181843920886,-0.86106831,-1.24092023,1.02835848,3290718.3682179176,812223.02921663,178000000.0,1000000000.0,1000000000.0,2026-09-20,,
1423,Shadow Token,SHDW,genesysgo-shadow,0.019423804234371546,0.0056919,0.33043286,0.12775606,3283662.872585337,23292.97692012,169053540.3345296,169053540.3356472,,2026-09-20,,
1424,ASML Holding NV Tokenized Stock (Ondo),ASMLon,asml-holding-nv-tokenized-stock-ondo,1674.6871637991887,0.01489681,-0.27860286,-2.22320901,3279430.554732632,2779041.67677436,1958.23472325,1958.23472325,,2026-09-20,,
1425,Djed,DJED,djed,0.9955849780693831,-0.66309039,-1.87691623,0.55124007,3278863.618804567,25277.53128623,3293404.07,1000000000000.0,1000000000000.0,2026-09-20,,
1426,Ramses,RAM,ramses,0.049597398993342784,-3.29716221,-10.34772383,-15.45645667,3276824.219091261,15957.68826165,66068469.02457713,241469119.857873,1000000000.0,2026-09-20,,
1427,TermMax,TMX,termmax,0.021420764646945856,1.87096925,-0.70803575,-36.08764688,3273092.8380533266,3558476.71391469,152800000.0,1000000000.0,1000000000.0,2026-09-20,,
1428,WOM Protocol,WOM,wom-protocol,0.01694317032583623,0.02208575,0.06696852,-0.19667876,3270031.8728863923,0.0,193000000.0,1000000000.0,,2026-09-20,,
1429,SCOR,SCOR,scor,0.009201085300270946,-1.6937161,-2.71600562,-23.73028601,3266753.9603051506,14458.52097478,355040069.04587156,4000000000.0,4000000000.0,2026-09-20,,
1430,EarthMeta,EMT,earthmeta,0.0022646996536514145,27.85646185,-3.13687218,5.25292764,3255595.585217719,18963.44533229,1437539666.67,2100000000.0,2100000000.0,2026-09-20,,
1431,OpenAI tokenized stock (PreStocks),OPENAI,openai-tokenized-stock-prestocks,1711.5099446586623,0.03017553,2.10139027,-1.26955525,3255104.09555634,553275.54651015,1901.89026112,1901.89026112,,2026-09-20,,
1432,Pundi AI,PUNDIAI,pundi-ai,0.46080742067666264,-1.12289409,0.11874409,-0.1193625,3252199.9818566623,4654.51369831,7057612.0,8312980.0,18930226.0,2026-09-20,,
1433,AST SpaceMobile Tokenized Stock (Ondo),ASTSon,ast-spacemobile-tokenized-stock-ondo,58.80784700623945,-0.04983229,0.13529696,-1.95415732,3250403.670743624,867356.63891412,55271.59786004,55271.59786004,,2026-09-20,,
1434,Ren,REN,ren,0.0032725543497051286,-0.8909222,-2.88396887,-7.83555221,3249247.2546789977,13223.07221588,992878011.322186,999999632.80375,,2026-09-20,,
1435,Giant Mammoth,GMMT,giant-mammoth,0.0015418780734624015,-0.32140135,0.57302598,-4.49240167,3237943.954271043,48351.14239838,2100000000.0,3000000000.0,3000000000.0,2026-09-20,,
1436,Oracle Tokenized bStocks,ORCLB,oracle-tokenized-bstocks,145.71136469290101,-0.93008679,-1.05773888,-3.20971037,3231734.4156895922,2037100.50388495,22179.01412495,22179.01412495,,2026-09-20,,
1437,Inflation Hedging Coin,IHC,inflation-hedging-coin,2.6974874387836522e-05,-0.97526337,-1.02689075,-1.6924892,3227354.56522607,682.89947481,119642987723.47,621439126933.0,1000000000000.0,2026-09-20,,
1438,Major,MAJOR,major,0.03832180621589784,0.00671023,-0.65637192,-1.61419608,3194117.4896166646,764385.1936634,83349868.0,99999999.0,99999999.0,2026-09-20,,
1439,Nine Chronicles,WNCG,wrapped-ncg,0.004310520292364926,0.18577472,2.71566461,1.9726885,3190760.894005323,307573.4901051,740226394.4,723789440.0,1000000000.0,2026-09-20,,
1440,KYVE Network,KYVE,kyve-network,0.002606554390383,3.87217922,45.79324896,55.97657995,3182906.099311323,55419.21851272,1221116317.792868,1274080733.792868,,2026-09-20,,
1441,VOOI,VOOI,vooi,0.009213129003622669,-0.08032317,1.22559559,9.34010167,3177173.0216118083,356606.19973951,344852766.13,1000000000.0,1000000000.0,2026-09-20,,
1442,Dingocoin,DINGO,dingocoin,2.7588350889587406e-05,-0.02593883,-0.79551916,-10.00616831,3176052.3056141646,36276.49760329,115122948752.0,115122948752.0,,2026-09-20,,
1443,VitaDAO,VITA,vitadao,0.2202576215640728,0.0,-1.5941606,3.98490078,3176045.407043348,24.48653375,14419684.47897472,27219552.0,64298880.0,2026-09-20,,
1444,Palantir Technologies Tokenized Stock (Ondo),PLTRon,palantir-technologies-tokenized-stock-ondo,177.53683972203407,-0.07880842,0.08445931,5.87199491,3172885.4711607634,1907304.50618086,17871.70187398,17871.70187398,,2026-09-20,,
1445,Neon EVM,NEON,neon,0.013199125838755215,-0.68399944,-0.46192971,-1.18299915,3160735.6249168348,25471.67267078,239465527.0,1000000000.0,1000000000.0,2026-09-20,,
1446,Ancient8,A8,ancient8,0.0049818898322361105,-0.65159449,-2.07703278,-1.7035364,3155139.5922353556,1827043.88994907,633321831.37,1000000000.0,1000000000.0,2026-09-20,,
1447,Arrow Finance,ARROW,arrow-finance,0.345811146600476,-1.67385683,0.17285105,0.02400587,3112300.319404284,1225499.59187618,9000000.0,10000000.0,10000000.0,2026-09-20,,
1448,XBorg,XBG,xborg,0.013029779771416646,-0.55991891,-3.82780032,-7.99217385,3109860.2496621017,9877.98783947,238673278.0,1000000000.0,1000000000.0,2026-09-20,,
1449,Book of Ethereum,BOOE,book-of-ethereum,0.032137720936698776,-1.49772603,5.57396161,1.13759319,3091359.80386148,13421.02570698,96191009.0,100000000.0,100000000.0,2026-09-20,,
1450,Odos,ODOS,odos,0.0008222205799014074,0.00538897,-1.39570802,2.11377987,3087949.368521104,357369.26422844,3755621598.393196,10000000000.0,10000000000.0,2026-09-20,,
1451,FEED EVERY GORILLA,FEG,feed-every-gorilla,3.5375638130397874e-05,0.39804108,-0.10081109,0.77444077,3068761.3196091712,210185.31546207,86747871749.97192,96129744084.00049,100000000000.0,2026-09-20,,
1452,Ket (ketonsolana.com),KET,ket-on-solana,0.003045475083371945,-2.17810459,0.97267386,-27.05032752,3045401.7222385537,865135.96659698,999975911.432081,999975911.432081,1000000000.0,2026-09-20,,
1453,AIVille Governance Token,AIV,aiville,0.0010946150922497703,-2.12350972,-1.60697567,22.0632513,3039921.249592372,676.87168221,2777160000.0,10000000000.0,10000000000.0,2026-09-20,,
1454,ZenChain,ZTC,zenchain,0.0005449809625012194,0.02230473,-0.31719806,-0.56627283,3038259.859043931,242427.48623083,5574983473.0,21000000000.0,21000000000.0,2026-09-20,,
1455,League of Traders,LOT,league-of-traders,0.006164916424637005,-1.14941756,-1.40876513,-0.17204503,3032796.4136491013,136665.27506376,491944449.0,1000000000.0,1000000000.0,2026-09-20,,
1456,Microsoft Tokenized Stock (Robinhood),MSFT,microsoft-tokenized-stock-robinhood,494.2537964708074,0.11137986,-0.12042091,0.04905389,3005969.919636175,229143.73518082,6081.834759996061,6081.834759996061,,2026-09-20,,
1457,Unstable Coin (usduc.io),USDUC,unstable-coin-sol,0.0030006387336003484,-1.24931084,-7.86519105,-30.06687471,3000387.3827447086,797175.44400924,999916234.216127,999916234.216127,1000000000.0,2026-09-20,,
1458,BlackFort Exchange Network,BXN,blackfort-exchange-network,0.0006681992408468107,0.00322899,-1.38464772,5.42133548,2999940.4158896757,253961.7323126,4489589680.0,49999999999.0,49999999999.0,2026-09-20,,
1459,Flamingo,FLM,flamingo,0.005288070456118351,0.00311386,-0.00125315,-0.00615062,2995446.943337189,0.0,566453674.9640744,566453674.9640744,1000000000.0,2026-09-20,,
1460,Pain (paintoken.com),PAIN,pain,0.5985532440395567,-1.05024752,-4.47464016,4.03656141,2992679.150393776,929.49942236,4999854.532901,9999854.532901,10000000.0,2026-09-20,,
1461,iShares Core S&P MidCap Tokenized ETF (Ondo),IJHon,ishares-core-sp-midcap-tokenized-etf-ondo,73.79689937109913,0.0,-0.00521429,-1.80922766,2988991.6277657393,0.0,40502.94325694,40502.94325694,,2026-09-20,,
1462,Ski Mask Dog,SKI,ski-mask-dog,0.003016261732867341,-4.53848963,-14.21820037,-6.37136585,2984280.45147805,48292.44713211,989397047.0,1000000000.0,1000000000.0,2026-09-20,,
1463,GameStop Tokenized Stock (Robinhood),GME,gamestop-tokenized-stock-robinhood,22.34699650539493,-0.37498399,-0.92979208,6.18414254,2981585.8840820338,1059054.63061263,133422.22,133422.22,,2026-09-20,,
1464,AMD Tokenized Stock (Reality),rAMD,amd-tokenized-stock-reality,554.8061473014417,-0.24690713,-0.18872051,7.63807089,2978369.302604169,16876.92781194,5368.3062401,5368.3062401,,2026-09-20,,
1465,Adappter Token,ADP,adappter-token,0.0006349035240809456,-1.51048107,-13.13026101,29.83293147,2975637.8888443494,811032.03534619,4686755981.0,10000000000.0,10000000000.0,2026-09-20,,
1466,Coinbase Tokenized Stock (Reality),rCOIN,coinbase-tokenized-stock-reality,192.5723010965583,-0.87716921,-0.95639994,9.60005349,2973830.8029086255,243509.56067566,15442.67158867,15442.67158867,,2026-09-20,,
1467,Everscale,EVER,everscale,0.0014945603651140284,4.1908604,5.0043164,-24.74218875,2967484.700200397,9345.96952182,1985523482.0,2117524486.0,,2026-09-20,,
1468,DaGama World,DGMA,dagama-world,0.017045364078357748,-0.10592275,-0.00660923,0.33208721,2965342.4404354035,88386.03486413,173967679.82213157,700000000.0,700000000.0,2026-09-20,,
1469,Bytecoin,BCN,bytecoin-bcn,1.6091961976716156e-05,-0.68854363,-45.79921892,-51.16579981,2961996.4104505433,4.78381908,184066828814.058,184066828814.058,184470000000.0,2026-09-20,,
1470,PornRocket,PORNROCKET,pornrocket,7.65241542066048e-09,0.0,0.2503302,4.61918796,2925549.019189726,0.0,382303999243316.25,382303999243316.25,1000000000000000.0,2026-09-20,,
1471,Minutes Network Token,MNTX,minutes-network-token,0.037690357477396914,-7.88780088,-2.96420566,-19.21632661,2927456.0098151835,103640.5781346,77671219.0,93328736.60546489,500000000.0,2026-09-20,,
1472,Secret,SCRT,secret,0.008000863755221318,-0.69447852,0.46344917,-8.83036524,2914178.721419418,1205687.90404052,364233014.156458,1449155256.684398,,2026-09-20,,
1473,JPMorgan Chase Tokenized Stock (Ondo),JPMon,jpmorgan-chase-tokenized-stock-ondo,354.0384691710436,0.09652687,-0.48603448,-2.21603422,2885975.1646502367,1033969.01617399,8151.58638384,8151.58638384,,2026-09-20,,
1474,ROA CORE,ROA,roa-core,0.003592230085739159,-0.03205362,1.66195633,0.31335138,2880968.5287628057,37899.86518298,802000000.0,949999869.89,1000000000.0,2026-09-20,,
1475,Star Atlas DAO,POLIS,star-atlas-polis,0.009784048082897784,-2.47779622,-0.11805157,8.92766306,2878315.554815855,17217.99707072,294184526.7346,360000000.0,,2026-09-20,,
1476,zkVerify,VFY,zkverify,0.007328154969253235,-1.05804393,-2.03719064,6.26826584,2873657.519851813,80605.07311135,392139294.53031874,1024912227.0980618,,2026-09-20,,
1477,Palo Alto Networks Tokenized Stock (Ondo),PANWon,palo-alto-networks-tokenized-stock-ondo,363.748201291189,-0.07303404,0.19069655,10.10882195,2870883.445362793,550030.90700334,7892.5021077,7892.5021077,,2026-09-20,,
1478,Real,REAL,realyn,0.0028748454566967624,0.0,8.90226349,38.87852276,2861100.9540713546,0.0,995219046.438343,999998716.084432,999999998.859557,2026-09-20,,
1479,DORA,DORA,dora,0.0028609582427468402,-0.00122624,0.4748646,15.01942313,2860958.24274684,2363.11195789,1000000000.0,1000000000.0,1000000000.0,2026-09-20,,
1480,DeFinity,DEFX,definity,0.019316745601344065,0.0,2.37881067,25.74144467,2860359.566516838,0.0,148076680.49,169696000.0,171516755.0,2026-09-20,,
1481,United States Oil Tokenized Fund (Ondo),USOon,united-states-oil-tokenized-fund-ondo,155.5082897937313,-0.45143979,1.09747688,1.49819265,2858992.750684668,721921.61893279,18384.82536511,18384.82536511,,2026-09-20,,
1482,Microsoft Tokenized bStocks,MSFTB,microsoft-tokenized-bstocks,493.83804080651583,-0.09617163,-0.01022503,-0.30412204,2852054.5321967746,1458138.30234417,5775.2831830025025,5775.2831830025025,,2026-09-20,,
1483,Chevron Tokenized Stock (Ondo),CVXon,chevron-tokenized-stock-ondo,216.73315435336465,0.06939239,1.06914383,-2.39415305,2841185.966662379,1326840.27997591,13109.1432464,13109.1432464,,2026-09-20,,
1484,Rocket Lab Tokenized bStocks,RKLBB,rocket-lab-tokenized-bstocks,64.03826867186159,-0.37200444,-0.59025206,1.70154014,2836777.908353063,1003321.41384769,44298.16681786,44298.16681786,,2026-09-20,,
1485,Central African Republic Meme,CAR,central-african-republic-meme,0.002854629084969403,-1.86785706,-4.45093076,3.82185358,2834524.491204505,64.13566697,992957195.780441,992957195.780441,1000000000.0,2026-09-20,,
1486,Highstreet,HIGH,highstreet,0.029003916556183847,-6.4200624,-9.36209863,0.01831354,2831093.567777818,26730035.65077386,97610733.4433152,100000000.0,100000000.0,2026-09-20,,
1487,ARC,ARC,arc,0.0030478179608241004,-1.00794941,22.81393818,186.16475088,2811975.6421298417,50045.07825448,922619289.6932436,1030000000.0,1030000000.0,2026-09-20,,
1488,Metahero,HERO,metahero,0.0005509854870769348,-0.67718453,-2.55680236,1.24038449,2807625.5001109648,417.7390589,5095643290.0,9766213274.0,10000000000.0,2026-09-20,,
1489,Cisco Systems Tokenized Stock (Ondo),CSCOon,cisco-systems-tokenized-stock-ondo,111.22899622690723,0.05207846,0.24312363,-1.72374018,2798763.7953570266,1480285.38836916,25162.17794187,25162.17794187,,2026-09-20,,
1490,BitForex Token,BF,bitforex-token,0.0006495729260212165,0.0,0.0,0.0,2786066.156590516,0.0,4289073705.17397,10000000000.0,,2026-09-20,,
1491,Minima,MINIMA,minima-global,0.005024861497029695,-0.58482979,7.82251994,-3.24655919,2780592.1300379117,9487.18645562,553366920.0,999978154.0,1000000000.0,2026-09-20,,
1492,Oklo Tokenized Stock (Reality),rOKLO,oklo-tokenized-stock-reality,38.08856433352154,0.0,0.0050269,4.94726632,2779468.265400358,0.0,72973.82597732,72973.82597732,,2026-09-20,,
1493,DogeBonk,DOBO,dogebonk,4.766854845471675e-09,0.0,-0.90056614,3.76203558,2778884.4573585275,0.0,582959739166037.0,582959739166037.0,,2026-09-20,,
1494,Footballcoin (XFC),XFC,footballcoin,0.007023156931838702,-0.06537923,-0.18911105,-0.88680633,2776028.975576413,51853.30483684,395267968.8804323,1000000000.0,,2026-09-20,,
1495,Mitosis,MITO,mitosis,0.015287816814393685,-1.85704757,2.91001898,8.40098291,2771269.6709965654,6782005.89088813,181273082.0,1000000000.0,1000000000.0,2026-09-20,,
1496,IBStoken,IBS,ibstoken,0.00068828147561454,0.08121038,0.31691586,-0.42332728,2770343.4012269527,104226.37277992,4025015200.0,20000000000.0,20000000000.0,2026-09-20,,
1497,Not Pixel,PX,not-pixel,0.014160919885040086,-0.85850953,-0.43640455,-0.85405922,2767458.504719346,6911.08863074,195429289.0,225000000.0,225000000.0,2026-09-20,,
1498,Pkoin,PKOIN,pocketnet,0.19864637368649965,0.00304841,1.04663178,0.3788895,2765987.2676189635,21018.73512255,13924177.0,16609085.0,24375000.0,2026-09-20,,
1499,Alibaba Tokenized Stock (Ondo),BABAon,alibaba-tokenized-stock-ondo,115.68142842499653,0.02057069,0.44229817,5.03039863,2758575.6443144777,1849919.66829007,23846.31381089,23846.31381089,,2026-09-20,,
1500,Kin,KIN,kin,9.986081348984922e-07,-3.18835692,-3.21107325,38.18368925,2754023.1102077137,3435.29143811,2757861681637.17,2757861681637.17,2757861681637.17,2026-09-20,,
