rank,name,symbol,slug,price_usd,change_1h_pct,change_24h_pct,change_7d_pct,market_cap_usd,volume_24h_usd,circulating_supply,total_supply,max_supply,date_snapshot,fdv_usd,liq_mkt_cap_pct
1,Bitcoin,BTC,bitcoin,63896.34591993277,-0.1373185,-0.66284345,-2.71833012,1280879312958.232,18949341939.667606,20046206.0,20046206.0,21000000.0,2026-06-22,1341823264318.59,1.4794
2,Ethereum,ETH,ethereum,1730.5415934125394,0.05494762,-0.20637607,0.75491056,208848468965.5644,9780150220.43363,120683877.0940639,120683877.0940639,,2026-06-22,208848468965.56,4.6829
3,Tether USDt,USDT,tether,0.9987855954204975,0.00081902,0.00543675,-0.06016449,186210263448.75586,47532544682.74987,186436672998.23212,193153431951.95782,,2026-06-22,192918865539.65,25.5263
4,BNB,BNB,bnb,589.3807964495919,-0.09856017,-0.02067471,-4.42787275,79438732534.35411,827321876.6085843,134783374.37,134783374.37,134783375.2,2026-06-22,79438733023.54,1.0415
5,USDC,USDC,usd-coin,0.9996251456164688,-0.00496375,-0.00440337,-0.00519223,74800807569.99547,5807136103.620327,74828857495.24219,74828857495.24219,,2026-06-22,74800807570.0,7.7635
6,XRP,XRP,xrp,1.1307590168834747,-0.11520046,-1.45311894,-4.59514945,70168008071.58308,1076340521.7954304,62053900985.0,99985653167.0,100000000000.0,2026-06-22,113075901688.35,1.5339
7,Solana,SOL,solana,73.50156427034251,-0.01450613,0.10625714,3.32728073,42652219164.358765,2131033020.0086482,580289951.4829606,628819506.1742333,,2026-06-22,46219217347.51,4.9963
8,TRON,TRX,tron,0.32785102755067297,0.00059905,0.56421605,2.21631781,31093209420.561436,370357519.6979562,94839444771.16406,94839438419.11127,,2026-06-22,31093207338.03,1.1911
9,Hyperliquid,HYPE,hyperliquid,65.69870644244868,-1.44613617,-5.66288598,0.09910491,16638649085.859474,452704295.7142769,253256875.01069358,953815591.5712719,953816220.5095714,2026-06-22,62664491871.3,2.7208
10,Dogecoin,DOGE,dogecoin,0.08300104636217458,-0.04245759,-0.57360663,-6.59531253,14149450086.165277,347036705.0502136,170473153126.5791,170473153126.5791,,2026-06-22,14149450086.17,2.4527
11,UNUS SED LEO,LEO,unus-sed-leo,9.577329129444115,0.44638431,-0.07028404,-2.12196055,8814325354.177896,348284.51109487,920332300.9,985239504.0,,2026-06-22,9435963001.14,0.004
12,Zcash,ZEC,zcash,441.85417900870505,-0.5749934,-6.00845079,-8.84055023,7382444574.715274,422774034.8702246,16707875.4155448,16707875.4155448,21000000.0,2026-06-22,9278937759.18,5.7267
13,Stellar,XLM,stellar,0.2106413659241258,-0.52060062,-1.43632957,10.61058495,7124727043.281887,175572497.71733373,33823969057.664837,50001786839.91258,50001806812.0,2026-06-22,10532448885.55,2.4643
14,Monero,XMR,monero,321.7505185722183,0.35875753,1.5941854,-4.98220692,6038659102.138006,90765080.99339238,18768141.00855164,18768141.00855164,,2026-06-22,6038659102.14,1.5031
15,Canton,CC,canton-network,0.1510082810710287,-0.04284903,-2.81383122,-7.26046646,5868019665.804691,14215064.07213416,38858926306.46257,38858926306.46257,,2026-06-22,5868019665.8,0.2422
16,Cardano,ADA,cardano,0.15842364719221363,-0.41301207,-2.14285495,-12.4797966,5763003704.685155,282767881.1656201,36377168477.20951,44993814254.20328,45000000000.0,2026-06-22,7129064123.65,4.9066
17,Chainlink,LINK,chainlink,7.868932515758427,-0.09846255,-1.13253056,-3.86441331,5721500599.488583,187657288.77145106,727099970.4255477,1000000000.0,1000000000.0,2026-06-22,7868932515.76,3.2799
18,Dai,DAI,multi-collateral-dai,0.9995884497073318,0.00820014,0.00681797,-0.00132665,5363174577.843313,41104313.81663118,5365382702.664872,5365382702.664872,,2026-06-22,5363174577.84,0.7664
19,World Liberty Financial USD,USD1,usd1,0.999137590566067,-0.06637428,-0.08178144,-0.0938279,4808045148.814014,2407599024.389458,4812195231.379483,4812195231.379483,,2026-06-22,4808045148.81,50.0744
20,Ethena USDe,USDe,ethena-usde,0.9988959868971737,-0.00348517,0.02088188,-0.06137353,4478443134.497046,74021604.6325326,4483392858.958454,4483392858.958454,,2026-06-22,4477938332.22,1.6401
21,Gram (prev. Toncoin),GRAM,gram,1.625175802941541,-0.05693033,-1.22971397,-8.86361389,4375965148.721608,35679424.54732011,2692610326.095912,5201396097.713665,,2026-06-22,8453684158.13,0.8152
22,Bitcoin Cash,BCH,bitcoin-cash,198.5997605320993,-0.08585987,-0.41241785,-6.00588622,3982152967.7689514,78340335.85061161,20051146.875,20051146.875,21000000.0,2026-06-22,4169941291.33,1.9667
23,MemeCore,M,memecore,2.9229453775066756,0.12422746,1.95384826,-2.35601428,3845199767.8966417,10590504.62786993,1315522280.1928189,5382839052.832245,10000000000.0,2026-06-22,29243879788.03,0.2751
24,Litecoin,LTC,litecoin,44.912975052985146,0.07702621,0.93897001,-0.75041889,3472051801.830774,196389785.9764017,77306208.23347135,84000000.0,84000000.0,2026-06-22,3771355577.06,5.6605
25,Hedera,HBAR,hedera,0.07872444520854323,-0.12002596,-1.92961724,-2.81770474,3422408536.0147033,39188595.13725144,43473263316.732796,50000000000.0,50000000000.0,2026-06-22,3938326014.43,1.1447
26,Sui,SUI,sui,0.7010988134548166,-0.06853949,-1.24727198,-12.06230771,2824865132.4316607,280833504.0807516,4029196852.454399,10000000000.0,10000000000.0,2026-06-22,7011200088.73,9.9407
27,Global Dollar,USDG,global-dollar-usdg,0.9997754914439608,-0.00424376,0.01024624,-0.03952115,2804754584.4807653,32730096.37669372,2805384417.285425,2805384417.285425,,2026-06-22,2804657824.31,1.1671
28,NEAR Protocol,NEAR,near-protocol,2.1367363146031324,-0.79971064,-2.98961724,-9.00409179,2775340746.1083155,278901804.49498355,1298869087.0,1298869087.0,,2026-06-22,2774878618.88,10.0516
29,Shiba Inu,SHIB,shiba-inu,4.6674506380374334e-06,-0.1126539,-1.03460221,-6.97227797,2750263350.8892126,42196008.16654497,589243157383586.5,589499825955411.2,589552695333683.0,2026-06-22,2751705730.2,1.5347
30,PayPal USD,PYUSD,paypal-usd,0.9995983426408668,-0.00942333,-0.01014907,-0.00689203,2749869492.2404146,34242723.99301069,2750974441.369578,2750974441.369578,,2026-06-22,2749951977.96,1.2471
31,Cronos,CRO,cronos,0.058694403811960685,-0.21742903,-0.19665719,-5.60206543,2701756776.610327,5866524.84818888,46030909271.45197,98730909893.04213,100000000000.0,2026-06-22,5870232571.7,0.2172
32,Avalanche,AVAX,avalanche,6.236016380561794,0.18771299,-0.08935541,-7.74339487,2692537022.568384,231984250.39627582,431771961.1772119,463441061.1772119,715748719.0,2026-06-22,4468646548.15,8.6068
33,Tether Gold,XAUt,tether-gold,4162.112646126832,-0.22066627,0.43155335,-3.34162737,2550641103.1838613,100309959.08124435,612823.659532,707747.089,,2026-06-22,2945723029.89,3.9331
34,Bittensor,TAO,bittensor,229.25460340512169,0.15122063,-4.21323021,-16.80492714,2531579076.494916,371285993.2623576,11042653.18511968,21000000.0,21000000.0,2026-06-22,4814336045.09,14.6326
35,Worldcoin,WLD,worldcoin-org,0.636776982954635,0.83223867,5.02527397,7.08133999,2203135807.569763,434906812.98221797,3459823245.0979123,10000000000.0,,2026-06-22,6377915550.54,19.715
36,PAX Gold,PAXG,pax-gold,4169.538887823532,-0.21767406,0.41319863,-3.41811147,1894719614.023309,68405575.1478137,454419.461,454419.461,,2026-06-22,1894641279.53,3.6148
37,World Liberty Financial,WLFI,world-liberty-financial-wlfi,0.059246362689121396,-0.16020078,0.98219154,-1.9334914,1882498854.59694,25492073.74537878,31774083153.0,100000000000.0,100000000000.0,2026-06-22,5928872376.8,1.3542
38,Uniswap,UNI,uniswap,3.009813288266898,-0.15416783,1.35842985,16.51711751,1871043091.3835747,138391119.98554248,621647561.5538775,893782420.0329479,,2026-06-22,2689983028.22,7.3973
39,Mantle,MNT,mantle,0.5309153547643362,-0.28445792,-0.90841463,-6.89880635,1753238793.640821,22275280.52429276,3302294382.53684,6219316794.889999,6219316795.0,2026-06-22,3301944910.32,1.2707
40,Aster,ASTER,aster,0.6335276629763495,-0.8178699,-2.67311311,-0.43026192,1709117688.3004448,59819201.33685925,2697779099.764817,7822218820.515041,8000000000.0,2026-06-22,5070563068.66,3.4999
41,Ripple USD,RLUSD,ripple-usd,0.9999552000886536,-0.00489644,0.00700606,0.0079421,1628291977.906543,84348333.6622966,1628364928.51098,1628364928.51098,,2026-06-22,1628366199.18,5.1801
42,Ondo,ONDO,ondo-finance,0.33436032925692427,-0.34132854,-1.59190575,-11.94628914,1628110998.391752,69127454.02005425,4869330647.0,10000000000.0,,2026-06-22,3344011534.63,4.246
43,Polkadot,DOT,polkadot-new,0.9511863890875073,-0.19216258,-1.84353396,-5.03783982,1607325649.98251,60150947.11210462,1689811448.5473773,1689811448.5473773,2100000000.0,2026-06-22,1997385517.05,3.7432
44,OKB,OKB,okb,76.21354798710152,-0.43855948,0.63171632,0.89657279,1600484507.729132,16810781.61140415,21000000.0,21000000.0,21000000.0,2026-06-22,1600582568.34,1.0504
45,Pi,PI,pi,0.13653315573247096,0.34577861,1.05671946,1.55617486,1473451800.1511831,5227770.37702945,10791897339.854424,100000000000.0,100000000000.0,2026-06-22,13651404476.23,0.3549
46,Sky,SKY,sky,0.05930861010790523,0.04033198,1.49672386,2.96921388,1380929067.8745522,13988915.8220049,23283787385.374733,23462665147.365967,23462665147.0,2026-06-22,1391290602.13,1.013
47,USDD,USDD,usdd,0.9987573165278586,-0.00637684,-0.00137778,-0.06707075,1369581152.514058,22587515.99048538,1371285226.0,1371285226.0,,2026-06-22,1369517747.8,1.6481
48,Internet Computer,ICP,internet-computer,2.2361072543976506,-0.24940922,-1.45296293,-12.57907878,1239142397.607088,38354909.49765702,554151593.2074023,554151593.2074023,,2026-06-22,1239461722.87,3.0933
49,Bitget Token,BGB,bitget-token-new,1.7537823204283876,-0.03231627,-0.93078463,-2.87946122,1225391943.6000962,11734829.89036281,698713819.4555274,913931274.6481038,919992035.98,2026-06-22,1614616740.64,0.9579
50,Pepe,PEPE,pepe,2.8209546269738733e-06,-0.02630367,-0.45964246,-3.20867346,1167233373.4776185,114364242.35064141,413772473444475.9,413772473444475.9,413772473444475.9,2026-06-22,1167376370.83,9.7968
51,Aave,AAVE,aave,75.16415508579647,-0.093222,-1.26041616,8.92995968,1158252846.0905244,121705116.30950436,15409643.66283944,16000000.0,,2026-06-22,1202706259.59,10.5077
52,Ethereum Classic,ETC,ethereum-classic,7.301313532639449,-0.62564187,-1.44838687,0.34022142,1147773858.9064856,31364928.46699335,157201009.62320426,210700000.0,210700000.0,2026-06-22,1538318635.77,2.7328
53,DeXe,DEXE,dexe,13.480934952099012,-0.46275713,-8.63193453,-23.36952284,1128808314.8181603,18822536.1846082,83733681.59026702,96504599.33609451,,2026-06-22,1301043196.02,1.6676
54,United Stables,U,united-stables,0.9998126822542353,-0.01540712,0.00552404,-0.00962457,1011269218.8495644,97160035.11403446,1011458683.01,1011458683.01,,2026-06-22,1011119148.31,9.605
55,KuCoin Token,KCS,kucoin-token,7.365043467724683,0.13430341,1.83455135,5.21019993,991740084.990752,2324516.16583187,134655021.29577178,142155021.29577178,200000000.0,2026-06-22,1472704173.8,0.2345
56,Cosmos,ATOM,cosmos,1.7876017250766176,0.60471664,0.28531967,-9.83160348,920904744.7157344,21465930.18534076,515162148.143633,515162148.143633,,2026-06-22,921276069.67,2.3525
57,Morpho,MORPHO,morpho,1.8038026745214588,-0.6307895,-0.73335134,-10.78552748,906906979.8494809,10866151.55338246,502775049.9871498,999999999.8010328,1000000000.0,2026-06-22,1803556448.53,1.1971
58,Render,RENDER,render,1.669201753148911,-0.12606398,-1.96082688,-8.98804827,865935300.9458131,28417426.76376266,518772101.2826915,533532274.5626915,644168762.0,2026-06-22,1075196771.75,3.2827
59,Ethena,ENA,ethena,0.09271264569770854,0.82192465,3.891049,9.63536442,861648150.9530787,134733618.9370305,9293750000.0,15000000000.0,15000000000.0,2026-06-22,1389395158.26,15.6648
60,Quant,QNT,quant,70.7715887583605,0.30403151,-0.28222691,2.01292521,854406848.9234316,6367872.206532,12072738.0,14881364.0,14881364.0,2026-06-22,1053093027.68,0.7451
61,Polygon (prev. MATIC),POL,polygon-ecosystem-token,0.07940908582207323,-0.25303869,-0.35064946,2.96569059,846928683.1314192,35269325.95006382,10665387648.827454,10665387658.827454,,2026-06-22,846807859.73,4.1664
62,Kaspa,KAS,kaspa,0.02954152964053118,0.05783842,-0.84366889,-8.2432384,813144199.6315557,9004316.65178755,27525460242.78703,27525460242.78703,28704026601.0,2026-06-22,848121548.39,1.1082
63,Stable,STABLE,stable,0.03415011816192471,-0.0216966,0.02257121,-3.04573547,813195039.3288449,14999979.48179774,23812363854.0,100000000000.0,100000000000.0,2026-06-22,3415073575.94,1.845
64,Algorand,ALGO,algorand,0.08953208004881828,-0.66599654,-4.9454852,-3.48031313,799241343.5664302,25491932.95505778,8926871163.170069,10000000000.0,10000000000.0,2026-06-22,895413747.58,3.19
65,Venice Token,VVV,venice-token,15.347617119783525,-0.9376142,6.53761203,-6.30497741,719620958.9831116,23154110.29919041,46888122.98135189,80396707.48157544,,2026-06-22,1233314073.19,3.2245
66,JUST,JST,just,0.08385387375191332,-0.14552585,1.24040598,9.00589796,716427755.3935125,22598991.40469405,8543764567.312736,8543764567.312736,,2026-06-22,716429873.33,3.1532
67,GateToken,GT,gatetoken,6.689186869999094,-0.40959851,-0.28026021,-1.88145563,712607473.3945789,3070574.40552654,106531255.18,142622843.67,142622843.67,2026-06-22,953055598.52,0.4314
68,Jupiter,JUP,jupiter-ag,0.21325864596146324,-0.36762726,-2.45657016,13.96237307,708085447.741028,60057512.44516998,3320312968.08,6862435229.582892,6864785739.32,2026-06-22,1464157832.97,8.4679
69,币安人生,币安人生,bianrensheng,0.6982544359537972,-0.36389399,-1.02728752,4.63264628,698254435.9537972,8039706.48352292,1000000000.0,1000000000.0,1000000000.0,2026-06-22,698396857.08,1.1507
70,Flare,FLR,flare,0.007413250965046053,-0.30691377,0.46286118,-6.97740443,641681062.5318245,1851618.26091506,86558659022.52483,106036463253.14822,,2026-06-22,786163350.37,0.2889
71,Filecoin,FIL,filecoin,0.806232280727782,0.20173538,1.64862774,-0.32732554,637618427.2394629,68254128.85579737,790861942.0,1957685910.0,,2026-06-22,1578993763.77,10.7071
72,XDC Network,XDC,xdc-network,0.029333060727405585,-0.24882559,-1.06834869,-3.2442875,603045983.4248027,8862141.58841684,20558576857.32,38077596436.5,,2026-06-22,1116857835.66,1.4705
73,Midnight,NIGHT,midnight-network,0.03314038473845278,-0.19894157,0.99513178,2.76603574,550375605.6542902,25568573.6252318,16607399401.0,24000000000.0,24000000000.0,2026-06-22,795495432.89,4.6395
74,Aptos,APT,aptos,0.6606810199050157,0.29220489,1.47349507,-3.43297651,549802651.5666105,53439326.99334028,832175641.5004234,1204545189.3997028,2100000000.0,2026-06-22,1386785146.79,9.7237
75,Arbitrum,ARB,arbitrum,0.08306388708694112,-0.53624159,-0.64307768,-3.53917084,528522309.8648428,33728103.58587837,6362841042.0,10000000000.0,,2026-06-22,830520357.18,6.3767
76,PancakeSwap,CAKE,pancakeswap,1.3701519383870413,-0.39801629,-2.53983618,-1.74574364,524496325.9557835,18496050.4723169,382801579.3439862,395167458.4500047,400000000.0,2026-06-22,548304890.28,3.5241
77,Humanity,H,humanity-protocol,0.1837189645609602,-2.17653799,-8.78314152,-37.76200901,520318353.1767596,24553278.76065003,2832142857.0,10000000000.0,10000000000.0,2026-06-22,1836915074.83,4.7218
78,Pump.fun,PUMP,pump-fun,0.0015016412858903918,-1.14208838,2.48624685,-6.06884525,519710706.5279649,73305381.2234131,346095110337.7559,856556914008.9785,1000000000000.0,2026-06-22,1501259362.87,14.0955
79,Nexo,NEXO,nexo,0.7894923002986314,-0.43873485,-1.53383232,-3.21444432,510127165.2142083,5715220.76545022,646145839.5746847,1000000000.0,1000000000.0,2026-06-22,789524013.13,1.1203
80,Audiera,BEAT,audiera,1.756071799434884,0.27440647,0.36972809,-67.58511268,505777944.929856,22676016.38841844,288016666.0,1000000000.0,1000000000.0,2026-06-22,1757787626.52,4.4775
81,TrueUSD,TUSD,trueusd,0.9980233225638823,-0.01451786,0.00408738,-0.04915715,493537586.193614,16597607.96417309,494515083.0,494515083.0,,2026-06-22,493484636.12,3.3649
82,Aerodrome Finance,AERO,aerodrome-finance,0.5144403429671421,-0.74403314,-6.12866489,35.86890905,492200646.34962904,38111623.06869595,956769143.5526986,1921720191.056158,,2026-06-22,988695345.61,7.7278
83,Injective,INJ,injective,4.895820124827957,-0.76869867,-3.77062487,-6.03189102,489439810.93936,74980400.1498974,99970954.5,100000000.0,,2026-06-22,489713475.59,15.3216
84,OFFICIAL TRUMP,TRUMP,official-trump,1.894843226976949,-0.31083997,4.91789182,-8.02139522,449860680.8479682,292460551.92877436,237413140.276349,999999099.933921,999999099.933921,2026-06-22,1894893403.66,65.0112
85,Dash,DASH,dash,34.79123985138186,-0.17915852,-5.42324647,-8.93026901,443423838.071861,53208258.08335683,12745272.65961316,12745271.38726389,18900000.0,2026-06-22,657653388.66,11.978
86,EURC,EURC,euro-coin,1.14584472287753,-0.07536703,-0.08719717,-1.20180611,437375798.73210615,32864250.93784934,381705993.8398422,381705993.8398422,,2026-06-22,437340868.18,7.5213
87,Pudgy Penguins,PENGU,pudgy-penguins,0.006674733259719849,-0.20459711,-1.56172355,-4.11784348,419576376.50135356,43740047.2434013,62860396090.04,76724221264.3,88888888888.0,2026-06-22,593277589.33,10.4327
88,VeChain,VET,vechain,0.004878684532542105,-0.20449653,-1.8430518,-4.23612851,419493890.4202259,10924334.49588939,85985041177.0,85985041177.0,86712634466.0,2026-06-22,422859494.42,2.6053
89,Artificial Superintelligence Alliance,FET,artificial-superintelligence-alliance,0.18172053683195338,-0.09793426,-2.93564028,-15.05086325,410485085.0286421,146903698.2686955,2258881093.9307284,2714384546.672,2719493897.0,2026-06-22,494154680.19,35.7797
90,Lighter,LIT,lighter,1.6205849884687948,-1.7552393,1.25849185,-4.16048893,405146247.1171987,35763415.168571,250000000.0,1000000000.0,1000000000.0,2026-06-22,1620499768.95,8.8314
91,Bonk,BONK,bonk1,4.54181834519444e-06,-0.22921489,-1.18175129,-2.2561503,399656026.01327634,20109871.68788125,87994718334814.12,87994718334814.12,88872433754423.19,2026-06-22,404074472.27,5.0215
92,Sei,SEI,sei,0.05482427036748005,-0.22615633,-1.66833064,-0.26161287,395709400.29863715,29823572.84222664,7217777777.0,10000000000.0,10000000000.0,2026-06-22,548180076.35,7.5306
93,Virtuals Protocol,VIRTUAL,virtual-protocol,0.5949759125090054,-0.3610542,-2.62372736,-9.05998983,390941021.93809897,38458423.80961446,657070334.6451555,1000000000.0,1000000000.0,2026-06-22,594942912.42,9.843
94,SKYAI,SKYAI,skyai,0.38550196637971235,1.24586413,9.1228984,-4.09514597,385501966.37971234,20016008.20790031,1000000000.0,1000000000.0,1000000000.0,2026-06-22,385439795.53,5.1796
95,Terra Classic,LUNC,terra-luna,6.649071102714907e-05,-1.0329173,-2.79394958,-8.42231987,366860727.56990105,12386405.96760772,5517473371883.582,6455706435110.935,6455706571234.96,2026-06-22,428663500.45,3.3858
96,First Digital USD,FDUSD,first-digital-usd,0.9984679787857449,0.00434291,0.03395814,0.08361309,351976469.22881484,91769047.28547758,352516532.034267,352516532.034267,,2026-06-22,351856347.88,26.1254
97,SPX6900,SPX,spx6900,0.369800655385849,-0.66704898,-1.59875999,7.65308768,344281854.86758274,8620434.94432426,930993090.07,930993090.07,1000000000.0,2026-06-22,369822835.97,2.5013
98,Celestia,TIA,celestia,0.37211583987876246,-0.46559677,1.33741426,3.518392,342321639.67037207,23024622.32702733,919932996.62251,1168685161.483695,,2026-06-22,434842812.13,6.7266
99,Sun [New],SUN,sun-token,0.01727437665367048,-0.04487985,0.13772545,1.67411193,332207113.5126123,57685680.98206886,19231207016.782543,19231207016.782543,19900730000.0,2026-06-22,343904974.59,17.3619
100,Stacks,STX,stacks,0.17951497755704218,-0.16063062,-2.19685531,-8.12959511,325748917.3418946,4906957.24223151,1814605788.19049,1814570813.19049,,2026-06-22,325702552.27,1.5056
101,ether.fi,ETHFI,ether-fi-ethfi,0.3471430212060056,0.04630205,-0.3692933,2.35245532,321928738.79949194,32944986.86179022,927366299.0,1000000000.0,1000000000.0,2026-06-22,346971979.24,10.2497
102,LayerZero,ZRO,layerzero,0.9089630918930929,-0.21202105,1.20768103,-12.2868352,320131530.7655025,31028329.71167464,352194201.96563333,1000000000.0,1000000000.0,2026-06-22,908796277.91,9.6948
103,Jito,JTO,jito,0.6504250389303364,-0.68716722,-8.96175424,10.90795783,316056760.60646975,57179478.79504893,485923421.9,986523000.5302457,,2026-06-22,641121736.9,18.0737
104,Curve DAO Token,CRV,curve-dao-token,0.20694771286248798,-0.10852117,-4.12986896,-13.2572274,314356016.4797898,31372571.19472728,1519011793.5184534,2392514817.817887,3030303030.299,2026-06-22,627108817.52,9.9896
105,Kite,KITE,kite,0.16602067802257284,0.5578116,0.2970549,-14.5939816,298837220.4406311,23630536.78989936,1800000000.0,10000000000.0,10000000000.0,2026-06-22,1657515123.51,7.922
106,Pyth Network,PYTH,pyth-network,0.03610413755995772,-0.07788787,-1.13942194,-8.0032436,284319428.24728185,11497353.11103569,7874981856.999516,9999981857.422035,10000000000.0,2026-06-22,361284449.01,4.0438
107,Gnosis,GNO,gnosis-gno,107.03719779776367,0.48055011,-1.1312026,-0.98071443,282525791.5765367,1985877.53575397,2639510.35144195,2999934.74577209,,2026-06-22,321110797.9,0.7025
108,Immutable,IMX,immutable-x,0.13997776333415746,-0.20423106,-3.14217783,-5.38751128,279955526.66831493,9970410.90278829,2000000000.0,2000000000.0,2000000000.0,2026-06-22,279943290.76,3.5573
109,DoubleZero,2Z,doublezero,0.07605996548457132,0.09594457,8.04424724,5.577143,264035895.23253685,36250373.31444355,3471417500.0,9998352166.7,10000000000.0,2026-06-22,761731914.19,13.7138
110,AINFT,NFT,apenft,2.642567876395035e-07,-0.22382256,-0.92966187,-1.37123993,261642123.4255602,8689858.34212511,990105592982874.8,990105592982874.8,999990000000000.0,2026-06-22,264821811.8,3.3164
111,BitTorrent [New],BTT,bittorrent-new,2.627687834037971e-07,-0.24449722,0.46000714,-2.04807835,259362744.43581006,6723657.10130531,987037885840674.8,987037885840674.8,,2026-06-22,259824582.59,2.5906
112,Tezos,XTZ,tezos,0.23277882504245606,-0.08730257,-1.28195507,-3.15743403,253388660.41708243,9689395.28119126,1088538273.921038,1108523928.94044,,2026-06-22,257873718.45,3.8255
113,Conflux,CFX,conflux-network,0.047629806384904265,-0.29769925,0.05704249,2.10202766,248546082.96353203,6906190.79901101,5218288752.95,5218288750.94,,2026-06-22,248549626.24,2.7769
114,Monad,MON,monad,0.020873727858270998,-0.37928625,0.41888455,-7.7393067,246835276.08915117,30168992.74574673,11825165000.0,100682925000.0,,2026-06-22,2102248194.27,12.226
115,Pendle,PENDLE,pendle,1.4261247020744492,-0.72420451,-1.64187291,2.65185975,243873929.450106,36901771.67118687,171004631.70953113,281527448.45853144,,2026-06-22,401520548.13,15.1245
116,Zebec Network,ZBCN,zebec-network,0.002419360677830893,-0.13112105,-1.15198468,-11.66874104,241933106.65581775,9412816.75506824,99998776070.34837,99998776070.34837,100000000000.0,2026-06-22,241882224.92,3.8892
117,FLOKI,FLOKI,floki-inu,2.5245746305445316e-05,-0.28703809,-2.13877306,-2.07826586,241000809.3766372,14346231.53388364,9546194692000.654,9648418388878.693,,2026-06-22,243603759.12,5.9546
118,Kaia,KAIA,kaia,0.03738690647557574,0.74584598,0.48650071,-3.28405469,237384280.25218394,5491406.47300196,6349396155.770824,6349396155.770824,,2026-06-22,237222926.47,2.3187
119,Bitcoin SV,BSV,bitcoin-sv,11.77216333277716,-0.55421909,-0.41951225,-5.33739755,235980776.2757157,12258861.2623023,20045659.375,20045659.375,,2026-06-22,235998282.88,5.1999
120,EigenCloud,EIGEN,eigencloud,0.29656054695678447,-0.4525848,13.99258924,42.31799869,235287544.2552713,95528347.88017225,793387882.0690129,1832037657.613642,,2026-06-22,541470542.54,40.7943
121,Telcoin,TEL,telcoin,0.0023900378074221047,-0.54357803,-0.31017476,-3.05010602,229621081.63458458,742568.20042734,96074246575.31,100000000000.0,100000000000.0,2026-06-22,239135732.64,0.3236
122,JasmyCoin,JASMY,jasmy,0.004639782010381461,-0.29382701,-1.00317293,-11.42305743,229414020.00544855,7251390.67471822,49444999677.16958,50000000000.0,50000000000.0,2026-06-22,232177552.45,3.1589
123,Lido DAO,LDO,lido-dao,0.2698363981038516,-0.53203921,-2.1103981,-0.30774085,227427464.38733357,30357597.24258103,842834643.4560835,1000000000.0,,2026-06-22,269821387.64,13.3631
124,Starknet,STRK,starknet-token,0.03408330273752817,-0.30017309,-1.03222409,-7.43459358,222168393.28155047,12649101.82196888,6518393918.348971,10126100000.0,,2026-06-22,345355058.94,5.6975
125,BUILDon,B,buildon,0.2195785410811022,0.07022273,-3.51245688,-7.00499974,219578541.0811022,4094733.01750504,1000000000.0,1000000000.0,,2026-06-22,219650331.27,1.8652
126,Akash Network,AKT,akash-network,0.7383188359858355,-0.06491161,-2.34325258,-11.94685674,217821108.52964756,5169763.26109692,295023095.596367,295023095.596367,388539008.0,2026-06-22,284693356.4,2.3901
127,Optimism,OP,optimism-ethereum,0.10059902994404706,-0.25817486,-3.37094871,-9.11593411,217242148.49021605,32961153.67106426,2159485520.0,4294967296.0,4294967296.0,2026-06-22,431955131.34,15.1526
128,Chiliz,CHZ,chiliz,0.020833700303912905,-0.37228627,-3.95100089,-18.68186374,217219131.03306344,34215159.90153519,10426334634.0,10426334634.0,,2026-06-22,217310110.25,15.7558
129,The Graph,GRT,the-graph,0.019720573966038314,-0.50889715,-0.86947629,-5.69192441,214350977.8159218,14427884.08954906,10869408678.726353,11566917012.059479,,2026-06-22,228280342.34,6.7282
130,Decred,DCR,decred,11.678093825128562,-0.12131322,-2.57360061,-5.95752094,204107620.61337563,1506158.16359154,17477819.89678685,17477819.89678685,21000000.0,2026-06-22,245415592.34,0.737
131,Falcon Finance,FF,falcon-finance-ff,0.07077946088355072,0.47331602,-2.0348918,-0.62871477,203490950.0402083,8182294.88227197,2875000000.0,10000000000.0,10000000000.0,2026-06-22,707790909.58,4.0132
132,IOTA,IOTA,iota,0.044363115860928774,-0.10421249,-1.15795629,-6.27393077,199426828.05531508,5767670.56649063,4495329604.0,4600000000.0,,2026-06-22,204001688.4,2.8997
133,Pieverse,PIEVERSE,pieverse,0.7134134789613641,1.04156203,2.60071025,2.96756894,189484203.7900616,16512803.01584797,265602220.0,1000000000.0,1000000000.0,2026-06-22,713004391.47,8.7036
134,Ethereum Name Service,ENS,ethereum-name-service,4.682816294787738,-0.36398757,-1.42750304,-8.86370399,189226272.25884613,11759696.17450403,40408647.34955898,100000000.0,,2026-06-22,468110652.12,6.2049
135,ETHGas,GWEI,eth-gas,0.1034259770585321,-0.652335,-3.42153862,-39.06228454,180995459.85243118,62589041.69235975,1750000000.0,10000000000.0,10000000000.0,2026-06-22,1036560310.74,34.4743
136,Axie Infinity,AXS,axie-infinity,1.0384695118020106,0.2044273,-11.93681174,4.82543684,180577723.9722151,68910098.56998543,173888325.00134403,270000000.0,,2026-06-22,279645325.52,38.0843
137,Compound,COMP,compound,18.04651612013813,-0.37133056,1.16780042,0.12650985,180341078.98692468,7990849.04743903,9993124.31199293,10000000.0,,2026-06-22,180281531.74,4.4446
138,Raydium,RAY,raydium,0.6273264577463618,-0.20105038,0.41409196,1.1035407,168815992.30112818,13631064.02541181,269103893.541476,554997691.971258,555000000.0,2026-06-22,348163354.42,8.0866
139,OriginTrail,TRAC,origintrail,0.33361495971258437,-0.1294274,-1.60599492,-10.55406884,166807479.8562922,3978388.65276984,500000000.0,500000000.0,500000000.0,2026-06-22,166782590.76,2.3879
140,Trust Wallet Token,TWT,trust-wallet-token,0.3841394575863187,-0.03533818,-1.3071533,-4.86451241,165126385.24657977,3981872.75140207,429860515.46,999860531.46,999860531.46,2026-06-22,384164968.32,2.4114
141,dogwifhat,WIF,dogwifhat,0.16282966918445582,-0.13986969,0.31908306,-2.17872771,162640624.2723273,39619239.17753577,998839002.049962,998839002.049962,998840592.989347,2026-06-22,162606796.88,24.3302
142,The Sandbox,SAND,the-sandbox,0.05519811050903211,-0.30363817,-6.7796713,3.50417728,162152160.92732286,31303515.96957332,2937639702.3733225,3000000000.0,,2026-06-22,165549361.09,19.2546
143,Plasma,XPL,plasma-xpl,0.08986157754506553,-0.34900988,-4.49359112,-0.82358845,161750839.58111796,136118054.96776304,1800000000.0,10000000000.0,,2026-06-22,900071715.0,84.109
144,Maple Finance,SYRUP,maple-finance,0.13502806392861016,-0.49254182,-1.94913408,-4.70808514,160819680.82505563,3313387.24722669,1191009306.8510675,1244677492.5110993,,2026-06-22,168104713.68,2.059
145,MX Token,MX,mx-token,1.7275788318044405,-0.81993859,-1.61798086,0.51787225,158656234.1877542,6046766.71736256,91837334.0,409024834.0,413787834.0,2026-06-22,714896736.25,3.8111
146,Onyxcoin,XCN,onyxcoin,0.003986414598355618,0.49991826,-1.32704583,-2.2536488,153667276.3505558,5844600.92917874,38547740722.68926,48402432357.486084,68892071756.90897,2026-06-22,274711643.64,3.8052
147,Theta Network,THETA,theta-network,0.1526439155012304,-0.10644626,-4.42389507,-7.56986826,152643915.5012304,7628508.89610744,1000000000.0,1000000000.0,1000000000.0,2026-06-22,152486701.52,5.0032
148,Nexus,NEX,nexus-labs,2.530162048000768e-06,-0.24664032,-1.07533876,-21.5760987,151809722.88004607,1680561.0065579,60000000000000.0,100000000000000.0,100000000000000.0,2026-06-22,252903614.0,1.1072
149,Neo,NEO,neo,2.1302548725742385,-0.02195811,-3.64988924,-5.49592505,150265688.44344074,8265550.71197459,70538831.0,100000000.0,,2026-06-22,213065316.2,5.5031
150,Decentraland,MANA,decentraland,0.07258234723420248,-0.73470135,-5.67858866,6.09919494,144141977.73383293,16462936.83751252,1985909566.5331404,2193179327.320146,,2026-06-22,159094401.91,11.4124
151,Genius Terminal,GENIUS,genius-terminal,0.4204303150332387,0.65061562,-0.45524441,-12.08798869,141002682.57029107,14515918.49527495,335377059.0,953973324.288,1000000000.0,2026-06-22,420672615.96,10.2881
152,THORChain,RUNE,thorchain,0.41567938124628423,-0.28898042,2.39450709,6.05398886,140654543.34329125,3985708.5310925,338372673.0,354208499.0,354208499.0,2026-06-22,147254761.98,2.8298
153,ApeCoin,APE,apecoin-ape,0.13842606041484257,0.13815304,1.8239627,4.1663454,138426060.41484258,15560324.91384761,1000000000.0,1000000000.0,1000000000.0,2026-06-22,138388562.01,11.2401
154,Stargate Finance,STG,stargate-finance,0.2085247763895236,-1.63689048,-1.67392923,-13.25199477,137824736.84212404,15814094.8251194,660951371.0,1000000000.0,1000000000.0,2026-06-22,207269934.21,11.5619
155,edgeX,EDGE,edgex,0.3879572357927714,-0.10335659,-1.24936691,2.88379244,135785032.52747,10052292.04456192,350000000.0,1000000000.0,1000000000.0,2026-06-22,388535024.0,7.3808
156,Basic Attention Token,BAT,basic-attention-token,0.08952386617442036,0.07150138,0.01172859,-3.17451419,133903054.02280588,8738151.28345583,1495724656.9526057,1500000000.0,1500000000.0,2026-06-22,134237360.43,6.5514
157,Centrifuge,CFG,centrifuge,0.23079478915296986,-0.51064453,0.51213983,2.43260723,133204629.87043674,8898119.64086516,577156141.0,697164473.0,,2026-06-22,161018325.87,6.6797
158,Arweave,AR,arweave,1.9986901932361893,-0.28710664,-0.7726572,-5.01925906,131218939.95597234,11614340.5099253,65652466.0,65652466.0,66000000.0,2026-06-22,131891316.6,8.8548
159,Fartcoin,FARTCOIN,fartcoin,0.12666554003792568,-0.36889383,1.32613416,-1.77715195,126665319.13322385,12358491.9831555,999998256.0,1000000000.0,1000000000.0,2026-06-22,126719429.41,9.7503
160,Gala,GALA,gala,0.0025709455840534972,-0.41410099,-5.15746853,-6.28213326,124219798.62197022,12318164.1376467,48316774727.73201,48316774727.73201,50000000000.0,2026-06-22,128387265.86,9.9364
161,ZKsync,ZK,zksync,0.012146614395526749,1.2006689,2.64577677,1.84519185,121271781.35954288,12080579.49839378,9983998619.747393,14750092427.830284,21000000000.0,2026-06-22,255672949.38,10.0395
162,Convex Finance,CVX,convex-finance,1.2318500690543075,-0.39434733,-2.09699204,-9.05517638,121022738.38099575,4734835.77229199,98244698.29668884,99975018.69927126,,2026-06-22,123129562.97,3.9155
163,Vision,VSN,vision-token,0.03288164932182908,0.03359405,0.02320964,-1.98622557,120712060.08044265,3658119.3827416,3671107215.4250417,4141932337.485766,4200000000.0,2026-06-22,137988159.35,3.0353
164,SafePal,SFP,safepal,0.23317011337424526,-0.52767211,-1.02630132,-5.2368279,116585056.68712263,2903147.61908739,500000000.0,500000000.0,500000000.0,2026-06-22,116542015.46,2.491
165,KAITO,KAITO,kaito,0.4758249493941227,-0.41459269,1.90926864,1.45908836,114858855.89272851,8503106.86720591,241388889.0,1000000000.0,1000000000.0,2026-06-22,475465600.88,7.4083
166,Story,IP,story-protocol,0.31344343798824753,-0.80746425,-0.8780366,0.9030919,111591378.64766409,40469840.90013797,356017594.0,1029544681.0,,2026-06-22,322632003.5,36.2989
167,Sentient,SENT,sentient,0.015046574092713056,0.24922195,-3.11290725,-2.30352484,108905280.94732901,14328151.8761618,7237878887.0,34359738368.0,,2026-06-22,516705029.49,13.1542
168,AWE,AWE,awe-network,0.0560083052558256,0.19034203,3.40766208,3.02998837,108791668.14688712,11956696.23027735,1942420283.0270672,1942420283.0,1942420283.027067,2026-06-22,108769629.52,10.9905
169,eCash,XEC,ecash,5.3965704236016866e-06,0.05393599,-1.48787366,-3.21608493,108175510.44963072,3174535.62255321,20045232797580.0,20045232797580.0,21000000000000.0,2026-06-22,113362199.55,2.9355
170,Vaulta,A,vaulta,0.06542933699551778,-0.03943231,-1.01906995,-11.99380928,107914011.60406418,9036139.11720596,1649321490.3195,2100000000.0,2100000000.0,2026-06-22,137302174.23,8.3817
171,WEMIX,WEMIX,wemix,0.23258640642603626,-0.05464125,-0.55772858,-5.0817909,107519541.88429849,838436.41762723,462277841.3255647,552473209.5478008,590000000.0,2026-06-22,137224126.94,0.7808
172,Golem,GLM,golem-network-tokens,0.10632791146971486,-0.24314514,-1.78413046,-5.84157969,106327911.46971487,4838588.38923529,1000000000.0,1000000000.0,1000000000.0,2026-06-22,106321669.31,4.5524
173,Tagger,TAG,tagger,0.0009556871914252707,-0.41173206,-1.58587934,-4.48325092,103600861.52001673,2406223.88751226,108404572594.0,405380800000.0,,2026-06-22,387440897.98,2.3056
174,Grass,GRASS,grass,0.42243102406717203,1.7475242,1.66538377,-9.4074381,103033077.36632678,19162103.27514194,243905091.0,1000000000.0,,2026-06-22,423046723.99,18.5805
175,1inch,1INCH,1inch,0.07270443968441641,-0.09831159,-1.12371227,-2.54894305,102613629.45387325,6686430.05132675,1411380514.0275033,1500000000.0,1500000000.0,2026-06-22,109014203.89,6.5202
176,dYdX,DYDX,dydx-chain,0.12030083778625081,-0.92049952,0.33771465,-3.28295547,101544027.89245053,8347091.21690462,844084129.0970294,958342962.317931,1000000000.0,2026-06-22,120191738.67,8.2273
177,AB,AB,newton,0.0010270628261984497,0.02589465,-0.35608585,-5.84031583,101498108.83047336,1599123.56303461,98823661261.46,98823661261.46,98823661261.46,2026-06-22,101494727.77,1.5783
178,Cheems (cheems.pet),CHEEMS,cheems-pet,5.237724150746402e-07,0.0852244,-2.04069623,-11.79933037,98204727.17881386,1544505.88550735,187495034775398.0,203672952644644.2,203672960023058.0,2026-06-22,106676989.8,1.5752
179,Kamino,KMNO,kamino-finance,0.020009106598593278,-0.52116057,3.91169878,10.35133708,97880169.55191348,7477663.96950532,4891781103.25,9999957892.89208,10000000000.0,2026-06-22,199856433.84,7.6521
180,Four,FORM,binaryx-new,0.2553778069014348,0.53004986,8.80945914,9.86977259,97520422.14629196,10046736.43664134,381867255.144574,572301922.0959299,580000000.0,2026-06-22,147956152.39,10.283
181,Banana For Scale,BANANAS31,banana-for-scale,0.009637005715116439,-0.20561695,2.4311092,-7.91352805,96370057.15116438,13378877.84529837,10000000000.0,10000000000.0,10000000000.0,2026-06-22,96074914.53,13.9959
182,River,RIVER,river,4.8968183186992045,1.84685167,8.57537726,3.0375618,95977639.04650441,8045918.74849286,19600000.0,100000000.0,100000000.0,2026-06-22,487378752.02,8.4251
183,Aethir,ATH,aethir,0.004742967690232327,0.00849101,0.67193187,-2.97138,95470080.10889146,8715943.5220453,20128764593.0,42000000000.0,42000000000.0,2026-06-22,199067622.55,9.1355
184,Rootstock Infrastructure Framework,RIF,rsk-infrastructure-framework,0.093468397811969,-0.031615,1.86663905,-30.66958502,93468397.811969,9044064.38966722,1000000000.0,1000000000.0,1000000000.0,2026-06-22,93857979.36,9.6444
185,Defi App,HOME,defi-app,0.0225646447987717,1.9807456,11.44918414,-15.28358883,92884853.14247003,33530628.33372285,4116388889.38,10000000000.0,10000000000.0,2026-06-22,225991226.62,36.006
186,CoW Protocol,COW,cow-protocol,0.1605956271373504,-0.20518903,1.91107134,2.33144385,92802753.10060762,5188118.25009886,577866002.6728965,1000000000.0,1000000000.0,2026-06-22,160632395.43,5.593
187,SOON,SOON,soon,0.16858340672460007,0.11082804,1.12602509,-4.9648039,90173677.30383271,16781446.58399902,534890586.54,998466231.2532852,,2026-06-22,168217446.88,18.607
188,YZY MONEY,YZY,yzy,0.2978800999923734,0.3163645,0.21558454,0.12416871,89683018.69646975,188078.52912547,301070862.735597,999999450.235647,1000000000.0,2026-06-22,297848232.2,0.2094
189,DeepBook Protocol,DEEP,deepbook-protocol,0.016299915202295633,-0.42081324,-2.80621815,-10.13378785,86912341.79120688,3855802.34829642,5332073247.77778,10000000000.0,10000000000.0,2026-06-22,163027526.65,4.4436
190,Livepeer,LPT,livepeer,1.7444273532874746,-0.02108346,-1.13652212,-4.84775325,86678771.47429036,6349272.90336949,49688954.55058027,49688954.55058027,,2026-06-22,86685152.13,7.3286
191,NEXPACE,NXPC,maplestory-universe,0.2997686915792115,0.28649698,-2.46282732,-15.8812192,85980136.45098804,9137325.71029124,286821602.3429133,991676090.3429134,1000000000.0,2026-06-22,300004102.36,10.2584
192,MultiversX,EGLD,multiversx-egld,2.843844429748431,-0.16814212,-0.88410463,-5.0847472,85855980.47582237,3493802.10277209,30190111.51865901,30195267.0,,2026-06-22,85807975.18,4.0717
193,Meteora,MET,meteora,0.1632081271242819,-1.83489627,-3.17317806,47.10416088,85542122.45231168,75877561.55880839,524129061.215021,997734156.336156,1000000000.0,2026-06-22,163203469.19,88.6782
194,Walrus,WAL,walrus-xyz,0.03538014672400814,0.49317045,2.83712682,-2.27929565,85022915.09613205,4620245.49123332,2403125000.0,5000000000.0,5000000000.0,2026-06-22,176941885.49,5.4357
195,Horizen,ZEN,horizen,4.577302345907258,-0.31641536,-1.79295829,-1.2886594,82855273.42265542,9207021.52736218,18101332.87278685,21000000.0,21000000.0,2026-06-22,96100794.74,11.1404
196,Synthetix,SNX,synthetix,0.2390860837705434,-0.07826353,-1.54695689,-3.04227599,82369037.29176739,3425813.6785458,344516234.45728827,344939867.55566317,339889850.089,2026-06-22,81281744.02,4.1467
197,FTX Token,FTT,ftx-token,0.24966280175570804,1.02887609,-0.14852597,-7.75554578,82112873.10173972,2381228.28561036,328895103.813207,328895103.813207,352170015.0,2026-06-22,87940841.24,2.8989
198,Keeta,KTA,keeta,0.1456522898277935,-0.030113,-0.21581149,-9.56272943,81291997.13114883,1352181.69966751,558123715.2348334,1000000000.0,1000000000.0,2026-06-22,145550223.55,1.6643
199,Reserve Rights,RSR,reserve-rights,0.0012922790985312332,-0.01085711,-1.86523873,-9.35385487,80836159.42458478,4531429.85263872,62553174091.0,100000000000.0,100000000000.0,2026-06-22,129184799.97,5.6043
200,Allora,ALLO,allora,0.39308269576360555,-0.41426904,1.54231953,10.79366601,78813080.50060292,41322866.61806715,200500000.0,785499999.0,1000000000.0,2026-06-22,392940485.85,52.5833
201,Rain,RAIN,rain,0.014385948953861733,0.01669935,-0.28761259,6.03699528,8957791597.858734,44475510.85805692,622676448150.0627,1149855120044.1843,1149855120044.1843,2026-06-22,16536364906.44,0.4971
202,LAB,LAB,lab,14.614931636151955,-4.95943451,8.69680942,39.17572612,4561249807.362128,81683447.79948969,312095186.0,1000000000.0,1000000000.0,2026-06-22,14743515257.02,1.7819
203,Ondo US Dollar Yield,USDY,ondo-us-dollar-yield,1.136309297975874,0.07297706,-0.25993953,0.04415756,2157861397.6324916,365708.51167023,1899008836.3056827,1899008836.3056827,,2026-06-22,2158057146.31,0.017
204,HTX,HTX,htx,1.7269225975035503e-06,-0.06415442,0.22923085,1.59824675,1564087031.8208158,34511743.38559657,905707664073577.8,999990000000000.0,999990000000000.0,2026-06-22,1728234628.93,2.2149
205,Falcon USD,USDf,falcon-finance,0.9943644831971736,-0.03429307,0.04884921,-0.07660826,1295990168.4627967,849845.30528715,1303335135.5187266,1303335135.5187266,,2026-06-22,1295794294.61,0.0626
206,c8ntinuum,CTM,c8ntinuum,0.1863953812667068,-0.57382446,-1.41270025,-2.44586377,831019496.7600106,5023500.88116183,4458369575.0,8888885436.0,8888888888.0,2026-06-22,1655394984.63,0.6114
207,Jupiter Perps LP,JLP,jupiter-perps-lp,3.5146946549914966,0.03561408,-0.13075458,1.23927972,804017994.207361,3216669.18813225,228758988.512846,228758988.512846,,2026-06-22,804365780.57,0.4005
208,Beldex,BDX,beldex,0.07918529528105121,-0.73779303,-1.22268907,-1.10701597,612766498.759384,10180282.2834929,7738387494.603649,9938007494.60365,,2026-06-22,787300576.37,1.6169
209,USDGO,USDGO,usdgo,0.9999227101552026,-0.01645146,0.00246539,-0.00771161,607023765.5209042,6592432.08596773,607070685.92,607070685.92,,2026-06-22,607157023.3,1.0972
210,GHO,GHO,gho,0.9978730074721072,-0.0211345,-0.02760537,-0.10079167,597725931.4757922,711973.70914087,599000000.0,599000000.0,,2026-06-22,597721802.54,0.1207
211,TBLL tokenized ETF (xStock),TBLLX,tbll-tokenized-etf-xstock,106.16858,0.0,-0.20812106,0.69812419,574119065.8665222,59.1124358,5407617.45015825,5407617.45015825,,2026-06-22,574119065.87,0.0
212,Usual USD,USD0,usual-usd,0.9993191294298592,0.01616338,0.01662519,0.08004618,559770328.8775548,1669782.58849688,560151719.6983112,560151719.6983112,,2026-06-22,559632159.5,0.3095
213,Solstice USX,USX,solstice-usx,1.0020617857270009,0.02664034,0.02866211,0.11775121,509255841.0522923,3886928.574624,508208025.0,359692577.0,,2026-06-22,360411562.38,0.7644
214,USDai,USDAI,usdai,0.9997336652180806,0.0,0.0020464,0.00440668,501217598.7571917,0.0,501351126.0,501351126.0,,2026-06-22,501217598.76,
215,Unibase,UB,unibase,0.12015256984953832,1.17070279,46.05656783,-3.72504215,300381424.6238458,48101432.11747395,2500000000.0,10000000000.0,10000000000.0,2026-06-22,1205670803.05,15.9525
216,Ducky,DUCKY,ducky,0.0006422828399374786,0.0,0.4026688,-1.93089916,266162564.16599694,0.0,414400864566.0,420690000000.0,420690000000.0,2026-06-22,270201967.93,
217,Legacy Frax Dollar,FRAX,frax,0.9903182449254724,-0.05839468,-0.04423015,-0.24064657,239407142.14384598,50509.8001532,241747684.01026767,241747684.01026767,,2026-06-22,239436112.62,0.0257
218,Strategy PP Variable tokenized stock (xStock),STRCX,strategy-pp-variable-tokenized-stock-xstock,94.24426220024779,-0.06179345,1.02859262,-4.22525298,223600108.33756852,33632.32326855,2372559.38045829,2372559.38045829,,2026-06-22,223983122.03,0.015
219,Ape and Pepe,APEPE,ape-and-pepe,1.0554301438757673e-06,-0.24736285,-0.57898295,-2.31714021,221640330.21391115,27029962.7773347,210000000000000.0,210000000000000.0,210000000000000.0,2026-06-22,221705900.83,12.2048
220,48 Club Token,KOGE,bnb48-club-token,63.72843174985417,0.13882612,0.20597094,-1.59203709,215926484.25417054,99814.22807644,3388228.43,3388228.433995,3388228.433995,2026-06-22,215921824.71,0.0461
221,Bitway,BTW,bitway-btw,0.09380894302348129,-6.94543805,-15.19110673,-1.46771177,206379674.65165883,96060683.72152603,2200000000.0,10000000000.0,10000000000.0,2026-06-22,933339945.13,46.605
222,Velvet,VELVET,velvet,0.49027005830461273,0.01069643,0.5537503,35.93719404,206306919.55732873,10891088.91852123,420802608.8126861,1000000000.0,1000000000.0,2026-06-22,491053670.51,5.2678
223,Intel tokenized stock (xStock),INTCX,intel-tokenized-stock-xstock,140.60466119292144,-0.03594457,-0.32097321,9.15969474,203934627.75815347,7474.38271598,1450411.57261734,1450411.57261734,,2026-06-22,203934627.76,0.0017
224,USAT,USAT,tether-usat,0.9983079240050308,-0.00631911,-0.01840379,-0.07238045,187168004.2200627,1814178.23684019,187485243.5,187485243.5,,2026-06-22,187186191.83,0.9636
225,Marvell tokenized stock (xStock),MRVLX,marvell-tokenized-stock-xstock,316.36793,-0.75489451,-0.13323337,6.70120616,176546469.32098407,34494.34836357,558041.61098435,558041.61098435,,2026-06-22,176546469.32,0.0195
226,WeFi,WFI,wfi,2.0491417250390156,0.04015781,0.6255113,-0.02261159,173550810.52562517,1928927.71561449,84694391.02476953,1000000000.0,1000000000.0,2026-06-22,2044600038.93,1.1262
227,SP500 tokenized ETF (xStock),SPYX,sp500-tokenized-stock-xstock,747.7705989150094,-0.07519495,-0.33698363,-0.76571362,161974116.36351964,147227251.04187652,216609.36736285,216609.36736285,,2026-06-22,162031891.44,90.7561
228,Robinhood tokenized stock (xStock),HOODX,robinhood-tokenized-stock-xstock,107.11643698833076,-0.11239159,-1.15947071,11.33309972,157429572.98503062,1721429.62783267,1469705.09299316,1469705.09299316,,2026-06-22,157433539.21,1.0939
229,Backpack,BP,backpack-exchange,0.6295841771090018,3.69384543,-6.81309703,39.85770658,157395947.92868382,11097954.75498331,249999846.96475843,999999846.9647584,1000000000.0,2026-06-22,629356676.98,7.0868
230,Circle tokenized stock (xStock),CRCLX,circle-tokenized-stock-xstock,80.19557266697016,-0.11410901,-1.77804214,-1.63729717,155944755.48141634,5087084.40984094,1944555.66928877,1944555.66928877,,2026-06-22,155779699.27,3.2654
231,SwissBorg,BORG,swissborg,0.1585447863915427,-0.14382329,-0.7049094,-3.68658569,155731003.82808277,121482.85746395,982252443.442,982252443.442,982602443.0,2026-06-22,156337118.39,0.0786
232,Nasdaq tokenized ETF (xStock),QQQX,nasdaq-tokenized-stock-xstock,737.8004382933623,-0.04945242,-0.41288892,0.30929568,154806108.42168668,6437494.19956365,209821.11203373,209821.11203373,,2026-06-22,154948829.88,4.1572
233,Tesla tokenized stock (xStock),TSLAX,tesla-tokenized-stock-xstock,393.52775542223833,-0.30711883,-2.03083295,-3.95103578,153379329.01715156,9491698.91258505,389754.7934137,389754.7934137,,2026-06-22,153194186.76,6.196
234,GUSD,GUSD,gusd,0.9978989046282273,-0.01747846,-0.03278599,0.0029959,149126012.30764228,697845.13847284,149440000.0,320000000.0,,2026-06-22,319393403.62,0.4675
235,AUSD,AUSD,agora-finance,0.9998270570272374,-0.01495719,-0.01172022,0.0103898,148193400.92194137,21375871.11449932,148219034.362364,148219034.362364,,2026-06-22,148212840.7,14.5443
236,Apple tokenized stock (xStock),AAPLX,apple-tokenized-stock-xstock,295.316408953851,-0.11137647,-0.33995688,0.93147238,147914706.95947012,1211025.97827709,500868.56833812,500868.56833812,,2026-06-22,147846714.58,0.817
237,Billions Network,BILL,billions-network,0.059037301384988014,-1.80681254,7.48940347,-19.18085195,143354047.2117814,97105938.32982074,2428194444.0,10000000000.0,10000000000.0,2026-06-22,588954925.61,67.8753
238,Re,RE,re-protocol,0.8800121701833234,-1.4539566,-14.34908427,117.4947763,140449942.36125842,317324381.3868714,159600000.0,1000000000.0,1000000000.0,2026-06-22,866800510.28,228.9546
239,Alphabet tokenized stock (xStock),GOOGLX,alphabet-tokenized-stock-xstock,362.20506561681844,-0.05037091,-0.99839619,-1.52820984,139709996.47788608,2557641.48202972,385720.71387231,385720.71387231,,2026-06-22,139602620.34,1.8344
240,Zano,ZANO,zano,9.020712579194969,-0.01902431,-4.22459923,-2.82836796,138359267.09972236,1262848.16515347,15337953.17,15337953.17,,2026-06-22,138346225.12,0.912
241,NVIDIA tokenized stock (xStock),NVDAX,nvidia-tokenized-stock-xstock,208.65559482389284,0.01330013,-0.26082866,-0.57901293,136485195.89679268,55299701.21690877,654117.11587215,654117.11587215,,2026-06-22,136466036.83,40.5286
242,EUR CoinVertible,EURCV,eur-coinvertible,1.145006607102427,-0.11789846,-0.12038832,-1.24133488,135404900.3821195,18297886.61199121,118256872.53,118256872.53,,2026-06-22,135448500.43,13.5053
243,Ailey,ALE,project-ailey,0.25898721495080923,-0.04168263,-0.04620518,-0.13095767,126004474.16287288,113370.46785677,486527777.7777778,1000000000.0,1000000000.0,2026-06-22,259045941.6,0.09
244,Shuffle,SHFL,shuffle,0.28614513374182615,-0.58766127,2.66143999,-4.63077714,121678707.96012333,753192.4037227,425234238.19573915,956134768.8996149,,2026-06-22,273577118.22,0.6187
245,TronBank,TBK,tronbank,0.6470599251876409,-0.0210981,4.99990532,3.08432816,119921809.73408504,618776.18095865,185333390.410956,1000000000.0,1000000000.0,2026-06-22,646836633.69,0.5162
246,GoМining,GOMINING,gomining-token,0.29034557264975047,-0.29410556,0.16185511,5.27666242,117354730.22939222,12104709.50527204,404189838.8819571,404266807.9710363,404266807.9710363,2026-06-22,117367318.86,10.3068
247,o1.exchange,O,o1-exchange,0.7328272493234242,-0.51428886,5.06831438,1017.48252104,117252359.89174788,43343151.2856313,160000000.0,1000000000.0,1000000000.0,2026-06-22,725580856.44,37.2397
248,Frax USD,FRXUSD,frax-usd,0.9995282208060887,0.00056764,-0.04234488,-0.00470645,115721322.8695728,68588.85557007,115775943.55089557,115775943.55089557,,2026-06-22,115721322.87,0.0595
249,Aster USDF,USDF,usdf,0.9987616197433863,-0.01521195,-0.01376335,-0.0843118,114705107.94257763,48680.16381975,114847332.61180884,114847332.61180884,,2026-06-22,114708101.67,0.0424
250,Undeads Games,UDS,undeads-games,1.150515800825629,0.07776294,-0.0546701,-1.26678034,114621342.1772669,282286.40252409,99626047.80830716,250000000.0,250000000.0,2026-06-22,287505449.62,0.2472
251,Collector Crypt,CARDS,collector-crypt,0.2747035421676551,4.24029232,-7.14197753,1.01673615,113736365.36480518,8091731.64378163,414033122.643138,1999705783.468825,2000000000.0,2026-06-22,552584651.69,7.0736
252,Circle Internet Group Tokenized Stock (Ondo),CRCLon,circle-internet-group-tokenized-stock-ondo,80.11470085423923,-0.08722716,-1.89194579,-1.5815525,113674779.31146897,2030007.0573246,1418900.37782565,1418900.37782565,,2026-06-22,113571445.27,1.7874
253,Ribbita by Virtuals,TIBBIR,ribbita-by-virtuals,0.11011542932066909,-0.41504432,-4.0257211,-12.05422304,110115429.32066908,1006758.02968724,1000000000.0,1000000000.0,1000000000.0,2026-06-22,110192101.43,0.9164
254,SoSoValue,SOSO,sosovalue,0.3034724918801035,-0.16411808,0.61959917,11.69028732,103788061.99841283,2908047.03499517,342001548.0,1000000000.0,1000000000.0,2026-06-22,303479600.65,2.7999
255,BitMart Token,BMX,bitmart-token,0.31177052163540836,-0.68402473,-1.52857642,4.11124373,101101448.56584182,9600589.359409,324281615.96391135,626297236.4413097,881679315.0,2026-06-22,274999380.8,9.5035
256,StandX DUSD,DUSD,standx-dusd,0.9980486151214899,-0.01147502,-0.00997887,-0.0692559,100385014.07071099,107878.54151121,100581286.872976,100581286.872976,,2026-06-22,100385015.16,0.1074
257,Solstice eUSX,EUSX,solstice-eusx,1.0412333267824856,-0.02177217,0.05787442,0.12082005,100333512.00695862,4822389.05467816,96360258.0,140284603.0,,2026-06-22,146113515.3,4.8153
258,ViciCoin,VCNT,vicicoin,16.475571557614256,-0.07697377,0.16841575,-0.30303892,100321596.79487358,64859.91854857,6089111.77642936,3088058.6187394,10000000.0,2026-06-22,164757847.66,0.0646
259,Gold tokenized ETF (xStock),GLDX,gold-tokenized-stock-xstock,382.6157848998562,-0.15100713,0.05326086,-3.5460713,99577762.44522926,277679.14571707,260255.23874111,260255.23874111,,2026-06-22,99605028.86,0.2788
260,Rollbit Coin,RLB,rollbit-coin,0.059932347597993,-0.0049598,-1.41943222,-0.92165312,98393012.82336807,0.0,1641734668.6193056,1641734668.6193056,,2026-06-22,98393012.82,
261,Wibegram,WIBE,wibegram,4.775350683730492,0.00194368,1.04156848,8.52057512,97348694.52070008,312473.70329501,20385664.0,300000000.0,300000000.0,2026-06-22,1431300376.07,0.3221
262,AMD Tokenised Stock (xStock),AMDx,amd-tokenised-stock-xstock,536.9223056170601,0.0,0.43239946,0.07652635,95092578.86657752,1030.315192,177106.77666351,177106.77666351,,2026-06-22,95092578.87,0.0011
263,Nockchain,NOCK,nockchain,0.042480319540111056,-1.43374794,10.43126822,-7.51378867,93606973.21042807,1575012.86067766,2203537408.0,4294967296.0,4294967296.0,2026-06-22,182660973.14,1.6824
264,TAC Protocol,TAC,tac-protocol,0.020002760872299023,-0.20054132,-3.50876645,19.98214219,93089231.56037037,2901972.17445607,4653819148.0,10254991220.0,,2026-06-22,204679584.43,3.1211
265,Magma Finance,MAGMA,magma-finance,0.48440759157073177,-2.92288588,12.64981931,48.56188314,92037442.39843903,4878930.17934018,190000000.0,1000000000.0,1000000000.0,2026-06-22,478775009.69,5.3749
266,SUPERFORTUNE,GUA,superfortune,0.7284476145468112,4.8654612,-13.90372302,11.24939628,91055951.8183514,1639451.50500152,125000000.0,1000000000.0,1000000000.0,2026-06-22,736070425.71,1.7815
267,Micron Technology Tokenized Stock (Ondo),MUon,micron-technology-tokenized-stock-ondo,1162.8358396827139,0.2663572,2.07078372,12.99741292,85843641.70161784,3078296.78024574,73822.66591047,73822.66591047,,2026-06-22,85799102.82,3.5707
268,RealLink,REAL,reallink,0.062222469442368054,-0.36327702,-0.85298326,-0.28084208,85496270.92635787,6589039.92454981,1374041752.0,3289798975.0,12000000000.0,2026-06-22,746922165.05,7.704
269,GEODNET,GEOD,geodnet,0.19187341602291588,-0.43851701,-4.65117453,-14.0256124,84189823.18266511,414964.06109384,438777945.0,976569568.0,1000000000.0,2026-06-22,191171691.45,0.4979
270,Microsoft tokenized stock (xStock),MSFTX,microsoft-tokenized-stock-xstock,381.07728185935116,0.53281639,-0.80429937,-4.05689855,83741547.5306522,8262.70186482,219749.51411971,219749.51411971,,2026-06-22,83741547.53,0.0099
271,would,WOULD,wouldmeme,0.08331737156049132,-0.25770477,2.11939145,1.85639623,83271762.98975535,128266.08013346,999452592.3,999452789.37,1000000000.0,2026-06-22,83319234.05,0.154
272,U.S. Dollar Tokenized Currency (Ondo),USDon,us-dollar-tokenized-currency-ondo,0.9991170776148879,0.00565028,0.01825609,-0.02657165,83121826.35513183,4343773.4312798,83195281.33135498,83195281.33135498,,2026-06-22,83112438.37,5.2309
273,Joseon Mun,JSM,joseon-mun,0.00026059538656146385,-0.22774252,2.0350082,4.98633226,82470621.98510647,399831.23532409,316470000000.0,2400000000000.0,2400000000000.0,2026-06-22,625605879.02,0.4845
274,Meta tokenized stock (xStock),METAX,meta-tokenized-stock-xstock,574.3480285816988,0.07351301,-0.23718538,-0.59230694,81879774.50532965,766492.0700858,142561.25281308,142561.25281308,,2026-06-22,81921836.05,0.945
275,AI Rig Complex,ARC,ai-rig-complex,0.08044300520081224,-0.41707063,0.93287765,11.18057385,80442869.9761205,3934952.83921602,999998319.0,999998319.0,999998319.0,2026-06-22,80378266.25,4.8951
276,Cisco tokenized stock (xStock),CSCOX,cisco-tokenized-stock-xstock,119.59300094908984,0.32193936,0.03480509,-1.51597821,79747960.12832041,9200.90792826,666827.98738589,666827.98738589,,2026-06-22,79846325.74,0.0115
277,Quack AI,Q,quack-ai,0.019397563660223913,-0.05352212,7.27048905,17.42249742,78884340.85321963,4385664.54704971,4066713853.0895815,9999991545.08958,10000000000.0,2026-06-22,194091254.55,5.5596
278,Official Melania Meme,MELANIA,melania-meme,0.07886174397989858,-0.30596588,-0.78479384,-2.7628765,78861426.44141252,10355094.155212,999995973.478774,999995973.478778,,2026-06-22,78763550.68,13.1516
279,BNB Attestation Service,BAS,bnb-attestation-service,0.031459325300501134,0.85865156,2.88236877,-8.32991207,78648313.25125283,4357881.1890911,2500000000.0,10000000000.0,10000000000.0,2026-06-22,312800085.2,5.5819
280,Sonic,S,sonic,0.02732519294839321,-0.11084978,-2.09045426,-17.89717112,78696555.69137244,12877703.86930198,2880000000.0,3222625000.0,,2026-06-22,88083144.45,16.3443
281,Stronghold SHx,SHX,stronghold-token,0.004424454400154088,-0.3069649,-2.41521864,-0.11456662,77864539.43564884,650573.16056727,17598675993.346684,99756866344.0,99756866344.0,2026-06-22,441814393.04,0.8339
282,Fluid,FLUID,instadapp,0.9835543316457488,-0.22061008,-1.87296786,-10.44150308,77402772.1101634,1660152.75660498,78696996.82034639,100000000.0,,2026-06-22,98271533.62,2.1472
283,Block Street,BSB,block-street,0.3453776108226574,0.57390515,-2.16269387,24.05144081,76898325.04966468,12392107.42711856,222650000.0,1000000000.0,1000000000.0,2026-06-22,358461564.03,15.7897
284,Light,LIGHT,light,0.11794415951266085,0.88085408,2.57654058,2.84425767,76167935.92070737,0.0,645796589.126832,919835446.0186709,1000000000.0,2026-06-22,117428006.71,
285,Qtum,QTUM,qtum,0.7156082161889133,-0.27286643,-2.59586516,-3.97254562,75890426.47194517,8748896.39171188,106050244.75,107822406.0,107822406.0,2026-06-22,77140630.59,11.5505
286,Zama,ZAMA,zama,0.03447395831814828,0.15969527,0.13638483,10.06129694,75842708.29992622,18979901.79608241,2200000000.0,11000000000.0,,2026-06-22,379379153.36,25.0221
287,Huma Finance,HUMA,huma-finance,0.023185344282287895,0.28302543,-3.4133348,-3.99060883,75603790.09527247,7380833.770097,3260843970.0,9999996010.090069,10000000000.0,2026-06-22,231886206.66,9.7555
288,Vanguard Total World Tokenised ETF (xStock),VTx,vanguard-total-world-tokenised-etf-xstock,157.98962,0.0,0.00608938,3.08302435,75238145.29723075,5.9100757,476222.0790026,476222.0790026,,2026-06-22,75238145.3,0.0
289,lisUSD,lisUSD,lisusd,0.9962983470664933,-0.02488106,-0.07948645,-0.27610829,75107535.56653133,5820.67537743,75386590.56062715,75386590.56062715,,2026-06-22,75107535.57,0.0077
290,UnifAI Network,UAI,unifai-network,0.3141471073282056,-7.38550951,7.78458747,-4.139656,75081158.65144114,10789080.83430893,239000000.0,1000000000.0,1000000000.0,2026-06-22,316763349.9,14.2893
291,Pharos,PROS,pharos,0.5511619342343308,-0.31750819,-2.53000352,-9.76656203,74737558.28217526,2985609.66548302,135600000.0,1000000000.0,,2026-06-22,551333395.23,3.9845
292,Coinbase tokenized stock (xStock),COINX,coinbase-tokenized-stock-xstock,163.57713545113384,-0.09897643,-1.94399498,-2.16605518,74571702.15381595,1983785.20270792,455880.96373098,455880.96373098,,2026-06-22,74560827.38,2.6417
293,Lumera Health,LUR,lumera-health,4.99263300450185,-0.02678022,-0.23799588,1.79047918,74409553.68339957,554648.69454135,14903870.08544481,100000000.0,100000000.0,2026-06-22,499557259.53,0.7465
294,Orca,ORCA,orca,1.2107061937966315,0.10430501,-3.11564009,5.95534933,73609463.3373811,13428986.38115961,60798783.151964,74999551.489103,,2026-06-22,90655311.95,18.2347
295,Beam,BEAM,onbeam,0.00143451711732897,-0.34633072,-0.77901923,-2.22908567,73590993.05563901,2767886.03919945,51300184687.0,58470184687.0,58470184687.0,2026-06-22,83917326.99,3.7902
296,AIOZ Network,AIOZ,aioz-network,0.057248792163966965,-0.7256502,-1.55469838,-2.25602278,72196910.01798226,3348005.20374114,1261108004.0117216,1261108004.0117216,,2026-06-22,72228203.96,4.6376
297,io.net,IO,io-net,0.20652867287837567,0.33771999,6.28417411,10.45848899,72189433.84567274,63032798.20388013,349537102.231732,800000000.0,800000000.0,2026-06-22,163173793.28,88.6616
298,Useless Coin,USELESS,theuselesscoin,0.0722932898562831,0.21142554,-4.7822096,-5.48029612,72227137.07289639,6724945.73571047,999084938.816338,999084938.816338,1000000000.0,2026-06-22,72251086.39,9.3111
299,Comedian,BAN,comedian,0.07200452298012437,0.61413983,9.47667763,-5.209856,72001776.65561338,9758343.46438055,999961859.0,999961859.0,999961859.0,2026-06-22,72103000.18,13.5635
300,USDsui,USDsui,usdsui,0.9984676895659598,-0.07745477,-0.07734118,-0.07853272,71805480.2172102,1658973.09932486,71915677.36,71915677.36,,2026-06-22,71809857.46,2.3035
301,Coca-Cola tokenized stock (xStock),KOX,coca-cola-tokenized-stock-xstock,83.40345072592132,0.25705926,1.68818242,0.18545176,71129996.24513786,49696.69589007,852842.36594579,852842.36594579,,2026-06-22,71287658.79,0.0697
302,0x Protocol,ZRX,0x,0.08379164118419205,-0.06038438,-1.76595163,-6.2681546,71088540.38019605,6627553.93888158,848396562.8973439,1000000000.0,1000000000.0,2026-06-22,83853843.54,9.37
303,Wormhole,W,wormhole,0.011797825449311745,1.30072057,12.72624476,15.89173088,71182226.35545033,111695225.86077422,6033503942.0,10000000000.0,10000000000.0,2026-06-22,117151321.87,158.3343
304,USD.AI,CHIP,usd-ai,0.03534770994692846,-1.09090867,-3.56903215,-11.50536345,70695419.89385691,46841202.33690177,2000000000.0,10000000000.0,10000000000.0,2026-06-22,353142705.36,66.1293
305,Gas,GAS,gas,1.0871795255188699,-0.06869802,-2.83914591,-6.76338048,70658331.57894534,2217446.49955428,64992331.0,64992331.0,,2026-06-22,70614279.1,3.1401
306,Linde tokenized stock (xStock),LINX,linde-tokenized-stock-xstock,500.29028999999997,0.0,-2.48893112,-2.97737816,69865824.97528106,524.82302495,139650.57162169,139650.57162169,,2026-06-22,69865824.98,0.0008
307,Palantir tokenized stock (xStock),PLTRX,palantir-tokenized-stock-xstock,126.95848599277598,0.0,-1.39131697,-2.89604039,69315896.21711814,53.06290508,545972.92709573,545972.92709573,,2026-06-22,69315896.22,0.0001
308,Core MSCI Emerging Markets Tokenised ETF (xStock),IEMGx,core-msci-emerging-markets-tokenised-etf-xstock,85.83089,0.0,0.00103693,4.56749187,69140328.0577887,140.83003685,805541.31569402,805541.31569402,,2026-06-22,69140328.06,0.0002
309,Bio Protocol,BIO,bio,0.030965434237694725,-0.71669084,-3.86746751,-5.57807601,68614684.9079186,23408203.26367406,2215847657.14,3311058067.4209204,3320000000.0,2026-06-22,102856292.77,34.1353
310,Numeraire,NMR,numeraire,9.085443333383287,-0.11053446,1.24391727,6.49860452,68061918.52684699,5730790.82143452,7491315.06624033,10632520.21713363,11000000.0,2026-06-22,99965484.58,8.4138
311,MicroStrategy tokenized stock (xStock),MSTRX,microstrategy-tokenized-stock-xstock,113.70143863858122,0.01931561,-4.05137921,-13.13168864,68024503.06669071,857134.98526879,598273.0199476,598273.0199476,,2026-06-22,67942415.91,1.2689
312,TROLL (SOL),TROLL,troll-sol,0.06807158456209934,0.12070151,-7.39508812,-10.68959738,67987969.51205924,2155618.11362294,998771660.00207,998771660.00207,1000000000.0,2026-06-22,67955503.25,3.1732
313,ORDI,ORDI,ordi,3.2378917941165235,-0.23813556,-2.85271459,-7.0137332,67995727.67644699,16760382.20964388,21000000.0,21000000.0,21000000.0,2026-06-22,68090237.06,24.6282
314,RaveDAO,RAVE,ravedao,0.2691434970685242,0.95890497,-0.27478877,-12.4901471,67953423.76904161,6182984.45737607,252480273.568492,999999718.568492,1000000000.0,2026-06-22,288665887.4,8.4881
315,OpenLedger,OPEN,openledger,0.22612427287311823,-0.99175541,-0.07084618,-9.35929626,67876362.46776758,10833541.13514847,300172828.0,1000000000.0,1000000000.0,2026-06-22,225944372.87,15.869
316,Derive,DRV,derive,0.09198518680605847,0.00507157,-6.91438254,-9.20483689,67841805.66576809,168499.87204815,737529683.0,1500000000.0,1500000000.0,2026-06-22,137978226.42,0.2483
317,iShares Core S&P 500 Tokenized ETF (Ondo),IVVon,ishares-core-sp-500-tokenized-etf-ondo,754.5125294026566,-0.05103321,0.01337614,0.45163168,67831545.73826657,1076130.96424544,89901.15219421,89901.15219421,,2026-06-22,67819773.71,1.5883
318,Ravencoin,RVN,ravencoin,0.004106615396356709,-0.25491825,-2.50283463,-7.53083761,66981707.65428225,5444712.72809158,16310684393.212673,16310684393.212673,21000000000.0,2026-06-22,86224436.97,8.1622
319,Plume,PLUME,plume,0.01109147259949486,-0.53254251,0.29868173,-0.07192922,66213804.612438165,8253253.80127198,5969793823.0,10000000000.0,10000000000.0,2026-06-22,110799383.05,12.4588
320,MindWaveDAO,NILA,mindwavedao,0.07850720002960354,0.16622561,0.07691256,-0.29156622,66163212.80059502,222759.8501458,842766176.55,1057021569.0,1057021569.0,2026-06-22,83017492.47,0.3363
321,ChainOpera AI,COAI,chainopera-ai,0.3513124737177156,-3.45452896,0.29920296,0.69518157,66046779.487552956,7599956.60984921,188000098.0,1000000000.0,1000000000.0,2026-06-22,352236806.55,11.5573
322,Safe,SAFE,safe1,0.08731109668399077,-0.81249192,-2.59154666,-8.29795619,65467848.018083386,1165075.07318643,749822766.0,1000000000.0,1000000000.0,2026-06-22,87367540.68,1.7753
323,Law Blocks (AI),LBT,law-blocks,0.266112308007385,0.27358695,0.246517,11.08633791,65196980.04384562,464706.69910619,244997988.0,1000000000.0,,2026-06-22,265457712.45,0.7138
324,Enjin Coin,ENJ,enjin-coin,0.03294555214808217,-0.53543651,-6.09608847,5.9941313,65115167.051410004,7639292.48085174,1976447890.7117207,1999657008.6352196,,2026-06-22,65707717.81,11.7355
325,Yearn,YFI,yearn-finance,1815.8677853318686,-0.11892903,-1.99105757,-5.52934239,65037024.385128684,2909200.740102,35815.94701469,36646.35595035,,2026-06-22,66570003.61,4.4626
326,MetYa,MY,metya,0.06574564554232744,-0.19709176,1.15113593,-1.72025127,64854355.098057695,157777.20857125,986443353.9754975,994243267.9861139,1000000000.0,2026-06-22,65556126.89,0.2413
327,Janction,JCT,janction,0.00560917292054459,0.42217885,7.71304231,-13.13227419,64470080.68220185,5622449.06192281,11493687500.0,50000000000.0,50000000000.0,2026-06-22,272409280.73,9.3439
328,XPR Network,XPR,proton,0.0022124904659991717,-0.36137355,-1.41156297,-2.03490373,64537007.757158235,1524988.43905193,29169394738.1658,32200494045.997498,,2026-06-22,71265205.94,2.3655
329,Berachain,BERA,berachain,0.23022009241019922,-0.27896965,-2.30406486,-13.56450869,63824249.58156688,17782958.84710998,277231448.0173466,542870336.9062355,,2026-06-22,124932694.59,27.6591
330,ZIGChain,ZIG,zigcoin,0.045269067853046435,-0.05314043,-5.3612645,-18.31638724,63781436.460628994,2085690.28529662,1408940795.2396517,2000000000.0,1953940796.0,2026-06-22,88304511.7,3.28
331,Kusama,KSM,kusama,3.4627343135413717,-0.33359297,-2.53675962,-7.1947633,63704393.053242706,3559839.81279659,18397135.69826026,18397135.69826026,,2026-06-22,63735629.49,5.5683
332,Cysic,CYS,cysic,0.3945673631507913,-0.06614866,-2.64151497,-17.33204348,63446431.99464724,3469952.3794379,160800000.0,1000000000.0,1000000000.0,2026-06-22,395390415.34,5.3819
333,Zilliqa,ZIL,zilliqa,0.00312871259203036,-0.62371305,-1.2115212,-4.26184347,62730818.14887851,3929101.93182868,20050041767.55325,20491997193.26325,21000000000.0,2026-06-22,65727773.55,6.2995
334,Fidelity Digital Dollar,FIDD,fidelity-digital-dollar,0.9998471317978116,-0.01633663,0.01846211,0.02521153,62591490.288502716,3005661.2512819,62601060.0,62601060.0,,2026-06-22,62591500.49,4.802
335,Chevron tokenized stock (xStock),CVXX,chevron-tokenized-stock-xstock,179.29981342828668,0.0,2.90983954,-4.08452399,62308292.75645987,10.52875335,347508.96593309,347508.96593309,,2026-06-22,62308292.76,0.0
336,MegaETH,MEGA,megaeth,0.05505086548250452,-1.50817326,-3.42086318,-14.95229934,62196070.795291744,43064736.98544462,1129792788.0,10000000000.0,10000000000.0,2026-06-22,549793821.77,68.9954
337,Dog (Bitcoin),DOG,dog-go-to-the-moon-rune,0.0006195978502921384,-0.13431698,1.10563957,-6.17010393,61959785.02921384,702290.74875879,100000000000.0,100000000000.0,100000000000.0,2026-06-22,61927757.42,1.1095
338,Pfizer tokenized stock (xStock),PFEX,pfizer-tokenized-stock-xstock,25.240540000000003,0.0,-0.19557137,-3.48878291,61518793.81073643,75.01084639,2437301.01696463,2437301.01696463,,2026-06-22,61518793.81,0.0001
339,SuperVerse,SUPER,superverse,0.09608763543218617,-0.35061641,-2.66370335,-3.7142775,61511713.06445954,12669637.94289326,640162626.4169173,999998077.4169173,999998077.417,2026-06-22,96009906.07,20.6032
340,Alchemist AI,ALCH,alchemist-ai,0.07201486474032337,-0.9130751,4.14182759,7.43958371,61212635.029274866,11860374.07016396,850000000.0,1000000000.0,1000000000.0,2026-06-22,72151395.77,19.3551
341,Goldman Sachs tokenized stock (xStock),GSX,goldman-sachs-tokenized-stock-xstock,1083.34088,0.0,-3.53325141,-2.23579288,61120648.518426426,325.8581033,56418.66714974,56418.66714974,,2026-06-22,61120648.52,0.0005
342,GMX,GMX,gmx,5.842597748414413,-0.5313588,-3.5608646,0.25923615,60885767.3112705,2577860.26605529,10421009.61473754,10421009.61473754,13250000.0,2026-06-22,77401102.25,4.2416
343,Turbo,TURBO,turbo,0.0008753616347202302,-0.15958169,-0.71437004,-6.23662766,60399952.786942266,9329425.53297626,68999999990.0,68999999990.0,69000000000.0,2026-06-22,60423166.81,15.4749
344,Theta Fuel,TFUEL,theta-fuel,0.008162529935642234,-0.07958678,-1.47334391,-3.5364392,60186908.444119595,1401427.98394944,7373560516.0,7373560516.0,,2026-06-22,60073750.33,2.3367
345,Playnance,GCOIN,playnance,0.002408931115773214,-0.05441909,-5.41101035,-12.87245651,60285910.103340454,486991.45749367,25026000000.0,77000000000.0,77000000000.0,2026-06-22,184861625.0,0.8103
346,Jelly-My-Jelly,JELLYJELLY,jelly-my-jelly,0.06014690634567786,0.14033936,1.35122496,-26.26693351,60146852.153315246,5460207.34781923,999999099.0,999999099.0,,2026-06-22,59955284.74,9.0927
347,Venus BUSD,vBUSD,venus-busd,0.022318773707482104,0.0,0.09002701,0.06,60143972.31353519,0.0,2694770470.0,2694770470.0,,2026-06-22,60143972.31,
348,Mastercard tokenized stock (xStock),MAX,mastercard-tokenized-stock-xstock,492.7868697482482,-0.0074712,-0.32763537,0.90960977,60082528.67934656,0.98557374,121923.96422827,121923.96422827,,2026-06-22,60076277.79,0.0
349,Helium,HNT,helium,0.32128460594049196,11.16979719,16.67432721,5.8169152,59862209.8811796,5643394.75167614,186321438.2959488,186321438.2959488,223000000.0,2026-06-22,71651832.06,9.8727
350,Qubic,QUBIC,qubic,4.309651423435895e-07,-0.28630592,-4.40171975,-14.94354518,59719230.17391867,776122.02221698,138570905872260.0,172128386154412.0,200000000000000.0,2026-06-22,86064061.77,1.2986
351,ECOMI,OMI,ecomi-new,0.00021056005070011437,0.04734384,1.7509297,-11.03858672,59495907.71553388,838402.06012706,282560283955.61914,305278604837.5089,,2026-06-22,64328151.13,1.411
352,Schwab International Equity Tokenised ETF (xStock),SCHFx,schwab-international-equity-tokenised-etf-xstock,28.47,0.0,0.35248502,2.26293103,59399068.235225335,287.36148948,2086374.01598965,2086374.01598965,,2026-06-22,59399068.24,0.0005
353,Procter & Gamble tokenized stock (xStock),PGX,procter-gamble-tokenized-stock-xstock,152.71253204350413,-1.44240935,0.60693625,-0.30582276,58580288.79589049,27562.01479098,383598.43826833,383598.43826833,,2026-06-22,59513319.33,0.0474
354,Dohrnii,DHN,dohrnii,3.4271365009780497,-0.22353265,0.37858795,-3.89666198,58518499.69393324,391807.02197277,17075042.0,372000000.0,372000000.0,2026-06-22,1275045700.57,0.6685
355,Baby Doge Coin,BabyDoge,baby-doge-coin,3.2614433875351e-10,-0.091009,-0.5249603,-5.77112733,58440507.12790049,3110148.01814368,1.7918602343751872e+17,2.026150676904291e+17,,2026-06-22,66141233.75,5.3199
356,Velo,VELO,velo,0.003319111552502228,-0.9796425,-2.46478064,-5.27921985,58296464.12001445,2029302.17915925,17563876115.0,23999804349.0,24000000000.0,2026-06-22,79611848.99,3.4917
357,iShares Semiconductor tokenized ETF (xStock),SOXXx,ishares-semiconductor-tokenized-etf-xstock,627.22181,0.0,0.00028857,5.7543543,58093678.45817232,77.61807177,92620.62883013,92620.62883013,,2026-06-22,58093678.46,0.0001
358,Pirate Chain,ARRR,pirate-chain,0.2956828236399932,-0.05710735,-3.64988151,5.86172806,58017049.82105939,125504.72198178,196213797.97055,196213797.97055,,2026-06-22,58012763.48,0.2166
359,Visa tokenized stock (xStock),VX,visa-tokenized-stock-xstock,333.37489627734294,0.0,0.1456825,1.44377453,57411838.91347734,6.675188,172214.04357248,172214.04357248,,2026-06-22,57411838.91,0.0
360,Alaya Governance Token,AGT,alaya-ai,0.024879987557532526,0.17334307,3.41684689,60.34550294,57363962.61311527,22530482.22032772,2305626660.0,5000000000.0,5000000000.0,2026-06-22,124298390.22,39.401
361,Diem,DIEM,venice-ai,1487.6345162584755,-1.41866548,5.31893091,-6.47647697,57149454.69020521,919518.50691789,38416.32744173,37331.8816009,,2026-06-22,55525781.83,1.6145
362,iShares MSCI Germany tokenized ETF (xStock),EWGx,ishares-msci-germany-tokenized-etf-xstock,39.467,0.0,0.01773948,0.0,56890943.45389064,18.57044698,1441481.32500293,1441481.32500293,,2026-06-22,56890943.45,0.0
363,Eurite,EURI,eurite,1.1448380583220727,-0.10763207,-0.11914732,-1.31018452,56805179.25220615,9025972.90233423,49618527.99990108,49618527.99990108,,2026-06-22,56831807.05,16.0602
364,Purr,PURR,purr,0.09509900465882748,-1.74709496,-4.86579534,-3.27477066,56616503.146047175,1086948.76290071,595342752.0,595342752.0,1000000000.0,2026-06-22,95192150.6,1.9211
365,Spark,SPK,spark,0.018359631402072703,0.45404917,6.73105925,-12.58733667,56254000.72511302,28338427.40166192,3064004908.004975,10000000000.0,10000000000.0,2026-06-22,183092489.56,50.5605
366,0G,0G,zero-gravity,0.26338065539231775,0.01955377,-1.53282205,-13.1160469,56164343.95171809,8373819.38091385,213243998.0,1000000000.0,,2026-06-22,263390689.58,14.8913
367,Xphere,XP,xphere,0.02003228069397542,-0.42732087,-8.9359374,-22.90089152,55979717.34310562,1150539.47281222,2794475486.754794,2794475486.754794,5500000000.0,2026-06-22,110410785.91,2.0438
368,AstraZeneca tokenized stock (xStock),AZNX,astrazeneca-tokenized-stock-xstock,98.3093345104504,-0.30490382,-0.27519314,-5.02822312,55660450.94794575,794213.5577659,566176.66292949,566176.66292949,,2026-06-22,55647310.45,1.4266
369,Brett (Based),BRETT,based-brett,0.005562626762728639,-0.25981346,-5.07484055,-15.85801074,55626253.969497636,18379613.11629181,9999997544.723145,9999997544.723145,9999997544.723145,2026-06-22,55654461.29,33.0839
370,BitDCA,BDCA,bitdca,0.6770276574094236,0.06652869,1.0178155,-0.71290262,55500998.09880726,204068.37816359,81977445.8124445,142665333.0,142665333.0,2026-06-22,96486899.11,0.3675
371,TQQQ tokenized ETF (xStock),TQQQX,tqqq-tokenized-stock-xstock,84.00657281820678,-0.00244793,2.95443171,2.25896259,55080800.91732349,1674.75744133,655672.515489,655672.515489,,2026-06-22,53721181.28,0.0033
372,Quantix Finance,QFI,quantixai,54.85345727719177,-0.29235377,-0.47243066,-0.41141148,54853457.27719177,3109794.06080339,1000000.0,10000000.0,10000000.0,2026-06-22,548638726.54,5.6705
373,Vanguard tokenized ETF (xStock),VTIX,vanguard-tokenized-etf-xstock,369.36963037844396,-0.08026113,-0.19045539,-0.19372422,54768715.99206806,47816.39300877,148276.17510393,148276.17510393,,2026-06-22,54737115.73,0.0873
374,Tria,TRIA,tria,0.02537064405889205,-0.31240665,2.08584013,5.49130933,54741477.56654961,5668434.16538872,2157670000.0,10000000000.0,10000000000.0,2026-06-22,254894158.47,10.3625
375,AntFun,ANTFUN,ant-fun,0.02879718374725916,0.7212286,2.41207996,34.1978218,54364369.56457265,11388493.37920975,1887836326.0,10000000000.0,10000000000.0,2026-06-22,287555348.07,21.1161
376,Amazon tokenized stock (xStock),AMZNX,amazon-tokenized-stock-xstock,241.576045643381,0.03500166,-0.55464252,-0.20062706,54253532.52716657,2416073.40486879,224581.5903753,300884.76185098,,2026-06-22,72646685.07,4.408
377,ZetaChain,ZETA,zetachain,0.03705749101846375,-0.58030303,1.03366796,-5.97823029,54147556.62965756,9410593.3373494,1461177083.0,2100000000.0,2100000000.0,2026-06-22,77873623.43,17.3717
378,CrowdStrike tokenized stock (xStock),CRWDX,crowdstrike-tokenized-stock-xstock,693.0201632416871,-0.00066313,-6.02495043,-3.8924587,54153752.82958398,104.40318108,78141.66989929,78141.66989929,,2026-06-22,54156856.29,0.0002
379,Holo,HOT,holo,0.00030692284148442175,-0.5183704,-1.70882808,-3.72567266,54134597.57837653,3369762.65471057,176378523398.7683,177619433541.14133,,2026-06-22,54670756.86,6.2344
380,Mina,MINA,mina,0.04197784062547912,-0.31071408,-0.45974863,-4.83013888,54035950.69744074,3749840.03487109,1287249412.8400393,1287249412.8400393,,2026-06-22,53955940.06,6.9643
381,Asteroid Shiba,ASTEROID,asteroid-shiba,0.0001281998049948716,-0.4258841,-12.31067786,-4.01466432,53932375.96329253,4341270.55973819,420690000000.0,420690000000.0,420690000000.0,2026-06-22,53557362.04,8.1092
382,Concordium,CCD,concordium,0.00424415985729913,-0.04296027,-0.46180631,-5.36882362,53547505.5077321,126733.26857074,12616750383.62205,14522798439.640207,,2026-06-22,61625260.91,0.2365
383,Axelar,AXL,axelar,0.04457257762784965,-0.32537202,-1.86962756,-4.42678802,53076219.376726136,4153156.44468863,1190781915.730251,1244857891.089593,,2026-06-22,55371666.24,7.8208
384,Oracle tokenized stock (xStock),ORCLX,oracle-tokenized-stock-xstock,186.67873213842955,0.0,-0.25764546,-1.76509644,52897169.08655109,250.7655372,283359.37618928,283359.37618928,,2026-06-22,52897169.09,0.0005
385,Ton Strategy tokenized stock (xStock),TONXX,ton-strategy-tokenized-stock-xstock,3.39,0.0,0.0,5.9375,52742148.62899626,197.01080259,15558155.93775701,15558155.93775701,0.0,2026-06-22,52742148.63,0.0004
386,Honeywell tokenized stock (xStock),HONX,honeywell-tokenized-stock-xstock,235.0711351413168,0.00454612,1.35918051,5.14272879,52357409.802294165,663454.2500071,222730.06752113,222730.06752113,,2026-06-22,52348731.27,1.2679
387,Toshi,TOSHI,toshithecat,0.0001241087120668474,-0.12190831,-1.1632969,-8.81420283,52208734.22375201,9130236.43136735,420669374085.7721,420690000000.0,420690000000.0,2026-06-22,52139323.7,17.4683
388,aelf,ELF,aelf,0.06337473693976649,0.08784262,-1.48131549,-1.35039,52101590.711481296,1023818.03649793,822119242.2621087,996445545.6654186,,2026-06-22,63236814.62,1.9807
389,Babylon,BABY,babylon,0.01400784153949324,-0.40515644,-3.09323483,-18.72642101,52094601.97921406,12371754.11634799,3718959971.98,10839714313.0,,2026-06-22,152116809.18,23.6626
390,Global X Copper Miners Tokenised ETF (xStock),COPXx,global-x-copper-miners-tokenised-etf-xstock,85.62,0.0,-0.23304591,-2.54951059,52058404.04320754,98.56300416,608016.86572305,608016.86572305,,2026-06-22,52058404.04,0.0002
391,Kinetiq,KNTQ,kinetiq,0.1850665395433119,-0.66189814,-3.47698222,-17.68457661,51906757.9964244,4572695.72593523,280476190.48,1000000000.0,1000000000.0,2026-06-22,185059535.6,8.8692
392,KUB Coin,KUB,bitkub-coin,0.7484675956750763,0.03233598,-0.98244757,-2.72172295,51625384.754946955,129676.5789285,68974776.0,110000000.0,110000000.0,2026-06-22,82319619.0,0.2467
393,Lombard,BARD,lombard,0.15460637216634293,-0.7537818,0.05362368,-9.16954377,51454933.23661101,10484677.07338565,332812500.0,1000000000.0,1000000000.0,2026-06-22,154764074.25,20.3016
394,Kava,KAVA,kava,0.047484532573527825,-0.42581329,-2.2018655,2.24253657,51418484.11849221,12756457.84940971,1082847010.0,1082847010.0,,2026-06-22,51415350.28,24.8053
395,Nervos Network,CKB,nervos-network,0.00104591888714663,-0.11825364,-1.54391367,-9.89722578,51246937.328543,3778407.21758833,48997047436.77562,49814981962.4341,,2026-06-22,52142677.57,7.3693
396,Oasis,ROSE,oasis-network,0.006577756833945359,-0.10873035,-1.70519789,0.67483023,51228689.22418129,1772712.40162322,7788170119.0,10000000000.0,10000000000.0,2026-06-22,65718371.17,3.4862
397,SuperTrust,SUT,supertrust,0.27107818396031336,-0.45786237,-1.73555917,39.87840355,51072141.52190558,99336.49943476,188403732.0,188403732.0,238403732.0,2026-06-22,64637182.52,0.1954
398,Alchemy Pay,ACH,alchemy-pay,0.00509924554370961,-0.20364914,-1.74560279,-8.82312358,50992455.43709604,3814286.41948735,9999999999.999989,15346246087.999989,15346246087.999989,2026-06-22,78229705.75,7.4803
399,AbbVie tokenized stock (xStock),ABBVX,abbvie-tokenized-stock-xstock,221.42516970700476,-0.00564327,-0.68902244,-1.41714935,50677234.00886908,56452.97665452,228868.44379944,228868.44379944,,2026-06-22,50674023.1,0.1106
400,Home Depot tokenized stock (xStock),HDX,home-depot-tokenized-stock-xstock,336.13541924090043,-0.0074712,-0.09962745,0.43835716,50523402.83160824,98.42151747,150306.69170689,150306.69170689,,2026-06-22,50525477.36,0.0002
401,Berkshire Hathaway tokenized stock (xStock),BRK.BX,berkshire-hathaway-tokenized-stock-xstock,490.4877807920265,-0.10287306,-0.62909842,0.46951859,50485091.57084177,4819.47640471,102928.33694923,102928.33694923,,2026-06-22,50457436.97,0.0097
402,peaq,PEAQ,peaq,0.022304107552079854,-2.04608224,0.42511561,-0.82789925,50364430.099136345,5191830.89450367,2258078696.1117334,4417680329.258482,5667620228.64,2026-06-22,128085991.78,10.1706
403,SushiSwap,SUSHI,sushiswap,0.1755638072670716,-0.31674143,-0.52545484,-3.32956208,50357850.98776786,5692128.76860744,286835036.0570751,291514753.90092283,,2026-06-22,51165517.93,11.3195
404,Exxon Mobil tokenized stock (xStock),XOMX,exxon-mobil-tokenized-stock-xstock,141.71376188655995,0.0,3.11671595,-3.27003692,50238654.278265715,2.86289667,354507.94340271,354507.94340271,,2026-06-22,50238654.28,0.0
405,SPACE ID,ID,space-id,0.03434820722007957,0.84602531,26.24609101,22.11904672,50067095.15664917,94741334.9988646,1457633431.516639,1994841761.516639,2000000000.0,2026-06-22,70761229.02,189.2141
406,Unitas,UP,unitas,0.34132014952387163,-0.16999337,-4.51814236,3.574839,49832741.830485255,1545388.05545797,146000000.0,999999961.340917,1000000000.0,2026-06-22,342244652.76,3.0764
407,Targon,SN4,targon,11.2594715979524,0.08810661,-5.03116341,-19.60468312,49706648.80884376,88431.67512713,4414652.0,4414652.0,21000000.0,2026-06-22,236981740.51,0.1756
408,AIHub,AIH,aihub,42.41712303434935,-0.67412826,-20.48997262,-13.53027179,49628033.95018874,0.0,1170000.0,100000000.0,100000000.0,2026-06-22,4240774959.24,
409,NVIDIA Tokenized Stock (Ondo),NVDAon,nvidia-tokenized-stock-ondo,208.44516963686957,0.03210933,-0.35391984,-0.85954777,49621184.28431495,3766561.39215467,238053.89384057,238053.89384057,,2026-06-22,49611192.1,7.5968
410,Gamestop tokenized stock (xStock),GMEX,gamestop-tokenized-stock-xstock,21.829574064763474,-0.00489426,1.73710522,-0.3515959,49298810.22140304,24.35928651,2258349.61667802,2258349.61667802,,2026-06-22,49298810.22,0.0
411,UnitedHealth tokenized stock (xStock),UNHX,unitedhealth-tokenized-stock-xstock,424.3621137944552,-0.01134137,-0.21064378,4.62601318,49206081.64593534,39231.83436846,115953.0505821,115953.0505821,,2026-06-22,49187122.27,0.0798
412,XPIN Network,XPIN,xpin-network,0.001307577712919636,0.04805787,0.48327111,-1.75659629,49118300.300195344,3217147.75180482,37564344983.0,100000000000.0,100000000000.0,2026-06-22,131082940.36,6.5388
413,Fogo,FOGO,fogo,0.012716962377185994,0.26496324,-1.48161628,-2.74955792,48875910.70449114,4536536.14316097,3843363631.567682,10017363631.567842,,2026-06-22,127207805.65,9.5192
414,Holoworld AI,HOLO,holoworld-ai,0.06722475122175699,0.01468763,-3.49371439,-6.09248154,48825233.7530395,9694423.77768666,726298466.9437859,2047999972.9437869,2048000000.0,2026-06-22,138558829.17,20.1374
415,aPriori,APR,apriori,0.19745284384316097,-1.41810042,-0.48810571,6.53904508,48746170.823780365,6671670.17892022,246875000.0,1000000000.0,1000000000.0,2026-06-22,197421835.32,13.6684
416,VanEck Uranium and Nuclear tokenized ETF (xStock),NLRx,vaneck-uranium-and-nuclear-tokenized-etf-xstock,122.61,0.0,0.0,0.0,48610895.65786098,14.99998479,396467.62627731,396467.62627731,,2026-06-22,48610895.66,0.0
417,DigiByte,DGB,digibyte,0.002647453056110362,-0.30769289,-1.16788525,-1.22739943,48566504.00645516,2942687.89315337,18344613852.307194,18344613852.307194,21000000000.0,2026-06-22,55635149.76,6.0487
418,Loaded Lions,LION,loaded-lions,0.001564730002562628,-0.21436504,-0.23752141,-6.50464912,48264442.24304961,10013.48617716,30845220686.0,100000000000.0,100000000000.0,2026-06-22,156475989.06,0.0207
419,Creditcoin,CTC,creditcoin,0.08919730364236199,0.06509552,-1.94495879,-8.17299678,48225308.22088271,3731123.04341152,540658812.0,549564264.0,600000000.0,2026-06-22,53530637.93,7.7481
420,MultiBank Group,MBG,multibank-group,0.19431995640873076,-0.06880718,-0.10902577,-20.50404766,48216561.20983274,2312899.95285077,248129744.88536054,977514798.0,1000000000.0,2026-06-22,194293040.37,4.7982
421,Astar,ASTR,astar,0.0054657034351574575,-0.58294976,0.49611736,-8.82382092,47623753.96060876,2417440.19039631,8713197583.0,8713975787.0,10000000000.0,2026-06-22,54678927.14,5.1032
422,Flow,FLOW,flow,0.028433200220282378,-0.11671329,-0.34704043,-0.79861673,47475750.25573586,3070434.60483807,1669729396.8995364,1669729396.8995364,,2026-06-22,47567205.18,6.4612
423,"Strive, Inc. Series A Preferred tokenized stock (xStock)",SATAx,strive-inc-series-a-preferred-tokenized-stock-xstock,97.18,0.0,-0.061703,-0.35886394,47319075.925608255,458.71797656,486921.95848537,486921.95848537,,2026-06-22,47319075.93,0.001
424,Ronin,RON,ronin,0.06127579588916608,0.00961357,-1.90892965,-1.27335038,47329527.65343347,3636754.70152096,772401679.4337813,1000000000.0,1000000000.0,2026-06-22,61247992.06,7.6595
425,Popcat (SOL),POPCAT,popcat-sol,0.04811142761843192,-0.50824969,3.44998309,11.83333705,47146143.998705566,17774232.83287242,979936500.1724341,979936500.1724341,979973220.96,2026-06-22,47198122.47,37.5816
426,Nano,XNO,nano,0.3520169105578415,0.1117826,-8.03273862,-1.41106355,46905653.8470337,137312.37240636,133248297.0,133248297.0,133248297.0,2026-06-22,46858688.79,0.2932
427,Solstice,SLX,solstice,0.19295947052744247,-1.08481684,-4.73416382,-4.5022558,46861022.28543344,32972956.48539672,242854223.0,1000000000.0,1000000000.0,2026-06-22,192806778.92,69.6931
428,Movement,MOVE,movement,0.011702289116363264,-0.60689183,-2.25246706,-2.56790354,46833536.230544716,10830297.8241539,4002083333.0,10000000000.0,10000000000.0,2026-06-22,117310914.32,23.0079
429,XYO,XYO,xyo,0.003388084211439163,-0.58667485,-3.64653266,-5.95468513,46761942.525878415,7526435.40402404,13801883190.505249,13930752875.47967,13931216938.0,2026-06-22,47234767.34,16.0674
430,AppLovin tokenized stock (xStock),APPX,applovin-tokenized-stock-xstock,464.04,0.0,0.0,-3.94137617,46607327.27778604,93.225636,100438.16756699,100438.16756699,,2026-06-22,46607327.28,0.0002
431,StraitsX USD,XUSD,straitsx-xusd,0.9998383032842096,-0.00453072,0.02720359,-0.01363311,46557106.21235781,6026918.80173639,46564635.561,46564635.561,,2026-06-22,46548464.17,12.9448
432,Amp,AMP,amp,0.0005146398322171392,0.60435159,-1.19794204,-2.9945336,46204978.15487524,2845075.86135518,89781193103.18022,99720238122.2857,100000000000.0,2026-06-22,51262774.07,6.215
433,Ontology,ONT,ontology,0.04601696931038863,-0.1330823,-0.3051748,-8.05073233,46016969.31038863,5079049.26303353,1000000000.0,1000000000.0,1000000000.0,2026-06-22,46008420.65,11.0263
434,VNDC,VNDC,vndc,3.230550651504392e-05,0.0,0.0,0.45652694,45630442.14630218,0.0,1412466389439.0,1412466389439.0,,2026-06-22,45630442.15,
435,Matrixdock Gold,XAUM,matrixdock-gold,4121.984712968904,-0.30623132,1.00089248,-3.28289374,45566017.35774446,240740.31045575,11054.38775995,11054.38775995,,2026-06-22,45708593.25,0.5254
436,Impossible Cloud Network,ICNT,impossible-cloud-network,0.17900807647056363,-0.11647888,-3.69813324,-16.10397163,45290140.48755328,3048542.88134053,253006129.0,700000000.0,700000000.0,2026-06-22,125363769.75,6.7181
437,RedStone,RED,redstone,0.10652664433355022,0.47689959,-2.60051751,9.53851473,45281501.43006925,4683493.54558362,425072072.0,1000000000.0,1000000000.0,2026-06-22,106599014.77,10.3508
438,Frankencoin,ZCHF,frankencoin,1.2372375568311318,-0.01337133,-0.10389534,-1.68152686,45053960.5372407,25327.25404076,36414963.55205618,36414963.55205618,,2026-06-22,45053665.19,0.0562
439,VVS Finance,VVS,vvs-finance,1.0336497022051501e-06,0.17765102,0.85283394,-4.93910895,45015786.743987836,34508.89958993,43550331072463.74,95109375559623.39,100000000000000.0,2026-06-22,103335731.74,0.0753
440,Synapse,SYN,synapse-2,0.20727414618997364,4.12801662,59.5731505,465.75473803,45963019.245584406,73870627.27036636,221749890.6180888,235587150.75684077,250000000.0,2026-06-22,53342993.25,159.7555
441,Peanut the Squirrel,PNUT,peanut-the-squirrel,0.04467796282080314,0.15480012,0.61373511,-1.41141579,44670901.617813066,12111411.13953971,999841953.335733,999841953.335733,,2026-06-22,44600204.97,27.0414
442,Lorenzo Protocol,BANK,lorenzo-protocol,0.037922661642600074,0.48792071,-1.1412619,-5.97396528,44491592.3084344,5027736.54562788,1173219135.5064375,1212195831.9983332,2100000000.0,2026-06-22,79557090.39,11.3092
443,Irys,IRYS,irys,0.01723267613097449,-0.10334807,-0.64329759,-6.16861863,44233059.909468554,3837317.27262436,2566813162.0,10000000000.0,,2026-06-22,172346111.58,8.6771
444,Zest Protocol,ZEST,zest-protocol,0.3027677371467605,-0.61398578,20.42521776,10.79470609,44204089.62342703,12560970.53598709,146000000.0,1000000000.0,1000000000.0,2026-06-22,305121855.81,28.3282
445,BankrCoin,BNKR,bankr-coin,0.00044472571101268746,-0.33727233,-7.83632883,-7.57092852,44161263.10355972,5847380.64215629,99299999999.99966,100000000000.0,100000000000.0,2026-06-22,44465694.49,13.2395
446,Sahara AI,SAHARA,sahara-ai,0.012954262839268267,-0.19187643,-1.6751557,-11.50294955,44134903.61722925,21391825.28922508,3406979167.0,10000000000.0,10000000000.0,2026-06-22,129288269.64,48.8642
447,Fabric Protocol,ROBO,fabric-foundation,0.01977812868858584,-0.4905186,2.11672301,0.58189966,44125005.10423501,12623939.43931158,2231000000.0,10000000000.0,10000000000.0,2026-06-22,198306085.58,28.7242
448,Blur,BLUR,blur-token,0.015608405709909219,0.13671363,0.04543376,-16.08888819,44116233.3352144,16489574.59922882,2826440711.187215,3000000000.0,,2026-06-22,46911466.42,37.7933
449,StorX Network,SRX,storx-network,0.05279525095496558,0.03868843,-0.03797186,-1.83624681,44031239.296441294,2556350.09450651,834000000.0,977000000.0,1500000000.0,2026-06-22,79168072.64,5.8038
450,Request,REQ,request,0.05524242401177732,-0.19884432,-1.54959235,-3.94368084,44011353.64215536,1728215.9568495,796694830.6390833,999416740.9347085,,2026-06-22,55101553.66,3.9642
451,Mog Coin,MOG,mog-coin,1.1229388431904081e-07,-0.50720697,-0.9535891,-1.79663266,43858344.63206555,7988384.94523798,390567526433216.7,390567526433216.7,420690000000000.0,2026-06-22,47302578.35,18.2541
452,Aztec,AZTEC,aztec,0.015176822326016956,-0.31657235,-1.31489905,-13.27130314,43703171.49926949,5897287.72833177,2879599600.0,10350000000.0,10350000000.0,2026-06-22,157352755.24,13.4822
453,Venus,XVS,venus,2.654620273989153,-0.45290481,-2.79621799,4.52552571,43440334.80970103,2692862.53551205,16364048.46122204,30000000.0,,2026-06-22,79683508.43,6.2626
454,EscoinToken,ELG,escointoken,0.27586099953774124,0.09406321,-0.08084943,-2.76674316,43348038.5654751,174281.07997904,157137248.97,225000000.0,370000000.0,2026-06-22,102104057.95,0.4038
455,Broadcom tokenized stock (xStock),AVGOX,broadcom-tokenized-stock-xstock,412.39990412002925,1.15885863,0.10280316,3.27611563,43286992.38958048,84073.13849278,104963.63349537,104963.63349537,,2026-06-22,42780432.59,0.1942
456,Seeker,SKR,solana-mobile-seeker,0.008568624681170055,0.0556242,-1.38516124,-9.17329543,42957996.777984865,5485205.69508178,5013406278.884758,10392947168.10056,,2026-06-22,88994349.38,12.7631
457,Biconomy,BICO,biconomy,0.04281641509822813,-1.16778098,-32.12887021,123.89833002,42826811.40066404,121553831.74284227,1000242811.1370851,1000000000.0,1000000000.0,2026-06-22,43532299.76,278.2896
458,Subsquid,SQD,subsquid,0.040899689599365845,-1.00591086,-8.17061452,-1.06299953,42560079.101565674,5462011.54173224,1040596628.4454534,1336997653.5180118,1337000000.0,2026-06-22,54667211.71,12.8311
459,Degen,DEGEN,degen-base,0.0018126853589734144,-0.70816056,2.16187927,21.01388264,42431287.7144458,4040173.22780687,23407971772.043266,36627297316.518936,36963632968.517365,2026-06-22,67091888.93,9.5585
460,GoPlus Security,GPS,goplus-security,0.008889399347572876,-0.73084437,1.49316689,6.55671455,41943121.847315155,6267361.06302706,4718330250.149818,9822841360.54709,10000000000.0,2026-06-22,88620866.97,14.9596
461,Verge,XVG,verge,0.002544626055538544,0.43650258,-1.04628413,-2.58324274,42042187.6005145,3169864.31653635,16521951234.841341,16521951234.841341,16521951235.741348,2026-06-22,42038160.09,7.5539
462,SPDR S&P 500 Tokenized ETF (Ondo),SPYon,spdr-sp-500-tokenized-etf-ondo,748.6514641919132,-0.05341297,-0.1725614,-0.72798231,41816470.74745092,1184338.44356813,55855.72559133,55855.72559133,,2026-06-22,41805668.09,2.8342
463,Paycoin,PCI,payprotocol,0.03911225655070922,-0.09482829,0.82100604,0.07644393,41736142.049976714,394675.224026,1067086016.7800754,1900000000.0,1900000000.0,2026-06-22,74270702.05,0.9446
464,Dusk,DUSK,dusk,0.08375298538224643,-0.08988153,-3.18278713,-10.10275786,41625233.67771666,4016355.62652188,496999999.31632507,500000000.0,1000000000.0,2026-06-22,83603696.29,9.6292
465,WhiteRock,WHITE,whiterock,6.391484672807173e-05,-1.18991401,-5.24044183,0.31436721,41544650.373246625,66819.86724276,650000000000.0,1000000000000.0,1000000000000.0,2026-06-22,63689794.61,0.1623
466,CROSS,CROSS,cross,0.09410897913171616,1.17285115,5.16593057,2.64769951,41515691.872554995,3256652.56031579,441144854.1424415,985222460.6594087,985222890.0,2026-06-22,94112969.94,7.8081
467,Notcoin,NOT,notcoin,0.0004167153783134438,-0.23903197,2.97576023,-12.33123648,41433741.64554036,7988983.98496285,99429355866.90741,102452705868.52051,102456957533.56,2026-06-22,42581086.67,19.2214
468,Moca Network,MOCA,mocaverse,0.009764966102540299,2.1471594,0.3580074,-1.36471466,41336920.04503486,4700249.21753702,4233186230.3425,8888888888.0,8888888888.0,2026-06-22,85549747.49,11.5455
469,Amber tokenized stock (xStock),AMBRX,amber-tokenized-stock-xstock,1.5798791299728854,0.0,-0.00765,8.21089931,41210319.196793295,19.6993768,26084475.96715868,26084475.96715868,,2026-06-22,41210319.2,0.0
470,Altlayer,ALT,altlayer,0.006425155528237657,-0.33590154,-0.76269346,-3.80197871,41146171.56293531,5244297.76764146,6403918377.088875,10000000000.0,10000000000.0,2026-06-22,64188357.65,12.7698
471,iShares Bitcoin Trust Tokenized Stock (Ondo),IBITon,ishares-bitcoin-trust-tokenized-stock-ondo,35.61379006095013,0.0,0.0,-0.99910339,41144557.68733767,0.0,1155298.48457359,1155298.48457359,,2026-06-22,41144557.69,
472,Fractal Bitcoin,FB,fractal-bitcoin,0.38919464752658567,-0.12546434,-4.47722447,-3.84306708,40728986.32584422,4139642.14385012,104649399.9459796,151899375.0,210000000.0,2026-06-22,81711888.57,10.1748
473,Aegis YUSD,YUSD,aegis-yusd,0.999570673777565,-6.03e-06,0.1275527,0.08509257,40641774.993401885,0.0,40659231.0674832,40659231.0674832,,2026-06-22,40641774.99,
474,Succinct,PROVE,succinct,0.20816590359462037,-0.54143962,0.37709599,0.165548,40592351.20095097,8480739.75413953,195000000.0,1000000000.0,1000000000.0,2026-06-22,208139899.76,20.9785
475,wojak (wojakcto.com),WOJAK,wojaknew,1.3266420708997768e-07,4.77734256,17.4915637,119.81482513,40583775.3730116,2622648.94950271,305913526061224.7,305913526061224.7,420690000000000.0,2026-06-22,55646900.0,6.487
476,Polymesh,POLYX,polymesh,0.03829668286091155,-0.25818309,-1.39293294,-5.95570628,40552640.36084422,1150062.88676116,1058907386.525512,1289267270.542262,,2026-06-22,49325958.4,2.829
477,Threshold,T,threshold,0.003626952357771392,-0.42751957,-3.99503624,-6.15153328,40458653.55093988,3473740.1096506,11155000000.0,11155000000.0,11155000000.0,2026-06-22,40428253.9,8.6614
478,Zerebro,ZEREBRO,zerebro,0.0401328842508132,0.69287741,-8.1323483,58.2459516,40130811.503620096,13663876.14540957,999948352.897336,999948582.788152,1000000000.0,2026-06-22,40079966.45,33.9884
479,Mask Network,MASK,mask-network,0.40125484355200924,0.62173103,-1.3482793,6.28185406,40125484.355200924,12159664.50084396,100000000.0,100000000.0,100000000.0,2026-06-22,40177664.41,30.0473
480,Moo Deng (moodengsol.com),MOODENG,moo-deng-solana,0.040214865101844285,0.11983052,-0.71761853,-2.96786781,39811582.036532715,9662156.84561137,989971791.17,989971791.17,989971791.17,2026-06-22,39816409.23,24.3079
481,Burnedfi,BURN,burnedfi-app,3.2262546256189095,-0.32067663,0.36288891,6.12548403,39749785.38887451,68855.38111332,12320721.70411816,12320721.70411816,21000000.0,2026-06-22,67763438.7,0.181
482,lium,SN51,celium,10.410167602313228,0.08918464,-4.83733531,-16.48021102,39762447.15010835,264175.16851945,3819578.0,3819578.0,21000000.0,2026-06-22,218627265.52,0.6623
483,Non-Playable Coin,NPC,non-playable-coin,0.005232423669735562,-0.12051329,1.02282814,2.37073722,39623764.60574802,4855632.88844716,7572736289.481418,8050126520.0,8050126520.0,2026-06-22,41891615.09,12.3509
484,SpaceX Tokenized bStocks,SPCXB,spacex-tokenized-bstocks,177.10696469713116,0.40766109,-2.33700073,5.31042482,39496373.921727896,12040719.86915984,223008.58686879,223008.58686879,,2026-06-22,39459773.11,31.0621
485,MANTRA,MANTRA,mantra-new,0.007440020726005898,-0.38699068,0.91477254,-6.58582483,39481510.642158024,17173938.26666832,5306639873.213536,7262225408.364225,10000000000.0,2026-06-22,74360049.34,43.4837
486,VeThor Token,VTHO,vethor-token,0.00039083348915968226,-0.0739271,-0.95914533,-3.76084555,39445778.90178669,1004019.8367154,100927325820.0,100927325820.0,,2026-06-22,39480028.75,2.5084
487,Gemini Dollar,GUSD,gemini-dollar,0.9998288254768875,0.029772,0.00158295,0.00563425,39438024.67917279,1633649.31104362,39444776.62,39444776.62,148548675.98,2026-06-22,148463610.29,4.1413
488,Siacoin,SC,siacoin,0.0007004415065805669,-0.32151675,-1.84059053,-3.5652208,39242681.252657585,3902324.03090721,56025636522.075195,62217525676.30304,,2026-06-22,43498542.87,9.9037
489,ApeX Protocol,APEX,apex-token,0.2825010781859283,-0.28371165,-1.62403501,-5.62875517,39145441.87892835,1179747.05313075,138567407.0,499999990.0,500000000.0,2026-06-22,141114851.27,2.8201
490,Linea,LINEA,linea,0.002517090097603381,-0.08307226,-1.20599032,-6.10054985,38969961.042866476,13269323.39271114,15482147850.0,72009990000.0,72009990000.0,2026-06-22,181031378.7,34.2152
491,Locus Chain,LOCUS,locus-chain,0.006652631332993218,-0.01312415,-0.29611712,-7.75835764,38877531.30733146,160381.02444013,5843932928.392004,7000000000.0,7000000000.0,2026-06-22,46581942.32,0.4139
492,Tellor,TRB,tellor,13.716590444449716,-0.20979358,-0.17677124,-1.22617325,38248643.87139581,8970523.5424663,2788495.0,2867706.0,,2026-06-22,39340641.1,23.5456
493,Philip Morris tokenized stock (xStock),PMX,philip-morris-tokenized-stock-xstock,182.3021979035501,-0.0627032,0.05022489,-2.43126437,38222590.30554623,124715.88743546,209666.09698128,209666.09698128,,2026-06-22,38220631.08,0.3271
494,Celo,CELO,celo,0.06336692119886278,-0.76004483,-8.4391771,0.2256421,38160261.54450668,2757571.67715011,602211072.0,1000000000.0,1000000000.0,2026-06-22,63324743.91,7.1219
495,Invesco QQQ Tokenized ETF (Ondo),QQQon,invesco-qqq-tokenized-etf-ondo,738.2496872762055,0.01570187,-0.39915428,0.23114753,38040576.14871718,1625330.27067145,51528.06266545,51528.06266545,,2026-06-22,38018940.43,4.2819
496,GOHOME,GOHOME,gohome,75.88154498785103,0.15679332,-0.72698179,-2.63055621,37932804.931701794,502335.43389378,499895.0,9999895.37,9999895.37,2026-06-22,757831751.19,1.3273
497,Johnson & Johnson tokenized stock (xStock),JNJX,johnson-johnson-tokenized-stock-xstock,229.08055,0.0,0.00024009,-6.7355856,37891968.183969356,3.61328752,165408.927925,165408.927925,,2026-06-22,37891968.18,0.0
498,BUSD,BUSD,binance-usd,1.0007395218085784,0.00089967,0.09555318,0.07139264,37870246.467290536,483866.56201292,37842261.28978082,37842261.28978082,,2026-06-22,37851236.81,1.2714
499,UMA,UMA,uma,0.4161312183003422,0.10618228,-1.64895527,1.59820434,37734901.171026215,2648068.67532236,90680293.88698998,128939444.96426661,,2026-06-22,53695495.42,7.0231
500,Manta Network,MANTA,manta-network,0.07947447991871523,-0.2301869,-3.19817039,-3.0722354,37714984.41745632,5428547.58868039,474554655.23058957,1000000000.0,,2026-06-22,79708775.56,14.3486
501,Eli Lilly tokenized stock (xStock),LLYX,eli-lilly-tokenized-stock-xstock,1091.9031219707695,-1.54295321,-0.33976232,-3.33062345,37656540.41995971,105076.74941654,34487.07093354,34487.07093354,,2026-06-22,,
502,Netflix tokenized stock (xStock),NFLXX,netflix-tokenized-stock-xstock,75.61,0.0,0.0,-6.55395301,37481644.66417993,16.50369714,495723.3787089,495723.3787089,,2026-06-22,,
503,ZEROBASE,ZBT,zerobase,0.12124589211201607,0.09495831,4.4718215,6.91998731,37384149.42122687,11170129.08620429,308333328.0,1000000000.0,1000000000.0,2026-06-22,,
504,Bedrock,BR,bedrock-dao,0.14288152260191972,-0.10094131,1.46753206,22.95623664,37327797.779751524,6179460.14510039,261250000.0,1000000000.0,1000000000.0,2026-06-22,,
505,Score,SN44,score,8.649100863604561,0.45516325,-4.74622659,-20.51468496,37346705.09073327,620685.72175723,4317987.0,4317987.0,21000000.0,2026-06-22,,
506,ssv.network,SSV,ssv-network,2.3172929385955205,-0.42366882,-2.41253305,-3.21106081,37107337.40199406,5846148.5157738,16013226.80613885,17361673.60305064,,2026-06-22,,
507,Danaher tokenized stock (xStock),DHRX,danaher-tokenized-stock-xstock,178.77023236417585,0.21072751,0.44943981,-3.87145879,37061004.64092489,49414.97538652,207310.826589,207310.826589,,2026-06-22,,
508,BSquared Network,B2,bsquared-network,0.5496060379310432,0.14808068,2.40041838,23.96130994,37017818.82700359,7841640.38151587,67353370.0,207444584.9777,210000000.0,2026-06-22,,
509,Walmart tokenized stock (xStock),WMTX,walmart-tokenized-stock-xstock,120.41011540530684,0.0,-1.89741795,-1.68962441,37013040.98069407,0.0,307391.4584012,307391.4584012,,2026-06-22,,
510,Merck tokenized stock (xStock),MRKX,merck-tokenized-stock-xstock,113.19785000000002,0.0,0.00693524,-3.42379391,36959881.89477758,2.86232084,326506.9247762,326506.9247762,,2026-06-22,,
511,Ampleforth,AMPL,ampleforth,1.3065184942824528,0.00038401,-0.21253067,1.67092651,36941148.80487085,2.0176121,28274493.6,10630913.57552586,,2026-06-22,,
512,Waves,WAVES,waves,0.28333106184482487,-0.86266868,-9.02836524,5.58902483,36938165.19701414,29499513.58642317,130371040.0,130371040.0,,2026-06-22,,
513,Aleo,ALEO,aleo,0.030548673548246124,-0.6100858,-0.71305432,-4.96599234,36924673.94159801,2012950.71659587,1208716112.772692,2015260140.791402,5000000000.0,2026-06-22,,
514,Propy,PRO,propy,0.3690332606446833,-0.21178953,-5.35873835,19.66568426,36903326.06446833,6136758.90616894,100000000.0,100000000.0,,2026-06-22,,
515,Terra,LUNA,terra-luna-v2,0.05190551282137935,-0.2710396,-0.06071826,-2.22647291,36852106.3971789,5751881.08709064,709984438.91686,1186707049.0,,2026-06-22,,
516,Ankr,ANKR,ankr,0.0036815619480528475,-0.14318473,-0.88108453,-8.15587408,36815619.480528474,4591829.74433178,10000000000.0,10000000000.0,10000000000.0,2026-06-22,,
517,Spacecoin,SPACE,spacecoin-org,0.007017985727291052,2.05602479,6.58291398,6.17074647,36950835.20071805,7078518.10588915,5265162489.149305,21000000000.0,21000000000.0,2026-06-22,,
518,JPMorgan Chase tokenized stock (xStock),JPMX,jpmorgan-chase-tokenized-stock-xstock,325.16626,0.0,-2.20857719,0.61533653,36751878.636203535,6.5033252,113024.88344333,113024.88344333,,2026-06-22,,
519,Magic Eden,ME,magiceden,0.06341902740688526,0.58447873,1.50061799,-0.54607786,36739363.11230744,101511896.60598302,579311361.503452,999990886.768977,1000000000.0,2026-06-22,,
520,Bank of America tokenized stock (xStock),BACX,bank-of-america-tokenized-stock-xstock,56.41156,0.0,0.00276547,-0.26145945,36709485.30685546,3.43557683,650744.01960973,650744.01960973,,2026-06-22,,
521,Atoshi,ATOS,atoshi,0.040407926745237244,1.61689715,-1.97389001,-10.53806847,36494848.6974461,28032.9556439,903160633.0,100000000000.0,100000000000.0,2026-06-22,,
522,Railgun,RAIL,railgun,2.476708269930937,2.20154451,3.72105714,-17.74044622,36435457.90188563,193053.02778355,14711243.28377263,57500000.0,100000000.0,2026-06-22,,
523,Ore,ORE,ore-new,78.24006806151024,-0.30023067,4.28804001,-3.69135408,36414962.148531415,621964.75173862,465426.00295162,465426.00295162,3000000.0,2026-06-22,,
524,Vitalum,VAM,vitalum,0.10637526004128058,-0.20109097,-0.68932064,-2.7426505,36137683.13717999,641120.38148352,339718870.0,1000000000.0,1000000000.0,2026-06-22,,
525,OpenServ,SERV,openserv,0.04649200333918729,-0.48234718,-9.36244046,-33.11478534,35798842.57117421,751746.35734289,770000000.0,1000000000.0,1000000000.0,2026-06-22,,
526,APRO,AT,apro,0.14309695136778075,-1.08583858,3.17015415,-0.0830083,35774237.841945186,4220607.77612528,250000000.0,1000000000.0,1000000000.0,2026-06-22,,
527,KGeN,KGEN,kgen,0.1705398122037273,0.54103038,-4.12728294,-1.42699856,35771944.14738716,1891417.88036213,209757145.18,978000000.0,978000000.0,2026-06-22,,
528,Glidr,GLIDR,glidr,1.0062438580004311,-0.77355461,-1.66640663,-3.17081324,35683127.88169247,76548.4574549,35461710.0,100000000.0,100000000.0,2026-06-22,,
529,Celo Dollar,CUSD,celo-dollar,0.9995232356022726,-0.11390745,-0.05983729,-0.03194585,35537214.65900232,140194.62052658,35554165.61936053,57241566.21607361,1000000000000000.0,2026-06-22,,
530,PepsiCo tokenized stock (xStock),PEPX,pepsico-tokenized-stock-xstock,146.79935254854234,0.58774298,1.70958479,0.39850662,35498382.29951249,90499.38819612,241815.65983252,241815.65983252,,2026-06-22,,
531,Dogechain,DC,dogechain,0.00036607266398350376,-0.21404254,2.18493082,0.64854869,35483527.33089631,50457.08794154,96930284126.58339,169576384737.7423,200000000000.0,2026-06-22,,
532,Memecoin,MEME,meme,0.0005568078059153398,0.83786305,2.79470281,-10.74823073,35366420.55712703,7444974.92115605,63516387847.666664,69000000000.0,69000000000.0,2026-06-22,,
533,MetaMask USD,mUSD,metamask-usd,0.9998556385001125,0.00171596,0.01956883,0.00470429,35211098.03828373,836101.59900305,35216181.899123,35216181.899123,,2026-06-22,,
534,REAL,ASSET,real-finance,0.25670690002598173,-0.09887905,0.80661378,-6.20561812,35246673.44480247,1096183.58118214,137303179.0,1000000000.0,1000000000.0,2026-06-22,,
535,Momentum,MMT,momentum-token,0.17195732868209737,2.73780147,10.099858,31.37285343,35095703.90728002,46133724.41393941,204095424.0,1000000000.0,,2026-06-22,,
536,Everything,EV,everything,0.00035020510860566165,-0.02137713,-1.05169269,-8.15967632,35020510.86056616,240905.59266762,100000000000.0,100000000000.0,100000000000.0,2026-06-22,,
537,MYX Finance,MYX,myx-finance,0.10583786765186913,-1.45554581,-10.34667148,-38.40654015,34939841.46418419,15093901.67455688,330126090.4,1000000000.0,1000000000.0,2026-06-22,,
538,Avantis,AVNT,avantis,0.10748415072954885,-0.30939784,-2.14321814,-5.76832497,34852440.807147376,8162419.32905039,324256558.4840777,1000000000.0,1000000000.0,2026-06-22,,
539,Casper,CSPR,casper,0.0021652937280650856,2.79667565,10.64720351,2.4383388,34765207.23314246,9085524.56604049,16055654151.0,19586125334.0,,2026-06-22,,
540,Core,CORE,core-dao,0.02794114955434389,-0.12336954,1.19100374,-3.94312159,34618238.22250314,4684232.39330113,1238969719.3801103,2093769839.0352812,2100000000.0,2026-06-22,,
541,ZORA,ZORA,zora,0.00773499983821994,-0.22730459,-1.96326997,-10.54228497,34575449.26910813,10889838.2419927,4469999999.0,10000000000.0,10000000000.0,2026-06-22,,
542,Status,SNT,status,0.0071502827038241465,7.16951713,-3.85784076,-4.89087815,34409273.15086995,2123197.25265947,4812295482.0327635,6804870174.878168,,2026-06-22,,
543,World Mobile Token,WMTX,world-mobile-token,0.040271127945151544,0.39148098,0.01800717,-2.39545161,34361830.88407752,3173524.7084867,853262191.485613,2000000000.0,2000000000.0,2026-06-22,,
544,Marvell Technology Tokenized Stock (Ondo),MRVLon,marvell-technology-tokenized-stock-ondo,312.7914482586433,0.43019248,-0.50823273,6.10831256,34288728.66168529,2361212.63239727,109621.69475085,109621.69475085,,2026-06-22,,
545,Vana,VANA,vana,1.1337359692339648,0.0330834,-1.58024952,-0.65265697,34107312.898434594,1382318.71914384,30084000.0,112641600.0,120000000.0,2026-06-22,,
546,Hims & Hers Health Tokenized Stock (Ondo),HIMSon,hims-hers-health-tokenized-stock-ondo,34.68020641003979,0.30881798,-3.58024156,25.57267628,34071524.15483548,1516803.63017643,982448.71302069,982448.71302069,,2026-06-22,,
547,Osmosis,OSMO,osmosis,0.043706124212721145,-1.31371353,-1.10540905,-5.75697007,34012924.67074968,3955995.69777982,778218734.409075,976925341.523006,1000000000.0,2026-06-22,,
548,Anchored Coins AEUR,AEUR,anchored-coins-aeur,1.1326509360629449,-0.00529762,0.17112941,-1.219343,33786529.57257753,4480.90670447,29829604.6,2193835.75,67009654.6,2026-06-22,,
549,SMART,SMART,smart-blockchain,0.005017776502196267,-0.14460256,-31.39844694,15.51476789,33721616.280574724,489452.85507018,6720430108.0,836732311077.0,836732311077.0,2026-06-22,,
550,BIM,BIM,bim,1.1181407007711,-0.4579613,-0.19776265,0.88762963,33544221.023133,197810.71255864,30000000.0,30000000.0,30000000.0,2026-06-22,,
551,Chainbase,C,chainbase,0.09219769459494061,0.81088716,-0.84431878,-3.37848189,33428249.695397805,4879624.2532442,362571427.0,1000000000.0,1000000000.0,2026-06-22,,
552,Gensyn,AI,gensyn,0.025455745017043074,1.13315971,-4.97846315,-10.76592635,33211482.097758863,4669111.1392974,1304675313.0,10000000000.0,10000000000.0,2026-06-22,,
553,AI Analysis Token,AIAT,ai-analysis-token,0.2271228275120759,0.13108771,0.39629553,1.13188062,33248388.594464496,367590.86135614,146389462.2952275,500000000.0,500000000.0,2026-06-22,,
554,Mango,MNGO,mango-markets,0.029694167341717388,-0.02259785,-3.66670039,9.62598705,33182251.78201138,348.47557074,1117466989.397395,1117466989.397395,,2026-06-22,,
555,UPCX,UPC,upcx,0.24712418286405288,-0.51861896,1.6694426,8.77075008,33105739.238990832,7262648.58322039,133963980.6,780000000.0,780000000.0,2026-06-22,,
556,cat in a dogs world,MEW,mew,0.0003713196662520033,-0.48071502,-1.23080511,-3.96150612,33006192.555403564,4749669.64524044,88888888888.0,88888888888.0,88888888888.0,2026-06-22,,
557,Swarm Network,TRUTH,swarm-network-ai,0.01580958409805907,-0.25686553,13.82118217,23.50888544,32967809.5104783,2917455.7044354,2085305300.0,10000000000.0,10000000000.0,2026-06-22,,
558,Phala Network,PHA,phala-network,0.03908049855313986,-0.12854279,3.75660231,6.09468006,32841882.610276036,15320523.18912737,840364985.7644256,1000000000.0,,2026-06-22,,
559,PumpMeme,PM,pumpmeme,1.0223283811684605,-0.16664506,-0.65671057,-0.90703623,32722702.159365803,99815.09052109,32008015.0,100000000.0,100000000.0,2026-06-22,,
560,Storj,STORJ,storj,0.0766719617801037,0.21430116,-1.86763312,-3.31689921,32585583.603200234,5127147.85258917,424999998.00000113,424999998.00000113,,2026-06-22,,
561,OpenGradient,OPG,opengradient,0.1645096902752701,-0.3688507,1.51327452,-30.478499,32506086.56512134,27310748.10973546,197593749.71,1000000000.0,1000000000.0,2026-06-22,,
562,McDonald's tokenized stock (xStock),MCDX,mcdonald-s-tokenized-stock-xstock,284.82334169090933,0.08037881,0.3217394,-1.04136511,32487370.195035577,532392.97835972,114061.47404271,152118.7821868,,2026-06-22,,
563,TerraClassicUSD,USTC,terrausd,0.005811497662133332,0.07206404,-1.47007744,-4.75534665,32406479.875389993,1009654.62637735,5576269966.78408,6079367834.528469,6079367909.220944,2026-06-22,,
564,Dogelon Mars,ELON,dogelon,3.230668204340209e-08,0.69583132,-0.2284219,3.86933069,32260934.265962817,5724927.41485338,998583953085067.2,998583953085067.2,1000000000000000.0,2026-06-22,,
565,siren,SIREN,siren-bsc,0.07249391156327246,-1.33405993,4.96353798,19.31325228,52514801.72077943,11156771.88616706,724402926.9264174,724402926.9264174,,2026-06-22,,
566,Espresso,ESP,espresso,0.06144501064115597,-0.08421564,-0.04763588,-15.067552,31985200.28925374,7100798.26954575,520550000.0,3590000000.0,,2026-06-22,,
567,Bitmine Tokenised Stock (xStock),BMNRx,bitmine-tokenised-stock-xstock,16.250080909301033,0.36229369,4.23400198,-3.84588257,31965598.953233197,25689.01531795,1967103.98745997,1967103.98745997,,2026-06-22,,
568,Pax Dollar,USDP,paxos-standard,0.9985120155254856,-0.02423502,-0.02802024,-0.0993,31906479.934404798,884844.85408613,31954027.03052443,31954027.03052443,,2026-06-22,,
569,DFDV tokenized stock (xStock),DFDVx,dfdv-tokenized-stock-xstock,3.0741339789818523,0.4805191,-12.1453826,-7.51465444,31491575.9504729,704881.52844558,10244047.9711632,10244047.9711632,,2026-06-22,,
570,iota,SN9,iota-macrocosmos-ai,7.851635940144041,0.17762018,9.03419275,-8.83937933,31440572.750740748,2261575.65641056,4004334.0,4004334.0,21000000.0,2026-06-22,,
571,Talus,US,talus-network,0.014291916336592218,-0.8943463,-4.60586512,12.49770279,31442215.94050288,5231309.34090948,2200000000.0,10000000000.0,10000000000.0,2026-06-22,,
572,Liquity BOLD,BOLD,liquity-v2,0.9989885078039556,-0.02112082,0.01435109,0.02247269,31354766.56566775,226353.36653239,31386513.77941667,31386513.77941667,,2026-06-22,,
573,Manifesting (manifesting.meme),MANIFEST,manifesting,0.03472105455567734,1.5404447,-2.55976009,-15.42838519,31248939.794866987,1357436.85547924,899999732.0,899999732.0,999999813.51579,2026-06-22,,
574,Tokenised GBP,TGBP,tokenised-gbp,1.3218670841706324,-0.01643101,0.10009833,-1.64730094,31187113.287053484,19378.707936,23593229.35,23593229.35,,2026-06-22,,
575,Starpower,STAR,starpower,0.16643253617655912,-1.08115489,-2.58305125,13.53850553,30972952.17974549,239978782.61265993,186099141.97839293,553099141.978393,1000000000.0,2026-06-22,,
576,Particle Network,PARTI,particle-network,0.05745173677059753,0.54340118,5.02758809,0.59080913,30963493.458383672,15985738.53229388,538947909.9999996,1000000000.0,1000000000.0,2026-06-22,,
577,BOOK OF MEME,BOME,book-of-meme,0.0004485162828411529,-0.74329155,2.90265387,-2.000316,30887905.29453367,9761549.91427666,68866853838.33203,68866853838.33203,,2026-06-22,,
578,USDH,USDH,hyperliquid-usd,0.9997965686406111,-0.01009755,0.00820048,0.01973783,30807369.517353497,2227240.45781198,30813637.977615,33707215.99,,2026-06-22,,
579,DEAPcoin,DEP,deapcoin,0.0010298367880718414,-0.05484185,-0.012484,-3.54563746,30784808.12352135,86639.40918239,29892900001.32895,29892900001.328953,,2026-06-22,,
580,LUSD,LUSD,lusd,0.9986844241141043,-0.03377182,-0.01284277,-0.06900066,30736330.66940067,43038.07771786,30776819.91152082,10000000000000.0,10000000000000.0,2026-06-22,,
581,Thermo Fisher tokenized stock (xStock),TMOX,thermo-fisher-tokenized-stock-xstock,470.88528,0.0,0.0011213,1.98993147,30600147.102757,39.28125006,64984.2932078,64984.2932078,,2026-06-22,,
582,Solayer,LAYER,solayer,0.06646383444293902,0.07925364,0.28400462,-1.38124332,30331750.180285525,12684649.84177072,456364734.81418145,999998403.6526822,,2026-06-22,,
583,Rocket Pool,RPL,rocket-pool,1.3434247184280856,-0.16262026,-0.980041,-5.20686062,30274203.190195635,7495004.01524705,22535094.65392216,22535094.65392216,,2026-06-22,,
584,International Business Machines tokenized stock (xStock),IBMX,international-business-machines-tokenized-stock-xstock,249.40395,0.0,0.0015838,-6.53995249,30100222.94209019,502.11499638,120688.63761817,120688.63761817,,2026-06-22,,
585,ICON,ICX,icon,0.027391230614814188,-0.80428532,-2.65686116,-5.18140821,30051693.53265617,1021522.65025541,1097128272.7400756,1108792174.2180953,,2026-06-22,,
586,Vanta Network,VANTA,proprietary-trading-network,6.998290887567039,0.02573894,-4.63499442,-18.6796658,30051255.92593831,7447.20143097,4294085.0,4294085.0,21000000.0,2026-06-22,,
587,FUNToken,FUN,funtoken,0.002774835463208092,-0.17317881,4.12516662,20.89502289,29985431.584300935,764231.99356455,10806201658.398026,10806201658.398026,,2026-06-22,,
588,Novo Nordisk tokenized stock (xStock),NVOX,novo-nordisk-tokenized-stock-xstock,43.40946,0.0,1.5663547,-2.84475267,29851600.060455564,27.12262129,687674.9920514,687674.9920514,,2026-06-22,,
589,Arkham,ARKM,arkham,0.13078070004818926,-0.93320876,-0.95651274,-5.22415622,29438735.5808474,22680264.44853283,225100000.0,1000000000.0,1000000000.0,2026-06-22,,
590,IoTeX,IOTX,iotex,0.0031177488614195776,-0.15518607,-0.48326792,-8.2798284,29435815.883488983,1108084.19501264,9441368497.553144,9441368502.273277,10000000000.0,2026-06-22,,
591,Comcast tokenized stock (xStock),CMCSAX,comcast-tokenized-stock-xstock,23.82538238394563,-2.18041784,-3.75290186,-8.97269587,29368638.56528493,673377.80994429,1232661.79287324,1232661.79287324,,2026-06-22,,
592,ChangeNOW Token,NOW,now-token,0.3445283546027483,-0.48690267,-0.52706595,-1.90817177,29217268.889374446,1408.15430236,84803670.0,199763509.8661694,200000000.0,2026-06-22,,
593,SLIMEX,SLX,slimex,0.016788381541319425,-6.21915361,-58.65595626,-10.9945428,29094265.211106565,554182.65916883,1733000000.0,10000000000.0,10000000000.0,2026-06-22,,
594,UNIPOLY,UNP,unipoly,0.13255683982422486,-0.46209102,-0.55614273,-3.36591801,29060435.994664814,305740.45576155,219230000.0,1000000000.0,1000000000.0,2026-06-22,,
595,HashKey Platform Token,HSK,hashkey-platform-token,0.08413169496620167,0.23601322,-8.37851798,-6.11827539,29022070.252726182,3471263.27095824,344960009.0,1000000000.0,1000000000.0,2026-06-22,,
596,Band,BAND,band-protocol,0.1632477056663897,-0.07083761,0.45980842,-3.36148767,29067050.378769204,2098501.70491024,178054878.383223,178054878.383223,,2026-06-22,,
597,Across Protocol,ACX,across-protocol,0.041160862433009454,-0.17682111,-1.25982718,-3.3289931,29004319.172520813,1689260.5781364,704657712.644535,1000000000.0,1000000000.0,2026-06-22,,
598,Bancor,BNT,bancor,0.2677933352448068,0.10572601,-0.89322564,-3.25937648,28886254.745346587,1463391.70624741,107867713.43259846,107867713.43259846,,2026-06-22,,
599,Gravity,G,gravity-token,0.002663544170322614,-0.29920223,-0.63687735,-5.92552936,28875748.70488449,1895061.78884452,10841100000.0,12000000000.0,12000000000.0,2026-06-22,,
600,Yei Finance,CLO,clovis,0.22409849974160057,-0.03833532,4.07219439,-8.18536553,28931116.316640634,34206368.55367732,129100000.0,999987058.5103155,1000000000.0,2026-06-22,,
601,Renzo,REZ,renzo,0.003353127071145063,3.26036983,2.57006603,1.02344281,28680774.2019986,5525789.34014303,8553440890.6860695,9814629224.12962,10000000000.0,2026-06-22,,
602,OPEN tokenized stock (xStock),OPENX,open-tokenized-stock-xstock,4.47681,0.0,0.15234899,3.39363537,28637852.83484257,25.89521208,6396932.82378358,6396932.82378358,,2026-06-22,,
603,iExec RLC,RLC,rlc,0.32798153795387486,-0.54230124,-1.97502717,-8.15186534,28534323.281642016,1585979.95031762,86999784.9868455,86999784.9868455,86999784.9868455,2026-06-22,,
604,USDK,USDK,usdk,0.9974513390356365,0.0,1.77248301,-0.98553609,28527180.112915613,0.0,28600072.0,28600072.0,,2026-06-22,,
605,Decentralized Social,DESO,deso,3.207116031162799,-0.07120944,9.88369327,-2.73847071,28493737.83504301,7610.88232167,8884536.0,10808492.0,10808492.0,2026-06-22,,
606,Neiro,NEIRO,neiro,6.75273968856098e-05,-0.45062384,1.63262878,-5.70672728,28407726.92772909,13914396.30334275,420684466422.588,420690000000.0,420690000000.0,2026-06-22,,
607,Wiki Cat,WKC,wiki-cat,5.266039761401073e-08,-0.1993223,-0.68120208,-3.66281866,28291175.199087564,129423.46338981,537238161520460.4,537238161520460.4,553003328316637.0,2026-06-22,,
608,Liquity USD,LUSD,liquity-usd,1.0089505917411559,0.0,0.28941502,0.22377163,28229186.366320364,286.3965283,27978759.90895152,27978759.90895152,,2026-06-22,,
609,Abbott tokenized stock (xStock),ABTX,abbott-tokenized-stock-xstock,89.98864420082074,-0.49335161,-0.07657836,3.62040941,28182513.609700847,46190.31740927,313178.55558317,313178.55558317,,2026-06-22,,
610,SwftCoin,SWFTC,swftcoin,0.0028171011359345087,-0.07777799,-3.00747695,-6.55140293,28171011.359345086,486964.0016416,10000000000.0,10000000000.0,,2026-06-22,,
611,ConstitutionDAO,PEOPLE,constitutiondao,0.005558165789696879,-0.19909216,0.43626558,-1.44734503,28125082.224897485,4546905.9118807,5060137334.7,5060137334.7,,2026-06-22,,
612,Victoria VR,VR,victoria-vr,0.0016738701376208093,-1.20984703,6.29203491,9.41465208,28121018.312029596,1636593.05671734,16800000000.0,16800000000.0,16800000000.0,2026-06-22,,
613,Merlin Chain,MERL,merlin-chain,0.021367553874199013,-0.42158339,3.65690208,1.10170049,28075109.63402756,5647756.57554557,1313913132.0,2100000000.0,2100000000.0,2026-06-22,,
614,Tornado Cash,TORN,torn,5.329244493785735,0.40451004,-2.01370742,-5.65009028,28033229.92603012,57274.87793046,5260263.43109587,9999997.246815,,2026-06-22,,
615,Hyperlane,HYPER,hyperlane,0.08251513178482775,0.27735855,3.30330542,12.02334384,27904473.606464628,12022818.60626388,338174017.3333334,808000000.0,1000000000.0,2026-06-22,,
616,deBridge,DBR,debridge,0.014518262986197817,-0.16470086,0.798697,-9.64998146,27943076.01230565,6433656.84185925,1924684519.0,10000000000.0,10000000000.0,2026-06-22,,
617,Uquid Coin,UQC,uquid-coin,2.7859686962931347,-0.01397391,-0.01865353,-0.46825344,27859686.962931346,24689.04353139,10000000.0,40000000.0,,2026-06-22,,
618,Accenture tokenized stock (xStock),ACNX,accenture-tokenized-stock-xstock,128.17388595624757,-0.18299094,1.47558711,-24.50639563,27663418.563109674,46221.76313017,215827.25963815,215827.25963815,,2026-06-22,,
619,Catizen,CATI,catizen,0.060923012995230195,0.0172582,-4.25814386,1.72008577,27643713.02915649,2469348.34875252,453748291.0,1000000000.0,1000000000.0,2026-06-22,,
620,Electronic USD,eUSD,electronic-usd,0.9991347478185837,0.07400712,0.0647146,-0.03797981,27470921.14132984,101376.91245246,27494711.0,27494711.0,,2026-06-22,,
621,Hive,HIVE,hive-blockchain,0.04918636140980354,-0.37646618,-0.65852438,-2.8076172,27447372.047636274,2335748.06089134,558028104.965,558028104.965,,2026-06-22,,
622,COTI,COTI,coti,0.009477371823044907,-0.33228509,-1.27705712,-7.93396326,27404860.465904906,2510595.59111366,2891609718.1359954,2891641809.4156876,4910000000.0,2026-06-22,,
623,INFINIT,IN,infinit,0.07883189678222882,0.51418238,8.45751192,6.74056606,27202418.801035635,6968922.50720247,345068683.0,1000000000.0,1000000000.0,2026-06-22,,
624,Chia,XCH,chia-network,1.8816582858585162,0.30249309,0.20550697,-11.91164084,27117943.64142261,1704439.97731329,14411726.0,33191992.0,,2026-06-22,,
625,BORA,BORA,bora,0.024356310808431363,0.68247288,0.19904353,-4.0360271,26785852.81157239,181191.10655777,1099750000.0,1205750000.0,1205750000.0,2026-06-22,,
626,UNS TOKEN,UNS,uns-token,0.2536358900340706,-0.01824737,0.4965625,1.57009619,26785015.258336,2460.09308503,105604200.0,1000000000.0,1000000000.0,2026-06-22,,
627,B3 (Base),B3,b3,0.0005752447753193107,0.10583137,-1.17650512,-4.45938475,26709525.722111437,4675309.37797996,46431583333.0,100000000000.0,100000000000.0,2026-06-22,,
628,MVL,MVL,mvl,0.0009591809412855507,-2.31222819,-2.32472041,-7.70319193,26668068.25283425,48773.9303893,27802958863.102654,30000000000.0,30000000000.0,2026-06-22,,
629,PlaysOut,PLAY,playsout,0.03447941042239421,-1.46460121,1.35254329,15.46737641,26545798.371095113,2232160.67868463,769902908.6023393,3999999999.98607,5000000000.0,2026-06-22,,
630,GMT,GMT,green-metaverse-token,0.008500599149591542,0.23280724,1.4644123,-0.30537432,26448765.512500472,4849656.8023798,3111400155.102167,5073850155.102167,,2026-06-22,,
631,Collect on Fanable,COLLECT,collect-on-fanable,0.04917348202156925,1.50704001,-3.65286953,-14.37138942,26406159.845582686,2405721.12553559,537000000.0,3000000000.0,3000000000.0,2026-06-22,,
632,Autonomi,ANT,autonomi,0.07865121375500879,-0.07641654,-0.7605307,22.30615643,26380909.411523156,319477.10966104,335416431.0,1200000000.0,1200000000.0,2026-06-22,,
633,Ardor,ARDR,ardor,0.026378057935316074,-1.10191046,14.6633403,-10.0196311,26337600.094543293,1283877.55029281,998466231.2566,998466231.2566,998466231.2566,2026-06-22,,
634,IOST,IOST,iostoken,0.0007741264538077411,0.20009252,-1.3466302,-6.3941006,26319565.459270928,5245719.69981495,33999051873.0,48298553487.0,90000000000.0,2026-06-22,,
635,Somnia,SOMI,somnia,0.1080051579623753,0.06547115,-1.4780179,-4.99890166,26270732.557656627,5818851.86081485,243235907.0,1000000000.0,1000000000.0,2026-06-22,,
636,Snek,SNEK,snek,0.0003513149930978186,-0.07833788,-5.94038786,-16.8799492,26245740.115980133,3926595.57977972,74707144960.0,75243418467.0,76715880000.0,2026-06-22,,
637,Cyber,CYBER,cyberconnect,0.36782194498237497,-0.20401685,-0.10531777,1.17480991,26140848.1545359,7819695.20825437,71069300.0,100000000.0,100000000.0,2026-06-22,,
638,Giggle Fund,GIGGLE,giggle-fund,26.3612091829356,-0.2142626,-1.09887735,-8.58927379,26075265.64524894,10221996.58967239,989152.86716545,989152.86716545,989152.86716545,2026-06-22,,
639,BounceBit,BB,bouncebit,0.02232756697477979,-0.15349326,-0.75951407,-1.02541097,26012502.644509498,2135900.75412217,1165039732.0,2100000000.0,2100000000.0,2026-06-22,,
640,iShares Silver Trust Tokenized ETF (Ondo),SLVon,ishares-silver-trust-tokenized-etf-ondo,59.378995482348,0.06876962,0.87266093,-6.80925378,25893387.17099581,4764339.70258737,436069.80819831,436069.80819831,,2026-06-22,,
641,Alphabet Class A Tokenized Stock (Ondo),GOOGLon,alphabet-class-a-tokenized-stock-ondo,362.7293750129997,-0.06428554,-0.74216202,-1.25288489,25684703.872431777,2988515.99618825,70809.55015433,70809.55015433,,2026-06-22,,
642,Bounce Token,AUCTION,bounce-token,3.7086793255315205,-0.10516421,-0.84135587,-2.73221087,25665570.831664477,6438323.1705981,6920407.12578625,7641035.64836274,10000000.0,2026-06-22,,
643,Powerledger,POWR,power-ledger,0.045101925077880946,0.08550245,-2.64869141,-10.01219211,25624036.76313047,2499489.90147577,568136209.68248,1000000000.0,,2026-06-22,,
644,Orbs,ORBS,orbs,0.00585728678561145,0.05579771,-2.08071305,-4.1545346,25607815.105048735,2030742.83602491,4371958560.737521,10000000000.0,,2026-06-22,,
645,Gigachad,GIGA,gigachad-meme,0.0027385864986995624,-0.61649358,1.43552921,-5.4673879,25475459.601819105,6398180.31207602,9302411888.0,9603935545.16,10000000000.0,2026-06-22,,
646,iShares Silver Trust Tokenised ETF (xStock),SLVx,ishares-silver-trust-tokenised-etf-xstock,59.377202628528124,0.07457806,-0.80654422,-6.78786279,25453047.91293529,41486.09079761,428667.01,428667.01,,2026-06-22,,
647,Perle,PRL,perle,0.1450957563446795,0.26294028,2.43892128,-24.12629074,25391757.360318914,61956707.95446585,175000000.0,1000000000.0,1000000000.0,2026-06-22,,
648,EthereumPoW,ETHW,ethereum-pow,0.23481330231689546,-0.7428205,-2.32005279,-3.54646623,25317335.219416276,1950237.81032046,107818999.04993,107818999.04993,,2026-06-22,,
649,Euler,EUL,euler-finance,1.0580576815232265,0.10085828,1.78842978,2.06931099,25271957.89546996,3527939.39118266,23885236.44484801,27182818.28459045,27182818.28459045,2026-06-22,,
650,SKALE,SKL,skale-network,0.004054457311625076,-0.22513475,-2.70564154,-7.16270356,25105784.88178746,2213187.48210292,6192144337.0,6342291667.0,7000000000.0,2026-06-22,,
651,Folks Finance,FOLKS,folks-finance,2.0519988470402177,-1.36986437,-6.97870375,16.45303985,25031117.09971501,2887635.78605464,12198406.999994,50000000.0,50000000.0,2026-06-22,,
652,Pundi X (New),PUNDIX,pundix-new,0.0967033024563008,0.36250211,-0.73369503,-7.20039803,24986831.834623385,1563459.46849115,258386541.0999244,258386541.0999244,258526640.0,2026-06-22,,
653,Frax (prev. FXS),FRAX,frax-share,0.2666469151636384,0.17866533,-1.58176993,-7.05264658,24957534.158684436,421672.00057368,93597685.70121376,99681495.59113361,99681495.59113361,2026-06-22,,
654,NotInEmploymentEducationTraining,NEET,notinemploymenteducationtraining,0.024947015025125304,0.34197272,2.0512763,-8.29189752,24941178.022337787,1270846.39517716,999766024.0,999766024.0,1000000000.0,2026-06-22,,
655,OLAXBT,AIO,olaxbt,0.10788968032802422,-0.65260779,-5.57205571,-10.76714724,24841598.895527575,1956547.72937459,230250000.0,1000000000.0,1000000000.0,2026-06-22,,
656,Klickl Token,KLK,klickl-token,0.24730026627426405,-0.22008635,0.93837168,1.51179691,24730026.627426405,239240.57218918,100000000.0,100000000.0,1000000000.0,2026-06-22,,
657,MobileCoin,MOB,mobilecoin,0.12463129707135555,-0.16072457,-0.29982737,-10.84159847,24726815.31461284,4493.25894459,198399727.0,250000000.0,,2026-06-22,,
658,Medtronic tokenized stock (xStock),MDTX,medtronic-tokenized-stock-xstock,80.16959,0.0,0.01196357,5.65794118,24650842.293119956,4.61384007,307483.70165196,307483.70165196,,2026-06-22,,
659,Illuvium,ILV,illuvium,3.3377179480842885,-0.52879974,-1.96061427,-2.62795972,24506011.281856008,1544584.28267108,7342145.64053306,9166146.2247061,,2026-06-22,,
660,Kyber Network Crystal v2,KNC,kyber-network-crystal-v2,0.11670300802842892,-0.05505926,-2.26622276,-4.6897518,24423215.70585025,2650315.00103048,209276659.77470556,240971364.48374614,,2026-06-22,,
661,LCX,LCX,lcx,0.02571807669137421,0.86265191,-0.27140169,-7.0603626,24412235.1493132,52289.17622639,949224759.0,949224759.0,,2026-06-22,,
662,Yield Guild Games,YGG,yield-guild-games,0.02618442479134672,-0.07959072,-1.61248649,0.17929621,24304431.178763438,7117303.56853452,928201836.490043,999716389.322777,1000000000.0,2026-06-22,,
663,CARV,CARV,carv,0.0397514696025303,-0.43030816,-3.03229745,-4.25620607,24232545.678293884,4908114.7671461,609601253.0,1000000000.0,,2026-06-22,,
664,Salesforce tokenized stock (xStock),CRMX,salesforce-tokenized-stock-xstock,158.92043,0.0,0.00027058,-6.1439076,24212882.642775502,241.0028321,152358.52711181,152358.52711181,,2026-06-22,,
665,DeBox,BOX,debox,0.04718608538410111,0.01973658,22.61966162,20.1863624,23980552.91636993,45363.66970094,508212383.4,1000000000.0,1000000000.0,2026-06-22,,
666,Trusta.AI,TA,trusta-ai,0.07143650516036333,2.11667962,-0.62495657,2.04315267,23916369.72128331,2223436.7603502,334791990.0,1000000000.0,1000000000.0,2026-06-22,,
667,WOO,WOO,wootrade,0.012657491354799835,-0.05648228,-1.4471021,-6.35526746,23907242.953691423,1249654.31988351,1888782088.2947378,1888782088.2947378,1888782088.2947378,2026-06-22,,
668,aixbt,AIXBT,aixbt,0.023816989754754304,0.46592985,5.87759212,-2.11133508,23791145.162359796,13039067.26669555,998914867.3841392,998914867.3841392,1000000000.0,2026-06-22,,
669,Metis,METIS,metisdao,3.156638687600246,-0.68079809,-1.45801861,4.08660094,23707104.168497898,1903273.93984228,7510236.842,10000000.0,10000000.0,2026-06-22,,
670,Lista DAO,LISTA,lista-dao,0.053921923331957895,-0.71002271,-3.20604142,2.09610617,23605006.680904645,4640993.5123044,437762698.7744087,795588564.255041,800000000.0,2026-06-22,,
671,Steem,STEEM,steem,0.04244206863482074,-0.6496604,-2.15073616,-5.47166833,23367016.712924026,3742520.80003286,550562624.88,550562624.88,,2026-06-22,,
672,Open Campus,EDU,open-campus,0.029825072838452187,-0.48624113,3.10978224,-0.87614843,23103039.942180235,15846140.72932083,774618056.0,1000000000.0,1000000000.0,2026-06-22,,
673,Infinity Ground,AIN,infinity-ground,0.07589120379506462,0.42247746,-2.33074436,-18.589367,23182248.214284815,1996551.81588794,305466866.4485252,1000000000.0,1000000000.0,2026-06-22,,
674,Isiklar Coin,ISIKC,isiklar-coin,0.23021702421937146,-0.19500577,0.08733466,0.32997645,23021702.421937145,414020.18066166,100000000.0,100000000.0,100000000.0,2026-06-22,,
675,Tokenlon Network Token,LON,tokenlon-network-token,0.18384932392268669,-0.0239446,-1.700038,-3.37516954,22699681.717159223,5566.55083528,123468943.11509687,140451028.83876702,200000000.0,2026-06-22,,
676,Anoma,XAN,anoma,0.009046556374114294,-0.26825789,-1.63032285,-1.74418642,22616390.935285736,3345317.40250955,2500000000.0,10000000000.0,10000000000.0,2026-06-22,,
677,Rekt (rekt.com),REKT,rekt-eth,8.017572632162922e-08,-0.0180985,-2.24434929,-7.1220218,22594507.911380846,203014.44120162,281812325849619.0,420690000000000.0,420690000000000.0,2026-06-22,,
678,Hana Network,HANA,hana-network,0.039321821434198295,0.00707383,-0.6153464,25.20519567,22509335.364844386,5860491.10219545,572438776.8382457,1000000000.0,1000000000.0,2026-06-22,,
679,Zeebu,ZBU,zeebu,0.1253303796167369,-0.10261722,0.05283677,0.62516157,22503015.6342956,1225.23459742,179549568.932212,271574623.461212,,2026-06-22,,
680,Ark,ARK,ark,0.11383172191275401,-0.43438878,-1.63504679,-8.30976291,22463918.995734323,551232.51521176,197343224.0,197343224.0,,2026-06-22,,
681,Xertra,STRAX,stratis-new,0.010296729995945329,-0.93625022,9.90957105,12.26521038,22427289.73785819,73498219.32376513,2178098264.8558974,2178098264.8558974,,2026-06-22,,
682,Metal DAO,MTL,metal,0.24638639713564048,-0.20078216,-0.93076102,-5.29398324,22331456.547942154,826065.00412805,90635915.0,90635915.0,,2026-06-22,,
683,Capybobo,PYBOBO,capybobo,0.0007187240587585501,0.08642131,0.06594782,-1.81017403,22320374.93620996,631482.13009741,31055555556.0,100000000000.0,100000000000.0,2026-06-22,,
684,API3,API3,api3,0.2573494738713587,0.25303594,-3.34256152,-5.59126137,22240650.569222137,6590725.44247607,86421978.0,172672489.2781211,,2026-06-22,,
685,Cartesi,CTSI,cartesi,0.02378660244279945,-0.17755449,-0.0428663,-1.34923259,22054658.76124661,898407.61906356,927188269.7111657,1000000000.0,1000000000.0,2026-06-22,,
686,Corn,CORN,use-corn,0.04196683159643185,-0.09497127,0.05975968,-4.96382666,22032586.588126723,5807512.75856669,525000000.0,2100000000.0,2100000000.0,2026-06-22,,
687,Sign,SIGN,sign,0.009193934665565654,-0.26940976,-2.712863,4.35120025,21942857.395687405,6355132.53540796,2386666666.0,10000000000.0,10000000000.0,2026-06-22,,
688,Tensor,TNSR,tensor,0.04566070037770431,5.31175098,39.71258109,51.70641988,22241452.955492724,240994100.43631312,487102755.137611,783790902.6946371,,2026-06-22,,
689,Ontology Gas,ONG,ontology-gas,0.046302164790079516,0.10422343,-1.66776339,-6.84130844,21878286.678435247,809756.69399801,472511097.0,800000000.0,1000000000.0,2026-06-22,,
690,Naoris Protocol,NAORIS,naoris-protocol,0.03647597722995273,-10.93215314,19.68348073,7.67229086,21858594.11482147,4747115.09333324,599260000.0,4000000000.0,4000000000.0,2026-06-22,,
691,Cheelee,CHEEL,cheelee,0.3841175315135781,1.33500986,-0.85812347,-1.24253638,21828675.442431502,814046.68626586,56828115.48959432,1000000000.0,1000000000.0,2026-06-22,,
692,StrikeX,STRX,strikecoin,0.024905029961404614,0.00114298,-0.86643525,-10.34597847,21734146.296417195,0.0,872680993.7630533,880456959.285762,1000000000.0,2026-06-22,,
693,Civic,CVC,civic,0.0216290216623289,0.01162935,-1.50586088,-7.68836452,21629021.6623289,1108171.77133501,1000000000.0,1000000000.0,,2026-06-22,,
694,DOGS,DOGS,dogs,4.1752641297578886e-05,-0.36793683,3.14036768,-11.11851414,21575677.39052389,6331650.44591863,516750000000.0,545217355861.1685,550000000000.0,2026-06-22,,
695,Bonfida,FIDA,bonfida-sns,0.021666171331704495,0.14372227,-0.59299853,-7.84841876,21469243.46417705,8404865.34019646,990910813.705268,990910813.705268,,2026-06-22,,
696,IQ,IQ,iq,0.0008145216906068325,-0.16513672,-0.68927272,-0.63937467,21447952.150138814,403819.41148093,26331959476.929,26331959476.929,60000000000.0,2026-06-22,,
697,SLT,SLT,slt-game,2.5202086667376085,0.02380796,0.25364831,-3.03552324,21421773.667269673,22731.87932083,8500000.0,100000000.0,100000000.0,2026-06-22,,
698,Big Time,BIGTIME,big-time,0.00844902972519999,-0.32813611,-4.05201483,-7.3398417,21108190.63156189,9587521.70216398,2498297593.699406,5000000000.0,5000000000.0,2026-06-22,,
699,Based,BASED,basedone,0.08979657876844638,-0.21478012,-0.84832588,20.36124081,21102196.0105849,35895091.68082282,235000000.0,1000000000.0,1000000000.0,2026-06-22,,
700,Sapien,SAPIEN,sapien-io,0.08434584431265604,1.31612225,1.8755044,-0.81203605,21086461.07816401,4449857.59775981,250000000.0,1000000000.0,1000000000.0,2026-06-22,,
701,Flux,FLUX,zel,0.05107983547617773,-0.21563503,-2.03887073,-4.76206522,21069689.969410263,2171497.55336696,412485470.4991484,412485470.4991484,560000000.0,2026-06-22,,
702,Harmony,ONE,harmony,0.001401345871421387,-0.5693154,-2.1498863,-9.14158528,20969913.3619819,1171058.42181678,14964123982.262915,14964123982.262915,,2026-06-22,,
703,Prom,PROM,prom,1.148837323388546,-0.03084562,-5.37592774,7.76791662,20966281.151840966,1812627.17620174,18250000.0,19250000.0,19250000.0,2026-06-22,,
704,Audius,AUDIO,audius,0.014644915520965104,-0.04581634,-2.69632609,-5.9926838,20954616.962896395,3207615.69270316,1430845875.0,1430845875.0,,2026-06-22,,
705,SentismAI,SENTIS,sentismai,0.10102353164000222,-1.50858168,-6.79138023,2.37837614,20860236.811200406,1977099.37701442,206488889.0,1000000000.0,1000000000.0,2026-06-22,,
706,ROGin AI,ROG,rogin-ai,0.31149046132351305,0.44818861,3.27892652,1.08404852,20866706.63478273,8195.34612458,66989873.61,200000000.0,,2026-06-22,,
707,Nosana,NOS,nosana,0.29183071952052975,-0.15373556,4.57357951,-14.5795266,20855140.99213514,193579.31268125,71463144.888926,99999724.348779,,2026-06-22,,
708,Orizon,ORI,orizon,55.20614804401953,-0.18321989,0.15541967,0.87401782,20808142.1522076,282518.78832078,376917.116833,376917.116833,376917.116833,2026-06-22,,
709,Spell Token,SPELL,spell-token,0.00011737077342998096,-0.87289482,-3.08982141,-10.07591363,20738511.084801577,6047393.34770878,176692292968.26096,196008739620.0,,2026-06-22,,
710,τemplar,SN3,templar,4.88379929249472,0.05233055,-5.0031668,-19.97085331,20602175.45280808,35036.60193589,4218473.0,4218473.0,21000000.0,2026-06-22,,
711,Clearpool,CPOOL,clearpool,0.02104350548012798,-0.73897294,-5.50466855,-13.33776626,20529769.13424963,990279.56668936,975586940.7612014,993627634.645902,1000000000.0,2026-06-22,,
712,Symbol,XYM,symbol,0.003143060176031033,-0.63832861,-4.88687993,-6.7376065,20502823.675591365,79621.6668567,6523204306.409987,8540202754.423874,8999999999.0,2026-06-22,,
713,Pythia,PYTHIA,pythia,0.020540211320405486,0.30449946,-0.67802748,1.55850105,20502381.30513823,132016.27789534,998158246.05321,998158246.05321,1000000000.0,2026-06-22,,
714,SATS (Ordinals),SATS,sats-ordinals,9.745541669825796e-09,0.17115153,-2.57838675,-0.41371602,20465637.506634172,3184716.11500685,2100000000000000.0,2100000000000000.0,2100000000000000.0,2026-06-22,,
715,Tether Gold Tokens,XAUT0,tether-gold-tokens,4148.470178204407,-0.23997208,0.11034579,-3.46542115,20366819.6676566,421445.63121929,4909.477179,2778.393498,,2026-06-22,,
716,Zentry,ZENT,zentry,0.0025396195264052045,-0.04340413,-0.65494384,0.14825817,20341367.165206097,1657136.41968231,8009612051.612713,9706992814.355925,10000000000.0,2026-06-22,,
717,TokenPocket,TPT,tokenpocket,0.005856799961832007,-0.30021554,-1.76255186,-8.1055926,20302347.56801228,54610.36021439,3466457400.0,3466457400.0,5900000000.0,2026-06-22,,
718,Yooldo,ESPORTS,yooldo,0.03183926937033595,-1.48653289,-2.15700992,-51.94172215,20148434.548436712,4124353.56148762,632817113.7999991,899999019.7999991,900000000.0,2026-06-22,,
719,iShares 20+ Year Treasury Bond Tokenized ETF (Ondo),TLTon,ishares-20-year-treasury-bond-tokenized-etf-ondo,89.28546556943952,-0.03753512,-0.10925289,0.25779033,20102895.223975696,1846068.29081732,225153.05369989,225153.05369989,,2026-06-22,,
720,Brevis,BREV,brevis,0.08023360248796585,-0.15296446,-0.64093557,-9.14257061,20058400.621991463,12797308.9930997,250000000.0,1000000000.0,1000000000.0,2026-06-22,,
721,KAIO,KAIO,kaio,0.029325792693113445,0.82548001,-0.8514717,-4.96822182,19978196.272183534,2453957.04451218,681250000.0,10000000000.0,10000000000.0,2026-06-22,,
722,dKargo,DKA,dkargo,0.0039939390750589705,-0.012112,-0.08805595,-5.17224758,19969695.375294853,1265272.94831386,5000000000.0,5000000000.0,5000000000.0,2026-06-22,,
723,MiL.k,MLK,milk-alliance,0.03554870818005325,-0.01653806,-0.30227911,-7.19547876,19802235.799161714,3247690.8837839,557045158.9651,986245419.0,986245419.0,2026-06-22,,
724,WINkLink,WIN,wink,1.988315724068545e-05,0.4867274,1.98206178,10.98778828,19757930.216510348,6545770.99141657,993701854154.286,993701854154.286,993701859243.3864,2026-06-22,,
725,Moonbirds,BIRB,moonbirds,0.06923149998601148,-0.40391547,-3.08099882,-11.96316938,19730977.496013273,5846670.32965818,285000000.0,1000000000.0,1000000000.0,2026-06-22,,
726,WAX,WAXP,wax,0.004271360651797624,-0.02357049,-2.5960294,-8.58998902,19676008.82138814,636921.14818874,4606496717.411907,4608433461.251633,,2026-06-22,,
727,ArcBlock,ABT,arcblock,0.19938530773100424,-1.15185505,-4.66367549,-6.33042773,19650280.51842826,46109.65185415,98554305.44029327,186000000.0,186000000.0,2026-06-22,,
728,Secret,SCRT,secret,0.05706445205947725,-0.82747868,-3.37846138,-6.50677612,19604853.079604976,5913379.11356289,343556318.724855,358671010.659213,,2026-06-22,,
729,COINDEPO,COINDEPO,coindepo,0.07828894440583596,-0.01049596,0.21869045,1.12469965,19597197.43533757,1357932.9263966,250318836.0,1000000000.0,1000000000.0,2026-06-22,,
730,Public Masterpiece Token,PMT,public-masterpiece-token,0.10619596809515569,-0.02991312,-0.23351513,-0.60812049,19449732.933406845,304317.68021714,183149447.9713122,361071410.0,2000000000.0,2026-06-22,,
731,Tesla Tokenized Stock (Ondo),TSLAon,tesla-tokenized-stock-ondo,393.5322832577143,-0.28118458,-1.94545132,-4.00760017,19400021.172567368,3203956.63893563,49297.1529857,49297.1529857,,2026-06-22,,
732,Lumia,LUMIA,lumia,0.11188601657025823,0.20855975,-3.75903347,22.76230031,19359477.80608854,2960230.98013124,173028573.1812774,238888888.0,238888888.0,2026-06-22,,
733,Orbler,ORBR,orbler,0.0190171105436107,-0.0074712,-9.24033409,-48.84640918,19313525.491376325,18760.38651309,1015586750.0,2000000000.0,2000000000.0,2026-06-22,,
734,Lisk,LSK,lisk,0.08712160656774832,0.32562111,-2.17988006,-7.50569104,19130382.459551297,1943267.92838243,219582526.23216894,400000000.0,400000000.0,2026-06-22,,
735,Shentu,CTK,shentu,0.11886158933496305,-0.33031975,-1.64777059,-8.24397993,19089805.254912578,923540.97137037,160605334.0,160605334.0,,2026-06-22,,
736,ChainGPT,CGPT,chaingpt,0.0203706142365807,-0.21626332,1.85159234,-4.78995512,19002547.10165962,9660037.30978886,932841144.6492192,997766421.9854141,1000000000.0,2026-06-22,,
737,Bitgo Tokenised Stock (xStock),BTGOx,bitgo-tokenised-stock-xstock,6.05,0.0,0.0,22.46963563,18986244.15821149,25.0792344,3138222.17491099,3138222.17491099,,2026-06-22,,
738,MEET48,IDOL,meet48,0.01801863187209195,-6.05329405,-20.71326438,-39.67481697,18854696.390957016,15374838.012412,1046400000.0,4800000000.0,4800000000.0,2026-06-22,,
739,Liquity,LQTY,liquity,0.1968281953552511,-0.34301397,-1.19927768,-3.44229903,18941560.605200615,2926364.69637373,96233979.94892646,100000000.0,100000000.0,2026-06-22,,
740,Comtech Gold,CGO,comtech-gold,134.0789696251217,-0.01265266,0.93390174,-3.3729953,18905134.71714216,757383.6569796,141000.0,141000.0,141000.0,2026-06-22,,
741,WalletConnect Token,WCT,walletconnect-token,0.04722202764338891,0.09968115,1.79976629,-2.41589439,18893928.933489528,14820571.63217891,400108379.0,1000000000.0,1000000000.0,2026-06-22,,
742,Cobak Token,CBK,cobak-token,0.18824151138327888,0.01870109,-0.1357759,-6.18336549,18824151.13832789,3162170.03760782,100000000.0,100000000.0,100000000.0,2026-06-22,,
743,Pixels,PIXEL,pixels,0.00540773773614634,0.06046918,-3.10122431,-4.39592045,18751861.385228675,8116934.97911387,3467598152.9,5000000000.0,5000000000.0,2026-06-22,,
744,Aurora,AURORA,aurora-near,0.026214244107321198,0.01462709,-0.23518821,-0.42599678,18729128.77361524,475617.23930941,714463812.0,999759398.0,1000000000.0,2026-06-22,,
745,Blast,BLAST,blast,0.0002928998148985422,-0.82630493,-2.18603423,-7.89237716,18710814.80080495,2075207.39454772,63881279021.24556,100000000000.0,100000000000.0,2026-06-22,,
746,Usual,USUAL,usual,0.010086339874090558,-0.33877456,-0.67739524,-1.71428776,18599264.003823746,16655150.5707513,1844005281.9953938,1844005281.9953938,3000000000.0,2026-06-22,,
747,Buttcoin,BUTTCOIN,buttcoin,0.018507681830685036,0.85548688,0.76070308,-19.08377706,18506731.27614621,598040.65106993,999948640.0,999948640.0,999948640.0,2026-06-22,,
748,Oho,OHO,oho,0.0007658292819811446,-0.60480848,-0.86924016,-2.80949692,18474786.244814593,136651.43765577,24123896382.0,45000000000.0,45000000000.0,2026-06-22,,
749,Nillion,NIL,nillion,0.039322945510737776,0.6705856,-0.57928234,-7.73151157,18398940.77459201,18695144.96217281,467893250.0,1000000000.0,,2026-06-22,,
750,Intel Tokenized Stock (Ondo),INTCon,intel-tokenized-stock-ondo,140.69874358889547,0.36164725,-0.34140653,9.6287006,18400292.227435775,2178439.93530986,130777.94270288,130777.94270288,,2026-06-22,,
751,Smooth Love Potion,SLP,smooth-love-potion,0.0005043153756218144,-0.31624474,-2.76380567,-2.42728089,18326810.6990913,1481422.72884812,36339980070.0,36339980070.0,,2026-06-22,,
752,Pocket Network,POKT,pocket-network,0.00782349179354597,-0.76224737,-2.67391681,-6.2932383,18305392.42476087,515082.46228248,2339798252.215462,2376503872.570208,,2026-06-22,,
753,Gradients,SN56,gradients,4.37212810387768,0.07855918,-3.8635297,-17.52929171,18255991.410737306,159379.39827702,4175539.0,4175539.0,21000000.0,2026-06-22,,
754,Loopring,LRC,loopring,0.013310203331877067,-0.44141523,-0.57589586,-3.67022941,18213775.39080652,1912496.70359983,1368406998.500595,1373873397.4424574,,2026-06-22,,
755,Rujira,RUJI,rujira,0.22624296018925072,-0.01283089,-3.13341299,-5.59009105,18088124.667130593,2722.7496173,79950000.0,100000000.0,100000000.0,2026-06-22,,
756,Ergo,ERG,ergo,0.21729598531876215,-0.08588752,0.39170346,-2.94397561,18087092.874679986,121575.31895472,83237124.0,83237124.0,97739924.0,2026-06-22,,
757,MAX Exchange Token,MAX,max-exchange-token,0.26687349163351115,-0.09537373,-0.24154255,-1.9374124,17995588.178924166,50488.13908753,67431156.49581613,285000000.0,500000000.0,2026-06-22,,
758,tokenbot,CLANKER,tokenbot-2,18.20128859210765,-0.28439238,-11.06839651,16.79835098,17951516.979174957,4142349.24835019,986277.25659814,1000000.0,1000000.0,2026-06-22,,
759,Acurast,ACU,acurast,0.08253133190446231,-0.39160697,-5.16041131,2.26648947,17909299.02326832,2623184.2222462,217000000.0,1000000000.0,,2026-06-22,,
760,Velodrome Finance,VELO,velodrome-finance,0.019479081586585286,-1.67658194,-4.3831454,36.56388656,17827304.380016718,3138805.98805112,915202511.0,2511857442.365807,,2026-06-22,,
761,RateX,RTX,ratex,1.015958317876687,1.58581504,0.95967061,12.89689074,17776822.400862835,15157412.2062047,17497590.29289282,99999990.29289281,100000000.0,2026-06-22,,
762,Aevo,AEVO,aevo,0.019343335654614678,0.12196975,-0.81491921,-4.36373956,17740691.118165664,3259849.82344418,917147457.6533713,1000000000.0,1000000000.0,2026-06-22,,
763,Bluwhale,BLUAI,bluwhale,0.01435200454196918,2.00684857,1.020323,1.82728305,17624261.57753815,7647449.39946961,1228000000.0,10000000000.0,10000000000.0,2026-06-22,,
764,QANplatform,QANX,qanplatform,0.009747860185549833,-0.91091752,-1.10509638,-6.29970392,17503577.33337988,130545.73869677,1795632785.0626206,2200000000.0,3333333000.0,2026-06-22,,
765,Wirex Token,WXT,wirex-token,0.0017628247586749949,1.61131367,2.20075065,-11.76297469,17628247.58674995,279091.2959255,10000000000.0,10000000000.0,10000000000.0,2026-06-22,,
766,Sonic SVM,SONIC,sonic-svm,0.02583980401007301,-0.31314918,-1.9520965,-6.46154281,17403468.221325718,839742.60050425,673513940.5291699,2399996780.9709163,,2026-06-22,,
767,KONET,KONET,konet,0.038195869084699866,1.13807276,-0.47627308,-14.73737433,17340046.76800386,1103055.88939073,453977018.55014914,999997956.2,1000000000.0,2026-06-22,,
768,Abey,ABEY,abeychain,0.016504035586522824,-0.05700411,5.6939686,9.09096499,17242648.33694055,28042.26808571,1044753463.269364,1342044729.268385,1342044769.6763728,2026-06-22,,
769,Global Commercial Business,GCB,global-commercial-business,0.014303287403534972,-0.02072718,-0.6893644,-0.88553123,17190330.821814306,125.08863731,1201844746.3738875,1201844746.3738875,2500000000.0,2026-06-22,,
770,Cetus Protocol,CETUS,cetus-protocol,0.01807773725391361,0.1561316,-1.51904691,-6.48160797,17134550.963191062,2227565.01637312,947826087.0,1000000000.0,1000000000.0,2026-06-22,,
771,Xai,XAI,xai-games,0.008245545640946962,-0.61595602,0.48771376,-0.26777054,17100204.181567192,17311629.50626455,2073871751.6338089,2207649129.934431,2500000000.0,2026-06-22,,
772,STBL,STBL,stbl,0.024403171379694236,-0.41368494,-2.26100821,-9.5035718,17082219.965785965,1913173.75541574,700000000.0,10000000000.0,10000000000.0,2026-06-22,,
773,OKZOO,AIOT,okzoo,0.05825111167492234,-1.74712157,-10.05319921,-21.02684427,17082138.440419864,1207732.91929614,293249999.0,1000000000.0,1000000000.0,2026-06-22,,
774,GameBuild,GAME,gamebuild,0.0008834801289254728,0.57388907,-3.97671475,-8.79817541,16964376.815930165,695307.76073727,19201763866.0,21419639000.0,21419639400.0,2026-06-22,,
775,iShares Core MSCI EAFE Tokenized ETF (Ondo),IEFAon,ishares-core-msci-eafe-tokenized-etf-ondo,98.74427628217596,0.11577797,1.67545275,-0.73141477,16839684.6124407,1744746.12254188,170538.33646336,170538.33646336,,2026-06-22,,
776,OpenEden,EDEN,openeden,0.04605108796133536,-0.51063225,-1.24816428,0.06071318,16805015.769324098,9292287.50125175,364921145.47725,1000000000.0,1000000000.0,2026-06-22,,
777,Young,YNG,young,0.6175589995807411,-0.87010607,0.00422026,-0.47152159,16674092.988680009,56173.24055478,27000000.0,100000000.0,100000000.0,2026-06-22,,
778,pippin,PIPPIN,pippin,0.01658120964336258,0.3805952,-0.02749872,-12.83883665,16581147.513570046,5657366.57225008,999996253.0,999996253.0,,2026-06-22,,
779,Bifrost,BFC,bifrost,0.0119145271693534,2.38832039,-0.19958553,-2.05177357,16521142.844851183,1224705.77244218,1386638564.0,2584913482.0,,2026-06-22,,
780,Taiko,TAIKO,taiko,0.08520299863987564,0.04628072,2.48815631,-2.52685972,16499588.885634338,26760352.13610669,193650330.96279323,1000000000.0,1000000000.0,2026-06-22,,
781,QIE Blockchain,QIE,qi-blockchain,0.19425523686568066,0.03107895,0.06562177,0.95993466,16389138.14485764,101437.25535094,84369093.0,84369093.0,150000565.0,2026-06-22,,
782,zkPass,ZKP,zkpass,0.058160619824581136,0.30836277,1.20946652,-0.43184898,16381907.878483273,9011537.74816656,281666666.0,1000000000.0,1000000000.0,2026-06-22,,
783,Animecoin,ANIME,anime,0.0029575363130847397,0.03730375,-1.65399638,-3.46969465,16380624.393940212,5055764.65845712,5538604656.0,10000000000.0,,2026-06-22,,
784,Freysa,FAI,freysa-ai,0.0019927191929707557,-0.0770079,-3.75929555,-10.71865675,16319772.374672597,226880.90185463,8189700000.0,8189700000.0,8189700000.0,2026-06-22,,
785,Power Protocol,POWER,powerprotocol,0.07718569531170151,1.14411835,1.82310575,0.57045541,16208996.015457317,1670030.98370454,210000000.0,1000000000.0,1000000000.0,2026-06-22,,
786,SynFutures,F,synfutures,0.0037576671838438266,-0.35821874,-1.96820691,-5.96806449,16110664.944807561,3681126.45557352,4287411353.0,10000000000.0,10000000000.0,2026-06-22,,
787,Infinex,INX,infinex,0.008024581712388967,1.64479581,2.36647594,1.68504859,16003423.309017317,4368331.63532446,1994300000.0,10000000000.0,10000000000.0,2026-06-22,,
788,DODO,DODO,dodo,0.01598581075167874,-0.42618086,-0.51499788,4.03043339,15985810.75167874,1155551.85234666,1000000000.0,1000000000.0,1000000000.0,2026-06-22,,
789,Celer Network,CELR,celer-network,0.002044138082395022,-0.19373215,-1.7868664,-8.32760233,15951276.39018008,1550457.67422614,7803424106.9912,10000000000.0,10000000000.0,2026-06-22,,
790,Mango Network,MGO,mango-network,0.00992553335767541,0.00440782,1.71943569,-0.64800562,15910263.333076984,952932.36927628,1602963061.0,10000000000.0,10000000000.0,2026-06-22,,
791,MetaMUI,MMUI,metamui,0.03325809113462825,-0.0107819,0.29972738,2.01439137,15839049.200224912,516450.00558676,476246491.0,800000000.0,800000000.0,2026-06-22,,
792,Faith Tribe,FTRB,faith-tribe,0.004784306536976074,-0.00869574,0.37573012,-5.24847039,15797493.188479044,294297.21778127,3301940012.912272,5000000000.0,5000000000.0,2026-06-22,,
793,Araracoin,ARARA,araracoin,0.0004358642488908186,-0.09049045,-0.06820639,-0.22181499,15800079.022292174,14501.12026694,36250000000.0,100000000000.0,100000000000.0,2026-06-22,,
794,Goldgr,GOLDGR,goldgr,134.02791122980864,0.0,0.63750648,-3.22883865,15770186.923884246,0.0,117663.45367305,10000000000.0,100000000.0,2026-06-22,,
795,Epic Chain,EPIC,epic-chain,0.46860230154241517,0.45503219,-2.59630303,-7.09817833,15745037.33182515,15159366.42375226,33600000.0,33600000.0,33600000.0,2026-06-22,,
796,Definitive,EDGE,definitive,0.06205050541451223,-0.31106944,-0.40952646,-6.41941042,15713569.945128046,975074.27123112,253238387.66755623,1000000000.0,1000000000.0,2026-06-22,,
797,Adshares,ADS,adshares,0.40529922442404354,-0.16802623,0.59807039,-0.88146161,15705223.787720755,47937.9939504,38749701.063551,38758206.0,38758206.0,2026-06-22,,
798,Tokamak Network,TOKAMAK,tokamak-network,0.3579077670708381,-0.39123229,-0.89161482,-7.09470799,15691196.906278864,147422.59244234,43841454.0,104708169.95697862,,2026-06-22,,
799,MediBloc,MED,medibloc,0.001458449183092621,0.04385336,-0.8173879,-6.11322902,15523794.095724246,51794.58537607,10644041819.0,11434259731.0,,2026-06-22,,
800,Treasure,MAGIC,magic-token,0.045968754804446815,-0.13570324,-4.74554144,-4.29498856,15448538.463394111,4830554.5347046,336066063.3317761,347687042.97175324,,2026-06-22,,
801,Bless,BLESS,bless,0.007918522496836396,-4.06923636,0.75417995,45.93282668,15374882.783604817,5416019.81482493,1941635297.4620433,9999968630.462044,10000000000.0,2026-06-22,,
802,Fulcrom Finance,FUL,fulcrom-finance,0.0009200993283895649,-0.01798286,0.31050654,-3.27188187,15361991.28733028,732.11218639,16696014020.81026,20000000000.0,,2026-06-22,,
803,Chromia,CHR,chromia,0.015668990440885093,0.28228315,-3.87597567,-5.77112732,15274631.963530721,2438727.01067336,974831915.3782,974831915.3782,978064789.0,2026-06-22,,
804,Electroneum,ETN,electroneum,0.0008479780294863615,-0.1170847,0.3312923,1.74319203,15246490.302838981,294351.93145693,17979817604.56,17979817604.56,21000000000.0,2026-06-22,,
805,Bella Protocol,BEL,bella-protocol,0.190312786688345,3.53254336,27.47990104,117.81143834,15225022.9350676,45757340.983745,80000000.0,100000000.0,,2026-06-22,,
806,Unicorn Fart Dust,UFD,unicorn-fart-dust,0.01522078950058069,8.37022293,-0.95709812,8.29455695,15220789.50058069,2475794.92671085,1000000000.0,1000000000.0,1000000000.0,2026-06-22,,
807,QuarkChain,QKC,quarkchain,0.0020998242075830754,-0.02258481,-5.61836792,-17.45679191,15215423.999060135,528941.98891761,7246046571.0,10000000000.0,,2026-06-22,,
808,Boundless,ZKC,boundless,0.049897273068531284,0.83125867,4.86774973,-9.80829715,15146683.984909724,9224824.26617732,303557350.0,1054206779.0,,2026-06-22,,
809,Moonriver,MOVR,moonriver,1.2142956770355438,-0.22894237,-4.95165611,-12.09054503,15120222.768912328,3934547.31588,12451846.0,12555183.0,,2026-06-22,,
810,Orderly,ORDER,orderly-network,0.03845869550327564,0.03500826,0.86483744,-6.31884273,14993893.753974766,4990440.08609631,389870055.5950394,997860535.4709141,1000000000.0,2026-06-22,,
811,FLock.io,FLOCK,flock-io,0.03830766444378656,0.04842593,-0.83872565,-7.40970647,14990834.208959274,2255352.5397485,391327282.0627613,392668670.57810014,1000000000.0,2026-06-22,,
812,Avici,AVICI,avici,1.1596073655070374,-0.26388982,7.24802314,39.57694559,14958917.6209303,580888.03142784,12899985.0,12899516.520692,12900000.0,2026-06-22,,
813,Aergo,AERGO,aergo,0.030507685205457904,-0.13622066,-3.106336,-23.16472355,14948765.621593952,966514.03390097,489999995.7689212,500000000.0,500000000.0,2026-06-22,,
814,NYM,NYM,nym,0.017664826267618484,-0.00978253,-1.35778959,-4.89698959,14756785.574612813,1567591.48512654,835376773.654637,1000000000.0,1000000000.0,2026-06-22,,
815,Braintrust,BTRST,braintrust,0.06050797723647769,0.01140969,-1.63928843,-7.94394256,14603466.09933038,16830.08472719,241347782.0,250000000.0,250000000.0,2026-06-22,,
816,Lagrange,LA,lagrange,0.07529049594504435,-1.32779648,3.22555377,-2.04139775,14531065.71739356,7066626.14548591,193000000.0,1000000000.0,,2026-06-22,,
817,JOE,JOE,joe,0.03179334102606841,-0.18468914,-0.66925211,-2.05786773,14535332.331864037,5426779.36158507,457181657.0,464573155.0,500000000.0,2026-06-22,,
818,Adventure Gold,AGLD,adventure-gold,0.15651120193202217,-0.23386709,-2.79883151,-11.32508698,14528935.03186082,6102307.69624058,92830001.0,92830001.0,96000000.0,2026-06-22,,
819,EVAA Protocol,EVAA,evaa-protocol,0.8111649961290275,-3.64058444,-0.77602476,-6.37469568,14482813.933539849,4370214.4677174,17854337.9,50000000.0,50000000.0,2026-06-22,,
820,Apertum,APTM,apertum,0.1409594354964143,-0.19147407,-1.03146004,-16.13272565,14459396.940436058,781630.3219472,102578425.41377,102874772.3669,2100000000.0,2026-06-22,,
821,SaucerSwap,SAUCE,saucerswap,0.01592417018655074,0.04964894,-1.0910531,-3.93398502,14437756.17531197,5909.59825378,906656736.6572,906856698.394052,1000000000.0,2026-06-22,,
822,Radix,XRD,radix-protocol,0.0010683484382655569,0.13951995,-3.85911546,-4.69578795,14387214.88298648,148220.75932863,13466781405.459671,13466781418.999886,24000000000.0,2026-06-22,,
823,Mira,MIRA,mira-network,0.048535200225730435,-0.30549722,-0.92198369,-11.85648471,14381469.304378204,4732159.18955632,296310085.0,1000000000.0,1000000000.0,2026-06-22,,
824,iShares Core US Aggregate Bond Tokenized ETF (Ondo),AGGon,ishares-core-us-aggregate-bond-tokenized-etf-ondo,101.5125792445386,-0.06300255,-0.13864146,-0.19080705,14382532.806482032,1187395.60800705,141682.27143392,141682.27143392,,2026-06-22,,
825,Hermez Network,HEZ,hermez-network,3.0557240225758737,0.0,-0.56924234,-0.31905719,14361902.906106606,0.0,4700000.0,100000000.0,100000000.0,2026-06-22,,
826,PDD Holdings Tokenized Stock (Ondo),PDDon,pdd-holdings-tokenized-stock-ondo,78.7942934942887,0.26190538,-0.44467542,-3.46143549,14347282.626958126,1225637.07246298,182085.30073308,182085.30073308,,2026-06-22,,
827,DIA,DIA,dia,0.11916436008371863,0.11721835,-1.85486011,-6.20184203,14261126.35047256,2137948.1254896,119676104.0,168817248.0,200000000.0,2026-06-22,,
828,Ponke,PONKE,ponke,0.02553559159432269,-0.74560696,-1.60743558,-3.1654884,14186150.467720104,1843178.49069846,555544226.0,555544226.0,555555555.0,2026-06-22,,
829,Coin98,C98,coin98,0.01418644914289044,-0.50993678,-1.33040174,-2.16755464,14186433.225694502,8495990.77739017,999998878.0,1000000000.0,,2026-06-22,,
830,Humidifi,WET,humidifi,0.06144934830133095,0.12957565,0.38209263,-8.40964356,14133350.10930612,3988014.31633098,230000000.0,1000000000.0,1000000000.0,2026-06-22,,
831,AVA (Travala),AVA,ava,0.1928517734904324,-0.30011821,-2.17730007,-0.5737209,14131978.745496871,9812155.3674224,73278967.0,73278967.0,100000000.0,2026-06-22,,
832,Mey Network,MEY,mey-network,0.049602787362822594,0.61968157,0.55447702,0.36881532,14102532.911413636,178805.85264062,284309283.03,2300000000.0,2300000000.0,2026-06-22,,
833,ISLM,ISLM,islamic-coin,0.006446218593083858,-0.08909803,-0.29176281,-1.74810225,14094391.924361434,6611.7543208,2186458886.06435,18154465022.091892,100000000000.0,2026-06-22,,
834,Hippo Protocol,HP,hippo-protocol-ai,0.01013453166075838,0.15127468,0.5905439,-6.11649508,14083395.577773096,106447.04900893,1389644440.3351164,1389645678.616249,,2026-06-22,,
835,Chintai,CHEX,chex-token,0.011273527574056414,-1.52804144,-7.73483493,-11.89447471,14079754.582275774,159560.60262967,1248921820.5912127,1248921820.5912127,,2026-06-22,,
836,Solend,SLND,solend,0.1401068299350255,0.53961106,6.60624093,-1.11789444,14010682.99350255,62.30664528,100000000.0,100000000.0,,2026-06-22,,
837,Kishu Inu,KISHU,kishu-inu,1.50056886033358e-10,-0.46029911,-2.5060668,-1.68947025,13975712.711297756,171572.06962726,9.313609712113394e+16,9.670293841273085e+16,1e+18,2026-06-22,,
838,Commonwealth,CWU,commonwealth,0.015461404126381638,-0.26233881,1.7817819,-18.58852617,13922945.285924612,46252.12988439,900496822.4178314,999999309.9800205,1000000000.0,2026-06-22,,
839,GUNZ,GUN,gunz,0.0057653103298088305,-0.36703479,-1.83010568,-7.41451135,13896398.169258209,8349461.60455462,2410346950.0,10000000000.0,10000000000.0,2026-06-22,,
840,Goatseus Maximus,GOAT,goatseus-maximus,0.013898131411212489,0.16470051,3.02337969,-2.24877146,13897842.342937797,5396159.15754313,999979200.925208,999979200.925208,1000000000.0,2026-06-22,,
841,Caldera,ERA,caldera,0.0917716837404737,0.26489755,-0.74117892,-12.01513193,13628095.035460344,4083993.88776672,148500000.0,1000000000.0,1000000000.0,2026-06-22,,
842,KernelDAO,KERNEL,kerneldao,0.047323381484741515,-1.35489876,-3.55695702,-6.38461643,13549063.652601004,7830344.32683665,286308020.0,1000000000.0,1000000000.0,2026-06-22,,
843,HarryPotterObamaSonic10Inu (ERC-20),BITCOIN,harrypotterobamasonic10inu-eth,0.013547766175127658,-0.44078906,-0.97966927,4.70495892,13545031.62626404,3745142.26518463,999798155.0,999798155.0,999798155.0,2026-06-22,,
844,SNC SCANDIC COIN,SNC,scandic-coin,0.10576489490386139,-0.07559715,13.60893239,37.38899647,13496648.191016736,117061.39615058,127609905.0,1000000000.0,1000000000.0,2026-06-22,,
845,MyNeighborAlice,ALICE,myneighboralice,0.1356355393135417,-2.14463687,-22.44931674,19.98863209,13487574.377229245,53783184.99006514,99439825.620118,99439825.620118,99439825.620118,2026-06-22,,
846,MovieBloc,MBL,moviebloc,0.0006921558642875331,0.64325139,-1.59459936,-6.34173824,13465122.118358359,2128279.01364448,19453887214.0,30000000000.0,30000000000.0,2026-06-22,,
847,Defigram,DFG,defigram,1.34582107969295,-0.17746754,-0.81031003,-3.32311774,13458210.7969295,0.0,10000000.0,1000000000.0,1000000000.0,2026-06-22,,
848,Avail,AVAIL,avail,0.0034650629358886614,0.84976757,1.37128271,0.4159313,13452005.651586702,748895.19874859,3882182200.0,11005462823.0,,2026-06-22,,
849,Gains Network,GNS,gains-network,0.5722923941259173,-0.46106248,-2.27589684,-4.15522465,13419452.233415319,860710.2943886,23448594.40935141,23448594.40935141,,2026-06-22,,
850,Citrea,CTR,citrea,0.011151736336204324,0.04562723,-3.82693974,-10.24743177,13382083.60344519,15651692.48705549,1200000000.0,10000000000.0,10000000000.0,2026-06-22,,
851,MicroStrategy Tokenized Stock (Ondo),MSTRon,microstrategy-tokenized-stock-ondo,113.59200405495147,0.02999803,-4.02690259,-13.07807537,13397427.436271647,2043110.35972883,117943.40233482,117943.40233482,,2026-06-22,,
852,Portal,PORTAL,portal-gaming,0.01531069643025069,2.40972299,0.18746068,19.72357242,13359417.900871709,21342981.26404915,872554554.375223,1000000000.0,1000000000.0,2026-06-22,,
853,Opinion,OPN,opinion,0.07404375830369364,-0.57705141,0.99730961,-7.95522028,13347457.637899669,12670269.27802515,180264453.66474378,1000000000.0,1000000000.0,2026-06-22,,
854,Ark of Panda,AOP,ark-of-panda,0.026834286560377913,2.72284795,3.36827911,-11.79985487,13274027.0315317,1045323.19765311,494666664.6666667,2000000000.0,2000000000.0,2026-06-22,,
855,SoFi Technologies Tokenized Stock (Ondo),SOFIon,sofi-technologies-tokenized-stock-ondo,17.618419156308608,0.02238737,-1.33339699,3.14888745,13260874.4148107,825708.73589911,752671.0709492,752671.0709492,,2026-06-22,,
856,Codatta,XNY,codatta,0.005300193677264426,-0.45410009,-6.53498643,-11.92497788,13250484.193161065,2078786.19580537,2500000000.0,10000000000.0,10000000000.0,2026-06-22,,
857,CoinEx Token,CET,coinex-token,0.018564740145036566,0.10144663,0.13245499,-0.45292985,13155598.307876462,47490.51522925,708633582.0,2777476547.0,10000000000.0,2026-06-22,,
858,ARPA,ARPA,arpa-chain,0.008641725527565688,0.82512266,-2.56302043,0.27018455,13131850.29863403,5742031.34023346,1519586598.3877385,1999999999.9877386,,2026-06-22,,
859,Firo,FIRO,firo,0.7005836039462646,-0.31379141,-1.33839875,-9.56927212,13115411.652261253,294703.19951672,18720694.54435479,18720694.54435479,21400000.0,2026-06-22,,
860,FAR Labs,FAR,farcana,0.0027105989094811504,-0.01248087,-0.3021615,2.64277874,13098671.064187616,132643.91643865,4832390000.0,5000000000.0,5000000000.0,2026-06-22,,
861,USDB,USDB,usdb,0.995344379823875,-0.1366226,-0.01008755,0.10042455,13081941.640432097,26926.87991706,13143131.06660323,13143131.06660323,,2026-06-22,,
862,Eesee,ESE,eesee,0.009663231000693544,-0.17104738,-1.83519568,-1.08109567,13039223.885389842,195659.76913526,1349364812.2924929,1352402602.299109,1352402602.299109,2026-06-22,,
863,Atletico De Madrid Fan Token,ATM,atletico-de-madrid-fan-token,1.5318652588678972,-0.25843802,-0.09573086,41.25181798,13038023.846198518,5794433.61026876,8511208.0,10000000.0,10000000.0,2026-06-22,,
864,Radworks,RAD,radworks,0.2204878949600623,-0.04063051,-0.03502128,-1.67020085,13025538.229379589,2596697.04474114,59075978.89552598,99998580.0,99999620.0,2026-06-22,,
865,Bertram The Pomeranian,BERT,bertram-the-pomeranian,0.013435968046987285,0.23644563,-2.41715176,-9.04739828,12989213.214814112,774283.35518037,966749338.0,979946262.03,979947881.0,2026-06-22,,
866,Metadium,META,metadium,0.0074407505729556485,0.06491759,-1.94077601,-10.53524773,12929113.078912731,184526.67538143,1737608720.0,2000000000.0,2000000000.0,2026-06-22,,
867,Artificial Liquid Intelligence,ALI,alethea-artificial-liquid-intelligence-token,0.0014160218118104855,0.46575112,2.49993506,1.83707018,12911415.999569168,89470.67395988,9118091184.669674,9870903732.81426,9870903732.81426,2026-06-22,,
868,Fluent,BLEND,fluent,0.06372713077970717,-1.83561449,8.81393593,-0.14302873,12745426.155941434,35353196.00486816,200000000.0,1000000000.0,1000000000.0,2026-06-22,,
869,Namecoin,NMC,namecoin,0.8709886622233441,-0.10437688,-0.11241382,-5.25638169,12835237.321988087,8719.39987694,14736400.0,14736400.0,,2026-06-22,,
870,Katana,KAT,katana-network,0.005477450468812258,0.63725865,-0.62821132,-5.62278423,12828188.997958308,8173728.24239909,2342000000.0,10000000000.0,10000000000.0,2026-06-22,,
871,Ambire Wallet,WALLET,ambire-wallet,0.01765773689981283,0.07467862,1.95806262,9.24480523,12817916.076692676,22476.16754951,725909336.4806305,725909336.4806305,1000000000.0,2026-06-22,,
872,Enso,ENSO,enso,0.6186004336543484,-0.32823309,-0.55293884,-2.29275354,12736982.928943034,8177673.34216179,20590000.0,100000000.0,127339703.0,2026-06-22,,
873,DIAM,DIAM,diam,0.006284742473469777,-0.03198614,-0.0442797,-5.14050483,12682363.244244518,106288.39167133,2017960687.7738373,5401462494.44995,10000000000.0,2026-06-22,,
874,Doodles,DOOD,doodles,0.001625892330716843,0.30958437,9.06038769,-0.5361822,12681960.179591374,12004000.90929889,7800000000.0,10000000000.0,10000000000.0,2026-06-22,,
875,Ridges AI,SN62,ridges-ai,2.8948657789673997,0.07598562,-5.51522788,-19.72020074,12657872.990179429,41267.45121011,4372525.0,4372525.0,21000000.0,2026-06-22,,
876,Osaka Protocol,OSAK,osaka-protocol,1.683668543754678e-08,-0.58365854,0.48527028,-4.72701035,12642157.593891362,130866.54502309,750869738630302.0,761459789745212.0,1000000000000000.0,2026-06-22,,
877,USD CoinVertible,USDCV,usd-coinvertible,0.999202991882376,-0.00962066,-0.01942478,-0.00141728,12590846.988380713,20984949.95638483,12600890.0,12600890.0,,2026-06-22,,
878,RollX,ROLL,rollx,0.08099752134783902,0.02315156,-0.72652397,3.65792566,12554615.808915049,271434.66576268,155000000.0,1000000000.0,1000000000.0,2026-06-22,,
879,CZ's Dog,BROCCOLI,broccoli-714,0.012965415104560485,-0.48960701,5.2067498,-3.42019604,12540343.888964046,10842074.2152923,967214993.7222663,967214993.7222663,1000000000.0,2026-06-22,,
880,OpenKaito,SN5,openkaito,3.6003980052228797,0.01217367,-4.6853277,-23.52853166,12534238.394686662,27488.47475018,3481348.0,3481348.0,,2026-06-22,,
881,SuperWalk,GRND,superwalk,0.01580010582654621,-0.41786511,-0.75360433,-7.67816604,12514131.155353138,49236.00161319,792028312.5147041,1000000000.0,,2026-06-22,,
882,iShares Gold Trust Tokenized ETF (Ondo),IAUon,ishares-gold-trust-tokenized-etf-ondo,78.58732083401722,-0.23818774,-0.26567508,-3.36459172,12466449.107753094,1788110.35829311,158631.81204616,158631.81204616,,2026-06-22,,
883,AO,AO,ao,1.8846594743435097,-0.62213388,-0.39431631,-3.76516613,12463513.143729523,280282.21721468,6613137.97712501,6613137.97712501,21000000.0,2026-06-22,,
884,OG Fan Token,OG,og-fan-token,2.6412842877303824,-0.73849206,-1.48184337,-2.70661448,12439910.173215404,4022723.74661192,4709796.0,5000000.0,5000000.0,2026-06-22,,
885,Newton Protocol,NEWT,newton-protocol,0.05100865277446613,-0.46796492,-2.08655938,-6.30340043,12435085.997371832,6162382.68046583,243783854.71879345,1000000000.0,1000000000.0,2026-06-22,,
886,Verified Emeralds,VEREM,verified-emeralds,4.965212779501553,0.73669628,4.63574277,4.00310754,12413031.948753882,1186328.84957755,2500000.0,50000000.0,50000000.0,2026-06-22,,
887,iShares Core S&P Total US Stock Market Tokenized ETF (Ondo),ITOTon,ishares-core-sp-total-us-stock-market-tokenized-etf-ondo,164.91887533666676,0.06769841,0.12350321,1.53326326,12401278.536022557,1294446.64207787,75196.23518355,75196.23518355,,2026-06-22,,
888,Vine Coin,VINE,vine-coin,0.01237642953626987,-0.15669263,1.58371166,-3.31591227,12376356.564841324,4683642.2841923,999994104.0,999994104.0,,2026-06-22,,
889,Hamster Kombat,HMSTR,hamster-kombat,0.00019206209309006295,-1.23809595,22.27500587,18.48518313,12363997.242672803,38333603.03971659,64375000000.0,100000000000.0,100000000000.0,2026-06-22,,
890,Marlin,POND,marlin,0.0014977036265417785,0.092054,-7.02979937,-12.15726428,12323127.719024902,3761752.90602661,8228014876.0,10000000000.0,,2026-06-22,,
891,USDM,USDM,usdm,1.0054440538672147,0.34868903,0.58621673,0.72823459,12318020.10366322,2910967.41550574,12251323.24,12251323.24,,2026-06-22,,
892,SpaceX tokenized stock (Backpack),SPCX,spacex-tokenized-stock-backpack,177.40495868245912,0.54498011,-2.2596732,5.35065254,12286709.152356993,3484726.48212273,69257.980406,69257.980406,,2026-06-22,,
893,tx,TX,tx,0.0049420592724772425,-1.11197637,3.69588153,33.13326203,12267832.090475528,70033.09057212,2482332043.0,101927474788.0,,2026-06-22,,
894,哈基米,哈基米,hajimi,0.012235130990004424,0.32831679,-2.18984703,-8.85522095,12235130.990004424,2189380.40487844,1000000000.0,1000000000.0,1000000000.0,2026-06-22,,
895,Aura,AURA,aura,0.01267282693436124,0.27990892,-6.89368683,-18.63964554,12207589.969099669,708982.53983664,963288620.0,963288620.0,965383478.0,2026-06-22,,
896,Drift,DRIFT,drift,0.019898164849036497,-9.77740019,14.79776116,18.13976643,12168042.675444618,15590664.94988323,611515824.085346,1000000000.0,,2026-06-22,,
897,ShibaBitcoin,SBBTC,shibabitcoin,103.9086453509339,0.0,0.0,0.0,12114039.867362322,0.0,116583.56074655,1000000000.0,1000000000.0,2026-06-22,,
898,Orochi Network,ON,orochi-network,0.08305156158534792,-0.65556958,1.02743392,-3.08598465,11982264.04772607,785333.69919387,144275000.0,700000000.0,1000000000.0,2026-06-22,,
899,DeepNode,DN,deepnode,0.5322926720965523,0.45223306,-3.89103969,-1.54335926,11976585.122172426,12591960.47047042,22500000.0,62000000.0,100000000.0,2026-06-22,,
900,Everscale,EVER,everscale,0.006016283629241356,-0.20192172,-0.35718426,4.79384332,11945472.420230893,20508.15275957,1985523482.0,2117524486.0,,2026-06-22,,
901,BOB (Build on Bitcoin),BOB,bob-build-on-bitcoin,0.005325557845601354,-0.38003342,-0.72977449,-7.7624534,11822738.417235006,2311174.47775384,2220000000.0,10000000000.0,10000000000.0,2026-06-22,,
902,Bitcoin Diamond,BCD,bitcoin-diamond,0.06321034397945764,0.0,0.0,0.0,11788280.229335021,0.0,186492897.953,189492897.953,210000000.0,2026-06-22,,
903,Arm Holdings plc Tokenized Stock (Ondo),ARMon,arm-holdings-plc-tokenized-stock-ondo,430.59607264691886,-0.0339583,-0.57508393,5.74257093,11751021.140011411,1310713.77037661,27290.12614485,27290.12614485,,2026-06-22,,
904,Limitless,LMTS,limitless-lmts,0.08895336901759099,-0.5608448,2.33616507,0.19377413,11706145.94426787,2314276.4552159,131598680.0,1000000000.0,1000000000.0,2026-06-22,,
905,Lucidum Coin,LUCIC,lucidum-coin,0.07129223076308387,-0.27710651,-1.63347275,-11.17085976,11699439.68980703,42092.94827758,164105395.0,210000000.0,210000000.0,2026-06-22,,
906,AITECH Cloud Network,ACN,solidus-ai-tech,0.006546422305967315,-0.46644396,-1.1564774,-7.12001743,11679872.002839914,4491943.02035718,1784161097.0,1986052500.0,2000000000.0,2026-06-22,,
907,sUSD,SUSD,susd,0.250060455747273,2.62921503,0.53287912,-25.79332745,11675118.353998577,33782.69493785,46689182.8982276,46689182.8982276,142399574.0,2026-06-22,,
908,Superform,UP,superform,0.060811747381953496,0.07356353,-0.84771643,-11.83418563,11668358.321059087,4358972.21459727,191876715.0,1000000000.0,1000000000.0,2026-06-22,,
909,EGL1,EGL1,egl1,0.01165326680461062,-0.4797396,-1.15988619,0.30220142,11653266.80461062,1298221.12963627,1000000000.0,1000000000.0,1000000000.0,2026-06-22,,
910,Titan's Tap,TIT,titans-tap,0.000379880464873242,-0.02085792,-18.38196164,-24.64764312,11657894.396023791,916.36104811,30688322970.0,79999980098.1447,80000000000.0,2026-06-22,,
911,Felysyum,FELY,felysyum,0.26578059321447967,-0.95996957,5.50273617,5.52734584,11632483.276341096,191539.03459606,43767241.0,500000000.0,500000000.0,2026-06-22,,
912,Initia,INIT,initia,0.058561844300237,-0.3780208,4.02835696,-2.0760032,11628489.17502899,4982144.0994554,198567673.43958,1000000000.0,1000000000.0,2026-06-22,,
913,Energy Web Token,EWT,energy-web-token,0.38611672220005194,0.12369758,-2.97686627,-2.99730003,11607494.186885625,391399.16526568,30062138.0,81197925.54151544,100000000.0,2026-06-22,,
914,Banana Gun,BANANA,banana-gun,2.892148157712286,-0.14797707,-0.67805949,-5.03388516,11593848.98809166,3959135.92072912,4008732.73285643,8402893.46593683,10000000.0,2026-06-22,,
915,Taiwan Semiconductor Manufacturing Tokenized Stock (Ondo),TSMon,taiwan-semiconductor-manufacturing-tokenized-stock-ondo,463.84931998702916,-0.22941815,0.31900839,5.525767,11568776.756501889,1738264.16273843,24940.80783998,24940.80783998,,2026-06-22,,
916,YELLOW,YELLOW,yellow,0.05953251249901597,0.00024652,-0.98578606,-4.22404814,11545487.98133092,656460.99424118,193935842.73,10000000000.0,10000000000.0,2026-06-22,,
917,Sleepless AI,AI,sleepless-ai,0.02072871929852084,0.53415741,-0.41351113,-6.28903667,11531645.620141413,3651436.44054594,556312498.33,1000000000.0,1000000000.0,2026-06-22,,
918,XSGD,XSGD,xsgd,0.7741325842909841,-0.10695385,-0.04793893,-0.72459846,11506805.338479593,217357.7114068,14864127.375569,83617320.371568,,2026-06-22,,
919,StakeStone,STO,stakestone,0.051065249405315344,-0.03470416,14.13683846,-0.47523454,11506702.848975975,60327882.4240101,225333333.0,1000000000.0,1000000000.0,2026-06-22,,
920,Venom,VENOM,venom,0.011610863077548718,-0.18046139,-1.96029956,-1.62724347,11482206.238719432,73539.02812431,988919270.0,7367646470.547814,8000000000.0,2026-06-22,,
921,Gods Unchained,GODS,gods-unchained,0.026500261606038612,-0.07535751,-0.27774407,-0.11391658,11482526.370184435,173568.2027489,433298604.402,500000000.0,500000000.0,2026-06-22,,
922,Microsoft Tokenized Stock (Ondo),MSFTon,microsoft-tokenized-stock-ondo,378.8046662165841,-0.06777122,-0.62945514,-5.17023996,11459711.653307527,2166854.40532312,30252.29801883,30252.29801883,,2026-06-22,,
923,RIZE,RIZE,rize,0.005807916790453034,6.52920337,18.04440778,133.77403597,11451543.970200744,903912.67879619,1971712816.0349367,4945398921.897951,5000000000.0,2026-06-22,,
924,saffron.finance,SFI,saffron-finance,123.37985553209363,0.03650484,0.65666726,24.55210034,11279816.96698035,19905.8471005,91423.48982607,92122.50184922,100000.0,2026-06-22,,
925,Origin Protocol,OGN,origin-protocol,0.016780603742329293,0.05235053,-2.4761789,-7.01189362,11275459.302518139,775341.52821786,671934066.0,1409664846.0,1409664846.0,2026-06-22,,
926,Dolomite,DOLO,dolomite,0.025411703569440443,-0.72478842,-8.18023132,1.56163821,11222366.51515721,6833481.14638807,441621967.0,998851995.6451048,1000000000.0,2026-06-22,,
927,iShares TIPS Bond Tokenized ETF (Ondo),TIPon,ishares-tips-bond-tokenized-etf-ondo,111.70019866976025,-0.15055095,0.12077698,-1.61961838,11192645.80915901,605772.29572892,100202.55955184,100202.55955184,,2026-06-22,,
928,Mind Network,FHE,mind-network,0.021571523004482982,5.70664194,6.18309804,-14.56989573,11157209.840320516,6005802.473151,517219384.0,1000000000.0,1000000000.0,2026-06-22,,
929,iShares MSCI EAFE Tokenized ETF (Ondo),EFAon,ishares-msci-eafe-tokenized-etf-ondo,106.5513932378108,-0.16997176,-0.23248179,-1.0453443,11130688.584557947,1139646.99059701,104463.0975375,104463.0975375,,2026-06-22,,
930,Decimal,DEL,decimal,0.0010028292560816483,0.07887436,1.07129909,-4.22513154,11152468.063710283,242541.09120738,11121003895.804047,11121003895.804047,92075616000.0,2026-06-22,,
931,Boba Network,BOBA,boba-network,0.022533136546446897,-0.54541857,-5.64189718,0.69533203,11121925.861484425,4460932.15791409,493580902.0,500000000.0,500000000.0,2026-06-22,,
932,Wanchain,WAN,wanchain,0.05543406905657797,-0.72188438,0.10496514,-2.44089927,11029241.00842367,3216499.58133522,198961418.42242962,198961418.42242962,210000000.0,2026-06-22,,
933,Wayfinder,PROMPT,wayfinder,0.02368647121264648,-0.06106809,-0.84789847,-6.41301356,10952011.875014529,5021343.29281454,462374145.0,1000000000.0,1000000000.0,2026-06-22,,
934,Space and Time,SXT,space-and-time,0.007813624692095518,-0.20005159,-1.00086013,-5.4228727,10939074.568933725,57947388.1783595,1400000000.0,5000000000.0,5000000000.0,2026-06-22,,
935,SuperRare,RARE,superrare,0.013254657697736719,0.11466372,-6.35692268,-1.1019981,10941443.551176582,14435507.55271099,825479148.5897726,1000000000.0,1000000000.0,2026-06-22,,
936,HeyElsa,ELSA,heyelsa,0.042632034279874075,0.03810852,-1.49813615,-13.17807397,10898736.916863106,4967997.70157223,255646654.0,1000000000.0,1000000000.0,2026-06-22,,
937,Moonbeam,GLMR,moonbeam,0.009224309290192526,-0.03636664,1.17781184,-4.42444747,10883758.934017539,3227627.67551436,1179899610.0,1237375489.0,,2026-06-22,,
938,Mubarak,MUBARAK,mubarak,0.010851520195379957,1.03970117,3.23576928,-2.25133952,10851520.195379958,6933496.29108915,1000000000.0,1000000000.0,1000000000.0,2026-06-22,,
939,Simon's Cat,CAT,simonscat,1.4280226188209717e-06,-0.01363284,-0.59366409,-7.36749434,10805408.060284818,2315857.00321705,7566692514440.816,8098237710343.852,9000000000000.0,2026-06-22,,
940,Recall,RECALL,recall-network,0.0332343831684742,-0.40857325,-2.32172988,-8.4034878,10738613.367377073,5284379.35490861,323117577.14714,1000000000.0,1000000000.0,2026-06-22,,
941,PolySwarm,NCT,polyswarm,0.005703786657205363,-0.47123783,-1.17149331,-6.56308745,10754494.202521877,107083.26079777,1885500782.0,1885913076.0,1885913076.0,2026-06-22,,
942,Pepecoin,PEP,pepecoin-org,0.00010399121976227675,3.85702432,-3.32540036,-12.1489436,10702937.524324154,64989.00326003,102921550000.0,102921550000.0,,2026-06-22,,
943,SpaceX Tokenized Stock (Ondo),SPCXon,spacex-tokenized-stock-ondo,177.42845748611333,0.25290604,-3.13338708,5.52982591,10678216.0717057,2912122.87893279,60183.22101764,60183.22101764,,2026-06-22,,
944,QAIT,QAIT,qait,0.02132367333749827,0.6002632,-1.55531838,-7.69270385,10661836.668749135,1251201011.8260293,500000000.0,10000000000.0,10000000000.0,2026-06-22,,
945,Abelian,ABEL,abelian,0.09024792727467314,-0.11218527,-2.40551907,10.97074728,10659409.39320496,28144.93517351,118112512.0,138692493.0,225180000.0,2026-06-22,,
946,IBS,IBS,ibs,26.335423376177115,-0.69266954,-1.57843314,1.87983648,10632096.329290394,993196.71102474,403718.45090245,955522.53830245,871020.0,2026-06-22,,
947,IXS,IXS,ix-swap,0.059033651309646065,-0.19480525,-0.78980831,-6.95967881,10626057.235736292,58563.70008458,180000000.0,180000000.0,180000000.0,2026-06-22,,
948,Sophon,SOPH,sophon,0.005312109918325108,-0.11882648,-0.80366482,-6.09660949,10624219.836650215,2950143.40310188,2000000000.0,10000000000.0,10000000000.0,2026-06-22,,
949,StablR Euro,EURR,stablr-euro,0.8937167753754331,-11.98568437,-11.99105608,-7.6031524,10620520.791592686,88.205589,11883541.95,11883541.95,,2026-06-22,,
950,GeorgePlaysClashRoyale,CLASH,georgeplaysclashroyale,0.010568158094991321,-0.51677944,1.81449979,-10.75017944,10564859.279306239,634813.09778812,999687853.298992,999687853.298992,999999967.828928,2026-06-22,,
951,Test,TST,test-token-bsc,0.011152787429210033,0.09050409,-3.7362396,-25.39378261,10482568.87552173,8264606.04613729,939905735.8581992,939905735.8581992,,2026-06-22,,
952,SideShift Token,XAI,sideshift-token,0.0725222892122995,0.0,0.34032151,0.11675848,10464947.332495045,0.0,144299738.0,210000000.0,210000000.0,2026-06-22,,
953,Delysium,AGI,delysium,0.005212895846964445,-0.90970818,-5.62558835,-9.87689419,10462337.039653838,1121170.33911717,2007010565.1058092,3000000000.0,,2026-06-22,,
954,Ready Cards,READY,ready,0.01043786739938729,-0.72070877,3.46152515,-23.77855309,10437867.39938729,362679.14645532,1000000000.0,1000000000.0,1000000000.0,2026-06-22,,
955,DeAgentAI,AIA,deagentai,0.055068055428546966,0.17304556,-1.54164024,-5.38076123,10405191.675307091,3301539.97479091,188951500.0,1000000000.0,1000000000.0,2026-06-22,,
956,iShares Core MSCI Emerging Markets Tokenized ETF (Ondo),IEMGon,ishares-core-msci-emerging-markets-tokenized-etf-ondo,86.34423972594962,-0.03447946,-0.63047343,1.54821289,10418654.208208837,1493474.23034192,120664.14900724,120664.14900724,,2026-06-22,,
957,ResearchCoin,RSC,researchcoin,0.08033583385509838,0.05755002,-2.69189471,-21.26306742,10407755.69428803,430166.02819754,129553092.24847884,1000000000.0,1000000000.0,2026-06-22,,
958,GYEN,GYEN,gyen,0.00495475122350428,-0.35216528,-20.06416542,-19.86517457,10398936.900174081,3.71545831,2098780833.0,2098780833.0,,2026-06-22,,
959,MWX Token,MWXT,mwx-token,0.06139963698190368,0.61650018,1.157532,-1.0142367,10305737.99744838,472390.52912146,167846888.0929343,1000000000.0,1000000000.0,2026-06-22,,
960,Bone ShibaSwap,BONE,bone-shibaswap,0.04465993284798015,-0.16715753,-0.36054351,-0.78424282,10268361.399000425,1603206.08244611,229923350.6228802,249999401.82484713,250000000.0,2026-06-22,,
961,Metaplex,MPLX,metaplex,0.01999586765746198,-0.10484856,0.00603305,3.74012116,10248914.98100964,653895.62607272,512551651.0,999982241.0,1000000000.0,2026-06-22,,
962,Ninja Squad Token,NST,ninja-squad-token,1.1875619784006022,0.04505674,-0.19523045,-2.55234761,10226422.098641317,177405.57225913,8611274.43,8611274.43,10000000.0,2026-06-22,,
963,Constellation,DAG,constellation,0.0035551263299203138,-0.8028155,-16.33345623,-49.1620831,10215471.772987038,1513788.74123534,2873448318.0,3003804388.0,,2026-06-22,,
964,Dymension,DYM,dymension,0.018604170656590435,-0.72827863,6.02896661,6.04841025,10208277.495369928,40240403.87467631,548709087.0,1067581154.0,,2026-06-22,,
965,Freedom Dollar,FUSD,freedom-dollar,0.9993356286274269,0.04126726,0.08279765,0.14268272,10193223.411999755,250703.27466512,10200000.0,10200000.0,,2026-06-22,,
966,TG Casino,TGC,tg-casino,0.13223717881516506,0.33995556,4.49976961,8.068222,10182262.636508338,18527.80061643,76999998.99983217,76999998.99983217,100000000.0,2026-06-22,,
967,Worldwide USD,WUSD,worldwide-usd,0.9951236380055092,-0.00863353,0.02113969,-0.07446688,10181111.108076617,231395.13897244,10231001.173364,10231001.173364,,2026-06-22,,
968,Uchain,UCN,uchain,203.50049404821823,-0.03418929,-1.2810818,-1.48889018,10175024.702410912,2693499.87080423,50000.0,100000.0,100000.0,2026-06-22,,
969,AMD Tokenized Stock (Ondo),AMDon,amd-tokenized-stock-ondo,531.1374931799273,0.03634622,-1.54091933,-0.04619453,10173605.590317134,2802916.66352491,19154.37287134,19154.37287134,,2026-06-22,,
970,Redbelly Network,RBNT,redbelly-network,0.003811302151240686,-0.75197122,-1.79761966,2.88864243,10098891.42336427,162425.40506544,2649722069.4184,10000000000.0,10000000000.0,2026-06-22,,
971,Hunt Town,HUNT,hunt,0.07947520279687163,0.19521607,0.23274265,-5.39423478,10027201.7954604,179768.43932325,126167678.0,198912688.0,198912688.0,2026-06-22,,
972,Checkmate,CHECK,checkmate,0.03272762525664636,1.05713036,-7.34687438,-49.87086982,10014108.053569386,9142713.72176944,305983339.0,1000000000.0,1000000000.0,2026-06-22,,
973,Reppo,REPPO,reppo,0.026302953399248354,-2.43617028,-0.31232083,20.26879387,9972326.807389267,732428.89450258,379133348.8685055,1000000000.0,1000000000.0,2026-06-22,,
974,Eitherway,EITHER,eitherway,0.0987401522023793,-0.54610052,-5.14114745,-13.23579472,9874008.407167427,1087651.14052534,99999931.0,99999960.0,100000000.0,2026-06-22,,
975,MCOIN,MCOIN,mcoin1,0.05587273593285697,-0.43429581,0.54812224,-12.00451145,9889474.260115683,382757.48047402,177000000.0,500000000.0,500000000.0,2026-06-22,,
976,龙虾 (Lobster),龙虾,lobster-2,0.009862295720000601,4.07043245,7.77512349,-10.90221266,9862295.7200006,6179877.47593679,1000000000.0,1000000000.0,1000000000.0,2026-06-22,,
977,NetX,NETX,netx,0.4250364430121779,-0.06090085,5.17839346,16.42278591,9837437.103439836,118125.23919085,23144926.19438277,30000000.0,50000000.0,2026-06-22,,
978,ColossusXT,COLX,colossusxt,0.0007720673080000002,0.0,0.0,0.0,9830236.551021257,0.0,12732356945.0,16922708750.05785,,2026-06-22,,
979,YieldBasis,YB,yieldbasis,0.07906292532563762,-0.28425338,-7.10025687,-16.06428578,9758601.898566326,5249981.75438048,123428292.82338631,739123323.2915753,1000000000.0,2026-06-22,,
980,APX,APX,apollox,0.22062461693986798,-0.11328705,0.00967194,-0.11982023,9741872.134114232,168.50031489,44155871.04121483,3975255603.4277463,,2026-06-22,,
981,AKEDO,AKE,akedo,0.0004246725622911101,0.36823313,-0.72957676,39.22877746,9680941.898128718,2180225.66073684,22796250000.0,100000000000.0,100000000000.0,2026-06-22,,
982,Maverick Protocol,MAV,maverick-protocol,0.010400488924372385,-0.08352571,-1.82480184,-4.69670309,9660729.783165041,2064878.40269651,928872657.1811638,2000000000.0,2000000000.0,2026-06-22,,
983,Santos FC Fan Token,SANTOS,santos-fc-fan-token,0.5993996634361778,-0.10844359,-1.8249659,-8.54152908,9647250.245408792,1629421.8589849,16094854.291549,30000000.0,30000000.0,2026-06-22,,
984,Dexsport,DESU,dexsport,0.016028171713978214,0.00696065,-0.93554534,-7.82586247,9616903.028386928,7412.88320599,600000000.0,600000000.0,600000000.0,2026-06-22,,
985,Nexa (nexaagent.xyz),NXA,nexaagent-xyz,0.9613007712092501,-0.17996366,-0.36230405,-19.43593145,9613007.7120925,0.0,10000000.0,1000000000.0,1000000000.0,2026-06-22,,
986,Stader,SD,stader,0.1358218925956803,-0.16924179,2.01895333,-4.11236398,9610155.154176002,1735051.49283027,70755567.97595121,120000000.0,120000000.0,2026-06-22,,
987,Ellipsis,EPS,ellipsis,0.013265311041817824,0.0,0.52189159,-3.35590356,9600126.451376652,0.0,723701571.7997887,723701571.7997887,1000000000.0,2026-06-22,,
988,Wecan Group,WECAN,wecan-group,0.0015993168226368355,0.03674092,-1.97114224,-24.55532221,9595900.935821014,38612.34839351,6000000000.0,6000000000.0,6000000000.0,2026-06-22,,
989,MyShell,SHELL,myshell,0.024398642037272145,-0.18338304,-1.31680884,-7.36343224,9585955.3604121,5089563.22792082,392888888.8885,1000000000.0,1000000000.0,2026-06-22,,
990,Clash of Lilliput,COL,clash-of-lilliput,0.11520585197793,-0.15689775,-0.93130347,-3.47052364,9455451.177577417,0.0,82074400.0,1000000000.0,1000000000.0,2026-06-22,,
991,SUPRA,SUPRA,supra,0.0002995944962981299,4.348076,10.77933073,-3.3725283,9445499.587844513,653578.67564761,31527613839.892403,81723075098.64934,100000000000.0,2026-06-22,,
992,AriaAI,ARIA,aria-ai,0.027477825434934936,-0.14125158,-1.27106617,-7.0693605,9438633.044044385,2071673.5252083,343500000.26,1000000000.0,1000000000.0,2026-06-22,,
993,TARS AI,TAI,tars-protocol,0.010550761878491959,0.4759761,-0.42305341,-18.33402659,9413281.643829243,735284.61199161,892189753.9,892189753.9,999999988.0,2026-06-22,,
994,Vultisig,VULT,vultisig,0.1446644897227584,-0.00049112,4.19007398,-15.63526256,9404904.68914383,1687.02528603,65011840.20465435,100000000.0,100000000.0,2026-06-22,,
995,iShares Russell 1000 Growth Tokenized ETF (Ondo),IWFon,ishares-russell-1000-growth-tokenized-etf-ondo,494.65035790686164,-0.36235042,0.79484658,-0.74095957,9388947.13519863,719137.07438238,18980.97713894,18980.97713894,,2026-06-22,,
996,Intuition,TRUST,intuition,0.0520638159813745,-2.90442183,4.03291142,1.91906226,9353151.666700881,8270488.84141056,179647832.0,1049038461.5384616,,2026-06-22,,
997,Wilder World,WILD,wilder-world,0.018748570536053312,-2.55565339,-8.56680355,-4.13777409,9373702.349318605,241350.80183363,499968908.6318912,499968908.6318912,500000000.0,2026-06-22,,
998,Fartboy,FARTBOY,fartboy,0.009368748578506428,-0.41093395,-4.66786491,-19.37949049,9363506.360820565,378464.08065446,999440457.0,999440457.0,999440457.0,2026-06-22,,
999,Alchemix,ALCX,alchemix,3.6689928045662654,0.04408258,0.5298662,3.48315479,9259505.819952317,548561.68862207,2523718.71877981,2686297.79694966,,2026-06-22,,
1000,Quai Network,QUAI,quai-network,0.011782918354698009,-1.08023248,0.91514357,-10.57488376,9219950.470651206,227457.90171272,782484457.0,1032902322.0,,2026-06-22,,
1001,Everlyn AI,LYN,everlyn,0.036010666547250395,-0.90110287,-1.82698396,0.82227343,9205715.300885929,1248066.54897332,255638570.0,1000000000.0,1000000000.0,2026-06-22,,
1002,Hivemapper,HONEY,hivemapper,0.0015558239947296396,-0.38819145,-0.91721624,1.63348028,9091776.422871826,242185.97236394,5843704977.986107,6552381634.211099,10000000000.0,2026-06-22,,
1003,Aspecta,ASP,aspecta,0.02697974926786341,-0.08515463,4.36764848,5.53624443,9083182.262507264,1237304.30172467,336666667.0,1000000000.0,1000000000.0,2026-06-22,,
1004,Nebius Group Tokenized Stock (Ondo),NBISon,nebius-group-tokenized-stock-ondo,284.0904007971597,-0.17129698,-1.66680946,14.9714594,9073302.298243396,2732656.48327141,31938.08123324,31938.08123324,,2026-06-22,,
1005,Heima,HEI,heima,0.09267639824893961,-0.08573812,-9.06638702,6.44305603,9059861.471576998,13996310.77097119,97758023.0,98544388.0,100000000.0,2026-06-22,,
1006,heyAura,ADX,adx-net,0.060980746332716766,0.00447483,-2.12408734,4.59903181,9019052.38260881,3728092.48411093,147900000.0,150000000.0,150000000.0,2026-06-22,,
1007,BENQI,QI,benqi,0.0012516673257262187,0.09604028,-3.24980225,-10.32567068,9012004.745228775,507862.14486406,7200000000.0,7200000000.0,7200000000.0,2026-06-22,,
1008,4,4,4four,0.00898647392685429,-1.14471095,7.08626551,3.38280059,8986473.92685429,5047553.10548524,1000000000.0,1000000000.0,1000000000.0,2026-06-22,,
1009,GRIFFAIN,GRIFFAIN,griffain,0.008962603563679339,-0.30554001,-1.19164242,3.55221476,8961538.08936769,4555085.42966663,999881120.0,999881120.0,999881120.0,2026-06-22,,
1010,Hegic,HEGIC,hegic,0.012735243321990317,-0.07908805,-0.91465681,0.28938668,8962139.024348402,5.17792643,703727349.1958504,3012009888.0,3012009888.0,2026-06-22,,
1011,FirmaChain,FCT,firmachain,0.007511573010731436,0.15689063,-0.75744364,-10.48625836,8954964.912164615,1607357.05118787,1192155744.125907,1202229258.074421,,2026-06-22,,
1012,Resolv,RESOLV,resolv,0.022274806283577836,4.88912858,22.50572229,22.43084764,8951570.275819184,103835080.1159089,401869725.00940466,1000000000.0,1000000000.0,2026-06-22,,
1013,iShares Semiconductor Tokenized ETF (Ondo),SOXXon,ishares-semiconductor-tokenized-etf-ondo,638.6427808822455,-0.14181471,-0.21108913,3.91191639,8945950.449557979,728473.24833413,14007.75318747,14007.75318747,,2026-06-22,,
1014,Just a chill guy,CHILLGUY,just-a-chill-guy,0.008945805424842721,-0.48205096,-5.48039762,-3.26632047,8945302.425899055,5916230.5112002,999943772.648769,999943772.648769,1000000000.0,2026-06-22,,
1015,Konnect,KCT,konnect,0.0012110678636995994,0.0461332,0.24541326,-10.09068571,8931625.543227261,629752.1690656,7375000040.0,10000000000.0,10000000000.0,2026-06-22,,
1016,Bubblemaps,BMT,bubblemaps,0.013067451194556108,-0.01525977,-2.0708846,-1.37974966,8909098.074762031,3187202.63323141,681777796.0,1000000000.0,1000000000.0,2026-06-22,,
1017,Wibx,WBX,wibx,0.0007570615984935215,2.53859675,-0.15159931,-4.1408604,8896447.597446574,8835.44788228,11751286309.0,11751286309.0,12000000000.0,2026-06-22,,
1018,SanDisk Tokenized Stock (Ondo),SNDKon,sandisk-tokenized-stock-ondo,2235.9845669338097,-0.09466104,1.67911656,8.02161815,8865016.54244584,2278179.37161863,3964.70381484,3964.70381484,,2026-06-22,,
1019,Toko Token,TKO,tokocrypto,0.05220827831826781,0.137825,-1.31991374,-0.78623163,8854289.438210238,1070605.16799175,169595507.13841677,495268640.66,500000000.0,2026-06-22,,
1020,Echelon Prime,PRIME,echelon-prime,0.24733710665002517,-0.24249504,1.17550446,-8.82036514,8848198.326698042,267125.89358492,35773841.0,111111111.1,111111112.0,2026-06-22,,
1021,MAP Protocol,MAPO,map-protocol,0.0014171841609354541,0.40562739,-8.30776888,57.45763602,8818843.094663937,1352419.97861381,6222792589.526826,9697223991.055454,10000000000.0,2026-06-22,,
1022,Paris Saint-Germain Fan Token,PSG,paris-saint-germain-fan-token,0.5408264238726816,-0.32353914,-0.55661052,-2.84286746,8718330.12468839,4516128.30184399,16120384.9143673,19890000.0,19890000.0,2026-06-22,,
1023,Act I : The AI Prophecy,ACT,act-i-the-ai-prophecy,0.009173343890880217,3.6422348,0.34212262,-12.44979466,8698534.640817795,60425728.34250987,948240330.275369,948240330.275369,,2026-06-22,,
1024,SpaceX tokenized stock (xStock),SPCXx,spacex-tokenized-stock-xtock,177.18527579865648,0.37775627,-2.38369093,5.19999208,8668503.11645491,18175672.4639672,48923.38303723,259962.05736651,,2026-06-22,,
1025,Tutorial,TUT,tutorial,0.010361719700695635,0.88125521,-1.16739618,-5.14391768,8645256.777060848,3998662.25554599,834345748.2719251,834345748.2719251,1000000000.0,2026-06-22,,
1026,IAGON,IAG,iagon,0.02296779320350107,0.17221128,-1.36666547,-7.57590182,8636359.568402722,135836.0701988,376020434.0,1000000000.0,1000000000.0,2026-06-22,,
1027,ThunderCore,TT,thundercore,0.0006237692999089367,0.65225076,-0.22891013,-5.57709018,8625086.381958785,96436.71661959,13827365956.0,13827365956.0,,2026-06-22,,
1028,xU3O8,XU3O8,xu3o8,5.359960181054344,0.00190035,-0.0723379,0.22758043,8575936.28968695,661751.72790977,1600000.0,1600000.0,,2026-06-22,,
1029,THENA,THE,thena,0.06422314114863482,0.08063825,-1.15140719,-7.27958622,8560101.146255242,8526433.93588201,133286865.03271732,284596517.7147613,326120291.0,2026-06-22,,
1030,CREPE,CREPE,crepe,1.4694389143660331e-05,1.06420758,2.26059801,-4.37927149,8534666.856610544,346021.27887668,580811272464.0,690000000000.0,690000000000.0,2026-06-22,,
1031,Hashflow,HFT,hashflow,0.010138241700366512,-0.71486704,-7.23599081,-1.97850164,8494629.536214357,5298450.51529603,837879958.6034,997353568.2839,,2026-06-22,,
1032,XION,XION,xion,0.11908180940711006,0.49358656,-0.64054215,1.82243633,8437357.360081099,4338017.71884653,70853452.782498,200000000.0,200000000.0,2026-06-22,,
1033,Augur,REP,augur,0.7668528591446349,0.25538961,0.43423573,-7.36065306,8435381.450590983,4147.44224061,11000000.0,11000000.0,,2026-06-22,,
1034,Fusionist,ACE,fusionist,0.0823516593940929,0.03748848,-8.62254403,-4.73446253,8378216.783447965,37708090.24715651,101737073.0,146307870.0,147000000.0,2026-06-22,,
1035,Groestlcoin,GRS,groestlcoin,0.091541930400715,0.0,0.0,0.0,8267975.967719187,0.0,90319003.88736624,90319003.88736624,105000000.0,2026-06-22,,
1036,Agoras: Tau Net,AGRS,agoras-tokens,0.27572111956228446,-0.01697732,2.56020768,-5.6291803,8233531.916214711,6155.65571041,29861810.83728983,42000000.0,42000000.0,2026-06-22,,
1037,Solomon,SOLO,solomon,0.6382316714636791,-0.196985,2.1417382,4.46591552,8233168.8907561125,0.0,12899969.178707,25799969.178707,25800000.0,2026-06-22,,
1038,我踏马来了,我踏马来了,wotamalaile,0.00821392707208081,0.28118157,3.73874935,-2.17027062,8213927.07208081,4592645.28929733,1000000000.0,1000000000.0,1000000000.0,2026-06-22,,
1039,Elastos,ELA,elastos,0.3543112274371196,0.61957546,-1.98246474,-3.54447647,8186224.8544233125,227551.78091179,23104616.0,26229451.0,28219999.0,2026-06-22,,
1040,Assemble AI,ASM,assemble-protocol,0.005452240679891754,0.05746028,-1.28955603,-7.10349771,8178361.019837631,239359.18828666,1500000000.0,3000000000.0,3000000000.0,2026-06-22,,
1041,Vanar Chain,VANRY,vanar,0.003423714627420935,0.30135084,-1.07005113,-5.76632715,8123179.136882563,1664155.87804745,2372621559.0,2377565576.0,2400000000.0,2026-06-22,,
1042,Forta,FORT,forta,0.01275040740491268,0.32967664,2.57357239,-3.88547208,8095547.1173947025,345839.4907269,634924584.0,1000000000.0,1000000000.0,2026-06-22,,
1043,Puffer,PUFFER,puffer,0.0166768689925685,2.36704578,0.64558544,-17.14748804,8068526.776169362,3572582.80060655,483815444.0,1000000000.0,1000000000.0,2026-06-22,,
1044,X Empire,X,x-empire,1.1639255199902563e-05,-0.13356748,-1.37624551,-4.1520899,8031086.087932768,167537.97247557,690000000000.0,690000000000.0,690000000000.0,2026-06-22,,
1045,Vulcan Forged (PYR),PYR,vulcan-forged-pyr,0.17640711003615928,0.320539,-4.59305171,-4.80363923,8010478.217978522,7869615.17872273,45409043.97978383,50000000.0,50000000.0,2026-06-22,,
1046,WazirX,WRX,wazirx,0.02088927197485726,0.6990346,0.39391397,-2.14781984,7976712.061819741,16203.19752391,381856872.3419691,962646668.99,,2026-06-22,,
1047,Moss Coin,MOC,moss-coin,0.017732406444896324,-0.27931496,-2.94797727,-14.84979122,7952801.433960741,33301.63108949,448489688.0,500000000.0,500000000.0,2026-06-22,,
1048,iShares MSCI Emerging Markets Tokenized ETF (Ondo),EEMon,ishares-msci-emerging-markets-tokenized-etf-ondo,71.08189696902132,-0.33105374,-0.91928343,2.04775203,7940690.229508691,1107323.53433696,111711.85024746,111711.85024746,,2026-06-22,,
1049,DORA,DORA,dora,0.00801915906559553,0.26558461,0.21272775,0.25204039,7939653.829679852,325197.70041336,990085589.366,1000000000.0,1000000000.0,2026-06-22,,
1050,AS Roma Fan Token,ASR,as-roma-fan-token,0.9156710264660851,0.20725368,2.07898689,-16.73803407,7934167.660082107,7922670.5339189,8664867.0,9995000.0,9995000.0,2026-06-22,,
1051,Quantoz USDQ,USDQ,quantoz-usdq,0.990680932679538,-0.03916124,-0.10533492,-0.19673595,7905682.386148415,20694429.52302959,7980049.0,11000000.0,,2026-06-22,,
1052,ANyONe Protocol,ANYONE,anyone-protocol,0.08089392159324167,-0.22388055,-1.33730172,-2.28653313,7887154.567770217,115189.36610711,97499965.5404165,100000000.0,100000000.0,2026-06-22,,
1053,MUX Protocol,MCB,mcdex,2.0626328203697177,0.0,0.59370007,-0.97383168,7882398.7635977445,0.0,3821523.0,4803143.0,4803143.0,2026-06-22,,
1054,Edel,EDEL,edel,0.012888058869299591,0.13950182,11.17525053,-3.26444381,7846141.283206063,762537.89523358,608791545.9399563,1000000000.0,1000000000.0,2026-06-22,,
1055,Apple Tokenized Stock (Ondo),AAPLon,apple-tokenized-stock-ondo,296.00678031355227,0.06389863,-0.04082541,0.89402094,7835870.020100922,1645065.80372016,26471.92747342,26471.92747342,26471.92747342,2026-06-22,,
1056,RAMP,RAMP,ramp,0.016359868886910996,0.0,-38.55291733,0.57211444,7817379.135486753,0.0,477838740.0,1000000000.0,1000000000.0,2026-06-22,,
1057,LUKSO,LYX,lukso-network,0.2553906653098555,-0.51243108,-4.6424581,27.48433937,7798585.499859701,153114.10249256,30535906.59,42115181.93,,2026-06-22,,
1058,DEXTools,DEXT,dextools,0.10933988756527467,-0.01469124,-7.4892544,-3.9412013,7681854.2434901325,68414.28267563,70256650.2906284,112551255.0,200000000.0,2026-06-22,,
1059,Autonolas,OLAS,autonolas,0.03431953719557394,-0.01731569,-0.85327056,15.76268477,7664854.922503047,63637.44426717,223337945.34652275,473633366.48780155,,2026-06-22,,
1060,MARBLEX,MBX,marblex,0.027521326976686966,-0.23314676,0.55343324,-1.21458118,7654412.608289351,1455823.92710915,278126582.15111953,321280425.0,,2026-06-22,,
1061,Kleros,PNK,kleros,0.008337469438458337,-0.00281823,-1.16308398,-1.72956651,7633188.567087495,4822.89797078,915528221.5341986,915528222.0793128,,2026-06-22,,
1062,SaitaChain Coin,STC,saitama-inu-new,0.00017039369649754407,-0.02809832,-0.03129941,-0.11714985,7616801.939857704,67606.4672431,44701195504.42107,44710138786.93723,200000000000.0,2026-06-22,,
1063,Vow,VOW,vow,0.021300014207671764,-0.51814485,0.47495289,4.59579871,7588881.291684156,219435.95018388,356285269.0,1142857140.0,1142857142.0,2026-06-22,,
1064,Swarms,SWARMS,swarms,0.007572537601054676,-0.02471135,-1.77103569,8.27852586,7572422.725659268,5173809.81979057,999984830.0,999984830.0,,2026-06-22,,
1065,ProShares UltraPro QQQ Tokenized Stock (Ondo),TQQQon,proshares-ultrapro-qqq-tokenized-stock-ondo,81.70481686013859,-0.05094782,-0.94675173,-0.1303737,7574434.938517998,1502081.17548397,92704.87628023,92704.87628023,,2026-06-22,,
1066,Haedal Protocol,HAEDAL,haedal-protocol,0.017776680315384496,-0.19079734,-1.70925959,-11.08646452,7555089.134038411,2182420.60692361,425000000.0,1000000000.0,1000000000.0,2026-06-22,,
1067,Inverse Finance,INV,inverse-finance,10.49519297015765,0.09765733,0.33943475,2.68392795,7549050.142307019,397.464536,719286.45464378,727000.0,,2026-06-22,,
1068,OWB,OWB,owb,0.016412611241215746,-1.1609561,3.26218788,-34.14207648,7469894.9120466225,39809.5047321,455131410.9779218,1000000000.0,1000000000.0,2026-06-22,,
1069,Bitgert,BRISE,bitrise-token,1.8854897936048857e-08,-0.13197026,1.02275527,-5.05433779,7460694.564315172,500427.03542888,395690000000000.0,1000000000000000.0,,2026-06-22,,
1070,Orchid,OXT,orchid,0.007507004930427201,18.19239341,1.04352792,3.82400087,7486095.177345081,2154033.78930176,997214634.4279902,1000000000.0,,2026-06-22,,
1071,FIGHT,FIGHT,fight-id,0.0036350674039081236,-0.7839336,-9.30561465,-13.61493785,7451888.178011653,3365015.68702821,2050000000.0,10000000000.0,10000000000.0,2026-06-22,,
1072,Broadcom Tokenized Stock (Ondo),AVGOon,broadcom-tokenized-stock-ondo,405.9560534331989,-0.03253574,-1.01429958,2.71175866,7430198.306134568,2431448.11852715,18302.96221302,18302.96221302,,2026-06-22,,
1073,SymVerse (symverse.org),SYMM,symverse-org,0.04494657525853639,-8.36445123,-6.70366979,-16.63436074,7424171.204936742,20772.94040184,165177684.0,315177684.0,315177684.0,2026-06-22,,
1074,SmarDex,SDEX,smardex,0.0007570811391222139,0.01138397,-0.86630801,-8.80001722,7420666.935951821,229924.36886627,9801679836.530598,10000000000.0,10000000000.0,2026-06-22,,
1075,Origin Dollar,OUSD,origin-dollar,0.9995289294506686,-0.00836163,-0.02316011,-0.01555437,7391488.530244511,72697.34574666,7394972.08380632,7394972.08380632,,2026-06-22,,
1076,KnoxNet,KNX,knoxnet,0.007366339005510241,-1.67640876,-1.91634142,-12.08211222,7366339.005510241,84036.91884835,1000000000.0,1000000000.0,1000000000.0,2026-06-22,,
1077,SquidGrow,SQGROW,squid-grow,0.007342351720065074,-0.73598121,-0.56574375,-10.0073696,7342351.720065074,70057.17709912,1000000000.0,1000000000.0,1000000000.0,2026-06-22,,
1078,LOAN Protocol,LOAN,loan-protocol,0.0003986540557400554,-0.08528231,-3.32577299,-12.09541128,7337919.778746197,106734.64008647,18406735547.0,35434516107.0449,,2026-06-22,,
1079,Chainbounty,BOUNTY,sentinel-protocol,0.01410350422349601,-1.48033919,-3.26492292,-11.07828893,7335332.954729491,184568.65102132,520107119.3717267,555416661.0,1000449852.0,2026-06-22,,
1080,Phoenix,PHNIX,phoenix-xrp,1.3832449835393155e-05,0.30004525,0.23368697,-0.61219991,7331186.104616844,235344.32607206,529999110198.0,589000000000.0,589000000000.0,2026-06-22,,
1081,AI Companions,AIC,ai-companions,0.009703164148546262,-7.23979334,-20.0230521,-52.62868842,7277370.200460452,712473.7363998,749999700.0,1000000000.0,1000000000.0,2026-06-22,,
1082,Layer3,L3,layer3-xyz,0.005892305589549074,0.02885167,-4.26007412,-12.69746045,7254696.915504991,3676813.81387097,1231215320.5991778,3333333312.0,3333333333.0,2026-06-22,,
1083,Alephium,ALPH,alephium,0.05400510503831051,-0.10539185,-0.81039927,55.67476943,7251659.23548432,222212.94457866,134277291.5697523,222223248.72921067,,2026-06-22,,
1084,Micron Technology Tokenized bStocks,MUB,micron-technology-tokenized-bstocks,1161.4737483860417,0.29430819,1.66711524,12.86834654,7239420.525736362,1940113.42360917,6232.96095654,6232.96095654,,2026-06-22,,
1085,AhaToken,AHT,ahatoken,0.0009953236254600548,0.08396468,-1.27775281,-8.51386059,7237630.180839887,28029.47769978,7271635069.944749,7673122637.674749,10500000000.0,2026-06-22,,
1086,Access Protocol,ACS,access-protocol,0.00014030210830051645,-2.9709053,1.80476471,-1.70406755,7212289.277706482,2439547.77186561,51405423375.80778,90205309404.46425,,2026-06-22,,
1087,Venus DAI,vDAI,venus-dai,0.026135582666154736,0.00022565,0.01542737,0.03740225,7175200.793157289,0.0,274537625.0,274537625.0,,2026-06-22,,
1088,Auki,AUKI,auki-labs,0.005698530144150139,-0.91867832,-0.20623075,1.89620342,7156138.122182327,62638.85001423,1255786657.4643822,9991616050.76035,10000000000.0,2026-06-22,,
1089,QuickSwap [Old],QUICK,quickswap,9.441324904463308,0.06503771,0.25788542,-1.65043299,7148947.893585303,24686.71164228,757197.52957614,921752.94365885,1000000.0,2026-06-22,,
1090,Cookie DAO,COOKIE,cookie,0.00925768605897522,-0.20692801,0.01355241,-4.28024354,7120279.528092834,4869158.62171485,769120867.0,999892387.0,1000000000.0,2026-06-22,,
1091,Alpine F1 Team Fan Token,ALPINE,alpine-f1-team-fan-token,0.33368829973991887,0.11798033,-1.67492828,-5.8562404,7119393.111852772,2405189.58400477,21335459.22168,40000000.0,40000000.0,2026-06-22,,
1092,Treehouse,TREE,treehouse,0.04553016253975491,-0.11104704,-2.09392167,-3.25328408,7108280.479074596,4200326.70224719,156122449.0,1000000000.0,1000000000.0,2026-06-22,,
1093,Oracle Tokenized Stock (Ondo),ORCLon,oracle-tokenized-stock-ondo,183.4614461825279,-0.20624953,-1.73567702,-2.97031948,7096403.734286261,1312445.94900998,38680.6268126,38680.6268126,,2026-06-22,,
1094,Purple Bitcoin,PBTC,purple-bitcoin,0.3646736806034516,-10.2984357,-12.49416165,-35.17209478,7042639.74966588,75726.46147523,19312169.0,19312169.0,19312169.0,2026-06-22,,
1095,Coinbase Tokenized Stock (Ondo),COINon,coinbase-tokenized-stock-ondo,164.0251123175863,-0.12312181,-1.25116497,-1.70094698,7037086.934412322,1482839.10913296,42902.49727607,42902.49727607,,2026-06-22,,
1096,SLERF (OLD),SLERF,slerf-old,0.014029335634794696,0.4049068,0.12812593,3.62764295,7014636.25139217,2431.49236713,499997750.0,499997750.0,499997750.0,2026-06-22,,
1097,Bitlayer,BTR,bitlayer,0.020993229128206666,0.80482948,-16.83845657,-1.20489568,6996747.410853178,29607133.50099342,333285907.0,1000000000.0,1000000000.0,2026-06-22,,
1098,Alien Worlds,TLM,alien-worlds,0.0010267462992932838,0.44808889,-3.36782773,-3.73712288,6974317.413825898,4843033.08235993,6792639446.206299,7021690677.0574,10000000000.0,2026-06-22,,
1099,Galatasaray Fan Token,GAL,galatasaray-fan-token,0.8744719281530694,0.01242368,0.81697669,3.97623753,6987739.9026767565,108716.41244839,7990811.0,9975000.0,9975000.0,2026-06-22,,
1100,Amazon Tokenized Stock (Ondo),AMZNon,amazon-tokenized-stock-ondo,241.60845438500763,-0.0441006,-0.52987116,-0.11591282,6984547.434847493,1644938.56507461,28908.5390353,28908.5390353,,2026-06-22,,
1101,Peercoin,PPC,peercoin,0.23028984976818342,0.01651461,1.54522541,-5.29748351,6973040.404747466,16975.77522667,30279408.37065435,30279408.37065435,,2026-06-22,,
1102,FC Barcelona Fan Token,BAR,fc-barcelona-fan-token,0.2756154906099453,0.25080041,-1.76974343,-3.59692377,6972459.494811481,4087767.55104807,25297778.0,39960000.0,39960000.0,2026-06-22,,
1103,Anthropic tokenized stock (PreStocks),ANTHROPIC,anthropic-tokenized-stock-prestocks,729.2509121847886,-0.81190729,-1.26531321,14.30078157,6967921.780961974,9232.0662924,9554.90307182,9554.90307182,,2026-06-22,,
1104,BugsCoin,BGSC,bugscoin,0.0007470101115295629,0.37170547,-1.08672338,6.50679595,6963362.1934464825,212921.82886169,9321643825.126331,12985800644.0,14745800644.0,2026-06-22,,
1105,Beta Finance,BETA,beta-finance,0.006895795230370593,-3.96498103,-25.20455718,16.76774326,6895795.230370593,9552.41251179,1000000000.0,1000000000.0,1000000000.0,2026-06-22,,
1106,Balancer,BAL,balancer,0.09811869699439876,-0.6999224,-0.78990748,-9.12783177,6847597.629585717,171051.25370582,69788917.29449508,72368512.92020285,96150704.0,2026-06-22,,
1107,Hydranet,HDN,hydranet,0.03634226040073304,-0.05767496,2.29579668,-5.95607986,6832823.491246627,116278.53932629,188013167.47784916,300000000.0,300000000.0,2026-06-22,,
1108,Mansory,MNSRY,mansory,0.007521613462862132,0.08490573,0.10218014,4.47463416,6769363.57026183,171930.56766005,899988227.75,899988227.75,1000000000.0,2026-06-22,,
1109,Brickken,BKN,brickken,0.08297828061645068,-0.0268575,8.44399085,-1.4863438,6754174.830741479,228232.53636355,81396900.25587787,143000000.0,143000000.0,2026-06-22,,
1110,Alpha Quark Token,AQT,alpha-quark-token,0.2510637305034064,0.05850021,-4.3339398,-37.2619484,6730064.823684143,1272158.72275117,26806201.0,30000000.0,30000000.0,2026-06-22,,
1111,Resistance Dog,REDO,resistance-dog,0.06729449501285531,0.68705654,0.22249015,-6.26643767,6729449.027532286,117288.78571693,99999992.96,99999992.96,100000000.0,2026-06-22,,
1112,OMG Network,OMG,omg,0.04789045210194217,-0.20820373,0.17020281,-4.63067014,6716415.527176335,185565.49509886,140245398.24513277,140245398.24513277,140245399.0,2026-06-22,,
1113,ORIGYN,OGY,origyn-foundation,0.0008560490699508152,-0.13335681,-0.23960954,-2.51852261,6701700.740022686,190877.52106189,7828640875.0,10414844289.000652,10620490364.0,2026-06-22,,
1114,Gitcoin,GTC,gitcoin,0.07658969589810348,0.04060816,-1.96231029,-5.7432032,6700947.524514305,3489852.44246115,87491501.9042429,100000000.0,,2026-06-22,,
1115,ULTILAND,ARTX,ultiland,0.11032745982153534,1.10202654,3.22716181,26.73574192,6656669.84127851,930616.0522406,60335566.975314,91116819.215314,280000000.0,2026-06-22,,
1116,AMO Coin,AMO,amo-coin,0.00031271784965893496,0.05826839,-0.71848232,-2.37491583,6629618.412769421,12058.72583845,21200000000.0,21200000000.0,21200000000.0,2026-06-22,,
1117,TEXITcoin,TXC,texitcoin,0.10488997961097771,0.09231011,2.63490092,7.50297329,6603362.72166637,89125.49413043,62955134.0,69218556.0,353396296.0,2026-06-22,,
1118,Bitcoin Limited Edition,BTCLE,bitcoin-limited-edition,422.62311428252616,-0.16665129,-0.1173283,1.60844435,6583876.448161762,135074.72155374,15578.6,210000.0,210000.0,2026-06-22,,
1119,Daddy Tate,DADDY,daddy-tate,0.010971300360738533,-0.41493472,-2.09584875,33.30127133,6578557.4795327205,189687.56883291,599615110.627587,599615110.627587,999689062.0,2026-06-22,,
1120,Meta Platforms Tokenized Stock (Ondo),METAon,meta-platforms-tokenized-stock-ondo,574.6673453930634,0.32103206,-0.03524019,-0.40812583,6564270.362609609,1683742.46276621,11422.73075934,11422.73075934,,2026-06-22,,
1121,Badger DAO,BADGER,badger-dao,0.3411616871038812,-0.52091581,-0.51054685,-5.83147302,6560054.446158304,1243924.83760276,19228578.98214349,21000000.0,21000000.0,2026-06-22,,
1122,DAO Maker,DAO,dao-maker,0.03126625684423583,-0.26689411,-0.64467508,-2.94053929,6551350.714992164,1127097.96046484,209534219.19451657,269100130.9190567,,2026-06-22,,
1123,Towns,TOWNS,towns,0.0021494556640059706,-0.27175505,-3.0676109,-9.69341639,6553857.43543317,5521696.51101713,3049077748.0,10530619062.0,,2026-06-22,,
1124,Polkastarter,POLS,polkastarter,0.06596704348173832,-0.40899375,0.5157583,-9.51103643,6544566.103993237,83541.07743385,99209631.94000003,100000000.0,,2026-06-22,,
1125,TokenBot,TBOT,tokenbot,0.011106348413533232,-0.31241525,-0.21591549,0.10928255,6541037.5069330735,52669.30289105,588945823.0,1000000000.0,,2026-06-22,,
1126,FC Porto Fan Token,PORTO,fc-porto,0.49998319122934076,-0.15794804,-4.07741813,-10.47272675,6493884.860263153,4345140.66591582,12988206.35209,40000000.0,40000000.0,2026-06-22,,
1127,Loom Network,LOOM,loom-network,0.005224634355795,0.0,0.0,0.0,6493807.22302701,0.0,1242920897.5790398,1300000000.0,,2026-06-22,,
1128,Heroes of Mavia,MAVIA,heroes-of-mavia,0.02625904103711521,-0.11122046,0.006804,-4.42663131,6485121.288181578,967136.18567359,246967179.0,250000000.0,256989887.032251,2026-06-22,,
1129,ELYSIA,EL,elysia,0.0013237591565832775,-0.63162368,-0.65422078,-5.70056865,6477357.506229214,480753.98102334,4893154071.128592,6803300704.688,7000000000.0,2026-06-22,,
1130,elizaOS,ELIZAOS,elizaos,0.0006881179355832872,-0.32861059,-1.3718346,-4.20293749,6411175.243273192,5052455.90626038,9316971570.925152,10999986979.497707,11000000000.0,2026-06-22,,
1131,Save,SAVE,save,0.14017269258731424,-0.00032145,0.64707711,-0.2399077,6400683.654501794,0.0,45662843.0,50000001.0,,2026-06-22,,
1132,Zircuit,ZRC,zircuit,0.0010883066860293495,-3.95506089,2.09002225,-1.45100871,6383635.145853548,2265016.38971638,5865658300.0,10000000000.0,,2026-06-22,,
1133,Apu Apustaja,APU,apu-apustaja,1.881683234971433e-05,0.06591814,-4.18456134,-6.9771178,6358019.41388994,310604.88303795,337889996346.0888,337889996346.0888,420690000000.0,2026-06-22,,
1134,Pikaboss,PIKA,pikachu,1.5048664381415892e-08,-0.2892288,-0.22385448,0.67789438,6330822.618617851,1204.51310018,420690000000000.0,420690000000000.0,420690000000000.0,2026-06-22,,
1135,Croatian Football Federation Token,VATRENI,croatian-ff-fan-token,1.634752505225083,-0.33382993,0.38362207,7.13611321,6316722.914249846,5380.66905757,3864024.0,20999999.44183582,30000000.0,2026-06-22,,
1136,Niza Global,NIZA,niza-global-new,0.0039053373126412025,1.62731373,1.45635349,-0.25244245,6304801.351117933,262259.42006037,1614406348.642381,2500000000.0,2500000000.0,2026-06-22,,
1137,Alltoscan,ATS,alltoscan,0.08378891356473828,-0.12291567,-0.54462351,-2.76480218,6286598.075385983,75528.23181051,75028996.175356,100000000.0,100000000.0,2026-06-22,,
1138,World3,WAI,world3,0.018637621840390608,-1.62898907,-9.72544467,16.2636052,6262865.01913857,260861.58985148,336033485.0,1000000000.0,1000000000.0,2026-06-22,,
1139,Nimiq,NIM,nimiq,0.0004419114725284763,0.03568321,-0.54562341,1.05185323,6258507.349663981,70773.82077012,14162355446.11413,14162355446.11413,21000000000.0,2026-06-22,,
1140,Bytecoin,BCN,bytecoin-bcn,3.3938615293949233e-05,-0.00663926,3.45890295,-2.97330625,6246973.291497525,0.03393862,184066828814.058,184066828814.058,184470000000.0,2026-06-22,,
1141,WeBuy,WE,webuy,0.01725931376974649,-0.06246858,-0.6279019,-2.65019929,6248410.765610396,24316.3715006,362031240.0,2500000000.0,,2026-06-22,,
1142,CONX,XPLA,xpla,0.006604574072028824,0.25929047,-0.29059144,-7.16842497,6233924.906742443,28286.21769341,943879929.084886,1999880402.2389,2000000000.0,2026-06-22,,
1143,BFG Token,BFG,betfury,0.005534360125094201,-0.03026943,-0.94321362,-3.59392769,6214028.895190419,2585.3624736,1122808916.43,3327754200.68,,2026-06-22,,
1144,RSS3,RSS3,rss3,0.006682484351649344,-0.85568439,-1.76629555,-8.45883156,6212167.2358466955,1154673.42582622,929619421.3030119,1055772199.8297999,1000000000.0,2026-06-22,,
1145,KGST,KGST,kgst,0.011391190954986976,0.00116344,-0.3587164,-0.0817633,6200139.370001992,2620218.47369321,544292462.0,544292462.0,,2026-06-22,,
1146,PAAL AI,PAAL,paal-ai,0.006186020008176076,-0.02341463,-1.22666543,-7.81487439,6178817.156200623,1900950.16049846,998835624.203295,1000000000.0,1000000000.0,2026-06-22,,
1147,MORI COIN,MORI,mori-coin,0.007721256227425163,0.11001673,1.25757997,4.09924391,6177066.636171106,966965.0540536,800007985.0,999998186.0,999999999.0,2026-06-22,,
1148,NUMINE,NUMI,numine,0.019018262839833676,0.49839137,2.47650141,-2.29090223,6170236.96068651,245955.32494321,324437463.75,1000000000.0,1000000000.0,2026-06-22,,
1149,Tradoor,TRADOOR,tradoor,0.42934373912974166,-0.04785111,-0.78654327,-6.96541648,6160653.312772663,2594352.31479968,14349000.0,60000000.0,60000000.0,2026-06-22,,
1150,PepeCoin,PEPECOIN,pepecoin,0.05742736487702845,-0.40764974,-2.54321747,-12.73781223,6148013.987485319,88832.72598881,107057219.16111442,107630586.03315184,133769420.0,2026-06-22,,
1151,Polyhedra Network,ZKJ,polyhedra-network,0.007987758289478388,-0.22579366,-1.65541219,3.8778023,6115471.094482079,1999412.5071874,765605426.8113599,1000000000.0,1000000000.0,2026-06-22,,
1152,Nash,NEX,nash,0.13718548413464207,0.0,0.0,5.21589097,6079178.965740804,0.0,44313573.0,50000000.0,50000000.0,2026-06-22,,
1153,Saga,SAGA,saga,0.015006281410793363,-0.48758412,10.61084323,11.64599384,6070435.225753954,85370382.50531323,404526282.0,1102355110.0,,2026-06-22,,
1154,Bluefin,BLUE,bluefin,0.011536002308113533,1.44864927,5.98569876,-6.33814369,6060139.072619473,5958161.51603125,525324017.0,1000000000.0,1000000000.0,2026-06-22,,
1155,Divi,DIVI,divi,0.001277763118,-0.18202144,-0.6542685,-2.72996514,5994197.144009704,0.0,4691164629.475324,4691164629.475324,,2026-06-22,,
1156,district0x,DNT,district0x,0.005980982164153785,-1.19138577,-0.81018266,-9.62848962,5980982.164153785,8008.64477167,1000000000.0,1000000000.0,,2026-06-22,,
1157,HOPR,HOPR,hopr,0.017513298499126348,-0.38511216,-0.35649541,-7.89736138,5975078.827154113,163473.19019792,341173813.0,394545361.0,1000000000.0,2026-06-22,,
1158,Scroll,SCR,scroll,0.0313317949765762,-0.17281092,-2.36404604,-6.44189435,5953041.045549478,2835157.84057323,190000000.0,1000000000.0,1000000000.0,2026-06-22,,
1159,Destra Network,DSYNC,destra-network,0.006067263320293868,-1.0242138,-0.70573818,-8.34608753,5915264.480882864,1115755.76356137,974947710.1310906,999874315.1676701,1000000000.0,2026-06-22,,
1160,Grin,GRIN,grin,0.02525959693528963,0.46925123,-2.98492437,-2.786271,5907356.855332935,2377.78972261,233865840.0,233865840.0,,2026-06-22,,
1161,Joe coin,JOE,joe-coin,0.0058556957351807125,-0.33779213,6.21193099,-10.57384985,5855695.735180712,92532.53201339,1000000000.0,1000000000.0,1000000000.0,2026-06-22,,
1162,Bulla,BULLA,bulla-mascot,0.005797166953896065,3.642322,27.44959197,16.560624,5797166.953896065,2528848.02329413,1000000000.0,1000000000.0,1000000000.0,2026-06-22,,
1163,Gleec Coin,GLEEC,gleec,0.032069341956106945,-0.19215018,-42.84282392,-42.23019451,5828764.722421948,0.19241605,181755046.0,210000075.0,,2026-06-22,,
1164,SCOR,SCOR,scor,0.016418069324575752,0.35684407,10.65338789,0.34082836,5822504.532726289,157566.922131,354640026.03587157,4000000000.0,4000000000.0,2026-06-22,,
1165,KAN,KAN,bitkan,0.0005992634036079082,-0.18816145,-0.49677311,-4.05623396,5805819.9735252615,89456.64640465,9688260518.781734,10000000000.0,,2026-06-22,,
1166,LimeWire,LMWR,limewire,0.012631044215817441,-0.34083582,-0.60696905,-7.0718354,5778526.002921595,1455047.46845122,457486008.61402553,633045269.0,633045269.0,2026-06-22,,
1167,Upland (SPARKLET),SPARKLET,upland-sparklet,0.021193400387847033,-0.12281885,-0.2903945,5.30106877,5754569.608303911,167711.56209575,271526489.52,1000000000.0,1000000000.0,2026-06-22,,
1168,Fuel Network,FUEL,fuel-network,0.0006863943726040079,0.99537683,0.07849104,2.38974275,5744250.062868901,735786.71423853,8368731289.3849325,10327245625.135242,,2026-06-22,,
1169,Creta World,CRETA,creta-world,0.0019417592927682224,-0.36235132,0.33263152,0.20061709,5729778.663989326,111019.02679211,2950818201.4779005,10000000000.0,10000000000.0,2026-06-22,,
1170,S.S. Lazio Fan Token,LAZIO,lazio-fan-token,0.4343516257166392,-0.32913656,-2.21111738,-8.25201325,5724284.857060362,1306393.43512528,13178918.91763,40000000.0,40000000.0,2026-06-22,,
1171,WhiteCoin,XWC,whitecoin,0.007464053923687241,-0.36461768,-6.30203898,-15.49431447,5704960.204341887,687316.46367719,764324623.4110321,971792390.0,1000000000.0,2026-06-22,,
1172,XMAQUINA,DEUS,deus-token,0.028220588796446056,1.63857212,-8.26336187,-25.6513333,5682819.923702857,897244.4392673,201371415.9081798,999987281.5088582,1000000000.0,2026-06-22,,
1173,Goldfinch,GFI,goldfinch-protocol,0.06488339346735814,-0.16609324,1.50689737,-18.94000589,5682356.2928565685,331501.51887414,87577976.26160346,114285714.0,114285714.0,2026-06-22,,
1174,VNX Gold,VNXAU,vnx-gold,134.89750443614392,-0.07011201,0.52664107,0.3848176,5679184.936761659,4789.01480652,42100.0,44100.0,,2026-06-22,,
1175,Bitboard,BB,bitboardtop,0.0012676520080978785,-0.69088183,0.01062894,273.42421156,5621798.242706346,69807.90003731,4434811925.35,8100000000.0,8100000000.0,2026-06-22,,
1176,Utrust,UTK,utrust,0.007940317505946494,-0.00664028,0.00146588,-0.06079321,5590537.424854912,5103058.35953411,704069758.0,431102651.0,1000000000.0,2026-06-22,,
1177,Graphite Protocol,GP,graphite-protocol,0.1605886977753531,-0.47678123,1.49226875,29.45449697,5560584.3930384,151672.53519647,34626249.97941686,58649022.44242621,,2026-06-22,,
1178,Green Satoshi Token (SOL),GST,green-satoshi-token,0.0011526022776399034,0.6995255,-0.55513989,2.76445604,5560683.008131517,64718.26455124,4824459500.043421,4834459500.043421,,2026-06-22,,
1179,Koma Inu,KOMA,koma-inu,0.009217523281644878,1.65925881,5.01100711,39.41246609,5553960.944445097,1376453.80425834,602543739.2173297,605954353.425861,1000000000.0,2026-06-22,,
1180,Circle Internet Group Tokenized bStocks,CRCLB,circle-internet-group-tokenized-bstocks,80.06977294433275,-0.27756725,-1.8025606,-1.98960358,5552908.235800313,1465605.80158487,69350.86776955,69350.86776955,,2026-06-22,,
1181,RACA,RACA,radio-caca,1.348351179574957e-05,0.12397817,0.96591168,-2.07440276,5550762.304258531,366806.62714028,411670371068.18915,415670371068.18945,500000000000.0,2026-06-22,,
1182,Realio Network,RIO,realio-network,0.03381956191320824,-0.16234871,1.71308533,-7.44212695,5528007.846832095,277573.5086763,163455927.1057006,163455927.1057006,175000000.0,2026-06-22,,
1183,Build On BNB,BOB,build-on-bnb,1.3061135016238603e-08,0.6987314,8.66719432,1.63296373,5494688.889981418,1672736.6787004,420690000000000.0,420690000000000.0,420690000000000.0,2026-06-22,,
1184,Hemi,HEMI,hemi,0.005622206536329779,0.946632,3.98768694,-7.88660389,5495706.889262359,6786957.84045953,977500000.0,10000000000.0,,2026-06-22,,
1185,NAVI Protocol,NAVX,navi-protocol,0.006709846361459282,-0.09586798,-0.66395477,-4.97902863,5476358.49827745,229980.62111989,816167495.24,1000000000.0,1000000000.0,2026-06-22,,
1186,PayAI Network,PAYAI,payai-network,0.005461729312324374,0.0986038,0.80856162,-6.43005865,5461435.846228942,3946503.01793077,999946268.6488748,999946268.6488748,1000000000.0,2026-06-22,,
1187,Turtle,TURTLE,turtle-xyz,0.03526435285847948,-0.45736572,-0.92813964,-4.74146373,5455395.387206775,1782049.22327219,154700000.0,1000000000.0,1000000000.0,2026-06-22,,
1188,inSure DeFi,SURE,insure,0.0002034455499462963,-0.20916784,2.42060076,-4.13975759,5450319.135661205,3.53785837,26790063174.642704,88000000000.0,88000000000.0,2026-06-22,,
1189,OpenVPP,OVPP,openvpp-energy,0.0067368125876538,-0.21660789,-3.32117528,0.91702376,5423134.133061309,835123.97176494,805000000.0,1000000000.0,1000000000.0,2026-06-22,,
1190,Pitbull,PIT,pitbull,1.34843584624527e-10,-0.91260723,0.26966678,-10.0022976,5419654.667099503,74373.60736385,4.019215806366e+16,1e+17,1e+17,2026-06-22,,
1191,Manchester City Fan Token,CITY,manchester-city-fan-token,0.40067728557890087,0.06208913,0.85841376,0.71008443,5422269.142513441,4477377.81223268,13532759.0,19740000.0,19740000.0,2026-06-22,,
1192,Bitcoin Gold,BTG,bitcoin-gold,0.3085169326680828,-0.00637935,43.39482607,7.50432485,5403341.98466146,10547.17261254,17513923.589,17513923.589,21000000.0,2026-06-22,,
1193,Ika,IKA,ika,0.0017981505020883508,-1.07133287,-6.57877115,12.0222262,5394451.506265053,545211.61826756,3000000000.0,10291666666.6667,,2026-06-22,,
1194,RHEA Finance,RHEA,rhea-finance,0.013803332290396892,-0.25279579,-1.65205851,-4.10496518,5391557.547224176,307519.1291405,390598258.0,1000000000.0,1000000000.0,2026-06-22,,
1195,iShares Russell 2000 Value Tokenized ETF (Ondo),IWNon,ishares-russell-2000-value-tokenized-etf-ondo,218.42761431564057,0.03054217,-0.20891479,-1.56592999,5387270.710325145,723806.39676197,24663.87195229,24663.87195229,,2026-06-22,,
1196,Quickswap [New],QUICK,quickswap-new,0.007117091654456085,0.01610487,0.83881132,-12.89677521,5386624.3955442,2106484.60696379,756857527.9161367,921752943.6588482,1000000000.0,2026-06-22,,
1197,MetFi,METFI,metfi2,0.016616433325517422,-0.16346143,-0.67224388,-4.38681209,5365993.8057422675,12222.92114047,322932948.402462,449958110.8601478,500000000.0,2026-06-22,,
1198,Luna by Virtuals,LUNA,luna-by-virtuals,0.005365551301379037,0.00511322,3.46719145,-2.88396974,5365551.301379037,1305.81627138,1000000000.0,1000000000.0,1000000000.0,2026-06-22,,
1199,Ski Mask Dog,SKI,ski-mask-dog,0.005404576444150773,-6.24008157,-6.67626993,9.01363088,5347271.974128535,5332.49776845,989397047.0,1000000000.0,1000000000.0,2026-06-22,,
1200,Juventus Fan Token,JUV,juventus-fan-token,0.3423549925388734,-0.0799502,-3.04617527,-3.95017618,5344999.5185535485,5409314.31313771,15612448.0,19956000.0,19956000.0,2026-06-22,,
1201,Coq Inu,COQ,coq-inu,7.593758374253359e-08,-2.29254575,-2.39309892,-27.74140814,5271587.063406682,1890159.84414654,69420000000000.0,69420000000000.0,69420000000000.0,2026-06-22,,
1202,Games for a Living,GFAL,games-for-a-living,0.0012759971306885531,0.0901371,0.16992293,-1.31080181,5270435.198473217,865.52797249,4130444396.555333,10000000000.0,10000000000.0,2026-06-22,,
1203,Landwolf 0x67,WOLF,landwolf-coin,5.82308522826562e-06,-0.02373959,-2.18472981,-3.38245272,5253351.687978387,314160.13102867,902159505150.0,902159505150.0,1000000000000.0,2026-06-22,,
1204,Telos,TLOS,telos,0.011532615684814495,-0.05431232,6.20781738,7.22922775,5195496.221331317,967298.65430964,450504583.11660004,467702819.9324,,2026-06-22,,
1205,MESSIER,M87,messier,5.870636700825847e-06,0.08293852,-0.38488259,3.80036711,5194611.127817382,139181.34754266,884846293944.0,884846293944.0,884846293944.0,2026-06-22,,
1206,Minswap,MIN,minswap,0.0029950235796685205,-0.23050367,1.09337207,-13.51352827,5183684.9512036415,142889.04702844,1730765990.088584,2473115363.848365,2500000000.0,2026-06-22,,
1207,Hey Anon,ANON,hey-anon,0.37391151197031713,-0.3834955,-0.04990553,-5.76275977,5182298.787644467,424222.88954501,13859693.060362,20961083.951299,20961083.951299,2026-06-22,,
1208,MAGIC•INTERNET•MONEY (Bitcoin),MIM,magic-internet-money-bitcoin,0.00024624048940667556,-1.22443837,-2.66310289,-1.77419052,5171050.277540186,63774.93633718,21000000000.0,21000000000.0,21000000000.0,2026-06-22,,
1209,SIX Token,SIX,six,0.006058139827507162,-0.37650695,0.6651763,-1.47071706,5155274.71268308,153663.84882467,850966610.126,999999970.0,1000000000.0,2026-06-22,,
1210,Sport.Fun,FUN,sport-fun,0.02891783268250539,1.92809912,2.50131814,-18.58916539,5147374.21748596,2409879.0143829,178000000.0,1000000000.0,1000000000.0,2026-06-22,,
1211,AVA,AVA,ava-sol,0.005120398369875235,-0.48001662,1.29450852,-3.25092582,5116280.234409271,480272.17148773,999195739.243612,999195739.243612,999995926.72,2026-06-22,,
1212,Wexo,WEXO,wexo,0.01743734078731279,-0.99955842,-2.38096088,-2.70944661,5112492.11577122,112792.88396757,293192189.0,920900277.0,928000000.0,2026-06-22,,
1213,Kryll,KRL,kryll,0.12787240479578926,-0.05979656,-0.18833702,-0.10047221,5102411.830105769,16334.03298882,39902368.60137464,49417348.0,49417348.0,2026-06-22,,
1214,Sperax,SPA,sperax,0.002487317945028692,0.17472978,0.66249671,-5.00908542,5094530.303503907,1933099.21546125,2048202287.0,4615267291.67,5000000000.0,2026-06-22,,
1215,Mamo,MAMO,mamo,0.00858923335221052,-0.28081693,-1.34390352,-0.67814237,5092723.645785188,833075.46961599,592919465.2133334,1000000000.0,1000000000.0,2026-06-22,,
1216,SWEAT,SWEAT,sweat-economy,0.0005920666461770301,-0.61405956,-6.70461558,-13.37719867,5006942.137004499,1389050.5525503,8456720488.03,19763680270.199,21867346500.41,2026-06-22,,
1217,Bitlight,LIGHT,bitlight,0.11769164183929907,0.67659326,3.08921127,2.84835482,5067445.727308729,4099552.45018278,43056972.0,420000000.0,420000000.0,2026-06-22,,
1218,OVERTAKE,TAKE,overtake,0.017388945455038756,-0.65958523,-0.83352231,-8.84455614,5051735.664658948,420727.32852965,290514205.0,1000000000.0,1000000000.0,2026-06-22,,
1219,VNX Swiss Franc,VCHF,vnx-swiss-franc,1.2373817393964484,-0.08008684,-0.07946744,-1.54685645,5035984.60874869,31202.51853048,4069871.44582,4069871.44582,,2026-06-22,,
1220,dYdX (ethDYDX),ETHDYDX,dydx-ethdydx,0.12021958459175892,-1.10184117,0.56152774,-3.24589256,5007984.013036751,3499951.6740562,41656973.19652899,1000000000.0,,2026-06-22,,
1221,Stonks,STNK,stonks,8.603183128409016,-4.88653807,29.0600687,20.09308117,5005994.050045534,131511.30397698,581876.96057695,581876.96057695,581918.12,2026-06-22,,
1222,Klever Coin,KLV,klever,0.0005631883992701248,0.02381284,0.99787169,-1.51994723,5001552.501493416,116070.07461065,8880780406.65482,10000000000.0,10000000000.0,2026-06-22,,
1223,Decentrawood,DEOD,decentrawood,0.010745915854879941,0.10631426,6.94292017,28.13077388,4990345.821836011,335720.5714692,464394649.02098525,1890000000.0,1890000000.0,2026-06-22,,
1224,ParagonsDAO,PDT,paragonsdao,0.06043065721661937,0.0,-0.08837481,-1.37217001,4982173.884440012,0.0,82444476.262784,84581812.59769794,162500000.0,2026-06-22,,
1225,Rainbow,RNBW,rainbow,0.02363422739893992,3.96665618,59.44572828,69.007449,4963187.753777383,3801943.4994361,210000000.0,1000000000.0,1000000000.0,2026-06-22,,
1226,World of Dypians,WOD,world-of-dypians,0.009194230578434364,-0.18158802,-2.22170265,-13.65641231,4951347.57084701,2323077.77233242,538527670.0,1000000000.0,1000000000.0,2026-06-22,,
1227,Venus LINK,vLINK,venus-link,0.16041312846391,-0.0685816,-1.10847315,-3.88046121,4957938.610330147,0.0,30907312.0,30907312.0,,2026-06-22,,
1228,Alitas,ALT,alitas,0.006523278148004039,5.16916822,-29.51217054,-1.76671013,4957691.39248307,2014.40497028,760000000.0,1000000000.0,1000000000.0,2026-06-22,,
1229,Unstable Coin (usduc.io),USDUC,unstable-coin-sol,0.004954199053621859,-0.91486462,-0.57021353,8.60044106,4953784.06125467,1118235.46247458,999916234.216127,999916234.216127,1000000000.0,2026-06-22,,
1230,OORT,OORT,oortech,0.006314424165524732,1.19198613,-1.71155738,-8.16369539,4950923.360556958,214510.63725844,784065693.208865,2000000000.0,2000000000.0,2026-06-22,,
1231,Robinhood Markets Tokenized Stock (Ondo),HOODon,robinhood-markets-tokenized-stock-ondo,106.67557596863777,-0.61532777,-1.32810558,10.60125311,4943469.249722444,1566849.94860519,46341.15358492,46341.15358492,,2026-06-22,,
1232,Kekius Maximus (kekiusmaximus.vip),KEKIUS,kekius-maximus-vip,0.004942330281198256,-0.79621547,1.52425007,8.82122928,4942330.281198256,2377115.88922094,1000000000.0,1000000000.0,,2026-06-22,,
1233,Pangolin,PNG,pangolin,0.02105656346687216,-0.05753518,-0.65749879,-7.98118963,4941081.236594148,420245.81174955,234657533.0,230000000.0,538000000.0,2026-06-22,,
1234,Open Loot,OL,open-loot,0.006234739041849091,-0.16773565,0.53026239,-1.53322592,4937656.668822674,363422.14940274,791958835.1140146,5000000000.0,5000000000.0,2026-06-22,,
1235,NKN,NKN,nkn,0.006157060638858218,0.18616663,-1.31678389,5.1798663,4937654.956763086,131573.6924029,801950028.817442,801950028.817442,1000000000.0,2026-06-22,,
1236,CloakCoin,CLOAK,cloakcoin,0.7978260617973848,0.0,-0.12913932,-2.27722097,4917230.4886121545,0.0,6163286.36536936,6163286.36536936,,2026-06-22,,
1237,AIVille Governance Token,AIV,aiville,0.00176714124487093,-0.0076105,-1.04047766,2.37089681,4907633.979605752,935.41792026,2777160000.0,10000000000.0,10000000000.0,2026-06-22,,
1238,Viction,VIC,viction,0.03857722630677131,0.30452455,4.21899788,14.87983739,4898698.91131666,3256098.95630932,126984217.9,210000000.0,210000000.0,2026-06-22,,
1239,Nobody Sausage,NOBODY,nobody-sausage,0.00522644278088267,-0.17429989,-1.44236636,9.84105581,4892297.080295096,172810.59360929,936066323.77,936066323.77,936066323.77,2026-06-22,,
1240,Galeon,GALEON,galeon,0.005903032592061878,-0.00763303,0.30486939,-6.55977608,4868694.587008512,26268.87180986,824778537.3158374,3931074356.4648747,4000000000.0,2026-06-22,,
1241,Lingo,LINGO,lingo,0.010008556521136556,-0.56332261,24.38676927,39.17537977,4866221.563053737,210702.44132093,486206133.0,486206133.0,1000000000.0,2026-06-22,,
1242,Ref Finance,REF,ref-finance,0.05061047703405757,0.0,-3.212885,-8.83155802,4858362.045910408,0.0,95995183.81620954,99990506.14259167,99990506.14259167,2026-06-22,,
1243,Purple Pepe,$PURPE,purple-pepe,1.162294305136283e-05,0.03672522,-1.59445489,-9.45474697,4849252.25963329,261335.31431133,417213801892.0,420683240832.10004,420690000000.0,2026-06-22,,
1244,Giant Mammoth,GMMT,giant-mammoth,0.002303849415931048,0.10674023,-3.25227199,-8.95700407,4838083.773455201,147740.57605536,2100000000.0,3000000000.0,3000000000.0,2026-06-22,,
1245,PRIZM,PZM,prizm,0.0010262570163778824,0.0,4.84591881,26.616697,4831143.379159152,2.80947858,4707537490.18,4707537490.18,6000000000.0,2026-06-22,,
1246,Enzyme,MLN,enzyme,1.4711813919629138,1.56310646,3.10622456,-5.86002775,4820035.2369994465,2191791.03146262,3276302.47590907,3276922.09158099,,2026-06-22,,
1247,SpaceX tokenized stock (PreStocks),SPACEX,spacex-tokenized-stock-prestocks,550.7473124276038,0.03119573,-5.21769876,-2.90878723,4815003.375148824,14309.44639169,8742.67248609,8742.67248609,,2026-06-22,,
1248,Solv Protocol,SOLV,solv-protocol,0.003244508692594596,0.02167987,-0.66414231,-5.42134778,4810308.587640748,6985032.98349312,1482600000.0,9660000000.0,9660000000.0,2026-06-22,,
1249,Eli Lilly Tokenized Stock (Ondo),LLYon,eli-lilly-tokenized-stock-ondo,1102.0924559371408,0.08361818,0.30295135,-3.22660475,4796054.241290906,2615847.72102574,4351.77122886,4351.77122886,,2026-06-22,,
1250,McDull,MCDULL,mcdull,6.342023438345354e-07,0.0,0.0,4.61888911,4791751.042304392,0.0,7555555555554.0,8888888888888.0,8888888888888.0,2026-06-22,,
1251,Lava Network,LAVA,lava-network,0.018102793497217058,-0.13440774,0.04207676,-0.17285075,4788306.023190632,285993.43122691,264506471.0,961180567.220062,,2026-06-22,,
1252,NEM,XEM,nem,0.0005292163886312387,-0.01815675,-0.08786933,-3.62000559,4762947.497151932,290173.40263969,8999999999.0,8999999999.0,8999999999.0,2026-06-22,,
1253,Qualcomm Tokenized Stock (Ondo),QCOMon,qualcomm-tokenized-stock-ondo,226.39611570797925,-0.03371941,-0.07341321,1.33253698,4741869.016757507,1270589.66246423,20945.01048275,20945.01048275,,2026-06-22,,
1254,crow with knife,CAW,crow-with-knife,6.15481972199065e-09,6.30061176,0.01931427,-4.21160404,4738358.113957604,63287.04910566,769861397731578.0,777777777777777.0,777777777777777.0,2026-06-22,,
1255,PumpBTC (Governance token),PUMP,pumpbtc-pump,0.009437794414577464,-0.1125174,-1.39668299,-1.01445256,4738090.685097314,3127633.44463797,502033682.5497,1000000000.0,1000000000.0,2026-06-22,,
1256,NeuralAI,NEURAL,neuralai,0.47371306147852377,-0.00689322,0.52203849,-2.66978078,4737130.614785237,75855.87349801,10000000.0,10000000.0,,2026-06-22,,
1257,Partisia Blockchain,MPC,partisia-blockchain,0.010153043224655014,-1.39794541,-2.18966967,-3.48405978,4736752.663183523,5885.72308263,466535260.2539,610155149.0566,1000000000.0,2026-06-22,,
1258,ANDY (ETH),ANDY,boysclubandy,4.724057481808297e-06,-0.29309641,0.23667134,-3.04679099,4724057.481808297,48169.13753066,1000000000000.0,1000000000000.0,1000000000000.0,2026-06-22,,
1259,Nomina,NOM,nomina,0.0016188459166602014,-0.12615509,1.80058026,-4.93493725,4694653.158314584,8859766.37758626,2900000000.0,7500000000.0,7500000000.0,2026-06-22,,
1260,Amaterasu Omikami,OMIKAMI,amaterasu-omikami,0.004948691859844574,-0.02610988,6.40130164,4.58919691,4686292.477103786,102763.04056301,946976011.0,999476011.0,1000000000.0,2026-06-22,,
1261,Zypher Network,POP,zypher-network,0.001958864709448188,-0.13244739,0.09975468,2.28654363,4676789.495766413,1982553.55903146,2387500001.0,10000000000.0,10000000000.0,2026-06-22,,
1262,Milady Meme Coin,LADYS,milady-meme-coin,6.354320894751001e-09,0.47474629,0.41649481,0.45582438,4666397.365818824,533246.20839815,734366023232083.0,888000888000888.0,888000888000888.0,2026-06-22,,
1263,Broccoli (firstbroccoli.com),BROCCOLI,broccoli,0.004632949592628202,0.35838401,1.73008245,-3.93745391,4632949.592628202,2632734.07549441,1000000000.0,1000000000.0,1000000000.0,2026-06-22,,
1264,Soil,SOIL,soil,0.06654352428459637,0.12381682,-0.20098277,0.97449923,4632027.46280487,114713.01147097,69608989.19321442,99000000.0,100000000.0,2026-06-22,,
1265,SUNDOG,SUNDOG,sundog,0.004668303139247035,0.37345421,0.74932128,-0.55660379,4656261.74613948,4515007.31830418,997420606.0,1000000000.0,1000000000.0,2026-06-22,,
1266,Rain Coin,RAIN,rain-coin,4.614745446898409,1.0870189,-0.93439867,-3.16009845,4614745.446898409,8030.43113494,1000000.0,1000000.0,1000000.0,2026-06-22,,
1267,Boson Protocol,BOSON,boson-protocol,0.027050690109725734,-0.28623127,-3.89772817,-31.20853489,4611155.179621858,90459.31618032,170463495.0501309,200000000.0,200000000.0,2026-06-22,,
1268,doginme,DOGINME,doginme,6.818639537692468e-05,0.5708884,-2.1265542,-3.37188137,4610713.467125814,246267.46086598,67619258088.6326,67619258088.6326,69000000000.0,2026-06-22,,
1269,雪球,雪球,xue-qiu,0.008256892091647287,2.25757656,-1.26615737,-7.05948357,4607062.536780088,173060.55800465,557965695.2814747,557965695.2814747,1000000000.0,2026-06-22,,
1270,Neon EVM,NEON,neon,0.019186870244499457,-0.34174299,-3.38720356,-5.89811621,4594593.994579681,528891.96361896,239465527.0,1000000000.0,1000000000.0,2026-06-22,,
1271,TrustSwap,SWAP,trustswap,0.04588235019496736,-0.34132698,1.50636769,-0.93112273,4588013.132451193,217624.84155471,99995164.0,99995164.26708125,,2026-06-22,,
1272,Helium Mobile,MOBILE,helium-mobile,5.1338441509144845e-05,5.39832438,13.45574649,7.59908883,4583496.057936451,31793.3475026,89280000000.0,100880000000.0,,2026-06-22,,
1273,Manyu (manyushiba.com),MANYU,manyu-ethereum,4.566291418703527e-09,0.09912488,-1.08546286,9.03347125,4566291.418703527,2892843.48594529,1000000000000000.0,1000000000000000.0,1000000000000000.0,2026-06-22,,
1274,CateCoin,CATE,catecoin,7.94973431204179e-08,-0.001769,-0.22680904,-3.71871665,4553058.5625234,88.95106091,57273090946281.0,60000000000000.0,,2026-06-22,,
1275,Splintershards,SPS,splintershards,0.0029855230252192203,7.948e-05,-3.52740265,-9.45098882,4548727.429930225,1835.45377398,1523594824.5939996,2752296334.355,3000000000.0,2026-06-22,,
1276,Covalent X Token,CXT,covalent-x,0.004682950818165271,0.27580949,-0.08483293,0.60582253,4529098.794581127,255501.70774475,967146350.7608603,1000000000.0,1000000000.0,2026-06-22,,
1277,Mitosis,MITO,mitosis,0.02495116235472199,1.4539822,4.17058909,19.74620311,4522974.099522833,6705971.7756852,181273082.0,1000000000.0,1000000000.0,2026-06-22,,
1278,Fwog (SOL),FWOG,fwog-solana,0.004608185257342778,0.02478138,-1.912205,-9.82883294,4495908.335032386,1876586.45196694,975635328.0,975635328.0,975635328.0,2026-06-22,,
1279,MonaCoin,MONA,monacoin,0.06834721969652821,1.82879799,-0.67124335,-3.88052963,4492440.529001089,7634.69254584,65729674.871168,65729674.871168,105120000.0,2026-06-22,,
1280,Cratos,CRTS,cratos,7.028315407762534e-05,-0.03322078,0.92432241,-0.58986428,4489394.576749827,244553.31797752,63875826799.0,100000000000.0,100000000000.0,2026-06-22,,
1281,Obyte,GBYTE,obyte,4.786807272148474,-8.8488465,-13.22611639,-8.45263114,4476844.392459244,7790.60229864,935246.42583947,1000000.0,1000000.0,2026-06-22,,
1282,NFPrompt,NFP,nfprompt,0.007548347940530037,-0.40640315,-4.25635884,-1.11852752,4420683.261743899,3088031.0706452,585649111.1131111,946000000.0,1000000000.0,2026-06-22,,
1283,Argentine Football Association Fan Token,ARG,argentinefootballassociationfantoken,0.23685375158883382,0.45778317,-1.66036201,-22.86037841,4419065.473889693,1253850.31348605,18657359.0,20000000.0,20000000.0,2026-06-22,,
1284,LeverUp,LV,leverup,0.048913326299847036,-0.38773017,0.88288623,-6.9265525,4402199.366986233,12863.70401687,90000000.0,1000000000.0,1000000000.0,2026-06-22,,
1285,Avalon Labs (AVL),AVL,avalon-labs-avl,0.02715107931310985,-0.1036817,-0.70105622,-0.98491299,4389895.053358695,5834346.1558711,161683998.0,162250000.8,1000000000.0,2026-06-22,,
1286,CeluvPlay,CELB,celuvplay,0.01838424412167029,-0.00900368,-6.16281734,22.25214946,4389238.284048782,1160.68284666,238750000.0,5000000000.0,5000000000.0,2026-06-22,,
1287,VitaDAO,VITA,vitadao,0.30776535742695493,0.15267274,-1.50209332,-0.47303721,4387797.658654401,2448.20017382,14256957.62297029,27219552.0,64298880.0,2026-06-22,,
1288,GamerCoin,GHX,gamercoin,0.006653341017743591,-0.21620749,-1.92429435,-7.92032059,4324439.615325658,272919.36013904,649965123.3557609,808000000.0,808000000.0,2026-06-22,,
1289,Bitrue Coin,BTR,bitrue-coin,0.01206391544799483,0.15318278,2.09242881,-4.81312237,4325329.896777313,364743.02383371,358534500.2974334,801307097.3484074,1000000000.0,2026-06-22,,
1290,Propchain,PROPC,propchain,0.10045498452625864,0.02019287,2.06504872,-0.05436053,4306614.773786601,63428.04668966,42871090.90799635,63763337.0,100000000.0,2026-06-22,,
1291,Keyboard Cat,KEYCAT,keyboard-cat,0.00043030033065814236,-0.6303772,4.02239348,-1.11056235,4303003.306581424,182823.88042998,10000000000.0,10000000000.0,10000000000.0,2026-06-22,,
1292,EarthMeta,EMT,earthmeta,0.002989738671719937,0.19744241,-0.24225971,3.58708855,4297867.933574687,6476.6379132,1437539666.67,2100000000.0,2100000000.0,2026-06-22,,
1293,XBorg,XBG,xborg,0.017992349551326163,-0.00593904,-32.90686841,-2.76250231,4294293.046336845,3649.64522835,238673278.0,1000000000.0,1000000000.0,2026-06-22,,
1294,Pkoin,PKOIN,pocketnet,0.3074920090530989,0.00839853,-2.3310798,-10.81263053,4281573.160140951,27583.6215512,13924177.0,16609085.0,24375000.0,2026-06-22,,
1295,PlatON,LAT,platon,0.0006177076773823615,-0.07550077,-0.39080816,0.81673365,4273241.835179559,1454494.12711863,6917903065.877583,10250000000.0,,2026-06-22,,
1296,Gearbox Protocol,GEAR,gearbox-protocol,0.000426558770529502,0.00217136,0.12739199,4.08647003,4265587.70529502,222.9967784,10000000000.0,10000000000.0,10000000000.0,2026-06-22,,
1297,Diamond,DMD,diamond,1.1359437147084934,0.07263265,-2.81432694,-5.10218333,4195565.74853721,27633.67034163,3693462.70788943,4380000.0,4380000.0,2026-06-22,,
1298,PIVX,PIVX,pivx,0.03999367432045208,0.57331273,-12.79003506,-22.31761153,4168125.2199457195,2233169.68546089,104219611.99534526,104219611.99534526,,2026-06-22,,
1299,Rayls,RLS,rayls,0.0027779946450464704,-0.305761,15.59925218,0.80245201,4166991.9675697056,2422099.47158443,1500000000.0,9971791866.82472,10000000000.0,2026-06-22,,
1300,ALTSEASON,ALTSZN,altseason,0.004155282746413806,4.47918972,1.98362015,-14.44374774,4155140.9473900846,2090954.4509984,999965875.0,999965875.0,999965875.0,2026-06-22,,
1301,Steem Dollars,SBD,steem-dollars,0.423989675722833,-0.07808739,-0.06338966,2.12978848,4155798.4622873124,1591981.17154615,9801650.135,9801650.135,,2026-06-22,,
1302,Unibright,UBT,unibright,0.027604418394612473,2.78740949,-0.82709091,-10.32827477,4140662.7383089447,2038.02890073,149999999.24349335,150000000.0,150000000.0,2026-06-22,,
1303,AC Milan Fan Token,ACM,ac-milan-fan-token,0.3037278267855138,-0.02836355,-2.86565383,0.16012458,4140928.604944777,4001985.3597717,13633682.0,19920000.0,19920000.0,2026-06-22,,
1304,BTSE Token,BTSE,btse,0.9499330930016747,0.5952074,-3.34518395,-16.0686431,4136684.089358416,7292340.30224043,4354711.0,165904711.0,,2026-06-22,,
1305,Australian Digital Dollar,AUDD,novatti-australian-digital-dollar,0.7017550804882414,-0.09192246,0.02769618,-1.0035496,4118825.129011245,24654.86642647,5869320.0,5670229.704638,,2026-06-22,,
1306,Portal To Bitcoin,PTB,portaltobitcoin,0.0005314033877047916,0.29211675,2.07089299,-9.4357546,4089470.9449084797,1161481.10764075,7695605710.327702,8065769507.025996,8400000000.0,2026-06-22,,
1307,SyncGPT,SYNC,sync-gpt,0.0204130650294856,0.0,0.0,-0.04828869,4082613.00589712,0.0,200000000.0,1000000000.0,1000000000.0,2026-06-22,,
1308,Altura,ALU,altura,0.004105861994306604,-0.14461064,1.94951126,-2.04031251,4064803.374363538,1998718.02162588,990000000.0,990000000.0,990000000.0,2026-06-22,,
1309,NVIDIA Tokenized bStocks,NVDAB,nvidia-tokenized-bstocks,208.49504470509467,0.01020336,-0.56026571,-1.01732189,4044157.4719786174,1073891.47160012,19396.89970905,19396.89970905,,2026-06-22,,
1310,The Arena,ARENA,the-arena,0.0006748671652980182,-0.13936662,0.25366772,17.48435798,4038860.4692935967,14823.81722941,5984674728.559442,10000000000.0,10000000000.0,2026-06-22,,
1311,Solana Name Service,SNS,sns,0.000897373966754796,0.13166208,-1.73557861,1.33810998,4038182.850396582,66147.22017875,4500000000.0,10000000000.0,10000000000.0,2026-06-22,,
1312,Yee Token,YEE,yee-token,0.004021490500206147,-0.25409468,-1.48130608,-4.47853468,4021490.500206147,432863.17570933,1000000000.0,1000000000.0,1000000000.0,2026-06-22,,
1313,Lockheed Tokenized Stock (Ondo),LMTon,lockheed-tokenized-stock-ondo,519.9540727500967,-0.08940918,-0.12645375,-5.44827799,3983337.53256383,1973990.44948216,7660.94111254,7660.94111254,,2026-06-22,,
1314,Swell Network,SWELL,swell-network,0.000798108133284256,-0.3583002,1.13665482,-7.2449812,3973956.697362369,1428964.83207802,4979220899.565743,10000000000.0,10000000000.0,2026-06-22,,
1315,错版马,哭哭马,crying-horse,0.003964955578650027,-0.21204125,-1.69564273,-17.3004119,3964955.578650027,1211609.49820901,1000000000.0,1000000000.0,1000000000.0,2026-06-22,,
1316,Quq,QUQ,quq,0.003935029189496622,0.0003593,-0.00256392,15.80281716,3935029.189496622,477849378.75239104,1000000000.0,1000000000.0,1000000000.0,2026-06-22,,
1317,Coca-Cola Tokenized Stock (Ondo),KOon,coca-cola-tokenized-stock-ondo,80.86487065844553,-0.01562396,-0.0163389,-3.2018198,3915800.9035981568,1689413.22464919,48424.00503103,48424.00503103,,2026-06-22,,
1318,DaGama World,DGMA,dagama-world,0.0300079662616103,-0.15547171,0.36748888,0.02951363,3908237.035866181,126403.8806767,130239983.66947162,700000000.0,700000000.0,2026-06-22,,
1319,Sταking,SN88,staking,0.8650921462932799,0.09461254,0.10618724,-12.94072551,3899296.9871439664,109198.30382378,4507377.62890526,4507377.62890526,21000000.0,2026-06-22,,
1320,OneFootball Credits,OFC,onefootball-credits,0.02410325931646434,2.02534827,-2.71793942,-25.16076263,3887245.192187212,68901562.00962874,161274670.0,1000000000.0,1000000000.0,2026-06-22,,
1321,VestChain,VEST,vestchain,0.0009827243706142237,0.0,0.0,0.0,3877782.587367552,0.0,3945951381.0,3945951381.0,,2026-06-22,,
1322,PussFi,PUSS,pussfi,0.004405592670396884,-0.07999532,0.64554146,-0.29831796,3871743.3088419195,969609.26635544,878824621.0,1000000000.0,1000000000.0,2026-06-22,,
1323,Inflation Hedging Coin,IHC,inflation-hedging-coin,3.234542225072532e-05,-0.00057653,0.29855794,-4.53384258,3869902.957253983,0.0,119642987723.47,621439126933.0,1000000000000.0,2026-06-22,,
1324,Torch of Liberty,LIBERTY,torch-of-liberty,0.003860465283289732,0.07537157,-6.26552278,2.20619906,3860465.283289732,371568.31929458,1000000000.0,1000000000.0,1000000000.0,2026-06-22,,
1325,Oraichain,ORAI,oraichain-token,0.2789417577381519,-0.6462624,-3.22085051,-13.95114915,3856007.1764448904,150272.90628596,13823700.0,18014986.26,19779272.0,2026-06-22,,
1326,SpaceN,SN,spacen,0.09598982314204998,-0.33141661,-0.9754986,-3.49164128,3840552.8239134196,0.0,40010000.0,1000000000.0,1000000000.0,2026-06-22,,
1327,BNBTiger,BNBTIGER,bnbtiger,9.00928e-19,0.10312793,0.10312793,2.37819902,3825111.709665742,5614.03444505,4.2457462856807e+24,4.2457462856807e+24,1e+25,2026-06-22,,
1328,Highstreet,HIGH,highstreet,0.038899661355779054,0.03851112,2.33212425,-18.30809357,3796090.8837616397,38466967.8261937,97586733.4433152,100000000.0,100000000.0,2026-06-22,,
1329,Tokemak,TOKE,tokemak,0.04220101346208502,0.58367209,1.89902374,4.70574937,3793159.2293642373,2060.83910014,89883131.19001643,100000000.0,100000000.0,2026-06-22,,
1330,ASML Holding NV Tokenized Stock (Ondo),ASMLon,asml-holding-nv-tokenized-stock-ondo,1912.9882868304053,-0.01075138,-1.51625059,-0.68656566,3792592.621030006,2142918.03525714,1982.54879402,1982.54879402,,2026-06-22,,
1331,Venus LTC,vLTC,venus-ltc,0.9130827019105676,0.08087803,0.94210956,-0.74225649,3782333.6965748933,0.0,4142378.0,4142378.0,,2026-06-22,,
1332,DACXI,DXI,dacxi,0.00044746369032676086,0.65527968,0.45093053,2.69196613,3758153.8961178446,229918.00463976,8398790734.0,10000000000.0,,2026-06-22,,
1333,Quantoz EURQ,EURQ,quantoz-eurq,1.123419709817789,0.04991819,-0.86167912,-0.56950173,3763753.734112695,8086728.80733992,3350265.0,5000000.0,,2026-06-22,,
1334,DIMO,DIMO,dimo,0.007509085963194702,-0.25137649,0.10345439,-5.64456089,3758917.040492574,5046.90283939,500582502.1735884,1000000000.0,1000000000.0,2026-06-22,,
1335,GameStop (gamestop-coin.vip),GME,gamestop,9.140530887413089e-06,0.15308225,1.19345693,-8.65570839,3759477.3566549444,37667.18443984,411297484026.0,411297484026.0,420690000000.0,2026-06-22,,
1336,Bluzelle,BLZ,bluzelle,0.007959035439365584,-0.80531519,0.31949786,-2.34276661,3752053.4594512163,255823.59345314,471420624.77740306,500000000.0,,2026-06-22,,
1337,客服小何,客服小何,kefuxiaohe,0.0037279476084512474,0.25420822,-4.14919532,-23.50984045,3727947.608451247,577442.05592579,1000000000.0,1000000000.0,1000000000.0,2026-06-22,,
1338,Minutes Network Token,MNTX,minutes-network-token,0.04793895007075912,-0.13896946,0.56072792,-4.31611344,3723476.689575997,66440.02011238,77671219.0,93328736.60546489,500000000.0,2026-06-22,,
1339,Jager Hunter,JAGER,jager-hunter,2.81849326249826e-10,-0.07871333,1.38535151,-5.89997336,3721103.950654965,167637.88464184,1.3202458207605038e+16,1.3202458207605038e+16,1.46e+16,2026-06-22,,
1340,Harvest Finance,FARM,harvest-finance,5.533421376657514,0.59769527,-5.93337122,-0.18259593,3719474.2752107265,134945.73364048,672183.450713,690420.0,,2026-06-22,,
1341,PepeFork,PORK,pepefork,9.09577253187761e-09,0.27055405,0.63383339,-16.13446368,3707670.932964278,1437.01134549,407625731620941.9,420690000000000.0,420690000000000.0,2026-06-22,,
1342,LOFI,LOFI,lofitheyeti,0.0036886707988503754,-0.51704194,3.13459515,-11.91954712,3688670.798850375,16019.79117504,1000000000.0,1000000000.0,1000000000.0,2026-06-22,,
1343,SpaceChain,SPC,spacechain,0.011932627675932958,0.0,-15.56525795,-20.6978928,3665497.1455666414,0.0,307182730.0,391259213.0,,2026-06-22,,
1344,Arsenal Fan Token,AFC,arsenal-fan-token,0.1620394992603608,0.33001681,-1.28090473,-2.69053332,3637612.084061953,1204753.82795809,22448922.02621,39266147.13,40000000.0,2026-06-22,,
1345,Coreum,COREUM,coreum,0.009393331510925421,-0.21567853,-12.75125418,-11.98835548,3614479.269631927,127.36308417,384792048.0,897767382.677904,,2026-06-22,,
1346,Dent,DENT,dent,3.612122842572295e-05,0.42111922,-1.71450608,2.60685222,3612122.842572293,741291.68752058,99999999999.99994,99999999999.99994,100000000000.0,2026-06-22,,
1347,BeatSwap,BTX,beatswap,0.016044370450346,-0.04260276,-0.19017673,-1.2230597,3606056.379349535,447618.29925123,224755243.0,1500000000.0,1500000000.0,2026-06-22,,
1348,NATIX Network,NATIX,natix-network,8.851248438136878e-05,-0.7012766,-3.102186,-3.1421786,3593887.852394253,52337.94610704,40603174541.0,99991483316.62,100000000000.0,2026-06-22,,
1349,Wen,WEN,wen,4.94273948783587e-06,-0.52789711,-4.51792562,-7.5669192,3596915.3113013823,165090.24729881,727716951329.0,727716951329.0,727716951329.0,2026-06-22,,
1350,Blockchain Foundation for Innovation & Collaboration,BFIC,best-fintech-investment-coin,0.3388255890891241,-0.00463436,9.43025165,-3.14020308,3584240.7434345284,247.14132962,10578424.0,21000000.0,21000000.0,2026-06-22,,
1351,Shadow Token,SHDW,genesysgo-shadow,0.021088381294206583,-0.7232383,0.53875275,-1.15961974,3565110.2670223964,11250.66867252,169055662.32349026,169055662.32349026,,2026-06-22,,
1352,SPECTRE AI,SPECTRE,spectre-ai,0.3560981160683507,-0.54667462,-6.3292002,-2.45516336,3558549.366648876,216311.4477859,9993171.0,10000000.0,10000000.0,2026-06-22,,
1353,Fei USD,FEI,fei-usd,0.9995275771824188,0.0,-0.01601201,-0.02266163,3556799.968988752,0.0,3558481.07664529,3813463.05256375,,2026-06-22,,
1354,Suilend,SEND,suilend,0.05011813424367173,-0.15811873,1.60685747,-3.43432597,3556025.707779227,63367.43977156,70952874.87139918,100000000.0,100000000.0,2026-06-22,,
1355,Sui Name Service,NS,sui-name-service,0.011829994455232891,-0.25358161,-0.24002398,-4.03342882,3541700.30430236,144882.6495966,299383090.8125,500000000.0,500000000.0,2026-06-22,,
1356,Ancient8,A8,ancient8,0.006234740980275195,-0.91945289,-5.42939353,-9.44988311,3532414.217175371,4754752.05996531,566569522.03,1000000000.0,1000000000.0,2026-06-22,,
1357,MECCA,MEA,mecca,0.0021494942171073374,7.14392011,-2.20564368,-15.11559982,3485043.9354108563,80074.81390769,1621332082.530942,3999998752.530942,100000000000.0,2026-06-22,,
1358,Suku,SUKU,suku,0.00542740532704069,-0.27568571,-0.68648208,-17.80759877,3511777.072133786,99330.19047206,647045293.3812101,1500000000.0,,2026-06-22,,
1359,Impossible Finance Launchpad,IDIA,impossible-decentralized-incubator-access,0.005145532819099177,0.0,-1.94832413,-2.62686939,3498962.3169874405,0.0,680000000.0,1000000000.0,1000000000.0,2026-06-22,,
1360,ShareX,SHARE,sharex-network,0.1940644646927105,-0.13571255,-3.19707047,3.86229939,3493160.364468789,1681814.98364078,18000000.0,100000000.0,100000000.0,2026-06-22,,
1361,Humans.ai,HEART,humans-ai,0.0004463561871472054,0.05874345,-3.01438626,-16.75850361,3481578.2597482023,85365.92897941,7800000000.0,7800000000.0,7800000000.0,2026-06-22,,
1362,Tectonic,TONIC,tectonic,1.4048720467488195e-08,0.10500555,0.67115744,-3.97612806,3480344.029169222,4594.91820065,247733879909099.0,500000000000000.0,,2026-06-22,,
1363,Central African Republic Meme,CAR,central-african-republic-meme,0.0035016180265184426,-0.61886553,6.591268,114.95556357,3476960.6932345494,22451.92866522,992958302.962471,992958302.962471,1000000000.0,2026-06-22,,
1364,iShares Russell 2000 Tokenized ETF (Ondo),IWMon,ishares-russell-2000-tokenized-etf-ondo,298.3802464007259,-0.02569935,-0.07063473,0.58283757,3470034.9298950136,782352.21364609,11629.57324338,11629.57324338,,2026-06-22,,
1365,Nine Chronicles,WNCG,wrapped-ncg,0.005617504751374192,4.11044897,10.2650993,6.77776008,3542830.928080948,3635299.21692257,630676979.35,723789440.0,1000000000.0,2026-06-22,,
1366,OctaSpace,OCTA,octaspace,0.085807522501688,-0.02034271,-1.52511161,-6.26179413,3430958.1839554138,142544.01563746,39984352.0,44681783.11705668,48000000.0,2026-06-22,,
1367,CESS Network,CESS,cess-network,0.0012845813718197314,0.09998493,1.37032051,-3.63016981,3404140.635322288,223085.99095094,2650000000.0,10000000000.0,10000000000.0,2026-06-22,,
1368,BigONE Token,ONE,bigone-token,0.0003920112127357333,0.12488024,-0.90384889,-3.07073557,3365091.5690899407,0.0,8584171727.145089,8584171727.145089,13508522147.21,2026-06-22,,
1369,Observer,OBSR,observer,0.0005141270217303885,0.57426086,-0.4320367,-0.02896491,3345466.108366012,2138.27210752,6507080871.0,14000000000.0,14000000000.0,2026-06-22,,
1370,MEVerse,MEV,meverse,0.0019369621350818816,-0.25104356,-0.07773423,-3.55533873,3344446.05508537,505820.55515742,1726645035.8070574,1999999999.99999,,2026-06-22,,
1371,Shapeshift FOX Token,FOX,fox-token,0.004329247428269489,0.04738051,-1.76635691,-7.83130829,3343419.4132802035,4983.90356968,772286516.0,999089275.0,,2026-06-22,,
1372,Nodle,NODL,nodleiot,0.0005486599032838329,-0.24480397,-1.14311093,-3.13931883,3338545.9808995225,89510.29470483,6084909724.435294,7084338677.48175,,2026-06-22,,
1373,iShares 0-3 Month Treasury Bond Tokenized ETF (Ondo),SGOVon,ishares-0-3-month-treasury-bond-tokenized-etf-ondo,100.95770059712677,-0.29385066,-0.3132066,0.03610743,3331689.2714742324,851216.15222503,33000.84344006,33000.84344006,,2026-06-22,,
1374,Hyperion,RION,hyperion-xyz,0.17430138639223242,-0.14632983,-0.00091786,-3.13152647,3311726.341452416,272108.60919591,19000000.0,100000000.0,100000000.0,2026-06-22,,
1375,Star Atlas DAO,POLIS,star-atlas-polis,0.011311959013399318,-0.14407816,4.42323626,2.01938105,3291488.221262835,32987.43758765,290974199.7265,360000000.0,,2026-06-22,,
1376,DAR Open Network,D,mines-of-dalarnia,0.0044264803112967375,-0.56823114,-1.4754542,-15.6814436,3291174.2419030215,824316.88546415,743519458.0,800000000.0,800000000.0,2026-06-22,,
1377,Nakamoto Games,NAKA,nakamoto-games,0.0336884085384041,0.05206221,0.28612868,-11.7061685,3281250.9916405594,878936.63848389,97400000.0,180000000.0,180000000.0,2026-06-22,,
1378,Oasys,OAS,oasys,0.00048692990609730107,-0.18783857,-0.09555275,-7.45568161,3278649.648063065,71189.19335463,6733309264.861433,10000000000.0,10000000000.0,2026-06-22,,
1379,DeLorean,DMC,delorean,0.00047488151316224503,-0.0191929,-2.20955115,-3.42513351,3275923.165115015,2892393.80421913,6898401126.0,12800000000.0,12800000000.0,2026-06-22,,
1380,GmeStop,GME,gme,0.0004746827624336716,-0.42040887,0.79843454,8.92201526,3268292.504947832,716490.87405799,6885214218.0,6885214218.0,,2026-06-22,,
1381,Depinsim,ESIM,depinsim,0.024252011168678596,1.44412322,10.96965859,-11.23732461,3261895.502187271,281231.29015285,134500000.0,1000000000.0,1000000000.0,2026-06-22,,
1382,Ycash (y.cash),YEC,ycash,0.19436109723683156,-0.02180838,-3.71056137,-10.41925358,3259972.8268819964,3917.07125487,16772764.0625,16772764.0625,21000000.0,2026-06-22,,
1383,SanDisk Tokenized bStocks,SNDKB,sandisk-tokenized-bstocks,2247.9140363828146,0.5794657,0.23763769,8.57119779,3254666.930992769,1242517.49394284,1447.86094055,1447.86094055,,2026-06-22,,
1384,Minima,MINIMA,minima-global,0.005874944623744703,0.09267497,-8.64175008,-21.30819168,3251000.0116121653,36977.43310636,553366920.0,999978200.0,1000000000.0,2026-06-22,,
1385,MileVerse,MVC,mileverse,0.0011744031394341245,0.05806827,-1.82546531,-3.75772923,3242562.2992896484,27424.98460829,2761029999.334,3000000000.0,3000000000.0,2026-06-22,,
1386,The White Whale,WHITEWHALE,the-white-whale,0.0032252785419509553,-0.80465229,-9.63681753,-8.25447026,3224706.306581485,890755.95167088,999822578.0,999822578.0,999822578.0,2026-06-22,,
1387,ASD,ASD,bitmax-token,0.004874009016010987,-0.00761509,1.03683065,-1.67367446,3219844.8015905684,1269200.9403159,660615274.0,780615274.0,,2026-06-22,,
1388,Djed,DJED,djed,0.9763718121072111,0.48284354,-1.59360552,-0.92214323,3215586.899827164,351949.55262869,3293404.07,1000000000000.0,1000000000000.0,2026-06-22,,
1389,0x0.ai,0x0,0x0-ai-ai-smart-contract,0.0037018235213186535,0.0,-0.22905771,-8.09587263,3215268.627476796,0.0,868563455.0,1000000000.0,1000000000.0,2026-06-22,,
1390,Not Pixel,PX,not-pixel,0.016452112059027173,-0.01055416,0.40950252,-5.90338225,3215224.5622440064,1329.40622367,195429289.0,225000000.0,225000000.0,2026-06-22,,
1391,Tectum,TET,tectum,0.32216256195853654,0.20978973,-10.84092984,-12.17271666,3200526.814790354,84693.69898971,9934508.82477857,10000000.0,10000000.0,2026-06-22,,
1392,Gems,GEMS,gems-vip,0.005332551867604144,0.08795509,-0.19962328,1.33306835,3193479.7993611996,253027.74621074,598865211.0,838059738.7,843303980.0,2026-06-22,,
1393,Ren,REN,ren,0.00321434830579436,-0.04944458,5.89418204,3.0859054,3191455.753553942,11336.50584174,992878011.322186,999999632.80375,,2026-06-22,,
1394,Freya Protocol,FREYA,freya-by-virtuals,0.005787948859766111,0.0,1.18102898,8.46001814,3175268.3701115237,0.0,548599935.3214457,548599935.3214457,1000000000.0,2026-06-22,,
1395,IBM Tokenized Stock (Ondo),IBMon,ibm-tokenized-stock-ondo,251.3138215256211,0.08435538,-0.29792656,-11.23883071,3174031.182638266,1961266.27690634,12629.75177159,12629.75177159,,2026-06-22,,
1396,Asteroid (Asteroid OG),ASTEROID,asteroideth-site,0.0031405128736322514,0.26221721,-14.30655815,-31.65820964,3140512.8736322513,477007.33555624,1000000000.0,1000000000.0,1000000000.0,2026-06-22,,
1397,Epic Private Internet Cash,EPIC,epic-cash,0.1811789286386213,-0.0074712,-0.02803492,0.88759148,3130704.4883139227,3351.53773727,17279628.0,19287548.0,21000000.0,2026-06-22,,
1398,Pfizer Tokenized Stock (Ondo),PFEon,pfizer-tokenized-stock-ondo,26.324322653626034,-0.17361765,-0.14845427,-4.80589836,3129773.1723760376,1394988.13008806,118892.82826219,118892.82826219,,2026-06-22,,
1399,ABBC Coin,ABBC,abbc-coin,0.003453788454575528,-0.0208327,0.02797164,-14.00837077,3126728.8335607583,13.48777103,905304095.6861483,907217636.86,1225109279.0,2026-06-22,,
1400,Aavegotchi,GHST,aavegotchi,0.05924914935025027,-0.31094634,-1.31171675,-1.92993661,3125262.3520296565,171660.15275653,52747801.21406849,52747802.71425598,,2026-06-22,,
1401,Vertcoin,VTC,vertcoin,0.042008821926216855,-0.05547263,1.13487997,-3.0813072,3117072.3146481435,7943.29475576,74200422.0,74200422.0,84000000.0,2026-06-22,,
1402,MarsDAO,MDAO,marsdao,0.04412592085821827,0.51705213,-4.19395405,27.1717662,3115246.761245103,40983.09728421,70599019.82,95968858.05331515,100000000.0,2026-06-22,,
1403,Liqwid Finance,LQ,liqwid-finance,0.15421485794387643,-0.13399807,-0.51275457,-2.48135399,3106256.429359589,309945.38452749,20142394.0,21000000.0,21000000.0,2026-06-22,,
1404,Vara Network,VARA,vara-network,0.0005193189110068403,0.25458616,0.21200937,-1.95022798,3097533.91134635,12046.76173437,5964608347.0,10032406684.0,,2026-06-22,,
1405,GAMEE,GMEE,gamee,0.0017529667112905977,-0.13861937,1.62070345,0.95527923,3092768.1985918954,300438.6950321,1764305151.18846,3180000000.0,,2026-06-22,,
1406,Parcl,PRCL,parcl,0.00749310915907077,0.12724162,-2.42657098,-6.23799801,3089292.440889219,355678.60040721,412284457.0,1000000000.0,1000000000.0,2026-06-22,,
1407,Cryptex Finance,CTX,cryptex-finance,0.330481397624521,0.17555786,7.54192847,-4.81803299,3086235.1035265853,1733146.8875501,9338604.61045688,10000000.0,,2026-06-22,,
1408,iShares Core S&P MidCap Tokenized ETF (Ondo),IJHon,ishares-core-sp-midcap-tokenized-etf-ondo,76.07274350459234,-0.00115654,-0.10292249,-0.87239278,3082681.156274645,813665.63001677,40522.80770035,40522.80770035,,2026-06-22,,
1409,Vameon,VON,vameon,6.131681113972772e-06,0.11694661,1.38084683,-12.18140977,3065840.556986386,89301.31081127,500000000000.0,1000000000000.0,1000000000000.0,2026-06-22,,
1410,Pundi AI,PUNDIAI,pundi-ai,0.433964963389727,-0.03160549,1.91925485,-2.38320911,3062756.333198898,33874.07610453,7057612.0,8312980.0,18930226.0,2026-06-22,,
1411,KARRAT,KARRAT,karrat,0.0036893309315851105,2.24485117,0.9155863,-2.76890554,3051591.406466017,83708.33471967,827139517.4503659,1000000000.0,1000000000.0,2026-06-22,,
1412,Counterparty,XCP,counterparty,1.1774222745734833,0.0,0.0,-3.74878179,3048556.008847787,0.0,2589178.13488123,2589178.13488123,,2026-06-22,,
1413,Cisco Systems Tokenized Stock (Ondo),CSCOon,cisco-systems-tokenized-stock-ondo,120.06380102583638,-0.10970949,-0.48451349,-2.44592374,3045981.5340806926,1536259.94089118,25369.69101474,25369.69101474,,2026-06-22,,
1414,Electra Protocol,XEP,electra-protocol,0.0001648077267871958,-2.01432816,-0.91084986,-5.05298349,3037498.543414218,119762.57175003,18430559068.0,18430559068.0,30000000560.0,2026-06-22,,
1415,Bellscoin,BELLS,bellscoin,0.04935572596559829,-0.05574652,-3.99103282,-3.04896866,3034517.91305096,5424.08462148,61482591.0,61482591.0,,2026-06-22,,
1416,Aleph Cloud,ALEPH,aleph-im,0.01224794135978193,-0.01822281,-0.27442688,-5.25121238,3027941.9682466914,87016.77130109,247220482.1448135,500000000.0,500000000.0,2026-06-22,,
1417,MATH,MATH,math,0.026419129549928984,-0.18445772,0.81959109,0.34953165,3021190.31260569,307259.97409386,114356164.04,200000000.0,,2026-06-22,,
1418,Infrared,IR,infrared,0.014735370004832833,0.09880073,-2.19565009,-15.04119759,3020750.850990731,621447.91002264,205000000.0,1000000000.0,1000000000.0,2026-06-22,,
1419,ZenChain,ZTC,zenchain,0.000541482840269175,0.14666842,-0.19836574,-0.0216933,3018757.8854137496,424592.17231361,5574983473.0,21000000000.0,21000000000.0,2026-06-22,,
1420,Star Atlas,ATLAS,star-atlas,0.00012266820371299242,-0.13222974,-0.12268861,-5.56308676,3018726.2153677735,147072.25213326,24608872747.7473,36000000000.0,,2026-06-22,,
1421,Forest Protocol,FOREST,forest-protocol,0.02698396496944798,-0.98984788,1.08751975,-13.84974534,3018160.5646922593,317937.37168338,111850151.30687825,1000000000.0,1000000000.0,2026-06-22,,
1422,Marina Protocol,BAY,marina-protocol,0.015101418876552352,0.4390755,-7.37455082,49.87533304,3020283.7753104703,632532.11650584,200000000.0,1000000000.0,1000000000.0,2026-06-22,,
1423,PaLM AI,PALM,palm-ai,0.03911245556273252,1.40039019,-2.69425456,-8.00532857,3016585.9421150195,1109.33532902,77125966.61891283,77125966.61891283,,2026-06-22,,
1424,Cointel,COLS,cointel,0.003928701616168938,-0.12150428,-0.59856936,0.01712105,3010748.053139152,935026.69453297,766346836.0,10000000000.0,10000000000.0,2026-06-22,,
1425,Dingocoin,DINGO,dingocoin,2.5884571157414477e-05,-1.78505996,-1.95787467,-4.84716221,2979908.1588225244,175887.09994888,115122948752.0,115122948752.0,,2026-06-22,,
1426,STAT,STAT,stat,0.03343790520782586,-0.09355624,-0.40667959,-1.70276726,2973242.61503361,608598.24749778,88918327.7646755,96918327.764706,,2026-06-22,,
1427,American Coin,USA,american-coin,2.5670223114619895e-07,-0.75885842,-3.18405748,12.04451152,2968140.0468995674,143691.41991875,11562579856227.0,11627052161940.7,11627052161940.7,2026-06-22,,
1428,BIDZ Coin,BIDZ,bidz-coin,0.003480674801857602,2.0382542,10.04511821,54.82599331,2958573.5815789616,920.31799547,850000000.0,13850000000.0,,2026-06-22,,
1429,Major,MAJOR,major,0.03540879266324677,0.15488595,-0.25823479,1.32931573,2951318.1945209866,901797.92261618,83349868.0,99999999.0,99999999.0,2026-06-22,,
1430,Syscoin,SYS,syscoin,0.003273540101452813,-2.0956144,-0.93151647,29.68766555,2936118.6054051206,127109.58388658,896924587.5747962,896924587.5747962,,2026-06-22,,
1431,Alibaba Tokenized Stock (Ondo),BABAon,alibaba-tokenized-stock-ondo,104.32589676644453,-0.18237647,-2.38481899,-6.71186759,2935655.381704069,2276527.70205001,28139.27771238,28139.27771238,,2026-06-22,,
1432,Numbers Protocol,NUM,numbers-protocol,0.0032564880552940845,0.64816034,4.80550961,2.1927709,2934982.5869815326,115602.01569461,901272333.0,911335317.0,1000000000.0,2026-06-22,,
1433,BitShares,BTS,bitshares,0.0009789995135816335,-0.01062247,-0.62897903,-1.02908444,2932162.2831478072,58735.53054877,2995060000.0,2995060000.0,3600570502.0,2026-06-22,,
1434,BitForex Token,BF,bitforex-token,0.0006802506394761733,0.0,0.0,0.0,2917645.130705033,0.0,4289073705.17397,10000000000.0,,2026-06-22,,
1435,DAOBase,BEE,daobase,0.016741063365191707,0.14467799,-1.06536538,5.03757772,2914451.4086477295,117664.81753782,174089981.32744092,1000000000.0,1000000000.0,2026-06-22,,
1436,B-Lucky,LUCKY,b-lucky,0.0029133319625585866,-1.6977576,-6.69985442,-6.19893397,2913331.9625585866,129428.02914776,1000000000.0,1000000000.0,1000000000.0,2026-06-22,,
1437,CLV,CLV,clover,0.0023655455815377578,-0.00119922,-40.12236302,-4.79672363,2895761.165775476,109147.11139088,1224140929.0,2000000000.0,,2026-06-22,,
1438,Footballcoin (XFC),XFC,footballcoin,0.007286323017540604,0.02806099,0.01609273,-1.23714713,2880050.0997500173,33424.54957836,395267968.8804323,1000000000.0,,2026-06-22,,
1439,Shido Network,SHIDO,shido-network,0.00012255056199433697,-0.10224896,0.14300602,-9.38372122,2877666.4171575108,96498.99918172,23481462429.282757,24503559467.539005,,2026-06-22,,
1440,Verified USD,USDV,verified-usd,0.16781100191843665,0.41409046,-0.39450095,-0.01135999,2876585.1498504863,0.13329573,17141815.0,17141815.0,,2026-06-22,,
1441,Buying.com,BUY,buying-com,0.008619625209630269,-0.12320329,5.12331968,0.52535812,2859901.293643876,11091.74921111,331789518.0,986800000.0,1000000000.0,2026-06-22,,
1442,PinLink,PIN,pinlink,0.03233118186338159,-0.47444223,-11.40952625,-16.37991185,2851824.641349665,199750.4487895,88206631.4,100000000.0,100000000.0,2026-06-22,,
1443,Odos,ODOS,odos,0.0007633189023489672,-0.82637286,0.1776131,0.9179365,2844390.7528231707,195442.6291589,3726346542.80158,10000000000.0,10000000000.0,2026-06-22,,
1444,IBStoken,IBS,ibstoken,0.0006975328420177335,-0.0168472,0.34391627,-0.09936561,2807580.291620576,158220.44934529,4025015200.0,20000000000.0,20000000000.0,2026-06-22,,
1445,PIBBLE,PIB,pibble,9.453601691796581e-05,-1.00408993,-4.2605827,-0.75513234,2802851.181981776,38082.61720478,29648500892.670006,29648500892.670006,30000000000.0,2026-06-22,,
1446,Palantir Technologies Tokenized Stock (Ondo),PLTRon,palantir-technologies-tokenized-stock-ondo,126.73366801379957,-0.0941498,-1.47713552,-3.40434943,2779584.7440770417,2069416.93263189,21932.48871937,21932.48871937,,2026-06-22,,
1447,PublicAI,PUBLIC,publicai,0.011562048678379898,-0.03894069,-1.01750067,-4.23099684,2773239.9516610797,821176.73692673,239857142.0,1000000000.0,1000000000.0,2026-06-22,,
1448,Procter & Gamble Tokenized Stock (Ondo),PGon,procter-gamble-tokenized-stock-ondo,153.42887845969813,-0.30867061,0.02058176,0.84803671,2772811.2900014464,1290391.49374318,18072.29067851,18072.29067851,,2026-06-22,,
1449,Fautor,FTR,fautor,0.0016976600401927325,0.04698564,-5.3269519,-10.82531294,2761644.8917718586,850.30582999,1626736111.1111112,2500000000.0,2500000000.0,2026-06-22,,
1450,tao.bot,TAOBOT,tao-bot,0.03603556582912014,0.0,-1.90211297,-7.52551701,2762726.7255777325,0.0,76666667.0,100000000.0,100000000.0,2026-06-22,,
1451,PeiPei (ETH),PEIPEI,peipei-coin,6.532749153995736e-09,-1.90235147,-1.38721825,-3.83122922,2748225.3592904964,196521.60378516,420684354244576.0,420690000000000.0,420690000000000.0,2026-06-22,,
1452,Cult DAO,CULT,cult-dao,6.346724885828227e-07,-0.3146617,0.01006297,-7.05506898,2740954.1936125658,54034.38816532,4318690730920.0,4957113505372.0,6666666666666.0,2026-06-22,,
1453,Beefy,BIFI,beefy-finance,34.22034988083347,-0.00510578,0.31810604,0.91634955,2737627.9904666776,18945.71127484,80000.0,80000.0,80000.0,2026-06-22,,
1454,QuStream,QST,qustream,0.003636964247326153,0.0,0.72222129,-27.39579864,2733216.1565596233,0.0,751510317.58672,999983708.345397,999985719.0,2026-06-22,,
1455,Nexa,NEXA,nexa,4.657682143820678e-07,-0.03588701,-0.18267146,5.3258998,2729224.7443574523,32734.8713597,5859620000000.0,10678710000000.0,21000000000000.0,2026-06-22,,
1456,The Official 67 Coin,67,the-official-67-coin-onchain,0.002725594762052424,0.1399374,2.89087092,-4.82296078,2724722.571728567,1147359.86217765,999680000.0,999680000.0,999680000.0,2026-06-22,,
1457,Cross The Ages,CTA,cross-the-ages,0.005441040287507805,-0.0474098,-0.80806993,-11.03878747,2720520.1437539025,365217.60103845,500000000.0,500000000.0,500000000.0,2026-06-22,,
1458,USD Coin (Wormhole),USDC(WormHole),usd-coin-wormhole-from-ethereum,1.0004613701677711,-0.08741956,0.11545474,0.08183705,2716034.577725687,39708.71139792,2714782.058272,235535.142707,,2026-06-22,,
1459,Pain (paintoken.com),PAIN,pain,0.5383624592138336,-0.53728692,-0.12520766,6.07648997,2691741.5034354078,40158.21177304,4999868.50377,9999868.50377,10000000.0,2026-06-22,,
1460,375ai,EAT,375ai,0.012574178994169072,-0.08360644,0.76622854,-4.8606918,2680138.3675346593,73236.60324011,213146191.79331702,999998043.7933258,1000000000.0,2026-06-22,,
1461,JPMorgan Chase Tokenized Stock (Ondo),JPMon,jpmorgan-chase-tokenized-stock-ondo,327.4061161842144,-0.02602716,-0.4124005,-0.00546014,2675480.977500463,1722020.22078592,8171.7501453,8171.7501453,,2026-06-22,,
1462,FEED EVERY GORILLA,FEG,feed-every-gorilla,3.0685534189017526e-05,0.02207238,-0.46181208,-2.7710827,2649054.9717041394,331506.56065284,86329113757.19984,96277012046.22842,100000000000.0,2026-06-22,,
1463,McDonald's Tokenized Stock (Ondo),MCDon,mcdonalds-tokenized-stock-ondo,284.7183200625592,0.12744111,-0.09177424,-1.46889343,2642827.5912142727,1078110.68722963,9282.25338866,9282.25338866,,2026-06-22,,
1464,Kendu,KENDU,kendu,2.7829415427931813e-06,0.05779674,-2.53470918,-0.22651726,2639420.091358657,3697.03825463,948428147258.0,996747147258.0,1000000000000.0,2026-06-22,,
1465,Measurable Data Token,MDT,measurable-data-token,0.0039026286307170845,1.00840261,2.13402652,1.7639876,2638789.71584263,257055.28241535,676157012.5,1000000000.0,,2026-06-22,,
1466,ROA CORE,ROA,roa-core,0.00351480490034617,0.04875356,1.67019584,-2.64736183,2636103.6752596274,38803.53799755,750000000.0,949999869.89,1000000000.0,2026-06-22,,
1467,Dimitra,DMTR,dimitra,0.005414753125549784,0.05751148,0.3118834,-7.43670856,2634294.6226898315,126253.71936517,486503181.51344335,971071679.0,1000000000.0,2026-06-22,,
1468,Neutrino Index,XTN,neutrino-usd,0.05068069196228913,-0.87473758,-9.02376365,-0.61340895,2634419.5678276895,0.0,51980734.0,408891338.0,408891338.0,2026-06-22,,
1469,Roam,ROAM,roam,0.007451274212018404,-0.15971298,-3.1301173,-12.84881817,2631136.1284248973,1841384.99956768,353112240.075805,995634919.934432,1000000000.0,2026-06-22,,
1470,BlackFort Exchange Network,BXN,blackfort-exchange-network,0.0005828562811630514,-0.00276762,0.76239662,-5.24270281,2616785.544832814,347884.48410733,4489589680.0,49999999999.0,49999999999.0,2026-06-22,,
1471,League of Traders,LOT,league-of-traders,0.006585348909316228,-0.01732772,0.33804181,-5.49704548,2616761.5852699303,214981.08927648,397361115.0,1000000000.0,1000000000.0,2026-06-22,,
1472,Zypto,ZYPTO,zypto,0.002917019641313541,0.04466054,0.70833599,11.00996448,2614985.5761105367,100864.57677254,896457994.0,896457994.0,1000000000.0,2026-06-22,,
1473,Inter Milan Fan Token,INTER,inter-milan-fan-token,0.21097999068269646,0.06412221,-1.80637435,-3.07032093,2613651.1386358743,301847.16197975,12388147.0,19728000.0,19728000.0,2026-06-22,,
1474,Strategy Stretch Preferred Tokenized Stock (Ondo),STRCon,strategy-stretch-perferred-tokenized-stock-ondo,90.72176255558433,0.19377355,1.09377652,-6.13037811,2606901.8219580944,592355.49805285,28735.13199615,28735.13199615,,2026-06-22,,
1475,LeisureMeta,LM,leisuremeta,0.0007190430020564335,-0.70479015,-0.98755982,-2.10438932,2565599.2388567603,43026.95374193,3568074832.13,4668074832.13,5000000000.0,2026-06-22,,
1476,Dora Factory,DORA,dora-factory-new,0.004750621598288116,-0.8151827,-1.22341397,-8.84000784,2552400.2715355493,59327.83837127,537277116.0,1000000000.0,1000000000.0,2026-06-22,,
1477,Sharp,SHARP,sharp-token,0.0009476293406512638,0.36452163,1.17239706,-0.45939223,2546506.7084253416,80996.84249699,2687239197.0,68230000000.0,100000000000.0,2026-06-22,,
1478,REI Network,REI,rei-network,0.002678585115581594,-0.52855415,-75.30924566,-9.38887921,2544655.8598025143,1110840.05816735,950000000.0,1000000000.0,,2026-06-22,,
1479,trac (Ordinals),TRAC,trac,0.12114480133868935,-0.51237665,-5.7784767,-4.78911495,2544040.8281124765,62475.63590796,21000000.0,21000000.0,21000000.0,2026-06-22,,
1480,ChainSwap,CSWAP,chain-swap,0.002740025340309027,-0.00289637,1.46312531,-3.72790557,2532576.953184348,109.72706595,924289610.0,986613651.0,1000000000.0,2026-06-22,,
1481,Validity,VAL,validity,0.49415242929723435,8.25219395,11.2752405,4.79002172,2520678.8133150944,5802.84514469,5101014.71503421,5105175.61503421,9000000.0,2026-06-22,,
1482,TokenFi,TOKEN,tokenfi,0.002515177192220702,-0.53715087,-1.41481761,-4.34238194,2515226.9650621586,7150310.46274551,1000019789.0,10000000000.0,10000000000.0,2026-06-22,,
1483,Moonchain,MCH,moonchain,0.010050744134873783,-0.03076704,-27.52708558,-29.74093558,2507158.1244442654,2580.18022423,249450000.0,999999999.0,999999999.0,2026-06-22,,
1484,Xterio,XTER,xterio,0.012775798415401966,-1.36002452,-3.80703224,14.76921539,2504968.508990694,3736213.99711933,196071386.503,1000000000.0,1000000000.0,2026-06-22,,
1485,Ampleforth Governance Token,FORTH,ampleforth-governance-token,0.17556277906516604,-0.92570287,-2.64604507,-2.44887701,2518194.228913099,1290979.16348068,14343554.15380151,15297897.14455933,,2026-06-22,,
1486,Orbiter Finance,OBT,orbiter-finance,0.0004532639030861104,7.9745216,9.07478219,-3.40446184,2492951.4669736074,2416656.06209608,5500000000.0,9900000000.0,10000000000.0,2026-06-22,,
1487,Chevron Tokenized Stock (Ondo),CVXon,chevron-tokenized-stock-ondo,177.95847142557915,-0.2459121,0.17898592,-5.32544236,2478367.2129684025,1975795.03116179,13926.66049059,13926.66049059,,2026-06-22,,
1488,Book of Ethereum,BOOE,book-of-ethereum,0.025746173549256644,-0.16018849,-17.28528609,7.34161694,2476550.4115921077,24347.00939468,96191009.0,100000000.0,100000000.0,2026-06-22,,
1489,Novo Nordisk Tokenized Stock (Ondo),NVOon,novo-nordisk-tokenized-stock-ondo,44.88458864663167,0.01921805,2.22599529,-0.46384618,2446676.574237333,1302729.4631323,54510.39316634,54510.39316634,,2026-06-22,,
1490,Portugal National Team Fan Token,POR,portugal-national-team-fan-token,0.18833682645630825,-0.29223355,-1.72541607,-28.95118894,2441676.452817938,369928.91593789,12964413.2736004,19930000.0,20000000.0,2026-06-22,,
1491,Dragonchain,DRGN,dragonchain,0.006552237485103523,1.98364297,-8.13101113,-10.93976784,2429390.4647087157,2194.10631294,370772651.3625188,433494437.0,433494437.0,2026-06-22,,
1492,Coinweb,CWEB,coinweb,0.0009887269377148826,-0.03308509,-1.32112527,-10.32173667,2427609.6205114163,74198.41249778,2455288237.743414,7597398622.55741,,2026-06-22,,
1493,Rupiah Token,IDRT,rupiah-token,1.3893766190880458e-05,0.0,0.0,0.0,2415527.20000796,0.0,173856905811.0,173856905811.0,,2026-06-22,,
1494,Vai,VAI,vai,0.9992551267586663,0.00569574,-0.01937748,-0.07882827,2409830.348957242,6462.902973,2411626.705158,2411626.705158,8484461.449726,2026-06-22,,
1495,StablR USD,USDR,stablr-usd,0.3422493064350448,-0.01059246,42.24299406,-3.49601627,2402002.0168108228,329.13378337,7018281.62,21350569.926944,,2026-06-22,,
1496,GOLDAO,GOLDAO,gold-dao,0.003029080918175033,-0.11542995,-5.53734075,-17.5395586,2400724.3956987304,564.76339691,792558687.1231964,987794316.0971963,,2026-06-22,,
1497,Guild of Guardians,GOG,guild-of-guardians,0.002773910411727266,-0.01341381,-1.33253158,-10.35551787,2392869.446034979,1608.52706247,862634004.299,1000000000.0,1000000000.0,2026-06-22,,
1498,HODL (hodl2013),HODL,hodl-2013,0.0023723575089455383,-1.07861777,-8.95316168,5.12669507,2372256.973179024,39317.3338426,999957622.0,999949074.300132,1000000000.0,2026-06-22,,
1499,Kadena,KDA,kadena,0.007065062391670387,0.00499766,-1.01952589,6.66505817,2368876.0909476974,6742.86167561,335294433.31464,1000000000.0,1000000000.0,2026-06-22,,
1500,Walmart Tokenized Stock (Ondo),WMTon,walmart-tokenized-stock-ondo,117.45574923911467,0.01484034,0.05672619,-2.27132514,2363612.6194132394,1378743.78682807,20123.43060876,20123.43060876,,2026-06-22,,
