rank,name,symbol,slug,price_usd,change_1h_pct,change_24h_pct,change_7d_pct,market_cap_usd,volume_24h_usd,circulating_supply,total_supply,max_supply,date_snapshot,fdv_usd,liq_mkt_cap_pct
1,Bitcoin,BTC,bitcoin,60715.59790534193,-0.13313241,-3.11953344,-17.45156868,1216685148682.1648,70146599884.00906,20039087.0,20039087.0,21000000.0,2026-06-06,1275027556012.18,5.7654
2,Ethereum,ETH,ethereum,1564.1842180258866,-0.499677,-9.70440617,-22.40078016,188772875302.3578,38903385353.14331,120684554.36828457,120684554.36828457,,2026-06-06,188772875302.36,20.6086
3,Tether USDt,USDT,tether,0.999665269606119,0.00049214,0.05277107,0.10239111,187466928214.2253,135876543046.71306,187529700104.6057,193183082470.09906,,2026-06-06,193118418220.81,72.4803
4,BNB,BNB,bnb,572.6031604924608,-0.5699072,-3.62530212,-12.93445067,77177863777.30083,2646972573.507733,134784208.51,134784208.51,134784208.51,2026-06-06,77177863777.3,3.4297
5,USDC,USDC,usd-coin,0.9997432898028225,-0.00204651,-0.02098352,0.01273113,75544453909.8041,23303246856.359543,75563851921.13026,75563851921.13026,,2026-06-06,75544453909.8,30.8471
6,XRP,XRP,xrp,1.0893798382228892,-0.62940227,-4.53206334,-19.66592434,67600268616.13848,3977421396.6190853,62053900985.0,99985653167.0,100000000000.0,2026-06-06,108937983822.29,5.8837
7,Solana,SOL,solana,63.01067585434277,-0.87467311,-6.39731728,-23.85665785,36455412566.076294,6404081416.044067,578559300.8135263,627786068.858378,,2026-06-06,39557224490.71,17.5669
8,TRON,TRX,tron,0.31992864930560155,-0.04550165,-2.14675621,-6.96633366,30335518465.339645,958741031.5107045,94819637225.93227,94819636984.82126,,2026-06-06,30335518388.2,3.1605
9,Hyperliquid,HYPE,hyperliquid,58.98806441647129,-0.69983792,-6.8094586,-9.63405413,14943786194.069576,1523704071.9720595,253335761.08825177,954232928.8467299,961671487.86,2026-06-06,56727139673.37,10.1962
10,Dogecoin,DOGE,dogecoin,0.08089720042368696,-0.55624296,-6.22946816,-20.09900508,13773098909.942032,1930339879.426302,170254333126.57907,170254333126.57907,,2026-06-06,13773098909.94,14.0153
11,UNUS SED LEO,LEO,unus-sed-leo,9.627507076437631,0.02974736,-2.61630613,-4.3647802,8861802872.8723,3883914.31586627,920467032.9,985239504.0,,2026-06-06,9486239924.1,0.0438
12,Stellar,XLM,stellar,0.1937402649841382,-1.80876338,-1.47474103,-32.66418741,6534569740.582205,1004110055.6192006,33728506261.293694,50001786839.91258,50001806812.0,2026-06-06,9687363301.44,15.3661
13,Zcash,ZEC,zcash,368.3343152043983,-2.06753045,-11.58304108,-30.87382037,6154083849.705095,3506447631.3448124,16707875.4155448,16707875.4155448,21000000.0,2026-06-06,7715457873.74,57.0647
14,Canton,CC,canton-network,0.14918964226508058,-0.25413678,0.76173247,-5.55514682,5777382662.790507,28365849.41648322,38725092272.3257,38725092272.3257,,2026-06-06,5777382662.79,0.491
15,Monero,XMR,monero,305.3662732324391,-0.56120612,-8.19650605,-24.90839383,5633013491.061267,180998179.90704402,18446744.07370955,18446744.07370955,,2026-06-06,5627098823.94,3.2097
16,Cardano,ADA,cardano,0.1551184166641662,-0.91569246,-4.23958646,-34.6157453,5619522880.269516,1054083655.3262942,36227309439.57397,44993713275.06626,45000000000.0,2026-06-06,6979263820.15,18.75
17,Dai,DAI,multi-collateral-dai,0.9998240012907774,0.01550688,0.03279494,0.03811377,5364438402.234717,96910187.19140168,5365382702.664872,5365382702.664872,,2026-06-06,5364168940.96,1.8068
18,Chainlink,LINK,chainlink,7.293621357288179,-0.76067164,-6.77905087,-21.26817862,5303191873.1793785,637319135.1053087,727099970.4255477,1000000000.0,1000000000.0,2026-06-06,7290440523.54,12.0273
19,World Liberty Financial USD,USD1,usd1,0.9991701541392359,-0.00473853,0.05112441,0.0956585,4606697216.278111,2406291590.1547513,4610523239.904703,4610523239.904703,,2026-06-06,4606953004.72,52.2167
20,Ethena USDe,USDe,ethena-usde,0.9995986644148135,-0.00820964,0.0601764,0.07311499,4501089324.941433,107445995.34001449,4502896497.542308,4502896497.542308,,2026-06-06,4501089324.94,2.3871
21,Bitcoin Cash,BCH,bitcoin-cash,210.98461402091104,-1.08040607,-12.32794115,-30.65497466,4229011207.088757,297554624.91499865,20044168.75,20044168.75,21000000.0,2026-06-06,4430533738.84,7.0373
22,Toncoin,TON,toncoin,1.501046036862062,-1.15711842,-8.24844969,-14.84700252,4012676386.250328,299491612.5581708,2673253376.4512854,5192338675.733287,,2026-06-06,7793939391.26,7.4636
23,MemeCore,M,memecore,2.863523722603899,1.43170929,-13.17503644,-1.35309137,3750065176.879327,10615457.0945147,1309598082.6969597,5376914855.229478,10000000000.0,2026-06-06,28622674977.7,0.2832
24,Hedera,HBAR,hedera,0.07928047573109782,-0.90302475,-3.37636322,-22.26772922,3438673093.3109307,150646827.56826603,43373517396.315384,50000000000.0,50000000000.0,2026-06-06,3962015865.52,4.3832
25,Litecoin,LTC,litecoin,42.94878204302719,-0.86812957,-4.50085468,-18.07428358,3317768534.0319667,460876746.3549506,77249420.73347135,84000000.0,84000000.0,2026-06-06,3606722263.62,13.8907
26,PayPal USD,PYUSD,paypal-usd,0.9995894946208249,0.00434627,-0.02392137,-0.01197934,2861890543.9047847,283395215.26093507,2863065847.836254,2863065847.836254,,2026-06-06,2861835989.29,10.0074
27,Avalanche,AVAX,avalanche,6.590864675475809,-1.72032328,-11.08669918,-26.74251105,2845750566.783798,505299293.9033616,431771961.1772119,463441061.1772119,715748719.0,2026-06-06,4717964866.07,17.7517
28,Sui,SUI,sui,0.6951894917764604,-0.86710012,-5.16940598,-23.62652961,2801055312.1250877,1031308393.8172445,4029196852.454399,10000000000.0,10000000000.0,2026-06-06,6958024456.87,36.7825
29,Shiba Inu,SHIB,shiba-inu,4.511372411785104e-06,-0.83434347,-7.03906783,-18.12602015,2658295571.400228,133764609.55644238,589243212210975.0,589499863749284.2,589552695333683.0,2026-06-06,2659081390.97,5.0316
30,Tether Gold,XAUt,tether-gold,4299.442735530381,-0.02469161,-2.52785376,-4.74501832,2634800231.136001,295661023.1211284,612823.659532,707747.089,,2026-06-06,3042983358.74,11.2079
31,Cronos,CRO,cronos,0.057115286103311624,-0.64930976,-4.70787456,-16.47781633,2560122538.8141384,13478838.32493698,44823771593.88332,98690438882.14017,100000000000.0,2026-06-06,5714057348.37,0.5264
32,Global Dollar,USDG,global-dollar-usdg,1.000101441507118,-0.00697693,-0.00524401,0.03206533,2547559229.1303606,176720688.1892961,2547300827.095377,2547300827.095377,,2026-06-06,2547517716.82,6.9369
33,NEAR Protocol,NEAR,near-protocol,1.9555082521913887,-1.47478079,-9.32226774,-17.91250747,2537206729.2850666,964972755.0849794,1297466644.0,1297466644.0,,2026-06-06,2536943773.54,38.0233
34,Bittensor,TAO,bittensor,192.62913917331375,-0.73660669,-6.72509517,-23.64045874,2116074282.6773803,356597888.97064847,10985224.20729654,21000000.0,21000000.0,2026-06-06,4045211922.64,16.8519
35,PAX Gold,PAXG,pax-gold,4314.487582753069,-0.06054883,-2.53598917,-4.7228756,1988826797.8240623,302830900.64329195,460964.775,460964.775,,2026-06-06,1988826797.82,15.2266
36,World Liberty Financial,WLFI,world-liberty-financial-wlfi,0.05549744869838365,-0.2572613,-5.09645584,-6.10698564,1763355450.6121378,78642514.8281293,31773630896.0,100000000000.0,100000000000.0,2026-06-06,5554118945.74,4.4548
37,Mantle,MNT,mantle,0.5188378454777558,-0.39829502,-4.6603415,-19.78119084,1713355302.56871,52850983.20325338,3302294382.53684,6219316794.889999,6219316795.0,2026-06-06,3226816926.26,3.0846
38,Ripple USD,RLUSD,ripple-usd,0.9997893289164684,-0.00818187,-0.00652109,0.00185,1685644576.038371,409094417.6116109,1685999767.4362109,1685999767.4362109,,2026-06-06,1685770365.37,24.2943
39,Humanity,H,humanity-protocol,0.5800850537750563,-0.5558169,4.13960359,107.53150254,1642883741.5014865,171982911.078015,2832142857.0,10000000000.0,10000000000.0,2026-06-06,5798198888.01,10.4717
40,DeXe,DEXE,dexe,19.60297653168973,-0.97397683,-3.89114282,5.83539945,1641429395.1259847,28653092.1281491,83733681.59026702,96504599.33609451,,2026-06-06,1892424198.58,1.7407
41,Aster,ASTER,aster,0.6171011830439322,-0.2063153,-7.84484469,-9.60372979,1604735257.021125,262498200.18402663,2600441063.984935,7822218820.515041,8000000000.0,2026-06-06,4933934443.74,16.3655
42,Ondo,ONDO,ondo-finance,0.32872288967114555,-1.80283956,-8.77707044,-6.33018148,1600660441.0461087,252971504.27901918,4869330647.0,10000000000.0,,2026-06-06,3285185786.9,15.7997
43,Polkadot,DOT,polkadot-new,0.9372675598773005,-0.61731285,-7.30888554,-22.7820846,1581315237.9968853,196852310.2098248,1687154560.4372547,1687154560.4372547,2100000000.0,2026-06-06,1967435145.65,12.453
44,Uniswap,UNI,uniswap,2.41763385866635,-0.6793539,-6.23145648,-21.30358419,1505459543.789345,190759025.22362942,622699561.5538775,894834420.0329479,,2026-06-06,2162730204.46,12.6727
45,OKB,OKB,okb,69.27850514550107,-1.71504011,-6.40814163,-20.19821499,1454848608.0555224,64689988.46246132,21000000.0,21000000.0,21000000.0,2026-06-06,1454218648.05,4.4519
46,Worldcoin,WLD,worldcoin-org,0.42462496440716874,-13.02011466,-16.02159086,43.96220594,1436592882.080662,1291264486.7484202,3383204009.4164767,10000000000.0,,2026-06-06,4216959817.38,90.4517
47,USDD,USDD,usdd,0.99929672540698,-0.04065787,0.62213192,-0.01255505,1379559028.38236,14436641.50883228,1380529920.0,1380529920.0,,2026-06-06,1379382955.67,1.0472
48,Sky,SKY,sky,0.05826449170457676,-0.13718718,-7.49804949,-11.22938338,1355064588.7683923,24837588.7783946,23257125379.881245,23462665147.365967,23462665147.0,2026-06-06,1366393626.43,1.8268
49,Pi,PI,pi,0.12269945507380926,-0.72889055,-1.99156558,-14.60252823,1306769285.979516,20184615.37895409,10650163728.872597,100000000000.0,100000000000.0,2026-06-06,12249014126.25,1.549
50,Bitget Token,BGB,bitget-token-new,1.8264634195916782,-0.05786774,-2.53974298,-8.30391787,1276574318.718868,19592465.20395138,698932321.8990377,913931280.9787906,919992035.98,2026-06-06,1680331808.32,1.5348
51,Internet Computer,ICP,internet-computer,2.245598590010938,-1.58937829,-12.47140945,-17.5055005,1242658428.9381084,155125325.80996576,553375137.6874777,553375137.6874777,,2026-06-06,1241660549.97,12.4848
52,Pepe,PEPE,pepe,2.659165744426907e-06,-1.23226528,-7.81680822,-22.53559744,1100289616.0461347,433935167.017068,413772484228231.0,413772484228231.0,413772484228231.0,2026-06-06,1099974587.08,39.4496
53,Ethereum Classic,ETC,ethereum-classic,6.741475482439458,-0.45812346,-4.34805681,-19.16863813,1058347848.7352722,70738130.97930981,156990535.8985746,210700000.0,210700000.0,2026-06-06,1419561642.15,6.6831
54,United Stables,U,united-stables,1.0004393383519223,0.07960423,0.0482955,0.08763077,1000297959.2759488,572328959.3537887,999858683.01,999858683.01,,2026-06-06,1000295395.28,57.2396
55,Aave,AAVE,aave,60.012052291742755,-1.75393142,-13.37878532,-27.86028131,924672270.0642073,473302061.22979856,15408109.45056508,16000000.0,,2026-06-06,959992752.17,51.1847
56,Ethena,ENA,ethena,0.0915535063134532,-2.85434844,1.30264809,3.939858,850875399.3006557,339803260.77980167,9293750000.0,15000000000.0,15000000000.0,2026-06-06,1373103756.54,39.9393
57,Render,RENDER,render,1.6250699531920287,-1.50319551,-9.26058182,-18.27866781,842994086.8948218,109387554.21669915,518743261.01407415,533503434.2940742,644168762.0,2026-06-06,1046413939.72,12.9828
58,Cosmos,ATOM,cosmos,1.6322414730837733,-0.90805399,-8.23410059,-19.92539565,836169714.2676415,51885636.07332844,512283095.397568,512283095.397568,,2026-06-06,835394548.69,6.2102
59,Kaspa,KAS,kaspa,0.030366898092204442,-0.7004608,3.88776645,-1.39910868,834770548.0427041,24954704.91558971,27489490217.540527,27489490217.540527,28704026601.0,2026-06-06,871526176.17,2.9861
60,Venice Token,VVV,venice-token,17.713961851056755,-1.19606231,11.10617354,10.29285799,828821745.2344158,116847139.58279057,46789179.75568357,80232812.71958183,,2026-06-06,1415389865.05,14.1524
61,Morpho,MORPHO,morpho,1.6470416567948085,-0.59815161,-6.14581747,-19.56039257,826941084.4652803,23558951.95889069,502076605.6849661,999999999.8010328,1000000000.0,2026-06-06,1646511079.64,2.8525
62,Algorand,ALGO,algorand,0.0923603695530263,-0.82781081,-5.20364781,-30.70606953,824173350.633234,71362658.25531258,8923452283.937176,10000000000.0,10000000000.0,2026-06-06,923591595.44,8.6545
63,KuCoin Token,KCS,kucoin-token,6.114439965144377,-0.24971325,-9.2652859,-23.18445946,823340046.4073365,4072199.47720123,134655021.73556715,142155021.73556715,200000000.0,2026-06-06,1220424483.11,0.4942
64,Polygon (prev. MATIC),POL,polygon-ecosystem-token,0.07591615230766911,-0.84075716,-9.79854024,-16.95244822,808972645.0892868,101515900.69469878,10656133385.300188,10656133395.300188,,2026-06-06,809133093.94,12.5372
65,Quant,QNT,quant,64.55651552500736,-0.75406835,-4.72341803,-10.08822956,779373898.1263463,20842575.44991341,12072738.0,14881364.0,14881364.0,2026-06-06,960423819.17,2.6741
66,Stable,STABLE,stable,0.03074154772631943,0.03944195,-17.84328132,-20.46314043,717417618.3040013,24044076.35322229,23337068930.0,100000000000.0,100000000000.0,2026-06-06,3073691951.43,3.3519
67,JUST,JST,just,0.08203799658460638,1.1400565,5.07607627,-14.19793938,700913328.3928832,61641525.56552036,8543764567.312736,8543764567.312736,,2026-06-06,700948492.74,8.794
68,币安人生,币安人生,bianrensheng,0.6711962128237889,-5.29596554,1.08066833,51.50022401,671196212.8237889,57117611.40433055,1000000000.0,1000000000.0,1000000000.0,2026-06-06,672815895.91,8.4763
69,GateToken,GT,gatetoken,6.20210117881054,-0.05620549,-4.43208741,-9.38560439,660603771.484747,6219637.60056536,106512898.2,142622843.67,142622843.67,2026-06-06,883864608.56,0.9425
70,XDC Network,XDC,xdc-network,0.029371896456276872,0.13014801,-1.35257379,-11.63852828,603740536.9512842,21473790.63004056,20555041035.57,38074060614.75,,2026-06-06,1117518369.76,3.557
71,Flare,FLR,flare,0.006669761131566662,-0.50568783,-4.21860426,-13.94328694,569905117.8182312,5110262.82694191,85446106176.27412,105933504040.04846,,2026-06-06,706432677.26,0.8963
72,Filecoin,FIL,filecoin,0.7213634743818464,-1.04281305,-13.41010379,-28.2475595,568401596.4961741,222142474.1766189,787954501.0,1957722917.0,,2026-06-06,1411873959.92,39.0772
73,Aptos,APT,aptos,0.6522548771000248,-1.55647617,-9.90960181,-32.24532518,534907153.1978419,138794811.84928432,820089158.3610384,1203768489.2710202,2100000000.0,2026-06-06,1369198053.03,25.9206
74,siren,SIREN,siren-bsc,0.7073862658799966,-3.31364507,-3.77742682,44.11935869,514120049.62733376,39758620.51788385,726788283.0432997,726788283.0432997,,2026-06-06,513683204.54,7.731
75,Audiera,BEAT,audiera,1.7826905938945852,1.81522758,11.21998455,55.09422542,513444601.36307836,50135926.99886311,288016666.0,1000000000.0,1000000000.0,2026-06-06,1786640908.53,9.743
76,Jupiter,JUP,jupiter-ag,0.15451861062351005,-1.30754477,-10.85859969,-18.24065931,513050146.6629445,39723367.00219974,3320312968.08,6862435229.582892,6864785739.32,2026-06-06,1060258063.31,7.7454
77,Injective,INJ,injective,5.0668146063038195,-1.84936621,-4.21543125,-22.90011516,506534292.4667345,181002617.66152442,99970954.5,100000000.0,,2026-06-06,506528006.39,35.706
78,Midnight,NIGHT,midnight-network,0.030485507230932244,-1.5620328,-10.20859828,-13.36222546,506284994.5261653,95220463.06958167,16607399401.0,24000000000.0,24000000000.0,2026-06-06,731351461.74,18.8089
79,Arbitrum,ARB,arbitrum,0.0790355532903779,-1.17362313,-8.60388156,-25.53776651,494432312.90605736,129199180.20507276,6255821492.0,10000000000.0,,2026-06-06,790581740.87,26.1398
80,TrueUSD,TUSD,trueusd,0.9996639980918632,0.00564042,0.09242679,0.10329676,494348924.9885096,57628708.30879556,494515083.0,494515083.0,,2026-06-06,494296078.22,11.6598
81,Pump.fun,PUMP,pump-fun,0.0013796118738675007,-1.3679581,-14.39189629,-21.16544805,483330463.4720144,138093081.98280582,350337999133.83026,860799802805.0529,1000000000000.0,2026-06-06,1378729125.25,28.5856
82,Nexo,NEXO,nexo,0.7371523072839933,-0.5102018,-3.75314128,-12.87313395,476307896.48443186,17463579.12580442,646145839.5746847,1000000000.0,1000000000.0,2026-06-06,736452059.46,3.7894
83,Artificial Superintelligence Alliance,FET,artificial-superintelligence-alliance,0.19450577578225078,-1.28155263,-7.36437746,-19.43570497,439365419.5748556,196110828.60951525,2258881093.9307284,2714384546.672,2719493897.0,2026-06-06,527666262.13,44.6932
84,EURC,EURC,euro-coin,1.1514692137157752,-0.00622727,-0.84156049,-1.23614867,439424792.43257064,80813357.66329308,381620964.9362252,381620964.9362252,,2026-06-06,439415105.87,18.3451
85,VeChain,VET,vechain,0.004683027803146437,-1.03318591,-8.80109634,-23.85806827,402670338.4865822,31780273.68451384,85985041177.0,85985041177.0,86712634466.0,2026-06-06,405879071.36,7.8989
86,Dash,DASH,dash,31.064864043132562,-0.60228002,-5.64757645,-20.9118244,395259633.80242294,126140292.40757792,12723687.86979456,12723672.60160344,18900000.0,2026-06-06,586232372.46,31.9358
87,Pudgy Penguins,PENGU,pudgy-penguins,0.006174306171956138,-0.86915564,-7.65334043,-23.75620605,388119331.5503414,169121395.1102237,62860396090.04,76724221264.3,88888888888.0,2026-06-06,547003878.31,43.6519
88,OFFICIAL TRUMP,TRUMP,official-trump,1.5896205247439352,-0.50200345,-9.0008178,-21.8743898,377396805.43489933,251525855.55877262,237413143.300784,999999102.958356,999999993.45,2026-06-06,1587567188.36,66.6935
89,PancakeSwap,CAKE,pancakeswap,1.159975763115856,-0.76090337,-5.78353837,-16.78054557,377167499.5616322,48550683.91962458,325151189.8390945,337538853.4500047,400000000.0,2026-06-06,463247477.02,12.8634
90,Bonk,BONK,bonk1,4.235395024476376e-06,-0.84859198,-7.84337773,-23.75162812,372692426.0815748,67389644.87889865,87994726330786.81,87994726330786.81,88872433754423.19,2026-06-06,376400062.22,18.0885
91,Virtuals Protocol,VIRTUAL,virtual-protocol,0.5456820513894379,-2.22726555,-11.65341144,-24.30374566,358517239.0576836,120963235.6102574,657007570.8827373,1000000000.0,1000000000.0,2026-06-06,545554838.08,33.7498
92,Lighter,LIT,lighter,1.4047401626257405,-2.22495816,0.29047802,6.57926657,351185040.65643513,124844769.73678796,250000000.0,1000000000.0,1000000000.0,2026-06-06,1406581146.86,35.4377
93,First Digital USD,FDUSD,first-digital-usd,0.9973836007667222,-0.00112222,0.01107474,-0.08942107,338800010.59157443,350875096.66481084,339688772.034278,339688772.034278,,2026-06-06,338903517.23,103.4522
94,Sei,SEI,sei,0.04709797227635827,-0.75377492,-7.89056584,-30.25113763,334238609.88982385,77823500.57356706,7096666666.0,10000000000.0,10000000000.0,2026-06-06,470661387.4,23.2643
95,Sun [New],SUN,sun-token,0.017334468496640637,-0.01459144,-1.4296348,-4.42305664,333362752.1847913,80505923.56152694,19231207016.782543,19231207016.782543,19900730000.0,2026-06-06,344903031.5,24.1377
96,LayerZero,ZRO,layerzero,0.955425301959775,-0.53763874,-7.17070723,-16.62497756,327917370.7238539,55880759.07303058,343216125.8983067,1000000000.0,1000000000.0,2026-06-06,955332503.22,17.0352
97,Terra Classic,LUNC,terra-luna,5.7742855553220693e-05,-0.37266137,-11.09812592,-28.07144098,319831920.99537444,38615739.94407459,5538900318163.004,6456268834074.921,6456268834074.921,2026-06-06,371384657.06,12.1106
98,Stacks,STX,stacks,0.1752554022111816,-1.06611555,-4.94178187,-26.76973339,318019467.2640625,23429790.35092071,1814605788.19049,1814570813.19049,,2026-06-06,317521853.42,7.3577
99,Kite,KITE,kite,0.17493278229377848,-0.39505231,3.29565323,-10.33714759,314879008.1288013,39233842.16255736,1800000000.0,10000000000.0,10000000000.0,2026-06-06,1749508005.6,12.4507
100,Aerodrome Finance,AERO,aerodrome-finance,0.3192266643008268,-0.31922475,-7.569007,-23.22510738,302585190.5090173,31654150.19481169,947869411.7602682,1912421790.1970837,,2026-06-06,609289393.21,10.4652
101,Celestia,TIA,celestia,0.29701866285342693,-1.68611204,-9.64968165,-29.68697803,273237268.571564,47295541.20671746,919932996.62251,1168685161.483695,,2026-06-06,347068581.28,17.3008
102,Curve DAO Token,CRV,curve-dao-token,0.18037562047529943,-0.3461992,-3.56567319,-16.39217308,272996697.3633891,70848373.2789749,1513489997.395591,2387586960.659185,3030303030.299,2026-06-06,545816945.17,25.9725
103,AINFT,NFT,apenft,2.68007173774525e-07,-0.00476356,-1.84804547,-0.00740016,265355401.71369043,12847150.23855082,990105592982874.8,990105592982874.8,999990000000000.0,2026-06-06,268278372.53,4.8318
104,SPX6900,SPX,spx6900,0.28322906484791344,-0.69156351,-3.95041251,-14.05016548,263684302.28039536,15960188.99993826,930993090.07,930993090.07,1000000000.0,2026-06-06,283092409.27,6.0708
105,Tezos,XTZ,tezos,0.24058208442360135,-1.28324502,-10.86288409,-25.84380656,261520513.16644683,21721666.73142486,1087032368.985458,1107018024.00486,,2026-06-06,265674734.88,8.312
106,BitTorrent [New],BTT,bittorrent-new,2.6282819159872284e-07,-0.15247776,-1.81169141,-15.62660949,259421382.57493117,10855619.68955193,987037885840674.8,987037885840674.8,,2026-06-06,259453496.82,4.1786
107,Chiliz,CHZ,chiliz,0.024590718908382752,-1.99161543,-1.88284195,-28.58545307,255682479.5410634,86574855.25716977,10397519507.0,10397519507.0,,2026-06-06,254156866.27,34.0688
108,Immutable,IMX,immutable-x,0.12685047336858526,-1.35635937,-7.93177141,-24.14927472,253700946.73717052,25751243.30916601,2000000000.0,2000000000.0,2000000000.0,2026-06-06,253535823.05,10.1506
109,ether.fi,ETHFI,ether-fi-ethfi,0.28336901313510854,-1.08492602,-9.81640247,-28.36352728,249553381.9290691,57960827.2626467,880665741.0,1000000000.0,1000000000.0,2026-06-06,283249899.5,23.2473
110,Pyth Network,PYTH,pyth-network,0.0311632370199782,-1.23409943,-6.08014062,-24.51002256,245409928.57928696,15207142.42775612,7874981935.347698,9999981935.347698,10000000000.0,2026-06-06,311178521.49,6.2048
111,Monad,MON,monad,0.02059223861666883,-0.42315414,-2.15279554,-12.15393608,243506619.36148065,95080520.0647242,11825165000.0,100682925000.0,,2026-06-06,2070876609.98,39.0353
112,Zebec Network,ZBCN,zebec-network,0.0024289314453650604,-0.67798627,-1.53105336,-25.27800502,242890175.53985164,12840743.08347778,99998777653.16924,99998777653.16924,100000000000.0,2026-06-06,242584203.32,5.293
113,DoubleZero,2Z,doublezero,0.06908623807298978,-0.79223211,-5.30884266,-25.07616436,239827175.855743,7393715.89105782,3471417500.0,9998385316.2,10000000000.0,2026-06-06,689570148.03,3.0856
114,Gnosis,GNO,gnosis-gno,90.26884666203291,-0.48185927,-6.37078896,-21.58718808,238265522.7629804,8098616.76351812,2639509.99235703,2999934.74577209,,2026-06-06,270801608.48,3.4062
115,Bitcoin SV,BSV,bitcoin-sv,11.799666289729071,-0.95127606,-8.53362114,-16.291755,236447244.20716444,25247179.39055908,20038468.75,20038468.75,,2026-06-06,236067675.82,10.7148
116,Kaia,KAIA,kaia,0.0372411134655509,-1.71043914,-6.7263165,-24.70778364,235964464.83012623,17020423.77899417,6336128081.895299,6336128072.306359,,2026-06-06,235370826.88,7.23
117,Jito,JTO,jito,0.4913230427812313,-2.36480273,-5.57253332,-6.71036839,235729087.41181967,49532786.51362483,479784310.7,986523004.1451763,,2026-06-06,484008514.35,20.9939
118,Telcoin,TEL,telcoin,0.0024134411628665632,0.33705475,-16.66591441,-14.62837708,231869541.37624508,2535312.53829545,96074246575.31,100000000000.0,100000000000.0,2026-06-06,241184705.43,1.0942
119,Conflux,CFX,conflux-network,0.04367193427587789,-0.81568394,-6.52612354,-18.75076719,227717450.2723523,17156871.22455774,5214274431.58,5214274428.38,,2026-06-06,227419143.88,7.5202
120,BUILDon,B,buildon,0.2208489200002737,0.12472265,-9.93287226,-9.14823313,220848920.0002737,7310206.46287098,1000000000.0,1000000000.0,,2026-06-06,220491498.1,3.315
121,FLOKI,FLOKI,floki-inu,2.311135087590866e-05,-0.69140158,-4.52040174,-17.78908381,220649164.42246065,41413776.79391932,9547220567382.15,9649444264260.19,,2026-06-06,222650775.29,18.7894
122,JasmyCoin,JASMY,jasmy,0.004451941520167828,-0.9784899,-4.77677723,-20.38027987,220126247.0274761,20853849.02457193,49444999677.16958,50000000000.0,50000000000.0,2026-06-06,221933957.94,9.4911
123,Falcon Finance,FF,falcon-finance-ff,0.09307885368837232,-0.63830411,-2.49749169,-8.25500324,217804517.63079122,21891613.82026063,2340000000.0,10000000000.0,10000000000.0,2026-06-06,931540946.09,9.983
124,Defi App,HOME,defi-app,0.05600207162523048,6.33073186,11.17282552,104.38937524,214767944.6833189,104398499.5743665,3835000000.01,10000000000.0,10000000000.0,2026-06-06,554540726.43,49.0264
125,Lido DAO,LDO,lido-dao,0.2531486805761414,-1.30813315,-5.5167105,-21.62909859,213796879.1467088,64742630.17674912,844550635.8560835,1000000000.0,,2026-06-06,252801875.15,30.3126
126,The Graph,GRT,the-graph,0.01964053053879726,-1.90446419,-7.02708537,-25.56061893,213062751.15032327,27830566.7959042,10848115875.966084,11558540875.965876,,2026-06-06,226580206.7,13.1012
127,Decred,DCR,decred,12.15514896621697,-0.63370761,-4.25044219,-25.04676451,212138756.5414832,3016352.03471221,17452583.84994576,17452583.84994576,21000000.0,2026-06-06,255218585.71,1.4213
128,Optimism,OP,optimism-ethereum,0.095889480252377,-2.00726431,-11.3616423,-21.56425101,206403994.40299714,95184743.74702051,2152519691.0,4294967296.0,4294967296.0,2026-06-06,411118398.79,46.2405
129,Pendle,PENDLE,pendle,1.1986172944286728,-0.6066165,-4.63287818,-12.44009387,204539289.94002563,57830597.54369701,170646035.97057253,281527448.45853144,,2026-06-06,336847145.35,28.2937
130,Starknet,STRK,starknet-token,0.031855639933434286,-1.79854089,-7.52794395,-15.97581911,202447707.29417464,41799465.03072324,6355160584.348971,10119600000.0,,2026-06-06,321480989.84,20.7117
131,SKYAI,SKYAI,skyai,0.19720916872605776,3.11715363,10.35228646,-2.54200399,197209168.72605777,24481431.81482481,1000000000.0,1000000000.0,1000000000.0,2026-06-06,197405649.86,12.41
132,IOTA,IOTA,iota,0.04383035322997242,-0.93895357,-4.94043085,-36.80018321,195951819.53783062,19332187.38624395,4470687665.0,4600000000.0,,2026-06-06,201230171.4,9.871
133,Nexus,NEX,nexus-labs,3.112810625734367e-06,-1.17347906,2.43989358,-11.68947434,186768637.54406202,163886266.1441999,60000000000000.0,100000000000000.0,100000000000000.0,2026-06-06,310571404.08,87.45
134,ETHGas,GWEI,eth-gas,0.10618154684520824,1.54343159,7.52694235,-3.60475324,185817706.9791144,6959281.7244778,1750000000.0,10000000000.0,10000000000.0,2026-06-06,1058703803.2,3.7538
135,Ethereum Name Service,ENS,ethereum-name-service,4.518236313948967,-1.42201483,-8.79270322,-25.48228224,182575817.85233507,41750562.91516563,40408647.34955898,100000000.0,,2026-06-06,450727966.34,22.9003
136,edgeX,EDGE,edgex,0.48790134306946,-0.84412405,-13.14806169,-63.3957094,170765470.074311,25521553.14245157,350000000.0,1000000000.0,1000000000.0,2026-06-06,483917205.58,15.0698
137,OriginTrail,TRAC,origintrail,0.3366372465291734,0.22511246,-7.01165983,-10.04695143,168318623.2645867,9751525.6153934,500000000.0,500000000.0,500000000.0,2026-06-06,167968570.77,5.8027
138,Akash Network,AKT,akash-network,0.55755146861916,-1.82834147,-6.32706753,-30.0115166,164197890.23659644,15410798.81632812,294498175.465758,294498175.465758,388539008.0,2026-06-06,216014813.03,9.3961
139,Pieverse,PIEVERSE,pieverse,0.6272974006836647,-5.59170789,-19.9153285,-10.20579127,163475095.21839255,34653600.17546232,260602220.0,1000000000.0,1000000000.0,2026-06-06,626940219.43,21.232
140,MX Token,MX,mx-token,1.7385385878134727,-0.01291526,-0.55452396,-1.87298855,159662748.96091422,11098526.37686681,91837334.0,409024834.0,413787834.0,2026-06-06,719385817.25,6.9523
141,Trust Wallet Token,TWT,trust-wallet-token,0.3708252060800411,0.23996742,-15.70121734,-17.86386167,159403114.2311272,16286357.13788287,429860515.46,999860531.46,999860531.46,2026-06-06,369758946.86,10.2444
142,Axie Infinity,AXS,axie-infinity,0.9139293033475144,-1.18818317,-7.19946609,-25.94236588,158461472.32450905,32929176.16914315,173384825.00134403,270000000.0,,2026-06-06,246328081.11,20.8074
143,Compound,COMP,compound,15.736719809205514,-0.90229782,-5.54017515,-12.49293821,157154359.32932332,19678379.36627899,9986475.02368268,10000000.0,,2026-06-06,157020948.85,12.5366
144,The Sandbox,SAND,the-sandbox,0.05158896031079774,-1.08685444,-7.34994139,-27.03795044,151549778.01316103,33233966.93971363,2937639702.3733225,3000000000.0,,2026-06-06,154457167.17,21.9305
145,Maple Finance,SYRUP,maple-finance,0.12592892786575435,0.62136278,-5.67971897,-23.31719898,149982525.08989018,12948497.97749822,1191009306.8510675,1244677492.5110993,,2026-06-06,156546948.52,8.6456
146,Raydium,RAY,raydium,0.5563708465775099,-0.9803657,-7.71323995,-23.56458763,149651491.0414268,35007623.24780929,268977952.317238,554997696.382052,555000000.0,2026-06-06,307991290.76,23.3908
147,Neo,NEO,neo,2.120057912782573,-1.40193042,-7.58506741,-23.53250809,149546406.81998265,17182893.05120405,70538831.0,100000000.0,,2026-06-06,211741595.98,11.472
148,dogwifhat,WIF,dogwifhat,0.14917895762800554,-1.53026078,-6.24889382,-22.74789922,149005773.71898568,93095811.29467593,998839086.210458,998839086.210458,998840592.989347,2026-06-06,148885333.39,62.1816
149,Theta Network,THETA,theta-network,0.1482266681621791,-1.32916465,-6.14626786,-22.55451757,148226668.1621791,18034833.41342783,1000000000.0,1000000000.0,1000000000.0,2026-06-06,148195846.84,12.1453
150,Stargate Finance,STG,stargate-finance,0.21973799565733115,-2.20729388,-2.24428445,24.41143412,145236129.49050507,17483548.64410057,660951371.0,1000000000.0,1000000000.0,2026-06-06,218483278.97,12.0392
151,Onyxcoin,XCN,onyxcoin,0.0037230391183459013,-0.87444534,-6.32625164,-18.59459564,143284328.71792766,13326712.93810062,38485850984.4471,48402432357.486084,68892071756.90897,2026-06-06,256259349.65,9.3028
152,Genius Terminal,GENIUS,genius-terminal,0.426467930598345,-2.6504829,-0.45934051,-5.2579339,143027560.32188904,31764726.04407663,335377059.0,953973324.288,1000000000.0,2026-06-06,424944070.65,22.2885
153,Decentraland,MANA,decentraland,0.0669248877480397,-1.01797975,-5.48444426,-22.92444725,132906774.8179886,18622733.07607509,1985909566.5331404,2193179327.320146,,2026-06-06,146666790.75,14.0386
154,EigenCloud,EIGEN,eigencloud,0.16161200162250938,-0.98235978,-8.01295351,-27.24519752,127459174.44917826,27780022.94839852,788673942.3405898,1827323717.885219,,2026-06-06,294663432.14,21.8093
155,Basic Attention Token,BAT,basic-attention-token,0.08479286968604374,-0.78368511,-10.00430248,-29.60319844,126826785.92318478,27336459.34544183,1495724656.9526057,1500000000.0,1500000000.0,2026-06-06,126954742.95,21.5703
156,Arweave,AR,arweave,1.921000758538397,-1.55417036,-15.40772632,-19.30141056,126118436.98591632,53753310.96814924,65652466.0,65652466.0,66000000.0,2026-06-06,126234286.1,42.783
157,WEMIX,WEMIX,wemix,0.26616078561381057,-0.41463557,0.43218574,-3.2444059,123040233.41906877,1326683.83716459,462277841.3255647,552473209.5478008,590000000.0,2026-06-06,157310952.32,1.0788
158,ApeCoin,APE,apecoin-ape,0.119927157565639,-1.93152978,-8.74174781,-16.91716923,119927157.565639,26955094.61982419,1000000000.0,1000000000.0,1000000000.0,2026-06-06,119776522.23,22.5075
159,Gala,GALA,gala,0.002469361416300598,-1.42614315,-5.76344746,-21.58772238,119484178.56175508,32376667.71516066,48386671053.10037,48386671053.10037,50000000000.0,2026-06-06,123285431.1,27.147
160,dYdX,DYDX,dydx-chain,0.13772906279466302,-1.55935882,-12.46655865,-22.90945125,116254916.0203832,15894192.75880218,844084129.0970293,958342962.317931,1000000000.0,2026-06-06,136993279.58,13.7668
161,Plasma,XPL,plasma-xpl,0.06450311577409727,-3.21853348,-20.07856327,-29.03209038,116105608.39337508,189664886.4974494,1800000000.0,10000000000.0,,2026-06-06,641962179.11,164.7411
162,Convex Finance,CVX,convex-finance,1.1755325492182682,-0.8105344,-7.45073991,-25.39674356,115197264.88708176,12114514.52873745,97995810.4636815,99972029.83886667,,2026-06-06,117339141.73,10.5298
163,SafePal,SFP,safepal,0.22636772060960603,-1.68176865,-6.89881785,-17.16236085,113183860.30480301,6072087.55546294,500000000.0,500000000.0,500000000.0,2026-06-06,113208109.6,5.3813
164,Sahara AI,SAHARA,sahara-ai,0.03309943766523421,-0.20507785,0.68880532,-1.10129204,112769094.56486808,72113425.81778644,3406979167.0,10000000000.0,10000000000.0,2026-06-06,331078691.05,63.7899
165,Story,IP,story-protocol,0.31636726472977633,-1.86169853,-10.56599467,-28.19918206,112397230.96788959,40348893.09580541,355274529.0,1028801616.0,,2026-06-06,325397554.36,35.8877
166,Golem,GLM,golem-network-tokens,0.11131677116692758,-1.14872001,-7.5297022,-18.19741117,111316771.16692758,9060809.67238523,1000000000.0,1000000000.0,1000000000.0,2026-06-06,111199133.96,8.1575
167,THORChain,RUNE,thorchain,0.3161645189141181,-1.32116212,-10.27872234,-25.1470412,110699668.17604111,6875979.54317961,350133116.0,360099464.0,360130877.0,2026-06-06,113790510.24,6.2146
168,AB,AB,newton,0.0011174657690183093,-0.10389107,-4.75066289,-13.77066887,110432058.6287423,2180407.78975578,98823661261.46,98823661261.46,98823661261.46,2026-06-06,110114830.41,1.9778
169,Centrifuge,CFG,centrifuge,0.1890123302398187,-2.12823938,-12.21402767,-28.15863332,109089627.12263137,21210851.42578885,577156141.0,680000000.0,,2026-06-06,128117599.44,19.5551
170,KAITO,KAITO,kaito,0.4535071778208381,-0.3111709,-1.57517918,-1.82678224,109471593.80769755,16096025.63463574,241388889.0,1000000000.0,1000000000.0,2026-06-06,453665911.83,14.7027
171,Vision,VSN,vision-token,0.029604527941255374,-0.02108368,-3.8142744,-18.21130638,107548777.56087036,4932534.12418134,3632848926.8358107,4131325838.2155476,4200000000.0,2026-06-06,124307354.85,4.5872
172,Fartcoin,FARTCOIN,fartcoin,0.1074952774601535,-0.61917146,-13.44659742,-33.44645291,107495089.98838961,58741654.86970375,999998256.0,1000000000.0,1000000000.0,2026-06-06,107324156.04,54.6919
173,eCash,XEC,ecash,5.3572790709176704e-06,-1.02543895,-8.8599905,-22.70655412,107350857.20507298,4770318.66189637,20038317172580.0,20038317172580.0,21000000000000.0,2026-06-06,112061853.7,4.4602
174,Tagger,TAG,tagger,0.0009675935362638318,0.38463876,-13.42880704,-22.57502184,104891563.74339773,5377464.75675715,108404572594.0,405380800000.0,,2026-06-06,392883986.81,5.1179
175,NEXPACE,NXPC,maplestory-universe,0.3668066686718748,-1.37711434,-8.72429014,-7.85740009,103860419.2208594,17316282.56215068,283147576.3429133,991676090.3429134,1000000000.0,2026-06-06,365876936.68,16.7237
176,ZKsync,ZK,zksync,0.010111944497631756,-1.59763233,-8.77767525,-29.92175719,100115543.4994721,22713612.37037647,9900721223.590519,14749884093.830284,21000000000.0,2026-06-06,211567669.68,22.7841
177,Vaulta,A,vaulta,0.060705049046385025,-1.28122833,-7.29571908,-21.99418834,99918824.37491934,16175048.78427995,1645972220.5079,2100000000.0,2100000000.0,2026-06-06,127338447.4,16.2085
178,River,RIVER,river,5.093204258610941,0.2449015,-3.89953174,-22.41502074,99826803.46877444,15664301.03433238,19600000.0,100000000.0,100000000.0,2026-06-06,508943046.44,15.6127
179,Banana For Scale,BANANAS31,banana-for-scale,0.009952821591972104,-0.76425664,4.16407674,-8.10966732,99528215.91972104,18836887.08346305,10000000000.0,10000000000.0,10000000000.0,2026-06-06,99541767.32,18.9221
180,AWE,AWE,awe-network,0.0512084373109881,-0.76228048,-3.5763,-1.99265401,99468307.29498333,5286606.91523379,1942420283.0270672,1942420283.0,1942420283.027067,2026-06-06,99394031.51,5.3033
181,1inch,1INCH,1inch,0.06755453442674386,-0.65217273,-7.43558482,-22.65325576,95294487.62328637,21728973.65340045,1410630514.0275033,1500000000.0,1500000000.0,2026-06-06,101199198.85,22.8017
182,Helium,HNT,helium,0.511488515171547,-0.580798,0.71702183,-31.7339338,95301275.81862186,10778867.13275435,186321438.2959488,186321438.2959488,223000000.0,2026-06-06,114039503.65,11.3117
183,Four,FORM,binaryx-new,0.24358184502708335,-1.0820538,-10.17737084,8.85395299,93015930.56354332,12344322.05666668,381867255.144574,572301922.0959299,580000000.0,2026-06-06,140849913.72,13.3083
184,YZY MONEY,YZY,yzy,0.3000973005268114,-0.08895525,-0.61831012,-1.67588799,90029027.58492474,192015.00438273,299999458.265308,999999458.265363,1000000000.0,2026-06-06,300350001.4,0.2132
185,Livepeer,LPT,livepeer,1.80559508916298,-0.91520577,-0.92903673,-14.72566146,89718132.32217024,41373963.27408416,49688954.55058027,49688954.55058027,,2026-06-06,89709819.92,46.0475
186,Cheems (cheems.pet),CHEEMS,cheems-pet,4.783717980927294e-07,-1.29685682,-7.81594189,-22.40844141,89692336.91896597,2344153.17879611,187495034775398.0,203672952644644.2,203672960023058.0,2026-06-06,97269285.82,2.615
187,Sentient,SENT,sentient,0.012269224853736353,-0.73124688,-4.74286529,-21.54612899,88803163.52871402,14717095.80347563,7237878887.0,34359738368.0,,2026-06-06,419898405.18,16.6633
188,DeepBook Protocol,DEEP,deepbook-protocol,0.016612318590974652,-1.3360641,-6.87228495,-43.78318541,88578099.54249741,9682921.79845127,5332073247.77778,10000000000.0,10000000000.0,2026-06-06,165684729.86,10.8614
189,Walrus,WAL,walrus-xyz,0.035873134219175394,-1.35564583,-4.25995373,-38.88994195,86207625.67045587,13609809.47479384,2403125000.0,5000000000.0,5000000000.0,2026-06-06,179270472.58,15.7771
190,MultiversX,EGLD,multiversx-egld,2.8206179400012346,-1.23671693,-5.79729921,-22.2951128,84843630.61582392,11792981.47156737,30079802.51865901,30084958.0,,2026-06-06,84735425.22,13.9284
191,Aethir,ATH,aethir,0.004190615184314745,-2.08121661,-8.40329889,-29.94716431,84351906.54492281,18544163.43062367,20128764593.0,42000000000.0,42000000000.0,2026-06-06,175772575.94,22.0104
192,Sonic,S,sonic,0.029122106182173417,-1.06723308,-9.78560887,-28.74898374,83871665.80465944,21314901.36691275,2880000000.0,3222625000.0,,2026-06-06,93621744.74,25.4612
193,Fluid,FLUID,instadapp,1.0672407852710595,-1.3154648,-4.52121678,-23.85964032,83188214.09606725,2599345.24238864,77946996.82034639,100000000.0,,2026-06-06,106226804.9,3.1447
194,Reserve Rights,RSR,reserve-rights,0.001315624173262126,-1.63612159,-4.80871005,-23.20484354,82296467.94839372,13098712.65330833,62553174091.0,100000000000.0,100000000000.0,2026-06-06,131042248.64,15.9758
195,RaveDAO,RAVE,ravedao,0.3239831434432255,-1.96839188,-12.20246421,-29.27884325,81799443.86719018,16988854.37748437,252480555.0,1000000000.0,1000000000.0,2026-06-06,323138254.69,20.8753
196,Synthetix,SNX,synthetix,0.23119937320306047,-1.01267577,-8.18027638,-22.8067791,79651937.46480367,9091534.614768,344516234.45728827,344939867.55566317,339889850.089,2026-06-06,78227992.05,11.4584
197,Grass,GRASS,grass,0.3219933747084762,-1.68158027,-9.71006163,-31.14381537,78535823.35966799,27690634.07604019,243905091.0,1000000000.0,,2026-06-06,320930178.29,35.396
198,SOON,SOON,soon,0.14790523642678027,-1.27064832,0.5411767,-7.57840294,76001098.3618669,11578130.96551658,513849950.13,998466231.2532852,,2026-06-06,147265086.84,15.3178
199,CoW Protocol,COW,cow-protocol,0.13100631858240738,-1.23721093,-2.96378932,-19.33739226,75886439.88557991,5758502.43714055,579257861.0461814,1000000000.0,1000000000.0,2026-06-06,130575723.35,7.6608
200,Horizen,ZEN,horizen,4.170196147244713,-0.99578276,-14.58269092,-27.59799812,75486108.6060898,60177031.96201622,18101332.87278685,21000000.0,21000000.0,2026-06-06,87317507.39,79.7961
201,Rain,RAIN,rain,0.013000836864648715,0.1310087,-7.5963729,-9.7858406,8094965897.6273,52651517.6640115,622649601860.5359,1149866517347.7988,1149896848489.033,2026-06-06,14927612954.26,0.6516
202,LAB,LAB,lab,9.694290075261973,4.62409195,-14.74653947,40.93353992,3004767796.523324,126890711.95333357,309952330.0,1000000000.0,1000000000.0,2026-06-06,9648522091.23,4.2367
203,Ondo US Dollar Yield,USDY,ondo-us-dollar-yield,1.134444747073954,0.01720543,0.15254695,0.16028446,2140531356.0122712,253881.01767316,1886853777.1745095,1886853777.1745095,,2026-06-06,2140554401.71,0.0119
204,HTX,HTX,htx,1.7352631123711317e-06,-0.04074433,-1.67149944,-4.42932037,1571641100.058704,31873651.15923847,905707664073577.8,999990000000000.0,999990000000000.0,2026-06-06,1734528582.46,2.0326
205,Falcon USD,USDf,falcon-finance,0.9956878046734936,-0.00507338,0.07187386,0.09140466,1296689721.1523914,3313894.99488011,1302305516.9161205,1302305516.9161205,,2026-06-06,1297512604.08,0.2564
206,c8ntinuum,CTM,c8ntinuum,0.18356551054043985,0.53143848,-5.40346186,-9.88246469,818402937.3262233,13201355.52367656,4458369848.0,8888885710.0,8888888888.0,2026-06-06,1626434754.33,1.6179
207,Jupiter Perps LP,JLP,jupiter-perps-lp,3.217614866842751,-0.43705668,-4.08012316,-15.18105508,714367827.4128557,14778406.30474852,222017816.605199,222017816.605199,,2026-06-06,714439090.11,2.0692
208,Beldex,BDX,beldex,0.0790522586992406,0.26412049,-0.68161949,1.50470778,611725203.3830476,9202137.60729243,7738238140.802471,9937858140.802471,,2026-06-06,784903089.02,1.5002
209,GHO,GHO,gho,0.9987507981940177,-0.00455625,-0.02446549,-0.03108251,583270466.1453063,2531667.68145134,584000000.0,584000000.0,,2026-06-06,583299047.54,0.4342
210,TBLL tokenized ETF (xStock),TBLLX,tbll-tokenized-etf-xstock,105.91644,0.0,-0.23882453,-0.40767278,571672236.2948128,422.98302263,5397389.07666093,5397389.07666093,,2026-06-06,571672236.29,0.0001
211,Usual USD,USD0,usual-usd,0.9984881048213929,-5e-08,-0.00937328,0.01507518,558846370.5803771,0.0,559692567.0740386,559692567.0740386,,2026-06-06,558846370.58,
212,USDai,USDAI,usdai,0.9996018106023093,-1.802e-05,0.01352014,-0.0286609,501151493.2971065,0.0,501351126.0,501351126.0,,2026-06-06,501179716.9,0.0654
213,Solstice USX,USX,solstice-usx,1.001046153465509,-0.01393515,0.13684596,0.14987826,491143087.079152,266213788.85674423,490629813.0,359692577.0,,2026-06-06,360111401.85,54.5018
214,USDGO,USDGO,usdgo,0.9999897096938741,-0.00324553,-0.00124056,0.02504215,305799767.59439665,1997073.42841959,305802914.4,305802914.4,,2026-06-06,305882985.68,0.6544
215,Legacy Frax Dollar,FRAX,frax,0.9922611870969165,-0.0202106,0.00374591,0.00856075,273712950.39396334,10939146.27671093,275847684.0102677,275847684.0102677,,2026-06-06,273836040.62,4.0096
216,Unibase,UB,unibase,0.10790203661786624,0.95355141,2.59428466,-40.61361762,269755091.5446656,16541156.6291481,2500000000.0,10000000000.0,10000000000.0,2026-06-06,1078673408.3,6.1295
217,Ducky,DUCKY,ducky,0.0006116790031936392,0.0,-2.67724929,-16.96910004,253480307.76031315,0.0,414400864566.0,420690000000.0,420690000000.0,2026-06-06,257327239.85,
218,Strategy PP Variable tokenized stock (xStock),STRCX,strategy-pp-variable-tokenized-stock-xstock,96.91176651730255,-1.446e-05,-1.54959016,-6.18614603,228181554.03467596,79659.48897249,2354528.88988394,2354528.88988394,,2026-06-06,228175579.89,0.0349
219,Ape and Pepe,APEPE,ape-and-pepe,1.0373126618930561e-06,-0.14967497,-2.99098403,-9.48243943,217835658.9975418,29557588.25054955,210000000000000.0,210000000000000.0,210000000000000.0,2026-06-06,217873106.2,13.5632
220,48 Club Token,KOGE,bnb48-club-token,63.60514813733853,0.01378674,0.01250038,90.81901942,215508771.21329194,1439268.58510462,3388228.43,3388228.433995,3388228.433995,2026-06-06,215618419.67,0.6675
221,Billions Network,BILL,billions-network,0.07221330105696909,1.47541566,-6.97622598,-0.31657981,175347936.40943167,85085730.5829724,2428194444.0,10000000000.0,10000000000.0,2026-06-06,721513094.08,48.5245
222,WeFi,WFI,wfi,2.0045029890129547,0.0579619,0.39612643,-2.5875023,168753048.38318932,1880901.25631631,84186977.67384505,1000000000.0,1000000000.0,2026-06-06,2003776405.03,1.1164
223,USAT,USAT,tether-usat,0.9991502082481731,-0.02606082,0.05676907,0.08398046,167342915.92152098,2727563.94298372,167485243.5,167485243.5,,2026-06-06,167350791.11,1.6264
224,SP500 tokenized ETF (xStock),SPYX,sp500-tokenized-stock-xstock,735.5447765983878,-0.06334859,-2.7596661,-3.13880988,159215329.13388774,2929493.20038255,216459.05755758,216459.05755758,,2026-06-06,159275339.32,1.8481
225,Marvell tokenized stock (xStock),MRVLX,marvell-tokenized-stock-xstock,281.21887817066624,-3.255e-05,-9.94940795,40.87004868,156931836.7127873,70933.51406004,558041.61418192,558041.61418192,,2026-06-06,156931836.71,0.0452
226,Circle tokenized stock (xStock),CRCLX,circle-tokenized-stock-xstock,79.10288613817377,-1.19301763,-11.63795677,-29.86859045,153819967.82262316,17870039.0178705,1944555.69615926,1944555.69615926,,2026-06-06,153543456.5,11.6456
227,Apple tokenized stock (xStock),AAPLX,apple-tokenized-stock-xstock,304.90018828027905,-0.20795114,-2.06719943,-2.22506618,152714930.76656604,11406414.04830904,500868.60105899,500868.60105899,,2026-06-06,152930656.07,7.4629
228,Tesla tokenized stock (xStock),TSLAX,tesla-tokenized-stock-xstock,387.14693101308114,0.0088322,-6.33498499,-11.00778918,150892405.9198016,24390568.13521808,389754.88072435,389754.88072435,,2026-06-06,151016897.13,16.1553
229,GUSD,GUSD,gusd,0.9979327355808538,-0.02138562,-0.04576959,-0.0462728,149131068.0052028,2170562.13868141,149440000.0,320000000.0,,2026-06-06,319375573.25,1.4556
230,SwissBorg,BORG,swissborg,0.149878614325453,-0.39936898,-4.6250127,-11.56152931,147218635.14087737,644013.64755918,982252443.442,982252443.442,982602443.0,2026-06-06,147111345.19,0.4421
231,Nasdaq tokenized ETF (xStock),QQQX,nasdaq-tokenized-stock-xstock,697.0373800300831,-0.00962726,-5.10774744,-5.85694687,146203329.98876414,3889612.41337259,209749.62631481,209749.62631481,,2026-06-06,146355853.88,2.6687
232,Intel tokenized stock (xStock),INTCX,intel-tokenized-stock-xstock,98.97940020154317,-0.21452762,-8.92890841,-13.81000344,143560869.4910841,42252.60721581,1450411.59270276,1450411.59270276,,2026-06-06,143560869.49,0.0294
233,AUSD,AUSD,agora-finance,0.9999768795331396,0.01712077,0.04588751,0.01991302,140689684.18844387,8674028.0134192,140692937.074833,140692937.074833,,2026-06-06,140702050.45,8.8261
234,Alphabet tokenized stock (xStock),GOOGLX,alphabet-tokenized-stock-xstock,361.07917524167334,-0.31265541,-2.36258776,-5.62269695,139245513.8986953,43577558.67306818,385637.0664564,385637.0664564,,2026-06-06,139379375.09,30.7952
235,NVIDIA tokenized stock (xStock),NVDAX,nvidia-tokenized-stock-xstock,201.67696315238175,-0.15047111,-6.39595574,-5.64398019,131920371.16820577,23525762.11615622,654117.20360213,654117.20360213,,2026-06-06,132079537.59,17.8123
236,EUR CoinVertible,EURCV,eur-coinvertible,1.1505918422425523,-0.01645702,-0.82071749,-1.25175184,129422556.58335014,50719483.22378301,112483464.45,112483464.45,,2026-06-06,129415045.49,39.5734
237,Frax USD,FRXUSD,frax-usd,0.9998758083717154,-0.03051579,-0.00342575,0.04519771,128217477.45969127,9318058.99010054,128233402.97480719,128233402.97480719,,2026-06-06,128217538.52,7.2658
238,Shuffle,SHFL,shuffle,0.2963178719517862,1.45903279,-1.01209853,-4.74951731,126004504.54320039,919160.6312196,425234238.19573915,956134768.8996149,,2026-06-06,284226265.49,0.7273
239,Zano,ZANO,zano,8.209797834300714,0.22642781,-5.42246495,-20.65623304,125735639.91863324,1387723.72102564,15315315.0,15315315.0,,2026-06-06,125754367.66,1.1038
240,Ailey,ALE,project-ailey,0.25730634706371924,-0.05610365,-0.54676673,-2.0507811,125186685.24502896,116426.2195823,486527777.7777778,1000000000.0,1000000000.0,2026-06-06,257283301.81,0.0929
241,Aster USDF,USDF,usdf,1.059219804351485,0.07858056,6.02261037,6.15068677,123790389.99636278,51225.73292922,116869406.60267805,116869406.60267805,,2026-06-06,123821122.74,0.0416
242,Robinhood tokenized stock (xStock),HOODX,robinhood-tokenized-stock-xstock,80.20217916553464,-0.10298223,-7.32552589,-14.90765247,117873551.77971636,4144167.33016532,1469705.10036179,1469705.10036179,,2026-06-06,117883233.97,3.5154
243,Undeads Games,UDS,undeads-games,1.17364883337185,-0.0571309,-0.09388975,-0.08023119,116873749.84775168,328245.17098581,99581532.84400897,250000000.0,250000000.0,2026-06-06,293227085.27,0.2813
244,Xphere,XP,xphere,0.042251309825198216,12.16866125,36.53680647,51.56608395,116719670.6023606,1223114.51983997,2762510111.1717553,2762510111.1717553,5500000000.0,2026-06-06,225177205.53,1.0839
245,TronBank,TBK,tronbank,0.6225435893769614,-0.16490113,-0.81686965,0.62837911,115378114.09783827,471621.74226684,185333390.410956,1000000000.0,1000000000.0,2026-06-06,622129622.2,0.4091
246,Circle Internet Group Tokenized Stock (Ondo),CRCLon,circle-internet-group-tokenized-stock-ondo,79.22528033144731,-1.09356561,-11.6343536,-29.62276763,111903042.6820216,193427374.69062802,1412466.35182436,1412466.35182436,,2026-06-06,111922371.64,172.7191
247,Bitway,BTW,bitway-btw,0.05018748122648175,-1.65326494,21.61237435,281.12127762,110412458.69825985,40637027.33602992,2200000000.0,10000000000.0,10000000000.0,2026-06-06,513867056.48,35.9467
248,GoМining,GOMINING,gomining-token,0.2634208262775065,0.01204631,-1.41484964,-5.90021325,106512533.85106088,15785502.12993584,404343632.795582,404343632.795582,404343632.795582,2026-06-06,106520622.0,14.832
249,Ribbita by Virtuals,TIBBIR,ribbita-by-virtuals,0.10564375721625205,-0.39129922,-8.10629958,-19.26322627,105643757.21625204,1799981.31275273,1000000000.0,1000000000.0,1000000000.0,2026-06-06,105461015.55,1.7061
250,Gold tokenized ETF (xStock),GLDX,gold-tokenized-stock-xstock,397.73663886872555,-0.17256888,-2.37602246,-4.4872134,103513046.35161138,574716.98183726,260255.24489278,260255.24489278,,2026-06-06,103530536.97,0.5553
251,ViciCoin,VCNT,vicicoin,16.84748913565507,0.16989665,-1.41169557,0.33153919,102586244.49918298,1080050.78887757,6089111.77642936,9900766.10668683,10000000.0,2026-06-06,168360208.66,1.0571
252,SoSoValue,SOSO,sosovalue,0.32297446944563724,3.84717606,8.25046408,-8.94483693,100768534.43151753,3170876.97104313,312001548.0,1000000000.0,1000000000.0,2026-06-06,324148070.42,3.1511
253,StandX DUSD,DUSD,standx-dusd,0.9989933140623721,0.01284208,0.06156757,0.0871539,100550283.22867735,1114492.29010262,100651607.786836,100651607.786836,,2026-06-06,100550282.49,1.1115
254,Smilek to the Bank,SMILEK,bscbet-online,4.999524079261936e-05,0.0,0.09993907,0.13549662,97935730.28390776,0.0,1958901062006.0,2008932945814.0,2008932945814.0,2026-06-06,100437086.36,0.0
255,BitMart Token,BMX,bitmart-token,0.2996089907962422,0.00592315,-3.22573865,-3.10750707,97157687.69272207,9770941.68711842,324281615.96391135,626297236.4413097,881679315.0,2026-06-06,264446345.32,10.0714
256,Solstice eUSX,EUSX,solstice-eusx,1.032819210606977,0.0,-0.00077549,0.18221484,95907899.67708865,0.0,92860298.0,140284603.0,,2026-06-06,144888632.93,
257,Rollbit Coin,RLB,rollbit-coin,0.05776050333481793,0.76242821,-5.78846381,-3.31180618,95663023.22848631,824065.10750319,1656201343.5714092,1656201343.5714092,,2026-06-06,95432341.36,0.8639
258,SUPERFORTUNE,GUA,superfortune,0.7493115682547018,4.73411564,-17.41498685,-4.2738214,93663946.03183773,8608878.17453131,125000000.0,1000000000.0,1000000000.0,2026-06-06,743854379.05,9.2424
259,Microsoft tokenized stock (xStock),MSFTX,microsoft-tokenized-stock-xstock,413.1088309706821,-0.36271084,-3.35466874,-7.76024079,90780468.52702615,180282.55309685,219749.52293738,219749.52293738,,2026-06-06,90780468.53,0.1986
260,TAC Protocol,TAC,tac-protocol,0.01837236125179879,1.61443149,2.87274011,5.38391001,85376421.8961122,4003551.98248314,4647003220.0,10248175292.0,,2026-06-06,188669154.88,4.664
261,Pharos,PROS,pharos,0.6229429343029326,-4.60405389,5.50166279,0.91036744,84471061.89147766,20125211.86297528,135600000.0,1000000000.0,,2026-06-06,621028599.31,23.9342
262,Meta tokenized stock (xStock),METAX,meta-tokenized-stock-xstock,587.4968045930277,-0.15916307,-5.71126445,-7.36352022,83727577.69185656,2334302.04441561,142515.80100058,142515.80100058,,2026-06-06,83741431.75,2.775
263,Kinetiq,KNTQ,kinetiq,0.21944182275119103,-0.06304255,-10.68431953,5.97925346,83492388.75236055,4076115.55657653,380476190.48,1000000000.0,1000000000.0,2026-06-06,219494220.16,4.8561
264,Magma Finance,MAGMA,magma-finance,0.43123754385550367,0.6331903,2.70047778,69.03046546,81935133.3325457,4777225.76405136,190000000.0,1000000000.0,1000000000.0,2026-06-06,429779513.09,5.8433
265,Cisco tokenized stock (xStock),CSCOX,cisco-tokenized-stock-xstock,122.77576236511477,1.382e-05,-5.38994244,0.67658659,81870314.51769778,3457.55880308,666827.98738589,666827.98738589,,2026-06-06,81870330.87,0.0042
266,AI Rig Complex,ARC,ai-rig-complex,0.08158448209776563,0.15462407,8.99760742,9.63868067,81584344.95425123,9630968.1073718,999998319.0,999998319.0,999998319.0,2026-06-06,81511665.55,11.878
267,AMD Tokenised Stock (xStock),AMDx,amd-tokenised-stock-xstock,459.00619527962914,0.0,-10.41485461,-11.89638609,81293108.77549447,14213.90596034,177106.77897489,177106.77897489,,2026-06-06,81293108.78,0.0175
268,would,WOULD,wouldmeme,0.07968638853386455,-0.38748257,-0.56064014,-0.97322845,79642767.59119593,121907.96717372,999452592.3,999452789.37,1000000000.0,2026-06-06,79826054.01,0.1527
269,Wibegram,WIBE,wibegram,3.9024471142404527,0.0165204,2.45118836,10.66218319,79553975.64867549,1040652.78839076,20385664.0,300000000.0,300000000.0,2026-06-06,1171296082.76,1.3125
270,Joseon Mun,JSM,joseon-mun,0.00024378170352134764,-0.04618613,-2.51811041,-4.7277784,77149595.71340089,340093.65874659,316470000000.0,2400000000000.0,2400000000000.0,2026-06-06,585287107.79,0.4412
271,USDsui,USDsui,usdsui,0.9991227211815003,-0.072137,0.10723473,-0.2234007,76732502.4543287,6131723.06007203,76799877.36,76799877.36,,2026-06-06,76718363.2,8.0503
272,BNB Attestation Service,BAS,bnb-attestation-service,0.030604723100532583,-0.76532204,12.71058219,-3.3925597,76511807.75133146,10508116.39657528,2500000000.0,10000000000.0,10000000000.0,2026-06-06,307157698.56,13.6986
273,Nockchain,NOCK,nockchain,0.03469301289598498,0.72340341,5.46345716,-34.26423036,75782595.83944422,2369701.50491065,2184376320.0,4294967296.0,4294967296.0,2026-06-06,148133115.13,3.1416
274,lisUSD,lisUSD,lisusd,0.9990511391979439,0.02744359,0.19367816,0.41971472,75288958.39580925,13024.3630002,75360464.98706019,75360464.98706019,,2026-06-06,75392458.22,0.0299
275,Keeta,KTA,keeta,0.13625190357841482,-0.64576735,-5.94044725,-14.52247033,75009893.99349788,3233086.38144289,550523640.5767254,1000000000.0,1000000000.0,2026-06-06,136235795.28,4.3102
276,U.S. Dollar Tokenized Currency (Ondo),USDon,us-dollar-tokenized-currency-ondo,0.9997649881378186,0.00665421,0.07546981,0.09236216,74970093.79295433,54178236.1853767,74987716.79591927,74987716.79591927,,2026-06-06,74959992.41,72.1903
277,Vanguard Total World Tokenised ETF (xStock),VTx,vanguard-total-world-tokenised-etf-xstock,154.86291,0.0,-1.05238643,-1.81149505,73679377.74146599,289.66967939,475771.62111616,475771.62111616,,2026-06-06,73679377.74,0.0004
278,FTX Token,FTT,ftx-token,0.22346339592812603,-2.89898621,-7.53467929,-24.80946525,73496016.80223279,3971111.33176851,328895103.813207,328895103.813207,352170015.0,2026-06-06,78909397.28,5.3901
279,Palantir tokenized stock (xStock),PLTRX,palantir-tokenized-stock-xstock,134.42190906970885,-0.00019348,-4.06328986,-15.07587884,73390723.95630625,4719.52766292,545972.93301531,545972.93301531,,2026-06-06,73390723.96,0.0064
280,Quack AI,Q,quack-ai,0.01812501838167925,0.6563458,-6.48760897,3.35832957,73067840.06143792,4572376.84169105,4031325018.422868,9999991598.422869,10000000000.0,2026-06-06,181807142.79,6.2477
281,Qtum,QTUM,qtum,0.6812831355499591,-1.11799874,-8.26671406,-22.36901661,72242865.31340414,24324879.72629299,106039415.25,107822406.0,107822406.0,2026-06-06,73367769.55,33.6379
282,Cysic,CYS,cysic,0.4486413253791794,1.32861256,3.77962315,3.55752215,72141525.12097205,5814657.37681267,160800000.0,1000000000.0,1000000000.0,2026-06-06,449231626.57,8.0626
283,Safe,SAFE,safe1,0.0954165980181267,-1.81451022,-5.26017527,-27.63395884,71545537.44826189,3471735.24548249,749822766.0,1000000000.0,1000000000.0,2026-06-06,95351361.38,4.8529
284,Linde tokenized stock (xStock),LINX,linde-tokenized-stock-xstock,511.93575,0.0,1.6209282,-0.59306977,71492120.13524385,56.13785047,139650.57164936,139650.57164936,,2026-06-06,71492120.14,0.0001
285,Beam,BEAM,onbeam,0.0013858849211759862,-1.15053071,-4.85087764,-19.03631129,71096152.41125652,6069473.07773401,51300184687.0,58470184687.0,58470184687.0,2026-06-06,80895636.49,8.5586
286,MicroStrategy tokenized stock (xStock),MSTRX,microstrategy-tokenized-stock-xstock,118.74317246527954,-0.20872057,-6.57628008,-25.56448236,71040837.57688719,4049308.90118504,598273.02995176,598273.02995176,,2026-06-06,70918431.54,5.7123
287,MYX Finance,MYX,myx-finance,0.21549775498221305,-2.07854209,-18.47633848,6.19081358,71141431.34225512,18588385.80145239,330126090.4,1000000000.0,1000000000.0,2026-06-06,214458419.0,26.2427
288,Rootstock Infrastructure Framework,RIF,rsk-infrastructure-framework,0.07060604163272569,-4.29413653,-16.72139873,1.89855151,70606041.63272569,7878524.00004922,1000000000.0,1000000000.0,1000000000.0,2026-06-06,70233052.42,11.2003
289,Concordium,CCD,concordium,0.005596058111773228,0.46081255,12.52031615,20.6338956,70500280.83124307,611355.73353884,12598203846.90458,14497851364.553534,,2026-06-06,81132410.24,0.8688
290,Gas,GAS,gas,1.0809660090734103,-1.47010312,-9.0868877,-26.34316585,70254500.66144809,6110026.74888538,64992331.0,64992331.0,,2026-06-06,70238682.08,8.7132
291,ZIGChain,ZIG,zigcoin,0.04933781318401586,0.04569945,-13.10564943,-5.07037703,69514057.74287269,4190238.95444045,1408940795.2396517,2000000000.0,1953940796.0,2026-06-06,95565859.12,6.1005
292,0x Protocol,ZRX,0x,0.08176967683189731,-1.51420746,-8.79076627,-22.1483754,69373112.77340825,12485753.84675758,848396562.8973439,1000000000.0,1000000000.0,2026-06-06,81728757.97,18.1188
293,Official Melania Meme,MELANIA,melania-meme,0.0692111090806287,-1.20043571,-11.86475678,-27.74639424,69210840.56773461,14710148.86159423,999996120.378684,999996120.378688,,2026-06-06,69095096.21,21.2879
294,RealLink,REAL,reallink,0.05030224551834539,-0.49404919,-4.36146325,-23.78217991,69117385.56156145,5048206.04385285,1374041752.0,3266826475.0,12000000000.0,2026-06-06,604027319.43,7.3018
295,Coinbase tokenized stock (xStock),COINX,coinbase-tokenized-stock-xstock,149.33680599322233,-0.39904948,-7.46246142,-21.10788813,68079808.54570618,7233457.76755569,455880.97383572,455880.97383572,,2026-06-06,67985092.74,10.6376
296,Micron Technology Tokenized Stock (Ondo),MUon,micron-technology-tokenized-stock-ondo,850.5834903881886,0.01135783,-12.22554171,-11.96620224,67982712.87074539,20502854.41308495,79924.7970822,79924.7970822,,2026-06-06,68010115.39,30.1745
297,MultiBank Group,MBG,multibank-group,0.2719028565440688,-0.38591887,7.00776724,-10.37976252,67467217.52116588,4790314.54836062,248129859.23975053,977514798.0,1000000000.0,2026-06-06,272027911.66,7.018
298,Ravencoin,RVN,ravencoin,0.0041257321379380785,-1.70148884,-8.06017992,-21.19522486,67175637.56065655,10470374.9599106,16282113165.550535,16282113165.550535,21000000000.0,2026-06-06,86339820.91,15.6322
299,Coca-Cola tokenized stock (xStock),KOX,coca-cola-tokenized-stock-xstock,78.85464871441906,-7.23e-06,1.74260063,0.48049256,67151406.11672828,1668.99314455,851584.6207105,851584.6207105,,2026-06-06,67151419.38,0.0025
300,Lumera Health,LUR,lumera-health,4.416191848888436,-0.00566347,1.5575814,14.31210364,66996002.2200011,499811.61060097,15170537.08544481,100000000.0,100000000.0,2026-06-06,441503791.72,0.7412
301,Kamino,KMNO,kamino-finance,0.01402679840012196,-1.47741279,-5.91824442,-24.86641314,66925125.47645517,5431987.00533725,4771233147.25,9999957987.790323,10000000000.0,2026-06-06,139788308.06,8.099
302,MetYa,MY,metya,0.06778037781863869,-1.29813463,0.83924534,-30.03091941,66861341.182227366,209698.08239689,986440963.2110578,994243267.9861139,1000000000.0,2026-06-06,67813044.89,0.3142
303,iShares Core S&P 500 Tokenized ETF (Ondo),IVVon,ishares-core-sp-500-tokenized-etf-ondo,744.555971367443,-0.23990521,-2.72613951,-2.30208901,66851031.10510615,1093089.36551942,89786.44141733,89786.44141733,,2026-06-06,66833097.9,1.6359
304,Berachain,BERA,berachain,0.24180136684595643,-0.9527607,-11.92674112,-30.82218523,66745330.4209477,24099500.46239129,276033718.4672282,541672607.356117,,2026-06-06,130948990.77,36.0082
305,Useless Coin,USELESS,theuselesscoin,0.06653850582596657,-1.56278328,-14.45229769,-4.1506687,66477623.48369994,18178842.78277867,999085005.869746,999085005.869746,1000000000.0,2026-06-06,66548839.66,27.22
306,Derive,DRV,derive,0.08969354619831764,0.02550393,-8.21388849,11.28993451,66151652.69479106,370054.14429285,737529683.0,1500000000.0,1500000000.0,2026-06-06,134416804.66,0.8467
307,MindWaveDAO,NILA,mindwavedao,0.07831780613013303,-0.00440748,-0.18211586,-0.69813535,66003598.028076366,241107.00818341,842766176.55,1057021569.0,1057021569.0,2026-06-06,82837559.81,0.3656
308,Huma Finance,HUMA,huma-finance,0.0226657260807257,2.25622751,-3.88612787,-12.02934329,65708219.44442356,11038121.7984229,2899012333.0,9999996263.3344,10000000000.0,2026-06-06,224281101.8,17.1254
309,Kusama,KSM,kusama,3.5697718959147444,-0.83046117,-4.80087029,-22.17071001,65396043.66243657,15547688.2374516,18319390.0252495,18319390.0252495,,2026-06-06,65255328.0,23.9118
310,GEODNET,GEOD,geodnet,0.14819872073055546,0.02108892,-4.77540188,-1.53754263,65026330.13378202,716513.92247948,438777945.0,976569568.0,1000000000.0,2026-06-06,147846610.19,1.2635
311,TROLL (SOL),TROLL,troll-sol,0.06505709248504368,-2.04536158,0.89736227,-28.96557136,64977198.79230942,6931006.62966059,998771944.922798,998771944.922798,1000000000.0,2026-06-06,64697574.12,10.7176
312,Collector Crypt,CARDS,collector-crypt,0.16247811628353062,-1.49545639,-3.96046543,2.95597544,64880533.689887226,6789006.79196177,399318598.553101,1999705798.950006,2000000000.0,2026-06-06,324251654.36,10.4679
313,AIOZ Network,AIOZ,aioz-network,0.051352622851145675,-2.27037208,-7.69798995,-23.94773351,64595401.78485741,6127242.10995359,1257879309.7306478,1257879309.7306478,,2026-06-06,64591827.45,9.497
314,Core MSCI Emerging Markets Tokenised ETF (xStock),IEMGx,core-msci-emerging-markets-tokenised-etf-xstock,80.22,0.0,-5.25569859,-3.34939759,64458177.95056162,679.85920548,803517.55111645,803517.55111645,,2026-06-06,64458177.95,0.0011
315,Velvet,VELVET,velvet,0.15275858800802253,0.51851335,25.24307475,65.94128189,64171892.64013579,4810557.97704282,420086971.7175287,1000000000.0,1000000000.0,2026-06-06,152610889.31,7.508
316,Qubic,QUBIC,qubic,4.621969335201154e-07,-0.82201279,0.59474393,-4.84331528,63928077.89852761,1961319.19943883,138313505049997.0,171311555551935.0,200000000000000.0,2026-06-06,92368410.89,3.0672
317,Tria,TRIA,tria,0.029436992289492085,-0.67693738,-4.46537784,-19.71458215,63515315.15326839,16945316.96754113,2157670000.0,10000000000.0,10000000000.0,2026-06-06,294640519.98,26.5491
318,Plume,PLUME,plume,0.010991217250419525,-2.45536377,-6.06501761,-11.3595793,63283886.55751677,25626371.7519245,5757677709.0,10000000000.0,10000000000.0,2026-06-06,110084653.06,40.529
319,0G,0G,zero-gravity,0.2970528523971326,-1.17046311,-10.0477128,-31.23043906,63344737.86246844,22061998.75353431,213243998.0,1000000000.0,,2026-06-06,296979599.68,34.8509
320,Zama,ZAMA,zama,0.028764372780475098,-0.88448675,-5.99548925,-24.68526918,63281620.117045216,23455798.02917743,2200000000.0,11000000000.0,,2026-06-06,316171091.31,37.0536
321,Pfizer tokenized stock (xStock),PFEX,pfizer-tokenized-stock-xstock,25.94166,0.0,0.6661234,1.21599688,63227634.315611914,277.49638052,2437301.01757605,2437301.01757605,,2026-06-06,63227634.32,0.0004
322,Yearn,YFI,yearn-finance,1753.9928495488066,-0.88844503,-11.20328575,-23.7020254,62820914.96358518,9529689.58489552,35815.94701469,36646.35595035,,2026-06-06,64121096.86,15.2049
323,S&P Small Cap Tokenised ETF (xStock),IJRx,sp-small-cap-tokenised-etf-xstock,139.5,0.0,0.0,0.0,62656483.2810912,0.0,449150.4177856,449150.4177856,,2026-06-06,62656483.28,
324,Fidelity Digital Dollar,FIDD,fidelity-digital-dollar,0.9999216388711678,0.00028778,0.06643552,0.03669909,62596154.51027231,19630559.77138489,62601060.0,62601060.0,,2026-06-06,62597446.19,31.3511
325,USD.AI,CHIP,usd-ai,0.031157253939549552,-1.16550543,-13.47405889,-19.63898142,62314507.8790991,25609073.9904806,2000000000.0,10000000000.0,10000000000.0,2026-06-06,312435936.62,40.9444
326,Theta Fuel,TFUEL,theta-fuel,0.008438402687803303,-1.39323123,-5.13702264,-17.84942152,62069588.73925193,1932411.45767497,7355608761.0,7355608761.0,,2026-06-06,62066345.01,3.1135
327,ORDI,ORDI,ordi,2.9362457939110276,-1.43830335,-7.51304243,-13.17726886,61661161.67213158,34713880.26547785,21000000.0,21000000.0,21000000.0,2026-06-06,61375391.71,56.5712
328,Orca,ORCA,orca,1.0113627989328369,-1.05769505,-6.97209818,-21.80668888,61489630.64201068,22860106.22903808,60798786.258396,74999554.595535,,2026-06-06,75584870.75,37.4968
329,Light,LIGHT,light,0.09651020544913942,-2.25030032,-15.56545114,-19.7062175,61453978.2986046,0.0,636761449.3473507,919934934.802251,1000000000.0,2026-06-06,96286603.93,
330,UnifAI Network,UAI,unifai-network,0.25672768973968046,0.15790321,0.63177926,-4.09367475,61357917.84778363,6894014.0663498,239000000.0,1000000000.0,1000000000.0,2026-06-06,258824743.96,11.1345
331,Comedian,BAN,comedian,0.06122116941082636,-0.46044436,-21.426352,-11.56286993,61218834.37420386,21333829.99635062,999961859.0,999961859.0,999961859.0,2026-06-06,61173060.46,34.8908
332,Velo,VELO,velo,0.003474545016867759,-0.68786959,-4.92054451,-23.32075464,61026478.232255906,4424109.28793464,17563876115.0,23999804349.0,24000000000.0,2026-06-06,83153851.96,7.2706
333,Impossible Cloud Network,ICNT,impossible-cloud-network,0.23989812486039236,-0.65665175,3.26755989,-0.47237083,60695695.92528654,7590841.74831119,253006129.0,700000000.0,700000000.0,2026-06-06,167148054.54,12.5567
334,Dog (Bitcoin),DOG,dog-go-to-the-moon-rune,0.0006066967356959592,0.14696378,-3.04469566,-2.68963694,60669673.56959592,1176398.24853939,100000000000.0,100000000000.0,100000000000.0,2026-06-06,60152807.16,1.9568
335,Pirate Chain,ARRR,pirate-chain,0.3089154407959936,-3.25911425,-12.50357999,-6.76915319,60613471.89032849,177075.51623158,196213797.97055,196213797.97055,,2026-06-06,60313836.39,0.2934
336,XPR Network,XPR,proton,0.002079983359407105,0.43103794,-3.17979423,-21.65462274,60598046.42979968,1794627.74419211,29133909247.7514,32165008555.5831,,2026-06-06,66693765.47,2.9354
337,Zilliqa,ZIL,zilliqa,0.0030123425396733506,-0.96056811,-7.54004833,-20.90044321,60344805.95404643,16747050.68468164,20032517935.556572,20474473361.26657,21000000000.0,2026-06-06,63225140.09,27.5869
338,Mastercard tokenized stock (xStock),MAX,mastercard-tokenized-stock-xstock,494.6843494305059,0.0034278,4.42987004,-0.41076236,60313876.92425002,29.8632247,121923.96422827,121923.96422827,,2026-06-06,60311250.22,0.0
339,Dohrnii,DHN,dohrnii,3.5246209228410446,-0.91882058,-8.15384794,-10.24481668,60183050.291589595,423403.85236573,17075042.0,372000000.0,372000000.0,2026-06-06,1312150321.65,0.7036
340,Venus BUSD,vBUSD,venus-busd,0.022314312629387465,0.060012,0.10006004,0.050005,60131950.73202139,0.0,2694770470.0,2694770470.0,,2026-06-06,60107907.57,
341,Goldman Sachs tokenized stock (xStock),GSX,goldman-sachs-tokenized-stock-xstock,1059.26708,0.0,-2.46788144,4.17756666,59762436.809197016,4999.32750344,56418.66714974,56418.66714974,,2026-06-06,59762436.81,0.0084
342,Diem,DIEM,venice-ai,1554.0547508530742,-1.18486584,9.69545693,12.65202009,59701076.17114783,3483619.73352605,38416.32744173,37220.11636365,,2026-06-06,57350250.4,5.9835
343,Oracle tokenized stock (xStock),ORCLX,oracle-tokenized-stock-xstock,210.1937852767198,0.0,-9.02287879,-7.28476934,59560380.10425717,5934.43238391,283359.37728057,283359.37728057,,2026-06-06,59560380.1,0.01
344,Babylon,BABY,babylon,0.015757045960387663,-2.82344899,26.77077771,5.56859284,58192107.43311941,257525821.02635574,3693084831.98,10814388313.0,,2026-06-06,168379485.96,448.2516
345,Enjin Coin,ENJ,enjin-coin,0.02952897029951016,-1.48407692,-6.65307477,-26.39959065,58237237.39733123,7087345.29653056,1972206846.5860896,1995373117.3955002,,2026-06-06,59004842.64,12.1534
346,SuperVerse,SUPER,superverse,0.09051191877449352,-1.17095448,-7.38031546,-19.27225187,57942347.64471445,10314730.36991486,640162626.4169173,999998077.4169173,999998077.417,2026-06-06,90464615.74,17.8184
347,AstraZeneca tokenized stock (xStock),AZNX,astrazeneca-tokenized-stock-xstock,102.23247513506739,-0.18261181,-0.93631971,-4.13092814,57881641.65457586,767670.87795332,566176.66331666,566176.66331666,,2026-06-06,57855112.98,1.3243
348,Bio Protocol,BIO,bio,0.0261246404244419,-2.22787484,-7.77602125,-16.27576149,57455484.315366216,46953890.14123411,2199283258.33,3311014773.0057616,3320000000.0,2026-06-06,86443048.56,81.8153
349,Baby Doge Coin,BabyDoge,baby-doge-coin,3.20512756851212e-10,-1.37064003,-6.73398711,-18.26801891,57431406.36116502,7185067.32294318,1.7918602343751872e+17,2.026150676904291e+17,,2026-06-06,64876793.14,12.5237
350,Backpack,BP,backpack-exchange,0.22936270196871,-0.94542471,-4.73777149,59.79591494,57340640.53729139,2774463.7897079,249999847.599955,999999847.599955,1000000000.0,2026-06-06,227932045.12,4.8586
351,Eurite,EURI,eurite,1.1511969813166578,0.02188189,-0.83209363,-1.25448072,57120699.65086219,38405587.42977339,49618527.99990108,49618527.99990108,,2026-06-06,57110935.82,67.1435
352,Schwab International Equity Tokenised ETF (xStock),SCHFx,schwab-international-equity-tokenised-etf-xstock,27.290000000000003,0.0,-0.6190823,-2.67475036,56937146.89635755,228.76145419,2086374.01598965,2086374.01598965,,2026-06-06,56937146.9,0.0004
353,Turbo,TURBO,turbo,0.0008242505377064223,-1.82202094,-7.94129704,-24.76481637,56873287.09350064,15854545.73590927,68999999990.0,68999999990.0,69000000000.0,2026-06-06,56765228.6,28.062
354,Quantix Finance,QFI,quantixai,56.797615838686546,-0.15682788,-1.15186613,-3.24548001,56797615.83868655,1232705.0078059,1000000.0,10000000.0,10000000.0,2026-06-06,567695863.3,2.1635
355,aPriori,APR,apriori,0.22981269575413346,0.03722963,2.43526899,21.01730464,56735009.264301695,9004528.70180418,246875000.0,1000000000.0,1000000000.0,2026-06-06,228958256.06,15.9355
356,Numeraire,NMR,numeraire,7.55697960338871,-0.48769242,-5.33320037,-10.41067936,56627677.999593645,7690257.05030753,7493427.39713107,10634632.54802437,11000000.0,2026-06-06,83433660.87,13.5846
357,PlaysOut,PLAY,playsout,0.07609062667805036,-0.56570495,-5.35967485,-10.29226172,56507027.47153263,4520691.20694196,742627967.9706336,3999999999.999999,5000000000.0,2026-06-06,380500216.62,8.0083
358,GMX,GMX,gmx,5.40480713029706,-0.59740718,-2.12284131,-15.91229961,56271336.77230902,10037470.01075035,10411349.64037398,10411349.64037398,13250000.0,2026-06-06,71281238.67,17.6889
359,AppLovin tokenized stock (xStock),APPX,applovin-tokenized-stock-xstock,559.92,0.0,2.48563166,-10.17854565,56237338.78410904,442.140828,100438.16756699,100438.16756699,,2026-06-06,56237338.78,0.0008
360,Wormhole,W,wormhole,0.009404651405972159,-0.98965991,-8.53232937,-20.38418059,56050656.3623572,248290960.0012873,5959886650.0,10000000000.0,10000000000.0,2026-06-06,94210196.15,440.9031
361,Visa tokenized stock (xStock),VX,visa-tokenized-stock-xstock,323.1656275987381,7.656e-05,0.36799713,-2.05774498,55653659.48158837,342.8777398,172214.04360086,172214.04360086,,2026-06-06,55653659.48,0.0006
362,Jelly-My-Jelly,JELLYJELLY,jelly-my-jelly,0.055399884156072714,-0.13120807,-8.92121291,-7.45550084,55399834.24077709,6537190.03484995,999999099.0,999999099.0,,2026-06-06,54963368.58,11.8641
363,Vanguard tokenized ETF (xStock),VTIX,vanguard-tokenized-etf-xstock,370.47744582630594,-2.47e-05,0.42790476,-2.85490956,54932978.62939808,34359.48446092,148276.17510393,148276.17510393,,2026-06-06,54932988.32,0.0625
364,Amazon tokenized stock (xStock),AMZNX,amazon-tokenized-stock-xstock,243.87707836065516,-0.08578565,-3.18540516,-9.82062548,54184241.77035235,16868595.17422076,222178.49309406,300884.77360183,,2026-06-06,73410720.86,31.1249
365,Procter & Gamble tokenized stock (xStock),PGX,procter-gamble-tokenized-stock-xstock,141.00137563370913,-5.90861911,1.69840616,2.35587177,54087907.486776985,46924.95778129,383598.43826833,383598.43826833,,2026-06-06,54098190.8,0.0864
366,NVIDIA Tokenized Stock (Ondo),NVDAon,nvidia-tokenized-stock-ondo,202.59153963140196,-0.17303468,-6.07960027,-4.81622661,54081582.14855503,6742504.4919998,266948.86788931,266948.86788931,,2026-06-06,54091543.94,12.4595
367,Mina,MINA,mina,0.04197839158965912,-1.0816254,-7.33478857,-25.76939552,54036659.925757945,9464852.64443885,1287249412.8400393,1287249412.8400393,,2026-06-06,53951405.84,17.5566
368,BitDCA,BDCA,bitdca,0.6546697096544543,-0.93952147,-1.04860459,-4.42267658,53668150.6482468,238646.99704962,81977445.8124445,142665333.0,142665333.0,2026-06-06,93484036.41,0.4396
369,Exxon Mobil tokenized stock (xStock),XOMX,exxon-mobil-tokenized-stock-xstock,150.94847913137278,0.0,-0.43314052,1.9613691,53512437.95049419,1754.76637385,354507.96363388,354507.96363388,,2026-06-06,53512437.95,0.0033
370,Alchemy Pay,ACH,alchemy-pay,0.0053440283308704185,-0.84176609,-3.17008256,-15.17689228,53440283.30870412,9408704.56064843,9999999999.999989,15346246087.999989,15346246087.999989,2026-06-06,82159868.09,17.556
371,CrowdStrike tokenized stock (xStock),CRWDX,crowdstrike-tokenized-stock-xstock,683.3786424805797,-3.783e-05,-6.6546549,-6.79390743,53400348.36576544,6828.75395075,78141.67,78141.67,,2026-06-06,53400377.9,0.0128
372,Law Blocks (AI),LBT,law-blocks,0.21836371081194456,0.14586273,8.92594455,8.80274501,53498669.80114026,541873.97829919,244997988.0,1000000000.0,,2026-06-06,218486892.92,1.013
373,USDH,USDH,hyperliquid-usd,0.9998508605554529,-0.00912931,-0.02696575,0.00192379,53014877.463640116,3728276.22568659,53022785.252381,55193722.19,,2026-06-06,55186670.52,7.0967
374,aelf,ELF,aelf,0.06445877056975553,-0.1549624,-0.56497761,-11.25942606,52854189.42891814,1977720.66095999,819968934.587742,996445562.9285519,,2026-06-06,64236076.22,3.7449
375,BankrCoin,BNKR,bankr-coin,0.0005326514837467049,-1.4648583,-11.56471831,-20.33434962,52892292.33604762,9120452.1844888,99299999999.99966,100000000000.0,100000000000.0,2026-06-06,53023531.5,17.3118
376,Holo,HOT,holo,0.0003001105709770826,-0.92964975,-6.7891528,-19.7034726,52858331.833125785,7330936.03664508,176129523398.7683,177619433541.14133,,2026-06-06,53347718.31,13.9157
377,Meteora,MET,meteora,0.10059112522323302,-1.50695329,-13.12691298,-21.30972356,52696950.90908732,15228336.14489725,523872765.039079,997734161.529733,1000000000.0,2026-06-06,100372617.67,29.0202
378,ZetaChain,ZETA,zetachain,0.035922816670224234,-1.50747983,-8.97904077,-27.5759508,52489596.47534202,6847405.33851944,1461177083.0,2100000000.0,2100000000.0,2026-06-06,75322329.75,13.0582
379,Purr,PURR,purr,0.0879262098008923,-0.29500044,-11.02872333,-18.42933877,52346231.7157926,4915071.71298806,595342752.0,595342752.0,1000000000.0,2026-06-06,88082201.19,9.251
380,Brett (Based),BRETT,based-brett,0.005242746111535721,-0.30588988,-5.90360435,-22.25276923,52427448.24296402,27862877.67681952,9999997544.723145,9999997544.723145,9999997544.723145,2026-06-06,52315149.91,53.3096
381,KUB Coin,KUB,bitkub-coin,0.7565580358304318,-0.23132295,-4.66253644,-6.01972612,52183421.05240401,207217.86029222,68974776.0,110000000.0,110000000.0,2026-06-06,83201010.47,0.3961
382,AbbVie tokenized stock (xStock),ABBVX,abbvie-tokenized-stock-xstock,226.8497023637605,0.01270399,0.503311,4.6671063,51918738.35636001,760.82294565,228868.44379944,228868.44379944,,2026-06-06,51920256.18,0.0015
383,Nano,XNO,nano,0.3886123181268943,-0.85245663,-4.98322962,-11.52857475,51781929.5836309,546457.41799718,133248297.0,133248297.0,133248297.0,2026-06-06,51413553.11,1.0646
384,MegaETH,MEGA,megaeth,0.04504817657623247,-0.91266912,-8.93683226,-26.04431359,50895105.00837798,24345393.65875452,1129792788.0,10000000000.0,10000000000.0,2026-06-06,449208496.72,48.0733
385,Seeker,SKR,solana-mobile-seeker,0.01015854580778232,-0.78707931,-9.7824641,-26.76823422,50812571.71248443,8613726.95238643,5001953298.626426,10353780205.438885,,2026-06-06,104909474.07,17.0026
386,OpenLedger,OPEN,openledger,0.17460447378216504,-0.56951337,-2.20535768,-1.60682671,50768823.72369014,17303457.345612,290764736.0,1000000000.0,1000000000.0,2026-06-06,175109211.64,34.0761
387,Spark,SPK,spark,0.01834706942546309,-0.51019841,-5.63250567,-24.08000968,50560321.45428387,20658455.93765242,2755770978.0131655,10000000000.0,10000000000.0,2026-06-06,183523032.03,41.0624
388,Berkshire Hathaway tokenized stock (xStock),BRK.BX,berkshire-hathaway-tokenized-stock-xstock,489.83317372163464,-0.02137638,2.53623751,3.46756718,50417722.87601789,14844.27994909,102928.35516418,102928.35516418,,2026-06-06,50417722.88,0.0294
389,Nervos Network,CKB,nervos-network,0.001031262329024676,-1.42260991,-4.83084912,-21.37657134,50428783.33800488,7740624.10381478,48900053767.791824,49710357941.00827,,2026-06-06,51199368.81,15.2178
390,Honeywell tokenized stock (xStock),HONX,honeywell-tokenized-stock-xstock,226.14274161888144,0.00844151,-3.79891599,-4.76475274,50368788.15641276,613667.26937236,222730.06772554,222730.06772554,,2026-06-06,50369855.99,1.2182
391,WhiteRock,WHITE,whiterock,7.695303486307505e-05,-0.2191998,-12.83719955,-41.94895852,50019472.660998784,65162.34249052,650000000000.0,1000000000000.0,1000000000000.0,2026-06-06,76777237.76,0.1303
392,Lombard,BARD,lombard,0.15425040800513745,-1.25039975,-4.94004732,-20.72374978,49745756.58165683,9024547.56998136,322500000.0,1000000000.0,1000000000.0,2026-06-06,154385548.73,18.1545
393,Gamestop tokenized stock (xStock),GMEX,gamestop-tokenized-stock-xstock,21.990897370391924,-0.00022271,-1.27850732,2.53944469,49663136.77036919,4875.50106997,2258349.71324247,2258349.71324247,,2026-06-06,49663136.77,0.0098
394,Oasis,ROSE,oasis-network,0.006470088654262374,-0.8658406,-9.1793981,-30.69857306,49611934.807083935,6277774.48162869,7667891038.0,10000000000.0,10000000000.0,2026-06-06,64464581.49,12.6937
395,SushiSwap,SUSHI,sushiswap,0.17233382360454805,-1.63488974,-13.35245411,-12.8148296,49431378.49018669,18294885.55729884,286835035.9568193,291514753.90092283,,2026-06-06,50080127.63,37.038
396,Toshi,TOSHI,toshithecat,0.00011702760272022542,-0.84037242,-9.17917059,-22.34999446,49229929.41077488,10070548.50170263,420669382833.27466,420690000000.0,420690000000.0,2026-06-06,49151221.8,20.5154
397,Alchemist AI,ALCH,alchemist-ai,0.057864170476227855,-0.52389794,-0.68956261,-16.77483073,49184544.90479368,17646886.92087643,850000000.0,1000000000.0,1000000000.0,2026-06-06,57424849.68,36.1885
398,TQQQ tokenized ETF (xStock),TQQQX,tqqq-tokenized-stock-xstock,74.84088877022539,1.53833005,-11.43845239,-13.70812317,49071113.80140688,18479.16441861,655672.51548901,655672.51548901,,2026-06-06,49074048.31,0.0377
399,peaq,PEAQ,peaq,0.022084494356920975,-1.50404557,-13.295467,-26.39397395,49035546.83933748,5903781.20741747,2220360858.023015,4413076222.392437,5667620228.64,2026-06-06,124396816.94,12.1292
400,Ronin,RON,ronin,0.0633645091329295,-1.18631964,-8.03125368,-20.34761935,48942853.27077192,7662604.55651187,772401679.4337813,1000000000.0,1000000000.0,2026-06-06,63185258.03,15.7547
401,DigiByte,DGB,digibyte,0.002678370990965403,0.6294151,-1.35078608,-17.14857688,49068897.58115484,3938320.99087453,18320426015.16836,18320426015.16836,21000000000.0,2026-06-06,56062733.6,8.0414
402,Global X Copper Miners Tokenised ETF (xStock),COPXx,global-x-copper-miners-tokenised-etf-xstock,80.5,0.0,-10.81320629,-8.33523115,48945357.69070552,379.8427115,608016.86572305,608016.86572305,,2026-06-06,48945357.69,0.0008
403,Axelar,AXL,axelar,0.04138014495003056,-0.71851087,-7.21370428,-25.09460564,48906101.51887664,8056532.93760198,1181873615.4243588,1243122759.845987,,2026-06-06,51268645.91,16.5314
404,OpenServ,SERV,openserv,0.06351135730878095,1.63350671,13.57559173,-2.8173095,48903745.127761334,1692368.87359144,770000000.0,1000000000.0,1000000000.0,2026-06-06,63489444.38,3.4166
405,Ton Strategy tokenized stock (xStock),TONXX,ton-strategy-tokenized-stock-xstock,3.13,0.0,-15.86021505,-17.41424802,48697028.08517944,2437.63836913,15558155.93775701,15558155.93775701,0.0,2026-06-06,48697028.09,0.005
406,Janction,JCT,janction,0.004237367381827416,2.13432291,-1.5967571,4.34945244,48702976.5094175,6414480.75055627,11493687500.0,50000000000.0,50000000000.0,2026-06-06,210828384.16,13.0872
407,Astar,ASTR,astar,0.005583932790362584,-1.27074713,-8.63058684,-25.88160204,48613067.579727784,6160581.9081005,8705883363.0,8706661567.0,10000000000.0,2026-06-06,55755357.6,12.6819
408,io.net,IO,io-net,0.13997384391614348,-2.71079255,-9.62059746,-17.82348828,48496133.63157734,48930435.06583882,346465684.407658,800000000.0,800000000.0,2026-06-06,111268531.2,101.822
409,Matrixdock Gold,XAUM,matrixdock-gold,4323.308038314642,0.03856068,-2.73620963,-4.3437463,48424680.11611874,1036189.56726749,11200.83965495,11200.83965495,,2026-06-06,48357131.47,2.125
410,ECOMI,OMI,ecomi-new,0.0001711331920899085,-0.72121621,-2.00138075,-0.00895309,48355443.35115606,1005186.10731221,282560283955.61914,305278604837.5089,,2026-06-06,51997302.12,2.0664
411,XYO,XYO,xyo,0.0034790114857768785,-0.10350792,-4.9448555,-18.16869857,48016910.145118594,13509334.44891575,13801883190.505249,13930752875.47967,13931216938.0,2026-06-06,48328079.33,28.2713
412,Amp,AMP,amp,0.000552820121247345,-0.62405758,-9.32976354,-25.73370319,47974389.69328935,11074244.52612876,86781193103.18022,99720238122.2857,100000000000.0,2026-06-06,55191590.16,22.9536
413,Creditcoin,CTC,creditcoin,0.08860269512989032,-1.37414666,-11.62967159,-32.13884674,47903827.88892469,6495400.10877908,540658812.0,549564264.0,600000000.0,2026-06-06,52457543.13,13.8518
414,StablR Euro,EURR,stablr-euro,4.028243270837735,-0.0042309,414.94085841,186.31138729,47869797.89380544,8631.57239632,11883541.95,11883541.95,,2026-06-06,47870510.38,0.018
415,Solstice,SLX,solstice,0.19578283406612035,2.99297059,-2.89004447,-9.48137568,47546688.04386559,51567685.87103219,242854223.0,1000000000.0,1000000000.0,2026-06-06,190377492.14,111.6163
416,Loaded Lions,LION,loaded-lions,0.001536107112274818,-0.10783168,-5.44336405,-12.17113153,47381562.87545094,87544.39117909,30845220686.0,100000000000.0,100000000000.0,2026-06-06,152172916.26,0.2043
417,Home Depot tokenized stock (xStock),HDX,home-depot-tokenized-stock-xstock,313.01049486307284,0.0034278,-3.21293607,-2.56603911,47047571.95240497,264.42073673,150306.69170689,150306.69170689,,2026-06-06,47047140.46,0.0006
418,Irys,IRYS,irys,0.018316857854665487,-1.49221068,-11.09240213,-24.15359335,47015951.82783846,159203055.3483769,2566813162.0,10000000000.0,,2026-06-06,182123074.38,340.1179
419,UnitedHealth tokenized stock (xStock),UNHX,unitedhealth-tokenized-stock-xstock,401.4352253134934,-0.02724962,1.21749833,9.36311757,46441837.618178114,3888.84532105,115689.49282393,115689.49282393,,2026-06-06,46439169.16,0.0084
420,Blur,BLUR,blur-token,0.01637437511374549,-1.29129941,-7.01783774,-23.50419013,46090139.55752507,18078936.46898868,2814772425.656393,3000000000.0,,2026-06-06,49082652.43,39.0887
421,StorX Network,SRX,storx-network,0.05511020306534252,-0.03787799,0.641733,-2.48263,45961909.35649566,2053215.42632806,834000000.0,977000000.0,1500000000.0,2026-06-06,82644701.06,4.4923
422,Block Street,BSB,block-street,0.2054413745964165,0.19274347,-8.54961157,-45.94809799,45741522.053892136,12592621.05208721,222650000.0,1000000000.0,1000000000.0,2026-06-06,208126896.04,27.2172
423,Dusk,DUSK,dusk,0.09183935777467353,-0.91605929,-3.92707791,-23.29586204,45644160.75122448,7143074.43086408,496999999.31632507,500000000.0,1000000000.0,2026-06-06,91806883.45,15.6808
424,VNDC,VNDC,vndc,3.2157824667296924e-05,0.0,-0.42579265,0.03692066,45421846.500029296,0.0,1412466389439.0,1412466389439.0,,2026-06-06,45421846.5,
425,Ontology,ONT,ontology,0.04527367709486584,-1.81593152,-3.74387541,-13.45820076,45273677.09486584,12036291.19210293,1000000000.0,1000000000.0,1000000000.0,2026-06-06,45099326.66,26.6335
426,Aztec,AZTEC,aztec,0.015664194949199167,-1.73642936,-12.50509559,-31.90989448,45106609.51003594,9285614.71132934,2879599600.0,10350000000.0,10350000000.0,2026-06-06,162066172.74,20.5327
427,Kava,KAVA,kava,0.0414674770250599,-1.67223303,-7.42722096,-26.27582246,44902933.84056962,11836992.07952909,1082847018.0,1082847018.0,,2026-06-06,44868145.78,26.2757
428,Targon,SN4,targon,10.139566714711561,-0.85580968,-7.08415731,-28.61880799,44762658.47623482,154695.49965603,4414652.0,4414652.0,21000000.0,2026-06-06,212635822.5,0.3455
429,Movement,MOVE,movement,0.011667200994940601,-1.24639441,-3.51555259,-21.89887605,44772883.81808455,23826510.2296924,3837500000.0,10000000000.0,10000000000.0,2026-06-06,116118262.53,53.6343
430,CROSS,CROSS,cross,0.10420156254135425,0.72430683,5.24394841,0.68924695,44595495.33577889,4977517.02815399,427973383.9699417,985222813.1718696,985222890.0,2026-06-06,102028877.96,11.2297
431,VVS Finance,VVS,vvs-finance,1.017645527514932e-06,-0.07876366,-3.95113407,-16.30788363,44318799.637687296,225746.35903074,43550331072463.74,95109375559623.39,100000000000000.0,2026-06-06,101399238.37,0.5095
432,Playnance,GCOIN,playnance,0.0017607867637382893,-0.18174833,0.93282273,-8.80014938,44065449.549314424,189489.24834584,25026000000.0,77000000000.0,77000000000.0,2026-06-06,135578017.37,0.4263
433,SLIMEX,SLX,slimex,0.025449622391025866,1.14549634,70.72964094,1982.01902034,44104195.60364783,1295984.47053635,1733000000.0,10000000000.0,10000000000.0,2026-06-06,255665437.37,2.9497
434,Allora,ALLO,allora,0.21793151748428996,-6.03529097,20.27016191,-10.92861166,43695269.25560014,119559371.97439991,200500000.0,785499999.0,1000000000.0,2026-06-06,222917563.79,269.0412
435,Fabric Protocol,ROBO,fabric-foundation,0.01951410763278063,0.63251126,-5.48786813,2.08924211,43535974.12873358,44039090.41510738,2231000000.0,10000000000.0,10000000000.0,2026-06-06,194930976.21,100.791
436,Unitas,UP,unitas,0.29692263470955266,-0.41323509,0.91718866,9.35854732,43350704.667594686,15779795.76603968,146000000.0,999999961.340917,1000000000.0,2026-06-06,296546107.75,36.554
437,Opinion,OPN,opinion,0.24044487393656055,0.04800317,-10.10762149,73.93845843,43343663.83666228,275789165.39347404,180264453.66474378,1000000000.0,1000000000.0,2026-06-06,241641625.18,630.6957
438,XPIN Network,XPIN,xpin-network,0.0011568352548162544,-1.20520609,-7.69906634,-7.22873734,43109659.92585904,5367721.33988098,37265167833.0,100000000000.0,100000000000.0,2026-06-06,115266842.83,12.4981
439,Request,REQ,request,0.05395482607546252,-0.33923711,-5.98322299,-19.53473025,42985531.0223518,2845278.60328084,796694830.6390833,999416740.9347085,,2026-06-06,53460717.87,6.7714
440,Flow,FLOW,flow,0.025757080484413337,-1.10865939,-3.46915835,-19.72053309,42926908.09722043,5163683.00043262,1666606124.9914274,1666606124.9914274,,2026-06-06,42887911.79,12.0294
441,EscoinToken,ELG,escointoken,0.27305128588814637,0.03939384,63.27365345,-2.64415011,42906527.8921843,253549.01171622,157137248.97,225000000.0,370000000.0,2026-06-06,101065228.53,0.6056
442,Fogo,FOGO,fogo,0.011142658431266593,-0.99692505,-5.16577535,-20.03969238,42727300.18575253,8424979.12737384,3834569680.95321,10008569680.953297,,2026-06-06,111045198.67,19.8229
443,Orbler,ORBR,orbler,0.042434383076637536,16.92885159,106.43934404,106.5622793,43095797.197057314,40278.93276882,1015586750.0,2000000000.0,2000000000.0,2026-06-06,83049452.26,0.097
444,KGeN,KGEN,kgen,0.19892139511941645,-1.93928371,-3.49028435,15.29971817,41988833.54107142,3689421.83045134,211082541.0,1000000000.0,1000000000.0,2026-06-06,198078996.08,8.7489
445,ChainOpera AI,COAI,chainopera-ai,0.2223371178629392,-0.51944818,-10.24477073,-22.20318104,41799399.94727012,7735089.46671339,188000098.0,1000000000.0,1000000000.0,2026-06-06,221646573.22,18.5307
446,Chevron tokenized stock (xStock),CVXX,chevron-tokenized-stock-xstock,188.8111142374918,0.0,-1.87552529,3.23378412,41629150.10285847,8240.51412648,220480.40058964,220480.40058964,,2026-06-06,41629150.1,0.0198
447,Threshold,T,threshold,0.0037279254406224313,-1.63227269,-6.84214997,-23.51618229,41585008.29014322,6959364.7420474,11155000000.0,11155000000.0,11155000000.0,2026-06-06,41507359.01,16.7586
448,Fractal Bitcoin,FB,fractal-bitcoin,0.40006313375533437,0.01156068,-1.04747815,-0.14315829,41404694.03165026,3931053.93822033,103495399.9459796,150745375.0,210000000.0,2026-06-06,84026392.53,9.4914
449,SPDR S&P 500 Tokenized ETF (Ondo),SPYon,spdr-sp-500-tokenized-etf-ondo,737.4275352595946,0.0131109,-2.47226122,-2.94838108,41347791.97635827,1644687.3395081,56070.31199588,56070.31199588,,2026-06-06,41373403.72,3.9754
450,Amber tokenized stock (xStock),AMBRX,amber-tokenized-stock-xstock,1.5798939233006057,0.0,6.74958941,-1.86994265,41210705.07299469,257.581475,26084475.96715868,26084475.96715868,,2026-06-06,41210705.07,0.0006
451,Verge,XVG,verge,0.002481827281770965,-0.58587635,-2.22437502,-24.70090596,41004629.32495239,5980391.23783756,16521951235.741348,16521951235.741348,16521951235.741348,2026-06-06,40746127.76,14.6936
452,Popcat (SOL),POPCAT,popcat-sol,0.04151349855475737,-1.02434154,-6.78982987,-21.74537813,40680605.17286165,15379226.3366912,979936805.8368506,979936805.8368506,979973220.96,2026-06-06,40653870.53,37.8576
453,Paycoin,PCI,payprotocol,0.03794267795984708,-0.24712993,-8.10710875,-18.49417945,40488101.09014238,475965.48305482,1067086016.7800754,1900000000.0,1900000000.0,2026-06-06,72518406.37,1.1811
454,Aegis YUSD,YUSD,aegis-yusd,0.9987205741937718,-0.04137727,0.04350688,0.04109011,40607210.59799407,38457.51774348,40659231.0674832,40659231.0674832,,2026-06-06,40615023.34,0.0949
455,ZORA,ZORA,zora,0.009060467577454113,-1.812869,-6.57746802,-7.89095286,40500290.06215942,20205539.3553614,4469999999.0,10000000000.0,10000000000.0,2026-06-06,90390804.17,49.809
456,Mog Coin,MOG,mog-coin,1.0357916640720943e-07,-1.26125975,-6.84589304,-21.53708511,40454658.81367832,11912503.1938369,390567526433216.7,390567526433216.7,420690000000000.0,2026-06-06,43576586.21,29.468
457,Netflix tokenized stock (xStock),NFLXX,netflix-tokenized-stock-xstock,81.581,0.0,0.59805662,-4.62378414,40441609.16082305,11435.9832065,495723.38118953,495723.38118953,,2026-06-06,40441609.16,0.0283
458,Peanut the Squirrel,PNUT,peanut-the-squirrel,0.04020897444548961,-1.60503748,-5.55735197,-24.74992062,40202620.709912874,19640394.89441873,999841982.152881,999841982.152881,,2026-06-06,40081409.92,48.8403
459,Polymesh,POLYX,polymesh,0.037998736605543586,-2.02785686,-6.32508885,-22.08076279,40041950.97203509,3587156.44169364,1053770586.840864,1283688614.294006,,2026-06-06,48671920.54,8.9377
460,Burnedfi,BURN,burnedfi-app,3.242377164765944,1.26252225,-3.95328984,-17.18058021,39971036.21712396,246382.35248176,12327694.83189021,12327694.83189021,21000000.0,2026-06-06,68199563.71,0.6165
461,iShares Bitcoin Trust Tokenized Stock (Ondo),IBITon,ishares-bitcoin-trust-tokenized-stock-ondo,34.5150576068126,0.02048261,-2.6642564,-16.94007567,39876195.85141273,3930.48277719,1155327.51837395,1155327.51837395,,2026-06-06,39875984.78,0.0099
462,Broadcom tokenized stock (xStock),AVGOX,broadcom-tokenized-stock-xstock,378.4064347310636,-1.89569581,-8.28875834,-16.06795865,39694086.57171296,118363.37484257,104898.02214892,104898.02214892,,2026-06-06,39686362.66,0.2978
463,Merck tokenized stock (xStock),MRKX,merck-tokenized-stock-xstock,121.8987,0.0,0.65122616,2.40146169,39686735.434116036,109.45649969,325571.4411566,325571.4411566,,2026-06-06,39686735.43,0.0003
464,Asteroid Shiba,ASTEROID,asteroid-shiba,9.382778872676533e-05,-0.73454515,-16.20261787,-42.91997969,39472412.43946291,12785855.18057081,420690000000.0,420690000000.0,420690000000.0,2026-06-06,39073172.64,32.6762
465,Gemini Dollar,GUSD,gemini-dollar,0.9986096353482345,-0.15828775,-0.11234454,-0.15065874,39535971.4688518,3143650.19990201,39591017.42,39591017.42,148548675.98,2026-06-06,148699914.89,7.8588
466,VeThor Token,VTHO,vethor-token,0.00039287996518241636,-1.34795603,-7.35589447,-30.97244527,39501872.6889121,3080730.42439065,100544380446.0,100544380446.0,,2026-06-06,39477448.31,7.8713
467,Eli Lilly tokenized stock (xStock),LLYX,eli-lilly-tokenized-stock-xstock,1131.0117491286821,-0.00111074,-4.0831168,3.57840218,39005282.46448171,48724.22883657,34487.07097387,34487.07097387,,2026-06-06,39011589.71,0.1256
468,AntFun,ANTFUN,ant-fun,0.020620814906443474,-0.82718464,-0.74162691,0.03716587,38928723.45210628,45158340.09278655,1887836326.0,10000000000.0,10000000000.0,2026-06-06,206386043.8,116.1199
469,Frankencoin,ZCHF,frankencoin,1.2584952758996992,0.22941324,-0.69353674,-1.48844518,38899732.653855786,642704.21203392,30909716.8648856,30909716.8648856,,2026-06-06,38897252.14,1.6565
470,Johnson & Johnson tokenized stock (xStock),JNJX,johnson-johnson-tokenized-stock-xstock,233.91294,0.0,2.78724788,3.06805023,38691288.65326861,1419.06770354,165408.92801086,165408.92801086,,2026-06-06,38691288.65,0.0037
471,Accenture tokenized stock (xStock),ACNX,accenture-tokenized-stock-xstock,178.26571389966372,-1.1e-06,-1.35678188,-6.70789682,38474600.51840289,2330.41193338,215827.25963815,215827.25963815,,2026-06-06,38474630.69,0.0061
472,Siacoin,SC,siacoin,0.0006872550505193889,-0.98929285,-9.29258058,-22.14693764,38503901.65835971,6517891.31186533,56025636522.075195,62217525676.30304,,2026-06-06,42599271.72,16.96
473,RedStone,RED,redstone,0.09399401498684425,-1.72294953,-7.14337602,-23.16687276,38393436.49470263,6766483.81686706,408466821.0,1000000000.0,1000000000.0,2026-06-06,93915947.04,17.7042
474,Philip Morris tokenized stock (xStock),PMX,philip-morris-tokenized-stock-xstock,182.8463802895485,0.08200952,4.33226257,4.07568937,38336686.90246448,113408.89151801,209666.09698128,209666.09698128,,2026-06-06,38313347.72,0.2955
475,StraitsX USD,XUSD,straitsx-xusd,0.9999011162350933,-0.01101148,0.02171257,0.00150139,38206612.61367927,4379325.94234731,38210391.001,38210391.001,,2026-06-06,38194664.57,11.4674
476,BUSD,BUSD,binance-usd,1.0004052263644034,0.06224236,0.10417144,0.0482255,37857595.97174408,4600647.85044831,37842261.28978082,37842261.28978082,,2026-06-06,37837887.73,12.1942
477,Linea,LINEA,linea,0.0024418478257290867,-1.49442421,-7.63861592,-18.81176768,37805049.06513876,25739331.70374789,15482147850.0,72009990000.0,72009990000.0,2026-06-06,175476341.49,68.3431
478,Everything,EV,everything,0.0003741608198599199,0.0658356,-6.74199434,-21.6415031,37416081.98599199,318930.51691117,100000000000.0,100000000000.0,100000000000.0,2026-06-06,37365032.53,0.8951
479,Ankr,ANKR,ankr,0.0037381408131757564,-1.08065114,-5.42295022,-19.89385265,37381408.131757565,10961875.15422338,10000000000.0,10000000000.0,10000000000.0,2026-06-06,37347221.32,29.4643
480,Danaher tokenized stock (xStock),DHRX,danaher-tokenized-stock-xstock,179.44221609398375,0.00016659,-0.95693158,-1.23832259,37200314.14340573,518.84626807,207310.826589,207310.826589,,2026-06-06,37200785.83,0.0014
481,Zest Protocol,ZEST,zest-protocol,0.2545679541496329,-5.94381357,-10.44250777,62.89423874,37166921.3058464,103331741.14053577,146000000.0,1000000000.0,1000000000.0,2026-06-06,258621097.55,273.0864
482,Walmart tokenized stock (xStock),WMTX,walmart-tokenized-stock-xstock,120.81936054368298,0.8050717,-1.01111957,0.95172973,37138839.44062311,422.51267505,307391.4584012,307391.4584012,,2026-06-06,37138839.44,0.0011
483,Moca Network,MOCA,mocaverse,0.008644743375466092,-2.67878661,-13.11652033,-29.04911636,36594808.621867605,8650875.52182807,4233186230.3425,8888888888.0,8888888888.0,2026-06-06,77563202.38,23.458
484,Venus,XVS,venus,2.253946233465344,-1.35155101,-5.15471976,-14.29892425,36841979.97158195,6567847.95076582,16345545.17076435,30000000.0,,2026-06-06,67647734.58,17.7553
485,GOHOME,GOHOME,gohome,73.60631085940568,-0.16277236,-2.58302055,-12.27745831,36795426.767062604,534067.80427362,499895.0,9999895.37,9999895.37,2026-06-06,736386363.08,1.4528
486,Notcoin,NOT,notcoin,0.00036875597457117784,-1.42341287,-5.90629429,-17.6082902,36665169.0236859,12160443.51910088,99429355866.90741,102452705868.52051,102456957533.56,2026-06-06,37699996.01,33.1283
487,Moo Deng (moodengsol.com),MOODENG,moo-deng-solana,0.03680848811418567,-1.41430805,-8.49197222,-27.87562456,36439364.90866005,15092878.70846048,989971791.17,989971791.17,989971791.17,2026-06-06,36395590.23,41.4488
488,Memecoin,MEME,meme,0.0005695802577438499,-2.49629266,-6.59927884,9.92989945,36177680.56123231,201296940.19164965,63516387847.666664,69000000000.0,69000000000.0,2026-06-06,38854838.84,558.9924
489,Altlayer,ALT,altlayer,0.0056501204243583104,-2.01035363,-5.79125014,-16.3365318,36182910.01831338,12588612.42566564,6403918377.088875,10000000000.0,10000000000.0,2026-06-06,56349662.24,35.086
490,ApeX Protocol,APEX,apex-token,0.26091400299759554,-0.28961516,-3.87711176,-17.42998887,36164149.239475615,2548746.0828123,138605628.0,499999990.0,500000000.0,2026-06-06,130426495.13,7.0536
491,JPMorgan Chase tokenized stock (xStock),JPMX,jpmorgan-chase-tokenized-stock-xstock,318.23078,0.0,0.04740317,7.37617843,35967996.81757999,1147.95389269,113024.88344333,113024.88344333,,2026-06-06,35967996.82,0.0032
492,Celo,CELO,celo,0.05958967447143724,-1.22106463,-6.9884361,-23.28991552,35885561.74357525,5617111.15524101,602211072.0,1000000000.0,1000000000.0,2026-06-06,59520895.11,15.6795
493,Tellor,TRB,tellor,12.874875110186922,-1.00301175,-5.92081364,-23.2385046,35870844.042993106,25318823.38285644,2786112.0,2865324.0,,2026-06-06,36856475.41,70.6496
494,UPCX,UPC,upcx,0.2854102287982622,-0.30176594,-9.4615361,0.20195397,35737328.01896886,186346.69297742,125213900.6,780000000.0,780000000.0,2026-06-06,221817013.57,0.5169
495,Aleo,ALEO,aleo,0.030598358996307667,-1.38759215,-11.36797053,-22.6257096,35712814.59314027,2388739.74234482,1167148035.535166,2005481194.932426,5000000000.0,2026-06-06,153132064.22,6.694
496,Manta Network,MANTA,manta-network,0.07538640120223414,-1.67488534,-4.72101854,-5.64663372,35687128.67905811,17602578.76067485,473389472.2381375,1000000000.0,,2026-06-06,75047332.64,49.3871
497,Invesco QQQ Tokenized ETF (Ondo),QQQon,invesco-qqq-tokenized-etf-ondo,697.0069098340041,-0.13496254,-5.28092501,-5.79015146,35587381.61324461,4819438.09144218,51057.43015047,51057.43015047,,2026-06-06,35685207.24,13.4162
498,Celo Dollar,CUSD,celo-dollar,1.0000514046995894,0.00337011,-0.01155197,0.00120913,35555993.27056334,981409.18838535,35554165.61936053,57241566.21607361,1000000000000000.0,2026-06-06,1000048928864754.2,2.746
499,Succinct,PROVE,succinct,0.18198886381435941,-0.1640094,-5.72530988,-20.69721611,35487828.443800084,11694332.61115284,195000000.0,1000000000.0,1000000000.0,2026-06-06,180750424.03,33.1842
500,MANTRA,MANTRA,mantra-new,0.00683570738063665,-1.13439376,-5.17868561,-17.53159742,35478908.28820423,13392686.55351515,5190232160.713098,7212550324.2365,10000000000.0,2026-06-06,68312035.85,37.7837
501,PepsiCo tokenized stock (xStock),PEPX,pepsico-tokenized-stock-xstock,145.52630514607858,-6.73e-06,2.75156432,0.21100205,35190539.501889095,295.85708198,241815.65983253,241815.65983253,,2026-06-06,,
502,lium,SN51,celium,9.186515561097085,-0.62399095,-6.53848925,-29.22334114,35088612.73382408,82470.16377573,3819578.0,3819578.0,21000000.0,2026-06-06,,
503,Terra,LUNA,terra-luna-v2,0.04950071407721688,-0.5863311,-5.56188425,-18.74518644,35144736.71009674,13581941.4678433,709984438.91686,1186707049.0,,2026-06-06,,
504,Casper,CSPR,casper,0.002196301254507057,-0.28075524,-14.83374799,-24.49854968,35144147.24229446,2941845.74285752,16001514897.0,19520081421.0,,2026-06-06,,
505,Mask Network,MASK,mask-network,0.34954480271135774,-1.69800557,-7.36598819,-21.39698993,34954480.27113578,25115087.5713657,100000000.0,100000000.0,100000000.0,2026-06-06,,
506,Status,SNT,status,0.007256589431772006,0.44870727,-6.04241664,-22.08333178,34920577.99893515,4271983.63329247,4812257649.0327635,6804870174.878168,,2026-06-06,,
507,Ore,ORE,ore-new,74.93725843071812,0.6283991,-18.29990859,-38.73394372,34813788.42262114,1753521.62244619,464572.48572561,464572.48572561,3000000.0,2026-06-06,,
508,International Business Machines tokenized stock (xStock),IBMX,international-business-machines-tokenized-stock-xstock,287.53893,0.0,-2.93716919,-1.67256095,34702681.77766188,11211.50805514,120688.63780519,120688.63780519,,2026-06-06,,
509,Bank of America tokenized stock (xStock),BACX,bank-of-america-tokenized-stock-xstock,53.22719,0.0,-1.38814216,3.73648412,34637275.57313082,260.7719267,650744.01960973,650744.01960973,,2026-06-06,,
510,Glidr,GLIDR,glidr,0.9712637253595405,0.01380538,-2.96951283,-17.09285201,34442672.56221967,126013.74874152,35461710.0,100000000.0,100000000.0,2026-06-06,,
511,Vitalum,VAM,vitalum,0.10114416957476323,-0.18506674,-2.88419222,-17.4526119,34360582.995026946,666153.60198453,339718870.0,1000000000.0,1000000000.0,2026-06-06,,
512,Anchored Coins AEUR,AEUR,anchored-coins-aeur,1.1515448170118816,0.01212715,0.52229723,0.33337622,34350126.57064378,1988.02868156,29829604.6,2193835.75,67009654.6,2026-06-06,,
513,SPACE ID,ID,space-id,0.024467985891980716,-2.6327338,-12.25187197,-47.01728356,34281893.52756349,16212388.79747174,1401091764.516639,1994841761.516639,2000000000.0,2026-06-06,,
514,World Mobile Token,WMTX,world-mobile-token,0.04010435276541296,-0.24468578,-4.41076255,-17.85349946,34163886.78142232,3222217.09105624,851874782.302587,2000000000.0,2000000000.0,2026-06-06,,
515,Marvell Technology Tokenized Stock (Ondo),MRVLon,marvell-technology-tokenized-stock-ondo,269.76999260243116,0.60169694,-11.68398275,32.25383102,34129613.58947095,7031722.12703825,126513.75069639,126513.75069639,,2026-06-06,,
516,Railgun,RAIL,railgun,2.2891773556949073,-0.14188052,-3.51991448,-32.63705116,33898506.73842585,906792.62786454,14808160.95532954,57500000.0,100000000.0,2026-06-06,,
517,Avantis,AVNT,avantis,0.10409438068105112,-1.09393459,-8.01842557,-25.53682023,33722271.578729734,17636463.22349945,323958616.76775783,1000000000.0,1000000000.0,2026-06-06,,
518,ZEROBASE,ZBT,zerobase,0.12095049353711647,-0.25139669,1.02211771,-4.49022562,33765345.78991037,24181864.31130978,279166664.0,1000000000.0,1000000000.0,2026-06-06,,
519,Holoworld AI,HOLO,holoworld-ai,0.05236711956437691,-1.76245685,-18.63145481,-28.48235329,33551482.831499502,42695001.25205074,640697504.6670913,2047999996.3027468,2048000000.0,2026-06-06,,
520,MetaMask USD,mUSD,metamask-usd,1.00316365882133,0.0319938,0.09958434,0.18046992,33486295.69611017,18787098.57126024,33380690.579895,33380690.579895,,2026-06-06,,
521,Non-Playable Coin,NPC,non-playable-coin,0.004387110268432831,-0.24263446,-6.61907713,-21.29524114,33212338.78210047,5321203.47928694,7570436289.481418,8050126520.0,8050126520.0,2026-06-06,,
522,UMA,UMA,uma,0.3647540599036721,-1.20625709,-5.746997,-16.69448487,33037664.78960113,7200732.45356853,90575180.4334297,128864501.11862634,,2026-06-06,,
523,Espresso,ESP,espresso,0.0635319763717379,-2.04791057,-2.71776732,-3.11909191,33071570.300308164,14203873.57286127,520550000.0,3590000000.0,,2026-06-06,,
524,Magic Eden,ME,magiceden,0.06188076537170966,-0.91378282,-7.81066416,-29.20425187,32959876.313813705,171373576.81718364,532635239.978498,999990920.957671,1000000000.0,2026-06-06,,
525,Waves,WAVES,waves,0.2550158361983967,-1.2911785,-7.2380839,-26.86201574,32893304.337434504,7861447.04689493,128985340.0,128985340.0,,2026-06-06,,
526,Vana,VANA,vana,1.0867493354013367,-1.15071958,-5.74190442,-23.37779359,32693767.006213814,3980092.18310664,30084000.0,112641600.0,120000000.0,2026-06-06,,
527,Chainbase,C,chainbase,0.09291078063694042,0.83638226,-1.31444228,6.42018256,32651502.776823662,10610733.89038369,351428570.0,1000000000.0,1000000000.0,2026-06-06,,
528,Mango,MNGO,mango-markets,0.02914309383288621,-6.33337771,-5.46927257,-8.48914492,32566445.32716114,3436.42197151,1117466989.397395,1117466989.397395,,2026-06-06,,
529,Ardor,ARDR,ardor,0.03215833076017457,0.665036,1.58061827,-9.57776679,32109007.317614697,8926685.72484595,998466231.2566,998466231.2566,998466231.2566,2026-06-06,,
530,Ampleforth,AMPL,ampleforth,1.1389435217484807,-0.14168816,-3.80978908,-8.47721003,32203051.31643888,7614.15297539,28274493.6,10630913.57552586,,2026-06-06,,
531,Locus Chain,LOCUS,locus-chain,0.006911740176318009,-1.83939463,-10.75308263,-5.74576147,32090746.057116844,157272.68757871,4642932928.392004,7000000000.0,7000000000.0,2026-06-06,,
532,McDonald's tokenized stock (xStock),MCDX,mcdonald-s-tokenized-stock-xstock,280.89101433183106,-0.26871276,1.57946939,-1.17912137,32072666.67283923,2536094.76349345,114181.88918977,152118.84526885,,2026-06-06,,
533,DEAPcoin,DEP,deapcoin,0.0010727558559307717,0.15574423,0.20474867,0.14405855,32067783.527178604,112517.88550328,29892900001.32895,29892900001.328953,,2026-06-06,,
534,Atoshi,ATOS,atoshi,0.03548073021266228,-0.1371097,-2.00617192,-7.04702927,32044798.758170288,27302.80126559,903160633.0,100000000000.0,100000000000.0,2026-06-06,,
535,Storj,STORJ,storj,0.07534100152312971,-1.11053687,-8.56197127,-21.66198875,32019925.496648207,9298161.89893878,424999998.00000113,424999998.00000113,,2026-06-06,,
536,Pax Dollar,USDP,paxos-standard,0.9997951258062892,0.00632241,0.02606936,0.01827723,31947480.47500074,3757564.63363824,31954027.03052443,31954027.03052443,,2026-06-06,,
537,Spacecoin,SPACE,spacecoin-org,0.006060668311676175,-0.06528846,-9.28479441,-5.11214076,31910403.453813247,7587387.73893007,5265162489.149305,21000000000.0,21000000000.0,2026-06-06,,
538,Gensyn,AI,gensyn,0.02440666253218289,-2.04327509,-13.43034699,-21.05576843,31842770.078461085,10181860.72280191,1304675313.0,10000000000.0,10000000000.0,2026-06-06,,
539,cat in a dogs world,MEW,mew,0.0003583017100777047,-1.04486786,-8.55136195,-29.49486009,31849040.89547748,8686451.88987056,88888888888.0,88888888888.0,88888888888.0,2026-06-06,,
540,ssv.network,SSV,ssv-network,1.9510349596535654,-2.34908851,-8.57126109,-17.31453956,31847163.988722224,11969386.44535961,16323215.4458048,17361673.60305064,,2026-06-06,,
541,Liquity BOLD,BOLD,liquity-v2,1.0005415507956217,-0.00308909,0.08664589,0.12789035,31677407.700887695,1443803.25612525,31660262.06077909,31660262.06077909,,2026-06-06,,
542,Decentralized Social,DESO,deso,3.5624158271400908,0.00240554,0.22091994,-8.43938079,31650411.663195916,7808.37038497,8884536.0,10808492.0,10808492.0,2026-06-06,,
543,GoPlus Security,GPS,goplus-security,0.006848197305777158,-1.2300717,0.74884116,-6.01938072,31628758.597611945,11253490.51315473,4618552472.331636,9822841360.54709,10000000000.0,2026-06-06,,
544,IoTeX,IOTX,iotex,0.0033406166388360997,-1.65040066,-7.22124771,-25.25708753,31539992.696309023,2898377.62146454,9441368497.553144,9441368502.273277,10000000000.0,2026-06-06,,
545,Alaya Governance Token,AGT,alaya-ai,0.01367730508251413,1.41786574,-8.57238974,-5.16210038,31534759.235198077,19473041.72575465,2305626660.0,5000000000.0,5000000000.0,2026-06-06,,
546,PumpMeme,PM,pumpmeme,0.9819235389516434,0.02285954,-1.97145198,-16.09183799,31429423.363617286,145864.45701761,32008015.0,100000000.0,100000000.0,2026-06-06,,
547,Capybobo,PYBOBO,capybobo,0.0010130158072902014,0.17389857,-0.09108719,0.51986357,31459768.68240704,942340.67395141,31055555556.0,100000000000.0,100000000000.0,2026-06-06,,
548,ICON,ICX,icon,0.028560353968657342,-2.19519216,-10.02022928,-26.0261027,31333827.01304248,2644404.23809948,1097109197.1559176,1108792174.2180953,,2026-06-06,,
549,Degen,DEGEN,degen-base,0.0013412126808501834,3.6260226,-2.60399671,50.71294566,31287225.91289528,12290611.52278072,23327564941.49949,36731690499.97516,36963632968.517365,2026-06-06,,
550,Bitmine Tokenised Stock (xStock),BMNRx,bitmine-tokenised-stock-xstock,15.903448609581908,-0.00144995,-7.76822285,-17.61567737,31283737.174273286,200240.65439016,1967103.98745997,1967103.98745997,,2026-06-06,,
551,Comcast tokenized stock (xStock),CMCSAX,comcast-tokenized-stock-xstock,25.331214682337272,-0.2422345,-3.21429648,-9.87421264,31224820.518346157,614786.97641181,1232661.79336115,1232661.79336115,,2026-06-06,,
552,Score,SN44,score,7.20486564827148,-0.90590182,-7.72677341,-34.22612193,31110516.205982823,418608.64676888,4317987.0,4317987.0,21000000.0,2026-06-06,,
553,Core,CORE,core-dao,0.025137229652512555,-1.71586649,-9.5587379,-18.698175,31099874.716089554,9855158.68614742,1237203747.0318854,2093769839.0352812,2100000000.0,2026-06-06,,
554,APRO,AT,apro,0.12370641365587438,0.54253818,-4.12140576,-0.49823653,30926603.413968597,7753792.66595906,250000000.0,1000000000.0,1000000000.0,2026-06-06,,
555,Thermo Fisher tokenized stock (xStock),TMOX,thermo-fisher-tokenized-stock-xstock,474.31993000000006,0.0,-1.72590283,-2.82320631,30811800.99923194,74.31170343,64959.95434818,64959.95434818,,2026-06-06,,
556,AI Analysis Token,AIAT,ai-analysis-token,0.21148481722909093,-0.23073344,2.11949311,7.33870019,30959148.677771088,371329.55661798,146389462.2952275,500000000.0,500000000.0,2026-06-06,,
557,OPEN tokenized stock (xStock),OPENX,open-tokenized-stock-xstock,4.79028,0.0,-2.23918367,-2.23918367,30643099.367114007,13.73703805,6396932.82378358,6396932.82378358,,2026-06-06,,
558,Perle,PRL,perle,0.17456796788440812,-0.09720699,-1.80623727,-2.15953184,30549394.379771423,6864147.56380501,175000000.0,1000000000.0,1000000000.0,2026-06-06,,
559,TerraClassicUSD,USTC,terrausd,0.005450156450476816,-0.52682577,-6.82243325,-17.23524803,30393954.44946515,7427988.11472195,5576712288.104332,6079757475.268695,6079757475.268695,2026-06-06,,
560,BIM,BIM,bim,1.0098736224267288,0.00289352,-10.27872044,-21.57970511,30296208.672801863,55608.45564635,30000000.0,30000000.0,30000000.0,2026-06-06,,
561,BSquared Network,B2,bsquared-network,0.4461242563509747,-0.94557312,-8.69398271,-8.27293994,30047972.10398205,1012031737.3693573,67353370.0,207444584.9777,210000000.0,2026-06-06,,
562,Wiki Cat,WKC,wiki-cat,5.599719065594921e-08,-0.02785158,-3.80959258,-5.79870676,30099814.32554828,220444.70375348,537523650257451.6,537523650257451.6,553003328316637.0,2026-06-06,,
563,KRAQ Tokenised Stock (xStock),KRAQx,kraq-tokenised-stock-xstock,9.91359,0.0,0.0,-7.52248134,30013574.098608524,0.0,3027518.19458022,3027518.19458022,,2026-06-06,,
564,Subsquid,SQD,subsquid,0.02884404348017808,-1.16029602,-8.00460899,-16.18447537,29988284.729303602,5564420.66410053,1039669932.1962906,1336997653.5180118,1337000000.0,2026-06-06,,
565,Band,BAND,band-protocol,0.16841535155709797,-1.56013745,-8.50315788,-14.71264452,29856917.198236592,11259035.50005373,177281446.864505,177281446.864505,,2026-06-06,,
566,Novo Nordisk tokenized stock (xStock),NVOX,novo-nordisk-tokenized-stock-xstock,43.26393,0.0,-0.65687715,-5.47535504,29751522.970895916,490.9771187,687674.99787689,687674.99787689,,2026-06-06,,
567,Chia,XCH,chia-network,2.0556662681431526,-0.73789972,-2.1963659,-13.64386441,29625699.003921643,2556144.11881116,14411726.0,33191992.0,,2026-06-06,,
568,HashKey Platform Token,HSK,hashkey-platform-token,0.08556701761176018,-0.35235748,-10.04781747,-25.42842768,29517199.16545595,3853187.95121825,344960009.0,1000000000.0,1000000000.0,2026-06-06,,
569,Gravity,G,gravity-token,0.0027055959281084173,-1.00548173,-5.74750782,-21.70080969,29331636.016216163,4781829.67580782,10841100000.0,12000000000.0,12000000000.0,2026-06-06,,
570,SwftCoin,SWFTC,swftcoin,0.0029329162411262364,0.14431709,-2.79367363,-10.56788181,29329162.411262363,555848.219747,10000000000.0,10000000000.0,,2026-06-06,,
571,MEET48,IDOL,meet48,0.027956217928210167,-0.41779701,-2.50862518,1.22607004,29253386.44007912,4156503.46609558,1046400000.0,4800000000.0,4800000000.0,2026-06-06,,
572,iExec RLC,RLC,rlc,0.33469935165038617,-1.34620777,-6.40915705,-27.04829006,29118771.628820185,4353783.01227637,86999784.9868455,86999784.9868455,86999784.9868455,2026-06-06,,
573,Starpower,STAR,starpower,0.15624095438496147,0.26749553,-6.9768225,-7.74650681,29071663.926163413,11373768.90757687,186069421.0465065,553069421.0465065,1000000000.0,2026-06-06,,
574,Rocket Pool,RPL,rocket-pool,1.2881449714047615,-1.1309255,-6.70377743,-21.00899577,29028468.858580153,8645971.72790162,22535094.65392216,22535094.65392216,,2026-06-06,,
575,Solayer,LAYER,solayer,0.06336804317564815,-1.24374831,-6.54197681,-28.84450249,28918940.781129107,15643373.21224073,456364743.6763904,999998412.5148911,,2026-06-06,,
576,SuperTrust,SUT,supertrust,0.15281174382338222,0.61022428,-10.31324867,-30.81475989,28790302.82975316,92527.53292966,188403732.0,188403732.0,238403732.0,2026-06-06,,
577,AIHub,AIH,aihub,24.591698582139085,-0.1285973,-2.2340577,-25.63982369,28772287.34110273,0.0,1170000.0,100000000.0,100000000.0,2026-06-06,,
578,MobileCoin,MOB,mobilecoin,0.144987661153864,0.0065026,-6.27725166,-15.78924028,28765512.391295124,7572.44153004,198399727.0,250000000.0,,2026-06-06,,
579,DFDV tokenized stock (xStock),DFDVx,dfdv-tokenized-stock-xstock,2.795136635508844,-0.1063215,-10.6411855,-28.14530978,28633513.8789847,591546.94044222,10244048.00653764,10244048.00653764,,2026-06-06,,
580,Liquity USD,LUSD,liquity-usd,1.0045887278621901,0.01502763,0.09504177,0.04634068,28631297.31753987,54898.41121365,28500516.20474436,28500516.20474436,,2026-06-06,,
581,Abbott tokenized stock (xStock),ABTX,abbott-tokenized-stock-xstock,91.3738878462848,-0.00228179,-0.88549316,2.28488951,28616342.21371896,66712.45338753,313178.55558318,313178.55558318,,2026-06-06,,
582,Frax (prev. FXS),FRAX,frax-share,0.29938889194666735,-1.03993448,-2.84217911,-24.72269756,28596947.774123505,992970.37308004,95517731.43012173,99681495.59113361,99681495.59113361,2026-06-06,,
583,BORA,BORA,bora,0.025702414855128215,-0.46319133,-5.35251547,-18.9322891,28266230.736927256,758330.85579451,1099750000.0,1205750000.0,1205750000.0,2026-06-06,,
584,OpenGradient,OPG,opengradient,0.14950706248056114,-1.99307211,-12.47520143,-13.77717454,28406341.871306617,33521496.93478456,190000000.0,1000000000.0,1000000000.0,2026-06-06,,
585,Salesforce tokenized stock (xStock),CRMX,salesforce-tokenized-stock-xstock,184.92260999999996,0.0,-1.66306302,-5.5987493,28146110.239347342,1684.49888824,152204.80740212,152204.80740212,,2026-06-06,,
586,UNIPOLY,UNP,unipoly,0.12804288999748914,-0.02289174,-1.57907297,-17.31670955,28070842.774149545,437883.31845161,219230000.0,1000000000.0,1000000000.0,2026-06-06,,
587,ChangeNOW Token,NOW,now-token,0.3310474513144561,-0.30614562,-8.67759369,-22.19908613,28074038.8156122,11523.02052147,84803670.0,199763509.8661694,200000000.0,2026-06-06,,
588,USDK,USDK,usdk,0.9786172576402876,0.0,-0.43139104,-2.43938272,27988524.028954774,0.0,28600072.0,28600072.0,,2026-06-06,,
589,Tornado Cash,TORN,torn,5.30945183008843,-0.13518074,-5.40893039,-16.52050733,27929115.300979212,70627.94646915,5260263.43109587,9999997.246815,,2026-06-06,,
590,Uquid Coin,UQC,uquid-coin,2.79087812735729,-0.0094072,-0.5180859,-0.67258022,27908781.2735729,41079.53940168,10000000.0,40000000.0,,2026-06-06,,
591,Osmosis,OSMO,osmosis,0.03582559934702868,-1.66798509,-10.83015513,-30.88221631,27810355.37299604,17428746.75068277,776270484.789603,978169805.722379,1000000000.0,2026-06-06,,
592,Bancor,BNT,bancor,0.2578801244259759,-1.03932594,-7.20362476,-21.57365948,27820460.110870067,4429168.76608402,107881366.0913053,107881366.0913053,,2026-06-06,,
593,Across Protocol,ACX,across-protocol,0.03946888156178319,0.06260508,-1.3536892,-7.47834728,27812051.801964205,13472204.43298666,704657712.644535,1000000000.0,1000000000.0,2026-06-06,,
594,Lorenzo Protocol,BANK,lorenzo-protocol,0.02363249793573089,-3.041082,-19.82233295,-34.64510649,27726098.798015863,17823049.82212308,1173219135.5064375,1212195831.9983332,2100000000.0,2026-06-06,,
595,Hive,HIVE,hive-blockchain,0.050251465374778946,-1.78267541,-6.93030323,-14.06373879,27651507.470104363,3320617.68808919,550262709.035,550262709.035,,2026-06-06,,
596,Dogelon Mars,ELON,dogelon,2.7707932651313975e-08,0.2611689,-9.66137875,-21.0827817,27668696.918763917,8889682.17889244,998583953085067.2,998583953085067.2,1000000000000000.0,2026-06-06,,
597,COTI,COTI,coti,0.009655329708880587,-1.20864823,-8.40310243,-20.61271511,27645232.045825,7726448.04997545,2863209530.835391,2863240297.480725,4910000000.0,2026-06-06,,
598,SMART,SMART,smart-blockchain,0.004108092625990501,-0.00603738,-0.57320583,-9.44800932,27608149.370159347,387213.32953094,6720430108.0,836732311077.0,836732311077.0,2026-06-06,,
599,Powerledger,POWR,power-ledger,0.04855263427045173,-0.75903452,-6.991052,-21.95917577,27584509.60451413,5025279.00144226,568136209.68248,1000000000.0,,2026-06-06,,
600,iota,SN9,iota-macrocosmos-ai,6.866669529626759,-0.05528902,-17.22576151,-8.3230578,27496438.26424844,4294192.08255744,4004334.0,4004334.0,21000000.0,2026-06-06,,
601,BOOK OF MEME,BOME,book-of-meme,0.00039917671574407864,-0.84189401,-5.89024919,-20.96273267,27490047.145082053,11105832.28614676,68866860367.44325,68866860367.44325,,2026-06-06,,
602,Electronic USD,eUSD,electronic-usd,0.9988323832610941,0.00869523,-0.04585433,-0.17413658,27462607.71520502,647681.52645876,27494711.0,27494711.0,,2026-06-06,,
603,Renzo,REZ,renzo,0.003210507022453441,-1.54612227,-7.29138231,-22.01812911,27460882.04568804,8332575.77961998,8553440890.6860695,9814629224.12962,10000000000.0,2026-06-06,,
604,Propy,PRO,propy,0.27370770547415774,-0.22666586,-7.95696625,-17.82707977,27370770.547415774,9655374.56289108,100000000.0,100000000.0,,2026-06-06,,
605,deBridge,DBR,debridge,0.014184889316789823,0.4201809,1.30776975,-0.39848472,27301436.87175386,10237843.20050353,1924684519.0,10000000000.0,10000000000.0,2026-06-06,,
606,iShares Silver Trust Tokenized ETF (Ondo),SLVon,ishares-silver-trust-tokenized-etf-ondo,61.472039403609045,0.06667275,-6.32933521,-9.52246642,27238752.088104825,6093000.70773962,443107.99433971,443107.99433971,,2026-06-06,,
607,Stronghold SHx,SHX,stronghold-token,0.004665396770361438,0.37732891,-1.98512641,-31.52769275,27030865.880058445,1247358.20975813,5793905044.0,99756866344.0,99756866344.0,2026-06-06,,
608,IOST,IOST,iostoken,0.0008060106020866074,-1.70223802,-6.78710319,-23.27826584,26949940.442733306,8360737.04735219,33436210855.0,48226960800.0,90000000000.0,2026-06-06,,
609,Somnia,SOMI,somnia,0.10990949361931834,-1.25576605,-7.27963998,-29.35925432,26733935.36840561,11040103.83112396,243235907.0,1000000000.0,1000000000.0,2026-06-06,,
610,MVL,MVL,mvl,0.000958411077320362,-0.18163303,-5.29546556,-21.55178172,26646663.756679922,196339.36156841,27802958863.102654,30000000000.0,30000000000.0,2026-06-06,,
611,Merlin Chain,MERL,merlin-chain,0.020945094061151862,-0.1135513,-8.09358624,-15.26871479,26710868.43502563,6758410.0469412,1275280424.0,2100000000.0,2100000000.0,2026-06-06,,
612,SKALE,SKL,skale-network,0.004299925393191523,-1.41986708,-8.81921154,-26.41378179,26625758.672973387,11753722.08241814,6192144337.0,6342291667.0,7000000000.0,2026-06-06,,
613,Phala Network,PHA,phala-network,0.03169622701870251,-0.57889093,-3.0320362,-23.80147137,26612128.54171639,32001493.75734041,839599253.4383912,1000000000.0,,2026-06-06,,
614,Particle Network,PARTI,particle-network,0.04927445983328982,-3.05234393,7.57298378,6.11960364,26556367.14353048,32162926.55004262,538947909.9999996,1000000000.0,1000000000.0,2026-06-06,,
615,Pundi X (New),PUNDIX,pundix-new,0.10274379682404787,-2.28364969,-10.5611665,-24.23314041,26547614.280839127,5589091.63330452,258386541.0999244,258386541.0999244,258526640.0,2026-06-06,,
616,ConstitutionDAO,PEOPLE,constitutiondao,0.0052206475743907825,-1.93549808,-6.22271885,-18.02157455,26417193.702485792,16277806.63289697,5060137334.7,5060137334.7,,2026-06-06,,
617,Talus,US,talus-network,0.011994848611208165,-0.87138328,-0.18474601,60.42501881,26388666.944657963,8629327.82953707,2200000000.0,10000000000.0,10000000000.0,2026-06-06,,
618,iShares Silver Trust Tokenised ETF (xStock),SLVx,ishares-silver-trust-tokenised-etf-xstock,61.55869556230654,0.01627872,-6.01381072,-9.68674033,26388181.966194212,186196.55222424,428667.01,428667.01,,2026-06-06,,
619,Victoria VR,VR,victoria-vr,0.0015681452932302152,-0.51274463,-0.66524938,-3.18066657,26344840.926267616,1175327.49716963,16800000000.0,16800000000.0,16800000000.0,2026-06-06,,
620,Neiro,NEIRO,neiro,6.255386101299133e-05,-1.33949328,-7.95085585,-21.90938612,26315437.18483692,21200024.47193484,420684459099.5218,420690000000.0,420690000000.0,2026-06-06,,
621,Bedrock,BR,bedrock-dao,0.10076766428728769,-0.21836867,-3.6205195,-13.44288472,26325552.29505391,6433346.21229928,261250000.0,1000000000.0,1000000000.0,2026-06-06,,
622,Orbs,ORBS,orbs,0.006031247771387938,0.17348997,-9.24385587,-20.24856823,26373585.83881858,2932943.39830188,4372824138.304199,10000000000.0,,2026-06-06,,
623,Yooldo,ESPORTS,yooldo,0.04331051822255811,1.35561959,-4.37722038,4.25492822,25379020.28004899,5543237.56243552,585978217.7999991,899999019.7999991,900000000.0,2026-06-06,,
624,Bounce Token,AUCTION,bounce-token,3.7109506545582347,-1.07521089,-4.90412763,-18.45948925,25681285.140359204,8908533.04453348,6920405.99052816,7641034.51310465,10000000.0,2026-06-06,,
625,B3 (Base),B3,b3,0.000550417493934964,-6.82938986,-26.63924487,-28.87395836,25556755.737582304,28748132.38947763,46431583333.0,100000000000.0,100000000000.0,2026-06-06,,
626,INFINIT,IN,infinit,0.07567696668089449,-2.85855074,-17.37154233,-25.72007059,25511063.9499207,33364353.95272804,337104737.0,1000000000.0,1000000000.0,2026-06-06,,
627,Trusta.AI,TA,trusta-ai,0.08190404488781786,-3.31561249,-15.37502213,28.8464624,25333375.323635012,86293694.75737782,309305546.0,1000000000.0,1000000000.0,2026-06-06,,
628,Arkham,ARKM,arkham,0.1123868930536936,-2.1557241,-11.83559113,-20.54966322,25298289.62638643,60947959.32247287,225100000.0,1000000000.0,1000000000.0,2026-06-06,,
629,Hims & Hers Health Tokenized Stock (Ondo),HIMSon,hims-hers-health-tokenized-stock-ondo,26.008362228094157,0.02740606,-6.82207194,1.32975334,25247469.090127032,2075312.69363917,970744.28865247,970744.28865247,,2026-06-06,,
630,Alphabet Class A Tokenized Stock (Ondo),GOOGLon,alphabet-class-a-tokenized-stock-ondo,361.44170318057854,-0.44185352,-2.34487968,-5.30290493,25182486.532594796,4807675.86872336,69672.33252554,69672.33252554,,2026-06-06,,
631,LCX,LCX,lcx,0.02653124922182287,-0.65284333,-0.6380592,-18.47208561,25184118.64855375,196323.80332802,949224759.0,949224759.0,,2026-06-06,,
632,Medtronic tokenized stock (xStock),MDTX,medtronic-tokenized-stock-xstock,81.86139,0.0,-0.77407273,8.25362338,25171043.219574742,4301.53026639,307483.70165196,307483.70165196,,2026-06-06,,
633,Vanta Network,VANTA,proprietary-trading-network,5.8438391855608804,-0.89545117,-7.25673101,-24.70498773,25093942.189129192,184772.122411,4294085.0,4294085.0,21000000.0,2026-06-06,,
634,StrikeX,STRX,strikecoin,0.02873914925538868,-0.4571086,-13.9151286,2.57802058,25080109.332097307,11384.11471276,872680993.7630533,880456959.285762,1000000000.0,2026-06-06,,
635,GMT,GMT,green-metaverse-token,0.008037621108130185,-0.76072558,-6.88937939,-20.95890058,25008255.56248871,10358770.49410541,3111400155.102167,5073850155.102167,,2026-06-06,,
636,REAL,ASSET,real-finance,0.22026473409308794,0.5649437,0.51552263,24.02944066,24736451.88671687,1176519.16069827,112303279.0,1000000000.0,1000000000.0,2026-06-06,,
637,Manifesting (manifesting.meme),MANIFEST,manifesting,0.027509360414977906,-2.69454354,-8.22788148,11.14847247,24758417.000971526,1665534.99910082,899999732.0,899999732.0,999999813.51579,2026-06-06,,
638,OLAXBT,AIO,olaxbt,0.1069835769749493,-0.99582737,6.17305991,17.46066174,24632968.598482076,1308466.65705398,230250000.0,1000000000.0,1000000000.0,2026-06-06,,
639,Giggle Fund,GIGGLE,giggle-fund,24.878606178323608,-1.86317324,-6.70631335,-16.87490577,24608744.632368874,25971937.26209211,989152.86716545,989152.86716545,1000000.0,2026-06-06,,
640,Cyber,CYBER,cyberconnect,0.3491345207650108,-1.57275239,-8.95092587,-23.57081412,24503371.962468054,16459121.64505706,70183183.0,100000000.0,100000000.0,2026-06-06,,
641,WOO,WOO,wootrade,0.012983271903325539,-1.46128713,-7.43504771,-21.84700943,24522571.418461606,3808695.64031244,1888782088.2947378,1888782088.2947378,1888782088.2947378,2026-06-06,,
642,Klickl Token,KLK,klickl-token,0.24217960953441153,-0.11700975,0.21620113,-4.93130848,24217960.953441154,456607.68346786,100000000.0,100000000.0,1000000000.0,2026-06-06,,
643,Yei Finance,CLO,clovis,0.18668036229412766,1.00309292,39.8825916,125.04125232,24100434.77217188,19926995.43395085,129100000.0,999987059.6103156,1000000000.0,2026-06-06,,
644,Kyber Network Crystal v2,KNC,kyber-network-crystal-v2,0.11563098590348656,-3.51074389,-6.1673726,-17.20247009,24197510.004819896,11172489.7646709,209264928.56349745,240959633.27253804,,2026-06-06,,
645,Steem,STEEM,steem,0.04377514715476094,-1.40084359,-5.35491938,-14.05256287,24047905.11974525,5738420.84275042,549350640.324,549350640.324,,2026-06-06,,
646,EthereumPoW,ETHW,ethereum-pow,0.222580877030253,-1.06752197,-5.46495421,-19.96117433,23998447.369057436,3642752.53659924,107818999.04993,107818999.04993,,2026-06-06,,
647,Open Campus,EDU,open-campus,0.030959181174044302,-0.6764056,-8.4778436,-32.62935279,23981540.736389995,11640623.10638296,774618056.0,1000000000.0,1000000000.0,2026-06-06,,
648,Illuvium,ILV,illuvium,3.2427507366627935,-1.27832517,-5.79455457,-21.0202727,23805754.15264607,4593831.67491248,7341222.34049517,9165222.92466821,,2026-06-06,,
649,Rekt (rekt.com),REKT,rekt-eth,8.401706832060589e-08,-0.65504633,-6.09548847,-28.76455738,23677045.434496287,305898.59753719,281812325849619.0,420690000000000.0,420690000000000.0,2026-06-06,,
650,Tesla Tokenized Stock (Ondo),TSLAon,tesla-tokenized-stock-ondo,388.0886245877405,-0.00695657,-6.1685451,-10.78025106,23508158.27936028,6941829.03993196,60574.20081388,60574.20081388,,2026-06-06,,
651,Corn,CORN,use-corn,0.04422907266629523,-0.14594575,0.60902179,1.26041341,23220263.149804994,4853550.3303932,525000000.0,2100000000.0,2100000000.0,2026-06-06,,
652,Isiklar Coin,ISIKC,isiklar-coin,0.22992847905926309,-0.21926619,-0.05335842,-0.02601425,22992847.90592631,415891.89217492,100000000.0,100000000.0,100000000.0,2026-06-06,,
653,Ark,ARK,ark,0.11605763885559547,-1.77555252,-10.45411675,-24.08993991,22863093.492749605,2298194.26742067,196997748.0,196997748.0,,2026-06-06,,
654,CARV,CARV,carv,0.03779011551878373,-1.07646845,-8.22629811,-25.65965166,22746071.80091118,9143307.87016544,601905326.0,1000000000.0,,2026-06-06,,
655,Ontology Gas,ONG,ontology-gas,0.047823310459506364,-1.89926867,-7.46311855,-20.0371188,22597044.887392927,1946178.68260404,472511097.0,800000000.0,1000000000.0,2026-06-06,,
656,Tokenlon Network Token,LON,tokenlon-network-token,0.18308644143734792,-0.23153945,-6.36066759,-13.70472701,22605484.28059159,31377.38521994,123468915.02791686,140451028.83876702,200000000.0,2026-06-06,,
657,Collect on Fanable,COLLECT,collect-on-fanable,0.04201098836808183,-1.38456174,-13.89083932,-22.15195793,22559900.75365994,11336810.17590838,537000000.0,3000000000.0,3000000000.0,2026-06-06,,
658,Autonomi,ANT,autonomi,0.06762202009348399,-0.02928548,-0.54428322,-10.24632072,22552462.362071026,317957.53280774,333507670.0,1200000000.0,1200000000.0,2026-06-06,,
659,Zerebro,ZEREBRO,zerebro,0.02236611157176523,-1.97413947,-3.28826297,-5.30799555,22364956.82854284,9705250.31556806,999948370.854778,999948600.745594,1000000000.0,2026-06-06,,
660,BounceBit,BB,bouncebit,0.01982435829288557,-1.41951461,-11.85475102,-27.76817759,22377885.11667076,9611738.69349892,1128807540.0,2100000000.0,2100000000.0,2026-06-06,,
661,Civic,CVC,civic,0.022364621328140457,-1.45974467,-6.91208433,-22.20485329,22364621.328140456,3411811.92735507,1000000000.0,1000000000.0,,2026-06-06,,
662,NotInEmploymentEducationTraining,NEET,notinemploymenteducationtraining,0.022368949613780244,-0.7850754,-7.17370468,-43.87193189,22363715.81642541,2880406.51538967,999766024.0,999766024.0,1000000000.0,2026-06-06,,
663,Hyperlane,HYPER,hyperlane,0.06548999476062665,1.17581572,-7.8270315,-26.76584463,22147014.62334007,18117576.89660911,338174017.3333334,808000000.0,1000000000.0,2026-06-06,,
664,Harmony,ONE,harmony,0.001479468928945185,-1.68066693,-7.65915394,-19.84386167,22117515.06118627,3773845.09530602,14949631336.262915,14949631336.262915,,2026-06-06,,
665,Zeebu,ZBU,zeebu,0.12347275914209749,0.32130277,-0.07196142,-0.99778617,22169480.678834442,1217.74900174,179549568.932212,271574623.461212,,2026-06-06,,
666,Zentry,ZENT,zentry,0.002751922258811931,0.00272882,-6.74281276,-7.67825649,22041829.689281322,2485796.55180503,8009612051.612713,9706992814.355925,10000000000.0,2026-06-06,,
667,TokenPocket,TPT,tokenpocket,0.0063336822884182496,-0.11386554,-5.77694073,-12.31927561,21955439.837936375,90146.35078599,3466457400.0,3466457400.0,5900000000.0,2026-06-06,,
668,Orizon,ORI,orizon,57.86628238339751,-0.33031293,-0.57335014,3.94213216,21810792.31779441,397060.67623604,376917.116833,376917.116833,376917.116833,2026-06-06,,
669,Moonbirds,BIRB,moonbirds,0.0763282781296713,-0.67807671,-6.43237981,-24.86585232,21753559.266956322,11651941.74548437,285000000.0,1000000000.0,1000000000.0,2026-06-06,,
670,IQ,IQ,iq,0.0008263191872383382,-1.03763801,-8.75848576,-20.02776099,21758603.35336883,2006302.76309015,26331959476.929,26331959476.929,60000000000.0,2026-06-06,,
671,Metal DAO,MTL,metal,0.23797623764762013,-1.19835146,-4.81535899,-16.45976802,21569194.0474495,1809561.32709525,90635915.0,90635915.0,,2026-06-06,,
672,Nosana,NOS,nosana,0.3023047572405461,-0.30593466,-5.19651782,-27.80919631,21634127.392276775,574511.73333823,71563966.077657,99999725.53751,,2026-06-06,,
673,API3,API3,api3,0.24982387994141894,-0.77805154,-5.28351276,-19.97938236,21590273.85617195,16867661.22640564,86421978.0,171101194.69625005,,2026-06-06,,
674,Clearpool,CPOOL,clearpool,0.022261767147465746,0.24457249,-6.24859944,-30.13878299,21718267.045567177,2117808.14676533,975585940.7612014,993627634.645902,1000000000.0,2026-06-06,,
675,Marlin,POND,marlin,0.0026133141887184548,7.87304329,36.83010244,64.75851797,21502388.02043732,19771253.3171262,8228014876.0,10000000000.0,,2026-06-06,,
676,ROGin AI,ROG,rogin-ai,0.32053920784926265,-0.1416054,0.73011876,-3.56333417,21472881.020871624,126499.50891698,66989873.61,200000000.0,,2026-06-06,,
677,Momentum,MMT,momentum-token,0.10460450890594297,-0.8878571,-5.11524375,-22.16044032,21349301.597470205,5246950.09361196,204095424.0,1000000000.0,,2026-06-06,,
678,Symbol,XYM,symbol,0.003269641865978637,-1.04431431,-5.66667084,-20.58463636,21317575.44461948,115915.86323704,6519850282.819557,8536672132.050302,8999999999.0,2026-06-06,,
679,Snek,SNEK,snek,0.00028510969388904396,-0.96454564,-2.72634305,-39.2096017,21299731.24056376,3890315.67758856,74707144994.0,75243418501.0,76715880000.0,2026-06-06,,
680,Gigachad,GIGA,gigachad-meme,0.002281837899587113,-2.06420701,-8.59539647,-32.8768042,21226596.00360811,7406509.11551309,9302411888.0,9603935545.16,10000000000.0,2026-06-06,,
681,WAX,WAXP,wax,0.004613432073730503,-1.61975551,-7.43995615,-23.6039484,21251759.70364237,2047375.85734407,4606496717.411907,4608433461.251633,,2026-06-06,,
682,Audius,AUDIO,audius,0.014833053943266554,-0.78815559,-6.76710599,-21.47682532,21162596.047122344,3644237.38354741,1426718741.0,1426718741.0,,2026-06-06,,
683,Swarm Network,TRUTH,swarm-network-ai,0.010123793912944167,-0.9206677,-16.57731668,-7.53880453,21111201.10277021,2647293.31056351,2085305300.0,10000000000.0,10000000000.0,2026-06-06,,
684,Cheelee,CHEEL,cheelee,0.37132620092045665,-0.01070045,-4.13411523,-13.53585723,21101768.230220016,1042309.54962897,56828115.48959432,1000000000.0,1000000000.0,2026-06-06,,
685,Spell Token,SPELL,spell-token,0.0001228983189209299,-0.95763543,-6.90789372,-19.92528608,21078357.171987128,2869525.641551,171510541047.746,196008739620.0,,2026-06-06,,
686,Tether Gold Tokens,XAUT0,tether-gold-tokens,4284.992981438107,-0.08490039,-2.94898544,-5.12656085,21037075.25454556,832020.78950856,4909.477179,2669.962825,,2026-06-06,,
687,Lista DAO,LISTA,lista-dao,0.051005324279511335,-1.83095246,-9.60692178,-23.74768168,20844100.985239673,8333173.64816138,408665198.7744087,795588564.255041,800000000.0,2026-06-06,,
688,Euler,EUL,euler-finance,0.8713469584742218,-1.05973907,-6.37571147,-36.81140559,20816047.29716225,6498996.79208481,23889504.74287801,27182818.28459045,27182818.28459045,2026-06-06,,
689,UNS TOKEN,UNS,uns-token,0.19674053815574158,-1.31811482,-6.74914962,-24.26376571,20776627.139506564,1068.15797287,105604200.0,1000000000.0,1000000000.0,2026-06-06,,
690,LUSD,LUSD,lusd,0.9996875902496936,-0.00520091,0.08864422,0.09913033,20770329.0304001,30034.63773443,20776819.91152082,10000000000000.0,1000000000000.0,2026-06-06,,
691,Pythia,PYTHIA,pythia,0.02073583531374633,-0.49896459,-14.55561909,-43.61018571,20697645.21943316,458919.45853553,998158256.287469,998158256.287469,1000000000.0,2026-06-06,,
692,Catizen,CATI,catizen,0.04550954390611314,-0.60778084,-3.54082144,-15.3743168,20649875.723658826,5826882.86900835,453748246.0,1000000000.0,1000000000.0,2026-06-06,,
693,Commonwealth,CWU,commonwealth,0.02369871850575069,1.84497687,-8.81106248,-39.60565222,21340620.948532127,60545.18640579,900496832.4913286,999999320.0535176,1000000000.0,2026-06-06,,
694,Secret,SCRT,secret,0.059263796380519596,-2.54419324,-9.69791971,-25.71421341,20320113.73069659,9330567.7204024,342875667.299909,357225550.201965,,2026-06-06,,
695,Epic Chain,EPIC,epic-chain,0.6108028748789992,0.92781673,0.50823542,163.98957846,20522976.595934372,37519454.82526898,33600000.0,33600000.0,33600000.0,2026-06-06,,
696,Big Time,BIGTIME,big-time,0.008421172455872284,-1.38154361,-10.19447255,-25.88625416,20489464.478827123,13649261.57423361,2433089286.1052065,5000000000.0,5000000000.0,2026-06-06,,
697,Flux,FLUX,zel,0.049752576086981234,-1.4268868,-10.3755924,-26.69734795,20457978.806776624,8963276.08433463,411194362.4991484,411194390.4991484,560000000.0,2026-06-06,,
698,SLT,SLT,slt-game,2.4064466135607514,-0.03145386,-3.10379323,-12.47772582,20454796.215266388,121942.22721079,8500000.0,100000000.0,100000000.0,2026-06-06,,
699,Cartesi,CTSI,cartesi,0.021934461368444846,-1.2552478,-7.37185647,-21.5977948,20301244.838488683,1682398.04115682,925541069.7111657,1000000000.0,1000000000.0,2026-06-06,,
700,aixbt,AIXBT,aixbt,0.02033253167977628,-2.30617376,-11.20666703,-30.4592444,20310468.18648753,12804065.69106586,998914867.3841392,998914867.3841392,1000000000.0,2026-06-06,,
701,Sign,SIGN,sign,0.00876988106207203,-1.15145606,-7.38387995,-25.21404579,20199959.376715947,5847418.31252206,2303333333.0,10000000000.0,10000000000.0,2026-06-06,,
702,MiL.k,MLK,milk-alliance,0.03656722433523052,-2.14530788,-12.26051008,-22.3412849,20239050.301854186,11676274.73290173,553475158.9651,986245419.0,986245419.0,2026-06-06,,
703,Lisk,LSK,lisk,0.09223312283073702,-1.57210972,-6.62193353,-17.74898839,20225600.37161274,5942649.1941743,219287819.28732967,400000000.0,400000000.0,2026-06-06,,
704,Nillion,NIL,nillion,0.042660102175289816,-0.25114103,-5.5062081,-34.04462063,19960373.85212842,15912383.05998842,467893250.0,1000000000.0,,2026-06-06,,
705,Shentu,CTK,shentu,0.12476271820447009,-1.30463623,-7.88377253,-18.95043016,19961787.13395686,1442154.09059829,159998014.0,159998014.0,,2026-06-06,,
706,Blast,BLAST,blast,0.00031598250304115834,-1.69048111,-8.58036335,-25.85180787,19859010.694034126,4240815.844446,62848450477.16895,100000000000.0,100000000000.0,2026-06-06,,
707,DOGS,DOGS,dogs,3.841609701006379e-05,-1.92402072,-6.22704799,-20.10053808,19851518.129950464,9175519.53026846,516750000000.0,545217355861.1685,550000000000.0,2026-06-06,,
708,Brevis,BREV,brevis,0.07942889203606134,-1.58094805,-6.01695868,-23.43895623,19857223.009015337,18953392.70877286,250000000.0,1000000000.0,1000000000.0,2026-06-06,,
709,Wirex Token,WXT,wirex-token,0.0019822628489944843,-0.81161124,2.41026752,3.64758733,19822628.48994484,304526.9933133,10000000000.0,10000000000.0,10000000000.0,2026-06-06,,
710,DeBox,BOX,debox,0.03895380979976076,2.15628755,-10.40722055,-16.88676782,19796808.52084669,89816.69133832,508212383.4,1000000000.0,1000000000.0,2026-06-06,,
711,Cobak Token,CBK,cobak-token,0.1982317611189657,-0.92660757,-7.69198431,-17.56038172,19823176.11189657,6957993.46556247,100000000.0,100000000.0,100000000.0,2026-06-06,,
712,ArcBlock,ABT,arcblock,0.20050597505927506,7.604e-05,-0.27260892,-11.68473138,19760727.108595617,193526.41167555,98554305.44029327,186000000.0,186000000.0,2026-06-06,,
713,QANplatform,QANX,qanplatform,0.01101246967365823,-0.45359304,-1.21245102,-5.99043282,19738023.182032917,190864.09317111,1792333942.0626206,2200000000.0,3333333000.0,2026-06-06,,
714,Global Commercial Business,GCB,global-commercial-business,0.016314753960727967,-0.00667565,-0.17444617,-1.00816834,19607801.33608348,580.67662367,1201844746.3738875,1201844746.3738875,2500000000.0,2026-06-06,,
715,Anoma,XAN,anoma,0.007805548697057222,-0.54089871,-8.30486334,-29.10741495,19513871.742643055,4480284.16818281,2500000000.0,10000000000.0,10000000000.0,2026-06-06,,
716,iShares 20+ Year Treasury Bond Tokenized ETF (Ondo),TLTon,ishares-20-year-treasury-bond-tokenized-etf-ondo,87.74715234411944,0.03791786,-0.51852176,-0.58910991,19474334.955783818,1979977.23608313,221936.9453656,221936.9453656,,2026-06-06,,
717,SentismAI,SENTIS,sentismai,0.09418346863229757,-0.22931135,0.54848004,10.41684828,19447839.800049476,3549227.39565269,206488889.0,1000000000.0,1000000000.0,2026-06-06,,
718,SATS (Ordinals),SATS,sats-ordinals,9.25844151401519e-09,-1.12767634,-6.92871822,-19.28473815,19442727.1794319,6552232.74796659,2100000000000000.0,2100000000000000.0,2100000000000000.0,2026-06-06,,
719,Public Masterpiece Token,PMT,public-masterpiece-token,0.1067886230748323,-0.3427121,0.35639967,-1.32088825,19434710.833067033,268754.37193286,181992334.70262212,361071410.0,2000000000.0,2026-06-06,,
720,Comtech Gold,CGO,comtech-gold,137.52393335574922,-0.29072053,-3.32780189,-4.66545513,19390874.60316064,684379.82824985,141000.0,141000.0,141000.0,2026-06-06,,
721,KONET,KONET,konet,0.04292022652395601,-0.40802694,0.0023179,12.41165233,19346690.6162495,155028.89072454,450759284.9131658,999997956.2,1000000000.0,2026-06-06,,
722,dKargo,DKA,dkargo,0.003862800304452395,-3.38770729,-8.66995219,-24.6121025,19314001.522261973,2311399.82833913,5000000000.0,5000000000.0,5000000000.0,2026-06-06,,
723,Liquity,LQTY,liquity,0.19954932249400578,-1.66095248,-11.33762977,-20.94562034,19202222.006319493,11942026.87602635,96227948.89166462,100000000.0,100000000.0,2026-06-06,,
724,KAIO,KAIO,kaio,0.028007556955716658,-1.76785482,-13.54306129,-25.64833345,19080148.176081974,2525156.34204874,681250000.0,10000000000.0,10000000000.0,2026-06-06,,
725,GameBuild,GAME,gamebuild,0.0009935511761870054,0.35809715,-6.76258001,-21.15926148,19077935.07392944,812176.97439617,19201763866.0,21419639000.0,21419639400.0,2026-06-06,,
726,Xertra,STRAX,stratis-new,0.008724573068742771,-2.76377237,-8.667801,-23.87910844,18954787.759910602,13900119.98513888,2172574819.4853535,2172574819.4853535,,2026-06-06,,
727,Aergo,AERGO,aergo,0.038865232036543025,0.86834661,-15.39204112,-19.42528113,19043963.533464223,14363662.13493058,489999995.7689212,500000000.0,500000000.0,2026-06-06,,
728,COINDEPO,COINDEPO,coindepo,0.07594981175862553,0.10522953,0.01790806,0.0160142,19011668.473838255,1371126.05718104,250318836.0,1000000000.0,1000000000.0,2026-06-06,,
729,sUSD,SUSD,susd,0.5742684573953477,-0.13389598,-5.85903175,-17.49656976,18894193.817544695,137157.85545968,32901326.15543819,32901326.15543819,142399574.0,2026-06-06,,
730,MAX Exchange Token,MAX,max-exchange-token,0.27578356395896453,0.02219823,-1.93001104,-5.38978669,18596404.660290852,59235.95434675,67431156.49581613,285000000.0,500000000.0,2026-06-06,,
731,Infinity Ground,AIN,infinity-ground,0.06075851198276969,-0.71597534,-9.19851715,-21.31014119,18559712.26545183,2306012.54737206,305466866.4485252,1000000000.0,1000000000.0,2026-06-06,,
732,Pocket Network,POKT,pocket-network,0.007926382725105584,-0.33720327,-9.33784262,-26.11285625,18548013.894694112,1774865.45493208,2340035112.857491,2376589842.761318,,2026-06-06,,
733,Metis,METIS,metisdao,2.4601774688738565,-1.30446258,-8.5357634,-21.79553158,18432718.15520512,5033556.35138197,7492434.342,10000000.0,10000000.0,2026-06-06,,
734,Bifrost,BFC,bifrost,0.013284924273852724,0.90115689,5.64520697,-3.23587373,18421388.317943882,2343600.13012252,1386638564.0,2584913482.0,,2026-06-06,,
735,Smooth Love Potion,SLP,smooth-love-potion,0.0005060116481262236,-1.8088303,-8.60983816,-20.00318572,18388453.208094817,1979695.00650372,36339980070.0,36339980070.0,,2026-06-06,,
736,τemplar,SN3,templar,4.346419214473561,-0.92599821,-7.22064927,-31.04122813,18335252.102937926,98675.10470408,4218473.0,4218473.0,21000000.0,2026-06-06,,
737,Adventure Gold,AGLD,adventure-gold,0.19835368857434652,0.33086342,-4.29949631,-10.12123478,18413173.108710278,13158962.28015948,92830001.0,92830001.0,96000000.0,2026-06-06,,
738,Bonfida,FIDA,bonfida-sns,0.01847539993097717,-0.70049321,-4.7552498,-29.79721157,18307473.57913484,19763378.88699926,990910813.705268,990910813.705268,,2026-06-06,,
739,ChainGPT,CGPT,chaingpt,0.019764977213552894,-1.53874262,-8.38237665,-16.41534143,18305320.87550781,11918716.93705394,926149353.865979,997766421.9854141,1000000000.0,2026-06-06,,
740,Naoris Protocol,NAORIS,naoris-protocol,0.030513988020836613,-2.86457333,-8.27910535,-14.83363719,18285812.46136655,1949273.69040483,599260000.0,4000000000.0,4000000000.0,2026-06-06,,
741,Yield Guild Games,YGG,yield-guild-games,0.024830012989986334,-2.19837692,-10.73348908,-29.22178921,18260618.36529982,14084026.08814414,735425244.1456283,999716389.322777,1000000000.0,2026-06-06,,
742,Constellation,DAG,constellation,0.00635136172821723,-0.5912279,-11.55710778,-26.3495064,18250309.67495537,887962.89375965,2873448318.0,3003804388.0,,2026-06-06,,
743,Sapien,SAPIEN,sapien-io,0.07276830956764148,-1.346584,-9.34488467,-26.79840165,18192077.39191037,4722196.98519504,250000000.0,1000000000.0,1000000000.0,2026-06-06,,
744,Biconomy,BICO,biconomy,0.018166858645959714,-0.38466197,-7.98666107,-23.13561718,18171269.761564802,3994614.26283007,1000242811.1370851,1000000000.0,1000000000.0,2026-06-06,,
745,Prom,PROM,prom,0.9915878380985872,-0.64699264,-1.23857349,-5.79567514,18096478.045299217,2978317.16596171,18250000.0,19250000.0,19250000.0,2026-06-06,,
746,Ergo,ERG,ergo,0.2156250145048333,-0.28795382,-2.21368764,-18.466974,17940578.003715932,156319.85984706,83202675.0,83202675.0,97739924.0,2026-06-06,,
747,Sonic SVM,SONIC,sonic-svm,0.026732144076880977,-1.84396163,-7.499021,-25.2363176,17895500.77963137,2243653.89358452,669437540.36954,2399996794.551286,,2026-06-06,,
748,wojak (wojakcto.com),WOJAK,wojaknew,5.8237121007178124e-08,-0.2132589,3.24520129,-9.84363174,17815523.03496008,1620004.82582989,305913526061224.7,305913526061224.7,420690000000000.0,2026-06-06,,
749,Loopring,LRC,loopring,0.01296673257424025,-1.11462676,-3.21745339,-19.77435901,17743767.602275997,2588748.35763163,1368406998.500595,1373873397.4424574,,2026-06-06,,
750,Hana Network,HANA,hana-network,0.030952825806734467,-0.25783823,-3.13934027,-5.85013201,17685253.58767415,5558504.56478843,571361519.5620147,1000000000.0,1000000000.0,2026-06-06,,
751,Pixels,PIXEL,pixels,0.005203728027908957,-2.23568715,-9.25353542,-23.46770666,17602120.763361517,11720122.75499877,3382598142.9,5000000000.0,5000000000.0,2026-06-06,,
752,AI Companions,AIC,ai-companions,0.023476701243159207,-0.15721811,-1.72799489,-15.90141536,17607518.88935903,2250812.30253746,749999700.0,1000000000.0,1000000000.0,2026-06-06,,
753,Oho,OHO,oho,0.0007278162360552908,-0.29742209,-3.11781561,-17.72538215,17557763.46373509,125874.22471257,24123896382.0,45000000000.0,45000000000.0,2026-06-06,,
754,Aevo,AEVO,aevo,0.018964424350866683,-1.61136693,-9.11543154,-21.00534259,17393072.042382594,8427097.67492804,917142103.5823702,1000000000.0,1000000000.0,2026-06-06,,
755,WalletConnect Token,WCT,walletconnect-token,0.043164844836885756,-1.44969684,-7.09983398,-22.47551735,17270616.09747288,14946160.43340855,400108379.0,1000000000.0,1000000000.0,2026-06-06,,
756,Cetus Protocol,CETUS,cetus-protocol,0.018159109716373703,-1.26187934,-4.88273325,-21.50966297,17211677.905874167,4771192.74161499,947826087.0,1000000000.0,1000000000.0,2026-06-06,,
757,QuarkChain,QKC,quarkchain,0.0023704177698640663,-0.72839571,-4.78547551,-15.88582742,17165476.230241124,609747.06722504,7241540478.0,10000000000.0,,2026-06-06,,
758,Folks Finance,FOLKS,folks-finance,1.3888959087793293,3.43330413,13.26929955,-1.80698347,16942317.575916797,3491043.19777977,12198406.999994,50000000.0,50000000.0,2026-06-06,,
759,NYM,NYM,nym,0.020252872240788873,-0.54845439,0.00877004,-10.38070751,16918779.06974977,2508762.75292979,835376773.654637,1000000000.0,1000000000.0,2026-06-06,,
760,Definitive,EDGE,definitive,0.06686524602974431,-0.64799495,-4.7137162,-21.26598098,16880040.668706402,2295623.80200755,252448643.66755623,1000000000.0,1000000000.0,2026-06-06,,
761,Celer Network,CELR,celer-network,0.002160503582836033,0.62922631,-5.50104328,-16.56444065,16859325.741543557,2071237.11923855,7803424106.9912,10000000000.0,10000000000.0,2026-06-06,,
762,Usual,USUAL,usual,0.009200200621258713,-1.41712522,-12.62133398,-28.49838176,16826186.044106495,58696730.72829273,1828893383.610198,1831606142.6434603,3000000000.0,2026-06-06,,
763,QAIT,QAIT,qait,0.033584360057921606,0.78443158,63.04039325,96.93992602,16792180.0289608,180545392.42429358,500000000.0,10000000000.0,10000000000.0,2026-06-06,,
764,Aurora,AURORA,aurora-near,0.023628788050034426,-0.34208562,-11.74695072,-15.75261464,16783634.07979628,707817.07832001,710304483.0,999791998.0,1000000000.0,2026-06-06,,
765,Animecoin,ANIME,anime,0.003009900749864663,-1.40475543,-6.5880071,-24.94226079,16670650.307298314,6800494.63784766,5538604656.0,10000000000.0,,2026-06-06,,
766,WINkLink,WIN,wink,1.6743186704653903e-05,-0.8718212,-5.72716003,-16.00551836,16637735.672865974,10691338.68888379,993701854154.286,993701854154.286,993701859243.3864,2026-06-06,,
767,iShares Core MSCI EAFE Tokenized ETF (Ondo),IEFAon,ishares-core-msci-eafe-tokenized-etf-ondo,97.81240971094071,-0.0191932,-0.71822357,-1.02908343,16624336.254829582,1709368.86931719,169961.4221136,169961.4221136,,2026-06-06,,
768,Mira,MIRA,mira-network,0.05609056184595091,-0.79656458,-7.81990282,-30.79234675,16620199.148271471,9256032.87599821,296310085.0,1000000000.0,1000000000.0,2026-06-06,,
769,Bluwhale,BLUAI,bluwhale,0.013496326273324272,0.39942634,5.2850987,19.04622127,16573488.663642205,7611307.78512427,1228000000.0,10000000000.0,10000000000.0,2026-06-06,,
770,Citrea,CTR,citrea,0.013826297252502109,0.45884771,-16.9019683,-18.27087171,16591556.703002531,25075506.07242378,1200000000.0,10000000000.0,10000000000.0,2026-06-06,,
771,Taiko,TAIKO,taiko,0.08587204783857007,-0.79822926,-6.13360664,-18.14504327,16435600.40284876,8545888.29449106,191396395.17792642,1000000000.0,1000000000.0,2026-06-06,,
772,Apertum,APTM,apertum,0.16808757701629268,-0.99619728,-3.42652536,-6.79921257,16409722.092402931,729568.03395634,97626025.573635,97922372.528186,2100000000.0,2026-06-06,,
773,Chintai,CHEX,chex-token,0.013139547466875153,1.8121387,-0.27206545,-23.09086675,16410267.553106518,188503.07581254,1248921821.2786143,1248921821.2786143,,2026-06-06,,
774,Young,YNG,young,0.606420447519722,-0.04168021,-1.81468135,-4.6619203,16373352.083032494,67311.48900388,27000000.0,100000000.0,100000000.0,2026-06-06,,
775,Abey,ABEY,abeychain,0.015629065844613235,0.04432518,-2.38009233,-8.9981463,16309045.187918307,21080.0432875,1043507356.7457927,1340798622.7448137,1341470578.374332,2026-06-06,,
776,Rujira,RUJI,rujira,0.21601784985274738,6.46706388,-4.49572978,-13.06215458,17270627.095727153,112945.83460887,79950000.0,100000000.0,100000000.0,2026-06-06,,
777,Freysa,FAI,freysa-ai,0.001984182809543838,-0.45902106,-12.1916134,-22.12140454,16249861.95532117,883922.24017604,8189700000.0,8189700000.0,8189700000.0,2026-06-06,,
778,Goldgr,GOLDGR,goldgr,137.95848531079866,0.00980766,-2.6259179,-4.88789614,16232671.845171306,8485.84555771,117663.45367305,10000000000.0,100000000.0,2026-06-06,,
779,SynFutures,F,synfutures,0.0037789411161286,-1.26790406,-7.96651051,-23.46103614,16201875.043608252,4932337.06447562,4287411353.0,10000000000.0,10000000000.0,2026-06-06,,
780,MediBloc,MED,medibloc,0.0015219545069900752,-1.15559301,-7.35405048,-22.67219822,16199747.419017889,222335.69356686,10644041819.0,11434259731.0,,2026-06-06,,
781,Checkmate,CHECK,checkmate,0.05772324216650711,-0.0761121,-1.05107995,2.83968873,16125950.06110716,8157583.65508461,279366672.0,1000000000.0,1000000000.0,2026-06-06,,
782,MetaMUI,MMUI,metamui,0.03369309178021767,0.00445435,-0.23167519,10.16864429,16046216.73126961,652802.01100743,476246491.0,800000000.0,800000000.0,2026-06-06,,
783,QIE Blockchain,QIE,qi-blockchain,0.18986204393479597,-0.04762933,0.09638704,0.15825455,16018488.441904888,81864.85137788,84369093.0,150000565.0,150000565.0,2026-06-06,,
784,Mango Network,MGO,mango-network,0.009988205060267015,-0.00590482,-5.29193988,-33.37912036,16010723.757301304,855617.07177505,1602963061.0,10000000000.0,10000000000.0,2026-06-06,,
785,Faith Tribe,FTRB,faith-tribe,0.004828635444305924,-3.7354355,-5.57992211,-7.77009516,15928426.050302384,277724.35621982,3298742726.39192,5000000000.0,5000000000.0,2026-06-06,,
786,STBL,STBL,stbl,0.02264365982993684,-1.02574313,-8.61082139,-32.70976263,15850561.880955787,5842852.26919798,700000000.0,10000000000.0,10000000000.0,2026-06-06,,
787,Araracoin,ARARA,araracoin,0.00043662529812143477,-0.03746361,-0.02994288,0.02677504,15827667.05690201,14686.20229924,36250000000.0,100000000000.0,100000000000.0,2026-06-06,,
788,FUNToken,FUN,funtoken,0.0014613248529758002,0.3790653,-1.0718464,31.79427527,15791371.049685342,682033.52419152,10806201658.398026,10806201658.398026,,2026-06-06,,
789,Gradients,SN56,gradients,3.77479264747374,-0.62519505,-7.29345835,-27.46557161,15761793.916439854,73059.82082193,4175539.0,4175539.0,21000000.0,2026-06-06,,
790,Electroneum,ETN,electroneum,0.0008761591722105609,-0.25289579,-0.97909313,-2.38430624,15753182.10890816,266719.30011,17979817604.56,17979817604.56,21000000000.0,2026-06-06,,
791,Tokamak Network,TOKAMAK,tokamak-network,0.35742692990229813,-0.43572823,-9.02248419,-22.95325784,15670116.305672828,347615.13712083,43841454.0,104258224.51697862,,2026-06-06,,
792,SaucerSwap,SAUCE,saucerswap,0.017305235435195004,-0.80688493,-3.80504358,-22.40309467,15680843.342204612,185397.69233515,906132909.94662,906332871.683472,1000000000.0,2026-06-06,,
793,Xai,XAI,xai-games,0.007595284087565263,-2.39545445,-10.42646021,-20.69482383,15674742.11856997,6870908.81253313,2063746653.5625858,2205977841.213208,2500000000.0,2026-06-06,,
794,DODO,DODO,dodo,0.015587064607498487,1.52170105,2.10468219,-10.67476076,15587064.607498487,3596064.84652974,1000000000.0,1000000000.0,1000000000.0,2026-06-06,,
795,Titan's Tap,TIT,titans-tap,0.0005072530521606373,-0.00357969,33.39045052,0.03652984,15566745.492223894,396.05331173,30688322970.0,79999980098.1447,80000000000.0,2026-06-06,,
796,FLock.io,FLOCK,flock-io,0.0398856109561307,-0.47303097,-6.26926118,-28.91139518,15452413.46452891,2919214.94916226,387418246.68361425,388759635.1989531,1000000000.0,2026-06-06,,
797,Treasure,MAGIC,magic-token,0.04547939943205483,-1.62674059,-6.67233662,-22.55272172,15281941.05988022,7064039.18302173,336018972.3417761,347687042.97175324,,2026-06-06,,
798,Ark of Panda,AOP,ark-of-panda,0.033768548803273464,0.01811745,-0.65931087,-2.72128362,15038260.332854018,1624307.5976875,445333331.3333333,2000000000.0,2000000000.0,2026-06-06,,
799,Hippo Protocol,HP,hippo-protocol-ai,0.010864480243923745,0.87907013,-7.50255179,-19.68635352,14969077.209609123,228626.17003484,1377799662.1588027,1377801880.7458322,,2026-06-06,,
800,DIA,DIA,dia,0.1251488390101715,-0.7379973,-7.44895432,-25.33152827,14977325.472860541,6784594.21451289,119676104.0,168817248.0,200000000.0,2026-06-06,,
801,Bitgo Tokenised Stock (xStock),BTGOx,bitgo-tokenised-stock-xstock,4.77,0.0,-11.99261993,-20.5,14969319.774325423,155.2456125,3138222.17491099,3138222.17491099,,2026-06-06,,
802,OpenEden,EDEN,openeden,0.03973210285548606,-1.83534048,-10.93230799,-23.84807216,14944791.568550836,11057513.69230656,376138953.0,927200847.6122936,1000000000.0,2026-06-06,,
803,DORA,DORA,dora,0.01504533054666231,0.26420148,-0.19028186,-5.84452312,14896164.961498436,308942.93293972,990085589.366,1000000000.0,1000000000.0,2026-06-06,,
804,Adshares,ADS,adshares,0.3839801110908591,-1.24396434,-7.41630636,-15.6398404,14879114.519119894,304172.5967295,38749701.063551,38758206.0,38758206.0,2026-06-06,,
805,XSGD,XSGD,xsgd,0.7734519022514392,-0.03718635,-0.59591412,-1.31454375,14797790.731147802,586876.57670563,19132140.845569,83617320.371568,,2026-06-06,,
806,Braintrust,BTRST,braintrust,0.06109458591628488,0.13097339,-0.9367194,-16.86088917,14745042.803103793,50823.27661938,241347782.0,250000000.0,250000000.0,2026-06-06,,
807,Quai Network,QUAI,quai-network,0.01884034904506491,-0.03349018,-3.79576923,-15.1850543,14742280.292218085,365862.63805135,782484457.0,1019437183.0,,2026-06-06,,
808,Moonriver,MOVR,moonriver,1.2225809867962758,-1.11951154,-3.44070566,-27.56074137,14740749.42879572,5252039.31053528,12057074.0,12528390.0,,2026-06-06,,
809,Chromia,CHR,chromia,0.015029536895490444,-0.99615423,-9.03914332,-30.58449953,14651272.239078276,3854175.2530151,974831915.3782,974831915.3782,978064789.0,2026-06-06,,
810,USDM,USDM,usdm,0.9968735931956505,-0.2022663,0.24100081,-0.31138376,14620037.704088228,2653185.28425248,14665889.24,14665889.24,,2026-06-06,,
811,ISLM,ISLM,islamic-coin,0.0066473163723512274,0.41511014,-12.25682409,-27.58238727,14534083.95080838,22682.29168532,2186458886.06435,18162691690.82597,100000000000.0,2026-06-06,,
812,Solend,SLND,solend,0.14458077102918235,-0.04305353,0.60547095,-2.03255302,14458077.102918236,419.90790827,100000000.0,100000000.0,,2026-06-06,,
813,Caldera,ERA,caldera,0.09738105772005876,-1.09086193,-6.33610036,-21.31069815,14461087.071428725,8037145.64489475,148500000.0,1000000000.0,1000000000.0,2026-06-06,,
814,Orderly,ORDER,orderly-network,0.037230561852542476,-1.68201096,-8.65281682,-24.3926555,14473659.529899951,7656365.62332563,388757483.36071765,997869608.6576366,1000000000.0,2026-06-06,,
815,Based,BASED,basedone,0.06130891953395866,-1.36270773,-1.77707852,-19.12776523,14407596.090480285,28287837.66531921,235000000.0,1000000000.0,1000000000.0,2026-06-06,,
816,Boundless,ZKC,boundless,0.04781883964408131,-1.33278808,-8.92458934,-24.07751077,14391300.713925427,6991049.25932398,300954620.0,1051076219.0,,2026-06-06,,
817,USDB,USDB,usdb,0.9959582374853401,-0.24430578,1.41855745,-0.21257349,14380870.171047973,112863.8279462,14439230.11004731,14439230.11004731,,2026-06-06,,
818,OKZOO,AIOT,okzoo,0.04888246447850527,-1.36774437,-2.61972052,-9.18182753,14334782.659439206,1107361.68038431,293249999.0,1000000000.0,1000000000.0,2026-06-06,,
819,Acurast,ACU,acurast,0.0660823155141393,0.08535934,-20.60574314,-19.60531786,14339862.466568228,4245469.0893744,217000000.0,1000000000.0,,2026-06-06,,
820,iShares Core US Aggregate Bond Tokenized ETF (Ondo),AGGon,ishares-core-us-aggregate-bond-tokenized-etf-ondo,100.91816052654198,0.09015084,-0.72154858,-0.71742546,14301686.278869081,1723299.48574512,141715.68530629,141715.68530629,,2026-06-06,,
821,tokenbot,CLANKER,tokenbot-2,14.463365059136516,-0.88647655,-10.16588039,-25.99832677,14264888.011702558,3432880.94718318,986277.25659814,1000000.0,1000000.0,2026-06-06,,
822,zkPass,ZKP,zkpass,0.05172516781843505,-0.77134695,-8.09245768,-25.75380352,14224421.15006964,9817274.72870998,275000000.0,1000000000.0,1000000000.0,2026-06-06,,
823,Coin98,C98,coin98,0.014142724572444655,-1.37803332,-10.38121866,-27.3571288,14142708.732593134,12102765.95454085,999998880.0,1000000000.0,,2026-06-06,,
824,Decimal,DEL,decimal,0.0012698039959763475,0.02201452,6.71787903,-4.6314954,14121495.186160505,0.0,11121003895.804047,11121003895.804047,92075616000.0,2026-06-06,,
825,Metadium,META,metadium,0.00807532515971,0.82026258,0.94805014,-14.30376204,14031755.414347488,265814.65027599,1737608720.0,2000000000.0,2000000000.0,2026-06-06,,
826,Hermez Network,HEZ,hermez-network,2.9914615792288335,-0.05625116,-2.071392,-5.52768264,14059869.422375517,120402.32128721,4700000.0,100000000.0,100000000.0,2026-06-06,,
827,Radix,XRD,radix-protocol,0.0010409925366161098,1.2105332,-1.48911386,-4.17719912,14005262.746692654,148931.93191401,13453759036.75419,13453759050.294405,24000000000.0,2026-06-06,,
828,Tensor,TNSR,tensor,0.028740484989684498,-1.68845982,-8.06086644,-21.96059463,13999569.69998754,12467568.10724089,487102764.7937134,783790912.3507395,,2026-06-06,,
829,Mey Network,MEY,mey-network,0.04871329354007272,-0.24160378,-5.67663853,-5.50679778,13849641.560408005,335173.40656278,284309283.03,2300000000.0,2300000000.0,2026-06-06,,
830,Ponke,PONKE,ponke,0.02487725750408997,-1.14343267,-16.69239328,-25.29021411,13820416.765112353,4409541.86178419,555544226.0,555544226.0,555555555.0,2026-06-06,,
831,SuperWalk,GRND,superwalk,0.017114148364703517,0.07359465,-0.45437605,-3.95447023,13804439.625576902,224913.41847199,806609790.4145433,1000000000.0,,2026-06-06,,
832,KernelDAO,KERNEL,kerneldao,0.04807333854686163,-1.87096364,-10.03262444,-23.41964382,13763782.37414163,8088802.37350734,286308020.0,1000000000.0,1000000000.0,2026-06-06,,
833,Fulcrom Finance,FUL,fulcrom-finance,0.0008219873919816551,-0.52410884,-6.45063429,-14.33933776,13720378.43016829,8331.91952452,16691713965.4552,20000000000.0,,2026-06-06,,
834,Avail,AVAIL,avail,0.0035626529095999053,0.55971896,1.84684064,-10.92527577,13753570.832458308,1066223.89447059,3860485762.0,10983766385.0,,2026-06-06,,
835,Lagrange,LA,lagrange,0.07068874452392343,-2.09176179,-9.55143944,-34.12560438,13642927.693117222,62771757.99129454,193000000.0,1000000000.0,,2026-06-06,,
836,GUNZ,GUN,gunz,0.005903440238069355,-1.49636967,-1.86033422,-18.49203508,13564287.372069411,10708771.05221042,2297691994.0,10000000000.0,10000000000.0,2026-06-06,,
837,Verified Emeralds,VEREM,verified-emeralds,5.412633112193475,-0.01816611,4.21373634,-39.40088035,13531582.780483687,15012718.61976865,2500000.0,50000000.0,50000000.0,2026-06-06,,
838,Infinex,INX,infinex,0.006780602902155243,-1.8356551,-15.55205982,-26.80429239,13522556.367768202,5574842.30340386,1994300000.0,10000000000.0,10000000000.0,2026-06-06,,
839,Firo,FIRO,firo,0.720538592699217,-1.97277151,-6.77281793,-23.37202621,13447448.354838405,422869.390059,18663050.79435479,18663050.79435479,21400000.0,2026-06-06,,
840,pippin,PIPPIN,pippin,0.013422682674499264,-0.95313208,-6.81074723,-30.07105314,13422632.379707282,5681765.69161199,999996253.0,999996253.0,,2026-06-06,,
841,Apple Tokenized Stock (Ondo),AAPLon,apple-tokenized-stock-ondo,307.03486397419323,0.10566196,-1.45011982,-1.74955056,13355847.615736606,2661323.08556565,43499.44968093,43499.44968093,,2026-06-06,,
842,Namecoin,NMC,namecoin,0.9015590026296958,0.00528698,0.82805549,1.10136283,13285734.08635225,19086.63366702,14736400.0,14736400.0,,2026-06-06,,
843,Venom,VENOM,venom,0.01342759900522395,-0.07047819,-5.96397076,-10.27740881,13278811.406098794,214798.26005,988919270.0,7367646469.642435,8000000000.0,2026-06-06,,
844,Bertram The Pomeranian,BERT,bertram-the-pomeranian,0.013724120098822614,-0.46488113,-7.83932803,-0.89336459,13267784.020169256,1160180.68383808,966749338.0,979946262.03,979947881.0,2026-06-06,,
845,MovieBloc,MBL,moviebloc,0.0006821799785583012,-0.06223622,-9.03123637,-21.61240627,13220571.044108815,5964091.54881638,19379887214.0,30000000000.0,30000000000.0,2026-06-06,,
846,EGL1,EGL1,egl1,0.01312417095382939,-0.12823929,-3.15091498,-21.2512772,13124170.95382939,1283530.71630314,1000000000.0,1000000000.0,1000000000.0,2026-06-06,,
847,Portal,PORTAL,portal-gaming,0.015246695162906528,-4.91720087,-10.59021401,93.33460964,13018820.810272083,50263109.49663369,853878212.3712547,1000000000.0,1000000000.0,2026-06-06,,
848,DIAM,DIAM,diam,0.00656680301091981,0.06486871,0.92588125,-3.95856291,13017483.965388572,91416.29731346,1982316805.261563,5401462494.44995,10000000000.0,2026-06-06,,
849,AO,AO,ao,1.9681009554900515,0.07103486,-5.90990335,-23.60509277,13015323.171567278,258774.08395793,6613137.97712501,6613137.97712501,21000000.0,2026-06-06,,
850,Newton Protocol,NEWT,newton-protocol,0.05389241934715722,-1.29763334,-8.66814166,-22.96804822,13015321.211227953,7883441.33120204,241505602.62265345,1000000000.0,1000000000.0,2026-06-06,,
851,AITECH Cloud Network,ACN,solidus-ai-tech,0.007280921979883962,-0.18424301,-5.24484601,-7.86279133,12990337.74680118,4426020.25331786,1784161097.0,1986052500.0,2000000000.0,2026-06-06,,
852,Uchain,UCN,uchain,259.35241394584267,0.31079704,-6.05583521,-13.77552715,12967620.697292134,2478331.4506814,50000.0,100000.0,100000.0,2026-06-06,,
853,Goatseus Maximus,GOAT,goatseus-maximus,0.012972232118206152,-0.7987431,-5.79852783,-20.23744164,12971962.90723026,8496315.35545488,999979247.135463,999979247.135463,1000000000.0,2026-06-06,,
854,Defigram,DFG,defigram,1.28688030867649,-0.4739212,-2.58220597,-16.61733236,12868803.0867649,0.0,10000000.0,1000000000.0,1000000000.0,2026-06-06,,
855,AVA (Travala),AVA,ava,0.17490276116678696,-0.89373408,-5.49820566,-20.82358185,12816693.663749862,15799214.11955889,73278967.0,73278967.0,100000000.0,2026-06-06,,
856,RateX,RTX,ratex,0.7321379536157171,1.6214265,6.52031163,-38.28011372,12810650.23024637,1868095.10676739,17497590.67533657,99999990.67533657,100000000.0,2026-06-06,,
857,Intel Tokenized Stock (Ondo),INTCon,intel-tokenized-stock-ondo,94.6386393956556,-0.63141222,-12.91363607,-17.54571828,12737551.563312516,3020758.90749821,134591.44853151,134591.44853151,,2026-06-06,,
858,Codatta,XNY,codatta,0.005094775831778176,-1.06511465,-2.46019014,-15.90454921,12736939.57944544,1998415.55197603,2500000000.0,10000000000.0,10000000000.0,2026-06-06,,
859,PDD Holdings Tokenized Stock (Ondo),PDDon,pdd-holdings-tokenized-stock-ondo,84.81534494272933,0.13299479,-0.77865546,0.23680938,12663461.389104437,1591919.85626313,149306.2534575,149306.2534575,,2026-06-06,,
860,iShares Gold Trust Tokenized ETF (Ondo),IAUon,ishares-gold-trust-tokenized-etf-ondo,81.28478825165843,-0.20179244,-2.75453624,-4.77413415,12634105.613374466,2351778.23994644,155430.13502427,155430.13502427,,2026-06-06,,
861,Limitless,LMTS,limitless-lmts,0.09601075129075548,0.35410842,-12.82886771,3.63735031,12634888.135671718,2661690.71451796,131598680.0,1000000000.0,1000000000.0,2026-06-06,,
862,Lucidum Coin,LUCIC,lucidum-coin,0.07695413520510103,0.63661362,-2.65767705,-12.91410817,12628588.75471651,33631.58485774,164105395.0,210000000.0,210000000.0,2026-06-06,,
863,Buttcoin,BUTTCOIN,buttcoin,0.012602995298166638,-0.38711032,1.32188723,3.0639211,12602348.008328125,787415.43507194,999948640.0,999948640.0,999948640.0,2026-06-06,,
864,Humidifi,WET,humidifi,0.054751843639456274,-1.11600157,-7.2654283,-27.28003121,12592924.037074942,7307843.03573338,230000000.0,1000000000.0,1000000000.0,2026-06-06,,
865,USD CoinVertible,USDCV,usd-coinvertible,0.9994718061401667,-0.00740404,0.04226784,0.09429464,12594234.287273565,162981982.4221887,12600890.0,12600890.0,,2026-06-06,,
866,RollX,ROLL,rollx,0.08073853965251244,-0.03024876,-10.4805252,-10.82238194,12514473.646139428,233056.89571573,155000000.0,1000000000.0,1000000000.0,2026-06-06,,
867,BOB (Build on Bitcoin),BOB,bob-build-on-bitcoin,0.0056167214635983315,-1.94972168,-6.38027499,-23.69832027,12469121.649188295,4224120.59926242,2220000000.0,10000000000.0,10000000000.0,2026-06-06,,
868,ARPA,ARPA,arpa-chain,0.008197707949490306,-1.09457537,-5.60200884,-19.83922536,12457127.137542097,8330273.74633865,1519586598.3877385,1999999999.9877386,,2026-06-06,,
869,Artificial Liquid Intelligence,ALI,alethea-artificial-liquid-intelligence-token,0.0013569514714288724,-0.19831476,1.54542443,-6.83682992,12372807.249660144,108077.99412269,9118091184.669674,9870903732.81426,9870903732.81426,2026-06-06,,
870,Doodles,DOOD,doodles,0.0015811331823466792,-1.82086165,-9.9775079,-30.41360121,12332838.822304098,9408096.17541437,7800000000.0,10000000000.0,10000000000.0,2026-06-06,,
871,Power Protocol,POWER,powerprotocol,0.05867789016804122,-1.62495825,-4.74280186,-31.02311875,12322356.935288657,3599035.26308801,210000000.0,1000000000.0,1000000000.0,2026-06-06,,
872,iShares Core S&P Total US Stock Market Tokenized ETF (Ondo),ITOTon,ishares-core-sp-total-us-stock-market-tokenized-etf-ondo,163.41064273943297,0.35035498,-2.1443157,-1.71327536,12301753.94251075,1316159.23061782,75281.22854352,75281.22854352,,2026-06-06,,
873,Gods Unchained,GODS,gods-unchained,0.02839022777467331,-0.35502628,-7.5972896,-16.96986962,12301446.073420843,418770.24535358,433298604.402,500000000.0,500000000.0,2026-06-06,,
874,Superform,UP,superform,0.06399325122101503,-2.40156631,-11.02860985,-31.44346057,12278814.826458102,5617023.57945692,191876715.0,1000000000.0,1000000000.0,2026-06-06,,
875,StakeStone,STO,stakestone,0.054495981596486026,-1.45821973,-10.6987131,-10.419998,12279761.168242857,17710273.40142519,225333333.0,1000000000.0,1000000000.0,2026-06-06,,
876,Radworks,RAD,radworks,0.20699683631286603,-0.21244272,-3.34202099,-21.63126359,12228540.73345952,5704056.3595869,59075978.89552598,99998580.0,99999620.0,2026-06-06,,
877,哈基米,哈基米,hajimi,0.012143169443864607,-1.20687939,-2.46360686,-15.04626667,12143169.443864606,3078665.77393891,1000000000.0,1000000000.0,1000000000.0,2026-06-06,,
878,JOE,JOE,joe,0.030067521529274124,-1.51169667,-10.06388772,-22.22840153,12134477.360333093,8295390.57876178,403574247.0,464573155.0,500000000.0,2026-06-06,,
879,Test,TST,test-token-bsc,0.01286137929422112,-0.79581318,-12.25472146,-29.71616136,12118382.520917008,14596843.05448055,942230397.1986927,942230397.1986927,,2026-06-06,,
880,ShibaBitcoin,SBBTC,shibabitcoin,103.9086453509339,0.0,0.0,0.0,12114039.867362322,0.0,116583.56074655,1000000000.0,1000000000.0,2026-06-06,,
881,Sleepless AI,AI,sleepless-ai,0.02163547056834913,-0.47518008,-6.90173582,-21.72317229,12036082.68442349,12316052.90896289,556312498.33,1000000000.0,1000000000.0,2026-06-06,,
882,ResearchCoin,RSC,researchcoin,0.09280895736831572,4.13650045,11.69833509,-15.54466488,12023687.415422546,895848.02846067,129553092.24847884,1000000000.0,1000000000.0,2026-06-06,,
883,Katana,KAT,katana-network,0.005132529111404297,-1.23065498,-10.13736941,-30.36753108,12020383.178908864,12682576.09104347,2342000000.0,10000000000.0,10000000000.0,2026-06-06,,
884,Pepecoin,PEP,pepecoin-org,0.00011572125762699866,-0.07828964,-1.53282445,-13.38677209,11910211.202920023,78208.44513619,102921550000.0,102921550000.0,,2026-06-06,,
885,SoFi Technologies Tokenized Stock (Ondo),SOFIon,sofi-technologies-tokenized-stock-ondo,15.764627167948507,0.03958788,-7.08861704,-13.11960507,11888140.708309656,979270.21636353,754102.24305715,754102.24305715,,2026-06-06,,
886,Orochi Network,ON,orochi-network,0.08180816239303265,-0.12829192,-13.91008502,-23.07974334,11802872.629254786,1898291.34852054,144275000.0,700000000.0,1000000000.0,2026-06-06,,
887,Bitcoin Diamond,BCD,bitcoin-diamond,0.06321034397945764,0.0,0.0,0.0,11788280.229335021,0.0,186492897.953,189492897.953,210000000.0,2026-06-06,,
888,Space and Time,SXT,space-and-time,0.008407296216304516,-0.92008473,-8.45316614,-33.13556087,11770214.702826323,57581602.85996177,1400000000.0,5000000000.0,5000000000.0,2026-06-06,,
889,Ready Cards,READY,ready,0.011730051951579255,-1.42966928,-1.46030254,-27.15419267,11730051.951579254,386216.32533631,1000000000.0,1000000000.0,1000000000.0,2026-06-06,,
890,HarryPotterObamaSonic10Inu (ERC-20),BITCOIN,harrypotterobamasonic10inu-eth,0.011728122732464877,0.69080659,-10.52598069,-30.55327035,11725755.469531942,3942729.6989524,999798155.0,999798155.0,999798155.0,2026-06-06,,
891,CoinEx Token,CET,coinex-token,0.016465102164686607,0.23882961,-3.54795236,-22.93015514,11667724.324957823,133097.36408613,708633582.0,2777476547.0,10000000000.0,2026-06-06,,
892,OpenKaito,SN5,openkaito,3.3485203700423996,-0.85444202,-6.69687717,-28.67920219,11657364.693206368,8888.82396169,3481348.0,3481348.0,,2026-06-06,,
893,Ridges AI,SN62,ridges-ai,2.66550905872692,-0.7506978,-9.9008518,-38.8488331,11655004.997009926,161331.52288428,4372525.0,4372525.0,21000000.0,2026-06-06,,
894,Banana Gun,BANANA,banana-gun,2.913584499959918,-1.22210141,-6.87818624,-19.94270131,11679781.554932456,5368321.42284796,4008732.73285643,8402893.46593683,10000000.0,2026-06-06,,
895,Microsoft Tokenized Stock (Ondo),MSFTon,microsoft-tokenized-stock-ondo,412.2003248620088,-0.20766803,-3.53684123,-8.77931501,11625692.744310597,3091741.39994002,28203.98734087,28203.98734087,,2026-06-06,,
896,Worldwide USD,WUSD,worldwide-usd,0.9987372339640814,-0.00192014,0.11510607,0.21704603,11498677.757552732,241611.83501043,11513216.256005,11513216.256005,,2026-06-06,,
897,Fluent,BLEND,fluent,0.05734528768315012,-1.33957716,-19.26229503,-37.37550702,11469057.536630023,25247713.76361382,200000000.0,1000000000.0,1000000000.0,2026-06-06,,
898,Enso,ENSO,enso,0.5568556046771459,-1.89689505,-8.52254507,-25.51140966,11465656.900302434,12981463.75165194,20590000.0,100000000.0,127339703.0,2026-06-06,,
899,Velodrome Finance,VELO,velodrome-finance,0.012444057338922822,-1.00361018,-8.51736251,-22.74523553,11388832.523610145,4043534.27078674,915202511.0,2495978335.0657926,,2026-06-06,,
900,Boba Network,BOBA,boba-network,0.022956025308669015,-0.90045159,-8.39415552,-12.60818783,11330655.678187681,5563233.86445601,493580902.0,500000000.0,500000000.0,2026-06-06,,
901,iShares TIPS Bond Tokenized ETF (Ondo),TIPon,ishares-tips-bond-tokenized-etf-ondo,112.5379424023631,0.04999742,-0.5055001,-0.06566484,11275998.7349896,533120.48457129,100197.30674188,100197.30674188,,2026-06-06,,
902,PolySwarm,NCT,polyswarm,0.006335438550762404,9.02672365,3.0302313,-11.43280649,11945474.34177546,930437.94400484,1885500782.0,1885913076.0,1885913076.0,2026-06-06,,
903,Origin Protocol,OGN,origin-protocol,0.01695147514390804,-1.26925414,-8.03480868,-20.74405441,11256038.480192186,2142370.14562445,664015278.0,1409664846.0,1409664846.0,2026-06-06,,
904,Fartboy,FARTBOY,fartboy,0.011271643784993698,0.22793542,-0.8810573,-13.1039711,11265336.815615311,889923.19193526,999440457.0,999440457.0,999440457.0,2026-06-06,,
905,Lumia,LUMIA,lumia,0.07992832695985275,-1.37180027,-10.1911971,-19.92329446,11257586.875932064,2076864.63780823,140846021.73127738,238888888.0,238888888.0,2026-06-06,,
906,HeyElsa,ELSA,heyelsa,0.04401820422458731,-2.13194704,-4.0573033,-30.07184616,11253106.62510441,7619077.87366188,255646654.0,1000000000.0,1000000000.0,2026-06-06,,
907,SmarDex,SDEX,smardex,0.0011444387721853823,0.02203634,-2.22335963,-5.37790541,11215902.726247951,394947.28491519,9800351926.936586,10000000000.0,10000000000.0,2026-06-06,,
908,FAR Labs,FAR,farcana,0.002320664750538699,-0.00809754,-0.52777452,0.83743103,11214357.133855704,125240.06788274,4832390000.0,5000000000.0,5000000000.0,2026-06-06,,
909,Kishu Inu,KISHU,kishu-inu,1.19242986516002e-10,-1.63536192,-13.91558391,-38.42710942,11105826.373168426,204908.00853299,9.313609712113394e+16,9.670293841273085e+16,1e+18,2026-06-06,,
910,MWX Token,MWXT,mwx-token,0.06623158660929715,-0.48822831,-2.65472789,-7.83637906,11116765.705828186,466719.85004937,167846888.0929343,1000000000.0,1000000000.0,2026-06-06,,
911,Wayfinder,PROMPT,wayfinder,0.023967955526668614,-1.85316038,-7.76757023,-29.30460625,11082162.944041425,5906233.85529387,462374145.0,1000000000.0,1000000000.0,2026-06-06,,
912,Taiwan Semiconductor Manufacturing Tokenized Stock (Ondo),TSMon,taiwan-semiconductor-manufacturing-tokenized-stock-ondo,414.5547328372787,-0.00364184,-5.7093277,-1.79880594,11058029.65800612,3797400.11658239,26674.4745195,26674.4745195,,2026-06-06,,
913,Nexa (nexaagent.xyz),NXA,nexaagent-xyz,1.10374287822371,-0.41336178,-2.50362804,-21.89676997,11037428.7822371,0.0,10000000.0,1000000000.0,1000000000.0,2026-06-06,,
914,Simon's Cat,CAT,simonscat,1.4560323617817099e-06,-0.79273763,-5.79011873,-19.33334186,11017349.172677247,3186461.61374309,7566692514440.816,8098237710343.852,9000000000000.0,2026-06-06,,
915,MicroStrategy Tokenized Stock (Ondo),MSTRon,microstrategy-tokenized-stock-ondo,118.99079506357874,0.22890633,-6.63013514,-25.14030247,10921046.830460722,4330210.66471563,91780.60222747,91780.60222747,,2026-06-06,,
916,OG Fan Token,OG,og-fan-token,2.3234011953387648,-0.8998238,-6.15921572,-16.94761726,10919511.644248346,8890905.0324448,4699796.0,5000000.0,5000000.0,2026-06-06,,
917,Wanchain,WAN,wanchain,0.05489695598039728,0.20348335,-3.36347446,-8.67493412,10922258.308136763,5684291.1989157,198959270.38353285,198959270.38353285,210000000.0,2026-06-06,,
918,Vultisig,VULT,vultisig,0.16696605973662562,0.16648476,-15.05713801,-15.12293546,10854770.795198277,57818.07715349,65011840.20465435,100000000.0,100000000.0,2026-06-06,,
919,GeorgePlaysClashRoyale,CLASH,georgeplaysclashroyale,0.010828768261081957,-1.32452532,-1.38781733,-22.76001481,10825401.8902436,736235.3984651,999689127.077319,999689127.077319,999999967.828928,2026-06-06,,
920,Unicorn Fart Dust,UFD,unicorn-fart-dust,0.010893919348196954,-0.30894228,0.03434199,-30.9518429,10893919.348196954,2597297.1726675,1000000000.0,1000000000.0,1000000000.0,2026-06-06,,
921,TARS AI,TAI,tars-protocol,0.012088320355176535,-2.57419104,-11.08556302,-19.61873441,10785075.562749313,794995.35434121,892189753.9,892189753.9,999999988.0,2026-06-06,,
922,Osaka Protocol,OSAK,osaka-protocol,1.434971265125799e-08,0.04573127,-6.71434375,-37.31242415,10774764.987870025,61734.38946887,750869738630302.0,761459789745212.0,1000000000000000.0,2026-06-06,,
923,Moonbeam,GLMR,moonbeam,0.009135859427958484,-1.54962182,-2.38456153,-24.59962118,10760958.774440765,5371469.93770055,1177881387.0,1234801721.0,,2026-06-06,,
924,Aura,AURA,aura,0.011177339406519516,-1.12231871,-13.11673064,-36.21891251,10767003.852177804,1015935.88238766,963288620.0,963288620.0,965383478.0,2026-06-06,,
925,Hamster Kombat,HMSTR,hamster-kombat,0.00016702510796661973,2.26212219,8.48364606,-0.66266424,10752241.325351145,25875506.79973046,64375000000.0,100000000000.0,100000000000.0,2026-06-06,,
926,Sophon,SOPH,sophon,0.005370285517785409,-1.16746665,-5.46693788,-27.98957112,10740571.035570819,5247443.54121999,2000000000.0,10000000000.0,10000000000.0,2026-06-06,,
927,iShares MSCI EAFE Tokenized ETF (Ondo),EFAon,ishares-msci-eafe-tokenized-etf-ondo,102.73797587393874,0.05066736,-3.16991473,-2.89856107,10734182.525266068,1172837.72402679,104481.15639768,104481.15639768,,2026-06-06,,
928,Gains Network,GNS,gains-network,0.45393496468005506,-0.80562898,-7.03853765,-6.81599274,10725252.95355513,1359940.75106161,23627289.78393317,23627289.78393317,,2026-06-06,,
929,Komodo,KMD,komodo,0.07855473392642628,0.11796268,-35.29028613,1279.13309384,10679820.555446351,100.87296202,135953876.0,141262234.11549,,2026-06-06,,
930,Felysyum,FELY,felysyum,0.2436153509062616,-0.59830033,-0.52254498,-0.00770243,10662371.77441392,106328.70083988,43767241.0,500000000.0,500000000.0,2026-06-06,,
931,Gleec Coin,GLEEC,gleec,0.058425919167270315,-0.00452358,0.06482438,46.18517193,10619205.625839498,2.939256,181755046.0,210000075.0,,2026-06-06,,
932,tx,TX,tx,0.00426926134267888,-0.0092271,2.90741554,-29.77437218,10597724.230872987,90515.56874131,2482332043.0,101927474788.0,,2026-06-06,,
933,IXS,IXS,ix-swap,0.058831556685527815,-0.91495171,-4.79646325,-16.72832325,10589680.203395007,207922.29987094,180000000.0,180000000.0,180000000.0,2026-06-06,,
934,FirmaChain,FCT,firmachain,0.008795292665673313,-0.38711457,-5.23107623,-20.80883425,10412830.37791879,131127.98894279,1183909481.324991,1193727898.539862,,2026-06-06,,
935,Drift,DRIFT,drift,0.017001413551639144,-0.53773684,-2.80346394,-36.71690783,10396633.41864638,7028241.28258222,611515824.085346,1000000000.0,,2026-06-06,,
936,CZ's Dog,BROCCOLI,broccoli-714,0.010703528702711641,-1.67521499,-5.18408851,-20.47566175,10362446.083165832,7797873.58167419,968133628.7294303,968133628.7294303,1000000000.0,2026-06-06,,
937,Vine Coin,VINE,vine-coin,0.010357241865370927,-0.89606497,-6.86014755,-35.4474156,10357180.79907289,8063350.85976392,999994104.0,999994104.0,,2026-06-06,,
938,Ninja Squad Token,NST,ninja-squad-token,1.2005742927663576,-0.46551294,-5.25021215,-10.72429495,10338474.70861427,392875.25344575,8611274.43,8611274.43,10000000.0,2026-06-06,,
939,SuperRare,RARE,superrare,0.012506997158863723,-1.5650922,-7.28199729,-22.99803626,10324266.865452351,6538256.46213102,825479268.4697726,1000000000.0,1000000000.0,2026-06-06,,
940,SideShift Token,XAI,sideshift-token,0.07100609433851669,0.0,-14.31673259,-14.40910917,10246160.809451241,0.0,144299738.0,210000000.0,210000000.0,2026-06-06,,
941,Initia,INIT,initia,0.05187967991115681,-1.40591202,-11.0554489,-19.89530393,10247784.51972325,6110432.21719444,197529833.207769,1000000000.0,1000000000.0,2026-06-06,,
942,Delysium,AGI,delysium,0.0051008027060430354,-2.90059108,-10.3015614,-32.39835082,10215130.474754317,1834617.72272932,2002651555.734987,3000000000.0,,2026-06-06,,
943,Arm Holdings plc Tokenized Stock (Ondo),ARMon,arm-holdings-plc-tokenized-stock-ondo,335.28521337388577,-0.04036846,-12.09974146,-5.16438282,10185128.859018464,3313578.0483204,30377.50682927,30377.50682927,,2026-06-06,,
944,AriaAI,ARIA,aria-ai,0.02951886042985987,-0.72867717,-4.03842822,-22.95542694,10139728.565331768,2424068.96718151,343500000.26,1000000000.0,1000000000.0,2026-06-06,,
945,Metaplex,MPLX,metaplex,0.019771534153849295,-0.22381189,-7.15078424,-13.69987719,10133933.481706586,1096767.78010674,512551702.0,999982241.0,1000000000.0,2026-06-06,,
946,Torch of Liberty,LIBERTY,torch-of-liberty,0.01008693253443599,0.06964244,3.40623038,-19.78339083,10086932.53443599,566434.0874485,1000000000.0,1000000000.0,1000000000.0,2026-06-06,,
947,AMD Tokenized Stock (Ondo),AMDon,amd-tokenized-stock-ondo,441.04913792918705,-1.43196797,-13.9031331,-14.44810813,10103656.125528088,6113628.63094304,22908.23234111,22908.23234111,,2026-06-06,,
948,Freedom Dollar,FUSD,freedom-dollar,0.9981308468072885,-0.31165057,-0.10869383,-0.16614384,10081121.552753614,271168.14742359,10100000.0,10100000.0,,2026-06-06,,
949,Bone ShibaSwap,BONE,bone-shibaswap,0.0436312688466347,-0.10797532,-6.47390338,-19.26569138,10031847.52514594,2694515.70164057,229923350.6228802,249999401.82484713,250000000.0,2026-06-06,,
950,YELLOW,YELLOW,yellow,0.0516880053299224,0.39082233,-5.08327756,-9.82867311,10024156.872691233,1352946.41953726,193935842.73,10000000000.0,10000000000.0,2026-06-06,,
951,Mubarak,MUBARAK,mubarak,0.009992327265313286,-0.94498544,-3.72051663,-18.76124815,9992327.265313286,8367099.13482752,1000000000.0,1000000000.0,1000000000.0,2026-06-06,,
952,Eitherway,EITHER,eitherway,0.09996283224966165,-1.86810032,7.47036271,-23.47530527,9996276.32753074,1221486.01988896,99999931.0,99999960.0,100000000.0,2026-06-06,,
953,GYEN,GYEN,gyen,0.0047456798703958926,-1.61539309,-1.92238826,-33.76290286,9960141.951540824,23.46612317,2098780833.0,2098780833.0,,2026-06-06,,
954,Everscale,EVER,everscale,0.005019208987939025,0.00054314,-9.40151677,33.19383728,9965757.306618389,22845.18424517,1985523482.0,2117524486.0,,2026-06-06,,
955,Redbelly Network,RBNT,redbelly-network,0.003752134049999739,0.00701844,1.38474366,2.50488779,9934028.522430416,185330.34169651,2647567594.8814,10000000000.0,10000000000.0,2026-06-06,,
956,Echelon Prime,PRIME,echelon-prime,0.27733614260426953,0.41605804,-5.76932496,-20.21172846,9921379.069078464,1687572.69027208,35773841.0,111111111.1,111111112.0,2026-06-06,,
957,DeAgentAI,AIA,deagentai,0.052352298161447056,-1.18891729,-10.54630695,1.32712128,9892045.266052663,15911970.12461276,188951500.0,1000000000.0,1000000000.0,2026-06-06,,
958,MyNeighborAlice,ALICE,myneighboralice,0.09917076394291069,-0.9797395,-6.16212638,-20.42947625,9860330.585600562,6320672.14285676,99427796.999495,99427796.999495,99427796.999495,2026-06-06,,
959,Augur,REP,augur,0.8939659222065326,0.00014974,0.57686857,-4.43929356,9833625.144271858,7023.70034353,11000000.0,11000000.0,,2026-06-06,,
960,ColossusXT,COLX,colossusxt,0.0007720673080000002,0.0,0.0,0.0,9830236.551021257,0.0,12732356945.0,16882340829.281399,,2026-06-06,,
961,Oracle Tokenized Stock (Ondo),ORCLon,oracle-tokenized-stock-ondo,211.06889428878281,0.00411298,-9.03306667,-7.50106766,9789346.431968303,8762801.51492456,46379.86314826,46379.86314826,,2026-06-06,,
962,Alpha Quark Token,AQT,alpha-quark-token,0.36407284005533436,-4.47162463,-12.69399216,-23.13733422,9759409.729164144,507426.69921848,26806201.0,30000000.0,30000000.0,2026-06-06,,
963,Hunt Town,HUNT,hunt,0.07705406797738532,-0.55381061,-6.06524321,-18.57370047,9721732.837160863,189087.56874435,126167678.0,198912688.0,198912688.0,2026-06-06,,
964,APX,APX,apollox,0.2201131078992052,-0.37431427,0.14447237,-0.87415263,9719284.903434351,5911.79036374,44155866.02813783,3975255603.4277463,,2026-06-06,,
965,Dolomite,DOLO,dolomite,0.021957434624242433,-1.1591916,-8.77352307,-28.94291632,9696885.46903185,3620117.4320502,441621967.0,998851995.6451048,1000000000.0,2026-06-06,,
966,Eesee,ESE,eesee,0.0072043169927664885,-0.19595229,-10.39709766,-15.64428739,9675148.748191014,313062.09870288,1342965441.1244495,1346003231.1310656,1346003231.1310656,2026-06-06,,
967,Wecan Group,WECAN,wecan-group,0.0016064961548553785,0.8810564,5.55540593,31.87253287,9638976.929132272,95936.49419751,6000000000.0,6000000000.0,6000000000.0,2026-06-06,,
968,Stader,SD,stader,0.13613365755611193,0.00796839,-8.22161004,-13.41152681,9632239.668863134,2400055.78537681,70755754.6148563,120000000.0,120000000.0,2026-06-06,,
969,MyShell,SHELL,myshell,0.02555825506070642,-1.19104225,-7.7680683,-16.45857268,9626942.73952517,9157571.63551108,376666666.66637,1000000000.0,1000000000.0,2026-06-06,,
970,iShares Core MSCI Emerging Markets Tokenized ETF (Ondo),IEMGon,ishares-core-msci-emerging-markets-tokenized-etf-ondo,79.65657291559454,-0.10396428,-4.78840375,-6.29021994,9606155.279059362,853925.33613826,120594.63428383,120594.63428383,,2026-06-06,,
971,Maverick Protocol,MAV,maverick-protocol,0.010333173589713446,-1.31620845,-8.2102827,-20.15040821,9598202.409391353,4110921.3924051,928872657.1811638,2000000000.0,2000000000.0,2026-06-06,,
972,Assemble AI,ASM,assemble-protocol,0.006355527639502196,1.83802949,2.14856467,-2.45428793,9533291.459253294,244289.1768746,1500000000.0,3000000000.0,3000000000.0,2026-06-06,,
973,YieldBasis,YB,yieldbasis,0.07908956888593337,-2.0969745,-13.33523387,-22.82464095,9509091.969000172,5558627.8764489,120231935.80324888,736863496.9287088,1000000000.0,2026-06-06,,
974,BENQI,QI,benqi,0.0013162400729036581,-0.6688927,-4.36529611,-15.58978002,9476928.52490634,874209.98759575,7200000000.0,7200000000.0,7200000000.0,2026-06-06,,
975,Wilder World,WILD,wilder-world,0.01889830074881604,0.31557808,-3.95011358,-15.37643969,9448562.800382808,261541.3319051,499968908.6318912,499968908.6318912,500000000.0,2026-06-06,,
976,Eclipse,ES,eclipse-xyz,0.07129428724384056,-0.83021186,-14.91485652,-47.52830984,9457034.63312075,10224492.31660279,132647860.0,1000000000.0,1000000000.0,2026-06-06,,
977,SquidGrow,SQGROW,squid-grow,0.009395920356662322,0.47044246,5.30079956,-16.29927158,9395920.356662322,94676.39492441,1000000000.0,1000000000.0,1000000000.0,2026-06-06,,
978,Moss Coin,MOC,moss-coin,0.020824192973801718,0.21528491,-3.94257458,-13.49361116,9339435.809672125,151036.58341819,448489688.0,500000000.0,500000000.0,2026-06-06,,
979,Ellipsis,EPS,ellipsis,0.0129425184939977,0.1001911,-3.65036007,-12.02080004,9366520.97715397,76.91317955,723701571.7997887,723701571.7997887,1000000000.0,2026-06-06,,
980,iShares Russell 1000 Growth Tokenized ETF (Ondo),IWFon,ishares-russell-1000-growth-tokenized-etf-ondo,493.1444121824215,0.03581471,-2.24926276,-2.86236597,9359814.590291569,735713.21352282,18979.86544929,18979.86544929,,2026-06-06,,
981,Goldfinch,GFI,goldfinch-protocol,0.10713159076519956,0.20987093,-12.70669847,-18.95548369,9347213.643357832,381024.73296898,87249835.24088737,114285714.0,114285714.0,2026-06-06,,
982,OWB,OWB,owb,0.020491510139230194,-1.41363902,0.86555997,-16.26037056,9326329.922736228,65687.30189531,455131410.9779218,1000000000.0,1000000000.0,2026-06-06,,
983,Santos FC Fan Token,SANTOS,santos-fc-fan-token,0.5768827547965072,-0.78162799,-9.75703104,-28.18491515,9284843.881757174,7185120.56710882,16094854.291549,30000000.0,30000000.0,2026-06-06,,
984,Recall,RECALL,recall-network,0.03773125873401272,-0.80183923,-5.7543968,-27.19852254,9255128.155161668,6474677.76622955,245290734.14714,1000000000.0,1000000000.0,2026-06-06,,
985,Hivemapper,HONEY,hivemapper,0.0015785931411603465,-1.7659347,-7.0570768,-15.41133715,9214923.44486512,298343.96067148,5837427773.246045,6547318764.99556,10000000000.0,2026-06-06,,
986,龙虾 (Lobster),龙虾,lobster-2,0.00917162072879728,-9.48540499,-16.17036621,51.84452389,9171620.72879728,10603209.35069427,1000000000.0,1000000000.0,1000000000.0,2026-06-06,,
987,NetX,NETX,netx,0.4051574860143766,-0.3414466,-3.73145818,-14.96922788,9137065.03148533,160751.45891618,22551885.0,30000000.0,50000000.0,2026-06-06,,
988,Avici,AVICI,avici,0.7079858404144408,-0.14242209,-7.53837814,-15.86433443,9133006.72155868,575438.081597,12899985.0,12899517.063989,12900000.0,2026-06-06,,
989,Paris Saint-Germain Fan Token,PSG,paris-saint-germain-fan-token,0.566790173863424,-0.4919273,-6.36685336,-48.33826829,9108587.270782037,8514825.07314723,16070474.9143673,19890000.0,19890000.0,2026-06-06,,
990,SUPRA,SUPRA,supra,0.0003143951170945028,-0.67681788,-6.97328366,-11.2829372,9106243.873216115,1151227.28925318,28964329845.106674,81622845290.16061,100000000000.0,2026-06-06,,
991,Everlyn AI,LYN,everlyn,0.03559879172131524,-3.99128573,4.08609724,2.62519427,9100424.209364867,2117762.15517101,255638570.0,1000000000.0,1000000000.0,2026-06-06,,
992,Clash of Lilliput,COL,clash-of-lilliput,0.11035770929819,-0.39900249,-2.51539701,-16.58281657,9057542.776023366,0.0,82074400.0,1000000000.0,1000000000.0,2026-06-06,,
993,Layer3,L3,layer3-xyz,0.007328965163407531,0.03981968,1.24141629,-15.41104254,9023534.19332501,5776798.99494996,1231215320.5991778,3333333312.0,3333333333.0,2026-06-06,,
994,TG Casino,TGC,tg-casino,0.11652644097235329,1.03562385,-3.76451211,-12.90917988,8972535.838325206,72372.57141819,76999998.99983217,76999998.99983217,100000000.0,2026-06-06,,
995,Bless,BLESS,bless,0.004579337806289729,5.56760891,8.29770395,-4.97876173,8891403.923694538,5517702.06479273,1941635297.4620433,9999968630.462044,10000000000.0,2026-06-06,,
996,Fusionist,ACE,fusionist,0.08674341478665078,-2.56449013,-7.99864454,-23.66660868,8825021.12241877,62411270.49974351,101737073.0,146307870.0,147000000.0,2026-06-06,,
997,Act I : The AI Prophecy,ACT,act-i-the-ai-prophecy,0.009268178636310916,-1.2804281,-7.18835682,-24.95223257,8788461.229471158,79872353.58050878,948240379.726787,948240379.726787,,2026-06-06,,
998,THENA,THE,thena,0.06627731884964184,-1.16905444,-9.25699355,-25.20065659,8789523.010465486,5667318.12297262,132617359.34740493,283731766.7349943,326120291.0,2026-06-06,,
999,ThunderCore,TT,thundercore,0.0006406050547191889,-1.58777446,-8.98284393,-22.63270348,8752288.926826404,255994.7140152,13662534915.0,13662534915.0,,2026-06-06,,
1000,Orchid,OXT,orchid,0.008740413007872542,0.08667301,-9.69514112,-2.79749695,8716067.762395266,3139017.20425755,997214634.4279902,1000000000.0,,2026-06-06,,
1000,Orchid,OXT,orchid,0.008740413007872542,0.08667301,-9.69514112,-2.79749695,8716067.762395266,3139017.20425755,997214634.4279902,1000000000.0,,2026-06-06,,
1001,Intuition,TRUST,intuition,0.04865771437054575,-1.23749573,-7.71083874,-26.16623575,8741252.89674379,1901256.78492865,179647832.0,1046153846.1538461,,2026-06-06,,
1003,Synapse,SYN,synapse-2,0.04088558958994107,-1.21828366,-8.63889894,-8.52966563,8739216.397436356,4182720.53437087,213748083.0064007,227885227.19689646,250000000.0,2026-06-06,,
1004,saffron.finance,SFI,saffron-finance,95.51610302468252,-0.02141409,-5.16881704,-9.33113724,8732415.473102916,34683.15125083,91423.48982607,92122.50184922,100000.0,2026-06-06,,
1005,Vulcan Forged (PYR),PYR,vulcan-forged-pyr,0.19262067746934125,-1.65951472,-6.20305048,-22.44691596,8713456.952849485,4933255.91811775,45236352.95715526,50000000.0,50000000.0,2026-06-06,,
1006,Haedal Protocol,HAEDAL,haedal-protocol,0.020413490645878277,-2.95691961,-19.4981743,-25.52043905,8675733.524498267,7953294.73789193,425000000.0,1000000000.0,1000000000.0,2026-06-06,,
1007,ULTILAND,ARTX,ultiland,0.1461758840992751,-11.17976441,-28.83761046,-25.42863719,8621895.53026438,5517797.112005,58983022.975314,91116819.215314,280000000.0,2026-06-06,,
1008,Anthropic tokenized stock (PreStocks),ANTHROPIC,anthropic-tokenized-stock-prestocks,900.888383951816,-0.02538957,-6.0922644,-6.955023,8607912.753522955,394433.10671851,9554.91591063,9554.91591063,,2026-06-06,,
1009,Purple Bitcoin,PBTC,purple-bitcoin,0.44235346774355716,-1.33538748,-5.93136517,-41.18713445,8542804.926799625,135180.91816258,19312169.0,19312169.0,19312169.0,2026-06-06,,
1010,xU3O8,XU3O8,xu3o8,5.334313710460795,0.01161382,0.23086629,0.35028222,8534901.936737273,673949.79650923,1600000.0,1600000.0,,2026-06-06,,
1011,Alchemix,ALCX,alchemix,3.372199770265007,0.10041979,-9.12536326,-19.09164095,8507459.26853337,1737707.26527542,2522821.85164398,2685400.92981383,,2026-06-06,,
1012,Aspecta,ASP,aspecta,0.02509418629195332,-0.09730031,-2.08433183,-6.9123477,8448376.059989013,1555021.5505708,336666667.0,1000000000.0,1000000000.0,2026-06-06,,
1013,Hashflow,HFT,hashflow,0.010248019359064433,-1.82723656,-8.47103935,-8.7827925,8392635.305153668,7712746.21782502,818951937.0619,997353568.2839,,2026-06-06,,
1014,Bubblemaps,BMT,bubblemaps,0.012495752815491215,-1.30397292,-6.48851515,-21.40259777,8380273.5267624855,3549249.63910525,670649752.0,1000000000.0,1000000000.0,2026-06-06,,
1015,Tutorial,TUT,tutorial,0.009977784229370621,-3.49426125,4.12447942,-0.20319926,8334205.013570037,13949278.77881207,835276131.6523019,835276131.6523019,1000000000.0,2026-06-06,,
1016,Dymension,DYM,dymension,0.015394161607056478,-0.84801408,-7.68323798,-24.15255498,8295755.607397193,6974353.60403458,538889731.0,1066539030.0,,2026-06-06,,
1017,MUX Protocol,MCB,mcdex,2.167619159832704,0.0,-0.81420824,29.88708426,8283606.474541355,0.0,3821523.0,4803143.0,4803143.0,2026-06-06,,
1018,Hegic,HEGIC,hegic,0.011745627605488416,-0.03628515,-11.77721175,-22.56606145,8265719.379451967,3.95068984,703727349.1958504,3012009888.0,3012009888.0,2026-06-06,,
1019,Groestlcoin,GRS,groestlcoin,0.091541930400715,0.0,0.0,0.0,8257912.763310236,0.0,90209073.88736624,90209073.88736624,105000000.0,2026-06-06,,
1020,Agoras: Tau Net,AGRS,agoras-tokens,0.2761927650050572,-0.00152624,-8.20994868,-23.41239484,8247616.103209061,12137.40303879,29861810.83728983,42000000.0,42000000.0,2026-06-06,,
1021,Vanar Chain,VANRY,vanar,0.003486791685101133,-1.70346268,-7.16859795,-24.36566546,8233952.42294064,1845018.63282061,2361469559.0,2377565576.0,2400000000.0,2026-06-06,,
1022,Elastos,ELA,elastos,0.35549986825755214,-0.12514298,-9.36850205,-20.04784223,8213687.944141331,315596.57878564,23104616.0,26229451.0,28219999.0,2026-06-06,,
1023,Ambire Wallet,WALLET,ambire-wallet,0.011214438137620457,0.0032033,-6.33733799,-27.79632073,8136025.078191047,20246.67705216,725495560.1295416,725495560.1295416,1000000000.0,2026-06-06,,
1024,XION,XION,xion,0.11493661251768561,0.10039495,-2.71946966,-17.84532052,8143655.848002106,8065598.62308357,70853452.782498,200000000.0,200000000.0,2026-06-06,,
1025,Inverse Finance,INV,inverse-finance,11.289594006991388,0.0163989,-4.54295079,-6.69034155,8120452.047656502,14473.56194759,719286.45464378,727000.0,,2026-06-06,,
1026,heyAura,ADX,adx-net,0.05476862178922954,-0.39794146,-6.80904981,-9.29385712,8100279.162627049,8913375.42552144,147900000.0,150000000.0,150000000.0,2026-06-06,,
1027,Heima,HEI,heima,0.09166931461608009,-1.92323824,2.20033441,-44.8254782,8089363.251761719,35942279.98820731,88245050.0,98536499.0,100000000.0,2026-06-06,,
1028,WazirX,WRX,wazirx,0.02115960068073686,-3.79672299,-4.01777076,-8.92104819,8079938.935951177,16068.3793901,381856872.3419691,962646668.99,,2026-06-06,,
1029,KnoxNet,KNX,knoxnet,0.008034230053242193,-0.36038953,-12.78407146,-44.22887951,8034230.053242193,145534.71445061,1000000000.0,1000000000.0,1000000000.0,2026-06-06,,
1030,DEXTools,DEXT,dextools,0.1142134057673829,1.07077365,-6.37630501,1.13061372,8033320.740502749,225529.09458933,70336058.0706622,112551255.0,200000000.0,2026-06-06,,
1031,Energy Web Token,EWT,energy-web-token,0.2663780728271905,-0.12565154,-4.69173552,-16.41725453,8007894.385505051,128274.16697685,30062138.0,81129057.2198709,100000000.0,2026-06-06,,
1032,Kleros,PNK,kleros,0.00873372992280773,-0.09248925,-17.99341338,-21.53142952,7995976.223588175,54670.7843954,915528221.5341986,915528222.0793128,,2026-06-06,,
1033,Toko Token,TKO,tokocrypto,0.047098009641772104,-2.17891228,2.3205891,-9.76065149,7987610.830406384,1628056.10030083,169595507.13841677,495268640.66,500000000.0,2026-06-06,,
1034,Wibx,WBX,wibx,0.0006767330300979011,0.13786385,-3.04015351,-7.80911326,7952483.59143755,5692.57692577,11751286309.0,11751286309.0,12000000000.0,2026-06-06,,
1035,Quantoz USDQ,USDQ,quantoz-usdq,0.9929580503898994,0.00640707,-0.37566988,-0.50032197,7923853.897055866,20919744.34203414,7980049.0,11000000.0,,2026-06-06,,
1036,Just a chill guy,CHILLGUY,just-a-chill-guy,0.007902712302735908,-0.35095997,-7.03679148,-24.38812573,7902271.215248832,6023440.03802083,999944185.303706,999944185.303706,1000000000.0,2026-06-06,,
1037,MARBLEX,MBX,marblex,0.028416689447095463,-0.62562133,-7.78080611,-24.04749006,7903436.7119704485,1791048.44581272,278126582.15111953,321280425.0,,2026-06-06,,
1038,4,4,4four,0.007858652879940907,-2.7646443,1.62413586,-12.58333485,7858652.879940907,7253625.84853035,1000000000.0,1000000000.0,1000000000.0,2026-06-06,,
1039,我踏马来了,我踏马来了,wotamalaile,0.007834966474533024,-3.31084978,-5.39184977,1.0381738,7834966.474533024,6416806.62415174,1000000000.0,1000000000.0,1000000000.0,2026-06-06,,
1040,GRIFFAIN,GRIFFAIN,griffain,0.007822089340658794,-1.4865884,-4.34471079,-23.28802905,7821159.450677977,7758656.82214089,999881120.0,999881120.0,999881120.0,2026-06-06,,
1041,Realio Network,RIO,realio-network,0.051757695076610655,-0.68739002,-8.89697912,-30.84233821,7751654.171720373,534084.05870721,149768148.68294534,149768148.68294534,175000000.0,2026-06-06,,
1042,Abelian,ABEL,abelian,0.06583502396995193,-0.07781384,0.54300894,-4.66204828,7724890.001044359,38659.77177705,117337088.0,137916813.0,225180000.0,2026-06-06,,
1043,Chainbounty,BOUNTY,sentinel-protocol,0.014646643537086498,0.31418172,-9.05972345,-19.01884686,7617823.578538576,354316.62713521,520107119.3717267,555416661.0,1000449852.0,2026-06-06,,
1044,AhaToken,AHT,ahatoken,0.0010449889426058,0.56795016,-6.67812631,-25.42048782,7596487.51493001,121958.56656206,7269442962.704749,7673122637.674749,10500000000.0,2026-06-06,,
1045,SaitaChain Coin,STC,saitama-inu-new,0.00017057066120995668,-0.00598838,0.06435487,0.0354202,7624712.4740646435,67344.18054077,44701195504.42107,44710138786.93723,200000000000.0,2026-06-06,,
1046,MAP Protocol,MAPO,map-protocol,0.0012263639950638799,-0.94230002,-19.06044431,-28.97045247,7625389.461809584,561723.00982802,6217884325.128435,9697223991.055454,10000000000.0,2026-06-06,,
1047,Bitgert,BRISE,bitrise-token,1.9068624742028737e-08,0.06302496,-2.68467874,-10.46942678,7545264.124173351,586631.16987767,395690000000000.0,1000000000000000.0,,2026-06-06,,
1048,X Empire,X,x-empire,1.0930076644086574e-05,-0.269157,-3.86354485,-13.98925563,7541752.884419736,275996.62680496,690000000000.0,690000000000.0,690000000000.0,2026-06-06,,
1049,ANyONe Protocol,ANYONE,anyone-protocol,0.07712669005296506,-0.14858409,-2.39055287,-18.80968995,7519849.622410476,222903.54064568,97499965.5404165,100000000.0,100000000.0,2026-06-06,,
1050,Sport.Fun,FUN,sport-fun,0.042120936096961235,-5.99266573,-21.0254023,-30.08788896,7497526.6252590995,3584079.20197656,178000000.0,1000000000.0,1000000000.0,2026-06-06,,
1051,Solomon,SOLO,solomon,0.5791604102677992,-0.03576647,-1.65905191,-16.00987159,7471151.447460189,0.0,12899969.188166,25799969.188166,25800000.0,2026-06-06,,
1052,Auki,AUKI,auki-labs,0.005920971517464581,0.24485284,-2.13336319,-22.90038402,7435477.030858657,81107.67781888,1255786657.4643822,9991616050.76035,10000000000.0,2026-06-06,,
1053,Partisia Blockchain,MPC,partisia-blockchain,0.015867162843421875,-0.01353852,-1.61481574,-7.14112161,7392365.205908443,8755.90356544,465890800.9489,609555689.7516,1000000000.0,2026-06-06,,
1054,Cookie DAO,COOKIE,cookie,0.009554353717744789,-1.69556922,-7.05868996,-24.60628232,7347713.3271475,4591631.48771579,769043469.0,999892387.0,1000000000.0,2026-06-06,,
1055,Polkastarter,POLS,polkastarter,0.07341975931423089,-0.41042053,-2.44150337,-5.35443082,7283947.298688236,487042.41935632,99209631.94000003,100000000.0,,2026-06-06,,
1056,RAMP,RAMP,ramp,0.015221696446240024,-0.00022196,-7.05391739,-43.06834523,7273516.250533811,0.0,477838740.0,1000000000.0,1000000000.0,2026-06-06,,
1057,Forta,FORT,forta,0.011453019303779365,-1.24718807,-7.76079603,-22.46566561,7271803.516996083,519458.27159039,634924584.0,1000000000.0,1000000000.0,2026-06-06,,
1058,Alien Worlds,TLM,alien-worlds,0.00107353464474526,-2.01755175,-12.10562266,-27.42035756,7274807.723373614,5575583.92290308,6776500189.3347,7009203234.3103,10000000000.0,2026-06-06,,
1059,Phoenix,PHNIX,phoenix-xrp,1.3679455808224339e-05,-0.49130808,-0.10142834,-22.35258038,7250099.406351763,414232.53190826,529999110198.0,589000000000.0,589000000000.0,2026-06-06,,
1060,iShares MSCI Emerging Markets Tokenized ETF (Ondo),EEMon,ishares-msci-emerging-markets-tokenized-etf-ondo,64.90505274239005,-0.01671308,-5.13920548,-6.71693985,7246978.590184053,772958.59465222,111655.07589906,111655.07589906,,2026-06-06,,
1061,SanDisk Tokenized Stock (Ondo),SNDKon,sandisk-tokenized-stock-ondo,1508.9390802564833,-0.72071173,-12.56610968,-10.36110683,7224661.143617719,2522175.13393515,4787.90776788,4787.90776788,,2026-06-06,,
1062,Venus DAI,vDAI,venus-dai,0.02611854135754223,0.01023624,0.03561249,0.08139771,7170522.31276392,0.0,274537625.0,274537625.0,,2026-06-06,,
1063,Balancer,BAL,balancer,0.10257770937770146,-0.32128967,-7.40694318,-23.25467409,7158787.276019159,337629.61968076,69788917.29449508,72368512.92020285,96150704.0,2026-06-06,,
1064,InitVerse,INI,initverse,0.013106987229027795,0.86698108,-6.84616446,-15.7545407,7160816.9038541475,141160.56445795,546335842.0,548785387.25,6000000000.0,2026-06-06,,
1065,Atletico De Madrid Fan Token,ATM,atletico-de-madrid-fan-token,0.8445165479156039,-1.00693724,-5.05556412,-15.75491322,7145630.171355891,5276477.97960571,8461208.0,10000000.0,10000000.0,2026-06-06,,
1066,Access Protocol,ACS,access-protocol,0.0001442807984223725,-0.50858738,-2.32590419,-16.57756413,7122603.851924786,521429.41005708,49366263077.321175,90178102008.19208,,2026-06-06,,
1067,Alltoscan,ATS,alltoscan,0.09491772813879577,-0.00291681,-6.11372848,-22.81366453,7114093.991761775,356196.87888705,74950108.175356,100000000.0,100000000.0,2026-06-06,,
1068,FC Porto Fan Token,PORTO,fc-porto,0.5478482443072885,-1.1107455,-6.64563143,-23.51082504,7115566.0466932785,2160558.99137736,12988206.35209,40000000.0,40000000.0,2026-06-06,,
1069,FC Barcelona Fan Token,BAR,fc-barcelona-fan-token,0.2824942164758779,-1.52713236,-5.07962592,-24.18605408,7104101.84221932,2549668.76442249,25147778.0,39960000.0,39960000.0,2026-06-06,,
1070,Nimiq,NIM,nimiq,0.0004997323356116391,0.02579868,-5.56937994,-7.7890657,7059068.718632833,93194.23524367,14125699330.60866,14125699330.60866,21000000000.0,2026-06-06,,
1071,Alpine F1 Team Fan Token,ALPINE,alpine-f1-team-fan-token,0.330112010905189,-1.00526494,-7.35616647,-20.61205676,7043091.347254443,3673737.88998722,21335459.22168,40000000.0,40000000.0,2026-06-06,,
1072,Puffer,PUFFER,puffer,0.015269052771462012,-1.79274357,-12.42167343,-30.53765209,7039707.990740695,5912479.87740859,461044185.0,1000000000.0,1000000000.0,2026-06-06,,
1073,Hydranet,HDN,hydranet,0.03740991428119833,-0.07492614,-9.27619117,-21.7606108,7033556.479082922,110330.64438915,188013167.47784916,300000000.0,300000000.0,2026-06-06,,
1074,SWEAT,SWEAT,sweat-economy,0.0008241022997427295,-0.28354977,-15.13067121,-13.66127064,6969202.802466981,2407868.03444884,8456720488.03,19757978573.307,21867346500.41,2026-06-06,,
1075,Edel,EDEL,edel,0.011463260642138798,-0.23821312,-9.51299209,-24.9958589,6927330.011657343,783968.22149198,604307118.8831359,1000000000.0,1000000000.0,2026-06-06,,
1076,OMG Network,OMG,omg,0.04933943552816464,0.30932604,-1.32405204,-13.34038945,6919628.784837503,1907518.20904357,140245398.24513277,140245398.24513277,140245399.0,2026-06-06,,
1077,BFG Token,BFG,betfury,0.006144890517381227,0.08869992,-4.87755656,-9.49063964,6899537.863401798,20948.03540017,1122808916.43,3327754200.68,,2026-06-06,,
1078,Amazon Tokenized Stock (Ondo),AMZNon,amazon-tokenized-stock-ondo,245.11898983802834,-0.04837593,-3.0485865,-9.24586956,6888864.760293367,3285549.63712949,28104.16591895,28104.16591895,,2026-06-06,,
1079,AS Roma Fan Token,ASR,as-roma-fan-token,0.800539944189674,-1.44977506,-2.61572088,-19.95428607,6880534.348497671,5451272.50005668,8594867.0,9995000.0,9995000.0,2026-06-06,,
1080,Nebius Group Tokenized Stock (Ondo),NBISon,nebius-group-tokenized-stock-ondo,222.7904690765061,0.12989864,-12.08232847,-2.7654012,6851946.997048632,2576156.84352918,30755.1172429,30755.1172429,,2026-06-06,,
1081,Treehouse,TREE,treehouse,0.043909828680872655,-1.16324575,-7.13359711,-30.33387543,6855309.988828278,9682655.27383774,156122449.0,1000000000.0,1000000000.0,2026-06-06,,
1082,Argentine Football Association Fan Token,ARG,argentinefootballassociationfantoken,0.3682767069821321,0.93994566,-1.98052254,-11.19984699,6834243.062805232,3122271.87339978,18557359.0,20000000.0,20000000.0,2026-06-06,,
1083,FIGHT,FIGHT,fight-id,0.003326159099735806,-0.90911907,-8.56050798,-39.05994569,6818626.154458403,3744282.15533602,2050000000.0,10000000000.0,10000000000.0,2026-06-06,,
1084,Peercoin,PPC,peercoin,0.22388111124707147,1.19978243,-3.78462974,-18.03119035,6772204.254406004,12166.54133968,30249109.52372535,30249109.52372535,,2026-06-06,,
1085,Meta Platforms Tokenized Stock (Ondo),METAon,meta-platforms-tokenized-stock-ondo,587.888437741992,-0.130988,-5.87789223,-6.78175495,6750478.6071548,3634934.14380122,11482.5844051,11482.5844051,,2026-06-06,,
1086,Highstreet,HIGH,highstreet,0.07327289549352835,-4.03079494,-29.29522882,-43.74043169,6696250.320264921,28313799.29028424,91387821.85639642,100000000.0,100000000.0,2026-06-06,,
1087,Galatasaray Fan Token,GAL,galatasaray-fan-token,0.842881526559593,0.54904346,-3.90070233,-10.96470883,6693162.897801208,877174.70747325,7940811.0,9975000.0,9975000.0,2026-06-06,,
1088,elizaOS,ELIZAOS,elizaos,0.0007536079223185778,-0.98651555,-11.31266149,-21.09984826,6679926.19655916,4695422.73574038,8863927778.263601,10999995677.175825,11000000000.0,2026-06-06,,
1089,BugsCoin,BGSC,bugscoin,0.0007141189883818,-0.42401501,0.67957817,-14.28847426,6656762.858454669,495559.24708917,9321643825.126331,12985800644.0,14745800644.0,2026-06-06,,
1090,Towns,TOWNS,towns,0.002184477733143889,-0.27616717,-7.30983247,-29.25444267,6660642.447130514,18072092.07013888,3049077748.0,10530619062.0,,2026-06-06,,
1091,QuickSwap [Old],QUICK,quickswap,8.703173790303103,-0.7952516,-6.52356625,-6.18664405,6641249.067702315,23490.89184008,763083.58625469,925547.95441885,1000000.0,2026-06-06,,
1092,CONX,XPLA,xpla,0.007039766503388385,0.8480018,-13.2962235,-30.26823802,6637071.922942147,164374.38513947,942797168.023625,1999880403.9673,2000000000.0,2026-06-06,,
1093,Badger DAO,BADGER,badger-dao,0.33906520867411893,0.76759653,-1.75088595,-15.90143703,6621461.707689496,2440500.5554168,19528578.98214349,21000000.0,21000000.0,2026-06-06,,
1094,Bella Protocol,BEL,bella-protocol,0.08225440061366285,-1.87871978,-7.4979058,-20.59499895,6580352.049093028,2986435.80455233,80000000.0,100000000.0,,2026-06-06,,
1095,Resolv,RESOLV,resolv,0.017069103907149163,-0.81276268,-8.49876544,-20.89408024,6574343.5901629375,8536160.96609916,385160441.10607135,1000000000.0,1000000000.0,2026-06-06,,
1096,PepeCoin,PEPECOIN,pepecoin,0.061285724236965426,-0.02361374,-5.87298014,-20.2631734,6561079.211084429,778342.31118179,107057219.16111442,107630586.03315184,133769420.0,2026-06-06,,
1097,Gitcoin,GTC,gitcoin,0.07498769023035669,-0.33572621,-5.12879236,-21.22781782,6560785.642584029,4992455.57164039,87491501.9042429,100000000.0,,2026-06-06,,
1098,TokenBot,TBOT,tokenbot,0.011119387086774181,-0.24588077,-0.14880519,108878.5147322,6548716.579075793,53460.42304086,588945823.0,1000000000.0,,2026-06-06,,
1099,Coinbase Tokenized Stock (Ondo),COINon,coinbase-tokenized-stock-ondo,151.0297200509569,-0.01062737,-6.8873202,-19.7779553,6541053.431223771,2902662.31467042,43309.71036043,43309.71036043,,2026-06-06,,
1100,IAGON,IAG,iagon,0.01737543066444206,2.05126398,4.10335012,-18.78233779,6533516.979380412,335997.20872989,376020434.0,1000000000.0,1000000000.0,2026-06-06,,
1101,Grin,GRIN,grin,0.028009691726911277,-0.01137073,-3.07877159,-0.08439266,6511794.5277563855,8285.85162779,232483620.0,232483620.0,,2026-06-06,,
1102,TEXITcoin,TXC,texitcoin,0.10311437032051579,-0.15697865,1.41943788,-19.81924232,6491579.000853694,103409.25781379,62955134.0,69218556.0,353396296.0,2026-06-06,,
1103,Loom Network,LOOM,loom-network,0.005224634355795,0.0,0.0,0.0,6493807.22302701,0.0,1242920897.5790398,1300000000.0,,2026-06-06,,
1104,Bitcoin Limited Edition,BTCLE,bitcoin-limited-edition,415.0929077781972,-0.39666385,-0.39455594,-1.19906401,6466566.373113423,105094.87495119,15578.6,210000.0,210000.0,2026-06-06,,
1105,Zircuit,ZRC,zircuit,0.001099766453898607,0.04466162,-8.55863998,-20.94493926,6450854.228371931,1927789.81352242,5865658300.0,10000000000.0,,2026-06-06,,
1106,AMO Coin,AMO,amo-coin,0.000304227427033808,0.0,-3.77876026,-20.73787121,6449621.45311673,46802.91081981,21200000000.0,21200000000.0,21200000000.0,2026-06-06,,
1107,Occidental Petroleum Tokenized Stock (Ondo),OXYon,occidental-petroleum-tokenized-stock-ondo,57.41163255011876,-0.05516477,-2.21208261,1.26411946,6396489.410575139,1175701.91325933,111414.51873871,111414.51873871,,2026-06-06,,
1108,Niza Global,NIZA,niza-global-new,0.003961031765757493,-0.01423209,1.7205267,-0.7211341,6394714.829813038,227989.48658884,1614406348.642381,2500000000.0,2500000000.0,2026-06-06,,
1109,Staika,STIK,staika,0.04618555145050016,-17.6334078,-55.30295533,-77.91491467,6624635.335752986,299766.11325249,143435233.04800218,249999833.04800218,250000000.0,2026-06-06,,
1110,Bitlayer,BTR,bitlayer,0.019116385976658243,-0.77083975,-9.82849206,-16.50168422,6371222.038792623,2857046.63352854,333285907.0,1000000000.0,1000000000.0,2026-06-06,,
1111,Save,SAVE,save,0.13944416085270459,-0.49653905,0.078716,-2.75998831,6367416.824283795,953.25863419,45662843.0,50000001.0,,2026-06-06,,
1112,Helium Mobile,MOBILE,helium-mobile,7.11525190462312e-05,-0.60420892,0.91566345,-32.18308206,6352496.900447521,20614.7463585,89280000000.0,100880000000.0,,2026-06-06,,
1113,Brickken,BKN,brickken,0.07845882980458203,0.19174359,-2.92307817,-24.51371378,6328061.631491029,119853.56669499,80654550.25587787,143000000.0,143000000.0,2026-06-06,,
1114,ELYSIA,EL,elysia,0.0012911440057399926,3.73754484,-5.32214978,-26.53838148,6317760.092379893,236191.88281421,4893149071.128592,6803300704.688,7000000000.0,2026-06-06,,
1115,ORIGYN,OGY,origyn-foundation,0.0008057773009319277,0.05715202,1.14802241,-11.33244823,6308141.114222865,217072.66154215,7828640875.0,10414884100.815786,10620490364.0,2026-06-06,,
1116,Apu Apustaja,APU,apu-apustaja,1.8628171955911595e-05,-1.54143423,-10.85808824,-22.58358287,6294272.954117282,260726.53735056,337889996346.0888,337889996346.0888,420690000000.0,2026-06-06,,
1117,Heroes of Mavia,MAVIA,heroes-of-mavia,0.025211350084387275,-1.4462155,-6.58953236,-20.08431153,6226376.009122537,1214846.8077447,246967179.0,250000000.0,256989887.032251,2026-06-06,,
1118,Beta Finance,BETA,beta-finance,0.006203129812649527,0.0,-4.91952006,-14.93655097,6203129.812649527,0.0,1000000000.0,1000000000.0,1000000000.0,2026-06-06,,
1119,KGST,KGST,kgst,0.011381154651175467,-0.05764832,0.27003327,0.17895302,6195672.513760715,1625426.24359842,544379960.0,544379960.0,,2026-06-06,,
1120,Scroll,SCR,scroll,0.03250596985090023,-1.79222245,-8.5755524,-24.05039969,6176134.271671044,7672581.89510876,190000000.0,1000000000.0,1000000000.0,2026-06-06,,
1121,CREPE,CREPE,crepe,1.061660238701091e-05,-0.62253998,-8.41996893,-14.21948665,6166242.3416441465,439614.22515888,580811272464.0,690000000000.0,690000000000.0,2026-06-06,,
1122,LOAN Protocol,LOAN,loan-protocol,0.00033270398626711935,1.10437282,0.04777986,-28.01123091,6123994.290651586,125235.60213625,18406735547.0,34910687364.74753,,2026-06-06,,
1123,NUMINE,NUMI,numine,0.01889654551208234,-1.10153668,-1.201221,1.08407281,6102918.243621523,323991.47339492,322964757.75,1000000000.0,1000000000.0,2026-06-06,,
1124,SpaceX tokenized stock (PreStocks),SPACEX,spacex-tokenized-stock-prestocks,697.5287642974691,-2.59734835,-2.72857029,-10.79051927,6098443.796909792,433819.04442374,8742.92804692,8742.92804692,,2026-06-06,,
1125,Mansory,MNSRY,mansory,0.006728900006985242,-0.33066861,-2.82826002,-0.83118739,6055930.791993611,288191.31469175,899988227.75,899988227.75,1000000000.0,2026-06-06,,
1126,SLERF (OLD),SLERF,slerf-old,0.012075001263818674,-0.63622537,-5.42140898,-19.37789188,6037473.463156493,685.60545785,499997750.0,499997750.0,499997750.0,2026-06-06,,
1127,Vow,VOW,vow,0.016925277564876964,0.01192473,2.87153355,-5.02601223,6030227.070101854,3169.42302957,356285269.0,1142857140.0,1142857142.0,2026-06-06,,
1128,Origin Dollar,OUSD,origin-dollar,0.9998455300019474,0.00512418,0.01568913,0.00418722,6028551.103990774,304694.04021478,6029482.47813743,6029482.47813743,,2026-06-06,,
1129,Autonolas,OLAS,autonolas,0.025409570339397433,-0.29540702,-7.39726304,-15.17442981,6023589.467201955,111287.38470574,237059871.01491457,473565936.01911116,,2026-06-06,,
1130,RSS3,RSS3,rss3,0.006461214782791173,1.09157018,-10.39632005,-21.50134044,6006470.747292796,1584319.89894991,929619421.3030119,1055772199.8297999,1000000000.0,2026-06-06,,
1131,district0x,DNT,district0x,0.005995050883864949,-1.49900685,-8.99245948,-19.8247155,5995050.883864949,54657.97332307,1000000000.0,1000000000.0,,2026-06-06,,
1132,LUKSO,LYX,lukso-network,0.19601549035809845,-0.53457557,-0.31938035,-5.06629921,5985510.7037679395,127962.35933076,30535906.59,42115181.93,,2026-06-06,,
1133,Quickswap [New],QUICK,quickswap-new,0.007831420538883855,-1.07551165,-5.6893007,-5.43394189,5976028.470280111,2704890.77852556,763083586.2546877,925547954.4188482,1000000000.0,2026-06-06,,
1134,VNX Gold,VNXAU,vnx-gold,141.91253045416653,-0.04548287,-0.49587038,-1.98386407,5974517.532120411,31690.58843777,42100.0,41100.0,,2026-06-06,,
1135,AKEDO,AKE,akedo,0.0002620295510346814,-0.71380071,-7.89604874,-20.57592808,5973291.152774356,1164353.92246828,22796250000.0,100000000000.0,100000000000.0,2026-06-06,,
1136,SymVerse (symverse.org),SYMM,symverse-org,0.03615123252526062,-0.00581495,5.87768882,-17.70575779,5971376.86226802,6017.57295144,165177684.0,315177684.0,315177684.0,2026-06-06,,
1137,WeBuy,WE,webuy,0.016407192906280614,-0.05425192,-2.77601879,-17.3985484,5939916.392779974,26976.48461448,362031240.0,2500000000.0,,2026-06-06,,
1138,Broadcom Tokenized Stock (Ondo),AVGOon,broadcom-tokenized-stock-ondo,382.9922178513935,-1.34673464,-7.23553266,-14.25188872,5912010.293788309,5461717.18579123,15436.37185882,15436.37185882,,2026-06-06,,
1139,PAAL AI,PAAL,paal-ai,0.005919586495753862,-0.06842025,-10.65670956,-24.55676513,5912717.544932175,1988214.61786556,998839623.202294,1000000000.0,1000000000.0,2026-06-06,,
1140,Pikaboss,PIKA,pikachu,1.401943316199802e-08,-0.13734366,-7.31009938,-17.86192633,5897835.336920947,3908.53867221,420690000000000.0,420690000000000.0,420690000000000.0,2026-06-06,,
1141,Swarms,SWARMS,swarms,0.005876681317264472,-0.55529942,-7.43962086,-12.07431417,5876592.168008889,6592805.08501559,999984830.0,999984830.0,,2026-06-06,,
1142,Viction,VIC,viction,0.046026346017892024,-0.08084733,-0.83474461,9.52826765,5834872.034784196,16354308.96129584,126772436.65,210000000.0,210000000.0,2026-06-06,,
1143,Green Satoshi Token (SOL),GST,green-satoshi-token,0.001212692145603579,-0.351663,-7.87757011,-19.20983215,5809228.5504211895,166774.52976508,4790357199.460404,4800357199.460404,,2026-06-06,,
1144,S.S. Lazio Fan Token,LAZIO,lazio-fan-token,0.44021901179125617,-1.23811597,-8.56182823,-19.15482036,5801610.66239617,2457768.8417721,13178918.91763,40000000.0,40000000.0,2026-06-06,,
1145,KAN,KAN,bitkan,0.000598785786952538,-0.01200674,-1.90056576,-3.29075964,5801192.698939925,96008.24903763,9688260518.781734,10000000000.0,,2026-06-06,,
1146,LimeWire,LMWR,limewire,0.012635022225734415,-0.42744682,-13.23390647,-21.56164091,5780345.886800739,2570123.71843183,457486008.61402553,633045269.0,633045269.0,2026-06-06,,
1147,Bluefin,BLUE,bluefin,0.011533651432452953,-2.26719743,-0.51020227,-21.51173923,5757493.354439119,3758187.90724819,499190858.0,1000000000.0,1000000000.0,2026-06-06,,
1148,dYdX (ethDYDX),ETHDYDX,dydx-ethdydx,0.13780412803590336,-1.52150528,-12.6826151,-22.82809513,5740502.867962675,7103348.18012748,41656973.19652899,1000000000.0,,2026-06-06,,
1149,RACA,RACA,radio-caca,1.386707096274732e-05,-0.04409441,-3.72959616,-13.4313993,5708662.2488631,2575451.84760364,411670371068.18915,415670371068.18945,500000000000.0,2026-06-06,,
1150,Resistance Dog,REDO,resistance-dog,0.05708278573490951,1.42597976,1.43018334,-19.81802604,5708278.171628139,268702.66702537,99999992.96,99999992.96,100000000.0,2026-06-06,,
1151,Creta World,CRETA,creta-world,0.0019665325935779277,0.05565271,0.28968913,-1.84700162,5707965.878903865,115110.85132573,2902553406.714068,10000000000.0,10000000000.0,2026-06-06,,
1152,Ika,IKA,ika,0.001899618955972558,-0.00069338,-11.57146294,-32.25567053,5698856.867917674,608604.19519887,3000000000.0,10291666666.6667,,2026-06-06,,
1153,NKN,NKN,nkn,0.007111232436033162,-3.51888752,27.21596539,7.77404122,5698811.076819559,865778.83197534,801381635.0515059,801381635.0515059,1000000000.0,2026-06-06,,
1154,Pitbull,PIT,pitbull,1.41771844468489e-10,0.21951229,-0.21680901,-6.6886337,5698116.381854132,79360.35098183,4.019215806366e+16,1e+17,1e+17,2026-06-06,,
1155,HOPR,HOPR,hopr,0.016651976417316455,-0.1077579,-3.65069621,-12.58308601,5681218.288281934,160266.49107973,341173813.0,394545361.0,1000000000.0,2026-06-06,,
1156,Divi,DIVI,divi,0.001214404654,-0.24769575,-2.88042597,-17.46458419,5679046.2712232,0.0,4676403579.743856,4676403579.743856,,2026-06-06,,
1157,DAO Maker,DAO,dao-maker,0.027495843221530827,-4.14999816,-8.60007273,-31.92330561,5678130.002052459,1615522.14233242,206508669.55795547,269074581.2824956,,2026-06-06,,
1158,RHEA Finance,RHEA,rhea-finance,0.014414888889746555,0.80454937,-3.32526575,-28.30416206,5630430.489598558,832286.33812436,390598258.0,1000000000.0,1000000000.0,2026-06-06,,
1159,MCOIN,MCOIN,mcoin1,0.03166408677043271,-0.25881838,-2.26288031,7.10279661,5604543.35836659,315539.04676577,177000000.0,500000000.0,500000000.0,2026-06-06,,
1160,Utrust,UTK,utrust,0.007948640073426624,0.01076825,0.06164861,0.11839563,5596397.092926585,5108451.76041444,704069758.0,431418637.0,1000000000.0,2026-06-06,,
1161,XMAQUINA,DEUS,deus-token,0.02760228113256158,-0.05733728,-20.91713373,-49.55354252,5558310.433959561,3497268.04435892,201371415.9081798,999987281.5088582,1000000000.0,2026-06-06,,
1162,OORT,OORT,oortech,0.007154601266540074,1.39637772,-0.8397597,-15.78055452,5545981.307445718,68541.23864976,775162877.8227811,2000000000.0,2000000000.0,2026-06-06,,
1163,Telos,TLOS,telos,0.012301802663844282,-0.43671964,-6.24049297,-6.83648491,5539969.148701172,1143347.93893121,450337995.1772,467702819.9324,,2026-06-06,,
1164,Turtle,TURTLE,turtle-xyz,0.03577913825418612,-1.16990047,-6.32054783,-16.66216709,5535032.687922593,3303657.55606559,154700000.0,1000000000.0,1000000000.0,2026-06-06,,
1165,DeepNode,DN,deepnode,0.24451852420810752,0.57329446,-16.71935469,1.92467854,5501666.794682419,3393535.23985479,22500000.0,62000000.0,100000000.0,2026-06-06,,
1166,Coq Inu,COQ,coq-inu,7.895458120686171e-08,-3.82522847,-12.5322161,-29.94563426,5481027.02738034,3126617.94602535,69420000000000.0,69420000000000.0,69420000000000.0,2026-06-06,,
1167,Destra Network,DSYNC,destra-network,0.005614192198864679,-0.30040034,-10.2732006,-27.57413275,5473543.828518951,1211411.5269404,974947710.1310906,999874315.1676701,1000000000.0,2026-06-06,,
1168,Polyhedra Network,ZKJ,polyhedra-network,0.007316185520639526,0.06987671,-6.91375639,-20.06691264,5454987.6277475245,2804403.61441739,745605426.8113599,1000000000.0,1000000000.0,2026-06-06,,
1169,Fuel Network,FUEL,fuel-network,0.0006619563385848675,-2.22221299,-0.97731267,-6.74461359,5455705.010043741,440227.27073661,8241789816.088121,10331461875.825636,,2026-06-06,,
1170,SIX Token,SIX,six,0.006371429244247624,-0.11195419,1.50779715,-19.18939684,5421873.545635062,220296.78687676,850966610.126,999999970.0,1000000000.0,2026-06-06,,
1171,Saga,SAGA,saga,0.013412943282740711,-1.77027943,-11.20516782,-25.7921724,5418621.587994663,19781820.23889639,403984530.0,1100870858.0,,2026-06-06,,
1172,PIVX,PIVX,pivx,0.05189196243473663,0.27868743,-2.54544628,-14.38610684,5396476.499589653,2226979.28719027,103994457.8387584,103994457.8387584,,2026-06-06,,
1173,PlatON,LAT,platon,0.0007796884652187144,-0.11016195,-16.53126377,-30.52167535,5383160.239632295,1413472.17929074,6904245066.80657,10250000000.0,,2026-06-06,,
1174,NAVI Protocol,NAVX,navi-protocol,0.006591443155840054,0.40688148,-21.06921002,-28.21458739,5379721.650518818,599807.05435379,816167495.24,1000000000.0,1000000000.0,2026-06-06,,
1175,EVAA Protocol,EVAA,evaa-protocol,0.2978117384768295,-0.6491149,-2.38295048,-19.2706658,5317231.409351746,1946270.37224034,17854337.9,50000000.0,50000000.0,2026-06-06,,
1176,Hemi,HEMI,hemi,0.005438478760730518,-1.19983373,-7.21754528,-24.62316059,5316112.988614081,6483339.31540979,977500000.0,10000000000.0,,2026-06-06,,
1177,PayAI Network,PAYAI,payai-network,0.0053163220987624184,-0.13621468,-1.15360617,-26.96360806,5316036.45778443,3672517.76999518,999946270.9420757,999946270.9420757,1000000000.0,2026-06-06,,
1178,Pangolin,PNG,pangolin,0.02270403251910717,-0.71838219,-8.88497647,-19.16684241,5307767.362327572,752219.69041918,233780821.0,230000000.0,538000000.0,2026-06-06,,
1179,Giant Mammoth,GMMT,giant-mammoth,0.002516240244092311,0.21525085,-3.67366241,-4.60124844,5284104.512593853,129674.83707416,2100000000.0,3000000000.0,3000000000.0,2026-06-06,,
1180,OneFootball Credits,OFC,onefootball-credits,0.03277153564920939,-1.05941126,-9.13657762,-31.10757173,5285218.59721948,5384043.02802588,161274670.0,1000000000.0,1000000000.0,2026-06-06,,
1181,OpenVPP,OVPP,openvpp-energy,0.006522921032212263,-0.38024628,-7.68966348,-22.44856921,5250951.4309308715,1126978.27142746,805000000.0,1000000000.0,1000000000.0,2026-06-06,,
1182,Dexsport,DESU,dexsport,0.008727916505362516,-0.03161223,-6.99769984,-10.57738792,5236749.903217509,8495.02838647,600000000.0,660000000.0,600000000.0,2026-06-06,,
1183,Minswap,MIN,minswap,0.003017109823100004,-0.81275523,-4.26464563,-27.4616165,5235435.921545065,216662.85681406,1735248707.707228,2477598081.467009,2500000000.0,2026-06-06,,
1184,Kryll,KRL,kryll,0.13114565357703442,-0.31383156,-2.85945546,-8.0311151,5233022.209499014,132378.17510257,39902368.60137464,49417348.0,49417348.0,2026-06-06,,
1185,Wexo,WEXO,wexo,0.017816754982570238,0.37204884,0.32181307,-2.99757604,5223733.394216425,109927.04912138,293192189.0,920900277.0,928000000.0,2026-06-06,,
1186,iShares Russell 2000 Value Tokenized ETF (Ondo),IWNon,ishares-russell-2000-value-tokenized-etf-ondo,211.5814400513286,0.10360921,-1.85521787,-2.48033361,5220468.558985685,765897.4002242,24673.56568572,24673.56568572,,2026-06-06,,
1187,Galeon,GALEON,galeon,0.006308109011560616,0.1667142,3.15821879,-5.02512683,5202792.923783817,75459.49579426,824778537.3158374,3931074356.4648747,4000000000.0,2026-06-06,,
1188,Sperax,SPA,sperax,0.002534531193885834,-0.58077681,3.49421434,-6.66531664,5191232.587789806,3173207.34162683,2048202287.0,4615267291.67,5000000000.0,2026-06-06,,
1189,DaGama World,DGMA,dagama-world,0.040022645809445895,0.07214921,-6.88882516,-10.95151398,5191120.631328456,163467.46032219,129704584.15078795,700000000.0,700000000.0,2026-06-06,,
1190,Splintershards,SPS,splintershards,0.0034131288111629065,0.26325251,-2.71784128,-17.0784467,5190493.811821983,1998.02573986,1520743604.767,2752764367.5680003,3000000000.0,2026-06-06,,
1191,EarthMeta,EMT,earthmeta,0.003593303995137705,-0.02188842,-4.17628034,2.55601273,5165517.027414235,10499.45422985,1437539666.67,2100000000.0,2100000000.0,2026-06-06,,
1192,Tradoor,TRADOOR,tradoor,0.3596762690138414,-1.02625766,-1.22726049,-22.00164015,5160994.78407961,4556093.67209866,14349000.0,60000000.0,60000000.0,2026-06-06,,
1193,Build On BNB,BOB,build-on-bnb,1.223766441141652e-08,-1.35045557,-4.91610928,-15.40453371,5148263.0412388155,157628.50881925,420690000000000.0,420690000000000.0,420690000000000.0,2026-06-06,,
1194,Manchester City Fan Token,CITY,manchester-city-fan-token,0.381186496951742,0.44395275,-1.18891082,-12.81850399,5139445.672454572,4567670.68171758,13482759.0,19740000.0,19740000.0,2026-06-06,,
1195,Neon EVM,NEON,neon,0.021431184287292234,-1.19144696,-15.36733207,-24.9214643,5132029.839590554,609708.27517727,239465527.0,1000000000.0,1000000000.0,2026-06-06,,
1196,Juventus Fan Token,JUV,juventus-fan-token,0.329134428453952,-0.52086276,-4.75777892,-19.10479438,5122137.427824348,9530207.39803917,15562448.0,19956000.0,19956000.0,2026-06-06,,
1197,VNX Swiss Franc,VCHF,vnx-swiss-franc,1.2585070150475939,-0.15023797,-0.18806382,-1.60617886,5121961.764906364,194923.68226919,4069871.44582,4069871.44582,,2026-06-06,,
1198,World3,WAI,world3,0.015205044350116688,0.09156298,-0.45020431,1.59985078,5109401.761792618,281450.53893976,336033335.0,1000000000.0,1000000000.0,2026-06-06,,
1199,Nobody Sausage,NOBODY,nobody-sausage,0.005447239995465654,-1.12646342,29.89464769,7.48859487,5098977.9172484465,484879.81750204,936066323.77,936066323.77,936066323.77,2026-06-06,,
1200,Upland (SPARKLET),SPARKLET,upland-sparklet,0.018953929089457863,0.04181006,-0.13666552,-4.10945435,5063456.664930589,164984.91332951,267145489.52,1000000000.0,1000000000.0,2026-06-06,,
1201,Nomina,NOM,nomina,0.0017344714954889708,-1.64247556,-9.45175844,-22.36845934,5029967.336918015,12969578.80522766,2900000000.0,7500000000.0,7500000000.0,2026-06-06,,
1202,雪球,雪球,xue-qiu,0.008957246765831105,-0.51320409,-0.70265186,-1.53620915,5025837.511744683,165899.80398352,561091777.7677587,561091777.7677587,1000000000.0,2026-06-06,,
1203,Joe coin,JOE,joe-coin,0.004984726604850035,-0.71997685,-4.67389305,-30.42264352,4984726.604850035,57446.15360081,1000000000.0,1000000000.0,1000000000.0,2026-06-06,,
1204,MAGIC•INTERNET•MONEY (Bitcoin),MIM,magic-internet-money-bitcoin,0.00023898235453693236,1.65946254,-0.77322857,-14.8677469,5018629.44527558,67633.2739211,21000000000.0,21000000000.0,21000000000.0,2026-06-06,,
1205,ALTSEASON,ALTSZN,altseason,0.004918177802565593,-0.4178001,16.18246364,-38.29297233,4918009.969748081,2696895.93227347,999965875.0,999965875.0,999965875.0,2026-06-06,,
1206,Pkoin,PKOIN,pocketnet,0.35620379534466146,-0.00846332,-0.77979577,-4.41838204,4959844.694450842,40657.10859501,13924177.0,16609085.0,24375000.0,2026-06-06,,
1207,NFPrompt,NFP,nfprompt,0.0084495701520799,-5.93824438,6.4335422,-13.32835989,4948483.248853468,37229418.50498313,585649111.1131111,946000000.0,1000000000.0,2026-06-06,,
1208,Croatian Football Federation Token,VATRENI,croatian-ff-fan-token,1.27861450553772,2.64237926,10.76977472,-3.13106063,4940597.136145883,5691.45039185,3864024.0,20999999.44183582,30000000.0,2026-06-06,,
1209,Eli Lilly Tokenized Stock (Ondo),LLYon,eli-lilly-tokenized-stock-ondo,1128.4209848738246,0.06218355,-0.1130167,1.86037329,4915683.883512558,3556592.82731796,4356.24997178,4356.24997178,,2026-06-06,,
1210,SUNDOG,SUNDOG,sundog,0.0048958536617308675,0.2828729,0.1567994,-16.67314257,4883225.326170921,6692924.52027707,997420606.0,1000000000.0,1000000000.0,2026-06-06,,
1211,StablR USD,USDR,stablr-usd,0.7010253208893947,-2.4574311,-11.40304297,-27.92442324,4919993.124752641,24024.31374841,7018281.62,21350569.926944,,2026-06-06,,
1212,Nash,NEX,nash,0.10999261257202941,0.00060908,-0.55768494,-25.62486959,4868336.058205025,0.0,44260573.0,50000000.0,50000000.0,2026-06-06,,
1213,Solv Protocol,SOLV,solv-protocol,0.003282956287416294,-1.63830983,-4.00410986,-17.06829445,4867310.991723398,8309210.15958076,1482600000.0,9660000000.0,9660000000.0,2026-06-06,,
1214,NEM,XEM,nem,0.0005478834306839301,0.09678917,3.29039491,4.47933971,4930950.875607488,362095.03795882,8999999999.0,8999999999.0,8999999999.0,2026-06-06,,
1215,ProShares UltraPro QQQ Tokenized Stock (Ondo),TQQQon,proshares-ultrapro-qqq-tokenized-stock-ondo,72.01244026089354,0.13326983,-13.50592035,-14.73919388,4847958.365100423,2384874.44252379,67321.12323283,67321.12323283,,2026-06-06,,
1216,Hey Anon,ANON,hey-anon,0.34948830851041784,-0.39391906,-12.58899581,-37.5223075,4843800.684139492,580280.66229731,13859693.060362,20961083.951299,20961083.951299,2026-06-06,,
1217,Enzyme,MLN,enzyme,1.478535231458335,-0.30832298,-6.05122617,-15.84834976,4844130.3106047185,2699063.77686252,3276303.60612156,3276923.22179349,,2026-06-06,,
1218,Covalent X Token,CXT,covalent-x,0.004999582379946226,-0.03984059,-1.35001703,-4.35690368,4835327.854093289,331167.48082159,967146350.7608603,1000000000.0,1000000000.0,2026-06-06,,
1219,Landwolf 0x67,WOLF,landwolf-coin,5.3468871929331225e-06,-0.53005767,-6.02243331,-34.1518524,4823745.104069418,445617.84883986,902159505150.0,902159505150.0,1000000000000.0,2026-06-06,,
1220,PumpBTC (Governance token),PUMP,pumpbtc-pump,0.009605184374499148,-1.32292724,-5.12885898,-23.44340357,4796461.750838811,2530849.91981569,499361757.5497,1000000000.0,1000000000.0,2026-06-06,,
1221,SCOR,SCOR,scor,0.01348776363032337,0.03252223,-5.47466837,-26.66401565,4782170.06086363,151898.98558663,354556188.25587153,4000000000.0,4000000000.0,2026-06-06,,
1222,AIVille Governance Token,AIV,aiville,0.0017176833076506866,0.39168294,3.78383337,0.45805319,4770281.374675181,1513.92581411,2777160000.0,10000000000.0,10000000000.0,2026-06-06,,
1223,MetFi,METFI,metfi2,0.01486615301181676,-0.2088777,-1.81743417,-10.65001771,4767900.251908429,20818.85151295,320721860.4650804,449975752.04417306,500000000.0,2026-06-06,,
1224,Konnect,KCT,konnect,0.0006428659943768938,0.75333963,0.43977404,7.61748796,4741136.734244231,358026.03364972,7375000040.0,10000000000.0,10000000000.0,2026-06-06,,
1225,Luna by Virtuals,LUNA,luna-by-virtuals,0.00471508248792981,-1.12399767,-10.26692221,-23.13388004,4715082.48792981,15429.86331686,1000000000.0,1000000000.0,1000000000.0,2026-06-06,,
1226,Nakamoto Games,NAKA,nakamoto-games,0.04810039394298814,-0.12985353,-1.78915726,-1.65864387,4684978.370047045,892761.55618429,97400000.0,180000000.0,180000000.0,2026-06-06,,
1227,Soil,SOIL,soil,0.0671956479623085,0.01455542,-3.05464605,-10.12095487,4669640.519523365,71312.12420896,69493198.75809023,99000000.0,100000000.0,2026-06-06,,
1228,AVA,AVA,ava-sol,0.004659391048968601,-1.29042468,-6.87674175,-26.05071315,4655645.560277685,1029588.08646462,999196142.016939,999196142.016939,999995926.72,2026-06-06,,
1229,Steem Dollars,SBD,steem-dollars,0.4730798370091861,-0.00418498,0.13974662,2.34102853,4636963.048286867,2736855.94577271,9801650.135,9801650.135,,2026-06-06,,
1230,Blockchain Foundation for Innovation & Collaboration,BFIC,best-fintech-investment-coin,0.43625704310212376,-0.00539851,21.30770207,18.01316754,4614911.97492054,306.60583916,10578424.0,21000000.0,21000000.0,2026-06-06,,
1231,Venus LINK,vLINK,venus-link,0.1489135275853649,-0.67854696,-6.53262319,-21.18464871,4602516.85810148,0.0,30907312.0,30907312.0,,2026-06-06,,
1232,Propchain,PROPC,propchain,0.10750424431103375,0.00902151,5.26975143,-5.21655935,4608824.230853777,20680.70616912,42871090.90799635,63763337.0,100000000.0,2026-06-06,,
1233,TrustSwap,SWAP,trustswap,0.04583784149743744,-0.08237212,-1.71510143,-12.86390453,4583562.477942263,708504.26585403,99995164.0,99995164.26708125,,2026-06-06,,
1234,Rain Coin,RAIN,rain-coin,4.560616444802532,-0.85735751,-3.00403362,-5.78427733,4560616.444802532,13836.78944641,1000000.0,1000000.0,1000000.0,2026-06-06,,
1235,crow with knife,CAW,crow-with-knife,5.94218480096231e-09,-0.67976904,-2.4079215,-14.35503324,4574658.696448183,80728.70215256,769861397731578.0,777777777777777.0,777777777777777.0,2026-06-06,,
1236,Mamo,MAMO,mamo,0.0076718420907514765,-0.10218283,-5.90882551,-24.75182178,4548784.509649507,875094.56042398,592919465.2133334,1000000000.0,1000000000.0,2026-06-06,,
1237,McDull,MCDULL,mcdull,6.00160647028244e-07,0.0,-4.06270631,-19.36235509,4534547.1108791325,0.0,7555555555554.0,8888888888888.0,8888888888888.0,2026-06-06,,
1238,Qualcomm Tokenized Stock (Ondo),QCOMon,qualcomm-tokenized-stock-ondo,215.69005555897783,-0.20694895,-10.95915464,-15.18782299,4530959.980497053,2059830.13641011,21006.80983532,21006.80983532,,2026-06-06,,
1239,GamerCoin,GHX,gamercoin,0.006960846552573773,-0.42662092,-7.70810455,-15.51358003,4524307.488204136,426487.79722403,649965123.3557609,808000000.0,808000000.0,2026-06-06,,
1240,Ref Finance,REF,ref-finance,0.04710620134230773,-1.52737951,-7.65157051,-31.46976855,4521968.4567382075,108.02330942,95995183.81620954,99990506.14259167,99990506.14259167,2026-06-06,,
1241,Cratos,CRTS,cratos,7.080997295414026e-05,-0.04976175,-3.81146682,-20.75289123,4523045.568060538,336761.59151167,63875826799.0,100000000000.0,100000000000.0,2026-06-06,,
1242,MORI COIN,MORI,mori-coin,0.005621520635670011,-1.10591356,-18.00253158,-37.20607807,4497261.396378284,1265485.51303251,800007985.0,999998186.0,999999999.0,2026-06-06,,
1243,Open Loot,OL,open-loot,0.00567013324514078,-1.28413842,-6.78431053,-31.42267226,4490512.119762939,701767.1658962,791958835.1140146,5000000000.0,5000000000.0,2026-06-06,,
1244,Klever Coin,KLV,klever,0.0005049361759321695,0.13676116,-36.6523808,-43.00408399,4484227.297829622,379411.01216587,8880780406.65482,10000000000.0,10000000000.0,2026-06-06,,
1245,ANDY (ETH),ANDY,boysclubandy,4.483336088835694e-06,-0.44006866,-0.40163934,-30.95723922,4483336.088835694,211478.36245118,1000000000000.0,1000000000000.0,1000000000000.0,2026-06-06,,
1246,ParagonsDAO,PDT,paragonsdao,0.054345523320036705,0.0,0.96179381,0.3523427,4480488.207347341,0.0,82444476.262784,84581812.59769794,162500000.0,2026-06-06,,
1247,MOBOX,MBOX,mobox,0.008045675943369874,-28.80608725,-31.18329702,-30.32950281,4427716.233837862,29794240.98431305,550322467.0,550322467.0,550322467.0,2026-06-06,,
1248,Lava Network,LAVA,lava-network,0.016866288837121556,0.04892533,-1.18718407,-10.66343258,4461242.539173717,314540.30457799,264506471.0,962506927.519918,,2026-06-06,,
1249,Alephium,ALPH,alephium,0.03344313637520777,-0.30708192,1.08192402,-15.82542108,4461462.309892077,260029.14436062,133404422.95356815,221834323.62639073,,2026-06-06,,
1250,Amaterasu Omikami,OMIKAMI,amaterasu-omikami,0.0046899739530411235,0.08361496,-3.11477806,-12.32269618,4441292.825744784,124972.57660846,946976011.0,999476011.0,1000000000.0,2026-06-06,,
1251,MonaCoin,MONA,monacoin,0.0675208111818411,0.22183083,-6.33443068,-15.35823853,4438120.966019941,12084.40229005,65729674.871168,65729674.871168,105120000.0,2026-06-06,,
1252,BTSE Token,BTSE,btse,1.0164367367782359,-1.06994242,0.52195677,-7.78965382,4426288.238452288,3470049.59642589,4354711.0,165904711.0,,2026-06-06,,
1253,Ycash (y.cash),YEC,ycash,0.2639103866527059,-0.00607875,12.31956048,-11.91064977,4418929.946712177,14971.05083359,16744054.6875,16744054.6875,21000000.0,2026-06-06,,
1254,Avalon Labs (AVL),AVL,avalon-labs-avl,0.02725362841405284,-1.43279335,-13.16985266,-20.30013379,4406475.601990462,10596771.13238958,161683998.0,162250000.8,1000000000.0,2026-06-06,,
1255,Rayls,RLS,rayls,0.0029324298075424143,-1.44505189,-7.01323744,-18.24735058,4398644.711313621,1949367.72599544,1500000000.0,9971791866.82472,10000000000.0,2026-06-06,,
1256,Minima,MINIMA,minima-global,0.007884372927371253,-2.61156922,-10.28477398,-14.81386896,4362951.162950814,105744.16807819,553366920.0,999978216.0,1000000000.0,2026-06-06,,
1257,Boson Protocol,BOSON,boson-protocol,0.025755491696356353,-0.15436669,2.58195934,-3.53762878,4390371.131295528,154145.71747724,170463495.0501309,200000000.0,200000000.0,2026-06-06,,
1258,CateCoin,CATE,catecoin,7.664303622298147e-08,0.02350239,-4.35820473,-10.12595845,4389583.583997927,1077.54916118,57273090946281.0,60000000000000.0,,2026-06-06,,
1259,DIMO,DIMO,dimo,0.008725674518650394,-0.09073433,-4.22838654,-11.07433056,4379141.147578397,35932.56233602,501868496.0364212,1000000000.0,1000000000.0,2026-06-06,,
1260,SpaceChain,SPC,spacechain,0.01424243062554804,-0.00015066,-2.46570294,-9.06169387,4375028.721391454,0.0,307182730.0,391259213.0,,2026-06-06,,
1261,Oraichain,ORAI,oraichain-token,0.31646153414486167,-0.26624372,-7.7884771,-8.30934,4374669.3095583245,310687.14094423,13823700.0,18014986.26,19779272.0,2026-06-06,,
1262,inSure DeFi,SURE,insure,0.0001632229486168117,0.0,11.22331595,-32.42821934,4372753.104995846,0.0,26790063174.642704,88000000000.0,88000000000.0,2026-06-06,,
1263,Obyte,GBYTE,obyte,4.639927836647905,-1.24356842,-16.49143176,-14.59855456,4334835.997538028,11940.59154283,934246.42583875,1000000.0,1000000.0,2026-06-06,,
1264,Fwog (SOL),FWOG,fwog-solana,0.004424957975015987,-0.27385606,-5.97561211,-25.7312617,4317145.325340938,3054329.91508426,975635328.0,975635328.0,975635328.0,2026-06-06,,
1265,Zypher Network,POP,zypher-network,0.0018064821256351944,0.37476902,-0.08867142,20.50290847,4312976.076760509,932448.79573375,2387500001.0,10000000000.0,10000000000.0,2026-06-06,,
1266,PepeFork,PORK,pepefork,1.0559162252715153e-08,-1.87356015,1.48491292,-10.72064301,4304186.238567247,74606.88482099,407625731620941.9,420690000000000.0,420690000000000.0,2026-06-06,,
1267,DAR Open Network,D,mines-of-dalarnia,0.005820425716015066,-3.45474782,-33.83665085,-48.44139458,4327599.773700784,14753605.44500172,743519458.0,800000000.0,800000000.0,2026-06-06,,
1268,Yee Token,YEE,yee-token,0.004300879192495171,0.01350986,-2.35913671,-19.30481081,4300879.192495171,419509.51604888,1000000000.0,1000000000.0,1000000000.0,2026-06-06,,
1269,Broccoli (firstbroccoli.com),BROCCOLI,broccoli,0.0042861981172600885,-0.76556242,-10.62756038,-18.96899225,4286198.117260088,2538824.47595167,1000000000.0,1000000000.0,1000000000.0,2026-06-06,,
1270,MECCA,MEA,mecca,0.0026272244992056218,-0.45175357,-1.22217104,0.20146605,4259603.368573362,156674.51619711,1621332082.530942,3999998752.530942,100000000000.0,2026-06-06,,
1271,Bulla,BULLA,bulla-mascot,0.0042548847459312296,-0.93494879,-12.51894115,-22.22495558,4254884.74593123,525215.91391169,1000000000.0,1000000000.0,1000000000.0,2026-06-06,,
1272,Graphite Protocol,GP,graphite-protocol,0.12193657201078212,1.84900187,-1.05922502,-15.94198747,4246205.862848655,504071.57958258,34823070.65736758,58649022.56694786,,2026-06-06,,
1273,Kekius Maximus (kekiusmaximus.vip),KEKIUS,kekius-maximus-vip,0.004243453220300858,1.52094356,-4.44774132,-20.77606522,4243453.220300858,3228937.84229628,1000000000.0,1000000000.0,,2026-06-06,,
1274,Ski Mask Dog,SKI,ski-mask-dog,0.004258768442822886,-0.86263078,-6.20248128,-23.35136313,4213612.921185751,165852.42145849,989397047.0,1000000000.0,1000000000.0,2026-06-06,,
1275,NeuralAI,NEURAL,neuralai,0.4173897035531956,-1.24509456,-12.76973708,-20.82353222,4173897.035531956,113650.972739,10000000.0,10000000.0,,2026-06-06,,
1276,Mitosis,MITO,mitosis,0.023185798202902553,0.57143086,-4.16781125,-31.87099927,4202961.098870208,7064597.86051656,181273082.0,1000000000.0,1000000000.0,2026-06-06,,
1277,Games for a Living,GFAL,games-for-a-living,0.001034416106916766,0.53967475,1.4893101,27.98292942,4201482.106204827,9236.48875599,4061694397.555333,10000000000.0,10000000000.0,2026-06-06,,
1278,Reppo,REPPO,reppo,0.011319706991466264,-2.72566349,-13.52678923,-32.88378972,4194536.907289044,238703.81545502,370551721.0340546,1000000000.0,1000000000.0,2026-06-06,,
1279,doginme,DOGINME,doginme,6.198284207598546e-05,-0.45228591,-6.5799581,-28.46617848,4191233.7954030167,892983.31556074,67619258088.6326,67619258088.6326,69000000000.0,2026-06-06,,
1280,World of Dypians,WOD,world-of-dypians,0.008070007274464377,-0.30983432,-6.55449955,21.08943173,4177217.0014861315,1274268.3035102,517622458.0,1000000000.0,1000000000.0,2026-06-06,,
1281,Daddy Tate,DADDY,daddy-tate,0.00696139110372437,-1.1592302,-5.42246533,-24.73588807,4174178.0498655625,170332.36598027,599618379.095575,599618379.095575,999689062.0,2026-06-06,,
1282,Australian Digital Dollar,AUDD,novatti-australian-digital-dollar,0.7110073203853896,0.44320214,-0.29981555,-0.64633044,4173129.485684375,20292.6913081,5869320.0,5670229.704638,,2026-06-06,,
1283,OVERTAKE,TAKE,overtake,0.01435171553867124,-2.18552917,-18.10892892,-37.607245,4169377.230103222,1866924.7466892,290514205.0,1000000000.0,1000000000.0,2026-06-06,,
1284,MESSIER,M87,messier,4.709625697191067e-06,-0.62931761,-2.29431102,-16.17350062,4167294.8440229427,220712.02662365,884846293944.0,884846293944.0,884846293944.0,2026-06-06,,
1285,Bitlight,LIGHT,bitlight,0.09670665387940389,-2.25976364,-15.36059364,-19.61544253,4163895.6882991847,7094269.30997384,43056972.0,420000000.0,420000000.0,2026-06-06,,
1286,Milady Meme Coin,LADYS,milady-meme-coin,5.666331682159709e-09,-2.96411194,-12.317547,-31.37179856,4161161.4637415847,689502.61825391,734366023232083.0,888000888000888.0,888000888000888.0,2026-06-06,,
1287,GameStop (gamestop-coin.vip),GME,gamestop,1.0118312135996861e-05,-0.71240696,-8.21842921,-12.43763484,4161636.324125251,63913.27163107,411297484026.0,411297484026.0,420690000000.0,2026-06-06,,
1288,Coreum,COREUM,coreum,0.01080491143280318,-0.37771283,7.76803351,-36.96888868,4157643.99868695,60.92393298,384792048.0,897767382.677904,,2026-06-06,,
1289,Portugal National Team Fan Token,POR,portugal-national-team-fan-token,0.3322685471315145,4.68240844,1.94838548,-9.45997095,4148122.2804524214,894700.93654707,12484246.0,19930000.0,20000000.0,2026-06-06,,
1290,Suku,SUKU,suku,0.006410368558196922,-1.31176475,-1.06833074,-12.72803805,4147798.8044202123,98362.94123395,647045293.3812101,1500000000.0,,2026-06-06,,
1291,Jager Hunter,JAGER,jager-hunter,3.12855144615171e-10,0.21828842,-1.18737431,-13.49422088,4132840.4784088274,213602.935063,1.3210076770488938e+16,1.3210076770488938e+16,1.46e+16,2026-06-06,,
1292,AC Milan Fan Token,ACM,ac-milan-fan-token,0.3024430387571863,-1.00383862,-4.18972681,-19.69494287,4120387.7831415813,6444122.59372512,13623682.0,19920000.0,19920000.0,2026-06-06,,
1293,CloakCoin,CLOAK,cloakcoin,0.6682917535461902,-0.08996221,33.42512353,6.99194515,4111852.6118728407,91.3937576,6152780.71299535,6152780.71299535,,2026-06-06,,
1294,Palantir Technologies Tokenized Stock (Ondo),PLTRon,palantir-technologies-tokenized-stock-ondo,132.18799824886622,-0.22588238,-5.83607696,-15.42406837,4107917.049643204,4846137.56993965,31076.32390279,31076.32390279,,2026-06-06,,
1295,SyncGPT,SYNC,sync-gpt,0.02042800562014288,-0.01495565,0.07852453,0.10546387,4085601.124028576,0.0,200000000.0,1000000000.0,1000000000.0,2026-06-06,,
1296,Lockheed Tokenized Stock (Ondo),LMTon,lockheed-tokenized-stock-ondo,530.685721703819,0.03579093,0.61118822,-1.43843661,4083257.8154455614,2494581.3086634,7694.30502546,7694.30502546,,2026-06-06,,
1297,LeverUp,LV,leverup,0.045197450472997884,-0.39401947,-1.25033844,-11.82355373,4067770.5425698096,15676.00471301,90000000.0,1000000000.0,1000000000.0,2026-06-06,,
1298,ASD,ASD,bitmax-token,0.006138949691929492,0.01164254,-12.33112504,-17.81754898,4055483.932806217,1253705.52064933,660615274.0,780615274.0,,2026-06-06,,
1299,Bitrue Coin,BTR,bitrue-coin,0.011232938754543063,-0.16832293,-6.41120154,-7.61703317,4028546.4458433967,692567.53148476,358636910.061856,801307097.3484074,1000000000.0,2026-06-06,,
1300,Diamond,DMD,diamond,1.0901007667184563,-0.33893443,-6.27643578,-19.19968617,4026246.5297162933,40410.7520882,3693462.70788943,4380000.0,4380000.0,2026-06-06,,
1301,RIZE,RIZE,rize,0.00203177479372077,1.08256392,-1.50678434,-16.95282413,4006255.9022663366,109279.17743824,1971801163.5185797,4945487269.381594,5000000000.0,2026-06-06,,
1302,Manyu (manyushiba.com),MANYU,manyu-ethereum,3.998365376176275e-09,-0.27770004,-8.1130675,-26.36578834,3998365.376176275,2628707.62275862,1000000000000000.0,1000000000000000.0,1000000000000000.0,2026-06-06,,
1303,PRIZM,PZM,prizm,0.0008497598707977389,-7.60707702,-4.6613988,-14.09222135,3997605.8152034422,270.5364937,4704394679.7,4704394679.7,6000000000.0,2026-06-06,,
1304,Swell Network,SWELL,swell-network,0.0008434429169647662,2.31003105,-4.28400613,-27.25064158,4062052.6422081036,8559780.50632663,4816037411.074484,10000000000.0,10000000000.0,2026-06-06,,
1305,BeatSwap,BTX,beatswap,0.017660918291453543,0.13054898,-0.88774766,-5.07117111,3969383.982198786,861693.06856815,224755243.0,1500000000.0,1500000000.0,2026-06-06,,
1306,Arsenal Fan Token,AFC,arsenal-fan-token,0.1755648471289619,-0.21403356,-7.59067494,-48.29648026,3923685.079028648,1803077.30675925,22348922.02621,39266147.13,40000000.0,2026-06-06,,
1307,Bluzelle,BLZ,bluzelle,0.008296624811752536,-0.17788491,-4.88102217,-13.20306783,3911200.0523000844,185305.13368559,471420624.77740306,500000000.0,,2026-06-06,,
1308,PussFi,PUSS,pussfi,0.004435225605729113,-1.40199046,-2.09410323,-8.65609464,3897785.462004383,993015.37235275,878824621.0,1000000000.0,1000000000.0,2026-06-06,,
1309,DeLorean,DMC,delorean,0.000563195733179575,-0.03464423,-2.30444782,-5.26642128,3885150.0799243758,3076541.66754362,6898401126.0,12800000000.0,12800000000.0,2026-06-06,,
1310,VestChain,VEST,vestchain,0.0009827243706142237,0.0,0.0,0.0,3877782.587367552,0.0,3945951381.0,3945951381.0,,2026-06-06,,
1311,Inflation Hedging Coin,IHC,inflation-hedging-coin,3.241103445953866e-05,-0.26158403,-0.14227582,-9.83888906,3877752.997947547,5851.59870194,119642987723.47,621439126933.0,1000000000000.0,2026-06-06,,
1312,Keyboard Cat,KEYCAT,keyboard-cat,0.0003856672776040901,-0.34353581,-10.4639696,-18.40886173,3856672.776040901,1805943.99808286,10000000000.0,10000000000.0,10000000000.0,2026-06-06,,
1313,Ancient8,A8,ancient8,0.007201775226691053,5.79484242,-10.35248789,-22.96100462,3965878.147975776,7867031.18989301,550680634.03,1000000000.0,1000000000.0,2026-06-06,,
1314,Quantoz EURQ,EURQ,quantoz-eurq,1.1484390973404814,-0.00500934,-0.08271242,-1.23964399,3847575.312451408,9270409.97746885,3350265.0,5000000.0,,2026-06-06,,
1315,Robinhood Markets Tokenized Stock (Ondo),HOODon,robinhood-markets-tokenized-stock-ondo,79.90976057293138,-0.69337763,-7.63439835,-14.86720004,3845026.4588472033,2313969.48681025,48117.10648711,48117.10648711,,2026-06-06,,
1316,Purple Pepe,$PURPE,purple-pepe,9.22361910701955e-06,-0.08580699,-2.45099465,-16.96847848,3848221.1948433206,407699.19945458,417213801892.0,420683240832.10004,420690000000.0,2026-06-06,,
1317,StrikeBit AI,STRIKE,strikebit-ai,0.01822882978517091,-1.50686665,-4.15381522,-15.2657187,3826231.371907374,208152.8127474,209900000.0,2000000000.0,2000000000.0,2026-06-06,,
1318,Unibright,UBT,unibright,0.025408170112345866,-0.00020784,-9.54329347,-29.75002888,3811225.4976304304,1.17482499,149999999.24349335,150000000.0,150000000.0,2026-06-06,,
1319,Major,MAJOR,major,0.04561687389623561,-0.79205163,-4.02244147,-12.08526428,3802160.4178238837,944497.81517686,83349868.0,99999999.0,99999999.0,2026-06-06,,
1320,Rainbow,RNBW,rainbow,0.01800119168507744,0.07890123,4.52955988,3.07113226,3780250.2538662623,981682.13489308,210000000.0,1000000000.0,1000000000.0,2026-06-06,,
1321,MarsDAO,MDAO,marsdao,0.05350916354979515,-0.20992658,-3.5989001,-37.85413876,3777694.4980036095,69594.07068732,70599019.82,95968858.05331515,100000000.0,2026-06-06,,
1322,Bitcoin Gold,BTG,bitcoin-gold,0.21553456068244042,-0.00442512,-48.03685638,-25.43875613,3774855.8265809454,952.90227134,17513923.589,17513923.589,21000000.0,2026-06-06,,
1323,Portal To Bitcoin,PTB,portaltobitcoin,0.0005509499162405127,-1.23748381,-14.42472997,-24.3381889,3765613.92213276,1954609.37677194,6834766302.948146,7142086920.025996,8400000000.0,2026-06-06,,
1324,ShareX,SHARE,sharex-network,0.2092186917021953,-0.05184502,2.56834112,4.60450207,3765936.450639515,3278417.78828378,18000000.0,100000000.0,100000000.0,2026-06-06,,
1325,Altura,ALU,altura,0.0038031011731805195,-0.38745273,-5.00609546,-13.92462087,3765070.1614487143,2892328.67564307,990000000.0,990000000.0,990000000.0,2026-06-06,,
1326,ABBC Coin,ABBC,abbc-coin,0.0041527895398676285,-0.00538302,13.76472169,-1.4362974,3759537.3789647594,75.167811,905304095.6861483,907217636.86,1225109279.0,2026-06-06,,
1327,Dent,DENT,dent,3.7593991204200536e-05,0.11672444,-0.07415867,2.72584914,3759399.1204200513,833577.64090731,99999999999.99994,99999999999.99994,100000000000.0,2026-06-06,,
1328,Moonchain,MCH,moonchain,0.015068421955548757,0.06143195,0.17643042,1.0504655,3758817.8568116375,2368.01452458,249450000.0,999999999.0,999999999.0,2026-06-06,,
1329,IBM Tokenized Stock (Ondo),IBMon,ibm-tokenized-stock-ondo,285.459233220512,-0.13387355,-5.69376032,-5.63714771,3708061.8446347783,2117770.69153378,12989.81225025,12989.81225025,,2026-06-06,,
1330,SpaceN,SN,spacen,0.09195554745728,-0.41891083,-2.53471086,-16.59117082,3679141.4537657727,0.0,40010000.0,1000000000.0,1000000000.0,2026-06-06,,
1331,XBorg,XBG,xborg,0.015314511464875894,-0.13672243,-0.74829196,-13.83746076,3655164.6522905114,85413.46068188,238673278.0,1000000000.0,1000000000.0,2026-06-06,,
1332,Tectum,TET,tectum,0.36715694606311744,-0.00545085,-8.91594144,-13.3306202,3647523.9207427897,53502.16083129,9934508.82477857,10000000.0,10000000.0,2026-06-06,,
1333,Coca-Cola Tokenized Stock (Ondo),KOon,coca-cola-tokenized-stock-ondo,80.57863209662356,0.05033897,2.7607098,0.57754258,3631856.939029374,2133485.45302622,45072.20890365,45072.20890365,,2026-06-06,,
1334,VitaDAO,VITA,vitadao,0.25403753317360234,0.0,-6.39224681,-24.46569979,3625129.5777425147,1476.48439177,14270055.02870003,27219552.0,64298880.0,2026-06-06,,
1335,Venus LTC,vLTC,venus-ltc,0.8727921226004782,-0.92679561,-4.39653817,-18.08292548,3615434.8872335237,0.0,4142378.0,4142378.0,,2026-06-06,,
1336,Shadow Token,SHDW,genesysgo-shadow,0.02140479446323764,-0.03927651,-2.06344697,-15.71687106,3618601.7048808164,11990.51831891,169055662.32349026,169055662.32349026,,2026-06-06,,
1337,Koma Inu,KOMA,koma-inu,0.005974675295397705,-1.33565986,-10.38811737,-15.49392812,3600003.1930983374,1146604.30625002,602543739.2173297,605954353.425861,1000000000.0,2026-06-06,,
1338,Unstable Coin (usduc.io),USDUC,unstable-coin-sol,0.0036021438738738335,-0.75757584,-14.07903509,-23.71803872,3601842.137468615,1108949.14384496,999916234.216127,999916234.216127,1000000000.0,2026-06-06,,
1339,Contentos,COS,contentos,0.0006944417596483662,-3.42824216,-27.18106812,-41.11570742,3594749.1397637846,10764476.29130069,5176458774.0,9900474904.0,,2026-06-06,,
1340,Vameon,VON,vameon,7.182513292993083e-06,0.03871515,-4.11586845,-11.85182241,3591256.6464965413,109302.14584732,500000000000.0,1000000000000.0,1000000000000.0,2026-06-06,,
1341,NATIX Network,NATIX,natix-network,8.808055310727078e-05,-1.10882,-9.58842841,-18.81427495,3576350.071482335,57265.44249018,40603174541.0,99991483316.62,100000000000.0,2026-06-06,,
1342,Suilend,SEND,suilend,0.05086952816565837,2.31577603,2.11369875,-13.58516732,3563998.4960865206,139659.72057197,70061559.92798354,100000000.0,100000000.0,2026-06-06,,
1343,Impossible Finance Launchpad,IDIA,impossible-decentralized-incubator-access,0.005230627063229225,0.0,-0.92305343,-3.07863993,3556826.402995873,0.0,680000000.0,1000000000.0,1000000000.0,2026-06-06,,
1344,Stonks,STNK,stonks,6.0925272318293375,-0.49181009,-3.8362269,-19.22124541,3545101.6099490384,79152.21503825,581877.02328654,581877.02328654,581918.12,2026-06-06,,
1345,Lingo,LINGO,lingo,0.007277885295934626,-0.19557603,-1.63642153,-0.65356182,3538552.466153935,184011.47376938,486206133.0,486206133.0,1000000000.0,2026-06-06,,
1346,OctaSpace,OCTA,octaspace,0.08808468366207413,0.19154289,-0.4007862,-14.1454884,3522008.997353021,140058.66790041,39984352.0,44439248.63492142,48000000.0,2026-06-06,,
1347,Fei USD,FEI,fei-usd,0.9991353624772921,0.00090702,-0.01323387,-0.05855618,3519641.1500648125,0.0,3522686.99742354,3777668.973342,,2026-06-06,,
1348,DACXI,DXI,dacxi,0.00041892832588248495,-0.46347216,1.51530555,3.06991789,3518491.341631947,208129.97747828,8398790734.0,10000000000.0,,2026-06-06,,
1349,Forest Protocol,FOREST,forest-protocol,0.03163445256085732,-2.62288522,-14.67765994,-52.88149455,3517471.2713422556,1283508.75595503,111191153.52400868,1000000000.0,1000000000.0,2026-06-06,,
1350,0x0.ai,0x0,0x0-ai-ai-smart-contract,0.004045430576736134,-1.69485786,-9.9252571,-28.91818673,3513713.1586925793,2516.90297501,868563455.0,1000000000.0,1000000000.0,2026-06-06,,
1351,Verified USD,USDV,verified-usd,0.20473587496495912,-1.41551425,-5.29681339,-11.97387951,3509544.492512461,4.30325514,17141815.0,17141815.0,,2026-06-06,,
1352,BigONE Token,ONE,bigone-token,0.0004044452110130344,-0.0188002,-0.7178592,-2.31580213,3471827.1455573193,0.0,8584171727.145089,8584171727.145089,13508522147.21,2026-06-06,,
1353,Bytecoin,BCN,bytecoin-bcn,1.882546483358978e-05,-0.21868077,-47.63525396,-47.63721261,3465143.612869439,0.02338001,184066828814.058,184066828814.058,184470000000.0,2026-06-06,,
1354,Tectonic,TONIC,tectonic,1.3978147169986546e-08,-0.08012922,-1.49957198,-15.77728105,3462860.632361159,69280.49758897,247733879909099.0,500000000000000.0,,2026-06-06,,
1355,The White Whale,WHITEWHALE,the-white-whale,0.0034606255966473346,-0.64087094,-11.45499853,-38.43715027,3460011.6055327263,990612.56555271,999822578.0,999822578.0,999822578.0,2026-06-06,,
1356,Solana Name Service,SNS,sns,0.000768746085410678,0.37446813,-9.30876572,-21.29649964,3459357.384348051,60429.15136514,4500000000.0,10000000000.0,10000000000.0,2026-06-06,,
1357,MEVerse,MEV,meverse,0.002000855699900651,-0.22368737,-9.61009963,-21.57540475,3454767.561599714,88168.30957338,1726645035.8070574,1999999999.99999,,2026-06-06,,
1358,Tokemak,TOKE,tokemak,0.03859966435589045,0.00105708,-18.28731247,-29.18881163,3452814.5199208423,2195.12110275,89451931.19001643,100000000.0,100000000.0,2026-06-06,,
1359,Oasys,OAS,oasys,0.0005142711382162771,-0.1941677,-0.38578105,-9.67114383,3447261.906010626,229971.69557105,6703199246.155007,10000000000.0,10000000000.0,2026-06-06,,
1360,MileVerse,MVC,mileverse,0.0012461184714479944,0.77682001,-3.75515559,-15.03999273,3440570.482392141,149651.84693566,2761029999.334,3000000000.0,3000000000.0,2026-06-06,,
1361,CESS Network,CESS,cess-network,0.0012965017271402738,-0.45782764,-4.13996317,-14.40036025,3435729.5769217256,225846.58234548,2650000000.0,10000000000.0,10000000000.0,2026-06-06,,
1362,Depinsim,ESIM,depinsim,0.025476819385294218,-6.63646428,-22.75357722,-34.36005923,3426632.2073220722,238743.6249965,134500000.0,1000000000.0,1000000000.0,2026-06-06,,
1363,Ondas Holdings Tokenized Stock (Ondo),ONDSon,ondas-holdings-tokenized-stock-ondo,10.264077610296937,-0.02325038,-13.01981465,-21.42015804,3429444.245740849,1673162.64758074,334121.03609782,334121.03609782,,2026-06-06,,
1364,Parcl,PRCL,parcl,0.008291619764387697,-0.91877511,-4.39375847,-30.74858794,3418505.9522110494,386381.18356327,412284457.0,1000000000.0,1000000000.0,2026-06-06,,
1365,Infrared,IR,infrared,0.016671012815415248,-0.52238539,3.37053297,-14.73763345,3417557.627160126,3785944.68411272,205000000.0,1000000000.0,1000000000.0,2026-06-06,,
1366,Shapeshift FOX Token,FOX,fox-token,0.004414470379719467,0.10282383,-6.84083329,-23.65560863,3409235.949538744,34612.08070092,772286516.0,999089275.0,,2026-06-06,,
1367,Sui Name Service,NS,sui-name-service,0.011392667179443008,-0.42851944,-5.08792806,-26.122734,3410771.9127797745,420752.76128378,299383090.8125,500000000.0,500000000.0,2026-06-06,,
1368,Wen,WEN,wen,4.652756178166152e-06,0.98610769,-4.83646907,-10.67217105,3385889.5412522415,245008.06581079,727716951329.0,727716951329.0,727716951329.0,2026-06-06,,
1369,Vertcoin,VTC,vertcoin,0.045185819743963955,-0.02501491,1.7480043,-6.99915683,3350218.875592222,11566.16774574,74143147.0,74143147.0,84000000.0,2026-06-06,,
1370,Axiome,AXM,axiome,0.003367437069390408,0.99545727,4.61149944,-28.84420711,3346832.511478573,54255.16836392,993881234.455982,1019343185.162874,1000000000.0,2026-06-06,,
1371,Minutes Network Token,MNTX,minutes-network-token,0.04305010697896164,-0.21463098,-9.75179152,-15.63958193,3343754.2871363577,61127.66380846,77671219.0,92627611.60546489,500000000.0,2026-06-06,,
1372,Gearbox Protocol,GEAR,gearbox-protocol,0.00033304692614382627,-0.00345237,1.28973232,-8.97818859,3330469.2614382626,1300.81145538,10000000000.0,10000000000.0,10000000000.0,2026-06-06,,
1373,Harvest Finance,FARM,harvest-finance,4.95191472421547,-1.38502825,-6.14248941,-14.77677778,3328595.1269596685,232323.78545295,672183.450713,690420.0,,2026-06-06,,
1374,GameFi.org,GAFI,gamefi,0.22244414068332374,-0.27581979,-3.49755644,-12.57619299,3326645.491257675,6162.16116779,14954970.1828,14954970.323,,2026-06-06,,
1375,Alitas,ALT,alitas,0.005513055492302532,-3.35203202,-5.2283181,-19.72442986,3325205.9862313634,34495.93307324,603151191.0,1000000000.0,1000000000.0,2026-06-06,,
1376,iShares 0-3 Month Treasury Bond Tokenized ETF (Ondo),SGOVon,ishares-0-3-month-treasury-bond-tokenized-etf-ondo,101.08044955284325,0.00813293,0.11736518,-0.03050283,3314225.022981505,878839.02518942,32787.99251134,32787.99251134,,2026-06-06,,
1377,Star Atlas DAO,POLIS,star-atlas-polis,0.009611130823920745,-0.61847172,-5.15015931,-14.65711933,3308079.743499866,50177.25621456,344192562.1558,360000000.0,,2026-06-06,,
1378,Alibaba Tokenized Stock (Ondo),BABAon,alibaba-tokenized-stock-ondo,120.50745984761004,-0.06492563,-4.23901031,-2.94034011,3295421.7367307832,2540125.0986468,27346.20529632,27346.20529632,,2026-06-06,,
1379,iShares Russell 2000 Tokenized ETF (Ondo),IWMon,ishares-russell-2000-tokenized-etf-ondo,283.2258281172683,-0.19550213,-3.07688923,-2.40861367,3294824.1967892167,726142.37214613,11633.20527189,11633.20527189,,2026-06-06,,
1380,PublicAI,PUBLIC,publicai,0.013647275544637667,0.66704381,0.17128091,-9.80540636,3273396.508223284,875827.10379922,239857142.0,1000000000.0,1000000000.0,2026-06-06,,
1381,Nodle,NODL,nodleiot,0.0005359378878110769,0.08069426,-6.25967684,-12.24415798,3258084.6962696323,98456.98864666,6079220690.249348,7078643864.439164,,2026-06-06,,
1382,BNBTiger,BNBTIGER,bnbtiger,7.66941e-19,0.91328331,-7.59747553,-10.8208194,3256236.9020862416,15826.83600062,4.2457462856807e+24,4.2457462856807e+24,1e+25,2026-06-06,,
1383,Camino Network,CAM,camino-network,0.009997460629948988,48.81462471,1243.30550173,1021.09073456,3253330.9290461885,30812.06593828,325415728.0,917499341.0,1000000000.0,2026-06-06,,
1384,Djed,DJED,djed,0.986082601413505,-0.59577603,-1.41441598,-1.4032259,3247568.452851425,883316.53014009,3293404.07,1000000000000.0,1000000000000.0,2026-06-06,,
1385,Hyperion,RION,hyperion-xyz,0.17047878547822,-0.54830172,-4.09609935,-15.88042694,3239096.92408618,330174.0729456,19000000.0,100000000.0,100000000.0,2026-06-06,,
1386,Pfizer Tokenized Stock (Ondo),PFEon,pfizer-tokenized-stock-ondo,27.083282246073743,-0.03099649,0.45687482,0.00690563,3238814.3520878204,734334.75919424,119587.21703893,119587.21703893,,2026-06-06,,
1387,Humans.ai,HEART,humans-ai,0.00041176006597624546,-0.16607303,-12.40675983,-46.74188423,3211728.514614715,82748.79096644,7800000000.0,7800000000.0,7800000000.0,2026-06-06,,
1388,Not Pixel,PX,not-pixel,0.01633276220293153,-0.87978342,-6.76597953,-18.77842252,3191900.1047249828,19143.37922713,195429289.0,225000000.0,225000000.0,2026-06-06,,
1389,Observer,OBSR,observer,0.0004904581178594246,-0.5886448,-4.25101024,-16.74969099,3191450.6367497253,54587.47184679,6507080871.0,14000000000.0,14000000000.0,2026-06-06,,
1390,Star Atlas,ATLAS,star-atlas,0.00012843877508966764,-1.91064328,-3.60499711,-20.04041896,3191167.474055474,58529.93056301,24845826128.6563,36000000000.0,,2026-06-06,,
1391,CLV,CLV,clover,0.0025997702524566827,-26.40073534,-4.38450031,-38.03173785,3182485.172028888,123356.61306678,1224140929.0,2000000000.0,,2026-06-06,,
1392,Aleph Cloud,ALEPH,aleph-im,0.012855372638422546,-0.15439155,-2.07276631,-20.50859779,3178111.421822065,110307.94085331,247220482.1448135,500000000.0,500000000.0,2026-06-06,,
1393,Counterparty,XCP,counterparty,1.2105392074464987,-7.65723099,-7.784914,-2.09930832,3134301.6473369277,0.12105392,2589178.13488123,2589178.13488123,,2026-06-06,,
1394,LOFI,LOFI,lofitheyeti,0.00313232367555652,-1.89159742,3.61165575,-22.38294799,3132323.67555652,72280.85472715,1000000000.0,1000000000.0,1000000000.0,2026-06-06,,
1395,375ai,EAT,375ai,0.014685127061724972,-0.12245798,-0.30652999,-23.17701257,3130078.9092076607,178125.97363509,213146191.79331702,999998043.7933258,1000000000.0,2026-06-06,,
1396,ASML Holding NV Tokenized Stock (Ondo),ASMLon,asml-holding-nv-tokenized-stock-ondo,1654.2724621629582,0.03352727,-5.27805813,2.21057539,3127048.9188926127,2041821.35443434,1890.28650988,1890.28650988,,2026-06-06,,
1397,Dimitra,DMTR,dimitra,0.006401457033162244,0.19462758,1.96406337,-9.07231413,3114329.21295504,168585.47013708,486503181.51344335,971071679.0,1000000000.0,2026-06-06,,
1398,Cisco Systems Tokenized Stock (Ondo),CSCOon,cisco-systems-tokenized-stock-ondo,122.84315065643284,0.05813845,-6.32032703,0.63638065,3112934.1675586626,3305073.48461775,25340.72230258,25340.72230258,,2026-06-06,,
1399,Nine Chronicles,WNCG,wrapped-ncg,0.0049341696736748845,-7.04958833,-19.09360918,-22.63737966,3107573.362918529,495902.91180643,629806749.35,723789440.0,1000000000.0,2026-06-06,,
1400,Arowana,ARW,arowana-token,0.13556031163605295,-0.09685491,-0.79721832,-7.37117664,3105790.8385179345,25358.01817883,22910767.91602723,500000000.0,500000000.0,2026-06-06,,
1401,The Arena,ARENA,the-arena,0.0005179350049205133,-1.02220336,-14.89644489,-28.60232149,3099672.534984106,33137.10035522,5984674728.559442,10000000000.0,10000000000.0,2026-06-06,,
1402,Decentrawood,DEOD,decentrawood,0.006644640913406504,0.14817028,0.98270262,-3.51892542,3085735.6848518923,305804.4586832,464394649.02098525,1890000000.0,1890000000.0,2026-06-06,,
1403,Aavegotchi,GHST,aavegotchi,0.05828149220335911,-0.17380106,-3.40324753,-7.73790415,3074220.565202069,233112.84031385,52747801.21406849,52747802.71425598,,2026-06-06,,
1404,Vara Network,VARA,vara-network,0.000536036778521976,1.51508505,-11.85324506,-7.31850113,3070537.53942592,44473.74701723,5728221761.0,10004940847.0,,2026-06-06,,
1405,Shido Network,SHIDO,shido-network,0.00013077615422024168,-0.00540391,-2.39932941,-12.2299488,3069358.935606003,87278.97525832,23470325717.30821,24459933150.156563,,2026-06-06,,
1406,KARRAT,KARRAT,karrat,0.0037163902371355664,-2.60612217,-7.1477052,-27.3851528,3063573.820537269,299780.30974264,824341262.6383767,1000000000.0,1000000000.0,2026-06-06,,
1407,Zeta,ZEX,zeta,0.01626831724117157,0.07292617,-5.04822895,-21.48702082,3054686.1832738114,57768.6242798,187769032.161671,999996916.529787,1000000000.0,2026-06-06,,
1408,VNX Euro,VEUR,vnx-euro,1.0972065821257286,-0.7018702,-3.91412619,-6.27598853,3032769.7879922516,8.09944577,2764082.75105,2764082.75105,,2026-06-06,,
1409,GmeStop,GME,gme,0.0004392125329402632,-0.79782403,-4.40171582,-18.40202088,3024072.3765240936,644018.47464199,6885214218.0,6885214218.0,,2026-06-06,,
1410,iShares Core S&P MidCap Tokenized ETF (Ondo),IJHon,ishares-core-sp-midcap-tokenized-etf-ondo,74.3170077461834,-0.03390345,-2.26796399,-0.68047653,3011046.7925719684,761579.40323481,40516.25440647,40516.25440647,,2026-06-06,,
1411,Cointel,COLS,cointel,0.003932732633114022,1.18066237,-5.12936025,-5.8189898,3013837.2102208794,1788224.76505019,766346836.0,10000000000.0,10000000000.0,2026-06-06,,
1412,Dragonchain,DRGN,dragonchain,0.008116938110735814,-2.51764627,-9.85535431,-21.23413023,3009538.664262992,4358.04839781,370772651.3625188,433494437.0,433494437.0,2026-06-06,,
1413,Odos,ODOS,odos,0.0008073232599826483,-0.00452841,-8.58358349,-19.83727528,3008366.2387596425,362737.52474835,3726346542.80158,10000000000.0,10000000000.0,2026-06-06,,
1414,Orbiter Finance,OBT,orbiter-finance,0.0005451817463889548,-1.60175524,-4.78508601,-24.26120905,2998499.6051392513,3199983.08475539,5500000000.0,9900000000.0,10000000000.0,2026-06-06,,
1415,Freya Protocol,FREYA,freya-by-virtuals,0.005464880650874568,-4.25702281,-8.65736752,-11.76941649,2998033.171609208,5881.36538525,548599935.3214457,548599935.3214457,1000000000.0,2026-06-06,,
1416,Epic Private Internet Cash,EPIC,epic-cash,0.17278932769752617,-0.01412957,-21.54687395,-20.92250692,2985735.3049833486,8147.09707559,17279628.0,19265638.0,21000000.0,2026-06-06,,
1417,MATH,MATH,math,0.025822794879572463,0.07778831,-4.6255169,-21.10612559,2952995.767219661,203047.58174438,114356164.04,200000000.0,,2026-06-06,,
1418,trac (Ordinals),TRAC,trac,0.14022967318994328,-1.25827015,-2.79044424,-16.64536798,2944823.136988809,106171.84993934,21000000.0,21000000.0,21000000.0,2026-06-06,,
1419,BitShares,BTS,bitshares,0.000982016439491652,0.10550366,-0.44239131,0.88146809,2941198.157263867,66828.45272049,2995060000.0,2995060000.0,3600570502.0,2026-06-06,,
1420,ZenChain,ZTC,zenchain,0.0005208242699516932,-0.66657095,0.04292942,1.17097016,2903586.69731798,1188982.54645979,5574983473.0,21000000000.0,21000000000.0,2026-06-06,,
1421,BitForex Token,BF,bitforex-token,0.0006802506394761733,0.0,0.0,0.0,2917645.130705033,0.0,4289073705.17397,10000000000.0,,2026-06-06,,
1422,Coinweb,CWEB,coinweb,0.0011851380045614748,0.02381355,0.30273552,-0.46804382,2909855.4027024894,93552.85759321,2455288237.743414,7597398622.55741,,2026-06-06,,
1423,Cross The Ages,CTA,cross-the-ages,0.0058195199244934345,-0.44073548,-1.42991241,-13.80256909,2909759.9622467174,106481.92368445,500000000.0,500000000.0,500000000.0,2026-06-06,,
1424,Liqwid Finance,LQ,liqwid-finance,0.1443699128297751,-0.12864931,1.00440204,-16.5217759,2907955.665962985,241983.70119904,20142394.0,21000000.0,21000000.0,2026-06-06,,
1425,Electra Protocol,XEP,electra-protocol,0.00015758261421898505,-0.33083777,-7.83772178,-20.97617814,2904047.2892439873,112375.6447686,18428728979.0,18428728979.0,30000000560.0,2026-06-06,,
1426,Footballcoin (XFC),XFC,footballcoin,0.007334700473058742,0.20177483,-0.600633,-1.10681999,2899172.158332275,49257.07072599,395267968.8804323,1000000000.0,,2026-06-06,,
1427,REI Network,REI,rei-network,0.003046848115562048,0.19349705,2.8779918,0.56540685,2894505.7097839457,1031199.88325166,950000000.0,1000000000.0,,2026-06-06,,
1428,Bellscoin,BELLS,bellscoin,0.04697195005520642,-0.04649964,-4.71919814,-16.52516338,2887957.193716684,26206.93462879,61482591.0,61482591.0,,2026-06-06,,
1429,Pundi AI,PUNDIAI,pundi-ai,0.4082361038093777,-0.20582198,-8.31878106,-24.8070348,2881172.0250783097,63593.11710455,7057612.0,8312980.0,18930226.0,2026-06-06,,
1430,Ren,REN,ren,0.002897598015118529,-0.52126471,-2.36512482,-10.73056219,2876961.3548619985,9933.6137497,992878011.322186,999999632.80375,,2026-06-06,,
1431,PinLink,PIN,pinlink,0.032482309673837216,-0.50692843,-11.21935239,-29.99961733,2865155.1164208134,270289.15242227,88206631.4,100000000.0,100000000.0,2026-06-06,,
1432,Cryptex Finance,CTX,cryptex-finance,0.3052093486438481,0.07482968,-0.24755473,-5.1408404,2850226.3783064946,2959226.63160517,9338594.61045688,10000000.0,,2026-06-06,,
1433,OciCat,OCICAT,ocicat,8.939846133470955e-09,-0.08357486,-0.64556325,-4.97957139,2845502.6528151347,8341.04042495,318294365510556.0,325000000000000.0,690700000000000.0,2026-06-06,,
1434,GAIB,GAIB,gaib,0.013820442993589217,0.10721626,4.63526021,-18.38120537,2830864.3770553498,582085.04846915,204831667.0,1000000000.0,1000000000.0,2026-06-06,,
1435,GOLDAO,GOLDAO,gold-dao,0.003525468741993473,-1.72539722,-14.44048537,-9.18387074,2794140.877648214,1613.20218777,792558687.1231964,987794316.0971963,,2026-06-06,,
1436,SPECTRE AI,SPECTRE,spectre-ai,0.2798979520797861,0.09732592,-11.20052457,-26.03639963,2797068.097683108,202224.46514444,9993171.0,10000000.0,10000000.0,2026-06-06,,
1437,STAT,STAT,stat,0.03140178739852176,-0.08437793,-0.05300824,-13.88150359,2792194.4242984145,165227.437426,88918327.7646755,96918327.764706,,2026-06-06,,
1438,Asteroid (Asteroid OG),ASTEROID,asteroideth-site,0.0027848007446956407,-1.18370229,-10.97802969,-49.32343981,2784800.7446956406,226893.96926539,1000000000.0,1000000000.0,1000000000.0,2026-06-06,,
1439,IBStoken,IBS,ibstoken,0.0006908817975770814,0.07700602,-0.08119189,0.11839563,2780809.736651076,85380.40541377,4025015200.0,20000000000.0,20000000000.0,2026-06-06,,
1440,GAMEE,GMEE,gamee,0.0015767006965429187,-0.36051874,-8.13598209,-22.27776458,2781781.160793104,237112.34534428,1764305151.18846,3180000000.0,,2026-06-06,,
1441,Fautor,FTR,fautor,0.0017994662888399999,0.5740242,0.34880034,-3.80767901,2792921.63580375,1141.38044721,1552083333.3333333,2500000000.0,2500000000.0,2026-06-06,,
1442,Buying.com,BUY,buying-com,0.008316939156598922,0.10895253,1.00553705,-0.14613262,2759473.2340032826,6674.20276503,331789518.0,986800000.0,1000000000.0,2026-06-06,,
1443,Quq,QUQ,quq,0.002738861012592415,-0.01043516,-3.12115409,-13.77552852,2738861.012592415,351064417.8639998,1000000000.0,1000000000.0,1000000000.0,2026-06-06,,
1444,The Official 67 Coin,67,the-official-67-coin-onchain,0.0027265458390571626,-2.24777218,1.51384569,-30.93237281,2725673.3443886642,1114643.35975091,999680000.0,999680000.0,999680000.0,2026-06-06,,
1445,USD Coin (Wormhole),USDC(WormHole),usd-coin-wormhole-from-ethereum,1.0020813262693529,0.30123505,0.47350079,0.14154582,2720432.4054854494,368919.40197273,2714782.058272,231889.324613,,2026-06-06,,
1446,Devve,DEVVE,devve,0.02817282259573388,-0.28576146,-4.85249498,-12.77693424,2717091.931322826,218137.4379098,96443724.16323902,120000000.0,300000000.0,2026-06-06,,
1447,McDonald's Tokenized Stock (Ondo),MCDon,mcdonalds-tokenized-stock-ondo,284.6374973377088,0.32310642,2.16495356,0.36718299,2713715.974443234,1315554.32353939,9533.93702455,9533.93702455,,2026-06-06,,
1448,Procter & Gamble Tokenized Stock (Ondo),PGon,procter-gamble-tokenized-stock-ondo,149.23154643130863,0.04565726,3.72577551,1.91191949,2711625.5085749053,2815217.74629969,18170.59176441,18170.59176441,,2026-06-06,,
1449,Dingocoin,DINGO,dingocoin,2.3548714052172055e-05,0.86485079,17.63399528,53.23315653,2710997.401003706,202544.5500078,115122948752.0,115122948752.0,,2026-06-06,,
1450,Cult DAO,CULT,cult-dao,6.253545955830447e-07,-0.68575565,-9.34958973,-17.31617547,2700713.0954827205,56638.81616686,4318690730920.0,4957113505372.0,6666666666666.0,2026-06-06,,
1451,United States Oil Tokenized Fund (Ondo),USOon,united-states-oil-tokenized-fund-ondo,133.39960661119775,-0.17062931,-1.92504453,4.161112,2683441.2938203523,1704703.55032351,20115.81114809,20115.81114809,,2026-06-06,,
1452,Dora Factory,DORA,dora-factory-new,0.004993356291918648,-1.39435915,2.83179802,-2.1277406,2682816.067682505,381998.77267678,537277116.0,1000000000.0,1000000000.0,2026-06-06,,
1453,FEED EVERY GORILLA,FEG,feed-every-gorilla,3.102018561198018e-05,0.12255112,-3.25234807,-18.20867909,2675811.7795498143,481160.33180587,86260340702.68103,96303238991.7096,100000000000.0,2026-06-06,,
1454,Inter Milan Fan Token,INTER,inter-milan-fan-token,0.21633666226943987,-0.08550358,-4.92033901,-20.49638274,2669193.5405697026,516803.64746263,12338147.0,19728000.0,19728000.0,2026-06-06,,
1455,BlackFort Exchange Network,BXN,blackfort-exchange-network,0.0005941063597838478,-0.2188523,-0.09926288,-15.41301059,2667293.78170793,411061.0320602,4489589680.0,49999999999.0,49999999999.0,2026-06-06,,
1456,Beefy,BIFI,beefy-finance,33.194329427084675,-0.23344926,0.03607359,-4.26258521,2655546.354166774,27470.74407166,80000.0,80000.0,80000.0,2026-06-06,,
1457,Chevron Tokenized Stock (Ondo),CVXon,chevron-tokenized-stock-ondo,191.7178334787095,0.0702529,-0.37608997,3.28039223,2647674.10756072,2594073.25985283,13810.26511472,13810.26511472,,2026-06-06,,
1458,OpenAI tokenized stock (PreStocks),OPENAI,openai-tokenized-stock-prestocks,1321.7500536674527,0.00087926,-5.37850077,-12.24727009,2647343.8764662226,218187.69999541,2002.90809077,2002.90809077,,2026-06-06,,
1459,ROA CORE,ROA,roa-core,0.0035259017013210677,-1.30892864,-2.52931173,-15.07847839,2644426.275990801,111546.08473093,750000000.0,949999869.89,1000000000.0,2026-06-06,,
1460,DOWGE,DJI6930,dowge,0.0026423209528841367,-0.04180215,21.89902879,-12.10197284,2642264.473273769,181175.70697485,999978625.0,999978625.0,999978625.0,2026-06-06,,
1461,Gems,GEMS,gems-vip,0.00440268636520868,-0.46659457,-9.10261362,-25.52004168,2636615.699067519,243484.50146401,598865211.0,838059738.7,843303980.0,2026-06-06,,
1462,Swarm,BZZ,ethereum-swarm,0.04999165454768796,-0.22632761,-11.46717643,-29.52276705,2629594.068915151,262806.65893723,52600660.90444622,63149437.0,63149437.0,2026-06-06,,
1463,Mumu the Bull (SOL),MUMU,mumu-ing,1.1497997559513561e-06,0.66349332,-5.60217573,-14.26229355,2625227.8814364113,141022.45908901,2283204416985.0,2329915213859.14,2329915213859.14,2026-06-06,,
1464,League of Traders,LOT,league-of-traders,0.0065689486216800805,-0.26888435,-3.80115642,-13.90547516,2610244.74868851,257483.70915099,397361115.0,1000000000.0,1000000000.0,2026-06-06,,
1465,Hachiko,$HACHI,hachiko-xyz,2.673470185670597e-09,2.17471791,5.36846448,7.47996121,2608813.4448755775,74020.59000886,975815424783276.0,975815424783276.0,1000000000000000.0,2026-06-06,,
1466,ZTX,ZTX,ztx,0.00032224865577585833,40.4390957,35.01090547,-7.02540049,2594732.56484624,1078625.14003239,8051957761.0,10000000000.0,10000000000.0,2026-06-06,,
1467,Sharp,SHARP,sharp-token,0.0009628278811974832,1.01231775,2.85234804,-2.0598614,2587348.822318336,45372.62325385,2687239197.0,68230000000.0,100000000000.0,2026-06-06,,
1468,Myro,MYRO,myro,0.002738736043933752,-0.00183785,-3.68050258,-6.85948474,2585925.0209602565,1918225.79652368,944203815.0,999981490.5,,2026-06-06,,
1469,Neutrino Index,XTN,neutrino-usd,0.04947567073289364,-1.97128176,-4.79397941,-26.24039914,2571781.6798381293,0.0,51980734.0,408891338.0,408891338.0,2026-06-06,,
1470,JPMorgan Chase Tokenized Stock (Ondo),JPMon,jpmorgan-chase-tokenized-stock-ondo,313.7819786870979,-0.07898726,-0.24455899,4.21796444,2583299.448645256,1981341.52628937,8232.78462152,8232.78462152,,2026-06-06,,
1471,Ampleforth Governance Token,FORTH,ampleforth-governance-token,0.18023460232274308,11.20934954,5.1245047,-12.11001566,2585204.7788051446,1421858.72721543,14343554.15380151,15297897.14455933,,2026-06-06,,
1472,PIBBLE,PIB,pibble,8.663324496614926e-05,-0.14702827,0.22614687,-18.42973567,2568545.8407137757,6748.97753902,29648500892.670006,29648500892.670006,30000000000.0,2026-06-06,,
1473,Mythos,MYTH,mythos,0.0029662599091545895,-0.02655323,-8.54061326,5.70178391,2558464.799337321,78.83422892,862522124.7272651,1000000000.0,1000000000.0,2026-06-06,,
1474,Numbers Protocol,NUM,numbers-protocol,0.0028348943823205534,0.57698508,-5.99127688,-25.0871831,2555011.8737626392,136642.98544567,901272333.0,911335317.0,1000000000.0,2026-06-06,,
1475,RealFi,REAL,real-token,0.003803797161402893,0.16695184,-2.28706487,-29.55519764,2523817.782365445,97037.25316536,663499570.37,1000000000.0,1000000000.0,2026-06-06,,
1476,Guild of Guardians,GOG,guild-of-guardians,0.002951566942788653,-0.74601015,-9.01610557,-9.13771487,2524600.16753931,4999.34834884,855342337.299,1000000000.0,1000000000.0,2026-06-06,,
1477,Aventus,AVT,aventus,0.42055330665215185,-3.94036963,-4.25165771,-20.41171312,2523319.839912911,34991.4005918,6000000.0,10000000.0,10600000.0,2026-06-06,,
1478,Allo,RWA,allo,0.0014029318418807362,0.2571727,-1.86193151,-5.95894116,2525277.3153853253,623660.7094778,1800000000.0,10000000000.0,10000000000.0,2026-06-06,,
1479,PeiPei (ETH),PEIPEI,peipei-coin,5.963344892652688e-09,-0.33777949,-6.15985424,-17.37640444,2508685.8953032866,342402.22074531,420684354244576.0,420690000000000.0,420690000000000.0,2026-06-06,,
1480,Measurable Data Token,MDT,measurable-data-token,0.0037095870790250403,-0.13093928,-2.31584998,-3.75857485,2508263.3169621727,288823.27242976,676157012.5,1000000000.0,,2026-06-06,,
1481,QuStream,QST,qustream,0.003320469424350387,-2.5983413,13.84336176,35.65456276,2495367.031630553,59583.74279508,751510317.58672,999983708.345397,999985719.0,2026-06-06,,
1482,LeisureMeta,LM,leisuremeta,0.000709080258046377,0.15980448,0.37427773,-13.5703928,2494597.4097932046,45951.93032541,3518074832.13,4668074832.13,5000000000.0,2026-06-06,,
1483,AGENDA 47,A47,agenda-47,0.0024864899369688507,0.44296499,-5.0666647,-10.63205025,2486466.054233006,42698.67600331,999990395.0,999990395.0,999990395.0,2026-06-06,,
1484,Ultra,UOS,ultra,0.005116763639183129,5.04780798,7.31880928,-14.5116048,2454111.6550796675,248448.48027446,479621852.4316,1000000000.0,,2026-06-06,,
1485,Kujira,KUJI,kujira,0.01994516836763836,0.0,-7.1406324,-29.83092485,2440287.490390474,0.0,122349806.5,122349806.5,122349807.0,2026-06-06,,
1486,TokenFi,TOKEN,tokenfi,0.00243230165441276,-0.75040679,-5.81680016,-7.9943374,2432349.787230199,7014029.48726968,1000019789.0,10000000000.0,10000000000.0,2026-06-06,,
1487,Pirate Nation,PIRATE,pirate-nation,0.0033876905735708007,-0.40440382,-4.37730898,-10.5141571,2432428.047623786,40346.4558,718019546.0,979167033.1391062,1000000000.0,2026-06-06,,
1488,Rupiah Token,IDRT,rupiah-token,1.3893766190880458e-05,0.0,0.0,0.0,2415527.20000796,0.0,173856905811.0,173856905811.0,,2026-06-06,,
1489,ServiceNow Tokenized Stock (Ondo),NOWon,servicenow-tokenized-stock-ondo,549.6371083020503,-0.83155789,-6.90507138,-14.70265472,2411332.358983034,964464.29020469,4387.13529811,4387.13529811,,2026-06-06,,
1490,Vai,VAI,vai,0.9989241739952428,-0.00373391,-0.06533486,0.05309006,2410005.5002599275,121727.17995587,2412601.039197,2412601.039197,8484461.449726,2026-06-06,,
1491,Nexa,NEXA,nexa,4.1040783605459156e-07,-0.67650116,-4.9449532,-9.99554872,2404833.964302206,53007.64959609,5859620000000.0,10624370000000.0,21000000000000.0,2026-06-06,,
1492,Novo Nordisk Tokenized Stock (Ondo),NVOon,novo-nordisk-tokenized-stock-ondo,43.69149229515944,-0.12063786,-1.8767357,-6.33403991,2403770.076394221,1041249.32024331,55016.89116397,55016.89116397,,2026-06-06,,
1493,CrossFi,XFI,crossfinance,0.034074694709026916,0.05540581,-3.22147117,19.73300016,2394412.127519647,99760.39514389,70269510.78993322,88043688.37520845,378432000.0,2026-06-06,,
1494,Global X Copper Miners Tokenized ETF (Ondo),COPXon,global-x-copper-miners-tokenized-etf-ondo,81.9708295777649,-0.03260237,-8.98621783,-5.27977586,2394235.5776468576,986678.50566538,29208.38534854,29208.38534854,,2026-06-06,,
1495,Walmart Tokenized Stock (Ondo),WMTon,walmart-tokenized-stock-ondo,119.12580754820549,0.10373333,0.59113653,2.11071088,2382771.641567866,1401046.57880444,20002.14471246,20002.14471246,,2026-06-06,,
1496,Cook Finance,COOK,cook-protocol,0.0027192074021280574,-0.00039456,-2.5018676,-3.16882636,2375583.160523283,22735.38726174,873630734.7001727,10000000000.0,10000000000.0,2026-06-06,,
1497,zkVerify,VFY,zkverify,0.006395831306348286,-0.27627547,-9.40013084,-22.33851804,2357614.8520292747,590912.43600443,368617422.67798495,1018035695.7616436,,2026-06-06,,
1498,Rezor,RZR,rezor,5.803189267504575e-05,-0.00101037,-2.11738214,-15.40739483,2358534.572316805,239.80545475,40642041188.0,100000000000.0,100000000000.0,2026-06-06,,
1499,BabyShark,BABYSHARK,baby-shark-universe,0.009142121789909578,1.32974181,-3.91002643,-27.18559104,2338864.059265388,1855725.21526537,255833833.0,850000000.0,850000000.0,2026-06-06,,
1500,WYDE: End Hunger,EAT,wyde-end-hunger,0.000226850872175289,-0.32503306,-8.62832857,-47.69431658,2327929.099140471,296229.00469385,10261935856.0,100000000000.0,100000000000.0,2026-06-06,,
