rank,name,symbol,slug,price_usd,change_1h_pct,change_24h_pct,change_7d_pct,market_cap_usd,volume_24h_usd,circulating_supply,total_supply,max_supply,date_snapshot,fdv_usd,liq_mkt_cap_pct
1,Bitcoin,BTC,bitcoin,76773.96477380164,0.04129896,1.61709704,-1.57482875,1538060512945.6929,28199519056.35441,20033621.0,20033621.0,21000000.0,2026-05-24,1611878946220.88,1.8346
2,Ethereum,ETH,ethereum,2119.2305093985105,0.00948097,2.44893825,-2.76941767,255760478349.2789,16203418566.071218,120685539.97076514,120685539.97076514,,2026-05-24,255748984198.56,6.3347
3,Tether USDt,USDT,tether,0.9988019640679519,-0.00430295,0.00721061,-0.07619749,189493853056.17557,65441745246.89918,189721145805.92038,193191351052.13525,,2026-05-24,192930502141.28,34.5424
4,BNB,BNB,bnb,657.1333406701198,0.18386369,0.97594057,0.69183711,88571697621.36453,1266841157.7670643,134784970.01999998,134784970.01999998,134784970.92000002,2026-05-24,88569486212.1,1.4303
5,XRP,XRP,xrp,1.3600635414319129,0.14584259,1.48986161,-3.56478193,84131247459.50763,1871735020.4052975,61858321245.0,99985662685.0,100000000000.0,2026-05-24,135999613546.35,2.2249
6,USDC,USDC,usd-coin,0.9998016844340312,-0.00325191,0.00848609,-0.00300636,76449021712.81267,8234486909.910875,76464185751.08624,76464185751.08624,,2026-05-24,76438969787.07,10.7733
7,Solana,SOL,solana,85.69980822717514,-0.05631431,1.31691101,-0.75363821,49542990285.87665,3895485808.7900734,578099196.6113492,627007771.4293436,,2026-05-24,53734692940.19,7.863
8,TRON,TRX,tron,0.3628525039602726,0.19172891,-0.01126002,2.55179761,34401016419.25016,730348484.9045222,94807162810.7508,94807155643.3756,,2026-05-24,34400882555.81,2.1229
9,Dogecoin,DOGE,dogecoin,0.10293190012763763,0.09247832,1.15609782,-5.77949789,17506243079.97582,1022159965.8429345,170075973126.57907,170075973126.57907,,2026-05-24,17500735711.48,5.8424
10,Hyperliquid,HYPE,hyperliquid,60.28926360014369,0.68455485,9.00847475,43.10882495,15319798158.064407,819888355.5949398,254104914.26251048,954707789.4225162,961671487.86,2026-05-24,57912085130.75,5.3574
11,Zcash,ZEC,zcash,638.4403106615907,1.33616115,4.87770469,26.51511549,10655594508.049887,863147501.7960707,16690040.2905448,16690040.2905448,21000000.0,2026-05-24,13385589372.65,8.1048
12,UNUS SED LEO,LEO,unus-sed-leo,10.070429165505919,-0.0471294,1.19234691,0.21915791,9270476154.505985,388005.18181971,920564158.9,985239504.0,,2026-05-24,9921522973.04,0.0042
13,Cardano,ADA,cardano,0.245144333433128,0.05073262,0.59040534,-3.59908974,8877891276.545624,486017144.46870524,36214956112.65022,44993036738.410706,45000000000.0,2026-05-24,11031493172.56,5.4744
14,Monero,XMR,monero,385.25624736594244,-0.53161077,2.00031201,-0.47990916,7106723397.957279,96411361.24122572,18446744.07370955,18446744.07370955,,2026-05-24,7106723397.96,1.3566
15,Bitcoin Cash,BCH,bitcoin-cash,354.32508649968275,0.19164914,-2.61317122,-14.52740728,7100173142.003066,450548724.83150744,20038584.375,20038584.375,21000000.0,2026-05-24,7440418277.95,6.3467
16,Chainlink,LINK,chainlink,9.548787211885836,-0.01233393,1.58206643,-1.57030887,6942922899.36204,386569866.53306913,727099970.4255477,1000000000.0,1000000000.0,2026-05-24,9548235851.1,5.5679
17,Canton,CC,canton-network,0.16260915379948856,0.17319528,2.89290204,6.76192019,6278453839.54269,15819621.48982922,38610703597.19465,38610703597.19465,,2026-05-24,6276940737.48,0.252
18,Dai,DAI,multi-collateral-dai,0.9994341925721003,-0.01153296,-0.01107457,-0.03350456,5362346929.27818,69262871.77615038,5365382702.664872,5365382702.664872,,2026-05-24,5362326697.01,1.291
19,Stellar,XLM,stellar,0.1485646721212806,0.5522852,2.9087678,-1.88811522,4981098890.942921,93756686.24613771,33528151880.3919,50001786839.91458,50001806812.0,2026-05-24,7428634592.36,1.8823
20,Toncoin,TON,toncoin,1.8075016177914078,0.39887794,-2.45491395,-4.87741405,4869518000.34328,267258078.2084221,2694060106.177587,5184981526.944454,,2026-05-24,9371719941.33,5.4884
21,World Liberty Financial USD,USD1,usd1,0.9989207685313132,-0.01060207,-0.05328322,-0.09737756,4767887657.533458,1795560416.2663777,4773038871.284614,4773038871.284614,,2026-05-24,4767950054.19,37.6568
22,Ethena USDe,USDe,ethena-usde,0.9991788134754797,0.00094203,0.00055703,-0.08951551,4443008755.620441,42828070.256715,4446660293.132281,4446660293.132281,,2026-05-24,4443172511.56,0.9654
23,Sui,SUI,sui,1.0642231896878733,0.42750587,1.98641098,0.83336843,4262659113.2946734,824277877.1985658,4005418369.566699,10000000000.0,10000000000.0,2026-05-24,10627797186.72,19.3639
24,Litecoin,LTC,litecoin,53.32563803065973,0.04868079,0.53051679,-4.89976661,4116867343.2680798,255183210.08977753,77202401.98347135,84000000.0,84000000.0,2026-05-24,4479353594.58,6.1985
25,Avalanche,AVAX,avalanche,9.331758543447007,-0.06559469,1.49479375,0.69437645,4029191687.5363164,373120127.16323036,431771961.1772119,463441061.1772119,715748719.0,2026-05-24,6677151570.5,9.2705
26,Hedera,HBAR,hedera,0.08955965466700239,0.14319123,1.06537269,-1.75043132,3884514833.5550795,66096727.49399834,43373490529.84124,50000000000.0,50000000000.0,2026-05-24,4476030221.77,1.7023
27,MemeCore,M,memecore,2.9481725349868837,1.29842384,6.11411392,-7.18540669,3846684486.2385526,8127349.54803459,1304769120.7311468,5372085893.08115,10000000000.0,2026-05-24,29478742679.0,0.2113
28,PayPal USD,PYUSD,paypal-usd,0.9994642377311147,-0.008543,-0.00605798,-0.01920979,3613287540.09345,51187624.26087366,3615224440.942459,3615224440.942459,,2026-05-24,3613378228.77,1.4174
29,Shiba Inu,SHIB,shiba-inu,5.646937448752275e-06,-0.04684619,-0.69684786,-2.69614315,3327419864.4264627,83050819.6903754,589243265862928.2,589499893114273.8,589552695333683.0,2026-05-24,3328928283.2,2.4962
30,Cronos,CRO,cronos,0.0695302662432631,0.00304511,1.94353436,-2.3119759,3114252715.1391697,8500367.07092321,44789886238.08002,98656553371.35135,100000000000.0,2026-05-24,6952223417.99,0.2729
31,NEAR Protocol,NEAR,near-protocol,2.3853764471809873,0.86395473,13.68160506,58.72841933,3092222247.4587374,1003037121.28235,1296324633.0,1296324633.0,,2026-05-24,3085624761.45,32.5129
32,Bittensor,TAO,bittensor,278.66116780593416,-0.26595027,4.75327218,3.86380236,3046999818.2307534,291188836.7320607,10934425.64036318,21000000.0,21000000.0,2026-05-24,5853497185.65,9.5531
33,Global Dollar,USDG,global-dollar-usdg,0.999776065363062,0.00500022,-0.00219136,-0.00042752,2748197164.642225,28603512.96976645,2748812719.020469,2748812719.020469,,2026-05-24,2748291731.64,1.0443
34,Tether Gold,XAUt,tether-gold,4512.668947602888,0.04795668,0.30496505,-0.4630482,2675216919.774363,173843769.1588271,592823.659532,707747.089,,2026-05-24,3193743602.25,6.5012
35,Mantle,MNT,mantle,0.6646434385642876,0.54770815,3.67213116,3.86317557,2194848293.5608163,32025600.20355678,3302294382.53684,6219316794.889999,6219316795.0,2026-05-24,4133774508.65,1.4566
36,Uniswap,UNI,uniswap,3.445023600630891,0.07468968,1.91946437,-1.26111678,2189999996.559849,157064577.10169598,635699562.7428479,895334420.0329479,,2026-05-24,3083896767.51,7.1915
37,Polkadot,DOT,polkadot-new,1.283977283446676,-0.12084802,1.79660192,1.46191564,2163713655.692995,162462023.59146383,1685165059.8402932,1685165059.8402932,2100000000.0,2026-05-24,2695192613.5,7.5124
38,PAX Gold,PAXG,pax-gold,4537.383493626885,0.102599,0.75317186,0.11490061,2133937673.2681103,110000837.74716197,470301.37,470301.37,,2026-05-24,2134269435.69,5.1619
39,Ondo,ONDO,ondo-finance,0.4222921761838611,0.22802865,10.01852442,23.31356257,2056280235.4803984,345125018.1643291,4869330647.0,10000000000.0,,2026-05-24,4207583778.21,16.829
40,World Liberty Financial,WLFI,world-liberty-financial-wlfi,0.06189327870654008,0.05535639,-0.37607418,2.06851514,1966543303.1767902,54517800.60467546,31773131821.0,100000000000.0,100000000000.0,2026-05-24,6187679994.28,2.7593
41,Aster,ASTER,aster,0.6827338584867738,-0.04948729,1.55028633,2.83097589,1775409161.381886,86343001.66698407,2600441063.984935,7822218820.515041,8000000000.0,2026-05-24,5463076984.16,4.8625
42,Ripple USD,RLUSD,ripple-usd,0.9999808309886352,-0.0083886,0.0038331,0.0115131,1759429638.4235098,114208774.22646615,1759463365.596761,1759463365.596761,,2026-05-24,1759375496.44,6.4916
43,OKB,OKB,okb,82.8365701820218,0.42097429,0.86817938,-0.85480801,1739567973.8224578,20257795.18635978,21000000.0,21000000.0,21000000.0,2026-05-24,1736957853.71,1.1657
44,Sky,SKY,sky,0.07004115854185389,0.02338514,-0.72850742,0.60020214,1626871510.2433703,11536455.77810341,23227364368.497913,23462665147.365967,23462665147.0,2026-05-24,1643323656.85,0.7093
45,Pi,PI,pi,0.15102574162565485,-0.24271396,0.03142507,-4.88277826,1599666945.3082483,9242967.13048289,10592015163.039675,100000000000.0,100000000000.0,2026-05-24,15101265063.74,0.5772
46,USDD,USDD,usdd,0.9987701808860825,-0.02536922,-0.01634473,-0.0801923,1506590613.6101687,3968665.8315575,1508445729.0,1508445729.0,,2026-05-24,1506884859.28,0.2594
47,Pepe,PEPE,pepe,3.62059214024571e-06,-0.07339635,-0.02413661,-3.56373176,1498101408.6061037,216447950.66906318,413772485432296.0,413772485432296.0,413772485432296.0,2026-05-24,1497455564.83,14.4651
48,Internet Computer,ICP,internet-computer,2.6226821495913977,1.40638162,4.36683084,0.91093258,1450399767.2953022,81188503.8175672,553021557.5384413,553021557.5384413,,2026-05-24,1450524675.73,5.6068
49,Ethereum Classic,ETC,ethereum-classic,8.97772940925328,-0.00177915,0.65997493,-0.49017121,1407889605.27612,51604130.65665685,156820231.6083417,210700000.0,210700000.0,2026-05-24,1890913295.57,3.6652
50,Bitget Token,BGB,bitget-token-new,1.9758052185303072,0.08437685,0.29232858,-1.35005639,1380967358.5157282,14314030.93653715,698939017.6542574,913931280.9787906,919992035.98,2026-05-24,1817725057.14,1.0365
51,Aave,AAVE,aave,86.2820599486147,-0.12757557,-0.08537329,-3.95394968,1328950168.990341,174944960.70050073,15402392.68489646,16000000.0,,2026-05-24,1379319484.33,13.1931
52,DeXe,DEXE,dexe,13.62156294374793,-0.27470266,-1.22608886,4.2240326,1140583609.1501281,11961235.9978981,83733681.21267147,96504599.33609451,,2026-05-24,1314324477.01,1.0493
53,KuCoin Token,KCS,kucoin-token,8.080902138339443,0.19811187,3.13596513,0.32736707,1088134053.0810888,3024622.1454182,134655021.73556715,142155021.73556715,200000000.0,2026-05-24,1616076439.45,0.2779
54,Cosmos,ATOM,cosmos,2.1083134933691348,-0.07241224,-1.02078286,3.15685645,1075311639.6216407,39624435.24002514,510034035.736909,510034035.736909,,2026-05-24,1073779367.43,3.6858
55,United Stables,U,united-stables,0.9994824396712862,-0.05183637,-0.02095839,-0.0221026,1062308689.468889,309454228.1147246,1062858783.01,1062858783.01,,2026-05-24,1062378026.24,29.1343
56,Morpho,MORPHO,morpho,2.1328033270976983,0.54075704,7.90267439,20.53522524,1044406031.0722158,17451120.34466943,489686985.10679615,999999999.8010328,1000000000.0,2026-05-24,2132953769.89,1.671
57,Render,RENDER,render,1.9842881708414397,0.55818905,6.35953711,9.21478325,1029336116.5339407,82520401.31661288,518743261.01407415,533503434.2940742,644168762.0,2026-05-24,1274835554.96,8.0504
58,Worldcoin,WLD,worldcoin-org,0.29976785516880694,0.69113331,9.8456288,24.46277144,1023571058.2896773,224490868.84032124,3414545758.1276627,10000000000.0,,2026-05-24,2990428606.96,22.0071
59,Algorand,ALGO,algorand,0.11346591290328172,0.2603242,1.2212036,2.95528587,1011827717.9956747,31061904.74671767,8917459808.904512,10000000000.0,10000000000.0,2026-05-24,1134422679.03,3.0714
60,Polygon (prev. MATIC),POL,polygon-ecosystem-token,0.09132795136805545,0.10234881,0.62120508,0.45339928,972516674.5481212,53661946.90503243,10648620274.299578,10648620284.299578,,2026-05-24,972397698.36,5.5184
61,Quant,QNT,quant,80.07961695726759,0.48426333,4.72622058,0.7203102,966780234.6654488,14068972.68695773,12072738.0,14881364.0,14881364.0,2026-05-24,1193174995.02,1.4597
62,Kaspa,KAS,kaspa,0.033846120793375595,0.25635159,-0.31275164,-0.43811901,929372095.4922396,14175656.46447324,27458747818.27693,27458747818.27693,28704026601.0,2026-05-24,971527462.06,1.5253
63,Ethena,ENA,ethena,0.10061196340848724,-0.14526247,0.48856254,-5.49971502,908180175.9544231,106709471.91169533,9026562500.0,15000000000.0,15000000000.0,2026-05-24,1508002993.34,11.755
64,Venice Token,VVV,venice-token,17.914890825460393,-0.97355583,1.39270451,29.98144692,830020426.3059531,61162412.55734584,46331313.67601413,80069844.04388666,,2026-05-24,1433195883.89,7.3759
65,JUST,JST,just,0.0929349078990457,0.68944499,-0.12096096,2.64998206,794013973.174339,27912544.9220329,8543764567.312736,8543764567.312736,,2026-05-24,794042321.04,3.5142
66,GateToken,GT,gatetoken,7.015261443003333,0.04274351,0.61059561,-1.85601103,790078692.7818016,2425328.38004354,112622843.66747102,112622843.66747102,115180573.04885802,2026-05-24,807553194.67,0.3071
67,Aptos,APT,aptos,0.9610536165970114,0.05417731,1.46690467,2.08533108,787535551.7647436,71982058.02502872,819450172.3570046,1203129503.261452,2100000000.0,2026-05-24,2017636905.01,9.1452
68,Stable,STABLE,stable,0.03407455811994238,-1.37038268,-2.52538945,-4.47794661,782086140.6548376,22120758.11373877,22952201989.0,100000000000.0,100000000000.0,2026-05-24,3403749915.94,2.8296
69,Filecoin,FIL,filecoin,0.974437526807386,0.10664197,0.33456838,0.36907294,762987326.5318213,97205371.60982828,783002815.0,1957787634.0,,2026-05-24,1906746724.14,12.7464
70,Flare,FLR,flare,0.008437555396512161,0.05302298,2.27755304,-7.7359626,728103606.3757534,2036176.34185892,86293194196.59515,105887542536.43726,,2026-05-24,893090098.9,0.279
71,Jupiter,JUP,jupiter-ag,0.20727536000602143,-0.09753967,2.33785476,4.80530574,688219065.7914436,28551735.61203533,3320312968.08,6862435229.582892,6864785739.32,2026-05-24,1420118801.33,4.16
72,Arbitrum,ARB,arbitrum,0.10893383224430546,0.0078524,-0.89742002,-8.61207187,681470608.9598486,61561217.24031545,6255821492.0,10000000000.0,,2026-05-24,1087698063.86,9.1576
73,XDC Network,XDC,xdc-network,0.031126351406186817,-0.04501944,-3.2105988,-1.58317986,639716937.5184908,17353017.12025058,20552262267.12,38071281846.3,,2026-05-24,1184101492.98,2.7107
74,Pump.fun,PUMP,pump-fun,0.0017654052958597604,0.26490754,2.70540366,1.65093761,624530241.4845967,56296167.09830828,353760262841.2008,864222066512.4235,1000000000000.0,2026-05-24,1763034158.64,9.0282
75,Dash,DASH,dash,46.01802212155093,0.65303915,1.06203396,12.62168978,584990614.372148,128646608.56573567,12712206.81382106,12712194.09032846,18900000.0,2026-05-24,868281380.08,22.0036
76,VeChain,VET,vechain,0.006751837051630714,-0.1848312,1.6320881,-0.91815478,580556986.9048612,19679460.57015858,85985041177.0,85985041177.0,86712634466.0,2026-05-24,584809135.45,3.3948
77,Humanity,H,humanity-protocol,0.21151792611435943,0.70794176,1.8175768,-11.8016733,576764059.1835428,23833400.10128178,2726785714.0,10000000000.0,10000000000.0,2026-05-24,2113534280.67,4.133
78,Pudgy Penguins,PENGU,pudgy-penguins,0.009049433512564528,-0.17745837,2.14620731,7.75101211,568850974.9902883,147923571.00990716,62860396090.04,76724221264.3,88888888888.0,2026-05-24,802360086.54,26.0434
79,Nexo,NEXO,nexo,0.8805963917540147,-0.10509943,2.39014628,1.21392901,568993694.8763359,7995564.42497495,646145839.5746847,1000000000.0,1000000000.0,2026-05-24,880329884.11,1.4026
80,Midnight,NIGHT,midnight-network,0.03302800240212765,-0.44480086,0.92506445,2.83283404,548509227.3093213,12664866.6393467,16607399401.0,24000000000.0,24000000000.0,2026-05-24,791581722.07,2.3146
81,Bonk,BONK,bonk1,6.070892642595947e-06,-0.02176844,1.59042193,-2.2207604,534206568.23756295,44243407.70584492,87994731530803.89,87994731530803.89,88872433754423.19,2026-05-24,538574298.89,8.303
82,Injective,INJ,injective,5.216211930160222,-0.26852552,-2.0621781,11.05012123,521469685.5324047,171853237.04928845,99970954.5,100000000.0,,2026-05-24,521110841.62,32.9287
83,Virtuals Protocol,VIRTUAL,virtual-protocol,0.7572375224321447,-0.06329447,5.4149781,5.67502134,497494471.5224021,90669729.61481258,656986027.2170838,1000000000.0,1000000000.0,2026-05-24,755084842.12,18.3316
84,OFFICIAL TRUMP,TRUMP,official-trump,2.097233086914197,0.05918026,2.5793687,-3.40310103,497910715.4664516,174201541.2566878,237413150.962186,999999110.619758,999999993.45,2026-05-24,2096368915.25,34.9038
85,TrueUSD,TUSD,trueusd,0.9987630560266055,0.00847626,0.00953538,-0.05544679,493903395.5483305,15580579.19703231,494515083.0,494515083.0,,2026-05-24,493876212.81,3.161
86,Artificial Superintelligence Alliance,FET,artificial-superintelligence-alliance,0.2095163315056606,-1.27252882,3.29237322,7.59765401,473272480.1078598,168479197.1460275,2258881093.9307284,2714384546.672,2719493897.0,2026-05-24,568533908.4,35.6739
87,PancakeSwap,CAKE,pancakeswap,1.4174652788180426,0.03836466,-0.3465762,-3.5821028,461821953.24067974,28797347.11299581,325808300.31037605,338237862.4500047,400000000.0,2026-05-24,566400819.71,6.2515
88,Terra Classic,LUNC,terra-luna,8.186255743230391e-05,0.93530037,-1.06598573,0.66740447,453620165.9377691,37528357.1768324,5541241077312.903,6459159279974.755,6459159279974.755,2026-05-24,528627560.18,8.271
89,Stacks,STX,stacks,0.24683933279678086,0.16167432,1.94060782,4.45681723,447916082.0461172,10267743.64896107,1814605788.19049,1814570813.19049,,2026-05-24,447745306.01,2.2948
90,edgeX,EDGE,edgex,1.2760515897552958,-1.20525946,2.31269906,5.09808331,446618056.41435355,11504345.70086551,350000000.0,1000000000.0,1000000000.0,2026-05-24,1274899722.01,2.5739
91,EURC,EURC,euro-coin,1.1603757589350092,0.01076982,0.02720067,-0.05174545,444995521.68854547,23619245.6767956,383492604.2379251,383492604.2379251,,2026-05-24,444988668.56,5.315
92,币安人生,币安人生,bianrensheng,0.44489962303467917,0.40956995,3.1360704,9.83478873,444899623.0346792,12917572.82269555,1000000000.0,1000000000.0,1000000000.0,2026-05-24,444483604.56,2.8997
93,LayerZero,ZRO,layerzero,1.3314534050766813,-0.56890939,1.89562036,3.17992278,444440403.5130327,25909665.84439989,333800944.0048233,1000000000.0,1000000000.0,2026-05-24,1329136443.43,5.8636
94,Sei,SEI,sei,0.06154866122871395,0.10178878,0.86397298,-1.4824082,436790332.4787409,55259158.17888138,7096666666.0,10000000000.0,10000000000.0,2026-05-24,614643037.95,12.6548
95,Aerodrome Finance,AERO,aerodrome-finance,0.44432057394973223,-0.00865373,3.49967121,5.81124829,418314286.0111089,27753967.73038091,941469539.1945422,1903187204.5348563,,2026-05-24,845770779.36,6.6122
96,Chiliz,CHZ,chiliz,0.03781193429216215,-0.63805147,-7.34875669,-20.04089245,392391398.45795673,137556231.6545405,10377448438.0,10377448438.0,,2026-05-24,390957383.87,35.2104
97,Celestia,TIA,celestia,0.42273983004421073,-0.62567775,0.36211904,6.85778404,388892318.64426136,43006506.9911316,919932996.62251,1168685161.483695,,2026-05-24,493682489.43,11.07
98,Sun [New],SUN,sun-token,0.020020075138792382,0.00115914,-0.75934705,2.36022601,384916693.021584,55068885.30312827,19226535882.262543,19226535882.262543,19900730000.0,2026-05-24,398406381.12,14.3504
99,siren,SIREN,siren-bsc,0.5250412108235989,0.21197648,1.3673942,3.8305517,381593800.1431969,8065179.55962937,726788283.0466105,726788283.0466105,,2026-05-24,381536607.27,2.1126
100,Audiera,BEAT,audiera,1.4117816624466244,-3.11545554,4.63021006,129.223831,376616287.2108234,82347041.56719263,266766666.0,1000000000.0,1000000000.0,2026-05-24,1426083158.51,21.647
101,First Digital USD,FDUSD,first-digital-usd,0.9971196199471704,-0.01299408,-0.0012187,-0.10660294,373069768.213786,197146760.9169974,374147455.080216,374147455.080216,,2026-05-24,373070518.53,52.874
102,Tezos,XTZ,tezos,0.3428144759924211,-0.12001194,0.72375437,-2.08027797,372194527.9297937,12874075.63096932,1085702483.398111,1105688138.417513,,2026-05-24,378427205.62,3.4621
103,DoubleZero,2Z,doublezero,0.10610090637521463,-0.73702315,-3.09749003,16.81032337,368320543.1567816,12182602.04062902,3471417500.0,9998414364.3,10000000000.0,2026-05-24,1056377948.93,3.3301
104,Kite,KITE,kite,0.20434281068464968,0.34027237,4.97201,-4.74651188,367817059.2323694,68129144.22319154,1800000000.0,10000000000.0,10000000000.0,2026-05-24,2045711895.58,18.5046
105,Curve DAO Token,CRV,curve-dao-token,0.23176394178503384,-0.38253725,1.01428896,-2.66622958,349779713.71670884,34626226.05889106,1509206786.1062582,2383490686.749949,3030303030.299,2026-05-24,701395667.05,9.9164
106,Immutable,IMX,immutable-x,0.1687599018002651,-0.07469658,-0.35319491,-5.74018262,337519803.6005302,21686373.81935817,2000000000.0,2000000000.0,2000000000.0,2026-05-24,336963825.47,6.4339
107,SPX6900,SPX,spx6900,0.35840592795572335,-0.17082587,-1.09594473,-4.13406307,333673442.3669047,7401699.36737013,930993090.07,930993090.07,1000000000.0,2026-05-24,357774042.82,2.2427
108,Kaia,KAIA,kaia,0.05227130234586442,-0.09641386,0.74846716,4.96776909,330637286.003638,8404854.06953318,6325407463.84899,6325407463.84899,,2026-05-24,330352535.08,2.5473
109,ether.fi,ETHFI,ether-fi-ethfi,0.3737363814110767,-0.31359004,1.58923084,-3.45604719,329136827.2740445,26744767.74776819,880665741.0,1000000000.0,1000000000.0,2026-05-24,373104701.36,8.1425
110,Pyth Network,PYTH,pyth-network,0.041729732344612594,0.02506109,3.78429057,-6.34649527,328620892.40918833,12390883.80273758,7874982031.884853,9999982031.884853,10000000000.0,2026-05-24,416829753.9,3.7756
111,BitTorrent [New],BTT,bittorrent-new,3.2230141478462146e-07,-0.13583401,0.75715943,0.50514191,318123707.05247116,8452768.51206631,987037885840674.8,987037885840674.8,,2026-05-24,318250690.35,2.6568
112,Pendle,PENDLE,pendle,1.8577378389635901,-0.16461251,-0.26191902,-1.42669201,316692650.252076,44631817.75279611,170472196.6737541,281527448.45853144,,2026-05-24,522120249.52,14.123
113,SKYAI,SKYAI,skyai,0.31385397144680005,1.40687086,4.37888113,-2.52906751,313853971.44680005,54112284.40180658,1000000000.0,1000000000.0,1000000000.0,2026-05-24,314669732.84,16.9968
114,Lighter,LIT,lighter,1.2531420011997827,0.83193877,6.88491738,45.71555834,313285500.29994565,67143663.5566574,250000000.0,1000000000.0,1000000000.0,2026-05-24,1243111106.12,21.6501
115,Gnosis,GNO,gnosis-gno,118.6381775620237,0.45575424,2.08205528,-2.01282406,313146551.1428411,1659325.90276997,2639509.11568183,2999934.74577209,,2026-05-24,355677766.34,0.532
116,Monad,MON,monad,0.026087064303862553,1.0274061,0.55676398,-5.78935495,308483839.75878483,50218997.05921004,11825165000.0,100682925000.0,,2026-05-24,2620582862.74,16.3208
117,Zebec Network,ZBCN,zebec-network,0.003010101005520098,-0.40163408,3.44679111,-5.02569133,301006421.2984497,6795519.96495794,99998777697.64093,99998777697.64093,100000000000.0,2026-05-24,300748819.38,2.2511
118,Lido DAO,LDO,lido-dao,0.3492992803261394,0.14825814,1.82072522,-1.15892746,296573237.28869295,36073354.02551083,849051956.2816839,1000000000.0,,2026-05-24,348281784.49,12.2152
119,Conflux,CFX,conflux-network,0.05659238304019078,0.33633576,0.41162249,-13.16112196,294905039.80034494,15287734.79158903,5211037668.99,5211037668.99,,2026-05-24,294364981.39,5.1948
120,Bitcoin SV,BSV,bitcoin-sv,14.602292696469398,-0.10659591,-2.02276625,-6.42487252,292522846.94675106,10746447.18486852,20032665.625,20032665.625,,2026-05-24,292509888.59,3.6715
121,Decred,DCR,decred,16.668421312764888,-0.69245246,-0.0901397,-2.13023037,290577094.7712277,2307655.39701598,17432790.383616,17432790.383616,21000000.0,2026-05-24,349763786.19,0.797
122,The Graph,GRT,the-graph,0.026647890726112317,0.52539201,0.4815815,4.50093633,288755678.2215003,30040135.09870803,10835967513.877113,11546392513.876905,,2026-05-24,307492552.28,10.3762
123,Telcoin,TEL,telcoin,0.0029957070381673332,-0.12829508,1.82852574,1.1508713,287810296.65228,935252.60628054,96074246575.31,100000000000.0,100000000000.0,2026-05-24,299462593.5,0.325
124,FLOKI,FLOKI,floki-inu,2.9790720666419526e-05,0.31272914,2.49539462,-5.81520795,284091135.39233744,24741103.49350623,9536229034988.352,9649694837129.393,,2026-05-24,287046553.15,8.7128
125,AINFT,NFT,apenft,2.7927028412309084e-07,0.39265582,-0.94294265,-1.90323163,276507070.26418877,10388119.22466422,990105592982874.8,990105592982874.8,999990000000000.0,2026-05-24,279222226.46,3.7518
126,Optimism,OP,optimism-ethereum,0.12855242538718992,-0.19473446,0.32156128,-3.11161932,276500320.97934324,55691976.66891445,2150875957.0,4294967296.0,4294967296.0,2026-05-24,551051295.8,20.1929
127,JasmyCoin,JASMY,jasmy,0.005571860375619677,0.14966093,1.25851663,-5.57109114,275500634.4737489,10550889.45894159,49444999677.16958,50000000000.0,50000000000.0,2026-05-24,278444332.71,3.8211
128,Nexus,NEX,nexus-labs,4.467880964034804e-06,0.24597994,-4.59022571,82.0317828,268072857.84208825,40677930.0353718,60000000000000.0,100000000000000.0,100000000000000.0,2026-05-24,445039269.8,15.2095
129,BUILDon,B,buildon,0.25594544806808145,-0.41909517,-2.54892984,-34.15663908,255945448.06808144,10724886.32402386,1000000000.0,1000000000.0,,2026-05-24,255848619.97,4.1726
130,Ethereum Name Service,ENS,ethereum-name-service,6.316131072799415,0.06687022,1.73936761,-1.13972624,255226313.1343432,18559593.01852621,40408647.34955898,100000000.0,,2026-05-24,629908455.08,7.3008
131,IOTA,IOTA,iota,0.05725475687274019,0.00969485,-1.59555747,1.8883007,254688996.54163817,14669906.51291081,4448346486.0,4600000000.0,,2026-05-24,262568134.92,5.7828
132,Starknet,STRK,starknet-token,0.04047654914571782,-0.10831077,-0.22979432,-4.48332137,254591433.78936937,21787782.10829248,6289850275.348971,10113100000.0,,2026-05-24,408414296.41,8.5896
133,Akash Network,AKT,akash-network,0.8209841680637312,1.16303224,5.14477761,19.15854117,241428499.9736868,11738007.92610822,294072053.232268,294072053.232268,388539008.0,2026-05-24,316786853.44,4.8951
134,Maple Finance,SYRUP,maple-finance,0.20175828997225434,0.30304473,0.31861725,-6.3979558,240290650.91743502,11602251.89868405,1190982789.1110678,1244677492.5110993,,2026-05-24,250619118.14,4.8364
135,Jito,JTO,jito,0.4993600089181747,1.51412676,-0.12559093,13.67363234,237171361.41892487,29441560.71977359,474950651.2,986523019.5406872,,2026-05-24,492402749.53,12.4135
136,Genius Terminal,GENIUS,genius-terminal,0.6642440461514872,2.9672334,5.35197149,39.96383952,222772214.65654606,62052869.68261494,335377059.0,953973324.288,1000000000.0,2026-05-24,665279390.14,27.7867
137,OriginTrail,TRAC,origintrail,0.4270352775776979,0.17064617,-2.24662451,29.49041241,213517638.78884894,10412692.47915387,500000000.0,500000000.0,500000000.0,2026-05-24,213566032.87,4.8764
138,The Sandbox,SAND,the-sandbox,0.0712850247453333,0.10046333,0.4720035,-2.0864978,209409718.87655586,26045972.01918441,2937639702.3733225,3000000000.0,,2026-05-24,213555438.36,12.4577
139,Raydium,RAY,raydium,0.7653006275283625,-0.33940526,1.06773282,6.96616147,205848995.69967622,16615628.83546055,268977952.317238,554997731.049886,555000000.0,2026-05-24,424120558.19,8.0889
140,Axie Infinity,AXS,axie-infinity,1.181890240735509,-0.07119822,1.13500376,1.54516418,204921832.5607226,17449225.97897016,173384825.00134403,270000000.0,,2026-05-24,318351289.94,8.5387
141,ETHGas,GWEI,eth-gas,0.11690996605438003,-0.26581006,-1.26225436,-21.40094337,204592440.59516504,7385597.19351648,1750000000.0,10000000000.0,10000000000.0,2026-05-24,1168921740.97,3.6118
142,Neo,NEO,neo,2.8882858258175776,-0.09410327,1.06217843,-1.29454537,203736305.74704155,8599106.91706499,70538831.0,100000000.0,,2026-05-24,288323179.08,4.2236
143,Falcon Finance,FF,falcon-finance-ff,0.08686570645120749,0.04153874,-1.30895107,-1.03289387,203265753.09582552,27363623.17433448,2340000000.0,10000000000.0,10000000000.0,2026-05-24,868835058.32,13.4646
144,Compound,COMP,compound,20.208343485673655,0.30564462,2.3706961,-6.61105047,201607148.78936866,35199654.48819562,9976431.21675433,10000000.0,,2026-05-24,201982781.1,17.366
145,Trust Wallet Token,TWT,trust-wallet-token,0.4581769270854933,0.12194188,2.09073569,-8.22318594,196952170.048849,7668954.72044619,429860515.46,999860531.46,999860531.46,2026-05-24,456780712.38,3.9066
146,Pieverse,PIEVERSE,pieverse,0.7547904871590483,-0.13611541,4.85530974,-17.70984178,196700076.58852947,10205926.07433357,260602220.0,1000000000.0,1000000000.0,2026-05-24,755143945.58,5.1947
147,Theta Network,THETA,theta-network,0.19678910250494025,-0.36896957,0.3263382,-2.34019054,196789102.50494024,9709536.23163589,1000000000.0,1000000000.0,1000000000.0,2026-05-24,196601090.69,4.9422
148,dogwifhat,WIF,dogwifhat,0.19278215211687888,-0.00091786,0.74919448,-1.75089974,192558357.09852225,39111655.5255731,998839129.992589,998839129.992589,998840592.989347,2026-05-24,192005534.02,20.3581
149,Onyxcoin,XCN,onyxcoin,0.004795802064220875,0.02511504,1.15933818,0.02505811,183366388.50509197,6369408.33765282,38234769919.52995,48402432357.486084,68892071756.90897,2026-05-24,330240340.84,3.4831
150,Fartcoin,FARTCOIN,fartcoin,0.182560922691911,0.07352369,2.52362386,-5.21087242,182560604.30566183,33985714.27445751,999998256.0,1000000000.0,1000000000.0,2026-05-24,182402615.84,18.6401
151,Story,IP,story-protocol,0.4977364310767089,-0.16581212,3.26152127,0.52509461,176544563.69238153,36401291.76212336,354694880.0,1028221967.0,,2026-05-24,511042346.96,20.6294
152,Decentraland,MANA,decentraland,0.08706394862978842,-0.14354725,0.86148309,-2.65916241,172901128.48404673,13857947.17416007,1985909566.5331404,2193179327.320146,,2026-05-24,190673590.17,8.0209
153,DeepBook Protocol,DEEP,deepbook-protocol,0.0327556206087998,-0.20681896,1.74899159,-0.24365749,170144799.44088718,6785007.17376669,5194369585.38889,10000000000.0,10000000000.0,2026-05-24,326989259.25,3.9969
154,Centrifuge,CFG,centrifuge,0.29452821520166966,0.15245462,4.78951848,14.06909365,169988768.1014132,25086207.58137039,577156141.0,680000000.0,,2026-05-24,199779095.96,14.788
155,EigenCloud,EIGEN,eigencloud,0.22526089865107088,0.42296834,10.25104316,17.41561196,167500746.18993244,31818312.32358471,743585536.5621669,1822609778.156796,,2026-05-24,408947298.32,19.0457
156,Convex Finance,CVX,convex-finance,1.7051973967679588,-0.03767452,2.94443595,-0.57895203,166677560.5537652,8379728.30247274,97746783.37516046,99969516.4891803,,2026-05-24,170244260.68,5.0389
157,Tagger,TAG,tagger,0.001497312318649034,1.62268396,-0.02635452,33.09659522,162315501.94287968,11141114.04682683,108404572594.0,405380800000.0,,2026-05-24,606069965.03,6.8509
158,MX Token,MX,mx-token,1.767013894451435,-0.08925807,-0.00129868,-0.72072609,162277845.2073772,6446049.03283008,91837334.0,409024834.0,413787834.0,2026-05-24,730093400.4,3.9806
159,Vision,VSN,vision-token,0.04426753174146084,0.04135511,-1.46261316,-5.78001825,160682954.2777869,4124219.30320778,3629815080.18645,4132468603.0207043,4200000000.0,2026-05-24,185848732.14,2.5726
160,Gala,GALA,gala,0.0032671985186065013,0.04945113,-0.09987953,-3.36925943,156309354.46510237,19114537.67985032,47842013142.12463,47842013142.12463,50000000000.0,2026-05-24,163040853.89,12.2551
161,THORChain,RUNE,thorchain,0.4428120141084319,0.26753947,2.38513925,-0.13515614,155043295.54436186,4416223.41352436,350133444.0,360099464.0,360130877.0,2026-05-24,159147340.05,2.8523
162,Walrus,WAL,walrus-xyz,0.06523746039418891,0.32924342,0.66086325,-9.16497781,153280849.62943387,7185231.40747495,2349583333.0,5000000000.0,5000000000.0,2026-05-24,325300474.46,4.7024
163,Basic Attention Token,BAT,basic-attention-token,0.10091355608157877,-0.10007997,2.39264284,2.77247204,150938894.05198693,8970049.91330908,1495724656.9526057,1500000000.0,1500000000.0,2026-05-24,150976352.85,5.9607
164,Plasma,XPL,plasma-xpl,0.0836771586266083,0.11177575,1.23352387,-3.0057736,150618885.52789494,72265818.25450388,1800000000.0,10000000000.0,,2026-05-24,834689225.68,47.9926
165,Helium,HNT,helium,0.7991208043231802,-0.10439524,1.97523841,-2.89430215,148893337.63371038,2688682.47388605,186321438.2959488,186321438.2959488,223000000.0,2026-05-24,178158295.94,1.8041
166,ZKsync,ZK,zksync,0.01492079967394492,0.11003154,0.15805664,-4.97879486,146566716.23814026,15720493.62134297,9822979963.606026,14673669819.84579,21000000000.0,2026-05-24,312363354.35,10.7757
167,RaveDAO,RAVE,ravedao,0.5751334724828409,0.08540489,1.78082636,-3.20925162,145210018.3315449,15451350.37418603,252480555.0,1000000000.0,1000000000.0,2026-05-24,574253106.23,10.6656
168,eCash,XEC,ecash,7.178192927042071e-06,0.09753525,-0.07401028,-3.96622601,143796779.57829884,4312328.78438313,20032448422580.0,20032448422580.0,21000000000000.0,2026-05-24,150150107.01,3.0027
169,SafePal,SFP,safepal,0.2829765382620005,-0.1252496,0.80846689,-1.26042837,141488269.13100025,4052838.99941324,500000000.0,500000000.0,500000000.0,2026-05-24,141332539.07,2.8668
170,Golem,GLM,golem-network-tokens,0.14004903392272972,0.28070277,0.51577935,3.17627127,140049033.92272973,6936582.89489046,1000000000.0,1000000000.0,1000000000.0,2026-05-24,139506854.9,4.9737
171,ApeCoin,APE,apecoin-ape,0.13939397082992455,0.02414526,0.62129265,-4.62200605,139393970.82992455,18599144.09539357,1000000000.0,1000000000.0,1000000000.0,2026-05-24,138941893.94,13.3771
172,Cheems (cheems.pet),CHEEMS,cheems-pet,7.364110855548177e-07,-0.70932636,1.69048533,19.79407642,138073422.09508914,4054044.68586227,187495034775398.0,203672952644644.2,203672960023058.0,2026-05-24,149916704.43,2.9361
173,Arweave,AR,arweave,2.0799463627372337,0.15279394,0.33401996,-2.48652727,136553607.8614299,13893940.73329194,65652466.0,65652466.0,66000000.0,2026-05-24,136975716.02,10.2277
174,AB,AB,newton,0.0013796329068531583,0.22898002,-1.48916355,-4.29698349,136340375.05201992,2605202.29819719,98823661261.46,98823661261.46,98823661261.46,2026-05-24,136352666.55,1.9087
175,Sonic,S,sonic,0.04664885591021832,0.3621409,0.93012433,2.75136352,134348705.02142876,12561057.69054115,2880000000.0,3222625000.0,,2026-05-24,150144304.52,9.3753
176,Fluid,FLUID,instadapp,1.712148125189668,-0.15463273,1.96392841,6.55286174,133456804.47012107,2869000.38820587,77946996.82034639,100000000.0,,2026-05-24,170913626.98,2.1548
177,Grass,GRASS,grass,0.5421444087775594,-0.55140784,30.29972648,79.19277042,132231781.35803182,58404040.90836053,243905091.0,1000000000.0,,2026-05-24,534297557.2,44.8075
178,Vaulta,A,vaulta,0.08014718663059667,0.02478888,0.79082975,-4.96144514,131702614.95269112,10781815.72720234,1643259364.2958,2100000000.0,2100000000.0,2026-05-24,167972927.95,8.2216
179,River,RIVER,river,6.630480179909975,-0.37271732,-4.88450292,-9.65617475,129957411.5262355,13113982.73239252,19600000.0,100000000.0,100000000.0,2026-05-24,662482462.83,10.0844
180,1inch,1INCH,1inch,0.09149762700776268,-0.04719732,1.22337028,-1.75157915,128663295.87268694,8871785.57062895,1406192707.7275033,1500000000.0,1500000000.0,2026-05-24,137117632.77,6.9108
181,Aethir,ATH,aethir,0.0063877663842859525,0.12710422,3.34667533,7.57565578,128577845.82437071,15834858.74654928,20128764593.0,42000000000.0,42000000000.0,2026-05-24,267030437.88,12.3847
182,WEMIX,WEMIX,wemix,0.2770622246878873,-0.10669032,0.18836025,-0.42399975,128079727.14157511,1201696.46696945,462277841.3255647,552473209.5478008,590000000.0,2026-05-24,163234913.33,0.9396
183,dYdX,DYDX,dydx-chain,0.14851758965660355,-0.43963795,-3.01924909,5.41180709,124698835.54609881,10354869.15549535,839623345.8570294,958342962.317931,1000000000.0,2026-05-24,148358008.15,8.2959
184,KAITO,KAITO,kaito,0.514041084206999,1.83003541,6.15059866,17.4682038,124083806.21708293,28047961.77662924,241388889.0,1000000000.0,1000000000.0,2026-05-24,513814026.17,22.766
185,MultiversX,EGLD,multiversx-egld,4.011782539577263,-0.56302587,1.90040427,0.21432146,120314892.94761118,5095746.17617834,29990382.51965901,29995538.0,,2026-05-24,120069147.79,4.2867
186,Sentient,SENT,sentient,0.016256665825040605,-0.26794493,0.60973779,5.73084954,117663778.34807584,14706827.6417867,7237878887.0,34359738368.0,,2026-05-24,557552252.41,12.5206
187,Safe,SAFE,safe1,0.15889839909767173,5.02802496,10.47255952,15.58473758,117649325.22213955,3424442.8219743,740405982.0,1000000000.0,1000000000.0,2026-05-24,158345642.72,2.9546
188,Banana For Scale,BANANAS31,banana-for-scale,0.011316536521136103,0.11378232,0.60714319,14.16400132,113165365.21136104,28066392.95281463,10000000000.0,10000000000.0,10000000000.0,2026-05-24,113001760.12,24.7043
189,Stargate Finance,STG,stargate-finance,0.1710663647849174,0.67050391,0.9461158,-14.09927726,113066548.33657728,6536170.64983722,660951371.0,1000000000.0,1000000000.0,2026-05-24,170909807.09,5.777
190,Horizen,ZEN,horizen,6.19622419356955,0.19702868,2.29043073,5.1434529,112159916.68221769,17350828.75880942,18101332.87278685,21000000.0,21000000.0,2026-05-24,129855590.04,15.5107
191,Sahara AI,SAHARA,sahara-ai,0.03388626447853448,-0.34348578,1.31359093,-7.63346419,110956337.25190134,157444326.0981138,3274375000.0,10000000000.0,10000000000.0,2026-05-24,337072680.97,141.7238
192,Livepeer,LPT,livepeer,2.182252598131941,-0.23482529,2.91221933,4.80553863,108433850.16646373,22257516.82597493,49688954.55058027,49688954.55058027,,2026-05-24,108512085.49,20.4746
193,FTX Token,FTT,ftx-token,0.32863371527290447,1.01739618,1.69144462,-3.16769829,108086019.90120183,2095323.83610664,328895103.813207,328895103.813207,352170015.0,2026-05-24,115273288.46,1.9457
194,Synthetix,SNX,synthetix,0.30737041442128704,0.13046711,0.66504132,-2.99269974,105894097.75999798,6056238.95631097,344516234.45728827,344939867.55566317,339889850.089,2026-05-24,104339931.77,5.712
195,Reserve Rights,RSR,reserve-rights,0.0016812408245624408,-0.20567085,-1.79400792,-7.78435852,105166949.98775075,7178988.47520251,62553174091.0,100000000000.0,100000000000.0,2026-05-24,167994648.49,6.8424
196,0G,0G,zero-gravity,0.485841154308725,0.53257538,1.24015452,-3.00707037,103602710.13772744,10489103.84622869,213243998.0,1000000000.0,,2026-05-24,484872292.94,10.1613
197,Gas,GAS,gas,1.5586966779699842,0.16927383,0.52120193,-0.73546191,101303330.42322563,3299755.90336051,64992331.0,64992331.0,,2026-05-24,101087021.23,3.2735
198,Berachain,BERA,berachain,0.38713630520530834,-0.6884928,1.84465228,5.06768341,101307283.19234768,25835336.39556805,261683757.9689712,540604591.3023045,,2026-05-24,208013844.46,25.7396
199,Beam,BEAM,onbeam,0.001939607182953047,0.05592057,7.71009521,8.92171405,99502206.7057231,6176828.5173988,51300184687.0,58470184687.0,58470184687.0,2026-05-24,113121570.36,6.2454
200,Qtum,QTUM,qtum,0.9242795495013043,-0.12429755,0.23290316,1.35692217,98001953.79002419,10963858.15871502,106030641.75,107822406.0,107822406.0,2026-05-24,99535700.45,11.2203
201,Rain,RAIN,rain,0.007589074744472485,0.07374607,3.47570692,1.00851958,3635915841.716924,28233888.73687828,479098699662.32043,1149896727814.6335,1149896848489.033,2026-05-24,8727256043.38,0.7773
202,BOBO,BOBO,bobo-coin,3.944487700812396e-05,0.91036736,63.43189387,9886.45803031,2608665021.952508,102390122.93155403,66134444313649.0,66484444313649.0,69000000000000.0,2026-05-24,2743140608.61,3.8963
203,Ondo US Dollar Yield,USDY,ondo-us-dollar-yield,1.134705763234433,-2.143e-05,-1.17535947,0.09872993,2143162705.5552506,24112.42224017,1888738715.3531783,1888738715.3531783,,2026-05-24,2143183233.77,0.0011
204,HTX,HTX,htx,2.004641966913946e-06,0.10776917,-0.04405152,2.47823514,1815619593.1574924,39649578.96599561,905707664073577.8,999990000000000.0,999990000000000.0,2026-05-24,2003771143.22,2.1854
205,Falcon USD,USDf,falcon-finance,0.9963021756194744,-0.11221307,-0.0816301,-0.16141382,1614200880.6457338,1279661.89858208,1620192066.3698907,1620192066.3698907,,2026-05-24,1614149906.09,0.0805
206,LAB,LAB,lab,4.27835528938789,-1.33371503,-10.13969844,-14.43784089,1326086190.5136008,25869452.92440589,309952330.0,1000000000.0,1000000000.0,2026-05-24,4263466410.31,1.9565
207,c8ntinuum,CTM,c8ntinuum,0.20961945129095233,-0.44615125,5.12336449,-0.28679699,934561187.0850246,3442103.56721183,4458370544.0,8888886405.0,8888888888.0,2026-05-24,1872259032.75,0.3687
208,Jupiter Perps LP,JLP,jupiter-perps-lp,3.890994314759483,-0.01479604,1.05312487,-0.65619136,907960696.3012416,9490184.18930724,233349273.438187,233349273.438187,,2026-05-24,906541086.35,1.0503
209,Beldex,BDX,beldex,0.07873860200896607,-0.00961338,-1.69206429,0.21901536,609299340.3114974,10608946.08346195,7738254487.196962,9937874480.946962,,2026-05-24,782450219.39,1.7381
210,GHO,GHO,gho,0.9988330276875028,-0.00067855,-0.02079962,0.06532737,583318488.1695017,740643.16129263,584000000.0,584000000.0,,2026-05-24,583304272.56,0.1384
211,Usual USD,USD0,usual-usd,0.998613945943288,0.00920393,0.00407757,0.04159711,561866250.3044792,2387.73610067,562646108.2252781,562646108.2252781,,2026-05-24,561866250.3,0.0004
212,USDai,USDAI,usdai,0.9995373715644963,0.0,-0.0102454,-0.01606472,501119186.7129406,0.0,501351126.0,501351126.0,,2026-05-24,501119186.71,
213,Solstice USX,USX,solstice-usx,0.9995474599528822,-0.01567841,-0.02655778,-0.01377426,401231615.41942793,187334.43797323,401413271.0,359692577.0,,2026-05-24,359513212.14,0.0252
214,Unibase,UB,unibase,0.13561526834491425,-1.48905976,19.58002515,-14.78837914,339038170.8622856,31746147.84236054,2500000000.0,10000000000.0,10000000000.0,2026-05-24,1351455085.43,9.4107
215,USDGO,USDGO,usdgo,0.999827747842768,0.01201919,-0.00865314,-0.00120238,333499499.03495187,8663158.68460593,333556954.94,333556954.94,,2026-05-24,333507494.28,2.5742
216,Yooldo,ESPORTS,yooldo,0.7181192306023885,-0.87969327,-2.09241592,2.01081016,330262232.7329765,4749131.55910719,459898883.99999917,899999999.9999992,900000000.0,2026-05-24,647895073.22,1.4344
217,Ducky,DUCKY,ducky,0.0007671314467376096,-0.1346012,1.61072779,-1.67660656,317899934.7638318,239300.88183954,414400864566.0,420690000000.0,420690000000.0,2026-05-24,322724528.33,0.0753
218,Legacy Frax Dollar,FRAX,frax,0.992530761974447,0.0404464,0.07494022,-0.05110429,273787311.9995975,1738510.98869477,275847684.0102677,275847684.0102677,,2026-05-24,273789004.77,0.2048
219,Block Street,BSB,block-street,1.2050419641660854,-2.59585853,5.17784528,160.81521028,250347468.05550423,164199450.9566683,207750000.0,1000000000.0,1000000000.0,2026-05-24,1225791409.31,64.474
220,Ape and Pepe,APEPE,ape-and-pepe,1.1304308080191986e-06,0.35596447,-0.40062877,-4.89311772,237390469.6840317,30944565.03421689,210000000000000.0,210000000000000.0,210000000000000.0,2026-05-24,237271312.86,13.0887
221,Billions Network,BILL,billions-network,0.0963469815921343,0.67849151,1.27466676,-30.09782797,233949205.39819077,1155375067.7543018,2428194444.0,10000000000.0,10000000000.0,2026-05-24,963758301.6,495.5901
222,Circle tokenized stock (xStock),CRCLX,circle-tokenized-stock-xstock,115.15285053533225,0.24448974,2.27791704,4.18380851,201351175.00907877,7874660.52808172,1748555.71592905,1748555.71592905,,2026-05-24,201077511.86,3.917
223,SwissBorg,BORG,swissborg,0.17820915276907648,0.2750728,1.57135493,-1.50734885,175046375.75115404,304397.83288491,982252443.442,982252443.442,982602443.0,2026-05-24,174926419.67,0.1736
224,WeFi,WFI,wfi,2.0773552027302684,-0.05253131,0.65797167,-1.0407018,174011433.0681678,2025412.2824536,83765854.21668115,1000000000.0,1000000000.0,2026-05-24,2076936558.93,1.1646
225,Zano,ZANO,zano,11.250964678518459,0.0773174,3.46375523,2.34321089,172107144.7223741,1388883.67925051,15297101.15,15297101.15,,2026-05-24,172205011.19,0.8073
226,SUPERFORTUNE,GUA,superfortune,1.3552390448813803,-0.54336857,-5.48740927,-11.8964377,169404880.61017254,13688513.16561632,125000000.0,1000000000.0,1000000000.0,2026-05-24,1360805404.16,8.0553
227,Circle Internet Group Tokenized Stock (Ondo),CRCLon,circle-internet-group-tokenized-stock-ondo,115.0251060528626,0.10209278,2.305365,4.29958082,165474270.0075306,3132877.92183085,1438592.63152066,1438592.63152066,,2026-05-24,165484281.59,1.8828
228,USAT,USAT,tether-usat,0.9984707225358844,0.00080415,-0.01687466,-0.00287096,159397706.82640558,3115723.41440012,159641843.5,159641843.5,,2026-05-24,159407198.19,1.9574
229,GUSD,GUSD,gusd,0.9968963733408165,-0.00717331,-0.09439637,-0.19254995,148976194.03205162,96072.0229972,149440000.0,320000000.0,,2026-05-24,319017003.73,0.0645
230,Undeads Games,UDS,undeads-games,1.4937901581292168,0.03433288,0.17377704,-2.59745944,148719895.52909556,364639.24958354,99558759.78949305,250000000.0,250000000.0,2026-05-24,373414745.97,0.2449
231,Solstice eUSX,EUSX,solstice-eusx,1.0327949024493666,-0.0035992,0.09527137,0.19215144,144885222.8705331,85934.54008379,140284603.0,140284603.0,,2026-05-24,144885220.49,
232,Xphere,XP,xphere,0.04983447595167904,1.00013226,-4.56416016,-27.35143321,136384174.21348518,1638953.56055233,2736743421.27581,2736743421.27581,5500000000.0,2026-05-24,274089617.73,1.2017
233,Frax USD,FRXUSD,frax-usd,0.9996149154550931,-0.00921044,0.01258637,-0.00504435,133103713.55746256,4025782.61154049,133154989.48599085,133154989.48599085,,2026-05-24,133103713.56,3.0212
234,AUSD,AUSD,agora-finance,0.9996002264848446,-0.00208182,-0.00519081,0.0043985,129170972.06586803,36384154.04246937,129222631.851641,129222631.851641,,2026-05-24,129183031.74,28.1625
235,Ailey,ALE,project-ailey,0.26384832928694846,-0.01454939,0.19314074,-0.16249725,128369541.31835839,113775.91569964,486527777.7777778,1000000000.0,1000000000.0,2026-05-24,263869062.66,0.0886
236,Shuffle,SHFL,shuffle,0.2960535484000957,0.01709699,-0.05134503,-3.03021162,125892105.11906008,427238.18191277,425234238.19573915,956134768.8996149,,2026-05-24,281390120.85,0.4648
237,EUR CoinVertible,EURCV,eur-coinvertible,1.1599165223728498,-0.00137485,0.09797832,-0.02951746,122951594.4364353,17919715.97831516,106000381.98,106000381.98,,2026-05-24,122972200.05,14.6651
238,Strategy PP Variable tokenized stock (xStock),STRCX,strategy-pp-variable-tokenized-stock-xstock,102.84512468125628,0.00894262,0.24544741,-0.37033292,121518728.11460693,58709.2138726,1181570.13753666,1181570.13753666,,2026-05-24,121518728.11,0.0483
239,GoМining,GOMINING,gomining-token,0.2930236203870144,-0.20470481,-0.31891963,-3.20548181,118536236.31309721,9962324.74296336,404527922.2082475,404907866.419548,404907866.419548,2026-05-24,118740674.06,8.3771
240,TROLL (SOL),TROLL,troll-sol,0.11774603193766796,-0.87788824,10.22163339,4.67341657,117601552.3470723,9329334.56405633,998772955.757251,998772955.757251,1000000000.0,2026-05-24,117580198.38,7.9492
241,Aster USDF,USDF,usdf,0.9974071699550715,-0.00880241,-0.03348847,-0.08351833,116730099.72905764,107979.53873977,117033547.82813099,117033547.82813099,,2026-05-24,116730242.77,0.0924
242,TronBank,TBK,tronbank,0.6255744294160673,-0.84660153,3.30950253,2.97499072,115939829.95807904,142061.91855372,185333390.410956,1000000000.0,1000000000.0,2026-05-24,625574035.0,0.1225
243,SoSoValue,SOSO,sosovalue,0.36822843263136323,0.01493967,-0.55590486,-1.30086244,114887840.99859904,3073956.67558139,312001548.0,1000000000.0,1000000000.0,2026-05-24,368526055.77,2.6733
244,48 Club Token,KOGE,bnb48-club-token,32.88927519798643,-0.00085716,1.2835668,1.63718886,111436377.2679115,211920.23111542,3388228.43,3388228.433995,3388228.433995,2026-05-24,111420040.64,0.199
245,Ribbita by Virtuals,TIBBIR,ribbita-by-virtuals,0.10400165688851903,0.05004471,4.61112743,-0.0013244,104001656.88851903,1581963.6146259,1000000000.0,1000000000.0,1000000000.0,2026-05-24,103879075.91,1.5214
246,BitMart Token,BMX,bitmart-token,0.31866307775038183,2.97310079,2.83739464,0.24039055,103336577.80092736,9756337.62632499,324281615.96391135,626297236.4413097,881679315.0,2026-05-24,277657977.53,9.558
247,ViciCoin,VCNT,vicicoin,16.815702053849833,-0.02543876,-0.14674143,-1.12289275,102392689.4050244,97250.97185345,6089111.77642936,9909151.79048795,10000000.0,2026-05-24,168116294.23,0.0952
248,StandX DUSD,DUSD,standx-dusd,0.9979813407316777,-0.00854409,-0.03703379,-0.11918039,100617781.24171804,183181.58830569,100821305.10371,100821305.10371,,2026-05-24,100633992.03,0.1838
249,MNEE,MNEE,mnee,0.9986513097457778,0.0,0.0,-0.09826168,100209951.51271485,0.0,100345286.2223,100345286.2223,,2026-05-24,100209951.51,
250,Rollbit Coin,RLB,rollbit-coin,0.0589509385738166,0.32984608,-0.77527894,-7.9168848,98624662.54649879,137343.68873748,1672995628.7804298,1672995628.7804298,,2026-05-24,98624608.77,0.1367
251,Comedian,BAN,comedian,0.09848661240825983,-0.58657075,21.37120089,32.28197604,98482856.03037597,9404780.72651149,999961859.0,999961859.0,999961859.0,2026-05-24,98519008.12,9.5252
252,Smilek to the Bank,SMILEK,bscbet-online,4.9933102642063277e-05,-0.02903904,-0.00352974,-0.08978816,97814007.79479235,282321.29813627,1958901062006.0,2008932945814.0,2008932945814.0,2026-05-24,100312254.98,0.2886
253,Tesla tokenized stock (xStock),TSLAX,tesla-tokenized-stock-xstock,431.5473574418142,-0.12845233,1.90927324,3.14357999,97222425.41272983,48605568.46013223,225287.96373371,225287.96373371,,2026-05-24,97184433.34,50.324
254,USD.AI,CHIP,usd-ai,0.0485371544537196,-0.42040714,2.76821955,-10.00292807,97074308.9074392,29427193.78851353,2000000000.0,10000000000.0,10000000000.0,2026-05-24,485277001.14,30.3255
255,NEXPACE,NXPC,maplestory-universe,0.3467290191255637,-0.56891708,0.35233346,-0.64949428,96894779.53054352,20052332.7629819,279453908.3429133,991676090.3429134,1000000000.0,2026-05-24,346766704.23,20.6536
256,Official Melania Meme,MELANIA,melania-meme,0.0965361430052983,-0.1646453,0.25310658,-1.69303101,96535772.15086684,7028386.82667548,999996158.38773,999996158.387734,,2026-05-24,96446760.0,7.3252
257,RealLink,REAL,reallink,0.06984482896386922,0.11322967,1.705002,-4.58505714,95969711.15765521,7070775.62656447,1374041752.0,3249231475.0,12000000000.0,2026-05-24,837817850.68,7.3727
258,CoW Protocol,COW,cow-protocol,0.16538753281302151,-0.03586955,0.60224556,-3.62493188,95779139.54890946,2882593.49338497,579119465.1727004,1000000000.0,1000000000.0,2026-05-24,165242663.53,3.0531
259,Kamino,KMNO,kamino-finance,0.02034525243239661,-0.37495625,-0.42899206,1.08154925,95079222.68615797,5098360.99737296,4673287933.0,9999958306.117537,10000000000.0,2026-05-24,203107413.73,5.3799
260,AWE,AWE,awe-network,0.04867964848370486,-0.23194741,-0.11506177,-10.74584544,94556336.58537613,4389121.76997293,1942420283.0270672,1942420283.0,1942420283.027067,2026-05-24,94449780.86,4.6577
261,YZY MONEY,YZY,yzy,0.3042634483464662,0.06927802,-0.14631954,1.93427659,91278870.66882955,115440.66744507,299999461.535353,999999461.535408,1000000000.0,2026-05-24,304425039.02,0.1269
262,MegaETH,MEGA,megaeth,0.08019650852653121,0.16555381,-0.99600505,-13.72935618,90605436.95605546,125122800.79886726,1129792788.0,10000000000.0,10000000000.0,2026-05-24,801162883.5,138.1663
263,0x Protocol,ZRX,0x,0.1064094699798313,-0.33656785,-0.75162855,-1.71588194,90277428.59061697,7693981.22085819,848396562.8973439,1000000000.0,1000000000.0,2026-05-24,106208249.17,8.5495
264,Kusama,KSM,kusama,4.924755477801726,-0.24308354,-0.56988759,-2.9355616,89892429.0231234,5669361.15167894,18253176.10758796,18253176.10758796,,2026-05-24,89682862.69,6.3187
265,Tria,TRIA,tria,0.04165345907364095,0.22123128,-0.6781882,-4.19478363,89874419.03942287,28540041.62204383,2157670000.0,10000000000.0,10000000000.0,2026-05-24,416586753.8,31.6554
266,Pharos,PROS,pharos,0.6627038665683297,2.36711609,1.45093428,-9.29320863,89862644.30666551,106770315.6041595,135600000.0,1000000000.0,,2026-05-24,666146343.47,114.8385
267,Ravencoin,RVN,ravencoin,0.0054936032649122776,0.00259472,0.66881207,-2.18206773,89319751.18914159,4933997.05892875,16258864516.050533,16258864516.050533,21000000000.0,2026-05-24,115237928.94,5.5259
268,Yearn,YFI,yearn-finance,2498.976722754212,-0.3213138,1.4067719,-0.56781134,89253322.88921545,14717868.39001402,35715.94808248,36646.35701814,,2026-05-24,91522366.63,16.4752
269,Defi App,HOME,defi-app,0.02312982507761153,0.72718906,2.14224064,36.73060902,88702879.17287152,12209967.77207351,3835000000.01,10000000000.0,10000000000.0,2026-05-24,230803040.3,13.7791
270,Keeta,KTA,keeta,0.16289539608043807,0.3997637,4.33684344,17.3795893,88462125.89680848,2088005.90800801,543060933.7364311,1000000000.0,1000000000.0,2026-05-24,162960414.0,2.354
271,Plume,PLUME,plume,0.015168986831796872,1.58455675,12.67913873,31.3925985,87338137.34955138,16623053.58014412,5757677709.0,10000000000.0,10000000000.0,2026-05-24,151223760.99,19.1477
272,Orca,ORCA,orca,1.433320971358329,0.49564217,-0.02953194,-7.0001146,87144177.99431065,20877740.97947026,60798788.084239,74999556.421378,,2026-05-24,107422201.23,23.9032
273,Four,FORM,binaryx-new,0.22797164479961673,-0.01468692,0.07192741,-8.80765791,87054906.25042343,6574524.95203077,381867255.144574,572301922.0959299,580000000.0,2026-05-24,131896365.53,7.5648
274,Irys,IRYS,irys,0.03357527354672991,-1.12292893,-0.39149936,-29.29863526,86181454.05749676,43668682.53802634,2566813162.0,10000000000.0,,2026-05-24,336156054.39,50.5243
275,SuperVerse,SUPER,superverse,0.13492507618362407,-1.31176779,21.00036357,13.79747743,86373991.13921143,52372071.1298714,640162626.4169173,999998077.4169173,999998077.417,2026-05-24,133432220.38,61.9962
276,AIOZ Network,AIOZ,aioz-network,0.06854564722282605,-0.16738887,3.89562625,1.91119573,86043147.62820928,3169595.04326315,1255267856.0099213,1255267856.0099213,,2026-05-24,86009164.8,3.6847
277,SOON,SOON,soon,0.16677352510128035,0.77426496,7.46507178,4.42612006,85492932.51255396,50421532.1394756,512628922.73,998466231.2532852,,2026-05-24,165955173.51,60.1928
278,ORDI,ORDI,ordi,3.9998826609177542,0.57063972,-0.36413751,-6.24609124,83997535.87927283,25427959.94302034,21000000.0,21000000.0,21000000.0,2026-05-24,83844542.16,30.2191
279,Light,LIGHT,light,0.13127946291485332,-0.22677252,-0.04769725,-5.95446604,82606208.52810296,0.0,629239385.1556249,921547499.1735865,1000000000.0,2026-05-24,131003594.64,
280,Enjin Coin,ENJ,enjin-coin,0.041533213696033924,-0.22897592,-2.17254855,-1.9788633,81671468.95891638,9387767.12274469,1966413424.12459,1991899215.9012096,,2026-05-24,82575702.57,11.5152
281,would,WOULD,wouldmeme,0.08041983887575643,0.56302908,3.48367944,3.04503249,80375816.43672308,110198.65126255,999452592.3,999452789.37,1000000000.0,2026-05-24,80420867.85,0.1372
282,TAC Protocol,TAC,tac-protocol,0.017420416634937635,0.78048559,-3.03292454,-20.29723374,79930463.19610702,3767484.81623062,4588320984.0,10217633686.0,,2026-05-24,177764389.68,4.7257
283,XPR Network,XPR,proton,0.002749524778211828,-0.01842561,2.06080078,1.38012911,79946758.96046458,1636041.77938764,29076573375.148304,32099516995.539402,,2026-05-24,88336954.39,2.0509
284,Zilliqa,ZIL,zilliqa,0.003972925817917254,-0.22607809,0.68888442,0.41155469,79534424.33148566,5083209.85320547,20019106315.249645,20461061726.792976,21000000000.0,2026-05-24,83326265.67,6.4007
285,Theta Fuel,TFUEL,theta-fuel,0.010829445812734642,0.02518834,0.82382444,-1.20605166,79498374.82029863,1771472.17484431,7340945806.0,7340945806.0,,2026-05-24,79448594.54,2.2291
286,Seeker,SKR,solana-mobile-seeker,0.01465082733406109,0.1318653,2.00155683,-2.14417868,78696318.57468124,5067966.82565792,5371459015.950825,10319072320.823545,,2026-05-24,151140971.85,6.4629
287,Impossible Cloud Network,ICNT,impossible-cloud-network,0.310522043823145,-0.30447322,-2.23790593,-4.45782851,78563980.27686228,3217804.97654434,253006129.0,700000000.0,700000000.0,2026-05-24,217361348.92,4.0737
288,Turbo,TURBO,turbo,0.0011379287485550709,0.02482665,-0.173984,-1.913221,78517083.6389206,10332161.14008951,68999999990.0,68999999990.0,69000000000.0,2026-05-24,78235834.45,13.1641
289,MultiBank Group,MBG,multibank-group,0.3067334969134524,-0.14299106,-0.58284305,-4.74710064,76032793.4862933,3396544.79386257,247879003.27608052,977514798.0,1000000000.0,2026-05-24,306695606.68,4.4694
290,Spark,SPK,spark,0.027739215053767162,0.06788593,-2.66681377,-9.49206284,75811142.8467765,16919084.69193552,2732995245.1729836,10000000000.0,10000000000.0,2026-05-24,276805045.25,22.3509
291,Useless Coin,USELESS,theuselesscoin,0.07553311582717721,-0.30098878,11.14942349,30.1178352,75464014.39556743,17599853.22973409,999085150.521688,999085150.521688,1000000000.0,2026-05-24,74879784.81,23.4667
292,Oasis,ROSE,oasis-network,0.009837456806177768,-0.02109586,1.27379684,-1.64455019,75421776.9708156,5275249.21826056,7666796252.0,10000000000.0,10000000000.0,2026-05-24,98049936.27,7.0254
293,lisUSD,lisUSD,lisusd,0.9973340390217504,-6.401e-05,0.08403552,0.01442014,75398126.1396807,0.0,75599671.9149745,75599671.9149745,,2026-05-24,75398126.14,
294,USDsui,USDsui,usdsui,1.0011012701759454,0.01891125,0.05966863,0.09058988,75220227.76703109,2236687.80582866,75137481.1,75137481.1,,2026-05-24,75208920.04,2.9831
295,Creditcoin,CTC,creditcoin,0.13874470045570084,-0.03201284,1.32844488,-5.22293286,75013544.91967508,4078905.34021291,540658812.0,549564264.0,600000000.0,2026-05-24,83109800.84,5.4677
296,Joseon Mun,JSM,joseon-mun,0.00023367759707405576,0.10561437,0.73569004,0.12261022,73951949.14602643,363392.55155833,316470000000.0,2400000000000.0,2400000000000.0,2026-05-24,560717714.23,0.4917
297,Bio Protocol,BIO,bio,0.033769420569009424,-0.33420849,-2.31731942,-15.76537313,73808498.95233627,19995984.69556833,2185660805.21,3311573461.4738073,3320000000.0,2026-05-24,111946354.63,27.0996
298,AMD Tokenised Stock (xStock),AMDx,amd-tokenised-stock-xstock,460.4418785154584,-0.19446445,0.01886382,8.90815046,73773480.39859557,1326.5175144,160223.22,160223.22,,2026-05-24,73985639.25,0.0018
299,Mina,MINA,mina,0.05729915970197366,-0.00515719,0.07791668,-2.83689335,73758309.68259323,4841592.53246133,1287249412.8400393,1287249412.8400393,,2026-05-24,73608407.46,6.5796
300,MetYa,MY,metya,0.07450350383835098,-2.16029337,5.98975292,47.5890611,73343945.57878686,1099542.56502977,984436191.5906668,994243267.9861139,1000000000.0,2026-05-24,73535412.89,1.5212
301,Alphabet tokenized stock (xStock),GOOGLX,alphabet-tokenized-stock-xstock,387.44090260606487,-0.008565,1.14338431,-2.16530599,73406377.849261,7625595.79376443,189464.70895433,189464.70895433,,2026-05-24,73439966.55,10.3862
302,Qubic,QUBIC,qubic,5.313599848040545e-07,-0.04865995,4.35711158,-5.53152781,73272960.36612037,1266180.11347195,137897023602823.0,170404705353880.0,200000000000000.0,2026-05-24,106098815.82,1.7264
303,Cysic,CYS,cysic,0.45522865267230167,-0.20056715,-0.40198714,-6.15359337,73200767.34970611,5762896.24805965,160800000.0,1000000000.0,1000000000.0,2026-05-24,455271398.37,7.861
304,Micron Technology Tokenized Stock (Ondo),MUon,micron-technology-tokenized-stock-ondo,760.9511881302844,0.35949164,2.43611051,7.85415861,73174416.6299448,3445042.80394224,96161.7745939,96161.7745939,,2026-05-24,73369677.27,4.7135
305,Wormhole,W,wormhole,0.012391340880195154,-0.29361668,0.74713005,-3.39758588,72992923.26119375,12628163.51332767,5890639598.0,10000000000.0,10000000000.0,2026-05-24,123545650.99,17.3473
306,U.S. Dollar Tokenized Currency (Ondo),USDon,us-dollar-tokenized-currency-ondo,0.9990104194410553,0.0,0.00961831,1.78716951,72924557.41538325,0.0,72996793.62321807,72996793.62321807,,2026-05-24,72924557.42,
307,ZetaChain,ZETA,zetachain,0.051516168828834134,-0.29361998,0.91430571,0.60816364,72768734.99493481,2656108.86182092,1412541667.0,2100000000.0,2100000000.0,2026-05-24,107766223.42,3.6678
308,Brett (Based),BRETT,based-brett,0.0072249153392066655,0.00021791,-0.60345955,-8.47854017,72249135.65289924,12837733.85572331,9999997544.723145,9999997544.723145,9999997544.723145,2026-05-24,71955544.79,17.8617
309,GMX,GMX,gmx,6.941324598504596,0.25296264,0.74895668,2.94111814,72186355.61542308,3953638.30734292,10399507.26853698,10399507.26853698,13250000.0,2026-05-24,91837442.92,5.4989
310,WhiteRock,WHITE,whiterock,0.00011050242129477484,-0.16734891,-1.77756418,-9.99986193,71826573.84160365,63950.28781259,650000000000.0,1000000000000.0,1000000000000.0,2026-05-24,110990440.12,0.0882
311,Huma Finance,HUMA,huma-finance,0.024710232915476915,4.70962326,5.70067572,5.56273134,71635269.97327012,14187883.01787863,2899012333.0,9999996263.3344,10000000000.0,2026-05-24,247058811.22,20.038
312,Dog (Bitcoin),DOG,dog-go-to-the-moon-rune,0.0007160936282481434,-0.80397181,1.49394911,-6.88169498,71609362.82481433,1000442.65973922,100000000000.0,100000000000.0,100000000000.0,2026-05-24,71582797.37,1.3943
313,Baby Doge Coin,BabyDoge,baby-doge-coin,3.98998845047578e-10,0.06692387,1.29378022,-3.40809869,71495016.40023822,3930104.04623972,1.7918602343751872e+17,2.026150676904291e+17,,2026-05-24,80716281.22,5.5002
314,Lombard,BARD,lombard,0.22157594351330348,0.23251315,-0.75177729,-11.85518458,71458241.78304037,7010285.6159265,322500000.0,1000000000.0,1000000000.0,2026-05-24,221329594.09,9.8044
315,Meteora,MET,meteora,0.13784263849529768,0.20136274,-0.47519544,-7.68516101,71469248.10866098,9120606.36071689,518484330.311909,997734181.901114,1000000000.0,2026-05-24,137694382.72,12.5048
316,Amp,AMP,amp,0.0008217446915242983,0.14487273,-0.40489376,-3.31364686,71311980.69681516,3894779.87370407,86781188162.63327,99720178909.70996,100000000000.0,2026-05-24,82132751.98,5.4592
317,SP500 tokenized ETF (xStock),SPYX,sp500-tokenized-stock-xstock,757.3870287962785,-0.01965802,1.38839892,2.13978282,69592986.04356569,3531788.23617906,91885.63230898,91885.63230898,,2026-05-24,69505626.09,5.1787
318,Holo,HOT,holo,0.000394686770484966,-0.08888166,0.29977598,-2.22598036,69515992.77731611,4021979.7630801,176129523398.7683,177619433541.14133,,2026-05-24,69978310.48,5.7954
319,Zama,ZAMA,zama,0.03162740952837306,1.11244377,3.1674533,18.6762304,69580300.96242073,17245056.40367366,2200000000.0,11000000000.0,,2026-05-24,347295195.82,24.7809
320,Velo,VELO,velo,0.003951423888257311,0.46480413,4.56039811,6.89316338,69402319.651203,2522388.14762115,17563876115.0,23999804349.0,24000000000.0,2026-05-24,94768656.01,3.6465
321,Nervos Network,CKB,nervos-network,0.0014173423843994097,0.00539839,-0.04910378,-3.86819679,69196394.99985602,4230822.2932241,48821227504.02161,49625494415.90297,,2026-05-24,70156058.92,6.1336
322,Targon,SN4,targon,15.624018728925398,0.11196839,4.84920077,10.18435694,68974605.52968797,692804.67913757,4414652.0,4414652.0,21000000.0,2026-05-24,327270556.47,1.0061
323,Axelar,AXL,axelar,0.05877228000681576,0.26715146,-1.17724467,-2.91263547,69036552.67220591,6793857.12695903,1174644792.820694,1241722137.105431,,2026-05-24,72738150.29,9.8659
324,ZIGChain,ZIG,zigcoin,0.048959338737228214,0.51042095,0.10131222,12.79737662,68980809.6548378,2827271.4731963,1408940795.2396517,2000000000.0,1953940796.0,2026-05-24,95576785.08,4.1011
325,Astar,ASTR,astar,0.007914713827573451,-0.2624687,0.64592163,-5.16970659,68839443.94836287,2366781.27346693,8697654198.0,8698432402.0,10000000000.0,2026-05-24,78959233.36,3.4811
326,Ronin,RON,ronin,0.08856352106192424,0.85462439,-4.30124436,-4.24626657,68406612.40479934,6076699.46130528,772401679.4337813,1000000000.0,1000000000.0,2026-05-24,88514277.7,8.9086
327,Toshi,TOSHI,toshithecat,0.0001620593980213689,0.13542954,-0.50477171,-8.74200019,68173458.15556173,9868485.37968512,420669575402.054,420690000000.0,420690000000.0,2026-05-24,67906171.96,14.5078
328,iShares Core S&P 500 Tokenized ETF (Ondo),IVVon,ishares-core-sp-500-tokenized-etf-ondo,756.9594945949638,0.24015838,0.21736623,0.80926234,67911691.61361453,2249924.04704066,89716.41428443,89716.41428443,,2026-05-24,67904915.37,3.3119
329,peaq,PEAQ,peaq,0.03105724008122799,-2.12464193,-4.45995595,31.6371157,66242061.31492788,15822220.79232723,2132902380.948098,4409066604.786975,5667620228.64,2026-05-24,177969675.46,23.6221
330,Dohrnii,DHN,dohrnii,3.933742858103536,0.1069847,0.72134448,0.12418109,67168824.51931792,417999.14544224,17075042.0,372000000.0,372000000.0,2026-05-24,1462837331.99,0.6225
331,Alchemy Pay,ACH,alchemy-pay,0.006666234949517478,-0.4953257,-1.68063294,-7.56227353,66662349.4951747,6651718.70177491,9999999999.999989,15346246087.999989,15346246087.999989,2026-05-24,102060972.62,10.0613
332,MindWaveDAO,NILA,mindwavedao,0.07894389190940475,-0.02687919,0.22773219,0.4037388,66531241.94646552,226301.8852239,842766176.55,1057021569.0,1057021569.0,2026-05-24,83451206.47,0.3406
333,Wibegram,WIBE,wibegram,3.2607842593654413,0.02509236,1.3798755,9.30271962,66473252.28791274,335116.59504376,20385664.0,300000000.0,300000000.0,2026-05-24,978366529.24,0.507
334,MYX Finance,MYX,myx-finance,0.22289917715005989,4.27093755,26.34881355,13.01276005,66305021.07250107,24250990.66913773,297466423.7,1000000000.0,1000000000.0,2026-05-24,222247462.59,36.3851
335,USDH,USDH,hyperliquid-usd,0.9998362486218435,-0.02656871,-0.02234197,-0.03639426,66264568.64383842,10103909.5366308,66275421.33542,69162516.61,,2026-05-24,69154617.37,15.2357
336,Kava,KAVA,kava,0.06091224448489544,0.52333683,0.99294068,2.41124062,65958642.300155975,3589058.73235165,1082847018.0,1082847018.0,,2026-05-24,66047680.87,5.4478
337,DigiByte,DGB,digibyte,0.0036025928008333176,-0.02751755,-0.7949429,-1.67661423,65930183.72065683,1914449.60089512,18300759304.63373,18300759304.63373,21000000000.0,2026-05-24,75611466.35,2.9059
338,Dusk,DUSK,dusk,0.1320290642199738,-1.31653012,-9.18716803,-3.63452966,65618444.82706202,11350516.86018323,496999999.31632507,500000000.0,1000000000.0,2026-05-24,131936697.83,17.367
339,UnifAI Network,UAI,unifai-network,0.27323080714883646,0.53416031,-0.89035451,20.85590965,65302162.908571914,4597480.28761699,239000000.0,1000000000.0,1000000000.0,2026-05-24,271960236.17,7.0738
340,AI Rig Complex,ARC,ai-rig-complex,0.06491397534219602,1.23343187,0.8510502,3.65460303,64913866.22180347,4872992.59228176,999998319.0,999998319.0,999998319.0,2026-05-24,64681411.26,7.5712
341,Numeraire,NMR,numeraire,8.620609282976577,0.04255686,1.75838066,-15.67043777,64599965.43748369,8116909.25888161,7493665.85550415,10634871.00639744,11000000.0,2026-05-24,94482115.48,12.5819
342,Jelly-My-Jelly,JELLYJELLY,jelly-my-jelly,0.06419109185236932,0.11390604,-1.28688536,2.77410412,64191034.01619556,3825738.65339715,999999099.0,999999099.0,,2026-05-24,64319801.82,5.9623
343,Blur,BLUR,blur-token,0.02281976324898929,0.3457693,2.73241636,-2.59135201,64016988.93593839,22465852.52807875,2805330986.0159817,3000000000.0,,2026-05-24,68244464.98,35.1595
344,GEODNET,GEOD,geodnet,0.14565468677259055,0.1643848,0.14597253,7.51706807,63910064.14169596,402770.19324761,438777945.0,976569568.0,1000000000.0,2026-05-24,145720669.97,0.6335
345,Marvell tokenized stock (xStock),MRVLX,marvell-tokenized-stock-xstock,199.92000000000002,0.0,-0.00084033,12.35247836,62903351.79167362,27.5069928,314642.61600477,314642.61600477,,2026-05-24,62903351.79,0.0
346,Movement,MOVE,movement,0.016350790375879148,-0.06189582,1.37575213,-4.57958313,62746158.06743623,14392148.20667203,3837500000.0,10000000000.0,10000000000.0,2026-05-24,163380551.66,22.9546
347,Derive,DRV,derive,0.08491157792455457,0.05832062,5.34832798,7.77818458,62624809.14972653,185927.079351,737529683.0,1500000000.0,1500000000.0,2026-05-24,127425408.45,0.2972
348,OpenServ,SERV,openserv,0.08043835366937832,2.24797524,40.96177406,52.86291111,61937532.3254213,4273231.35208419,770000000.0,1000000000.0,1000000000.0,2026-05-24,81205828.7,6.8991
349,Fidelity Digital Dollar,FIDD,fidelity-digital-dollar,0.9995693365903078,-0.06026802,-0.02356943,0.10094476,62574100.01405005,4831572.67523972,62601060.0,62601060.0,,2026-05-24,62602099.97,7.7233
350,Pirate Chain,ARRR,pirate-chain,0.3179442638102168,1.21989313,-7.74907966,34.0298126,62385051.54515313,126940.59757004,196213797.97055,196213797.97055,,2026-05-24,62457099.38,0.2033
351,Alchemist AI,ALCH,alchemist-ai,0.07336314664264375,-0.48715507,-0.13561874,-8.59243574,62358674.646247186,7346051.32007078,850000000.0,1000000000.0,1000000000.0,2026-05-24,73149794.31,11.8086
352,StraitsX USD,XUSD,straitsx-xusd,0.9997909548003626,-0.00239058,0.0053113,0.00306908,62197386.217393674,7706868.92311156,62210391.001,62210391.001,,2026-05-24,62199744.92,6.1659
353,Quack AI,Q,quack-ai,0.018261935396727477,1.44178126,-4.03343779,-17.36058034,61667242.251221925,4003833.70043783,3376818552.4450297,9999991623.64503,10000000000.0,2026-05-24,182076848.93,6.5144
354,Lumera Health,LUR,lumera-health,4.06421536170398,0.12181016,1.09564404,-2.77412673,61656329.86796472,641400.14048883,15170537.08544481,100000000.0,100000000.0,2026-05-24,406499343.34,1.0416
355,Concordium,CCD,concordium,0.004891081728261339,-0.03797484,1.66069474,-12.62092415,61545335.394957274,124738.00465251,12583174605.188032,14477613423.86568,,2026-05-24,70826415.41,0.2031
356,Quantix Finance,QFI,quantixai,60.90040335755243,0.17905123,-0.10063818,-0.38897244,60900403.35755243,1139955.06572822,1000000.0,10000000.0,10000000.0,2026-05-24,607934721.1,1.8736
357,aelf,ELF,aelf,0.07415128727687209,0.06798614,-0.44888415,-7.8210608,60790606.374870196,1228237.31971027,819818624.9671607,996445575.4954708,,2026-05-24,73859424.65,2.0235
358,Nano,XNO,nano,0.4548107503994669,-0.5633473,6.07415197,5.66162639,60602757.94802103,202471.36179093,133248297.0,133248297.0,133248297.0,2026-05-24,60556044.38,0.3381
359,Aztec,AZTEC,aztec,0.02091202630333296,-0.28361468,-1.34351636,0.0255278,60218262.57826707,8533082.19197279,2879599600.0,10350000000.0,10350000000.0,2026-05-24,215720245.68,14.2548
360,Venus BUSD,vBUSD,venus-busd,0.022303159934150867,0.010002,0.030012,0.030012,60101896.7782369,0.0,2694770470.0,2694770470.0,,2026-05-24,60107907.57,
361,Threshold,T,threshold,0.005363692170676497,-0.63190993,-1.47913642,-5.50420561,59831986.16389632,5921043.86478213,11155000000.0,11155000000.0,11155000000.0,2026-05-24,59607351.58,9.8932
362,KUB Coin,KUB,bitkub-coin,0.8529583023602955,1.23501016,0.0397093,2.08645936,58832607.84264165,312149.61968829,68974776.0,110000000.0,110000000.0,2026-05-24,93837459.46,0.5319
363,SushiSwap,SUSHI,sushiswap,0.2047974905119071,-0.40033043,-0.91760445,-3.75729708,58743095.55484923,10106094.85426505,286835035.9568193,291514753.90092283,,2026-05-24,59594918.8,17.2259
364,Fogo,FOGO,fogo,0.015339225623692257,0.25265754,-4.31128664,-11.25518048,58710104.1017743,5795384.98671907,3827449021.356945,10001449021.35722,,2026-05-24,152830929.54,9.9879
365,NVIDIA Tokenized Stock (Ondo),NVDAon,nvidia-tokenized-stock-ondo,219.80328307005504,-0.07824282,2.63239191,-1.68759308,58409752.42958525,2810941.87218904,265736.48770737,265736.48770737,,2026-05-24,58399425.59,4.8387
366,Eurite,EURI,eurite,1.1603736032228527,0.00598144,0.01457233,-0.11476714,58272370.32115325,8583285.91779644,50218627.99990108,50218627.99990108,,2026-05-24,58268193.11,14.7531
367,Ontology,ONT,ontology,0.0582589462859837,-0.49575982,-1.33568443,0.96877092,58258946.2859837,8572142.48514123,1000000000.0,1000000000.0,1000000000.0,2026-05-24,58196393.15,14.7435
368,Flow,FLOW,flow,0.03499766736509352,0.22782038,1.16366643,-3.81054109,58218221.046928205,4971683.60792114,1663488610.2436285,1663488610.2436285,,2026-05-24,58083703.74,8.5734
369,XYO,XYO,xyo,0.004167377836822057,-2.49543556,-3.48997991,9.25840347,57519596.03842768,10999078.54954014,13802347253.036877,13931216938.0113,13931216938.0,2026-05-24,57896026.03,19.1298
370,Polymesh,POLYX,polymesh,0.05451792736850533,-0.50813971,-2.1051002,-0.49074519,57288147.74454784,4247911.13053299,1050813017.107522,1279180098.821618,,2026-05-24,69634550.59,7.4038
371,Everything,EV,everything,0.0005712485776683972,0.14245096,-15.13666201,-23.61682644,57124857.76683972,4572949.30156333,100000000000.0,100000000000.0,100000000000.0,2026-05-24,57121640.77,7.9308
372,Kinetiq,KNTQ,kinetiq,0.20394591222577158,4.88499487,14.75818569,44.43938326,57104855.423216045,1015531.04138339,280000000.0,1000000000.0,1000000000.0,2026-05-24,202585105.96,1.8483
373,ChainOpera AI,COAI,chainopera-ai,0.3035328580661808,0.64586251,0.99031965,-7.69044419,57064207.06266208,4412406.86360934,188000098.0,1000000000.0,1000000000.0,2026-05-24,302900428.56,7.7313
374,Score,SN44,score,12.82904864713933,0.66755973,9.73129935,11.4597088,55395665.28071521,447597.1138559,4317987.0,4317987.0,21000000.0,2026-05-24,268198028.55,0.8118
375,lium,SN51,celium,14.48250487959559,0.17179814,4.88967858,-3.99421154,55317057.02299596,132397.68836687,3819578.0,3819578.0,21000000.0,2026-05-24,303526999.02,0.2383
376,Moca Network,MOCA,mocaverse,0.013063100194610272,-0.37101211,2.50486013,-0.64629835,55298535.86940864,4136104.67782126,4233186230.3425,8888888888.0,8888888888.0,2026-05-24,115914333.34,7.4959
377,BitDCA,BDCA,bitdca,0.673547951894231,0.12305102,0.73230137,-0.73295687,55215740.7284923,187184.98724837,81977445.8124445,142665333.0,142665333.0,2026-05-24,96112738.95,0.3391
378,Loaded Lions,LION,loaded-lions,0.001789469819552676,-0.54120809,0.97592023,-6.69174735,55196591.49503889,636898.16100859,30845220686.0,100000000000.0,100000000000.0,2026-05-24,180816054.01,1.1414
379,Verge,XVG,verge,0.0033355705208837935,-0.13990401,-0.45685295,2.75615055,55110133.4894184,2851088.23451943,16521951235.741348,16521951235.741348,16521951235.741348,2026-05-24,54864563.96,5.2319
380,OpenLedger,OPEN,openledger,0.18913489391163102,-0.54479315,-4.88574218,16.97354561,54993757.4966034,10504950.74997582,290764736.0,1000000000.0,1000000000.0,2026-05-24,187855173.29,19.0098
381,Babylon,BABY,babylon,0.016008680042166656,-0.45721939,-5.22810546,-14.6033818,54804918.37949351,7606651.62537657,3423450167.98,10793866762.0,,2026-05-24,171781306.02,13.8594
382,RedStone,RED,redstone,0.13791286798494684,1.20400714,3.73062892,6.94219523,54472142.479649246,12515704.56205802,394975054.0,1000000000.0,1000000000.0,2026-05-24,137753795.76,23.1244
383,Mog Coin,MOG,mog-coin,1.3888477668282126e-07,-0.20477138,0.816166,-4.4155519,54243883.688239194,10515510.74063818,390567526433216.7,390567526433216.7,420690000000000.0,2026-05-24,58227104.75,19.36
384,VVS Finance,VVS,vvs-finance,1.244610318868473e-06,-0.05340308,1.64955853,-2.59952299,54203191.691848725,84087.15837387,43550331272463.74,95109375659623.39,100000000000000.0,2026-05-24,124002860.11,0.1304
385,BNB Attestation Service,BAS,bnb-attestation-service,0.021654158712976698,-3.79314751,1.00888316,-2.67043506,54135396.78244174,5802019.41475546,2500000000.0,10000000000.0,10000000000.0,2026-05-24,214606997.61,10.8356
386,Peanut the Squirrel,PNUT,peanut-the-squirrel,0.05395750846260191,0.18910775,-3.14723857,-9.58337982,53948992.85928806,16027015.03159965,999842179.456456,999842179.456456,,2026-05-24,53757145.47,29.7827
387,Succinct,PROVE,succinct,0.27420453787020943,0.37154559,-0.98523612,14.14457082,53469884.884690836,28129835.65193544,195000000.0,1000000000.0,1000000000.0,2026-05-24,272865388.8,52.4576
388,Popcat (SOL),POPCAT,popcat-sol,0.054308775629195595,-0.09021858,0.27913651,-7.02529109,53219179.043961056,10795344.16686076,979937007.0009682,979937007.0009682,979973220.96,2026-05-24,53133213.09,20.2832
389,Request,REQ,request,0.0666698049831536,0.00076408,0.8973846,-1.23607767,53115488.98979426,1401556.65084017,796694830.6390833,999416740.9347085,,2026-05-24,66527947.71,2.6279
390,NVIDIA tokenized stock (xStock),NVDAX,nvidia-tokenized-stock-xstock,219.84154365486287,0.03613666,2.70350812,-1.74801377,53046535.156681865,25406473.40975514,241294.40812134,241294.40812134,,2026-05-24,53048079.91,47.9646
391,VeThor Token,VTHO,vethor-token,0.0005191219818623685,0.12297329,0.11591811,-2.48742238,52034613.42470651,2029541.29230684,100235812088.0,100235812088.0,,2026-05-24,51939068.28,3.9178
392,Paycoin,PCI,payprotocol,0.048735055023767564,-0.08744005,0.15695645,-1.29482256,51955760.68784617,430674.45197882,1066086016.7800754,1900000000.0,1900000000.0,2026-05-24,92617579.69,0.8313
393,Siacoin,SC,siacoin,0.000926378966940493,0.19957972,1.27237588,-0.27692636,51900971.28350358,4427702.13888456,56025636522.075195,62217525676.30304,,2026-05-24,57433759.84,8.5563
394,BankrCoin,BNKR,bankr-coin,0.0005206505521553379,0.96072657,9.11393954,-20.0186126,51700599.82902488,8363396.20766694,99299999999.99966,100000000000.0,100000000000.0,2026-05-24,52832845.57,16.217
395,Waves,WAVES,waves,0.4040754541520027,-0.968878,6.05454252,0.42185374,51666437.17989194,16370992.94592272,127863340.0,127863340.0,,2026-05-24,51664722.0,31.991
396,Avantis,AVNT,avantis,0.15819657322085143,-0.32149999,7.9646042,12.4619462,51126340.949034244,16950416.39651391,323182354.1313942,1000000000.0,1000000000.0,2026-05-24,158336352.22,33.4731
397,Nockchain,NOCK,nockchain,0.02658801787485968,0.54066899,20.16289298,27.26650471,51027431.22452993,1082967.48875096,1919188992.0,4294967296.0,4294967296.0,2026-05-24,113324114.05,2.2286
398,Aleo,ALEO,aleo,0.044864704175477624,0.07092846,0.57320185,-1.18674156,50872657.83814944,3001962.63037522,1133912699.817949,1996145708.057675,5000000000.0,2026-05-24,224712286.69,5.8294
399,Invesco QQQ Tokenized ETF (Ondo),QQQon,invesco-qqq-tokenized-etf-ondo,728.7002145198102,-0.05274005,1.69569138,2.89052557,50730845.450384505,2735762.30082895,69618.2661121,69618.2661121,,2026-05-24,50657295.08,5.3755
400,Playnance,GCOIN,playnance,0.002023556153519508,0.27024115,-1.17128616,32.68451657,50641516.297979206,259748.32201386,25026000000.0,77000000000.0,77000000000.0,2026-05-24,155713439.51,0.5146
401,Magic Eden,ME,magiceden,0.10099183740081029,-0.18764296,8.07245781,-2.42375079,50449020.8230048,189119822.5285501,499535627.050588,999990938.501981,1000000000.0,2026-05-24,100543818.67,375.8144
401,Moo Deng (moodengsol.com),MOODENG,moo-deng-solana,0.05099011597425485,-0.03142881,1.45367595,-2.76569079,50478776.4429991,10462045.24722121,989971791.17,989971791.17,989971791.17,2026-05-24,50281977.79,20.8162
403,Matrixdock Gold,XAUM,matrixdock-gold,4503.945224874398,-0.00556524,0.02866838,-0.50226546,50368326.50138632,1068479.60956348,11183.15698495,11183.15698495,,2026-05-24,50348742.66,2.117
404,ZORA,ZORA,zora,0.011218131977784322,-0.09084715,-1.16586261,-0.39590408,50145049.92947779,20857486.61488438,4469999999.0,10000000000.0,10000000000.0,2026-05-24,111968230.74,41.0806
405,Coinbase tokenized stock (xStock),COINX,coinbase-tokenized-stock-xstock,187.75832007151192,0.15668005,2.0748176,-1.72354132,49977507.37385814,2960860.16054707,266179.98794846,266179.98794846,,2026-05-24,49903256.9,5.8618
406,io.net,IO,io-net,0.1488370135009806,0.16876933,2.4767921,10.7811345,49640673.57581739,29177199.49125682,333523714.35140586,800000000.0,800000000.0,2026-05-24,118699691.96,58.8115
407,Law Blocks (AI),LBT,law-blocks,0.20174540570350155,-0.0433188,-0.60846006,-0.63099842,49427218.485601604,508675.89418633,244997988.0,1000000000.0,,2026-05-24,201981964.91,1.028
408,Linea,LINEA,linea,0.0031923054671531698,-0.02668936,-0.87718292,-8.47068449,49423745.22482869,14511940.31672056,15482147850.0,72009990000.0,72009990000.0,2026-05-24,229141313.85,29.4671
409,Altlayer,ALT,altlayer,0.00801211690370444,-1.20717612,1.11831384,17.37771413,49379636.057435624,86424837.60315059,6163119766.088875,10000000000.0,10000000000.0,2026-05-24,79803457.77,175.6057
410,Collector Crypt,CARDS,collector-crypt,0.12399699119015091,-0.69161058,6.6780612,6.65573212,49321614.55074577,4103770.38945446,397764607.651733,1999705995.515727,2000000000.0,2026-05-24,247429597.78,8.0598
411,MANTRA,MANTRA,mantra-new,0.009664380886577116,1.03966821,4.79774727,-1.27976175,49260689.41750139,12908222.1739191,5097138657.47155,7190344453.847963,10000000000.0,2026-05-24,96218314.27,26.3334
412,Celo,CELO,celo,0.0818050309650671,-0.15621036,1.11061221,-2.26534473,49136864.28652208,7368447.13917694,600658220.0,1000000000.0,1000000000.0,2026-05-24,81617588.84,15.0288
413,Ton Strategy tokenized stock (xStock),TONXX,ton-strategy-tokenized-stock-xstock,3.84,0.0,0.0,13.94658754,48976963.6608,641.5577664,12754417.62,12754417.62,0.0,2026-05-24,48976963.66,0.0013
414,SuperTrust,SUT,supertrust,0.2598256126515794,-0.69304272,-12.03028927,-61.36262459,48952115.09274398,224020.27307105,188403732.0,188403732.0,238403732.0,2026-05-24,61839510.56,0.513
415,Non-Playable Coin,NPC,non-playable-coin,0.006450920567320104,0.10566338,-0.62864551,-13.53079353,48836283.16340217,5266939.96045853,7570436289.481418,8050126520.0,8050126520.0,2026-05-24,51894728.51,10.8042
416,Tellor,TRB,tellor,17.54331874509159,0.04623974,0.61092022,1.6127093,48834125.90171805,26857258.67596568,2783631.0,2858839.0,,2026-05-24,49992154.75,55.0293
417,ECOMI,OMI,ecomi-new,0.00017242648802143402,1.39677314,18.06006268,20.66477011,48720877.41680656,1414810.4636733,282560283955.61914,305278604837.5089,,2026-05-24,52695037.13,2.9071
418,cat in a dogs world,MEW,mew,0.000547369129950159,-0.24114091,1.65892149,-2.17823935,48655033.772860914,6302548.81398931,88888888888.0,88888888888.0,88888888888.0,2026-05-24,48527141.88,12.9815
419,ApeX Protocol,APEX,apex-token,0.34904029413275744,-0.4185452,-0.3057424,24.15130825,48419892.639198214,2896378.33256104,138722931.0,499999990.0,500000000.0,2026-05-24,174378428.81,5.9365
420,HashKey Platform Token,HSK,hashkey-platform-token,0.1401059584603675,-0.35363122,-0.09947233,-9.95247543,48330952.691442,2803435.88673693,344960009.0,1000000000.0,1000000000.0,2026-05-24,140097984.87,5.8114
421,Holoworld AI,HOLO,holoworld-ai,0.07527080529229921,-0.32559968,-1.0774685,0.39253106,48225817.12505859,11632625.30369629,640697504.6670913,2047999996.3027468,2048000000.0,2026-05-24,154109564.16,24.1368
422,Railgun,RAIL,railgun,3.305121414559437,-2.02304541,38.97825007,125.80601913,48099212.19224181,5034403.34050382,14552933.51111378,57500000.0,100000000.0,2026-05-24,329470662.5,10.5537
423,StorX Network,SRX,storx-network,0.057537180098101146,-0.03011574,-0.69899768,-3.90041979,47986008.20181636,2438946.76275132,834000000.0,977000000.0,1500000000.0,2026-05-24,86420721.73,5.0804
424,Ore,ORE,ore-new,102.86751478846426,-0.44286483,6.99080117,27.29663381,47344442.0417713,1235749.96687988,460246.77605102,460246.77605102,3000000.0,2026-05-24,306557093.24,2.6212
425,Gensyn,AI,gensyn,0.036077152963786815,1.82969279,4.75114045,-1.33139455,47068970.835177444,66310801.85044177,1304675313.0,10000000000.0,10000000000.0,2026-05-24,360740910.2,143.7876
426,BSquared Network,B2,bsquared-network,0.6953559867079634,-3.25253167,6.17082677,9.56511206,46834569.05445654,441788045.16235775,67353370.0,207444584.9777,210000000.0,2026-05-24,145449974.91,931.9854
427,Rootstock Infrastructure Framework,RIF,rsk-infrastructure-framework,0.04671125081161362,-5.78081339,-0.7572093,-36.81446987,46711250.81161362,2728028.09567174,1000000000.0,1000000000.0,1000000000.0,2026-05-24,47033148.17,5.8084
428,World Mobile Token,WMTX,world-mobile-token,0.054847926892923726,0.24990726,0.33090008,-10.25084535,46723565.78165761,10635571.77001259,851874782.302587,2000000000.0,2000000000.0,2026-05-24,109522124.18,22.8006
430,Fabric Protocol,ROBO,fabric-foundation,0.02090215863877365,-0.30658296,0.63783966,3.51216436,46632715.92310401,24864476.33359694,2231000000.0,10000000000.0,10000000000.0,2026-05-24,208799714.33,53.3018
430,Ankr,ANKR,ankr,0.004662794831800681,-0.19604413,0.12362184,-1.49058761,46627948.31800681,7494723.50563363,10000000000.0,10000000000.0,10000000000.0,2026-05-24,46590064.24,16.1575
431,Status,SNT,status,0.009683965817740127,-0.13350477,1.27393002,-9.26247374,46575107.67339296,2601929.88225532,4809507649.0327635,6804870174.878168,,2026-05-24,65777911.76,5.5891
432,Mask Network,MASK,mask-network,0.46562400403824533,0.15836993,1.44788252,0.14781401,46562400.40382453,13740436.17495247,100000000.0,100000000.0,100000000.0,2026-05-24,46445477.88,29.5354
433,Notcoin,NOT,notcoin,0.0004653375362227573,-0.07118555,0.13281429,-6.92777474,46268211.48732245,10550501.01754317,99429355866.90741,102452705868.52051,102456957533.56,2026-05-24,47517006.37,22.8309
434,Fractal Bitcoin,FB,fractal-bitcoin,0.44791987127851585,-0.0448935,-0.78619716,-6.93079476,45938169.26226937,3243277.84516029,102558899.9459796,149808875.0,210000000.0,2026-05-24,93998239.49,7.0886
435,PlaysOut,PLAY,playsout,0.061655968418386005,-1.90144342,-33.01171316,-31.86004763,45787446.53980756,15182163.65262764,742627967.9706336,3999999999.999999,5000000000.0,2026-05-24,308794897.54,33.1063
436,Casper,CSPR,casper,0.0028688993339735535,0.05954845,1.72168234,-2.42729568,45781879.63194527,1242052.41464061,15957994444.0,19466991273.0,,2026-05-24,55834948.31,2.7197
437,Vana,VANA,vana,1.516031686716695,-0.01921001,0.00148093,4.35540293,45608297.263185054,1951554.67422959,30084000.0,112641600.0,120000000.0,2026-05-24,181561073.77,4.2786
438,Janction,JCT,janction,0.003959938710727476,-0.5070718,-3.27443187,22.93754658,45514298.06025451,6305295.82656038,11493687500.0,50000000000.0,50000000000.0,2026-05-24,197836573.64,13.7385
439,VNDC,VNDC,vndc,3.2149574077717296e-05,0.0,0.0,-0.0595028,45410192.819555014,0.0,1412466389439.0,1412466389439.0,,2026-05-24,45410192.82,
440,Vanguard Total World Tokenised ETF (xStock),VTx,vanguard-total-world-tokenised-etf-xstock,156.76,0.0,-0.00584299,1.52192216,45129273.540642776,7.81965908,287887.68525544,287887.68525544,,2026-05-24,45129273.54,0.0
441,iShares Bitcoin Trust Tokenized Stock (Ondo),IBITon,ishares-bitcoin-trust-tokenized-stock-ondo,43.99557970550016,0.0,0.0,-1.72971567,45068346.23828793,0.0,1024383.50716069,1024383.50716069,,2026-05-24,45068346.24,
442,SPACE ID,ID,space-id,0.03214008018996967,0.06052562,3.35925533,6.94006562,45031201.66507088,13223950.45477083,1401091764.516639,1994841761.516639,2000000000.0,2026-05-24,63992662.54,29.416
443,Terra,LUNA,terra-luna-v2,0.06289116046953734,0.18333086,0.28830437,-11.10645829,44651745.278794676,6032699.18997523,709984438.91686,1186707049.0,,2026-05-24,74473756.9,13.4686
444,Storj,STORJ,storj,0.10496835475909094,-0.27783655,-2.21617787,-11.19407032,44611550.562677056,7399304.0470741,424999998.00000113,424999998.00000113,,2026-05-24,44536352.97,16.464
445,Venus,XVS,venus,2.719897142643514,-0.09245253,0.33266709,-4.16546429,44413847.5061934,3543425.788371,16329237.90016075,30000000.0,,2026-05-24,81423376.84,8.0264
446,aPriori,APR,apriori,0.17937031839892173,-0.32766574,0.53065828,25.55060028,44282047.3547338,5420510.59412769,246875000.0,1000000000.0,1000000000.0,2026-05-24,178654080.8,12.2823
447,EscoinToken,ELG,escointoken,0.28037681025433475,-0.0231725,0.49245142,-0.1805708,44057640.638349846,333170.58853129,157137248.97,225000000.0,370000000.0,2026-05-24,103752992.92,0.7654
448,ssv.network,SSV,ssv-network,2.6830990049992245,0.79729741,1.64112206,3.32211325,43860684.18226183,13815170.65527079,16347024.13162518,17361673.60305064,,2026-05-24,46555798.1,31.5064
449,Nasdaq tokenized ETF (xStock),QQQX,nasdaq-tokenized-stock-xstock,727.1910958944386,0.07384412,1.51096972,2.60309214,43784873.016776055,3525332.65964014,60210.95866544,101229.95046189,,2026-05-24,73541146.9,8.0638
450,Vitalum,VAM,vitalum,0.1278330552607671,0.06258474,1.64275674,-1.55172246,43427301.08183535,776331.79055059,339718870.0,1000000000.0,1000000000.0,2026-05-24,127668928.79,1.7905
451,Glidr,GLIDR,glidr,1.2142186081131188,-0.61924525,0.96953913,-2.53176146,43058268.15751106,158888.62906533,35461710.0,100000000.0,100000000.0,2026-05-24,121604745.37,0.3687
452,SPDR S&P 500 Tokenized ETF (Ondo),SPYon,spdr-sp-500-tokenized-etf-ondo,756.8879536284176,-0.13496752,1.13595797,2.12395275,42639332.65576163,2033750.41804981,56335.06578002,56335.06578002,,2026-05-24,42715428.86,4.7537
453,Magma Finance,MAGMA,magma-finance,0.2236042193338085,0.04122777,-5.25457312,0.14669765,42484801.67342362,1737904.34970957,190000000.0,1000000000.0,1000000000.0,2026-05-24,223458571.37,4.0947
455,GOHOME,GOHOME,gohome,84.704861595099,-1.0407955,0.16230465,-0.12924227,42343536.78708202,638766.21094834,499895.0,9999895.37,9999895.37,2026-05-24,846913484.09,1.5067
456,ZEROBASE,ZBT,zerobase,0.15099233969274498,-1.03087943,-5.00727101,-8.44710442,42152027.7615784,17918887.36160187,279166664.0,1000000000.0,1000000000.0,2026-05-24,150392187.34,42.2843
456,Burnedfi,BURN,burnedfi-app,3.430440503935078,-0.61289626,-5.08389034,-24.99402058,42310203.49791948,605428.82007088,12333752.31238822,12333752.31238822,21000000.0,2026-05-24,72346494.61,1.4538
457,Alaya Governance Token,AGT,alaya-ai,0.018268207911306858,3.35494441,39.83593532,62.34152293,42119667.19073201,8440836.24845606,2305626660.0,5000000000.0,5000000000.0,2026-05-24,89079585.3,20.9971
458,Alphabet Class A Tokenized Stock (Ondo),GOOGLon,alphabet-class-a-tokenized-stock-ondo,388.4410931325528,0.13273222,1.56717585,-2.53787785,42113001.328907266,4012232.40074448,108415.41246136,108415.41246136,,2026-05-24,42087266.4,9.5365
459,Meta tokenized stock (xStock),METAX,meta-tokenized-stock-xstock,613.2547303965545,-0.10569107,1.0598792,0.43347375,42050527.23622809,3033061.80077419,68569.42988281,68569.42988281,,2026-05-24,42051574.17,7.2192
460,UMA,UMA,uma,0.4634728187697209,-0.39904354,0.79053328,-0.29721617,41912039.37605925,4296162.18388218,90430415.07226658,128719735.75746322,,2026-05-24,59560241.72,10.2669
461,OpenGradient,OPG,opengradient,0.22007585816019715,0.18107665,-0.40862863,-11.03722967,41814413.05043746,39284225.45671335,190000000.0,1000000000.0,1000000000.0,2026-05-24,220634791.44,93.48
462,Osmosis,OSMO,osmosis,0.054065780581778335,0.10510182,-5.38654065,-26.74903476,41884086.12313388,8100482.25469691,774687531.973782,978776795.721991,1000000000.0,2026-05-24,53725965.33,19.5324
463,Chia,XCH,chia-network,2.887730302991605,-1.30906758,3.24083258,10.03765297,41617177.888611995,4287728.65166012,14411726.0,33191992.0,,2026-05-24,95633828.19,10.3249
464,CROSS,CROSS,cross,0.09973464190353462,0.59603427,6.27678249,6.81317144,41617141.01118884,5183551.38701681,417278692.9083456,985222890.0,985222890.0,2026-05-24,98134512.83,12.4928
465,Somnia,SOMI,somnia,0.1709179820386921,0.55524103,4.27572404,2.70887538,41573390.383790985,19110868.67390273,243235907.0,1000000000.0,1000000000.0,2026-05-24,170212696.82,46.3112
466,ICON,ICX,icon,0.03764011503882738,-0.938436,1.08676331,3.9102655,41294050.294897884,1730047.3776296,1097075560.271304,1108792274.2180953,,2026-05-24,41850104.73,4.1966
467,B3 (Base),B3,b3,0.0008921133849945607,-1.28950841,-0.96483528,-12.44538086,41422236.97785965,3542270.41913348,46431583333.0,100000000000.0,100000000000.0,2026-05-24,88627835.51,8.6064
468,XPIN Network,XPIN,xpin-network,0.001218188865700793,0.01503222,-0.82571234,-6.74112763,41149587.01617263,3405442.1477463,33779316307.0,100000000000.0,100000000000.0,2026-05-24,121416721.47,8.301
469,IoTeX,IOTX,iotex,0.004356174019659274,0.22697581,1.33351476,-2.1422221,41128244.38753815,1302384.81040718,9441368550.0,9441368555.0,10000000000.0,2026-05-24,43561113.6,3.1573
470,Frankencoin,ZCHF,frankencoin,1.2729469994283318,0.00646774,0.05203181,0.17815523,40730272.3685806,53453.20503285,31996832.85075669,31996832.85075669,,2026-05-24,40730336.93,0.1312
471,Core MSCI Emerging Markets Tokenised ETF (xStock),IEMGx,core-msci-emerging-markets-tokenised-etf-xstock,80.74,0.0,0.0,1.16526751,40549887.1052,8.07545332,502227.98,502227.98,,2026-05-24,40549887.11,0.0
472,Pax Dollar,USDP,paxos-standard,0.9993063626462338,-0.00251871,0.02277912,-0.01936835,40541319.427701436,1954430.88152594,40569459.92052443,40569459.92052443,,2026-05-24,40536739.79,4.8687
473,BIM,BIM,bim,1.3493472757009743,0.05196989,2.5931583,-2.58546785,40480418.27102923,217106.86988016,30000000.0,30000000.0,30000000.0,2026-05-24,40477618.87,0.5377
474,Gemini Dollar,GUSD,gemini-dollar,0.9992617997642785,0.00360509,-0.07513869,-0.10139463,40466559.198340155,370505.55512973,40496453.69,40496453.69,148548675.98,2026-05-24,148394166.75,0.9152
475,Neiro,NEIRO,neiro,9.616110926700307e-05,-0.05210897,2.06412683,8.23677259,40453493.81265796,14440754.9159933,420684558664.2921,420690000000.0,420690000000.0,2026-05-24,40386064.1,35.8874
476,Snek,SNEK,snek,0.0005406539700428072,0.31098034,-0.65703809,1.68619534,40394301.56413115,2947016.10862751,74713779612.0,75244573429.0,76715880000.0,2026-05-24,41474726.7,7.3103
477,Frax (prev. FXS),FRAX,frax-share,0.42223461270751583,0.45830036,-0.83910892,-1.47716264,40323819.531596534,428506.91159563,95500980.54024069,99681495.59113361,99681495.59113361,2026-05-24,42056441.05,1.0603
478,Aegis YUSD,YUSD,aegis-yusd,0.9896261118059712,0.00265578,-0.47096137,-0.47252687,40237436.75033395,206.8401523,40659231.0674832,40659231.0674832,,2026-05-24,40237634.83,0.0005
479,Spacecoin,SPACE,spacecoin-org,0.008048488200130377,-0.81904659,4.6581057,16.52677164,40181151.380689174,5754767.94583207,4992384952.498071,21000000000.0,21000000000.0,2026-05-24,170166607.08,14.7578
480,AIHub,AIH,aihub,34.2892658189424,0.19002148,0.88538532,-1.86629227,40118441.00816261,0.0,1170000.0,100000000.0,100000000.0,2026-05-24,3428926581.89,
481,Solayer,LAYER,solayer,0.0897318277178289,-0.39126587,-2.40822434,-4.61758208,40117437.6615523,14646046.26473549,447081472.4481682,999998413.0361782,,2026-05-24,89542212.21,36.6871
482,KGeN,KGEN,kgen,0.18945846112172682,-0.69574972,-1.25489779,-19.29924915,39991373.38752381,2122230.49967187,211082541.0,1000000000.0,1000000000.0,2026-05-24,189260248.59,5.3138
483,Commonwealth,CWU,commonwealth,0.04407675986003611,0.01531315,-14.04869357,-30.52530847,39690982.6421567,146212.89725401,900496832.5301982,999999320.0923872,1000000000.0,2026-05-24,42328696.45,0.3791
484,Subsquid,SQD,subsquid,0.03769503114549607,0.03728434,-4.859254,-6.67162305,39158847.51513425,2074661.02886994,1038833138.6168143,1336997653.5180118,1337000000.0,2026-05-24,50273991.56,5.2893
485,PumpMeme,PM,pumpmeme,1.2233141768969515,-0.05456769,1.46572522,-1.51954585,39155858.52383028,156968.6819366,32008015.0,100000000.0,100000000.0,2026-05-24,121665258.12,0.4032
486,Ardor,ARDR,ardor,0.039215092224503326,0.05119173,16.60773367,-3.71863742,39154945.341779836,673727.82438952,998466231.2566,998466231.2566,998466231.2566,2026-05-24,39008710.06,1.7335
488,SKALE,SKL,skale-network,0.006266092963685955,-0.29245977,1.60377574,-0.75239639,38800552.06020353,3275248.44837853,6192144337.0,6342291667.0,7000000000.0,2026-05-24,43776466.81,8.4824
488,Vanta Network,VANTA,proprietary-trading-network,9.025383728505,0.0731127,5.02388387,3.75080342,38755764.88781739,121387.65140242,4294085.0,4294085.0,21000000.0,2026-05-24,188710836.07,0.3134
489,Gravity,G,gravity-token,0.0035941874042302886,-0.14067623,0.07533559,2.14228761,38527532.460906155,1788546.11959111,10719400000.0,12000000000.0,12000000000.0,2026-05-24,43051276.66,4.6977
490,Rocket Pool,RPL,rocket-pool,1.7082514859900442,-0.38403882,0.50033521,-4.41399787,38351796.58932468,3255846.76043177,22450907.78720868,22450907.78720868,,2026-05-24,38305941.58,8.5192
490,Renzo,REZ,renzo,0.004489693307759547,-0.04001347,-1.43066587,-15.51586453,38402326.32523011,4811028.34387306,8553440890.6860695,9814629224.12962,10000000000.0,2026-05-24,44860190.87,12.606
492,Manta Network,MANTA,manta-network,0.08078404739856418,0.20794951,5.41713155,7.01623631,38042546.7853531,6383345.60873239,470916573.3880926,1000000000.0,,2026-05-24,80521411.72,16.8732
493,Wiki Cat,WKC,wiki-cat,7.058607585260827e-08,0.40933029,-0.4388779,-4.24213,37964141.10167696,211430.41365498,537841785977030.3,537841785977030.3,553003328316637.0,2026-05-24,39064525.77,0.5579
494,ChangeNOW Token,NOW,now-token,0.44619965414939794,0.0,2.03213544,-4.51664456,37839368.224599674,0.0,84803670.0,199763509.8661694,200000000.0,2026-05-24,89239930.83,
495,BUSD,BUSD,binance-usd,0.999868674604392,0.01240793,0.0319229,0.0130446,37837291.639846236,600480.55962931,37842261.28978082,37842261.28978082,,2026-05-24,37842458.9,1.6272
496,BORA,BORA,bora,0.03422066890100385,-0.37964711,0.6156921,-7.27399599,37634180.623878986,379546.35991364,1099750000.0,1205750000.0,1205750000.0,2026-05-24,41261211.28,1.0228
496,GMT,GMT,green-metaverse-token,0.012108210611402433,-0.79118369,14.12727333,8.53030313,37673488.374327235,304789529.7526052,3111400155.102167,5073850155.102167,,2026-05-24,60758829.34,815.557
498,iExec RLC,RLC,rlc,0.43107136693122544,-0.13702621,1.30924519,-0.20541505,37503116.237002194,2774488.82431746,86999784.9868455,86999784.9868455,86999784.9868455,2026-05-24,37408411.36,7.3933
499,Moonbirds,BIRB,moonbirds,0.13127508590402487,-0.27859692,-1.00199802,1.79986092,37413399.48264709,4887693.99782285,285000000.0,1000000000.0,1000000000.0,2026-05-24,131228412.92,13.0896
500,Dogelon Mars,ELON,dogelon,3.7416832545816037e-08,0.24742954,0.79366251,-2.95959107,37363848.55552298,3842122.81769811,998583953085067.2,998583953085067.2,1000000000000000.0,2026-05-24,37317331.07,10.2747
501,Gigachad,GIGA,gigachad-meme,0.004010198650284001,-0.7565377,-5.01313272,-17.89888793,37304519.59764344,3340698.47836431,9302411888.0,9603935545.16,10000000000.0,2026-05-24,,
502,BOOK OF MEME,BOME,book-of-meme,0.000538966607675906,-0.10104382,-4.04109041,-5.6608501,37116938.78456103,13831321.9739531,68866861612.47371,68866861612.47371,,2026-05-24,,
503,Pythia,PYTHIA,pythia,0.03705479056240608,0.01042939,5.81375309,-16.35212567,36986546.0552126,470825.06849626,998158281.124851,998158281.124851,1000000000.0,2026-05-24,,
504,Band,BAND,band-protocol,0.20908138175604593,-0.11587058,0.12419648,-0.03631802,36939514.52156816,4211161.73055225,176675293.664688,176675293.664688,,2026-05-24,,
505,Intel tokenized stock (xStock),INTCX,intel-tokenized-stock-xstock,117.78773534862985,-0.0927175,-0.43979257,9.43033365,36867561.16412114,237.17667792,313000.0,624020.99995888,,2026-05-24,,
506,Pundi X (New),PUNDIX,pundix-new,0.14228256088324442,0.02259258,1.29732746,0.18948151,36763898.76546093,3196150.50510556,258386541.0999244,258386541.0999244,258526640.0,2026-05-24,,
507,Bancor,BNT,bancor,0.33952068347425596,0.28171429,1.72904398,1.52235878,36660634.946427695,3031798.06891747,107977618.83395678,107977618.83395678,,2026-05-24,,
508,Powerledger,POWR,power-ledger,0.0644566095780629,0.0047685,0.05196461,1.4814946,36620133.854664095,3624820.67794242,568136209.68248,1000000000.0,,2026-05-24,,
509,Hyperlane,HYPER,hyperlane,0.1076803241370397,0.41513836,0.81627317,2.14508842,36414687.801178224,20064598.17490979,338174017.3333334,808000000.0,1000000000.0,2026-05-24,,
510,COTI,COTI,coti,0.012777851053467244,0.14588729,0.98454733,-2.47397038,36284224.72477679,3944046.46533185,2839618694.328976,2839648240.4662247,4910000000.0,2026-05-24,,
511,Unitas,UP,unitas,0.24844213135478907,-0.0704494,-1.24110946,15.19357622,36272551.1777992,10621776.59831077,146000000.0,999999961.3409178,1000000000.0,2026-05-24,,
512,Orbs,ORBS,orbs,0.008250418291094274,-0.39650346,0.21690022,-1.95004818,36066796.58334956,4152469.3533981,4371511275.044205,10000000000.0,,2026-05-24,,
513,Russell 2000 Tokenised ETF (xStock),IWMx,russell-2000-tokenised-etf-xstock,277.9,0.0,0.0,-2.25458127,36014986.72910093,0.0,129596.92957575,129596.92957575,,2026-05-24,,
514,Rekt (rekt.com),REKT,rekt-eth,1.2654847132353526e-07,0.22626676,0.5200095,-10.93028409,35662919.03639928,207832.82955845,281812325849619.0,420690000000000.0,420690000000000.0,2026-05-24,,
515,MobileCoin,MOB,mobilecoin,0.17967379493940425,-0.04243471,13.94800316,10.81163612,35647231.865031786,12343.99449768,198399727.0,250000000.0,,2026-05-24,,
516,Open Campus,EDU,open-campus,0.04693518139125841,-0.08342885,0.87795361,5.53802547,35548347.84788847,9703570.85450886,757392361.0,1000000000.0,1000000000.0,2026-05-24,,
517,Celo Dollar,CUSD,celo-dollar,0.9998756963692811,-0.05551259,0.00775505,0.12365506,35549746.10748686,239620.77804089,35554165.61936053,57241566.21607361,1000000000000000.0,2026-05-24,,
518,Constellation,DAG,constellation,0.012365976171602228,0.12522774,-1.74653696,-28.3315228,35532993.430718504,565842.63203611,2873448318.0,3003804388.0,,2026-05-24,,
519,MVL,MVL,mvl,0.0012764568521230044,0.09158979,0.91477635,-0.47411965,35489277.3501014,119032.23833808,27802958863.102654,30000000000.0,30000000000.0,2026-05-24,,
520,KAIO,KAIO,kaio,0.05202408399085784,-1.63759945,-3.45711604,-31.98083175,35441407.218771905,2224179.50056126,681250000.0,10000000000.0,10000000000.0,2026-05-24,,
521,Core,CORE,core-dao,0.03263350048491957,0.16261822,-2.3734477,-12.6800003,35307077.379038125,6267500.93885646,1081927370.7812638,2093769839.0352812,2100000000.0,2026-05-24,,
522,IOST,IOST,iostoken,0.0010700711882802787,-0.20710693,-0.22216697,-0.8906008,35219830.669977956,5819416.96287271,32913539824.0,48100782546.0,90000000000.0,2026-05-24,,
523,Decentralized Social,DESO,deso,3.944175413478222,0.15252526,0.85063828,3.86037745,35042168.45136215,8497.76113821,8884536.0,10808492.0,10808492.0,2026-05-24,,
524,TerraClassicUSD,USTC,terrausd,0.006222639613845324,-0.05260766,-0.64827791,-7.53982829,34704509.71106809,1397022.21264628,5577136370.528486,6080122700.977014,6080122700.977014,2026-05-24,,
525,Mango,MNGO,mango-markets,0.031059623165049906,-0.96510796,-0.67774208,-0.55180938,34708103.590065904,188.42066433,1117466989.397395,1117466989.397395,,2026-05-24,,
526,UPCX,UPC,upcx,0.279367139699836,-1.04759853,-1.87682848,-1.60885294,34659327.04390876,177535.7052116,124063721.6,780000000.0,780000000.0,2026-05-24,,
527,BounceBit,BB,bouncebit,0.030708877684028486,0.86816968,3.13866283,1.39026628,34572538.43788269,6651048.46721658,1125815759.0,2100000000.0,2100000000.0,2026-05-24,,
528,UNIPOLY,UNP,unipoly,0.1569210670217431,0.17034788,0.6044376,-1.4229318,34401805.52317674,332342.9011561,219230000.0,1000000000.0,1000000000.0,2026-05-24,,
529,Espresso,ESP,espresso,0.06589143422306082,0.30005277,0.79544813,-4.18436995,34299786.08481431,8451632.36935049,520550000.0,3590000000.0,,2026-05-24,,
530,Merlin Chain,MERL,merlin-chain,0.02688413824139996,-0.02528238,-1.79251104,-11.5108101,34284815.21536715,4314933.20896186,1275280424.0,2100000000.0,2100000000.0,2026-05-24,,
531,Velvet,VELVET,velvet,0.09277697608616536,0.07731914,-2.5165169,-25.82816958,34199856.06205035,2965521.6065489,368624388.3427253,1000000000.0,1000000000.0,2026-05-24,,
532,Anchored Coins AEUR,AEUR,anchored-coins-aeur,1.1454735515808265,-0.14362375,-0.11043773,-0.11409836,34169023.12341376,5362.65804363,29829604.6,2193835.75,67009654.6,2026-05-24,,
533,Tornado Cash,TORN,torn,6.459155558175367,1.63849561,-0.06377132,9.04203985,33976859.778429516,157302.91708869,5260263.43109587,9999997.246815,,2026-05-24,,
534,SMART,SMART,smart-blockchain,0.005029410731139119,-0.03193214,1.53481306,-2.54258659,33799803.30304563,429470.41487033,6720430108.0,836732311077.0,836732311077.0,2026-05-24,,
535,MetaMask USD,mUSD,metamask-usd,1.03431574848947,0.00851153,0.50128891,2.57647839,33716240.222736984,25831182.86907775,32597628.211672,32597628.211672,,2026-05-24,,
536,ConstitutionDAO,PEOPLE,constitutiondao,0.006651577793009134,0.14713095,-0.49629291,-6.48620838,33657897.12506695,8620903.02282304,5060137334.7,5060137334.7,,2026-05-24,,
537,SwftCoin,SWFTC,swftcoin,0.003365349867101825,0.40742376,-0.92667474,-2.80915717,33653498.67101825,716166.67692429,10000000000.0,10000000000.0,,2026-05-24,,
538,Atoshi,ATOS,atoshi,0.03712547979717157,1.31294178,0.88340037,-3.7838567,33530271.834042188,5910.7202682,903160633.0,100000000000.0,100000000000.0,2026-05-24,,
540,Cyber,CYBER,cyberconnect,0.4768450915290784,-0.24217466,0.03762122,-5.56047981,33466506.32143706,6222906.04526219,70183183.0,100000000.0,100000000.0,2026-05-24,,
540,Schwab International Equity Tokenised ETF (xStock),SCHFx,schwab-international-equity-tokenised-etf-xstock,27.42,0.0,0.0,2.31343284,33509481.8592,50.00001354,1222081.76,1222081.76,,2026-05-24,,
541,Propy,PRO,propy,0.3344129049896311,0.10684455,0.46192512,-3.47728238,33441290.49896311,3791767.25912162,100000000.0,100000000.0,,2026-05-24,,
542,Gold tokenized ETF (xStock),GLDX,gold-tokenized-stock-xstock,416.54243001134876,0.18169062,0.70477007,0.19419309,33417471.866037805,430777.94817566,80225.85325852,80225.85325852,,2026-05-24,,
543,Liquity BOLD,BOLD,liquity-v2,0.9997504362742737,-0.00909921,-0.04665482,-0.23271274,33337166.24311541,408813.27585135,33345488.06735366,33345488.06735366,,2026-05-24,,
544,Hive,HIVE,hive-blockchain,0.06068720694034334,-0.33884832,-0.52214987,2.01040507,33175018.379079588,4318872.08977971,546655877.765,546655877.765,,2026-05-24,,
545,Perle,PRL,perle,0.1896008584518956,-0.19186852,-0.61390675,-8.65608358,33180150.22908173,5528337.05431414,175000000.0,1000000000.0,1000000000.0,2026-05-24,,
546,Ampleforth,AMPL,ampleforth,1.1729002421618173,0.0,-4.07366214,-7.42863852,33163160.390442755,2.57117423,28274493.6,10630913.57552586,,2026-05-24,,
547,Locus Chain,LOCUS,locus-chain,0.007880504099969097,-0.07417567,-0.09748888,0.97411069,33109087.554509405,78522.97773496,4201392085.3920045,7000000000.0,7000000000.0,2026-05-24,,
548,Bonfida,FIDA,bonfida-sns,0.03309779303017203,2.22532188,-7.6464713,102.78543097,32796961.023376316,65279726.23668784,990910813.705268,990910813.705268,,2026-05-24,,
549,Memecoin,MEME,meme,0.0005172684627960896,0.16424331,2.25189994,-2.70299997,32737020.393036976,6382829.30368438,63288258897.666664,69000000000.0,69000000000.0,2026-05-24,,
550,Global X Copper Miners Tokenised ETF (xStock),COPXx,global-x-copper-miners-tokenised-etf-xstock,83.48,0.0,0.0,-3.79163305,32618295.6728,101.83967292,390731.86,390731.86,,2026-05-24,,
551,Bounce Token,AUCTION,bounce-token,4.714072121549633,-0.00800531,-0.18798216,-1.01499774,32529011.50732288,5029733.58672643,6900405.99052816,7641034.51310465,10000000.0,2026-05-24,,
552,LCX,LCX,lcx,0.03427631581696969,0.11624061,4.74481144,-8.13169681,32535927.620770942,80155.33918874,949224759.0,949224759.0,,2026-05-24,,
553,τemplar,SN3,templar,7.692836736753251,-0.13995378,3.2817463,-2.94395515,32452024.067401696,299954.06132249,4218473.0,4218473.0,21000000.0,2026-05-24,,
554,Oracle tokenized stock (xStock),ORCLX,oracle-tokenized-stock-xstock,189.56572588362909,0.0,-1.374483,-3.15178865,32323573.30928427,230.15582632,170513.80548152,170513.80548152,,2026-05-24,,
555,Backpack,BP,backpack-exchange,0.12929172489190838,-0.5354573,-2.49942432,-8.99784974,32322921.52996169,1341696.16493305,249999925.02988562,999999925.0298856,1000000000.0,2026-05-24,,
556,CARV,CARV,carv,0.054768346136255155,-0.91170348,1.75054665,-0.76633283,32258614.257311266,2857393.04059352,589001066.0,1000000000.0,,2026-05-24,,
557,DEAPcoin,DEP,deapcoin,0.001074227332295588,-0.04550261,-1.45808033,-2.44485696,32111770.223006375,249033.27252948,29892900001.32895,29892900001.328953,,2026-05-24,,
559,MicroStrategy tokenized stock (xStock),MSTRX,microstrategy-tokenized-stock-xstock,162.47440341326268,0.21843391,2.28927323,-5.90798344,32023591.643176194,2106480.69468183,197099.30284663,383477.28898537,,2026-05-24,,
559,Illuvium,ILV,illuvium,4.363570894880237,0.05606605,-0.53368331,-5.67591222,32027758.54181467,2562040.07125349,7339804.78680723,9163805.37098027,,2026-05-24,,
560,INFINIT,IN,infinit,0.09772001915796316,-0.37489122,14.53390742,67.17994259,32054369.38164383,80696196.78431553,328022545.0,1000000000.0,1000000000.0,2026-05-24,,
561,WOO,WOO,wootrade,0.016941385822421072,0.26045222,2.57463376,-1.84270826,31998586.092279337,8874204.34406716,1888782088.2947378,1888782088.2947378,1888782088.2947378,2026-05-24,,
562,Bedrock,BR,bedrock-dao,0.12246454174861236,-0.10065235,-0.70689912,-6.59469545,31993861.53182498,1276765.6302397,261250000.0,1000000000.0,1000000000.0,2026-05-24,,
563,Ark,ARK,ark,0.16130550241767103,-0.28418577,-0.0605623,-2.87775334,31731498.064053446,1118248.16984791,196716774.0,196716774.0,,2026-05-24,,
564,Chainbase,C,chainbase,0.0906520683397222,-1.68784731,2.03004402,17.27748011,31676422.607491404,9620014.74362775,349428570.0,1000000000.0,1000000000.0,2026-05-24,,
565,Capybobo,PYBOBO,capybobo,0.0010195135458196756,-0.2837014,0.51088759,13.18743048,31661559.562297486,918518.58820709,31055555556.0,100000000000.0,100000000000.0,2026-05-24,,
566,iShares Silver Trust Tokenized ETF (Ondo),SLVon,ishares-silver-trust-tokenized-etf-ondo,69.1113708251764,0.14571472,1.24550528,-0.33083727,31610649.945987064,4209265.92569186,457387.10676061,457387.10676061,,2026-05-24,,
568,Arkham,ARKM,arkham,0.1393438657147273,-0.65618238,7.24732407,15.95875996,31366304.172385115,62032998.96959296,225100000.0,1000000000.0,1000000000.0,2026-05-24,,
568,Ontology Gas,ONG,ontology-gas,0.06662017708436238,-0.3105431,-0.65700652,1.42224467,31377838.325050063,3279534.65773164,470996021.0,800000000.0,1000000000.0,2026-05-24,,
569,Lista DAO,LISTA,lista-dao,0.07672307284813756,-0.00480049,0.75371207,-5.41515329,31303412.587987803,4773508.86425838,408005198.7744087,795588564.255041,800000000.0,2026-05-24,,
570,Phala Network,PHA,phala-network,0.03693327723328708,-2.82782254,10.16111429,18.75343412,30986173.378232382,14961959.53072241,838977087.8579192,1000000000.0,,2026-05-24,,
571,Giggle Fund,GIGGLE,giggle-fund,31.324080109210083,-0.26703623,-1.96154757,-4.86300321,31015909.94168222,13695219.71401336,990161.87653545,990161.87653545,1000000.0,2026-05-24,,
572,Kyber Network Crystal v2,KNC,kyber-network-crystal-v2,0.14654604555024425,-0.4308306,-1.81616964,4.33442926,30666025.455218997,3535797.23166816,209258634.99131373,240953200.26577523,,2026-05-24,,
573,GoPlus Security,GPS,goplus-security,0.006600472868186005,0.3943145,-2.11310718,-16.69590445,30484630.283918362,4479756.67184337,4618552472.331636,9822841360.54709,10000000000.0,2026-05-24,,
574,Clearpool,CPOOL,clearpool,0.0312399152291838,0.01340382,0.19775174,0.40893987,30477222.088163458,2127717.06377523,975585940.7612014,993627634.645902,1000000000.0,2026-05-24,,
575,Bitway,BTW,bitway-btw,0.013817430786478726,0.27425864,-1.00462656,-7.16651078,30398347.730253197,10128787.00886551,2200000000.0,10000000000.0,10000000000.0,2026-05-24,,
576,Civic,CVC,civic,0.030165066601609728,0.06412146,1.04152764,-5.02593531,30165066.60160973,2452663.67150964,1000000000.0,1000000000.0,,2026-05-24,,
577,Sapien,SAPIEN,sapien-io,0.12060820051417818,0.37874163,2.07447978,-1.58417686,30152050.128544547,6543471.55083465,250000000.0,1000000000.0,1000000000.0,2026-05-24,,
578,KRAQ Tokenised Stock (xStock),KRAQx,kraq-tokenised-stock-xstock,9.95305,0.0,0.0,0.03065327,30133039.968156956,0.0,3027518.19474,3027518.19474,,2026-05-24,,
579,Euler,EUL,euler-finance,1.240872870204009,0.00293287,3.2021117,-2.96447691,29986108.303048417,3989019.29541966,24165334.75997301,27182818.28459045,27182818.28459045,2026-05-24,,
580,Apple tokenized stock (xStock),AAPLX,apple-tokenized-stock-xstock,311.95931994618996,0.0924964,1.25884651,4.03938788,29949435.939388793,4682550.10469332,96004.29935722,186864.39931514,,2026-05-24,,
581,Microsoft tokenized stock (xStock),MSFTX,microsoft-tokenized-stock-xstock,418.72811323426816,0.45162831,-0.95344166,-0.07458433,29842425.197015107,33003.49817723,71269.21802912,71269.21802912,,2026-05-24,,
582,Sign,SIGN,sign,0.012900465816200093,-0.41744923,-0.16358166,-6.72035377,29714072.925680727,5510120.96072035,2303333333.0,10000000000.0,10000000000.0,2026-05-24,,
583,EthereumPoW,ETHW,ethereum-pow,0.27525341839517237,-0.07635482,0.21668734,-2.28364994,29677548.056439076,1958285.57509512,107818999.04993,107818999.04993,,2026-05-24,,
584,APRO,AT,apro,0.11858810114721162,1.62915486,-6.37240653,-27.9220679,29647025.286802907,8841482.51667932,250000000.0,1000000000.0,1000000000.0,2026-05-24,,
584,Harmony,ONE,harmony,0.0019821594228626154,-0.13241259,-0.05353899,-6.93500078,29609226.942053493,1819088.78844852,14937863524.262915,14937863524.262915,,2026-05-24,,
586,Steem,STEEM,steem,0.053796197272677024,0.46396808,-0.92447618,-4.79234384,29492348.908040144,24875997.34520643,548223673.851,548223673.851,,2026-05-24,,
586,Big Time,BIGTIME,big-time,0.012388391275762673,-0.05451061,0.93010188,-1.51007677,29546291.908760197,5214955.17858015,2384998281.9453063,5000000000.0,5000000000.0,2026-05-24,,
588,Berkshire Hathaway tokenized stock (xStock),BRK.BX,berkshire-hathaway-tokenized-stock-xstock,483.10191676229925,0.01438982,-0.58218423,-1.74749375,29429602.048551627,2028.24200462,60917.9989303,60917.9989303,,2026-05-24,,
589,Staika,STIK,staika,0.20434283923945426,0.00908954,0.09414011,-8.08325982,29309963.69145378,1926.379145,143435237.56713393,249999837.56713393,250000000.0,2026-05-24,,
590,iota,SN9,iota-macrocosmos-ai,7.3047669137486,0.05584976,8.49539092,20.57478889,29250726.514798585,572651.87131212,4004334.0,4004334.0,21000000.0,2026-05-24,,
591,Across Protocol,ACX,across-protocol,0.041461361278137446,-0.27497031,-0.70580056,-2.20016662,29216068.00138103,1822459.62521413,704657712.644535,1000000000.0,1000000000.0,2026-05-24,,
593,Biconomy,BICO,biconomy,0.02901418474934791,0.61115152,8.48900412,21.48162043,29021229.716538496,10588239.9109534,1000242811.1370851,1000000000.0,1000000000.0,2026-05-24,,
593,aixbt,AIXBT,aixbt,0.029061221089566203,0.01857365,0.00576841,-13.67128363,29029685.81070517,13204918.22221809,998914867.3841392,998914867.3841392,1000000000.0,2026-05-24,,
594,WAX,WAXP,wax,0.0062849400266756705,0.13056751,1.22132374,-2.47709147,28951555.60201218,1398330.42273651,4606496717.411907,4608433461.251633,,2026-05-24,,
596,Brevis,BREV,brevis,0.11559350331272461,-0.11956488,1.74943825,0.19524224,28898375.82818115,14259460.33071999,250000000.0,1000000000.0,1000000000.0,2026-05-24,,
596,USDK,USDK,usdk,1.0105151978769924,0.0,1.97226157,2.71912496,28900807.41637623,0.0,28600072.0,28600072.0,,2026-05-24,,
597,AntFun,ANTFUN,ant-fun,0.015260784365709188,2.59295146,-24.16380387,-28.87770719,28809863.088838674,908052.46874842,1887836326.0,10000000000.0,10000000000.0,2026-05-24,,
598,Collect on Fanable,COLLECT,collect-on-fanable,0.053374817124511864,-0.60121721,-2.19306142,-8.72036675,28662276.795862872,3167764.19141861,537000000.0,3000000000.0,3000000000.0,2026-05-24,,
598,Liquity USD,LUSD,liquity-usd,1.0049538818098207,0.0,0.1784995,0.08492615,28651375.589108303,0.0,28510139.72652164,28510139.72652164,,2026-05-24,,
600,Victoria VR,VR,victoria-vr,0.001703814155014041,-0.02609005,-1.14413024,3.14104869,28624077.80423589,799516.45681798,16800000000.0,16800000000.0,16800000000.0,2026-05-24,,
601,Secret,SCRT,secret,0.08280541778597707,-0.23817126,0.39723439,-1.74856859,28553435.060863227,1866053.03188526,344825686.82479,356038722.360652,,2026-05-24,,
602,Tokenlon Network Token,LON,tokenlon-network-token,0.23092956919674684,0.34779929,2.7630185,-0.39139708,28512619.850954257,1040.63723547,123468899.84739088,140451028.83876702,200000000.0,2026-05-24,,
603,UNS TOKEN,UNS,uns-token,0.2689853125655969,-0.08918203,1.57452069,-6.20521143,28405978.74523981,713.48685305,105604200.0,1000000000.0,1000000000.0,2026-05-24,,
604,Nillion,NIL,nillion,0.060606548915792396,-0.86349408,14.4869678,22.69386203,28357395.14349408,31274243.32302431,467893250.0,1000000000.0,,2026-05-24,,
605,API3,API3,api3,0.32754255079709044,-0.21782619,0.31841624,-3.35405769,28306875.119050033,9997004.93442309,86421978.0,169600392.68111905,,2026-05-24,,
606,IQ,IQ,iq,0.0010859892965465804,0.01407568,1.87695327,0.43460532,28207441.9917394,1148399.12204626,25973959486.928997,25973959486.928997,60000000000.0,2026-05-24,,
607,Flux,FLUX,zel,0.06870668758705599,-0.50717984,-0.49136895,-4.22898379,28180049.184846222,2580383.22167217,410150018.4991484,410150018.4991484,560000000.0,2026-05-24,,
608,Metal DAO,MTL,metal,0.310350092939968,0.25732828,-9.18279857,4.43817208,28128864.64394904,39123038.77183022,90635915.0,90635915.0,,2026-05-24,,
609,Uquid Coin,UQC,uquid-coin,2.809604297485629,-0.0001097,-0.05765616,-0.31648139,28096042.97485629,26255.2806291,10000000.0,40000000.0,,2026-05-24,,
610,Tesla Tokenized Stock (Ondo),TSLAon,tesla-tokenized-stock-ondo,431.8506906421872,-0.13080726,2.04013957,3.38070707,28053829.741283894,2988448.4180559,64961.87304822,64961.87304822,,2026-05-24,,
611,Yield Guild Games,YGG,yield-guild-games,0.03819573669438876,-0.06244284,1.76139463,0.75687535,28025607.707226872,10010045.36842742,733736540.5847518,999716389.322777,1000000000.0,2026-05-24,,
612,AI Analysis Token,AIAT,ai-analysis-token,0.19108273193672495,0.07379041,2.30131697,13.87619398,27972498.382120263,361398.50826959,146389462.2952275,500000000.0,500000000.0,2026-05-24,,
613,Lisk,LSK,lisk,0.11974538382142798,0.16757823,0.19405949,-0.37424504,27952122.40861706,10097271.7629416,233429644.77278778,400000000.0,400000000.0,2026-05-24,,
614,Blast,BLAST,blast,0.00045036253890132607,-0.20496708,0.12685494,-3.13486614,27927626.92180166,2244622.327565,62011434143.55023,100000000000.0,100000000000.0,2026-05-24,,
615,Cartesi,CTSI,cartesi,0.03039817000446349,-0.22429889,0.59647556,1.46937845,27791896.863529667,1410419.6522526,914262169.7111657,1000000000.0,1000000000.0,2026-05-24,,
616,Starpower,STAR,starpower,0.14933986727569656,-0.59671759,-3.698449,-11.89426103,27786089.244478226,2166333.6431027,186059421.0465065,553059421.0465065,1000000000.0,2026-05-24,,
617,Cisco tokenized stock (xStock),CSCOX,cisco-tokenized-stock-xstock,120.22242599114068,0.00044355,-0.10435697,0.56169118,27614421.800345287,64.2101943,229694.43157286,229694.43157286,,2026-05-24,,
618,Audius,AUDIO,audius,0.019373270529140667,-0.06413054,-0.30860491,-1.81134834,27561154.578076832,3907573.0799237,1422638193.0,1422638193.0,,2026-05-24,,
619,Electronic USD,eUSD,electronic-usd,0.9992891843185356,0.0810111,-0.0671841,-0.04953818,27475167.328263868,173609.26077324,27494711.0,27494711.0,,2026-05-24,,
620,iShares Silver Trust Tokenised ETF (xStock),SLVx,ishares-silver-trust-tokenised-etf-xstock,69.01,0.0,0.85257919,-0.74787861,27443000.3601,53.47619405,397667.01,397667.01,,2026-05-24,,
621,Symbol,XYM,symbol,0.00418383001893683,0.06498722,0.81952322,-2.92536752,27266578.709079187,79372.73469947,6517133484.311107,8533810949.579098,8999999999.0,2026-05-24,,
622,dKargo,DKA,dkargo,0.005438524188040926,0.35500685,0.30936951,-7.76639528,27192620.94020463,1210762.12875991,5000000000.0,5000000000.0,5000000000.0,2026-05-24,,
623,SATS (Ordinals),SATS,sats-ordinals,1.2939022205231202e-08,0.03974609,0.26767744,-4.20633372,27171946.630985525,3370413.74903801,2100000000000000.0,2100000000000000.0,2100000000000000.0,2026-05-24,,
624,Klickl Token,KLK,klickl-token,0.27127167898854504,0.14385566,-0.65698677,-7.20471419,27127167.898854505,85713.50446169,100000000.0,100000000.0,1000000000.0,2026-05-24,,
625,MiL.k,MLK,milk-alliance,0.04908280780561105,0.34850135,0.97282113,-4.21138802,27049297.770086676,2274383.93462015,551095158.9651,986245419.0,986245419.0,2026-05-24,,
626,Spell Token,SPELL,spell-token,0.0001573499182830269,-0.45651674,-0.62654258,-1.67234331,26987169.618540563,2873478.99803451,171510541047.746,196008739620.0,,2026-05-24,,
627,Particle Network,PARTI,particle-network,0.049954766833002096,-0.51726589,-4.20836933,-18.23338549,26923017.179183785,27721934.14219547,538947909.9999996,1000000000.0,1000000000.0,2026-05-24,,
628,MEET48,IDOL,meet48,0.025700463246634324,0.03345655,1.90272274,5.52914267,26892964.741278157,1725412.82166003,1046400000.0,4800000000.0,4800000000.0,2026-05-24,,
629,Xertra,STRAX,stratis-new,0.012384327737744194,0.08729585,-0.06021247,-2.94646245,26850416.10314431,569586.00113389,2168096377.2713523,2168096377.2713523,,2026-05-24,,
630,Bit Digital Tokenised Stock (xStock),BTBTx,bit-digital-tokenised-stock-xstock,1.86,0.0,0.0,0.0,26845172.60141664,0.0,14432888.49538529,14432888.49538529,,2026-05-24,,
631,deBridge,DBR,debridge,0.013802284818505409,-0.09997485,-0.24966906,-0.96142161,26565043.917006087,4465670.53026987,1924684519.0,10000000000.0,10000000000.0,2026-05-24,,
632,Hana Network,HANA,hana-network,0.04604981074490915,0.12124304,25.4392479,18.34348038,26288438.06273573,12921501.49585364,570869622.2088587,1000000000.0,1000000000.0,2026-05-24,,
633,TBLL tokenized ETF (xStock),TBLLX,tbll-tokenized-etf-xstock,105.55,0.0,-0.20997032,-0.72422874,26097237.5,98.50443195,247250.0,247250.0,,2026-05-24,,
634,DOGS,DOGS,dogs,5.0306761754713225e-05,0.11296234,-5.24903938,-8.00655211,25996019.13674806,9993594.19881524,516750000000.0,550000000000.0,550000000000.0,2026-05-24,,
635,Momentum,MMT,momentum-token,0.12681354910289272,-0.06223838,1.32407059,3.96226876,25882065.07309971,3520999.22882623,204095424.0,1000000000.0,,2026-05-24,,
636,Sonic SVM,SONIC,sonic-svm,0.039009705250413085,-0.04368827,1.87587019,-4.7284601,25508740.476973712,1906396.03299803,653907542.0648966,2399996799.3477316,,2026-05-24,,
637,Shentu,CTK,shentu,0.15989711205199567,0.05059424,-0.62386026,-14.29496239,25504502.224906012,1748464.90115627,159505709.0,159505709.0,,2026-05-24,,
638,TokenPocket,TPT,tokenpocket,0.007356190191543315,0.57685269,0.11264213,-6.59227427,25499919.925282743,57100.78774307,3466457400.0,3466457400.0,5900000000.0,2026-05-24,,
639,Autonomi,ANT,autonomi,0.07754201371816447,0.10392933,-0.32856468,-8.57291437,25455110.834233552,416350.75352335,328275081.0,1200000000.0,1200000000.0,2026-05-24,,
640,Stronghold SHx,SHX,stronghold-token,0.0043620431595916805,0.26366852,0.54048215,-4.78852347,25273263.864503935,459443.78135563,5793905044.0,99756866344.0,99756866344.0,2026-05-24,,
641,Aergo,AERGO,aergo,0.05137413197473179,-0.20050823,-0.20161885,-2.65997119,25173324.450250577,693366.9114261,489999995.7689212,500000000.0,500000000.0,2026-05-24,,
642,Metis,METIS,metisdao,3.417751882155261,-0.21104489,-3.69040483,-2.29964995,25149302.82208641,2727454.93595702,7358434.342,10000000.0,10000000.0,2026-05-24,,
643,GameBuild,GAME,gamebuild,0.0013132425362317444,-0.38834226,1.23530224,-1.38850448,25077877.43531427,481023.21349292,19096150744.0,21419639000.0,21419639400.0,2026-05-24,,
644,ISLM,ISLM,islamic-coin,0.01145025553478618,-0.17593658,-0.35199952,-5.92857096,25035512.96174075,7481.56416629,2186458886.06435,18164212058.33323,100000000000.0,2026-05-24,,
645,Nosana,NOS,nosana,0.35008050345645136,1.53417869,7.89775244,16.97625272,25008786.093596082,977774.82114211,71437243.281693,99999726.426546,,2026-05-24,,
646,Pocket Network,POKT,pocket-network,0.01068317129603214,-0.05709241,1.47978581,-6.96831007,25000732.14373837,538255.54634792,2340197629.61434,2376648829.160687,,2026-05-24,,
647,Usual,USUAL,usual,0.013974849870882882,-0.4246347,0.03738102,0.02638746,24993009.33266527,28742231.96928554,1788427751.5380778,1823008004.1585326,3000000000.0,2026-05-24,,
648,Cheelee,CHEEL,cheelee,0.43888043827953155,0.08132692,1.69268008,1.66847787,24940748.23267299,1243908.14249999,56828115.48959432,1000000000.0,1000000000.0,2026-05-24,,
649,Cobak Token,CBK,cobak-token,0.24913482643056922,-0.18569869,0.82292348,0.01273635,24913482.64305692,3322551.64677246,100000000.0,100000000.0,100000000.0,2026-05-24,,
650,Opinion,OPN,opinion,0.17698592536027227,0.41862768,0.7461041,5.46900523,24877895.21537442,9514385.49033252,140564257.66474378,1000000000.0,1000000000.0,2026-05-24,,
651,Liquity,LQTY,liquity,0.25843724097473286,-0.18787571,-0.2255188,-3.98469236,24866992.516287617,4010446.33236399,96220623.70925418,100000000.0,100000000.0,2026-05-24,,
652,Cetus Protocol,CETUS,cetus-protocol,0.026195822551310262,0.40291259,1.46940287,-3.36735531,24829083.984554764,2907482.22452374,947826087.0,1000000000.0,1000000000.0,2026-05-24,,
653,Swarm Network,TRUTH,swarm-network-ai,0.011888717088114623,0.80361825,-0.68218472,-30.44156736,24791604.75404599,3397106.86833369,2085305300.0,10000000000.0,10000000000.0,2026-05-24,,
654,Infinity Ground,AIN,infinity-ground,0.08235131540260991,-0.85556146,-9.08558784,3.17604959,24785017.344637673,1892117.28119782,300966866.4485252,1000000000.0,1000000000.0,2026-05-24,,
655,FLock.io,FLOCK,flock-io,0.06749633530894092,-0.21836113,1.8846456,9.32904541,24713615.713645775,4609404.96873348,366147518.9805168,369026407.4958557,1000000000.0,2026-05-24,,
656,Wirex Token,WXT,wirex-token,0.0024668780622791237,1.05558781,2.9961026,-4.78549388,24668780.622791238,304536.12287344,10000000000.0,10000000000.0,10000000000.0,2026-05-24,,
657,Moonriver,MOVR,moonriver,2.1230443987585113,-0.39448436,0.6006161,-7.07263277,24503734.734191395,4441835.48646761,11541791.0,12506633.0,,2026-05-24,,
658,DFDV tokenized stock (xStock),DFDVx,dfdv-tokenized-stock-xstock,4.296934550265861,0.04513671,-1.78250851,-5.5640657,24439796.79467938,622539.75997147,5687728.42797134,5687728.42797134,,2026-05-24,,
659,ArcBlock,ABT,arcblock,0.24793828381285352,0.8702104,-1.34708435,-2.38140737,24435385.353234086,142629.17651636,98554305.44029327,186000000.0,186000000.0,2026-05-24,,
660,Animecoin,ANIME,anime,0.004401537529541498,0.11941517,2.07914637,-1.18099417,24378376.254677277,5391756.72845859,5538604656.0,10000000000.0,,2026-05-24,,
661,Mango Network,MGO,mango-network,0.015141663443067976,0.76782299,-0.12222362,0.68359511,24271527.18133204,2481660.96594129,1602963061.0,10000000000.0,10000000000.0,2026-05-24,,
662,Naoris Protocol,NAORIS,naoris-protocol,0.04048175692382201,0.28654579,7.62562849,-0.58362539,24259097.654169578,2383392.45713927,599260000.0,4000000000.0,4000000000.0,2026-05-24,,
663,WalletConnect Token,WCT,walletconnect-token,0.06323046774333936,-0.67765383,-6.94340862,2.99183378,24249428.730667446,19695562.39452688,383508609.0,1000000000.0,1000000000.0,2026-05-24,,
664,Chintai,CHEX,chex-token,0.019387475148200578,1.41540432,11.45935413,0.35640933,24213440.926075645,218135.88504345,1248921829.2214282,1248921829.2214282,,2026-05-24,,
665,Gradients,SN56,gradients,5.784023646708,-0.00144833,4.53994459,3.19388215,24151416.313751474,461222.87898783,4175539.0,4175539.0,21000000.0,2026-05-24,,
666,GUNZ,GUN,gunz,0.011733533436864126,-0.46489296,-0.54857675,-13.37790101,23975946.698825017,9572753.50273961,2043369700.0,10000000000.0,10000000000.0,2026-05-24,,
667,Zentry,ZENT,zentry,0.0029763064142438976,0.06595802,0.44608018,-3.880727,23839059.72482014,1831026.44146421,8009612051.612713,9706992814.355925,10000000000.0,2026-05-24,,
668,SLT,SLT,slt-game,2.802573571533514,0.29921008,0.86702662,-3.19558738,23821875.358034868,45880.47088795,8500000.0,100000000.0,100000000.0,2026-05-24,,
669,Pixels,PIXEL,pixels,0.0070401379921490965,0.15586968,3.09901176,-3.97861266,23813957.69800327,7470143.49306799,3382598142.9,5000000000.0,5000000000.0,2026-05-24,,
670,ChainGPT,CGPT,chaingpt,0.02564760256305543,-0.45184499,0.29199741,-30.18568137,23750476.446947467,8535917.26142836,926031054.5032886,997766421.9854141,1000000000.0,2026-05-24,,
671,StrikeX,STRX,strikecoin,0.02702338258209367,0.0,3.35408741,10.20239578,23582792.366580687,0.0,872680993.7630533,880456959.285762,1000000000.0,2026-05-24,,
672,Anoma,XAN,anoma,0.009371025507170809,-0.70815153,-3.79575559,-0.8229775,23427563.76792702,2928822.30774681,2500000000.0,10000000000.0,10000000000.0,2026-05-24,,
673,Smooth Love Potion,SLP,smooth-love-potion,0.0006408965023886892,-0.00908717,2.07910144,-4.36460953,23290166.123737674,1589929.77179595,36339980070.0,36339980070.0,,2026-05-24,,
674,RateX,RTX,ratex,1.326937072650964,-0.05425773,0.1109092,-1.23203414,23218202.426245555,3229341.48729177,17497591.18558657,99999991.18558657,100000000.0,2026-05-24,,
675,Ergo,ERG,ergo,0.27893735138582093,-0.25927019,-0.72298585,0.33730334,23200558.97192008,136133.71531646,83174802.0,83174802.0,97739924.0,2026-05-24,,
676,Definitive,EDGE,definitive,0.09240960655361201,-0.16201333,0.30328813,-8.47091186,23184900.364791147,2391055.47028955,250892750.54255623,1000000000.0,1000000000.0,2026-05-24,,
677,Superform,UP,superform,0.12080050750686881,0.15114086,1.54816792,-13.56346989,23178804.550750826,13910339.12505214,191876715.0,1000000000.0,1000000000.0,2026-05-24,,
678,Lorenzo Protocol,BANK,lorenzo-protocol,0.03820684191291106,-0.79694631,-2.96867631,2.09141382,23168958.260109093,8342745.00638077,606408619.5064375,686656249.9983333,2100000000.0,2026-05-24,,
679,Mira,MIRA,mira-network,0.0819610321286192,-0.53037013,2.03059886,2.79028598,23157313.047161937,5974785.00801648,282540525.0,1000000000.0,1000000000.0,2026-05-24,,
680,Corn,CORN,use-corn,0.04408890080789541,0.1501596,-4.10513719,15.16237953,23146672.92414509,5626136.56784349,525000000.0,2100000000.0,2100000000.0,2026-05-24,,
681,Intel Tokenized Stock (Ondo),INTCon,intel-tokenized-stock-ondo,119.44643394164204,-0.05953869,1.36433013,12.0496547,23099647.20870927,5207765.00467188,193389.17409619,193389.17409619,,2026-05-24,,
682,Aevo,AEVO,aevo,0.025093312581526906,0.05485431,0.08741844,-9.80717522,23012895.1517859,6815525.5270797,917092754.3750218,1000000000.0,1000000000.0,2026-05-24,,
683,Isiklar Coin,ISIKC,isiklar-coin,0.229821845858852,0.00265063,-0.12663042,0.0114824,22982184.5858852,420852.21403761,100000000.0,100000000.0,100000000.0,2026-05-24,,
684,Bitmine Tokenised Stock (xStock),BMNRx,bitmine-tokenised-stock-xstock,18.83,0.0,0.17658619,-3.92857143,22980251.9471,1.883e-05,1220406.37,1220406.37,,2026-05-24,,
685,Freysa,FAI,freysa-ai,0.0028059350300303617,0.15796277,-1.28021464,-7.80473828,22979766.115439653,441848.11598334,8189700000.0,8189700000.0,8189700000.0,2026-05-24,,
686,pippin,PIPPIN,pippin,0.022958686991034486,-0.25129395,-1.93463483,-5.52870438,22958600.96483433,8206239.25229101,999996253.0,999996253.0,,2026-05-24,,
687,AI Companions,AIC,ai-companions,0.030486575381412615,-0.50720503,-11.1569763,14.46555298,22864922.39008685,1699107.88297817,749999700.0,1000000000.0,1000000000.0,2026-05-24,,
688,Catizen,CATI,catizen,0.05366006311476882,0.90034015,6.79563576,1.43602223,22846297.310450844,19332266.13920844,425759792.0,1000000000.0,1000000000.0,2026-05-24,,
689,TQQQ tokenized ETF (xStock),TQQQX,tqqq-tokenized-stock-xstock,78.40959055305369,0.29793235,0.48395059,5.12680722,22521581.131684847,10417.26957285,287229.92905372,287229.92905372,,2026-05-24,,
690,Adventure Gold,AGLD,adventure-gold,0.24223451183226563,-0.08132481,0.73461252,2.57902066,22486629.97562373,2537662.62938447,92830001.0,92830001.0,96000000.0,2026-05-24,,
691,Ponke,PONKE,ponke,0.040441994298650745,0.06061102,3.42520153,1.50698687,22467316.42054034,2718154.69458711,555544226.0,555544226.0,555555555.0,2026-05-24,,
692,Loopring,LRC,loopring,0.016412910073457344,-0.01458806,2.12375886,-7.30076314,22459541.010279946,2511585.39327997,1368406998.500595,1373873397.4424574,,2026-05-24,,
693,tokenbot,CLANKER,tokenbot-2,22.741027434081133,-0.00317369,0.18731267,-0.49601493,22428958.14990858,3075795.32447655,986277.25659814,1000000.0,1000000.0,2026-05-24,,
694,Lagrange,LA,lagrange,0.11580139210395916,-0.284335,0.7020989,-5.81670468,22349668.67606412,5895619.64858595,193000000.0,1000000000.0,,2026-05-24,,
695,Zeebu,ZBU,zeebu,0.1240365748349707,-0.00320334,0.17439954,0.58149106,22270713.543447044,1209.39227167,179549568.932212,271574623.461212,,2026-05-24,,
696,Oho,OHO,oho,0.0009221112441356546,0.19798047,1.94796009,-1.47499983,22244916.10620564,176793.63169021,24123896382.0,45000000000.0,45000000000.0,2026-05-24,,
697,Tether Gold Tokens,XAUT0,tether-gold-tokens,4517.770076854674,0.04946416,0.5242908,-0.28641927,22179889.092287097,558021.10796558,4909.477179,2717.006674,,2026-05-24,,
698,SynFutures,F,synfutures,0.005418387569457922,0.59330074,2.03993524,3.62339348,22163510.883474045,7764897.32643806,4090425537.0,10000000000.0,10000000000.0,2026-05-24,,
699,Zest Protocol,ZEST,zest-protocol,0.15168534883212714,-1.16265353,-5.9208211,102.89660024,22146060.929490563,73153351.37414122,146000000.0,1000000000.0,1000000000.0,2026-05-24,,
700,Tokamak Network,TOKAMAK,tokamak-network,0.5039274652922945,0.38728985,0.81392864,-5.89073155,22092912.788948726,370154.34791506,43841454.0,103892829.55697863,,2026-05-24,,
701,MediBloc,MED,medibloc,0.002056345324922682,-0.40450187,0.25722993,-4.67718236,21887825.63278217,235287.36866487,10644041819.0,11434259731.0,,2026-05-24,,
702,DIA,DIA,dia,0.18265757597306934,-0.23480661,1.15011633,0.81753466,21859747.058540948,1913722.96730761,119676104.0,168817248.0,200000000.0,2026-05-24,,
703,Rujira,RUJI,rujira,0.272944596009291,-0.86249518,-6.10481138,-3.83417818,21821920.450942814,14104.73521666,79950000.0,100000000.0,100000000.0,2026-05-24,,
704,OKZOO,AIOT,okzoo,0.07405077730050882,-3.88133736,1.52657317,-10.43706582,21715390.369323432,2044401.45168294,293249999.0,1000000000.0,1000000000.0,2026-05-24,,
705,OpenKaito,SN5,openkaito,6.2459884194413995,-0.02402235,4.58873945,1.35560955,21744459.292045478,99375.61405116,3481348.0,3481348.0,,2026-05-24,,
706,InitVerse,INI,initverse,0.03933642742305367,-7.62356866,-26.06614631,-70.0605555,21490900.197445918,473488.37966291,546335842.0,548785387.25,6000000000.0,2026-05-24,,
707,ROGin AI,ROG,rogin-ai,0.3207680307246227,-0.05274798,0.67867502,2.44245849,21488209.83637107,564052.06477902,66989873.61,200000000.0,,2026-05-24,,
708,Fluent,BLEND,fluent,0.10740176930126058,-4.38976503,1.78348036,4.0631917,21480353.860252116,19353054.40276925,200000000.0,1000000000.0,1000000000.0,2026-05-24,,
709,QuarkChain,QKC,quarkchain,0.0029608877823327586,-0.02055455,0.53480589,-0.91943574,21430515.304409098,633936.35529981,7237868126.0,10000000000.0,,2026-05-24,,
710,Zerebro,ZEREBRO,zerebro,0.02140222640099898,-0.40576556,-6.40804458,-4.38616348,21401142.562348872,2351968.63637998,999949358.602708,999949588.493524,1000000000.0,2026-05-24,,
711,Chromia,CHR,chromia,0.021946525890139013,0.30720633,0.33151752,0.0836089,21394173.86938147,2281552.02677553,974831915.3782,974831915.3782,978064789.0,2026-05-24,,
712,Taiko,TAIKO,taiko,0.11001124127359226,-0.19132291,1.70731203,1.11504426,21375039.866234966,2332482.8038283,194298688.19565764,1000000000.0,1000000000.0,2026-05-24,,
713,CrowdStrike tokenized stock (xStock),CRWDX,crowdstrike-tokenized-stock-xstock,619.6570516613008,0.00274572,-6.02002107,3.2683655,21370112.74064328,13280.13708948,34487.0,34487.0,,2026-05-24,,
714,REAL,ASSET,real-finance,0.18947809569212767,-0.65395576,1.99947085,3.7993634,21278992.497092143,2066395.4100256,112303179.0,1000000000.0,1000000000.0,2026-05-24,,
715,Orizon,ORI,orizon,56.13547104284218,-0.04655766,-0.0164596,0.26999082,21158419.897530433,414395.9651696,376917.116833,376917.116833,376917.116833,2026-05-24,,
716,Ridges AI,SN62,ridges-ai,4.8114332436782,0.72443993,8.30088121,5.87811377,21038112.14381402,456170.41808581,4372525.0,4372525.0,21000000.0,2026-05-24,,
717,QANplatform,QANX,qanplatform,0.011736397889722267,0.07251235,0.91843309,4.57757837,21035544.295301333,161857.98124093,1792333942.0626206,2200000000.0,3333333000.0,2026-05-24,,
718,SuperWalk,GRND,superwalk,0.021525811068336103,-1.10023469,0.51285334,-6.35987619,20999642.708322134,149540.53898422,975556397.9288126,1000000000.0,,2026-05-24,,
719,Xai,XAI,xai-games,0.010244930096409751,0.13157218,0.84704601,-3.2480536,20990921.10956746,5451843.05371189,2048908183.075212,2191139370.7258344,2500000000.0,2026-05-24,,
720,Orbler,ORBR,orbler,0.020485266623805377,0.002845,-0.14036539,-0.60562863,20804565.353353977,8464.19507201,1015586750.0,2000000000.0,2000000000.0,2026-05-24,,
721,zkPass,ZKP,zkpass,0.0755325846463689,0.24701779,0.2328075,4.05541455,20771460.777751446,6350240.31955227,275000000.0,1000000000.0,1000000000.0,2026-05-24,,
722,LUSD,LUSD,lusd,0.9988247149797886,-0.00053492,0.01490487,-0.07601858,20752401.22631118,58985.12593437,20776819.91152082,10000000000000.0,1000000000000.0,2026-05-24,,
723,Doodles,DOOD,doodles,0.0026572126391836083,-0.20550768,0.88385905,-5.99211557,20726258.585632145,8575702.04983871,7800000000.0,10000000000.0,10000000000.0,2026-05-24,,
724,Treasure,MAGIC,magic-token,0.06161610341222213,-0.1268383,0.50034213,-3.11721513,20696639.357267622,4352115.25727616,335896595.38844275,347687042.97175324,,2026-05-24,,
725,Hippo Protocol,HP,hippo-protocol-ai,0.015120078451226137,0.15407247,-3.88057158,-2.01611521,20687132.05415064,5207773.36229301,1368189465.476818,1368190497.377762,,2026-05-24,,
726,Prom,PROM,prom,1.1306163695262421,1.27314944,-3.45142406,-36.79611677,20633748.74385392,4587373.2065314,18250000.0,19250000.0,19250000.0,2026-05-24,,
727,sUSD,SUSD,susd,0.6273181502948817,-3.83743607,-2.74838217,-1.39339471,20576918.851328418,71740.78893302,32801408.41079743,32801408.41079743,142399574.0,2026-05-24,,
728,Bifrost,BFC,bifrost,0.014675568639543038,-0.04584065,-0.46061687,-6.85040413,20349709.424219392,916107.78085045,1386638564.0,2584913482.0,,2026-05-24,,
729,OLAXBT,AIO,olaxbt,0.08815032934460312,-0.43277483,-8.01441787,-13.77808699,20296613.33159487,858090.16304624,230250000.0,1000000000.0,1000000000.0,2026-05-24,,
730,Comtech Gold,CGO,comtech-gold,143.73512761260687,-0.09573311,0.13984054,-1.25616154,20266652.99337757,829308.59552008,141000.0,141000.0,141000.0,2026-05-24,,
731,Orderly,ORDER,orderly-network,0.052560759264540555,-0.02636905,0.25457894,-0.78927387,20207460.877958857,4436849.96241792,384459074.8062417,997869608.6576366,1000000000.0,2026-05-24,,
732,Aurora,AURORA,aurora-near,0.028535826108143546,0.24402348,1.91006017,7.44026151,20173152.721352763,629129.64602769,706941255.0,999791998.0,1000000000.0,2026-05-24,,
733,Celer Network,CELR,celer-network,0.0025726237972420957,-0.31046042,-1.53965648,-2.19743731,20075274.557618212,3201617.57288821,7803424106.9912,10000000000.0,10000000000.0,2026-05-24,,
734,Infinex,INX,infinex,0.010047844229687141,0.08141839,-0.78970168,-10.22568139,20038415.747265067,4565616.91628951,1994300000.0,10000000000.0,10000000000.0,2026-05-24,,
735,MAX Exchange Token,MAX,max-exchange-token,0.29878752855065466,0.12980154,0.50357332,0.99036496,19998194.832421996,10647.55651293,66931156.49581612,285000000.0,500000000.0,2026-05-24,,
736,Boundless,ZKC,boundless,0.06849096169578929,-0.15714702,-0.18754926,-1.13940594,19906284.748810135,5228318.84741932,290641046.0,1040192286.0,,2026-05-24,,
737,WINkLink,WIN,wink,1.997051719833044e-05,0.0233834,3.30843043,2.29800472,19844739.968401015,8070141.30766556,993701854154.286,993701854154.286,993701859243.3864,2026-05-24,,
738,Global Commercial Business,GCB,global-commercial-business,0.01651143170068497,0.00265063,0.00969391,-0.42891871,19844177.444579493,5157.35359786,1201844746.3738875,1201844746.3738875,2500000000.0,2026-05-24,,
739,Degen,DEGEN,degen-base,0.0009041386591712162,0.66369912,1.9354256,-10.32230089,19774245.67782968,2760197.82140176,21870810939.5033,36799823939.47897,36963632968.517365,2026-05-24,,
740,Mind Network,FHE,mind-network,0.0294527682909907,0.74941392,-4.80869646,11.81545596,19651457.91620955,4764053.65257783,667219384.0,1000000000.0,1000000000.0,2026-05-24,,
741,iShares 20+ Year Treasury Bond Tokenized ETF (Ondo),TLTon,ishares-20-year-treasury-bond-tokenized-etf-ondo,87.04792686297169,0.03353304,0.09094268,1.02112425,19632414.899271,4192131.31179164,225535.69748049,225535.69748049,,2026-05-24,,
742,Katana,KAT,katana-network,0.00835586120302957,0.10794227,0.72065318,-3.48195075,19569426.937495254,5602791.99386219,2342000000.0,10000000000.0,10000000000.0,2026-05-24,,
743,Braintrust,BTRST,braintrust,0.08105822318740265,-0.38783534,-5.65189694,0.12807155,19563222.3791406,640845.18359076,241347782.0,250000000.0,250000000.0,2026-05-24,,
744,wojak (wojakcto.com),WOJAK,wojaknew,6.328331472746891e-08,-1.37098665,2.7579483,-27.594156,19360077.041567855,1853877.17614062,305927038192333.7,305927038192333.7,420690000000000.0,2026-05-24,,
745,Coin98,C98,coin98,0.019329501847780973,1.736e-05,0.09283235,-2.8528813,19329480.198738903,2511859.29013786,999998880.0,1000000000.0,,2026-05-24,,
746,Public Masterpiece Token,PMT,public-masterpiece-token,0.1078752972128476,0.08423191,-0.06983441,-0.5332437,19322829.049773768,303873.14794888,179121907.8789475,361071410.0,2000000000.0,2026-05-24,,
747,Caldera,ERA,caldera,0.12983564866256836,-0.10133429,0.49340344,0.41435101,19280593.826391403,4903520.44888097,148500000.0,1000000000.0,1000000000.0,2026-05-24,,
748,EGL1,EGL1,egl1,0.01904295138470882,-0.03359775,-4.10241692,-7.94729816,19042951.38470882,1307494.40032696,1000000000.0,1000000000.0,1000000000.0,2026-05-24,,
749,Chevron tokenized stock (xStock),CVXX,chevron-tokenized-stock-xstock,200.4201795190254,0.0,5.16150594,2.52332615,18996626.295226663,6.418839,94783.99999848,94783.99999848,,2026-05-24,,
750,Trusta.AI,TA,trusta-ai,0.06135666164937282,-0.23934111,-0.32791762,-0.17903489,18977955.73219652,2554104.95965108,309305546.0,1000000000.0,1000000000.0,2026-05-24,,
751,Checkmate,CHECK,checkmate,0.046842567385560294,0.08028622,-0.07523862,5.03478221,18941573.081634756,10502001.09770129,404366672.0,1000000000.0,1000000000.0,2026-05-24,,
752,COINDEPO,COINDEPO,coindepo,0.07549570133671507,0.20127527,0.21950939,2.05938525,18897996.08161016,1519908.3859436,250318836.0,1000000000.0,1000000000.0,2026-05-24,,
753,Tensor,TNSR,tensor,0.03868879467603147,0.34571633,1.37818235,1.29695593,18845420.516394068,8812617.08338081,487102807.7819443,783790955.3389704,,2026-05-24,,
754,NYM,NYM,nym,0.022535586945504504,0.21124002,9.57528615,-15.88942098,18780854.93127538,1894964.29192947,833386544.432643,1000000000.0,1000000000.0,2026-05-24,,
755,DeBox,BOX,debox,0.03656321511263727,0.33474581,2.36484197,34.32124285,18581878.697160285,7680.92266102,508212383.4,1000000000.0,1000000000.0,2026-05-24,,
756,SaucerSwap,SAUCE,saucerswap,0.02050233203253113,0.01521389,2.03131326,-1.59639495,18521877.576612346,25164.69613172,903403454.164317,903603415.901169,1000000000.0,2026-05-24,,
757,Allora,ALLO,allora,0.0923258201993608,0.05132679,2.46363194,6.68722063,18511326.94997184,32711555.92293788,200500000.0,785499999.0,1000000000.0,2026-05-24,,
758,Kishu Inu,KISHU,kishu-inu,1.96252189298402e-10,-0.90637045,2.59282014,-33.78853203,18278162.96273113,284455.06235371,9.313609712113394e+16,9.670293841273085e+16,1e+18,2026-05-24,,
759,AO,AO,ao,2.762274856688059,-0.0577113,-1.12040206,-1.72676361,18267304.758021347,304465.14130564,6613137.97712501,6613137.97712501,21000000.0,2026-05-24,,
760,Humidifi,WET,humidifi,0.07937590543824447,-0.12694646,-1.4025192,-3.09775221,18256458.25079623,5909415.31154912,230000000.0,1000000000.0,1000000000.0,2026-05-24,,
761,Eclipse,ES,eclipse-xyz,0.13756370945685617,0.35051205,-2.93536107,-10.70363382,18247531.673113734,4109702.30222244,132647860.0,1000000000.0,1000000000.0,2026-05-24,,
762,Newton Protocol,NEWT,newton-protocol,0.07682425321238948,-0.46194509,-0.02777416,4.58159964,18214536.913249303,4904629.71783482,237093575.94265345,1000000000.0,1000000000.0,2026-05-24,,
763,Fulcrom Finance,FUL,fulcrom-finance,0.0010913627841845689,0.12501432,1.88916481,4.43541984,18206656.546687778,962.94933766,16682497159.08281,20000000000.0,,2026-05-24,,
764,Acurast,ACU,acurast,0.08356271060867093,-0.17408906,0.59440427,-4.72468051,18133108.20208159,2237414.16914603,217000000.0,1000000000.0,,2026-05-24,,
765,MovieBloc,MBL,moviebloc,0.0009360785142464752,0.65554572,1.96679128,-0.48403487,18141096.02954538,2979897.5522067,19379887214.0,30000000000.0,30000000000.0,2026-05-24,,
766,Adshares,ADS,adshares,0.4675243859486624,0.04299704,1.00322912,-1.3523058,18116430.195430912,568668.63899141,38749701.063551,38758206.0,38758206.0,2026-05-24,,
767,BOB (Build on Bitcoin),BOB,bob-build-on-bitcoin,0.00815166717182501,-1.37798616,-7.78505632,36.72465189,18096701.121451523,18477410.5288317,2220000000.0,10000000000.0,10000000000.0,2026-05-24,,
768,tx,TX,tx,0.007256320079943155,-0.44116828,-1.30084598,-10.07264124,18012595.848707214,72413.7303395,2482332043.0,101927474788.0,,2026-05-24,,
769,Firo,FIRO,firo,0.9637126095825647,-0.00108379,4.16524308,-9.56625742,17942197.341808382,337039.91519485,18617788.29435479,18617788.29435479,21400000.0,2026-05-24,,
770,KernelDAO,KERNEL,kerneldao,0.06265162687552239,-0.31186158,-0.72678258,-0.1452937,17937663.240509603,7485202.04676617,286308020.0,1000000000.0,1000000000.0,2026-05-24,,
771,Osaka Protocol,OSAK,osaka-protocol,2.3877805835156888e-08,-0.34887539,-3.07792705,-12.16686155,17929121.826509353,69177.75659935,750869738630302.0,761459789745212.0,1000000000000000.0,2026-05-24,,
772,DODO,DODO,dodo,0.01792147912367516,0.06554387,-1.38014334,-3.12714812,17921479.12367516,13995169.17985845,1000000000.0,1000000000.0,1000000000.0,2026-05-24,,
773,Faith Tribe,FTRB,faith-tribe,0.005386702410433977,-0.03870003,0.41442669,-1.50159182,17769415.958295457,298394.12534224,3298755825.804729,5000000000.0,5000000000.0,2026-05-24,,
774,OpenEden,EDEN,openeden,0.09650672106459876,-2.24080895,-15.81066489,143.00528924,17744690.802147772,133545514.26544267,183870000.0,1000000000.0,1000000000.0,2026-05-24,,
775,Quai Network,QUAI,quai-network,0.02260094369504085,-1.42360007,-7.94380721,-22.01965742,17684887.154901613,406919.41110174,782484457.0,998043139.0,,2026-05-24,,
776,Bitgo Tokenised Stock (xStock),BTGOx,bitgo-tokenised-stock-xstock,7.04,0.0,0.0,-21.95121951,17587484.4288,184.04000384,2498222.22,2498222.22,,2026-05-24,,
777,Codatta,XNY,codatta,0.007027361731114328,-0.40310328,2.9726923,-17.27734142,17568404.32778582,7021346.65586903,2500000000.0,10000000000.0,10000000000.0,2026-05-24,,
778,AVA (Travala),AVA,ava,0.23869334043331444,-0.41575292,-0.57674229,-0.92035938,17491201.416732613,4948920.33215997,73278967.0,73278967.0,100000000.0,2026-05-24,,
779,Coca-Cola tokenized stock (xStock),KOX,coca-cola-tokenized-stock-xstock,82.61320050356706,0.00022907,0.9715698,0.63631695,17449972.61684577,166.48352598,211224.99201677,211224.99201677,,2026-05-24,,
780,Radworks,RAD,radworks,0.2952163593370654,-0.41755148,2.11071016,-4.27032974,17440195.413810488,21862774.51636013,59075978.89552598,99998580.0,99999620.0,2026-05-24,,
781,JOE,JOE,joe,0.043088896377111295,-0.03589798,-0.85582974,1.97062688,17389568.90945372,2298778.04539681,403574247.0,464573155.0,500000000.0,2026-05-24,,
782,Eitherway,EITHER,eitherway,0.17158312220186883,-0.89505507,3.27682665,-3.83198292,17158300.38095145,3713705.64900539,99999931.0,99999960.0,100000000.0,2026-05-24,,
783,Orochi Network,ON,orochi-network,0.11995669000505019,-0.45102682,-4.06625807,1.0246912,17306751.450478617,1281920.8707598,144275000.0,700000000.0,1000000000.0,2026-05-24,,
784,Electroneum,ETN,electroneum,0.0009622559559797927,-0.06243939,-3.68003664,-5.47859374,17301186.57741819,253765.38563751,17979817604.56,17979817604.56,21000000000.0,2026-05-24,,
785,MetaMUI,MMUI,metamui,0.03615623998300931,0.00265063,-1.89350436,-7.85933354,17219282.419662084,91257.39846841,476246491.0,800000000.0,800000000.0,2026-05-24,,
786,Goatseus Maximus,GOAT,goatseus-maximus,0.01720049409949884,0.11836897,-0.38808659,-12.22501144,17200145.836501554,4540458.46647394,999979752.732958,999979752.732958,1000000000.0,2026-05-24,,
787,KnoxNet,KNX,knoxnet,0.01719140936773413,-0.78340813,-17.81007184,-30.41422655,17191409.36773413,240609.73432617,1000000000.0,1000000000.0,1000000000.0,2026-05-24,,
788,Drift,DRIFT,drift,0.02803258791223356,0.34196331,-1.02142165,-4.7446163,17142371.098394413,21897246.57116966,611515824.085346,1000000000.0,,2026-05-24,,
789,Folks Finance,FOLKS,folks-finance,1.4000428052621872,-0.02752929,-5.58907379,1.78997581,17078291.9560015,3522605.49276113,12198406.999994,50000000.0,50000000.0,2026-05-24,,
790,HarryPotterObamaSonic10Inu (ERC-20),BITCOIN,harrypotterobamasonic10inu-eth,0.01707024520962061,0.06599612,2.78607704,-5.55892937,17066799.665976275,2972413.66414972,999798155.0,999798155.0,999798155.0,2026-05-24,,
791,Abey,ABEY,abeychain,0.016352771702494513,0.11219931,-0.42267808,-4.8725468,17030531.1032493,20666.93955461,1041446148.2790346,1338737414.2780557,1338753428.9029334,2026-05-24,,
792,Young,YNG,young,0.6299750623741499,0.0,0.42525278,-1.15104775,17009326.684102047,14463.33471034,27000000.0,100000000.0,100000000.0,2026-05-24,,
793,Walmart tokenized stock (xStock),WMTX,walmart-tokenized-stock-xstock,128.57444089344992,0.0,1.89422622,-3.34011459,16965911.101179108,0.0,131953.99476976,131953.99476976,,2026-05-24,,
794,Delysium,AGI,delysium,0.007800093781953599,0.44304317,1.94377593,-5.08013831,16904900.268407207,2241333.97188447,2167268848.423157,3000000000.0,,2026-05-24,,
795,Apertum,APTM,apertum,0.17762486687211093,-0.21527739,-1.99665492,-12.64363084,16899616.628993217,684515.47692905,95142177.593641,95438524.548192,2100000000.0,2026-05-24,,
796,Based,BASED,basedone,0.07183247139538243,-1.03822824,-0.94491682,-4.27659536,16880630.77791487,19604118.50801926,235000000.0,1000000000.0,1000000000.0,2026-05-24,,
797,Vine Coin,VINE,vine-coin,0.016865070640176203,-0.40395257,0.27022947,6.40570608,16864971.20371971,3000517.92232487,999994104.0,999994104.0,,2026-05-24,,
798,SentismAI,SENTIS,sentismai,0.08118273672545122,-0.57305233,1.92151993,8.05046568,16763333.11241792,3295525.3313965,206488889.0,1000000000.0,1000000000.0,2026-05-24,,
799,Microsoft Tokenized Stock (Ondo),MSFTon,microsoft-tokenized-stock-ondo,420.74568922338796,-0.15407841,0.25926742,0.34534787,16750037.587689856,3960028.50984246,39810.36054964,39810.36054964,,2026-05-24,,
800,ARPA,ARPA,arpa-chain,0.01101303596423819,-0.58218505,-1.82907235,-4.99361967,16735261.858818538,4153583.81264536,1519586598.3877385,1999999999.9877386,,2026-05-24,,
801,Enso,ENSO,enso,0.8047200038683842,0.40437496,-1.94467051,-4.36372256,16569184.87965003,13733305.10652283,20590000.0,100000000.0,127339703.0,2026-05-24,,
802,Space and Time,SXT,space-and-time,0.011817130741995464,0.01453298,1.0520451,-5.15871169,16543983.03879365,51743377.37314158,1400000000.0,5000000000.0,5000000000.0,2026-05-24,,
803,Palantir tokenized stock (xStock),PLTRX,palantir-tokenized-stock-xstock,138.68131572296608,-0.06575714,1.87463964,2.27261273,16489208.439460667,522.26455074,118900.0,303038.0,,2026-05-24,,
804,Paris Saint-Germain Fan Token,PSG,paris-saint-germain-fan-token,1.0329494592902235,-0.13596456,1.04009492,-4.35531921,16439820.263124721,9601652.34616874,15915415.9143673,19890000.0,19890000.0,2026-05-24,,
805,Vanguard tokenized ETF (xStock),VTIX,vanguard-tokenized-etf-xstock,367.7678416903876,9.344e-05,-0.03864941,0.55364147,16416176.206709484,51.59444633,44637.33460559,88660.33460559,,2026-05-24,,
806,Ready Cards,READY,ready,0.01643684186527425,0.84525472,-17.27573681,-17.63204377,16436841.86527425,650580.54006407,1000000000.0,1000000000.0,1000000000.0,2026-05-24,,
807,Metadium,META,metadium,0.00945132108283184,-0.08308645,-2.18854577,-12.50462297,16403795.286882784,1632562.65442764,1735608720.0,2000000000.0,2000000000.0,2026-05-24,,
808,iShares Core MSCI EAFE Tokenized ETF (Ondo),IEFAon,ishares-core-msci-eafe-tokenized-etf-ondo,96.7311569015109,0.0880051,0.76184632,1.7831611,16399836.74334095,2833429.62711605,169540.37632403,169540.37632403,,2026-05-24,,
809,Solend,SLND,solend,0.16394417046421458,0.0,0.25970809,-16.77430965,16394417.046421457,0.0,100000000.0,100000000.0,,2026-05-24,,
810,Venom,VENOM,venom,0.01655268679886662,0.21531539,0.37275702,-7.2059779,16369270.945673814,180383.1369591,988919270.0,7365030849.4,8000000000.0,2026-05-24,,
811,CoinEx Token,CET,coinex-token,0.023096604022746985,0.17068585,-2.05055701,-6.29625984,16367029.240674805,108217.06245022,708633582.0,2777476547.0,10000000000.0,2026-05-24,,
812,SanDisk Tokenized Stock (Ondo),SNDKon,sandisk-tokenized-stock-ondo,1499.1817529390707,-0.21371419,2.17431509,8.13152047,16242350.696541402,3769513.06841719,10834.14380191,10834.14380191,,2026-05-24,,
813,Initia,INIT,initia,0.08237720790110824,-0.21122624,-0.16110951,-3.5312902,16187282.423013957,3655352.37022482,196501955.279261,1000000000.0,1000000000.0,2026-05-24,,
814,Test,TST,test-token-bsc,0.017124987570899513,-0.03775751,-5.09409989,-4.80648074,16135683.840951324,9242772.30422332,942230397.1986927,942230397.1986927,,2026-05-24,,
815,哈基米,哈基米,hajimi,0.016129321359635913,1.02834092,2.31623121,7.52754992,16129321.359635914,2795174.54127994,1000000000.0,1000000000.0,1000000000.0,2026-05-24,,
816,Power Protocol,POWER,powerprotocol,0.07670442239448474,-0.22272947,-0.98818702,-5.30255792,16107928.702841796,1518262.40099205,210000000.0,1000000000.0,1000000000.0,2026-05-24,,
817,Sophon,SOPH,sophon,0.00801184501139548,-0.05358495,1.9901969,-1.37730118,16023690.02279096,3764518.01608089,2000000000.0,10000000000.0,10000000000.0,2026-05-24,,
818,QIE Blockchain,QIE,qi-blockchain,0.1896243080993285,-0.00099977,-0.03174204,14.71859201,15998430.8850929,123452.93257459,84369093.0,150000565.0,150000565.0,2026-05-24,,
819,Defigram,DFG,defigram,1.5996180489462,0.15565854,0.75447525,33.20673868,15996180.489462,0.0,10000000.0,1000000000.0,1000000000.0,2026-05-24,,
820,DORA,DORA,dora,0.016080629775384513,0.00088036,-0.12232024,-0.01281031,15921199.808538023,48437.26090963,990085589.366,1000000000.0,1000000000.0,2026-05-24,,
821,Avail,AVAIL,avail,0.004142634732222215,-0.71587344,0.44307007,1.83385935,15907373.831320232,854937.04576779,3839917072.0,10963197695.0,,2026-05-24,,
822,USDB,USDB,usdb,0.9978976718775966,0.0939518,0.55762582,0.22079349,15863031.957338477,41016.03259489,15896451.51440363,15896451.51440363,,2026-05-24,,
823,Pfizer tokenized stock (xStock),PFEX,pfizer-tokenized-stock-xstock,26.01,0.0,-0.03266906,3.05071315,15858737.517538402,67.4147988,609716.93646822,609716.93646822,,2026-05-24,,
824,STBL,STBL,stbl,0.031664455819847066,-0.18193347,-2.95542903,0.11889331,15832227.909923533,2988971.99666301,500000000.0,10000000000.0,10000000000.0,2026-05-24,,
825,Araracoin,ARARA,araracoin,0.0004362719785795156,-0.04311718,-0.1107595,-0.07544631,15814859.22350744,14708.80396185,36250000000.0,100000000000.0,100000000000.0,2026-05-24,,
826,Aura,AURA,aura,0.01636478064342824,-1.56345816,-2.12219412,-7.55183901,15764006.962610701,1722950.6504719,963288620.0,963288620.0,965383478.0,2026-05-24,,
827,Recall,RECALL,recall-network,0.060885843257202435,-0.62046122,2.95961651,-9.01941291,15763883.30264622,4172882.038037,258908844.14714,1000000000.0,1000000000.0,2026-05-24,,
828,GeorgePlaysClashRoyale,CLASH,georgeplaysclashroyale,0.01576166467709974,-0.55587659,1.67486656,-0.81620894,15756767.487751095,774087.39917793,999689297.453729,999689297.453729,999999967.828928,2026-05-24,,
829,Highstreet,HIGH,highstreet,0.17187915818022478,0.18720211,-1.7588373,-9.98875315,15707661.888601763,5197843.30321237,91387821.85639642,100000000.0,100000000.0,2026-05-24,,
830,Lumia,LUMIA,lumia,0.11135272643679833,1.24492916,9.9763681,10.35009122,15683588.527554283,3009503.44775847,140846021.73127738,238888888.0,238888888.0,2026-05-24,,
831,Bertram The Pomeranian,BERT,bertram-the-pomeranian,0.016180810741848118,-0.16090445,3.48451589,1.25069393,15642788.072984956,1397620.37828052,966749338.0,979946262.03,979947881.0,2026-05-24,,
832,Moonbeam,GLMR,moonbeam,0.013901885297543546,0.005956,-0.23150535,-6.46283787,15634345.708635828,1975217.22807342,1124620537.0,1232732094.0,,2026-05-24,,
833,Dymension,DYM,dymension,0.02947975583722706,1.88830833,13.59902076,29.09185541,15620875.085973253,26195713.91708403,529884819.0,1065475350.0,,2026-05-24,,
834,Robinhood tokenized stock (xStock),HOODX,robinhood-tokenized-stock-xstock,75.14866484543134,0.11699611,2.54874526,-1.70677735,15608361.703564921,2220323.99151702,207699.78729055,514881.78248353,,2026-05-24,,
835,Komodo,KMD,komodo,0.11463471739300174,-8.52533939,1375.52239727,583.47466813,15585034.153743202,610.13302242,135953876.0,141262234.11549,,2026-05-24,,
836,Banana Gun,BANANA,banana-gun,3.8844407602389133,-0.14223082,0.31320563,2.11033003,15571684.824411448,3148566.89405386,4008732.73285643,8402893.46593683,10000000.0,2026-05-24,,
837,Sleepless AI,AI,sleepless-ai,0.028866102738035738,1.04569388,-1.01771234,-10.53414897,15566045.85327938,21295143.76754981,539249998.33,1000000000.0,1000000000.0,2026-05-24,,
838,Titan's Tap,TIT,titans-tap,0.0005069793693881013,0.78548447,9.30210991,-0.30600815,15558346.626908984,84.6329823,30688322970.0,79999980098.1447,80000000000.0,2026-05-24,,
839,MicroStrategy Tokenized Stock (Ondo),MSTRon,microstrategy-tokenized-stock-ondo,162.1725754618435,0.30202617,2.90673361,-6.43782902,15547443.993313644,2438571.54367613,95869.74831618,95869.74831618,,2026-05-24,,
840,Wayfinder,PROMPT,wayfinder,0.03431408009618096,0.05098356,-4.93384069,4.66260777,15545142.209164556,3637783.99408326,453025177.0,1000000000.0,1000000000.0,2026-05-24,,
841,Uchain,UCN,uchain,307.48773977760845,0.51712466,0.14047808,-12.41968752,15374386.988880422,2815111.59281877,50000.0,100000.0,100000.0,2026-05-24,,
842,Gods Unchained,GODS,gods-unchained,0.03564307302936495,0.56145611,2.39790761,4.89891904,15309194.677580556,624754.57286953,429513882.402,500000000.0,500000000.0,2026-05-24,,
843,Velodrome Finance,VELO,velodrome-finance,0.016726147368613394,0.03654372,2.51844311,7.67644281,15307812.071111022,1874510.37876992,915202511.0,2480166186.6813745,,2026-05-24,,
844,StakeStone,STO,stakestone,0.06774408899345201,-0.35417272,-1.78410466,-8.65379571,15265001.363943156,6752346.13314549,225333333.0,1000000000.0,1000000000.0,2026-05-24,,
845,Pepecoin,PEP,pepecoin-org,0.00014821848003862193,1.36917627,8.27474308,24.07868877,15254875.704219028,109841.06469846,102921550000.0,102921550000.0,,2026-05-24,,
846,HeyElsa,ELSA,heyelsa,0.06648645807817662,-0.27164203,0.30216855,-0.03861551,15224069.170740882,3939684.91775726,228980000.0,1000000000.0,1000000000.0,2026-05-24,,
847,Ark of Panda,AOP,ark-of-panda,0.03516493662754321,-0.19569333,-2.33299861,-23.756655,15202974.198311308,1923251.31856962,432333331.3333333,2000000000.0,2000000000.0,2026-05-24,,
848,Decimal,DEL,decimal,0.0013650388816376228,-0.0129029,-0.29628621,4.01487064,15180602.720616002,367516.14565588,11121003895.804047,11121003895.804047,92075616000.0,2026-05-24,,
849,PepsiCo tokenized stock (xStock),PEPX,pepsico-tokenized-stock-xstock,149.26039201971608,0.00176928,-0.30475187,-6.06166434,15122167.357085515,173.64611885,101314.0,101314.0,,2026-05-24,,
850,TARS AI,TAI,tars-protocol,0.016907343911209564,-0.01234727,7.38921017,-4.55527633,15084559.003244724,641737.48368644,892189753.9,892189753.9,999999988.0,2026-05-24,,
851,Hermez Network,HEZ,hermez-network,3.205656514078288,0.44809397,0.95989092,-0.66360357,15066585.616167953,30758.26923996,4700000.0,100000000.0,100000000.0,2026-05-24,,
852,KONET,KONET,konet,0.03351031300392799,0.11845001,0.79878585,-1.89269741,15017913.206710946,98892.08153372,448157950.80608726,999997956.2,1000000000.0,2026-05-24,,
853,AITECH Cloud Network,ACN,solidus-ai-tech,0.008414928932131123,-0.13890377,1.20996589,-18.31662898,15013588.834728103,3986394.23715114,1784161097.0,1986052500.0,2000000000.0,2026-05-24,,
854,Limitless,LMTS,limitless-lmts,0.11341152052872677,-0.07612462,-0.00175239,-16.50037727,14924806.398373345,2756936.50582254,131598680.0,1000000000.0,1000000000.0,2026-05-24,,
855,Exxon Mobil tokenized stock (xStock),XOMX,exxon-mobil-tokenized-stock-xstock,154.94,0.07551589,-0.00284611,-1.249559,14851164.963302363,19.66746384,95851.07114562,197137.2842753,,2026-05-24,,
856,XSGD,XSGD,xsgd,0.7840008742591419,0.09708101,0.1553132,0.2387605,14834779.247802464,435858.22597167,18921891.205569,83617320.371568,,2026-05-24,,
857,OPEN tokenized stock (xStock),OPENX,open-tokenized-stock-xstock,4.44,0.0,-0.1668383,-1.33333333,14749861.053711277,11.51958,3322040.7778629,3322040.7778629,,2026-05-24,,
858,Lucidum Coin,LUCIC,lucidum-coin,0.08958465485147907,-0.13205891,0.7477047,-1.3607987,14701325.170340639,33695.26574554,164105395.0,210000000.0,210000000.0,2026-05-24,,
859,Honeywell tokenized stock (xStock),HONX,honeywell-tokenized-stock-xstock,232.6777018822882,-0.00068766,1.73718521,6.56272397,14662299.841533761,614102.02733918,63015.49191401,125639.71965376,,2026-05-24,,
860,USDM,USDM,usdm,0.9977014302546089,-0.32880492,-0.83237346,-0.35934415,14645967.662722886,170211.55437158,14679710.0,14679710.0,,2026-05-24,,
861,Santos FC Fan Token,SANTOS,santos-fc-fan-token,0.9072671873417129,-0.49521989,-0.76751302,-14.98929086,14602333.183768358,7238512.49630623,16094854.291549,30000000.0,30000000.0,2026-05-24,,
862,Origin Protocol,OGN,origin-protocol,0.022000221728514256,-0.03328416,0.05557573,0.19215224,14596684.826210028,1144242.19190668,663478987.0,1409664846.0,1409664846.0,2026-05-24,,
863,Nexa (nexaagent.xyz),NXA,nexaagent-xyz,1.4473363310332679,0.15225563,-9.38591122,-11.30320124,14473363.310332678,0.0,10000000.0,1000000000.0,1000000000.0,2026-05-24,,
864,AbbVie tokenized stock (xStock),ABBVX,abbvie-tokenized-stock-xstock,213.26317089050903,0.00169961,-1.98023507,0.47985454,14425334.142204922,128.305821,67641.0,67641.0,,2026-05-24,,
865,CZ's Dog,BROCCOLI,broccoli-714,0.01478428852401814,-0.3825489,-0.39793038,2.38081156,14313166.896940555,6513868.85953141,968133628.7294303,968133628.7294303,1000000000.0,2026-05-24,,
866,AstraZeneca tokenized stock (xStock),AZNX,astrazeneca-tokenized-stock-xstock,104.61275530096373,0.45209278,-2.16619101,14.62224081,14330482.766823875,823310.52125364,136985.99874935,136985.99874935,,2026-05-24,,
867,iShares Core US Aggregate Bond Tokenized ETF (Ondo),AGGon,ishares-core-us-aggregate-bond-tokenized-etf-ondo,100.88903885630377,0.00055753,-0.03950636,0.15754308,14297088.308923736,1162314.52359224,141711.0170837,141711.0170837,,2026-05-24,,
868,YieldBasis,YB,yieldbasis,0.12042444092704044,-0.45251912,-6.33276091,12.55458513,14272500.794131396,8569604.3189362,118518306.45224619,734902062.9542474,1000000000.0,2026-05-24,,
869,AriaAI,ARIA,aria-ai,0.045615330712972746,0.03576762,-0.15061587,-5.99134349,14244654.116869979,2452240.95151078,312277777.98,1000000000.0,1000000000.0,2026-05-24,,
870,PolySwarm,NCT,polyswarm,0.007541550481308612,-0.58966177,0.26845377,-5.20116929,14219599.329999864,197724.94588885,1885500782.0,1885913076.0,1885913076.0,2026-05-24,,
871,OG Fan Token,OG,og-fan-token,3.004008055654425,-0.17716145,-3.50169948,-6.27929809,14040120.834485428,5308163.01418166,4673796.0,5000000.0,5000000.0,2026-05-24,,
872,ResearchCoin,RSC,researchcoin,0.10764476088208484,-0.02902693,1.50015301,-19.31742961,13945711.636622183,707999.38001341,129553092.24847884,1000000000.0,1000000000.0,2026-05-24,,
873,Simon's Cat,CAT,simonscat,1.8383924850903627e-06,-0.00193652,0.22451338,-1.4987497,13910550.655721338,1842825.75030872,7566692514540.816,8098237710443.852,9000000000000.0,2026-05-24,,
874,iShares Gold Trust Tokenized ETF (Ondo),IAUon,ishares-gold-trust-tokenized-etf-ondo,84.63634638311409,0.00052118,0.05416685,-0.94889227,13905161.42483619,2819282.63015892,164293.02562156,164293.02562156,,2026-05-24,,
875,DIAM,DIAM,diam,0.007004659969101378,-0.01895315,-0.47758344,-4.44775422,13885455.171892604,193439.67864026,1982316805.261563,5401462494.44995,10000000000.0,2026-05-24,,
876,OWB,OWB,owb,0.030488022168320642,0.427519,-1.76380388,1.49729168,13876056.547393931,59647.90548849,455131410.9779218,1000000000.0,1000000000.0,2026-05-24,,
877,FirmaChain,FCT,firmachain,0.01177677307426003,-0.28810576,-2.3675338,-5.13560841,13864022.926411483,344705.12815458,1177234446.056659,1186846373.756753,,2026-05-24,,
878,Dolomite,DOLO,dolomite,0.031237567314571606,-0.00754477,-1.01566889,0.37604326,13795195.92175602,1467252.08197135,441621967.0,998851995.6451048,1000000000.0,2026-05-24,,
879,Echelon Prime,PRIME,echelon-prime,0.3845199229409022,-0.23502127,-0.4409211,-3.78790113,13755754.584620088,2003733.50940626,35773841.0,111111111.1,111111112.0,2026-05-24,,
880,Apple Tokenized Stock (Ondo),AAPLon,apple-tokenized-stock-ondo,313.8867881326535,0.37813468,1.61688796,4.33907074,13648083.959962038,3024825.25339547,43480.91246897,43480.91246897,,2026-05-24,,
881,International Business Machines tokenized stock (xStock),IBMX,international-business-machines-tokenized-stock-xstock,253.57,0.0,-0.00390015,16.33786016,13551541.51,10.0946217,53443.0,53443.0,,2026-05-24,,
882,MAP Protocol,MAPO,map-protocol,0.002175731688513622,-0.38190402,0.95689015,-30.54513736,13521329.872787071,1667272.29365826,6214612741.162186,9697223991.055454,10000000000.0,2026-05-24,,
883,Talus,US,talus-network,0.006127950683156198,-1.49020739,-4.49521269,13.76379274,13481491.502943635,3609494.61796931,2200000000.0,10000000000.0,10000000000.0,2026-05-24,,
884,Bluwhale,BLUAI,bluwhale,0.010933148466264872,-3.07745733,6.56551884,-29.69680443,13425906.316573262,8056820.55839777,1228000000.0,10000000000.0,10000000000.0,2026-05-24,,
885,Alpha Quark Token,AQT,alpha-quark-token,0.5002972735585964,0.05280301,1.35529305,-5.20994655,13411069.27476372,129318.80844307,26806201.0,30000000.0,30000000.0,2026-05-24,,
886,Namecoin,NMC,namecoin,0.9072047628157577,-0.08203378,0.49985637,0.80721449,13368932.26675813,32842.20411904,14736400.0,14736400.0,,2026-05-24,,
887,Oracle Tokenized Stock (Ondo),ORCLon,oracle-tokenized-stock-ondo,195.4070584353206,-0.14311712,0.86379216,1.43444627,13345257.184551658,3069857.55601312,68294.65266716,68294.65266716,,2026-05-24,,
888,Mey Network,MEY,mey-network,0.046757461569206446,-0.18740988,-1.12963518,-13.53671992,13293580.375043863,388269.07420117,284309283.03,2300000000.0,2300000000.0,2026-05-24,,
889,SuperRare,RARE,superrare,0.016035244473316976,0.61565967,1.98475241,-2.84545467,13236761.877567662,2045096.21349344,825479268.4697726,1000000000.0,1000000000.0,2026-05-24,,
890,Radix,XRD,radix-protocol,0.0009752566291610974,0.7226315,-8.57621793,-15.62830693,13110553.516746659,227554.83052775,13443183183.511585,13443183197.0518,24000000000.0,2026-05-24,,
891,Mubarak,MUBARAK,mubarak,0.013110268652641208,-0.52811791,-1.53023269,-6.21553539,13110268.652641209,6952234.61998424,1000000000.0,1000000000.0,1000000000.0,2026-05-24,,
892,Torch of Liberty,LIBERTY,torch-of-liberty,0.013094641279246949,0.02276259,-3.93111389,-2.44505697,13094641.279246949,187265.70838801,1000000000.0,1000000000.0,1000000000.0,2026-05-24,,
893,Unicorn Fart Dust,UFD,unicorn-fart-dust,0.01293329286516952,0.02841466,1.24877644,4.97044147,12933292.86516952,2020015.43520069,1000000000.0,1000000000.0,1000000000.0,2026-05-24,,
894,SmarDex,SDEX,smardex,0.0013182750601978565,-0.17072568,-2.03920373,-15.35509056,12917830.212419907,374151.47843178,9799040126.330769,10000000000.0,10000000000.0,2026-05-24,,
895,Artificial Liquid Intelligence,ALI,alethea-artificial-liquid-intelligence-token,0.0014128085448847389,-0.03215626,1.98058615,-4.09723379,12882117.138739526,76868.23900258,9118091184.669674,9870903732.81426,9870903732.81426,2026-05-24,,
896,Maverick Protocol,MAV,maverick-protocol,0.013806860203815408,-0.4460089,0.17284904,-3.30843608,12824814.924846884,2700993.42297251,928872657.1811638,2000000000.0,2000000000.0,2026-05-24,,
897,Vultisig,VULT,vultisig,0.1970487816139099,-0.15591955,2.19270844,0.07329978,12810503.902805343,58574.23689742,65011840.20465435,100000000.0,100000000.0,2026-05-24,,
898,Bone ShibaSwap,BONE,bone-shibaswap,0.05556595729139267,0.82283876,1.05114988,-3.14793245,12775911.081004864,1329100.9571992,229923350.6228802,249999401.82484713,250000000.0,2026-05-24,,
899,AppLovin tokenized stock (xStock),APPX,applovin-tokenized-stock-xstock,479.58,0.0,0.0,-4.60675498,12705033.36,237.0515982,26492.0,26492.0,,2026-05-24,,
900,Just a chill guy,CHILLGUY,just-a-chill-guy,0.012674505029054291,-0.45296358,-0.14627551,-12.60507818,12673805.596168205,3835421.90658808,999944815.76326,999944815.76326,1000000000.0,2026-05-24,,
901,Fartboy,FARTBOY,fartboy,0.012593715818698694,0.42258126,2.44831742,28.91518313,12586669.093168352,868640.10121303,999440457.0,999440457.0,999440457.0,2026-05-24,,
902,MyShell,SHELL,myshell,0.033406312947084016,0.19179351,1.0499129,-4.47128582,12583044.543391736,5347177.36699259,376666666.66637,1000000000.0,1000000000.0,2026-05-24,,
903,MyNeighborAlice,ALICE,myneighboralice,0.12617528953544793,-0.0973158,-0.65529224,-4.53358693,12539972.000313913,4135864.37351213,99385323.754624,99385323.754624,99431890.042182,2026-05-24,,
904,Goldfinch,GFI,goldfinch-protocol,0.14340828489598845,0.32473212,3.65114604,-4.37936306,12537206.974220902,388402.37526646,87423170.72764605,114285714.0,114285714.0,2026-05-24,,
905,Intuition,TRUST,intuition,0.07002245263294297,0.84649539,0.02487876,4.70658905,12579381.806830896,6519596.21987174,179647832.0,1043269230.7692307,,2026-05-24,,
906,Hunt Town,HUNT,hunt,0.09866668931798754,-1.58711539,0.10384312,-5.90332381,12448547.087197892,154049.32109661,126167678.0,198912688.0,198912688.0,2026-05-24,,
907,Metaplex,MPLX,metaplex,0.02409222326174245,0.02792555,2.14675032,-1.36704539,12425128.1502793,562669.36345766,515731903.0,999982241.0,1000000000.0,2026-05-24,,
908,Boba Network,BOBA,boba-network,0.02508749525962113,-0.13104653,0.65968848,-5.20906518,12382708.53916452,2647393.39878173,493580902.0,500000000.0,500000000.0,2026-05-24,,
909,iShares Core S&P Total US Stock Market Tokenized ETF (Ondo),ITOTon,ishares-core-sp-total-us-stock-market-tokenized-etf-ondo,164.07847304164588,-0.00990007,0.05313687,1.1696274,12351614.681206454,2288644.95724765,75278.70324629,75278.70324629,,2026-05-24,,
910,USD CoinVertible,USDCV,usd-coinvertible,0.9993114961049057,-0.03914053,0.02912117,-0.01432744,12292420.789321873,16540817.65550997,12300890.0,12300890.0,,2026-05-24,,
911,MWX Token,MWXT,mwx-token,0.0730308225034086,0.68429005,-1.17270797,-6.66106546,12257996.292064574,488678.25251099,167846888.0929343,1000000000.0,1000000000.0,2026-05-24,,
912,SideShift Token,XAI,sideshift-token,0.08453251143253733,0.0,-1.74430393,-2.65294709,12198019.25219714,0.0,144299738.0,210000000.0,210000000.0,2026-05-24,,
913,Wilder World,WILD,wilder-world,0.024367294029496733,0.0257329,3.03613428,-7.0668795,12182889.40223988,292862.21041459,499968908.6318912,499968908.6318912,500000000.0,2026-05-24,,
914,AMD Tokenized Stock (Ondo),AMDon,amd-tokenized-stock-ondo,475.01194500239035,-0.56598479,2.58701185,13.72485045,12135523.452896627,3856678.9874357,25547.82796638,25547.82796638,,2026-05-24,,
915,ShibaBitcoin,SBBTC,shibabitcoin,103.9086453509339,0.0,0.0,0.0,12114039.867362322,0.0,116583.56074655,1000000000.0,1000000000.0,2026-05-24,,
916,Act I : The AI Prophecy,ACT,act-i-the-ai-prophecy,0.012717152388157777,-0.48447026,-1.20733756,-5.32126942,12058921.764081651,32950198.30318525,948240722.13768,948240722.13768,,2026-05-24,,
917,Ninja Squad Token,NST,ninja-squad-token,1.390256252930612,0.04274306,2.15063595,0.10713071,11971878.122008992,84634.12949637,8611274.43,8611274.43,10000000.0,2026-05-24,,
918,THENA,THE,thena,0.09049916356298765,-0.06957011,-1.1749925,-5.57185479,11944056.90050019,4169362.56019022,131979749.09665431,282849457.8075716,326120291.0,2026-05-24,,
919,Wanchain,WAN,wanchain,0.05969491551800398,-0.12666037,-1.03293747,-0.12395587,11876071.976456538,2818356.07768333,198946122.5198437,198946154.6666663,210000000.0,2026-05-24,,
920,Hivemapper,HONEY,hivemapper,0.0020299260469962967,-0.26898982,-1.71450086,0.77176465,11837337.814344319,326577.46404629,5831413332.451275,6542148799.41067,10000000000.0,2026-05-24,,
921,Eesee,ESE,eesee,0.009010045570840274,0.0885914,0.58250445,0.53165105,11793438.596339967,254451.93728896,1308921081.8764055,1311958871.8830216,1311958871.8830216,2026-05-24,,
922,Bitcoin Diamond,BCD,bitcoin-diamond,0.06321034397945764,0.0,0.0,0.0,11788280.229335021,0.0,186492897.953,189492897.953,210000000.0,2026-05-24,,
923,Layer3,L3,layer3-xyz,0.010053787141620094,-0.39186152,0.53866387,-8.94611753,11775039.11371783,3064169.40598937,1171204338.0123093,3333333312.0,3333333333.0,2026-05-24,,
924,Marlin,POND,marlin,0.0014301477138082526,-0.14599167,4.19817674,-4.27294153,11767276.664091693,1249920.39104786,8228014876.0,10000000000.0,,2026-05-24,,
925,Realio Network,RIO,realio-network,0.07940160219164377,0.82955812,5.27413637,-10.52387458,11758078.167432904,421658.41231242,148083638.65320498,148083638.65320498,175000000.0,2026-05-24,,
926,Gains Network,GNS,gains-network,0.49352469489116013,0.90329207,6.63693127,-4.4811302,11755293.339519022,4101149.85187312,23819058.01514448,23819058.01514448,,2026-05-24,,
927,Moss Coin,MOC,moss-coin,0.026141193138309468,0.26585405,0.44638369,-3.78040453,11697914.361409845,94842.75123811,447489688.0,500000000.0,500000000.0,2026-05-24,,
928,IXS,IXS,ix-swap,0.06497929680610513,0.47513712,-1.10487079,-20.440432,11696273.425098924,183538.41774136,180000000.0,180000000.0,180000000.0,2026-05-24,,
929,Vanar Chain,VANRY,vanar,0.004931342308817741,1.122543,-0.57927611,-4.9240513,11694533.10171236,1201300.91450065,2371470559.0,2377565576.0,2400000000.0,2026-05-24,,
930,Amber tokenized stock (xStock),AMBRX,amber-tokenized-stock-xstock,2.0287885195555697,0.0,-0.05835083,-0.56926521,11657405.152476324,8.7593485,5745993.25662096,10624042.04789826,,2026-05-24,,
931,SquidGrow,SQGROW,squid-grow,0.011651852392956198,4.65193562,-1.21974174,6.3230225,11651852.392956197,97886.96171561,1000000000.0,1000000000.0,1000000000.0,2026-05-24,,
932,GRIFFAIN,GRIFFAIN,griffain,0.011631968905858301,0.35709325,0.89204164,6.50098032,11630586.097394772,1733325.92078867,999881120.0,999881120.0,999881120.0,2026-05-24,,
933,Vulcan Forged (PYR),PYR,vulcan-forged-pyr,0.2578347673762701,0.43112905,1.83836287,-2.96908619,11616097.52715889,3620700.34976244,45052487.08451714,50000000.0,50000000.0,2026-05-24,,
934,DeAgentAI,AIA,deagentai,0.061367210164815965,-1.64582907,-2.14539335,-31.38055704,11595426.411457224,6613511.22967529,188951500.0,1000000000.0,1000000000.0,2026-05-24,,
935,Fusionist,ACE,fusionist,0.11653341040109018,-0.11188609,0.27806019,1.01416162,11513350.15339465,47524323.62833469,98798706.0,146307870.0,147000000.0,2026-05-24,,
936,Everlyn AI,LYN,everlyn,0.04497361028950452,-0.18471324,-1.59956986,-17.59517958,11496989.422146222,3144654.01105391,255638570.0,1000000000.0,1000000000.0,2026-05-24,,
937,ThunderCore,TT,thundercore,0.0008439477944718051,-0.65767847,0.17145969,-1.98136236,11487800.319633441,123801.29311671,13611979787.0,13611979787.0,,2026-05-24,,
938,Purple Bitcoin,PBTC,purple-bitcoin,0.5944706053252983,-0.44005663,-0.50421059,-27.29064829,11480516.79557446,151904.66565344,19312169.0,19312169.0,19312169.0,2026-05-24,,
939,Agoras: Tau Net,AGRS,agoras-tokens,0.38400766947040604,0.00047675,3.13242069,1.82976981,11467164.385793783,9759.5788494,29861810.83728983,42000000.0,42000000.0,2026-05-24,,
940,Worldwide USD,WUSD,worldwide-usd,0.9975764706857101,-0.0035554,-0.00985635,-0.04834394,11376208.5044238,228008.09422315,11403846.059645,11403846.059645,,2026-05-24,,
941,Haedal Protocol,HAEDAL,haedal-protocol,0.028522200099819078,0.03165927,-0.82471971,-6.91388992,11290037.530004319,2653058.15036041,395833333.0,1000000000.0,1000000000.0,2026-05-24,,
942,BENQI,QI,benqi,0.0015633912228726033,-0.58393416,0.94368089,-5.95192922,11256416.804682745,469146.93769041,7200000000.0,7200000000.0,7200000000.0,2026-05-24,,
943,Puffer,PUFFER,puffer,0.024414403027662065,0.78773085,3.6140794,-6.91818658,11256118.54614999,5435238.74963423,461044185.0,1000000000.0,1000000000.0,2026-05-24,,
944,Clash of Lilliput,COL,clash-of-lilliput,0.137016487185,0.0825423,0.70598007,2183.12491164,11245545.975816565,0.0,82074400.0,1000000000.0,1000000000.0,2026-05-24,,
945,iShares TIPS Bond Tokenized ETF (Ondo),TIPon,ishares-tips-bond-tokenized-etf-ondo,112.0463770325175,-0.29234594,-0.3185108,-1.16115058,11227428.642220015,1537476.12035984,100203.40629989,100203.40629989,,2026-05-24,,
946,MORI COIN,MORI,mori-coin,0.013997164152674489,1.2575265,69.95620497,181.6855969,11197843.08949535,4531128.43519638,800007985.0,999998186.0,999999999.0,2026-05-24,,
947,FAR Labs,FAR,farcana,0.0022993403562186453,0.08849455,4.8621709,-11.9848855,11111309.34398742,242073.91031726,4832390000.0,5000000000.0,5000000000.0,2026-05-24,,
948,Alchemix,ALCX,alchemix,4.357182330733283,0.35290832,-0.58804721,-13.92020426,10975560.725910023,981115.55256534,2518958.32967424,2681537.40784408,,2026-05-24,,
949,iShares MSCI EAFE Tokenized ETF (Ondo),EFAon,ishares-msci-eafe-tokenized-etf-ondo,105.08776141778945,-0.00255133,0.67182166,2.67382827,10968684.030365482,2177734.12367147,104376.41721911,104376.41721911,,2026-05-24,,
950,FIGHT,FIGHT,fight-id,0.0053498433914984005,2.29812771,-1.64797981,44.77690154,10967178.952571722,3227084.32634724,2050000000.0,10000000000.0,10000000000.0,2026-05-24,,
951,Marvell Technology Tokenized Stock (Ondo),MRVLon,marvell-technology-tokenized-stock-ondo,195.4500181793557,0.04261272,-0.0063515,9.70908565,10964352.062275773,2681912.91988075,56097.98435636,56097.98435636,,2026-05-24,,
952,Stader,SD,stader,0.15476777194115673,-1.68927179,-1.51613455,-5.62601558,10947362.149048809,1854507.62686077,70734119.97693574,120000000.0,120000000.0,2026-05-24,,
953,GYEN,GYEN,gyen,0.00520782156534336,0.51286108,-7.18605721,-17.40919324,10930076.083026702,2.23122472,2098780833.0,2098780833.0,,2026-05-24,,
954,Abbott tokenized stock (xStock),ABTX,abbott-tokenized-stock-xstock,86.31647307688509,-3.704e-05,-0.43752279,2.6601754,10928442.201539112,6528.39714981,126608.99839831,126608.99839831,,2026-05-24,,
955,Gamestop tokenized stock (xStock),GMEX,gamestop-tokenized-stock-xstock,21.885467764525774,0.00301307,0.35854945,3.99962831,10913248.056463517,186.96806288,498652.72124331,1112374.72072685,,2026-05-24,,
956,Redbelly Network,RBNT,redbelly-network,0.004134527972965031,0.00678628,-0.6781741,-12.16325242,10905398.204644166,168258.23582414,2637640445.5243,10000000000.0,10000000000.0,2026-05-24,,
957,MARBLEX,MBX,marblex,0.03904796215830406,1.10794913,0.45108497,-1.13403156,10860373.556502437,1003090.25535161,278129073.9955513,321282917.0,,2026-05-24,,
958,Hegic,HEGIC,hegic,0.015380218179568403,-1.97163595,-0.23713645,-2.33799354,10823480.1695615,12.75466747,703727349.1958504,3012009888.0,3012009888.0,2026-05-24,,
959,Verified Emeralds,VEREM,verified-emeralds,4.321995169402715,1.34887387,15.71594482,-6.27638927,10804987.923506787,8784572.48068853,2500000.0,50000000.0,50000000.0,2026-05-24,,
960,SWEAT,SWEAT,sweat-economy,0.0012694159690464296,-0.30635681,1.51001483,-15.46653907,10735096.033267397,1213015.38924244,8456720488.03,19803677246.646,21867346500.41,2026-05-24,,
961,Augur,REP,augur,0.9757459446593153,0.13192465,-2.17087906,-6.71798325,10733205.391252467,1955.18861793,11000000.0,11000000.0,,2026-05-24,,
962,Elastos,ELA,elastos,0.4643291020854305,-0.21814386,2.515536,0.10574176,10728145.601308672,238807.68435618,23104616.0,26229451.0,28219999.0,2026-05-24,,
963,ANyONe Protocol,ANYONE,anyone-protocol,0.10957460062351508,-0.01130094,2.73834734,-10.16758459,10683519.78489762,168365.2013321,97499965.5404165,100000000.0,100000000.0,2026-05-24,,
964,AhaToken,AHT,ahatoken,0.0014694778239938405,0.00087302,1.15329963,-2.42237892,10679067.733282287,66701.72955561,7267253414.044749,7673122637.674749,10500000000.0,2026-05-24,,
965,Ellipsis,EPS,ellipsis,0.014737184577889301,0.0,0.64917675,0.07789578,10665323.642922094,0.0,723701571.7997887,723701571.7997887,1000000000.0,2026-05-24,,
966,NetX,NETX,netx,0.47183302355352635,0.09514754,0.24074993,-3.76570594,10622086.681951053,132439.4610404,22512385.0,30000000.0,50000000.0,2026-05-24,,
967,Resolv,RESOLV,resolv,0.027566623184248937,-0.13699772,-3.03579593,-9.5963475,10610954.828129381,7880309.68675561,384920371.175251,1000000000.0,1000000000.0,2026-05-24,,
968,Alltoscan,ATS,alltoscan,0.14143843918716853,-0.36283276,2.59426886,2.25504214,10600826.317231793,307029.26724595,74950108.175356,100000000.0,100000000.0,2026-05-24,,
969,StablR Euro,EURR,stablr-euro,0.8855108404985912,-6.00256951,-23.55210362,-23.73492103,10523005.220244767,7380935.93736732,11883541.95,11883541.95,,2026-05-24,,
970,saffron.finance,SFI,saffron-finance,114.9281775252509,-0.9666133,7.35255995,1.33776012,10507135.068708543,20898.66101,91423.48982607,92122.50184922,100000.0,2026-05-24,,
971,Kleros,PNK,kleros,0.011412907429537987,-1.26030862,0.26861933,15.95828634,10448838.841499355,704461.56471817,915528221.5341986,915528222.0793128,,2026-05-24,,
972,Assemble AI,ASM,assemble-protocol,0.006961708618218349,0.10091592,-0.95489591,-5.19968908,10442562.927327523,187650.69739773,1500000000.0,3000000000.0,3000000000.0,2026-05-24,,
973,Forta,FORT,forta,0.01642018268762663,-3.08293476,-2.89469317,3.9286018,10414874.59298516,592868.79527512,634272760.0,1000000000.0,1000000000.0,2026-05-24,,
974,Cookie DAO,COOKIE,cookie,0.013773277954581975,-0.68185383,-5.39498194,-16.83833324,10400943.172085527,4605238.2948547,755153799.0,999892387.0,1000000000.0,2026-05-24,,
975,CONX,XPLA,xpla,0.010922575891857219,0.47254511,0.41373719,-6.1840421,10276922.969753198,94994.72018764,940888218.2649465,1999880403.9673,2000000000.0,2026-05-24,,
976,Swarms,SWARMS,swarms,0.010262729609822784,-0.62352358,-4.72545101,-13.46236136,10262573.924214603,1875407.16838651,999984830.0,999984830.0,,2026-05-24,,
977,Treehouse,TREE,treehouse,0.06571581910853021,0.48766365,0.82121874,5.01353839,10259714.617264733,5802691.9214897,156122449.0,1000000000.0,1000000000.0,2026-05-24,,
978,Phoenix,PHNIX,phoenix-xrp,1.9264169213458445e-05,0.55636242,5.48829269,-0.34408301,10209992.54183668,246609.27237705,529999110198.0,589000000000.0,589000000000.0,2026-05-24,,
979,Coq Inu,COQ,coq-inu,1.4707903175546633e-07,1.19975958,9.13540349,1.76915335,10210226.384464473,1472537.22169198,69420000000000.0,69420000000000.0,69420000000000.0,2026-05-24,,
980,YELLOW,YELLOW,yellow,0.05253742258628963,-0.19025187,2.1335337,-1.00434312,10188889.324134216,1096604.73495764,193935842.73,10000000000.0,10000000000.0,2026-05-24,,
981,PDD Holdings Tokenized Stock (Ondo),PDDon,pdd-holdings-tokenized-stock-ondo,94.69925123021288,0.11354083,0.68174118,-1.15991261,10163927.060756793,2478845.98385885,107328.48389739,107328.48389739,,2026-05-24,,
982,Bubblemaps,BMT,bubblemaps,0.015320268400203266,0.10329072,-0.43310789,-4.20879955,10136015.444899658,2194619.61279133,661608216.0,1000000000.0,1000000000.0,2026-05-24,,
983,SUPRA,SUPRA,supra,0.00035421187480000403,-0.30712431,-0.18374982,-32.11207516,10125738.844498537,1117572.03315335,28586672454.772324,81545187900.52925,100000000000.0,2026-05-24,,
984,Felysyum,FELY,felysyum,0.23101972543347585,0.96357552,-2.11659581,-3.5346951,10111095.998800768,99724.82210625,43767241.0,500000000.0,500000000.0,2026-05-24,,
985,Anthropic tokenized stock (PreStocks),ANTHROPIC,anthropic-tokenized-stock-prestocks,1058.0659771026294,-0.09450143,1.81740331,10.04144695,10109741.741132287,387583.11710235,9554.92564728,9554.92564728,,2026-05-24,,
986,Alien Worlds,TLM,alien-worlds,0.0014919551165595468,-0.32959112,-3.27587316,-18.80705206,10095124.109668683,4767000.64428977,6766372525.299602,6999018418.7049,10000000000.0,2026-05-24,,
987,Chainbounty,BOUNTY,sentinel-protocol,0.019451451141306416,-0.05277116,-0.62675756,-4.13240533,10093672.087036101,237189.02118344,518916147.3717267,555416661.0,1000449852.0,2026-05-24,,
988,Helium Mobile,MOBILE,helium-mobile,0.00011269625812261269,0.80185039,7.16762041,-1.22703079,10061521.925186861,6446.9695831,89280000000.0,100880000000.0,,2026-05-24,,
989,TG Casino,TGC,tg-casino,0.13015484416320092,0.19900742,-0.40993559,-2.61990069,10047953.969377266,40429.12319452,77199999.99983217,77199999.99983217,100000000.0,2026-05-24,,
990,Bless,BLESS,bless,0.005173082986707201,0.35327083,0.42788204,-10.54615079,10044240.523691071,1767921.95269728,1941635297.4620433,9999968630.462044,10000000000.0,2026-05-24,,
991,Polkastarter,POLS,polkastarter,0.10037185116188332,1.57038092,5.01062693,18.01721688,9957854.410906909,6569489.49274603,99209631.94000003,100000000.0,,2026-05-24,,
992,Freedom Dollar,FUSD,freedom-dollar,0.9975656642046644,-0.18004862,-0.11547089,-0.18729923,9875900.075626178,289944.73272793,9900000.0,9900000.0,,2026-05-24,,
993,Synapse,SYN,synapse-2,0.04616727306915872,-0.27676359,-1.38600449,-10.93050156,9864204.677177612,2919980.20445747,213662276.7907691,227854342.4333593,250000000.0,2026-05-24,,
994,Balancer,BAL,balancer,0.1409460892081319,0.02119994,-0.97838738,-4.07276827,9836474.962728841,452917.06696366,69788917.29449508,72368512.92020285,96150704.0,2026-05-24,,
995,ColossusXT,COLX,colossusxt,0.0007720673080000002,0.0,0.0,-21.58568766,9830236.551021257,0.0,12732356945.0,16860119251.97251,,2026-05-24,,
996,iShares Core MSCI Emerging Markets Tokenized ETF (Ondo),IEMGon,ishares-core-msci-emerging-markets-tokenized-etf-ondo,81.8188292019608,-0.32723976,0.02729459,1.67571941,9827704.923173102,745430.37195217,120115.4430958,120115.4430958,,2026-05-24,,
997,Hashflow,HFT,hashflow,0.012106620524629377,0.36917779,-2.0394307,-13.75186243,9810692.518341903,2947664.41363372,810357646.7424,997353568.2839,,2026-05-24,,
998,APX,APX,apollox,0.22173041039164496,0.37897601,0.31158192,-1.3768202,9790446.083893806,1954.4327808,44154728.55798548,3975255603.4277463,,2026-05-24,,
999,XION,XION,xion,0.13719896430767997,-0.07255189,0.45557928,-6.74579555,9721020.33938183,4021403.20091335,70853452.782498,200000000.0,200000000.0,2026-05-24,,
1000,Orchid,OXT,orchid,0.009746947859256762,-0.17218303,-0.86410264,-6.05185341,9719799.046257414,2843775.95316621,997214634.4279902,1000000000.0,,2026-05-24,,
1001,Auki,AUKI,auki-labs,0.007709379588300267,-0.38409659,-0.02495862,-2.96278484,9681336.024315728,81543.37720578,1255786657.4643822,9991616050.76035,10000000000.0,2026-05-24,,
1002,FC Porto Fan Token,PORTO,fc-porto,0.7428214454514915,-0.75810289,2.03635184,-3.26804096,9647918.216281738,1845949.5946356,12988206.35209,40000000.0,40000000.0,2026-05-24,,
1003,Inverse Finance,INV,inverse-finance,13.406446329186874,0.15197875,-0.4139149,-8.87921332,9643075.146488268,10214.8404869,719286.44696056,727000.0,,2026-05-24,,
1004,Towns,TOWNS,towns,0.0031923556015780526,-0.08862484,-1.47797109,3.32400139,9584300.414369464,6732593.23261846,3002265916.0,10498560408.0,,2026-05-24,,
1005,iShares Russell 1000 Growth Tokenized ETF (Ondo),IWFon,ishares-russell-1000-growth-tokenized-etf-ondo,502.0047178668182,0.20099464,0.22376498,0.40554451,9528025.290086599,768187.66730484,18979.95168367,18979.95168367,,2026-05-24,,
1006,Energy Web Token,EWT,energy-web-token,0.31587329081721977,-0.43407869,3.51672618,7.01808252,9495826.459061394,329265.49042376,30062138.0,81057372.35698934,100000000.0,2026-05-24,,
1007,heyAura,ADX,adx-net,0.06406239451218886,-0.49753072,2.35137294,-8.78692865,9474828.148352733,2511664.38218007,147900000.0,150000000.0,150000000.0,2026-05-24,,
1008,WazirX,WRX,wazirx,0.024736042222216603,0.72500283,2.08192649,-5.8044656,9445627.717094522,10432.20633329,381856872.3419691,962646668.99,,2026-05-24,,
1009,Gitcoin,GTC,gitcoin,0.10795837396450458,0.88957028,-3.09167578,5.46720364,9445440.28129442,5419369.28940231,87491501.9042429,100000000.0,,2026-05-24,,
1010,4,4,4four,0.009415805792543927,-0.26787926,2.72781275,-7.3779045,9415805.792543927,3274671.35320435,1000000000.0,1000000000.0,1000000000.0,2026-05-24,,
1011,AS Roma Fan Token,ASR,as-roma-fan-token,1.1040521164762187,-0.35508366,-2.26865177,-6.19309945,9414105.558261225,4486951.82004308,8526867.0,9995000.0,9995000.0,2026-05-24,,
1012,FC Barcelona Fan Token,BAR,fc-barcelona-fan-token,0.3763804955571457,-0.23155663,-1.90852281,-9.19166105,9389857.046689657,2945967.76015822,24947778.0,39960000.0,39960000.0,2026-05-24,,
1013,DAR Open Network,D,mines-of-dalarnia,0.012627650386958443,-0.24865631,-6.18883206,-8.27080097,9388903.771524832,6256554.43091352,743519458.0,800000000.0,800000000.0,2026-05-24,,
1014,Hamster Kombat,HMSTR,hamster-kombat,0.00014576053954160967,-0.27584809,-1.29563648,-5.77414325,9383334.732991122,2494101.40055798,64375000000.0,100000000000.0,100000000000.0,2026-05-24,,
1015,RAMP,RAMP,ramp,0.01953124341938308,0.0,1.73623724,-27.12424212,9332784.746151302,0.0,477838740.0,1000000000.0,1000000000.0,2026-05-24,,
1016,DAO Maker,DAO,dao-maker,0.043850497829409064,-0.00823572,2.9005204,-2.0214181,9283205.97062288,1129980.07758117,211701267.49158466,274267179.21612483,,2026-05-24,,
1017,Ika,IKA,ika,0.0030750093851055985,0.02009084,-0.7828518,-12.14838866,9225028.155316796,548473.68111209,3000000000.0,10291666666.6667,,2026-05-24,,
1018,Sport.Fun,FUN,sport-fun,0.05166223434078694,-0.7255907,-1.06125641,-12.60925865,9195877.712660076,1963931.61419643,178000000.0,1000000000.0,1000000000.0,2026-05-24,,
1019,Edel,EDEL,edel,0.015233748148993373,0.13528736,6.94566073,96.4993588,9139576.391006917,964685.1501278,599955854.6995441,1000000000.0,1000000000.0,2026-05-24,,
1020,Taiwan Semiconductor Manufacturing Tokenized Stock (Ondo),TSMon,taiwan-semiconductor-manufacturing-tokenized-stock-ondo,406.68202691748337,0.29085763,0.21587472,0.00345247,9125730.10272626,5092217.34076192,22439.47236099,22439.47236099,,2026-05-24,,
1021,Tutorial,TUT,tutorial,0.010924879709152383,0.23190966,-1.1755413,-3.2885656,9125291.262227528,5414003.80304926,835276131.6523019,835276131.6523019,1000000000.0,2026-05-24,,
1022,Toko Token,TKO,tokocrypto,0.053732844124196336,-0.6674516,0.88212561,-1.84632853,9112848.949232576,861269.15972997,169595507.13841677,495268640.66,500000000.0,2026-05-24,,
1023,Apu Apustaja,APU,apu-apustaja,2.6588488762993318e-05,0.55094956,1.80195446,-11.00865549,8983984.370975835,322817.2736182,337889996346.0888,337889996346.0888,420690000000.0,2026-05-24,,
1024,Bitgert,BRISE,bitrise-token,2.2502376769180074e-08,-0.22105561,-0.07778764,-3.14549535,8903965.463796863,666827.1211813,395690000000000.0,1000000000000000.0,,2026-05-24,,
1025,OMG Network,OMG,omg,0.06321219849948469,-2.05557817,-6.91037208,3.443444,8865219.952510616,2903225.13684131,140245398.24513277,140245398.24513277,140245399.0,2026-05-24,,
1026,Gleec Coin,GLEEC,gleec,0.04873841817689484,-0.00133009,0.44491828,-7.40082223,8858453.437708758,664.79763514,181755046.0,210000075.0,,2026-05-24,,
1027,PlatON,LAT,platon,0.0012835103060975267,-0.15151634,0.09678964,-1.97068453,8856426.194524944,2170125.86543834,6900159782.47392,10250000000.0,,2026-05-24,,
1028,Yei Finance,CLO,clovis,0.06858285599792648,0.36903609,-2.16230597,-8.74028941,8854046.709332308,3939276.12296885,129100000.0,999987087.8197601,1000000000.0,2026-05-24,,
1029,ULTILAND,ARTX,ultiland,0.2085282572339642,-0.07085922,-0.94450649,-2.86581795,8841598.106720082,3205392.19243346,42400000.0,82419469.215314,280000000.0,2026-05-24,,
1030,LOAN Protocol,LOAN,loan-protocol,0.00048006141481389504,1.25467907,0.08457543,-4.05277507,8836363.508798035,131064.70471213,18406735547.0,34897925607.95228,,2026-05-24,,
1031,Alpine F1 Team Fan Token,ALPINE,alpine-f1-team-fan-token,0.4131718213611679,-0.29744991,-0.45114921,-2.17487455,8815210.546198452,3796962.60279669,21335459.22168,40000000.0,40000000.0,2026-05-24,,
1032,Hydranet,HDN,hydranet,0.04682497006544229,-0.70973235,3.55103721,18.22879833,8803710.939059274,98136.15150389,188013167.47784916,300000000.0,300000000.0,2026-05-24,,
1033,ELYSIA,EL,elysia,0.0018234103842110594,0.70901142,3.12282257,-4.38349821,8794580.100543387,273321.86884362,4823149070.936418,6803300704.688,7000000000.0,2026-05-24,,
1034,Tradoor,TRADOOR,tradoor,0.6127349713753886,-0.23891788,-1.68157308,-1.9444828,8792134.104265451,3227906.53586674,14349000.0,60000000.0,60000000.0,2026-05-24,,
1035,AMO Coin,AMO,amo-coin,0.0004129915744218809,0.77034184,0.4976383,-4.37649258,8755421.377743876,82039.59265358,21200000000.0,21200000000.0,21200000000.0,2026-05-24,,
1036,Access Protocol,ACS,access-protocol,0.00017739147474976876,-0.43887447,2.86021299,-11.52423132,8751938.423396874,583671.64704139,49336860386.00501,90158452552.21529,,2026-05-24,,
1037,Aspecta,ASP,aspecta,0.026613466857688065,0.91874262,-8.18793526,-8.13094927,8750185.320976054,2166056.4728958,328787879.0,1000000000.0,1000000000.0,2026-05-24,,
1038,Bitlayer,BTR,bitlayer,0.026227454196434862,1.25220735,2.63569077,-4.76328122,8741240.86015975,2382713.52248487,333285907.0,1000000000.0,1000000000.0,2026-05-24,,
1039,X Empire,X,x-empire,1.2643300594386516e-05,0.36232545,0.58161077,-0.85396779,8723877.410126695,308100.08726945,690000000000.0,690000000000.0,690000000000.0,2026-05-24,,
1040,Wojak (wojakmeme.fun),WOJAK,wojak-sol,0.00869405746501518,-7.31736173,-1.49407521,35.48807574,8693672.098396767,1313980.65163515,999955674.71,999956888.0,999956888.0,2026-05-24,,
1041,RollX,ROLL,rollx,0.05603863344809553,-1.36555495,-13.7198662,145.74003375,8685988.184454808,410907.29760448,155000000.0,1000000000.0,1000000000.0,2026-05-24,,
1042,Atletico De Madrid Fan Token,ATM,atletico-de-madrid-fan-token,1.0313158172226167,-0.28532101,2.20665358,0.62148208,8659142.115091072,1153517.97357459,8396208.0,10000000.0,10000000.0,2026-05-24,,
1043,Hey Anon,ANON,hey-anon,0.6236286558621177,0.58704769,7.93878794,-3.96066284,8640183.610615764,591090.14421314,13854693.060362,20961083.951299,20961083.951299,2026-05-24,,
1044,Wibx,WBX,wibx,0.0007339201929028422,7.2e-07,7.32522072,-5.91999253,8624506.314757809,13177.81769327,11751286309.0,11751286309.0,12000000000.0,2026-05-24,,
1045,Peercoin,PPC,peercoin,0.28508513841905037,0.03433872,-0.09226862,-1.44933895,8617299.829078155,8221.9188002,30227109.96744935,30227109.96744935,,2026-05-24,,
1046,BugsCoin,BGSC,bugscoin,0.0009238149097850111,0.07784715,-4.44268399,-23.74752674,8611473.549357088,1440723.96393328,9321643825.126331,12985800644.0,14745800644.0,2026-05-24,,
1047,InfinitiCoin,INCO,infiniticoin,0.008594080034613056,0.0,0.0,-9.00486184,8594080.034613056,0.0,1000000000.0,1000000000.0,1000000000.0,2026-05-24,,
1048,Zircuit,ZRC,zircuit,0.0015225928154580961,1.78582589,2.12455639,-1.52724579,8560719.833763504,1726455.31863224,5622461729.0,10000000000.0,,2026-05-24,,
1049,IAGON,IAG,iagon,0.022710611187075652,0.01800171,-2.90872291,-7.09079741,8539653.874969441,323011.11587581,376020434.0,1000000000.0,1000000000.0,2026-05-24,,
1050,Scroll,SCR,scroll,0.044656155670241095,-0.30054031,-0.674201,-2.21747348,8484669.577345809,2945902.58768747,190000000.0,1000000000.0,1000000000.0,2026-05-24,,
1051,EVAA Protocol,EVAA,evaa-protocol,0.4740918191210102,0.26902639,-1.27152748,-3.6099023,8464595.534212196,1697711.587379,17854337.9,50000000.0,50000000.0,2026-05-24,,
1052,xU3O8,XU3O8,xu3o8,5.267938767011014,0.0628868,0.08875297,-3.7350466,8428702.027217623,1959352.75529193,1600000.0,1600000.0,,2026-05-24,,
1053,Abelian,ABEL,abelian,0.07209244445285419,-0.20644929,-1.08861211,-6.58196629,8421126.510891676,39609.90315304,116810112.0,137389965.0,225180000.0,2026-05-24,,
1054,Heroes of Mavia,MAVIA,heroes-of-mavia,0.033930042445396116,0.04576244,1.28919843,1.17381391,8379606.866089741,1456330.93401497,246967179.0,250000000.0,256989887.032251,2026-05-24,,
1055,Bella Protocol,BEL,bella-protocol,0.10453594832769357,-0.30114961,-0.23783925,-2.08103051,8362875.866215485,1584956.6963266,80000000.0,100000000.0,,2026-05-24,,
1056,Bluefin,BLUE,bluefin,0.01671386093915509,-0.0562748,0.80018235,-1.15435049,8343406.5827095155,3728472.18529791,499190858.0,1000000000.0,1000000000.0,2026-05-24,,
1057,Klever Coin,KLV,klever,0.0009381637193680648,-0.12488193,0.70310854,0.67357756,8331625.977198321,96455.27716898,8880780406.65482,10000000000.0,10000000000.0,2026-05-24,,
1058,我踏马来了,我踏马来了,wotamalaile,0.008320238042220257,-0.40167718,1.50061064,-5.44089891,8320238.042220257,3779895.6618155,1000000000.0,1000000000.0,1000000000.0,2026-05-24,,
1059,Badger DAO,BADGER,badger-dao,0.4224881429841333,0.2191709,-0.30380094,-3.87685084,8274194.439532367,1012501.24026538,19584441.78122913,21000000.0,21000000.0,2026-05-24,,
1060,NAVI Protocol,NAVX,navi-protocol,0.01013361862463486,-0.16983266,1.15864963,-11.22366591,8270730.130585647,282688.01671605,816167495.24,1000000000.0,1000000000.0,2026-05-24,,
1061,Groestlcoin,GRS,groestlcoin,0.091541930400715,0.0,0.0,0.0,8249770.108601092,0.0,90120123.88736624,90120123.88736624,105000000.0,2026-05-24,,
1062,elizaOS,ELIZAOS,elizaos,0.0009260320679165906,-0.92782854,1.83232436,-3.58155022,8208281.370368753,4768804.39759633,8863927778.263601,10999995677.175825,11000000000.0,2026-05-24,,
1063,Coinbase Tokenized Stock (Ondo),COINon,coinbase-tokenized-stock-ondo,186.60253471982128,0.11990095,1.13095187,-1.97155743,8174798.496761336,1874677.25422761,43808.61443836,43808.61443836,,2026-05-24,,
1064,TEXITcoin,TXC,texitcoin,0.1298444673204618,-0.30598214,-0.64108277,12.08564672,8174375.839318293,174391.59130443,62955134.0,69218556.0,353396296.0,2026-05-24,,
1065,PAAL AI,PAAL,paal-ai,0.008168058902782745,-0.25073024,10.20285043,-19.01684956,8158580.87674966,1636954.36377796,998839623.202294,1000000000.0,1000000000.0,2026-05-24,,
1066,RSS3,RSS3,rss3,0.008772772344630354,0.66463375,-0.20588793,-10.17026065,8155339.550238336,2321877.87622149,929619421.3030119,1055772199.8297999,1000000000.0,2026-05-24,,
1067,OpenVPP,OVPP,openvpp-energy,0.010126768961893493,0.55487865,-0.29760223,-12.46887613,8152049.014324262,1173205.20957434,805000000.0,1000000000.0,1000000000.0,2026-05-24,,
1068,Joe coin,JOE,joe-coin,0.00813008867880577,0.32677418,0.88671315,-10.4325788,8130088.67880577,31648.0040953,1000000000.0,1000000000.0,1000000000.0,2026-05-24,,
1069,LUKSO,LYX,lukso-network,0.2658427003925987,0.14282578,5.72491886,23.08849775,8117747.86682175,130621.26327443,30535906.59,42115181.93,,2026-05-24,,
1070,LimeWire,LMWR,limewire,0.017659764286672913,-0.0028342,-0.73148126,-4.25397181,8079095.076574505,554527.20563376,457486008.61402553,633045269.0,633045269.0,2026-05-24,,
1071,Avici,AVICI,avici,0.6248766103859573,-0.44398848,-6.13135455,2.04368763,8060898.900829693,648595.53663325,12899985.0,12899520.275301,12900000.0,2026-05-24,,
1072,Meta Platforms Tokenized Stock (Ondo),METAon,meta-platforms-tokenized-stock-ondo,618.3848391455498,0.16785674,1.44413903,0.98619492,8039643.24724027,2300548.06771276,13001.03550137,13001.03550137,,2026-05-24,,
1073,Epic Chain,EPIC,epic-chain,0.2388860334832138,0.29788029,-1.92107406,-17.82240399,8026570.725035984,5619773.76629989,33600000.0,33600000.0,33600000.0,2026-05-24,,
1074,Landwolf 0x67,WOLF,landwolf-coin,8.896140992399116e-06,0.02296343,10.84365014,-3.60595997,8025738.155447416,438910.34743227,902159505150.0,902159505150.0,1000000000000.0,2026-05-24,,
1075,DEXTools,DEXT,dextools,0.11428143306229713,0.09582838,-0.07745324,-2.56283881,7985150.108249858,19648.48011402,69872680.92706706,112551255.0,200000000.0,2026-05-24,,
1076,Quantoz USDQ,USDQ,quantoz-usdq,0.9993534692079535,-0.0327455,-0.03140348,-0.06394225,7974889.65259946,39693744.08210927,7980049.0,11000000.0,,2026-05-24,,
1077,AKEDO,AKE,akedo,0.0003493039864581518,-1.17652926,-8.45768489,4.25128359,7962821.001296643,1124267.44450024,22796250000.0,100000000000.0,100000000000.0,2026-05-24,,
1078,FUNToken,FUN,funtoken,0.0007334276750686738,-0.81499728,-9.59573738,5.05928238,7925567.358642111,4781425.70434645,10806201658.398026,10806201658.398026,,2026-05-24,,
1079,Brickken,BKN,brickken,0.09816582005154477,-0.81484894,-0.21847515,-0.47035781,7917520.06675678,281095.56527644,80654550.25587787,143000000.0,143000000.0,2026-05-24,,
1080,SCOR,SCOR,scor,0.022196495518086924,0.50731448,6.74617507,10.93808152,7868362.670088672,226224.0415911,354486710.0158715,4000000000.0,4000000000.0,2026-05-24,,
1081,PepeCoin,PEPECOIN,pepecoin,0.07339097159142821,0.01137334,3.72980952,4.74416877,7857033.330110652,129813.4006884,107057219.16111442,107630586.03315184,133769420.0,2026-05-24,,
1082,Nimiq,NIM,nimiq,0.0005569691755068482,0.10362037,0.7445826,1.54532987,7850937.942122447,65670.9258106,14095821254.34142,14095821254.34142,21000000000.0,2026-05-24,,
1083,district0x,DNT,district0x,0.007803773880674031,-0.17398821,0.02930301,-4.07791297,7803773.880674031,12130.32015061,1000000000.0,1000000000.0,,2026-05-24,,
1084,Amazon Tokenized Stock (Ondo),AMZNon,amazon-tokenized-stock-ondo,269.8317193139496,0.17858538,1.72353091,3.1157269,7794778.883491204,2538334.90663974,28887.55593045,28887.55593045,,2026-05-24,,
1085,Autonolas,OLAS,autonolas,0.03284454207654679,-0.20691933,-0.67884316,-8.59484058,7783146.522945459,197204.5051136,236969250.62332195,473475201.35877794,,2026-05-24,,
1086,BFG Token,BFG,betfury,0.006912426943674531,-0.0035075,-0.50220961,-2.81625188,7761334.606528737,2237.31269927,1122808916.43,3327754200.68,,2026-05-24,,
1087,Destra Network,DSYNC,destra-network,0.007917703964764844,0.44046781,3.787632,-21.230021,7719347.349943342,1042946.60136955,974947710.1310906,999874315.1676701,1000000000.0,2026-05-24,,
1088,Galatasaray Fan Token,GAL,galatasaray-fan-token,0.9805092396509283,0.34408081,0.45645511,-13.70217551,7717402.909046163,1008722.35922893,7870811.0,9975000.0,9975000.0,2026-05-24,,
1089,Omnity Convertible Token,OCT,octopus-network,0.07640446557455817,0.0,0.0,-0.0493952,7640446.557455817,0.0,100000000.0,100000000.0,100000000.0,2026-05-24,,
1090,SaitaChain Coin,STC,saitama-inu-new,0.00017057022976041668,-0.00255367,0.00120832,-0.04475891,7624693.187754406,65276.32169048,44701195504.42107,44710138786.93723,200000000000.0,2026-05-24,,
1091,Green Satoshi Token (SOL),GST,green-satoshi-token,0.0016014005791591768,-0.46723881,-0.3635315,-2.71718358,7619337.12971974,527758.56184902,4757920803.126167,4767920803.126167,,2026-05-24,,
1092,Saga,SAGA,saga,0.019407425969111734,-0.02999307,-2.72449662,-17.68848534,7615119.745348082,18137405.93730399,392381749.0,1099676026.0,,2026-05-24,,
1093,Resistance Dog,REDO,resistance-dog,0.07595899725839936,-0.29699643,-1.83142814,-11.38348199,7595899.191088595,193702.6980865,99999992.96,99999992.96,100000000.0,2026-05-24,,
1094,Solomon,SOLO,solomon,0.5873757476396705,-0.00095128,-1.44099499,-7.93855527,7577129.916798163,0.0,12899970.669961,25799970.669961,25800000.0,2026-05-24,,
1095,Argentine Football Association Fan Token,ARG,argentinefootballassociationfantoken,0.41268706154103524,0.54640147,-4.05865137,-42.09711576,7575844.543363878,3197324.45941927,18357359.0,20000000.0,20000000.0,2026-05-24,,
1096,CREPE,CREPE,crepe,1.3037414609687027e-05,-0.75918358,0.64678328,9.47528466,7572277.369093066,391863.8515507,580811272464.0,690000000000.0,690000000000.0,2026-05-24,,
1097,Arsenal Fan Token,AFC,arsenal-fan-token,0.33774614919876006,-0.11769244,-2.69680473,-40.12889968,7524953.478101124,2032681.19035363,22279909.02621,39427134.13,40000000.0,2026-05-24,,
1098,ANDY (ETH),ANDY,boysclubandy,7.5064481883352155e-06,0.21730569,3.53273233,-7.35902882,7506448.188335216,97361.29924718,1000000000000.0,1000000000000.0,1000000000000.0,2026-05-24,,
1099,WeBuy,WE,webuy,0.020724916564846495,0.05086791,1.57158349,-1.59304751,7503067.242867917,24825.03417892,362031240.0,2500000000.0,,2026-05-24,,
1100,Pikaboss,PIKA,pikachu,1.781207033697162e-08,0.0,1.7002794,-3.05943315,7493359.870060591,0.0,420690000000000.0,420690000000000.0,420690000000000.0,2026-05-24,,
1101,Forest Protocol,FOREST,forest-protocol,0.06940918364015582,-0.2976809,-8.87775036,-20.00771677,7492107.40027077,1072978.90983801,107941154.28748977,1000000000.0,1000000000.0,2026-05-24,,
1102,Neon EVM,NEON,neon,0.031112615178759944,-0.49909247,0.20888537,-0.60546081,7450398.790129949,493767.71670946,239465527.0,1000000000.0,1000000000.0,2026-05-24,,
1103,iShares MSCI Emerging Markets Tokenized ETF (Ondo),EEMon,ishares-msci-emerging-markets-tokenized-etf-ondo,66.7801579735394,-0.00367027,0.01296145,1.58911485,7449103.278450635,755537.28172858,111546.65554104,111546.65554104,,2026-05-24,,
1104,Beta Finance,BETA,beta-finance,0.0074278665726863835,0.0,0.68578106,-2.55309212,7427866.5726863835,0.0,1000000000.0,1000000000.0,1000000000.0,2026-05-24,,
1105,Wecan Group,WECAN,wecan-group,0.001235386199434394,0.23654497,0.06111863,0.51464576,7412317.196606364,26901.79957042,6000000000.0,6000000000.0,6000000000.0,2026-05-24,,
1106,Polyhedra Network,ZKJ,polyhedra-network,0.010075146927594893,-0.16212795,-2.57710822,-15.85983158,7411332.7558606025,1823902.79120265,735605426.8113599,1000000000.0,1000000000.0,2026-05-24,,
1107,Ycash (y.cash),YEC,ycash,0.4418652090741248,-0.29367718,-3.80172879,0.79125517,7388311.480896669,1923.78064192,16720735.9375,16720735.9375,21000000.0,2026-05-24,,
1108,Qualcomm Tokenized Stock (Ondo),QCOMon,qualcomm-tokenized-stock-ondo,248.28066337281695,0.07004616,2.88678853,21.20999499,7341783.808317936,3007194.56247805,29570.50182073,29570.50182073,,2026-05-24,,
1109,SpaceX tokenized stock (PreStocks),SPACEX,spacex-tokenized-stock-prestocks,838.2257477193714,-0.00091684,-1.85860412,11.92681655,7328610.331237843,496773.11688487,8743.00312437,8743.00312437,,2026-05-24,,
1110,SIX Token,SIX,six,0.008604675973420782,0.04175728,0.80282665,-4.39457249,7322291.944334522,101343.48674353,850966610.126,999999970.0,1000000000.0,2026-05-24,,
1111,EarthMeta,EMT,earthmeta,0.005067843261770364,0.00921275,5.12287935,8.9544616,7285225.713261175,5946.87128199,1437539666.67,2100000000.0,2100000000.0,2026-05-24,,
1112,Partisia Blockchain,MPC,partisia-blockchain,0.01553319416310732,-0.00161105,13.99018276,32.84199357,7228164.28980207,5966.17496204,465336634.1721,609001522.9748,1000000000.0,2026-05-24,,
1113,Portal,PORTAL,portal-gaming,0.00844465138261299,0.11646036,0.90600523,-7.96679269,7210165.934346105,31594893.58686356,853814516.1553248,1000000000.0,1000000000.0,2026-05-24,,
1114,Minswap,MIN,minswap,0.004139706709031739,-0.09049648,-2.14722785,-11.77729302,7192735.17683498,65410.35901602,1737498736.599466,2479848110.359247,2500000000.0,2026-05-24,,
1115,HOPR,HOPR,hopr,0.021040968203970355,-0.00060872,2.17587046,-4.39655785,7178627.351360328,175681.64081552,341173813.0,394545361.0,1000000000.0,2026-05-24,,
1116,Venus DAI,vDAI,venus-dai,0.026090358722360325,0.00025542,-0.00385094,0.01244348,7162785.119034838,0.0,274537625.0,274537625.0,,2026-05-24,,
1117,Divi,DIVI,divi,0.00153545485,0.03880669,1.61210361,96.86335793,7161157.001927656,0.0,4663866867.806407,4663866867.806407,,2026-05-24,,
1118,SymVerse (symverse.org),SYMM,symverse-org,0.0432997326768184,0.00033379,-5.5043876,-16.81987887,7152149.561375984,272.87635684,165177684.0,315177684.0,315177684.0,2026-05-24,,
1119,OneFootball Credits,OFC,onefootball-credits,0.044166261021828704,-0.90360129,-2.7397759,-13.22568055,7122899.171429287,4929695.15722748,161274670.0,1000000000.0,1000000000.0,2026-05-24,,
1120,S.S. Lazio Fan Token,LAZIO,lazio-fan-token,0.5364221402087198,-0.85391307,1.05985623,-7.57292615,7069463.8914322695,1192386.65246653,13178918.91763,40000000.0,40000000.0,2026-05-24,,
1121,Viction,VIC,viction,0.05576070355991017,1.39628129,5.50395104,-11.52810861,7059367.754079535,7540666.53194536,126601124.15,210000000.0,210000000.0,2026-05-24,,
1122,QuickSwap [Old],QUICK,quickswap,9.196946869742515,0.00020071,1.68743733,-11.11868003,7055517.815272329,6.39961727,767158.70116469,929413.06784885,1000000.0,2026-05-24,,
1123,PumpBTC (Governance token),PUMP,pumpbtc-pump,0.014335431588055727,-0.29693956,-0.55897789,2.67929017,7045587.12597673,973114.28980008,491480642.39985,1000000000.0,1000000000.0,2026-05-24,,
1124,Hims & Hers Health Tokenized Stock (Ondo),HIMSon,hims-hers-health-tokenized-stock-ondo,23.410504095747463,-0.01680537,-0.02217197,-4.53927105,7029575.722480972,838555.40016767,300274.42782652,300274.42782652,,2026-05-24,,
1125,Turtle,TURTLE,turtle-xyz,0.04518260499309513,-0.00888682,-1.49245793,-1.30622837,6989748.992431817,2238398.58652967,154700000.0,1000000000.0,1000000000.0,2026-05-24,,
1126,Save,SAVE,save,0.15285761477212595,0.0,-3.74560964,-4.01935886,6979913.264694068,0.0,45662843.0,50000001.0,,2026-05-24,,
1127,Enzyme,MLN,enzyme,2.1265026084973475,0.22314569,-0.70044065,-17.50978632,6967031.658268634,3093934.53384033,3276286.43878869,3276906.05446061,,2026-05-24,,
1128,Reppo,REPPO,reppo,0.020582403875992767,0.71312468,1.64720837,-18.40139148,6961864.894714767,2528455.91374914,338243527.6588396,1000000000.0,1000000000.0,2026-05-24,,
1129,Hemi,HEMI,hemi,0.007051390490550948,0.35593404,-3.32551344,-7.68821782,6892734.204513552,5339397.09032011,977500000.0,10000000000.0,,2026-05-24,,
1130,AVA,AVA,ava-sol,0.006898207729888499,0.28791455,0.61220341,-3.912533,6892662.75868577,592200.55646662,999196172.191408,999196172.191408,999995926.72,2026-05-24,,
1131,CESS Network,CESS,cess-network,0.002600067132804255,0.18850712,1.51021818,-3.86901752,6890177.901931276,240057.79057212,2650000000.0,10000000000.0,10000000000.0,2026-05-24,,
1132,RACA,RACA,radio-caca,1.6539629053964377e-05,-0.42115532,11.46620961,-5.20078033,6808875.229975717,1668845.58426528,411670371068.18915,415670371068.18945,500000000000.0,2026-05-24,,
1133,Mitosis,MITO,mitosis,0.03751367323256411,1.25479956,0.24669039,-16.51002179,6800219.164007799,6337779.45018813,181273082.0,1000000000.0,1000000000.0,2026-05-24,,
1134,ORIGYN,OGY,origyn-foundation,0.0008668955263767507,-0.02931041,1.5045336,0.14733289,6786613.752147671,205321.34641862,7828640875.0,10415006125.132065,10620490364.0,2026-05-24,,
1135,PIVX,PIVX,pivx,0.06513807280650741,0.38498349,2.36069559,-3.51486699,6733976.8926017145,1874041.81599897,103380044.9178929,103380084.9178929,,2026-05-24,,
1136,Quickswap [New],QUICK,quickswap-new,0.00876274042480945,-0.37040768,2.43832383,-9.27139169,6722062.053323141,799881.74886226,767118701.1646891,929413067.8488482,1000000000.0,2026-05-24,,
1137,Cratos,CRTS,cratos,0.00010501862367463051,-0.58665935,0.16448523,-15.37205324,6708151.4165100595,903196.51588452,63875826799.0,100000000000.0,100000000000.0,2026-05-24,,
1138,SUNDOG,SUNDOG,sundog,0.006713902760168073,0.14297225,-9.64930084,8.35465632,6696584.959671912,9507946.56975365,997420606.0,1000000000.0,1000000000.0,2026-05-24,,
1139,Rupiah Token,IDRT,rupiah-token,3.840683599165828e-05,0.0,0.0,0.49366288,6677293.667500258,0.0,173856905811.0,173856905811.0,,2026-05-24,,
1140,Niza Global,NIZA,niza-global-new,0.004129268577369636,-0.11556233,0.47908364,2.96580609,6666317.406555033,297462.05136021,1614406348.642381,2500000000.0,2500000000.0,2026-05-24,,
1141,Ref Finance,REF,ref-finance,0.06902478828272805,-0.3840419,12.80271068,58.31922218,6626047.239075426,164.62177437,95995183.81620954,99990506.14259167,99990506.14259167,2026-05-24,,
1142,Pangolin,PNG,pangolin,0.028442643246063923,0.42555526,0.74828627,-9.82336988,6614434.046039997,494055.89221267,232553423.0,230000000.0,538000000.0,2026-05-24,,
1143,Occidental Petroleum Tokenized Stock (Ondo),OXYon,occidental-petroleum-tokenized-stock-ondo,58.88410288741367,0.05314578,0.16889546,-1.46460868,6587688.97906479,2522780.32745347,111875.50894102,111875.50894102,,2026-05-24,,
1144,Nomina,NOM,nomina,0.0022665101300015514,0.1696387,7.72412207,-1.13574923,6572879.377004499,34095297.87626389,2900000000.0,7500000000.0,7500000000.0,2026-05-24,,
1145,Build On BNB,BOB,build-on-bnb,1.559599623711095e-08,-3.04766804,2.47217561,3.6378021,6561079.656990206,4633846.93321821,420690000000000.0,420690000000000.0,420690000000000.0,2026-05-24,,
1146,Juventus Fan Token,JUV,juventus-fan-token,0.4247953897441191,0.00684278,0.16383928,-10.03833017,6547136.855070969,4783659.23741155,15412448.0,19956000.0,19956000.0,2026-05-24,,
1147,Bitcoin Limited Edition,BTCLE,bitcoin-limited-edition,419.03128613343455,-0.25779689,1.19112235,6.91603257,6527920.794158324,169214.72800701,15578.6,210000.0,210000.0,2026-05-24,,
1148,Pitbull,PIT,pitbull,1.61582550441696e-10,0.00253248,6.62060491,-7.69327338,6494351.407681961,75650.03644569,4.019215806366e+16,1e+17,1e+17,2026-05-24,,
1149,Loom Network,LOOM,loom-network,0.005224634355795,0.0,0.02013679,569.85704171,6493807.22302701,0.0,1242920897.5790398,1300000000.0,,2026-05-24,,
1150,Milady Meme Coin,LADYS,milady-meme-coin,8.804717461062341e-09,1.12957875,4.40550373,-2.30005822,6465885.347562434,546887.48462046,734366023232083.0,888000888000888.0,888000888000888.0,2026-05-24,,
1151,Bytecoin,BCN,bytecoin-bcn,3.49555848281609e-05,-0.00051615,-0.02426767,-0.08029926,6434163.648660376,0.31460026,184066828814.058,184066828814.058,184470000000.0,2026-05-24,,
1152,Contentos,COS,contentos,0.0012362794769233483,-0.63602502,9.10623246,-4.0505298,6399549.745435997,63271513.32103601,5176458774.0,9900474904.0,,2026-05-24,,
1153,Humans.ai,HEART,humans-ai,0.0008171451424624176,-0.10981326,-3.13128748,-1.4000192,6373732.1112068575,138402.20249341,7800000000.0,7800000000.0,7800000000.0,2026-05-24,,
1154,Open Loot,OL,open-loot,0.008046902727783528,0.10564089,-1.77586494,-5.28531062,6372815.630102202,1110712.18718944,791958825.1140146,5000000000.0,5000000000.0,2026-05-24,,
1155,Splintershards,SPS,splintershards,0.004201231318400874,-0.80120448,2.2901866,3.03225304,6365817.250637701,959.80610231,1515226553.405,2753166560.325,3000000000.0,2026-05-24,,
1156,doginme,DOGINME,doginme,9.389694594467567e-05,-0.09424448,0.37605625,-5.59907444,6349241.821567408,252635.80195846,67619258088.6326,67619258088.6326,69000000000.0,2026-05-24,,
1157,Mansory,MNSRY,mansory,0.007025007168351115,-0.00667692,0.48361519,-3.47740263,6322423.751375366,241926.67906291,899988227.75,899988227.75,1000000000.0,2026-05-24,,
1158,Solv Protocol,SOLV,solv-protocol,0.004257818655250127,1.6956752,1.91497948,0.28292916,6312641.938273839,5729628.93395241,1482600000.0,9660000000.0,9660000000.0,2026-05-24,,
1159,Nash,NEX,nash,0.14254228493628518,0.0,5.85182337,5.97434103,6308746.631896365,0.0,44258773.0,50000000.0,50000000.0,2026-05-24,,
1160,Fwog (SOL),FWOG,fwog-solana,0.006445194147347169,0.16342973,2.77222315,-6.33571384,6288159.105970736,946862.788209,975635328.0,975635328.0,975635328.0,2026-05-24,,
1161,The White Whale,WHITEWHALE,the-white-whale,0.006264746380542499,-0.60764731,1.0719258,-5.77295071,6263634.87671017,658260.04669213,999822578.0,999822578.0,999822578.0,2026-05-24,,
1162,MOBOX,MBOX,mobox,0.011354604996210329,-0.1026709,1.07738249,0.99332579,6248694.233324994,4238182.30700485,550322467.0,550322467.0,550322467.0,2026-05-24,,
1163,KGST,KGST,kgst,0.011450492335460038,0.25840853,-0.24238134,0.15305035,6256479.851121658,2243855.00951279,546393960.0,546393960.0,,2026-05-24,,
1164,龙虾 (Lobster),龙虾,lobster-2,0.0062483320491527276,0.30532535,-0.8972713,-8.50638855,6248332.049152727,5292519.80018746,1000000000.0,1000000000.0,1000000000.0,2026-05-24,,
1165,Lava Network,LAVA,lava-network,0.023605417147547023,-0.00807501,-0.60188428,-4.48835956,6243785.586180549,204368.91379319,264506471.0,962506927.519918,,2026-05-24,,
1166,Vow,VOW,vow,0.01752105772084216,0.03208029,0.49882635,-4.29340015,6242494.7632347755,64704.28994522,356285269.0,1142857140.0,1142857142.0,2026-05-24,,
1167,Mamo,MAMO,mamo,0.010540925713209314,0.13740498,2.25525326,0.53163955,6236743.868203829,397291.04807136,591669464.1333333,1000000000.0,1000000000.0,2026-05-24,,
1168,GamerCoin,GHX,gamercoin,0.009590353701976605,-2.34482309,19.27164421,12.27988568,6233395.426930603,3474649.9811702,649965123.3557609,808000000.0,808000000.0,2026-05-24,,
1169,Arm Holdings plc Tokenized Stock (Ondo),ARMon,arm-holdings-plc-tokenized-stock-ondo,311.18979540811716,0.36201204,2.63383516,47.20410506,6229794.990906924,3100147.55222205,20019.27789032,20019.27789032,,2026-05-24,,
1170,Manchester City Fan Token,CITY,manchester-city-fan-token,0.46653325947923674,-0.6752404,0.53643274,-16.35417651,6220175.514121129,1274021.08507421,13332759.0,19740000.0,19740000.0,2026-05-24,,
1171,Swell Network,SWELL,swell-network,0.001286284879868523,0.26959075,-2.05166436,-28.62084309,6197093.617905693,1565795.06263688,4817823574.618343,10000000000.0,10000000000.0,2026-05-24,,
1172,dYdX (ethDYDX),ETHDYDX,dydx-ethdydx,0.14847558166933184,-0.54272057,-2.87476492,5.3011178,6185043.325938407,5162258.89424839,41656973.19652899,1000000000.0,,2026-05-24,,
1173,Grin,GRIN,grin,0.02667778993280554,0.002845,-5.31186702,-19.13261415,6172243.908219312,2975.87456343,231362640.0,231362640.0,,2026-05-24,,
1174,Upland (SPARKLET),SPARKLET,upland-sparklet,0.023095678565826464,-0.03563727,0.32798484,-1.83833248,6169906.356264282,193753.1546505,267145489.52,1000000000.0,1000000000.0,2026-05-24,,
1175,Rayls,RLS,rayls,0.004104492397898419,0.83213737,1.24606586,4.45585271,6156738.596847628,2302770.16045465,1500000000.0,9971791866.82472,10000000000.0,2026-05-24,,
1176,Fuel Network,FUEL,fuel-network,0.0007594009459902559,0.09108088,4.03303712,1.21410322,6156212.56671898,1101531.91760065,8106669604.804485,10302622282.057577,,2026-05-24,,
1177,PayAI Network,PAYAI,payai-network,0.006117418502531039,-1.02386775,-3.01602379,-11.73953417,6117091.697406294,2976286.10105312,999946577.935675,999946577.935675,1000000000.0,2026-05-24,,
1178,MarsDAO,MDAO,marsdao,0.08665669042706274,-5.4272289,-3.93466224,4.75574681,6117877.4049958065,160450.88422077,70599019.82,95968858.05331515,100000000.0,2026-05-24,,
1179,Ski Mask Dog,SKI,ski-mask-dog,0.006181570211339683,0.2359953,-2.37044845,-21.32287275,6116027.312922648,272983.75079975,989397047.0,1000000000.0,1000000000.0,2026-05-24,,
1180,Unibright,UBT,unibright,0.04074425206585027,-1.97163595,15.10711096,22.58229503,6111637.779054243,1.54679988,149999999.24349335,150000000.0,150000000.0,2026-05-24,,
1181,Bulla,BULLA,bulla-mascot,0.006099837511585536,-0.3666912,3.12746399,-3.83512031,6099837.511585536,723239.35314935,1000000000.0,1000000000.0,1000000000.0,2026-05-24,,
1182,Make Aliens Great Again,MAGA,make-aliens-great-again,0.00622619784812037,3.816628,-3.48756641,-39.86211268,6090624.195574925,2998878.55734055,978225290.0,978225290.0,978225290.0,2026-05-24,,
1183,VNX Gold,VNXAU,vnx-gold,144.28244228653136,-0.2334526,0.2184532,-0.53521887,6074290.82026297,1415.2931029,42100.0,41100.0,,2026-05-24,,
1184,OVERTAKE,TAKE,overtake,0.02245860166176473,-0.5266971,-3.62093022,8.82760837,6052252.855113216,795720.45281025,269484848.0,1000000000.0,1000000000.0,2026-05-24,,
1185,KAN,KAN,bitkan,0.000624244474844774,-0.63329628,1.13779838,0.88633083,6047843.099706262,91680.83088676,9688260518.781734,10000000000.0,,2026-05-24,,
1186,Kekius Maximus (kekiusmaximus.vip),KEKIUS,kekius-maximus-vip,0.006032703534121403,0.46026391,-3.32181304,-6.35725429,6032703.534121403,696819.33192774,1000000000.0,1000000000.0,,2026-05-24,,
1187,NFPrompt,NFP,nfprompt,0.010648229589706366,-0.34362451,-1.21016981,-7.56742418,6030437.892560634,1628030.9078526,566332444.446,946000000.0,1000000000.0,2026-05-24,,
1188,Venus LINK,vLINK,venus-link,0.19476330635202307,0.0827694,1.60074556,-1.41510766,6019610.275573559,0.0,30907312.0,30907312.0,,2026-05-24,,
1189,WYDE: End Hunger,EAT,wyde-end-hunger,0.0005854564138658001,0.04726239,17.22004049,-10.37700064,6007916.16557463,865944.20173841,10261935856.0,100000000000.0,100000000000.0,2026-05-24,,
1190,OORT,OORT,oortech,0.007791083217617009,-0.53389482,0.4426731,-3.28517761,5986180.693768857,127582.62516508,768337409.133694,2000000000.0,2000000000.0,2026-05-24,,
1191,Everscale,EVER,everscale,0.0030139441492789435,0.44247085,-1.84010359,1.38413082,5984256.881829856,16168.61448521,1985523482.0,2117524486.0,,2026-05-24,,
1192,MAGIC•INTERNET•MONEY (Bitcoin),MIM,magic-internet-money-bitcoin,0.0002843478243093245,1.32289246,-0.28336259,15.03017187,5971304.310495814,62093.53827046,21000000000.0,21000000000.0,21000000000.0,2026-05-24,,
1193,Sperax,SPA,sperax,0.0029009316675466454,-0.02456967,0.818967,-5.72740346,5941694.875899763,880273.09045326,2048202287.0,4615267291.67,5000000000.0,2026-05-24,,
1194,Ambire Wallet,WALLET,ambire-wallet,0.008589233503628987,0.01567468,4.45212109,2.05631635,5933754.801837167,27470.92392817,690836359.1850345,690836359.1850345,1000000000.0,2026-05-24,,
1195,RIZE,RIZE,rize,0.002996082816812052,0.00575991,2.02204353,-0.88922447,5907203.364485957,60697.38372086,1971642216.0758057,4945328321.93882,5000000000.0,2026-05-24,,
1196,Luna by Virtuals,LUNA,luna-by-virtuals,0.005893308670124846,0.0290337,5.05498668,-2.52013182,5893308.670124846,110059.69558571,1000000000.0,1000000000.0,1000000000.0,2026-05-24,,
1197,Telos,TLOS,telos,0.013020889817041163,0.13382854,-2.7344215,-1.10003626,5862043.595941737,948284.62445777,450202995.2108,467702819.9324,,2026-05-24,,
1198,Kryll,KRL,kryll,0.14658163164384458,-0.43694431,-0.08389422,-2.05115951,5848954.296043607,809459.07158542,39902368.60137464,49417348.0,49417348.0,2026-05-24,,
1199,McDull,MCDULL,mcdull,7.71050077676272e-07,0.0,-1.66959869,-2.81736226,5825711.6979973,0.0,7555555555554.0,8888888888888.0,8888888888888.0,2026-05-24,,
1200,NUMINE,NUMI,numine,0.018462632747723577,0.15474697,4.18803148,34.576496,5792542.939730509,596592.14207806,313744145.75,1000000000.0,1000000000.0,2026-05-24,,
1201,Daddy Tate,DADDY,daddy-tate,0.009659476045943246,0.35893836,1.02157401,-3.04165484,5792014.172839254,534256.64590425,599619911.607086,599619911.607086,999689062.0,2026-05-24,,
1202,雪球,雪球,xue-qiu,0.010278148691975023,-1.18709161,1.38911121,-10.91802071,5790284.971322054,211608.60272375,563358747.2657402,563358747.2657402,1000000000.0,2026-05-24,,
1203,Heima,HEI,heima,0.0657075281774634,0.21688208,-1.17805157,-16.69506798,5783377.733492536,14549780.55309826,88016973.0,98298421.0,100000000.0,2026-05-24,,
1204,Tectum,TET,tectum,0.5800028434610158,-0.0308454,8.24199179,-3.23793823,5762046.164596343,52186.23521007,9934513.64861047,10000000.0,10000000.0,2026-05-24,,
1205,NKN,NKN,nkn,0.007190502561233555,0.64137536,-0.21733272,-5.43370576,5759028.335296742,1072487.61749834,800921533.126992,800921533.126992,1000000000.0,2026-05-24,,
1206,MonaCoin,MONA,monacoin,0.08737161947405968,0.10923849,-11.40980809,-3.67844668,5742908.140997353,11687.82145597,65729674.871168,65729674.871168,105120000.0,2026-05-24,,
1207,Creta World,CRETA,creta-world,0.002001950256877592,-0.04629467,-0.61665881,-4.72896766,5737408.367221082,114306.57488942,2865909553.7017093,10000000000.0,10000000000.0,2026-05-24,,
1208,World3,WAI,world3,0.017056393464203835,-0.1168137,-0.90586786,-23.97311306,5731516.778848617,270330.06589919,336033335.0,1000000000.0,1000000000.0,2026-05-24,,
1209,Graphite Protocol,GP,graphite-protocol,0.16332168479349304,-0.57844274,0.38732284,-2.73690794,5688869.060404737,292833.22860978,34832294.72925073,58649022.63883101,,2026-05-24,,
1210,crow with knife,CAW,crow-with-knife,7.380479156725286e-09,-0.15697643,1.76362856,5.68684251,5681945.999525307,67426.87912009,769861397731578.0,777777777777777.0,777777777777777.0,2026-05-24,,
1211,Bitlight,LIGHT,bitlight,0.1314231077515814,-0.1136988,0.12221836,-5.6536307,5658681.070612824,2105900.67863525,43056972.0,420000000.0,420000000.0,2026-05-24,,
1212,apM,APM,apm-coin,0.0031154086163626515,0.64055403,38.11333992,-5.28590937,5646678.117157306,12413.38503248,1812500000.0,1812500000.0,1812500000.0,2026-05-24,,
1213,Ancient8,A8,ancient8,0.010247152736390106,0.01590624,2.26703483,-7.86347817,5642908.565877553,4066645.6687135,550680634.03,1000000000.0,1000000000.0,2026-05-24,,
1214,Broccoli (firstbroccoli.com),BROCCOLI,broccoli,0.005603045277191718,0.8389413,2.76933682,31.65552665,5603045.277191718,1836758.09628016,1000000000.0,1000000000.0,1000000000.0,2026-05-24,,
1215,abrdn Physical Palladium Tokenised ETF (xStock),PALLx,abrdn-physical-palladium-tokenised-etf-xstock,25.82,0.0,0.0,0.0,5602486.859,0.0,216982.45,216982.45,,2026-05-24,,
1216,Utrust,UTK,utrust,0.007940389720025526,-0.00068068,0.00358257,-0.07428119,5590588.26860406,5103207.91551447,704069758.0,437536686.0,1000000000.0,2026-05-24,,
1217,Yee Token,YEE,yee-token,0.005558571812179402,3.09683883,-10.43514038,19.26199872,5558571.812179402,1024110.98507941,1000000000.0,1000000000.0,1000000000.0,2026-05-24,,
1218,Giant Mammoth,GMMT,giant-mammoth,0.002643677923090467,-0.55652045,0.82370674,-7.75547957,5551723.63848998,136122.39394182,2100000000.0,3000000000.0,3000000000.0,2026-05-24,,
1219,Manyu (manyushiba.com),MANYU,manyu-ethereum,5.522089188822083e-09,-0.15018144,4.57901772,-7.71362507,5522089.188822083,2433355.5534624,1000000000000000.0,1000000000000000.0,1000000000000000.0,2026-05-24,,
1220,GameStop (gamestop-coin.vip),GME,gamestop,1.331859251013943e-05,0.07519687,5.07021206,0.7805371,5477903.590187876,48139.22495551,411297484026.0,411297484026.0,420690000000.0,2026-05-24,,
1221,Amazon tokenized stock (xStock),AMZNX,amazon-tokenized-stock-xstock,268.1306106749637,0.07918496,1.18809308,2.33200569,5466518.923321465,6812102.62340058,20387.52274334,15499.32710918,,2026-05-24,,
1222,MESSIER,M87,messier,6.168096442429364e-06,-0.72483566,4.96877892,-7.5704056,5457817.277772794,245417.1844609,884846293944.0,884846293944.0,884846293944.0,2026-05-24,,
1223,KARRAT,KARRAT,karrat,0.006646935633708054,0.29998918,0.98130629,9.32631449,5450825.877773697,240858.82321646,820050949.5129417,1000000000.0,1000000000.0,2026-05-24,,
1224,VitaDAO,VITA,vitadao,0.37988008787267535,0.05529159,2.03529678,-16.84729433,5433924.147064195,4255.91306797,14304314.23108833,27219552.0,64298880.0,2026-05-24,,
1225,Wexo,WEXO,wexo,0.01852460295761578,-0.07500469,-0.14609564,-1.38214143,5431268.891499245,109307.80170335,293192189.0,920900277.0,928000000.0,2026-05-24,,
1226,Avalon Labs (AVL),AVL,avalon-labs-avl,0.03336419274096061,0.83664344,-0.38419412,3.5800607,5394456.07240109,5718482.15540034,161683998.0,162250000.8,1000000000.0,2026-05-24,,
1227,Alephium,ALPH,alephium,0.04054914288816592,-0.33991213,-6.84376155,-22.23215602,5390235.371967935,211045.65968322,132930932.39564012,221518828.7163574,,2026-05-24,,
1228,MetFi,METFI,metfi2,0.01686679918949365,0.38317167,-0.08838402,4.14977255,5390197.066831331,6908.76815157,319574390.2725119,449983497.5114883,500000000.0,2026-05-24,,
1229,Oraichain,ORAI,oraichain-token,0.38888260671962604,-0.03759906,1.14534156,-0.65654097,5375796.490510095,140679.21497053,13823700.0,18014986.26,19779272.0,2026-05-24,,
1230,NEM,XEM,nem,0.0005910394196034327,0.04429972,-4.5744451,-11.62244585,5319354.775839855,322013.73035305,8999999999.0,8999999999.0,8999999999.0,2026-05-24,,
1231,0x0.ai,0x0,0x0-ai-ai-smart-contract,0.006100330012621292,0.96385609,3.15198639,-6.10480031,5298523.712402543,2661.81433812,868563455.0,1000000000.0,1000000000.0,2026-05-24,,
1232,Croatian Football Federation Token,VATRENI,croatian-ff-fan-token,1.3694057078630466,1.57540338,-8.1649289,-8.18113635,5291416.520919801,1246.83656908,3864024.0,20999999.44183582,30000000.0,2026-05-24,,
1233,Minima,MINIMA,minima-global,0.009540941493099265,-0.81690224,-2.63908635,19.16081534,5279641.407936541,45515.36495706,553366920.0,999978235.0,1000000000.0,2026-05-24,,
1234,Soil,SOIL,soil,0.07595732012796969,0.09914192,-4.78713839,-7.98178103,5279600.9831472915,30790.52750826,69507467.80234535,99000000.0,100000000.0,2026-05-24,,
1235,DaGama World,DGMA,dagama-world,0.04498704243596464,0.06415492,-0.06311622,-0.083735,5278281.927177915,155091.12786768,117328938.3202089,700000000.0,700000000.0,2026-05-24,,
1236,Nobody Sausage,NOBODY,nobody-sausage,0.005634090661126223,-0.63085419,0.16087831,-8.30970224,5273882.532947312,296665.72559888,936066323.77,936066323.77,936066323.77,2026-05-24,,
1237,Unstable Coin (usduc.io),USDUC,unstable-coin-sol,0.005271505849534712,0.39921448,-0.89485882,-16.57048088,5271064.277715035,1758922.3985958,999916234.216127,999916234.216127,1000000000.0,2026-05-24,,
1238,iShares Russell 2000 Value Tokenized ETF (Ondo),IWNon,ishares-russell-2000-value-tokenized-etf-ondo,213.2784817349265,-0.20858694,0.39368069,3.57234331,5262753.4099249635,1018867.66608953,24675.50109657,24675.50109657,,2026-05-24,,
1239,Amaterasu Omikami,OMIKAMI,amaterasu-omikami,0.0055549401562083435,-0.08777835,3.21722068,0.39714982,5260395.070469894,100993.09346111,946976011.0,999476011.0,1000000000.0,2026-05-24,,
1240,Galeon,GALEON,galeon,0.006346540371731029,-0.00316734,-1.3677266,-6.77477896,5234490.284812229,30747.55874048,824778537.3158374,3931074356.4648747,4000000000.0,2026-05-24,,
1241,Diamond,DMD,diamond,1.4101402008768038,-0.15485124,2.21842952,-0.99971242,5208300.244834185,54396.80677627,3693462.70788943,4380000.0,4380000.0,2026-05-24,,
1242,Pkoin,PKOIN,pocketnet,0.37401192678835693,-0.00319413,1.33425437,0.64565085,5207808.268712124,39368.56684447,13924177.0,16609085.0,24375000.0,2026-05-24,,
1243,VNX Swiss Franc,VCHF,vnx-swiss-franc,1.272622879149236,-0.00791886,0.11419933,0.25196845,5179411.517146712,21304.7080883,4069871.44582,4069871.44582,,2026-05-24,,
1244,Sui Name Service,NS,sui-name-service,0.017765174600269325,1.1851896,3.51363896,-4.12777668,5178918.317988562,456677.65092471,291520822.875,500000000.0,500000000.0,2026-05-24,,
1245,PepeFork,PORK,pepefork,1.2699772393375388e-08,0.40595429,-2.58542346,-9.47311082,5176754.013269083,55220.54229027,407625731620941.9,420690000000000.0,420690000000000.0,2026-05-24,,
1246,ProShares UltraPro QQQ Tokenized Stock (Ondo),TQQQon,proshares-ultrapro-qqq-tokenized-stock-ondo,77.70455728056561,-0.22831917,-0.15653309,3.8239921,5167949.965571705,3930916.37729324,66507.68174268,66507.68174268,,2026-05-24,,
1247,TrustSwap,SWAP,trustswap,0.05167257964198569,-3.13453837,1.62698193,-0.69694118,5167008.07560342,984949.076461,99995164.0,99995164.26708125,,2026-05-24,,
1248,Origin Dollar,OUSD,origin-dollar,0.999311298554114,-0.0029712,-0.01348683,-0.00235549,5165550.828935995,157467.95577005,5169110.80301998,5169110.80301998,,2026-05-24,,
1249,AC Milan Fan Token,ACM,ac-milan-fan-token,0.38435478161300174,-0.46214904,0.31499006,-4.28206164,5159456.363552382,1644389.8279301,13423682.0,19920000.0,19920000.0,2026-05-24,,
1250,Axiome,AXM,axiome,0.0052125741199747925,-0.61985427,20.17057395,-36.94378032,5154688.950873805,119048.62169497,988895089.495386,1014357040.718155,1000000000.0,2026-05-24,,
1251,DeepNode,DN,deepnode,0.22835167657386776,4.79665921,-15.65748788,164.29577982,5137912.722912025,4049250.21095945,22500000.0,62000000.0,100000000.0,2026-05-24,,
1252,Propchain,PROPC,propchain,0.11965473569972411,-0.06458702,0.07581807,-4.82402912,5129729.051755149,78449.26811946,42871090.90799635,63763337.0,100000000.0,2026-05-24,,
1253,Harvest Finance,FARM,harvest-finance,7.618856560629262,3.75315801,-1.04842815,-9.64912563,5121269.293411156,1662175.02479302,672183.450713,690420.0,,2026-05-24,,
1254,Covalent X Token,CXT,covalent-x,0.005296849190879331,-0.14759674,0.27560367,-5.28481418,5112234.667107802,281993.40466077,965146350.7608603,1000000000.0,1000000000.0,2026-05-24,,
1255,Parcl,PRCL,parcl,0.012365209432435999,0.28164125,-1.49244173,-10.89518641,5097983.656543154,445887.29003978,412284457.0,1000000000.0,1000000000.0,2026-05-24,,
1256,LeverUp,LV,leverup,0.05646962826074291,1.04313155,0.71940442,-4.27364875,5082266.543466862,19090.63023966,90000000.0,1000000000.0,1000000000.0,2026-05-24,,
1257,StablR USD,USDR,stablr-usd,0.7228462366591802,-9.10760224,-27.58376857,-27.66665308,5073138.456831295,39582218.56789506,7018281.62,16368281.62,,2026-05-24,,
1258,Purple Pepe,$PURPE,purple-pepe,1.2147880249458856e-05,-0.15695857,1.15239989,-4.74675446,5068263.303805467,235630.58823523,417213801892.0,420683240832.10004,420690000000.0,2026-05-24,,
1259,ASD,ASD,bitmax-token,0.00767028526530798,0.127408,0.11958528,3.84119424,5067107.602199594,1279574.64495536,660615274.0,780615274.0,,2026-05-24,,
1260,Tokemak,TOKE,tokemak,0.056681420233935166,0.00249866,0.90737092,0.93234255,5054482.395125246,1150.33979832,89173531.19001643,100000000.0,100000000.0,2026-05-24,,
1261,AIVille Governance Token,AIV,aiville,0.0018178052294161768,0.002845,0.04910707,0.98165104,5048335.97092543,904.37960767,2777160000.0,10000000000.0,10000000000.0,2026-05-24,,
1262,CateCoin,CATE,catecoin,8.769020573301554e-08,0.25615155,-6.60104418,-9.7367558,5022289.1280450905,8428.6215312,57273090946281.0,60000000000000.0,,2026-05-24,,
1263,Jager Hunter,JAGER,jager-hunter,3.79349501604837e-10,0.66619293,1.32264073,-3.25664799,5014802.102095515,196733.50577861,1.321947723901154e+16,1.321947723901154e+16,1.46e+16,2026-05-24,,
1264,inSure DeFi,SURE,insure,0.00018628496821017972,0.0,2.55259942,4.73597896,4990586.066837022,0.0,26790063174.642704,88000000000.0,88000000000.0,2026-05-24,,
1265,Coreum,COREUM,coreum,0.012919018397874096,0.14726456,1.11844007,-15.75650894,4971135.547467653,741.44407909,384792048.0,897767382.677904,,2026-05-24,,
1266,Openverse Network,BTG,openverse-network,2.6058328838772304,0.78817122,-0.64855397,-4.81638177,4951082.479366737,35256.75401946,1900000.0,20000000.0,20000000.0,2026-05-24,,
1267,Rain Coin,RAIN,rain-coin,4.94951464698984,-0.31030155,0.33801862,-1.93086089,4949514.64698984,8090.43993811,1000000.0,1000000.0,1000000.0,2026-05-24,,
1268,Keyboard Cat,KEYCAT,keyboard-cat,0.0004935808830576562,0.00868125,-0.20918926,-2.37962953,4935808.830576562,358426.09628128,10000000000.0,10000000000.0,10000000000.0,2026-05-24,,
1269,Major,MAJOR,major,0.05910326590670098,-0.6081208,-0.81669434,-3.84453801,4926249.411692427,757191.76644777,83349868.0,99999999.0,99999999.0,2026-05-24,,
1270,MUX Protocol,MCB,mcdex,1.2830460654862867,0.0,-1.09147199,0.79941829,4903190.049315351,0.0,3821523.0,4803143.0,4803143.0,2026-05-24,,
1271,Nine Chronicles,WNCG,wrapped-ncg,0.007847244309266331,-11.88454051,47.09156649,33.26401419,4897479.489533273,9582602.21770829,624101824.35,723789440.0,1000000000.0,2026-05-24,,
1272,Suilend,SEND,suilend,0.07021241836144644,-0.15416855,-2.58805121,-11.92750151,4868484.168043119,99876.49683297,69339360.21090534,100000000.0,100000000.0,2026-05-24,,
1273,Stonks,STNK,stonks,8.320620332741374,0.00658263,1.94515155,-6.88031053,4841577.802032161,71732.20623324,581877.02459884,581877.02459884,581918.12,2026-05-24,,
1274,SpaceChain,SPC,spacechain,0.015755093792453198,0.0,1.11798825,-6.33929897,4839692.722571827,0.0,307182730.0,391259213.0,,2026-05-24,,
1275,DIMO,DIMO,dimo,0.009693385688307328,-0.55166053,-0.45442384,-8.92004093,4838496.967181302,15315.0261424,499154487.68511826,1000000000.0,1000000000.0,2026-05-24,,
1276,Bull (bulltheleader),BULL,bull-theleader,0.004832884033744399,0.30163144,-8.97525384,-18.22445296,4832671.734814565,2245239.48052174,999956072.0,999956072.0,999956072.0,2026-05-24,,
1277,trac (Ordinals),TRAC,trac,0.22983183375412364,0.22914733,17.05830624,-2.07024092,4826468.508836596,29683.67804635,21000000.0,21000000.0,21000000.0,2026-05-24,,
1278,Bitcoin Gold,BTG,bitcoin-gold,0.27477882434350265,-2.09107261,-15.25636044,-36.0193343,4812455.333427358,12798.20775132,17513923.589,17513923.589,21000000.0,2026-05-24,,
1279,Shapeshift FOX Token,FOX,fox-token,0.0061675359791464966,0.36422489,3.08396905,-0.87670088,4763104.873639696,30349.94087589,772286516.0,999089275.0,,2026-05-24,,
1280,LOFI,LOFI,lofitheyeti,0.004750573157834063,0.10524003,7.53124271,-0.86196479,4750573.157834063,75968.35901407,1000000000.0,1000000000.0,1000000000.0,2026-05-24,,
1281,Steem Dollars,SBD,steem-dollars,0.48468726284069746,-0.02838563,0.01508256,-8.76610166,4750734.975255303,1170052.45130123,9801650.135,9801650.135,,2026-05-24,,
1282,Bluzelle,BLZ,bluzelle,0.010075197357883384,0.24918816,0.14371281,-1.54779961,4747640.793737449,160204.86832472,471220624.77740306,500000000.0,,2026-05-24,,
1283,Altura,ALU,altura,0.004789584411568465,-0.10747182,0.80609903,-6.21837162,4741688.56745278,1588349.34602096,990000000.0,990000000.0,990000000.0,2026-05-24,,
1284,NeuralAI,NEURAL,neuralai,0.47201205317716405,0.0959665,2.72591918,-0.76649419,4720120.53177164,89424.04063647,10000000.0,10000000.0,,2026-05-24,,
1285,Portal To Bitcoin,PTB,portaltobitcoin,0.0007619512729158558,-0.01777374,-9.04368327,-8.25436642,4697689.904985181,1582226.86521267,6165341632.684639,6505631354.023996,8400000000.0,2026-05-24,,
1286,Nakamoto Games,NAKA,nakamoto-games,0.04822373755638015,0.01264554,-1.94995958,-11.81858525,4696992.037991427,815022.41898383,97400000.0,180000000.0,180000000.0,2026-05-24,,
1287,Minutes Network Token,MNTX,minutes-network-token,0.06036925282876904,0.02602846,1.16885867,-5.23265365,4688953.4573296895,57573.5011429,77671219.0,91345731.97653168,500000000.0,2026-05-24,,
1288,Suku,SUKU,suku,0.00754190123053284,0.931681,-0.23573147,-5.19808901,4653694.657446246,78634.12955763,617045293.3812101,1500000000.0,,2026-05-24,,
1289,Boson Protocol,BOSON,boson-protocol,0.02727349671319044,0.22645359,0.05402818,-7.50553351,4649135.5719687,66868.78068051,170463495.0501309,200000000.0,200000000.0,2026-05-24,,
1290,Solana Name Service,SNS,sns,0.0010313480580455006,1.07598095,0.01471984,-12.05719051,4641066.261204753,57000.64978136,4500000000.0,10000000000.0,10000000000.0,2026-05-24,,
1291,ParagonsDAO,PDT,paragonsdao,0.05593408469287083,0.0,1.44801082,4.39637108,4611456.317741939,0.0,82444476.262784,84581812.59769794,162500000.0,2026-05-24,,
1292,BTSE Token,BTSE,btse,1.0579319556975333,-0.32637998,-5.05985034,-5.05046029,4606987.924727561,4494979.95487287,4354711.0,165904711.0,,2026-05-24,,
1293,Phoenix,PHB,phoenix-global-new,0.06417879823100095,4.14151756,-6.65657227,-20.38410901,4595065.470935007,16850061.86226756,71597873.40354723,71597873.40354723,76000000.0,2026-05-24,,
1294,The Arena,ARENA,the-arena,0.0007764885661757334,-0.00677081,-1.96501934,-4.0593444,4589959.589393351,27153.91155414,5911174728.559442,10000000000.0,10000000000.0,2026-05-24,,
1295,Eli Lilly Tokenized Stock (Ondo),LLYon,eli-lilly-tokenized-stock-ondo,1067.6378991587762,-0.02491554,-0.01143603,5.93348996,4589237.272420822,1548021.23874517,4298.49603132,4298.49603132,,2026-05-24,,
1296,MEVerse,MEV,meverse,0.0026526449100213487,-0.77837567,0.82967838,-4.61334684,4580176.16564722,271001.11016134,1726645035.8070574,1999999999.99999,,2026-05-24,,
1297,Portugal National Team Fan Token,POR,portugal-national-team-fan-token,0.3702586914335941,-0.42973866,-2.57263124,-40.48411987,4566861.783780042,1060835.9766524,12334246.0,19930000.0,20000000.0,2026-05-24,,
1298,SpaceN,SN,spacen,0.114133321284,0.04952947,0.64773293,-13.61335277,4566474.18457284,0.0,40010000.0,1000000000.0,1000000000.0,2026-05-24,,
1299,XBorg,XBG,xborg,0.019050216813621443,-0.02528153,1.96921047,2.71568601,4546777.693517745,78569.34056939,238673278.0,1000000000.0,1000000000.0,2026-05-24,,
1300,Venus LTC,vLTC,venus-ltc,1.08415601918059,0.12295213,0.53485183,-4.80743345,4490984.042421254,0.0,4142378.0,4142378.0,,2026-05-24,,
1301,Dragonchain,DRGN,dragonchain,0.011997130640138689,0.0,11.08279846,23.774908,4448207.936186735,2.40811171,370772651.3625188,433494437.0,433494437.0,2026-05-24,,
1302,PussFi,PUSS,pussfi,0.005057525981525794,0.21078599,-0.03781079,2.24185997,4444678.353912059,1008046.94141888,878824621.0,1000000000.0,1000000000.0,2026-05-24,,
1303,Orbiter Finance,OBT,orbiter-finance,0.0008055003017280693,0.40096892,-1.59604812,-14.17675478,4430251.659504381,2012031.9395118,5500000000.0,9900000000.0,10000000000.0,2026-05-24,,
1304,Vameon,VON,vameon,8.856675963310938e-06,0.76948275,-0.96849151,-10.03323413,4428337.981655469,133704.68672048,500000000000.0,1000000000000.0,1000000000000.0,2026-05-24,,
1305,Wen,WEN,wen,6.082903646955274e-06,-0.30743116,6.0010861,2.36257749,4426632.0971903475,205799.17859618,727716951329.0,727716951329.0,727716951329.0,2026-05-24,,
1306,Konnect,KCT,konnect,0.0005991794613107251,-0.0851535,10.46386944,99.3741931,4418948.551133776,381018.56133435,7375000040.0,10000000000.0,10000000000.0,2026-05-24,,
1307,Shadow Token,SHDW,genesysgo-shadow,0.026110228945851927,0.33685306,-0.67099094,-0.50260438,4414082.047858965,13711.999998,169055662.32349026,169055662.32349026,,2026-05-24,,
1308,NATIX Network,NATIX,natix-network,0.00010845753894728206,-0.40342847,-0.96700473,28.14545128,4403720.384163799,212733.11130663,40603174541.0,99991483316.62,100000000000.0,2026-05-24,,
1309,Tectonic,TONIC,tectonic,1.7598650658759015e-08,-0.44179915,-0.19052423,-3.74556037,4359782.008859192,66485.46920179,247733879909099.0,500000000000000.0,,2026-05-24,,
1310,Gearbox Protocol,GEAR,gearbox-protocol,0.00043529690050555256,-0.00104388,3.41631461,-10.90723371,4352969.005055525,138.36916686,10000000000.0,10000000000.0,10000000000.0,2026-05-24,,
1311,375ai,EAT,375ai,0.020391447600009608,-0.13128643,2.32028219,-6.84197634,4346359.4010950215,189809.07157037,213146191.79331702,999998043.7933258,1000000000.0,2026-05-24,,
1312,MCOIN,MCOIN,mcoin1,0.02450049923449986,0.18775684,-0.37494646,-4.61600366,4336588.364506476,310101.8661813,177000000.0,500000000.0,500000000.0,2026-05-24,,
1313,MileVerse,MVC,mileverse,0.0015686731288560914,-0.24606555,2.03904771,-2.0645245,4331153.5679207975,221976.45650192,2761029999.334,3000000000.0,3000000000.0,2026-05-24,,
1314,CLV,CLV,clover,0.003517003089237391,0.00468036,-9.9486743,-17.8082749,4305307.42895493,110997.9286137,1224140929.0,2000000000.0,,2026-05-24,,
1315,Asteroid (Asteroid OG),ASTEROID,asteroideth-site,0.004291383375826839,0.88169239,9.19202947,-22.04414857,4291383.375826839,172892.57754525,1000000000.0,1000000000.0,1000000000.0,2026-05-24,,
1316,Inflation Hedging Coin,IHC,inflation-hedging-coin,3.5852349469044525e-05,0.0,0.68378468,5.83733518,4289482.20738245,0.0,119642987723.47,621439126933.0,1000000000000.0,2026-05-24,,
1317,Star Atlas,ATLAS,star-atlas,0.00017152424609547648,0.01485854,1.58732025,-2.95703831,4261537.693510212,105727.89632875,24845103771.149,36000000000.0,,2026-05-24,,
1318,ShareX,SHARE,sharex-network,0.23686797443491234,0.40861192,-0.24910727,-24.35951267,4263623.5398284225,2572252.90975402,18000000.0,100000000.0,100000000.0,2026-05-24,,
1319,MECCA,MEA,mecca,0.002626401806586754,-0.03448991,-0.51587201,0.0142391,4258269.510636331,150912.39679798,1621332082.530942,3999998752.530942,100000000000.0,2026-05-24,,
1320,Oasys,OAS,oasys,0.000627929933591375,-0.42556295,1.3899474,0.57146034,4246353.582431124,152306.57418361,6762464019.105729,10000000000.0,10000000000.0,2026-05-24,,
1321,Star Atlas DAO,POLIS,star-atlas-polis,0.01232579549310639,-0.09419272,-5.2820132,-10.69904965,4242447.314887144,30078.88593908,344192577.0438,360000000.0,,2026-05-24,,
1322,PRIZM,PZM,prizm,0.0008990698994723302,-18.16668616,-24.98624268,-27.98023078,4224932.378137335,732.01281026,4699225700.49,4699225700.49,6000000000.0,2026-05-24,,
1323,DeLorean,DMC,delorean,0.0006442652529971321,-0.1256243,0.75541202,-2.63293575,4195007.250697844,1059508.44044554,6511304515.0,12800000000.0,12800000000.0,2026-05-24,,
1324,Bitrue Coin,BTR,bitrue-coin,0.011663386207669574,-0.31004733,-0.22589122,-1.74841024,4186996.013869608,470032.44247708,358986313.178615,801307097.3484074,1000000000.0,2026-05-24,,
1325,Obyte,GBYTE,obyte,4.474018024462727,-0.00671288,-0.21327166,2.33784517,4175361.330464764,5363.92108048,933246.42583803,1000000.0,1000000.0,2026-05-24,,
1326,Australian Digital Dollar,AUDD,novatti-australian-digital-dollar,0.7099056731806422,-0.05501175,-0.25618771,-0.55070537,4166663.565712607,26308.9772785,5869320.0,5670229.704638,,2026-05-24,,
1327,WhiteCoin,XWC,whitecoin,0.005386480724540585,1.77661726,-4.61126162,-15.60013813,4117019.851295266,836727.2762066,764324623.4110321,971792390.0,1000000000.0,2026-05-24,,
1328,Impossible Finance Launchpad,IDIA,impossible-decentralized-incubator-access,0.006043952204185442,0.0,-1.91286447,-25.18278459,4109887.4988461006,0.0,680000000.0,1000000000.0,1000000000.0,2026-05-24,,
1329,SyncGPT,SYNC,sync-gpt,0.0204096181715361,0.00088887,0.00505504,-0.07648048,4081923.63430722,0.0,200000000.0,1000000000.0,1000000000.0,2026-05-24,,
1330,Koma Inu,KOMA,koma-inu,0.00677272028488541,-0.13868291,0.43873255,1.27844917,4080860.205127914,281498.91530046,602543739.2173297,605954353.425861,1000000000.0,2026-05-24,,
1331,Lockheed Tokenized Stock (Ondo),LMTon,lockheed-tokenized-stock-ondo,541.0732306446415,-0.03508622,0.00050736,3.28632925,4045488.0772662237,1328254.47506577,7476.78474584,7476.78474584,,2026-05-24,,
1332,Zeta,ZEX,zeta,0.02152759837804292,-0.00278673,-1.32250595,-10.7904604,4042216.6187164774,29763.05571244,187769046.399497,999996930.767613,1000000000.0,2026-05-24,,
1333,Dimitra,DMTR,dimitra,0.008306791223842029,-0.1157791,-5.868737,-14.81662717,4041280.358567097,367902.47633812,486503181.51344335,971071679.0,1000000000.0,2026-05-24,,
1334,Zeus Network,ZEUS,zeus-network,0.004342384957035735,0.7042627,-1.05850145,-16.50777976,4036034.1254436285,1296180.42788628,929451019.515038,999996598.696284,1000000000.0,2026-05-24,,
1335,Epic Private Internet Cash,EPIC,epic-cash,0.2330135948788372,0.10622717,-2.97850044,-7.23194704,4026388.238449012,3164.60086363,17279628.0,19247114.0,21000000.0,2026-05-24,,
1336,Blockchain Foundation for Innovation & Collaboration,BFIC,best-fintech-investment-coin,0.3795286218092272,3.88107434,67.26052269,123.66802415,4014814.6816336527,1637.52646941,10578424.0,21000000.0,21000000.0,2026-05-24,,
1337,Not Pixel,PX,not-pixel,0.02050096393757625,0.52770157,0.06338271,-3.48302609,4006488.806135167,9304.38054181,195429289.0,225000000.0,225000000.0,2026-05-24,,
1338,Pundi AI,PUNDIAI,pundi-ai,0.5670838420200431,-0.01828419,5.46137815,21.81714225,4002257.72844676,67191.52697982,7057612.0,8312980.0,18930226.0,2026-05-24,,
1339,Neutrino Index,XTN,neutrino-usd,0.07697289472180423,-0.95588235,0.77792408,-3.75613845,4001107.5657441095,0.0,51980734.0,408891338.0,408891338.0,2026-05-24,,
1340,Aleph Cloud,ALEPH,aleph-im,0.016064237061617463,0.19565331,-0.64402256,-5.5420589,3971408.4316616515,131686.4701873,247220482.1448135,500000000.0,500000000.0,2026-05-24,,
1341,Swarm,BZZ,ethereum-swarm,0.07536911725769366,-0.22775056,3.33825055,5.12350646,3964465.3795393896,332751.90479045,52600660.90444622,63149437.0,63149437.0,2026-05-24,,
1342,ASML Holding NV Tokenized Stock (Ondo),ASMLon,asml-holding-nv-tokenized-stock-ondo,1634.3110734315076,-0.00319344,-0.00606633,8.19814208,3953231.452897173,3108593.66316435,2418.89779563,2418.89779563,,2026-05-24,,
1343,Zypher Network,POP,zypher-network,0.0016422229049856561,0.70319769,-0.89872863,-9.946542,3920807.187295477,1240771.05026335,2387500001.0,10000000000.0,10000000000.0,2026-05-24,,
1344,Observer,OBSR,observer,0.000602419147974201,0.77016173,1.0557124,-2.33345384,3919990.1141070416,380760.18292528,6507080871.0,14000000000.0,14000000000.0,2026-05-24,,
1345,Hyperion,RION,hyperion-xyz,0.20599111286144758,0.03281617,1.87937673,1.88616751,3913831.144367504,209718.03774753,19000000.0,100000000.0,100000000.0,2026-05-24,,
1346,PublicAI,PUBLIC,publicai,0.01625461374380122,-0.15042785,1.54047131,6.73182857,3898785.196902081,869642.95633974,239857142.0,1000000000.0,1000000000.0,2026-05-24,,
1347,Odos,ODOS,odos,0.0010468111902319278,-0.09021455,-0.02308555,-3.74572315,3892954.1002489766,19313.26310902,3718869397.43782,10000000000.0,10000000000.0,2026-05-24,,
1348,ABBC Coin,ABBC,abbc-coin,0.004294801986932045,0.00265063,6.28161272,-4.45172424,3888101.828930588,915.40709376,905304095.6861483,907217636.86,1225109279.0,2026-05-24,,
1349,Quantoz EURQ,EURQ,quantoz-eurq,1.1602420642850673,0.04812103,0.03647717,-0.75383188,3887118.379502011,18156180.60986307,3350265.0,5000000.0,,2026-05-24,,
1350,VestChain,VEST,vestchain,0.0009827243706142237,0.0,0.0,0.0,3877782.587367552,0.0,3945951381.0,3945951381.0,,2026-05-24,,
1351,The Official 67 Coin,67,the-official-67-coin-onchain,0.0038721046763630254,2.82747194,22.61808966,-19.06628265,3870865.602866589,1364924.13192617,999680000.0,999680000.0,999680000.0,2026-05-24,,
1352,GmeStop,GME,gme,0.0005619865629314007,0.56360942,1.39738478,-3.7248613,3869397.873420232,393314.2053694,6885214218.0,6885214218.0,,2026-05-24,,
1353,GameFi.org,GAFI,gamefi,0.2586634699881815,0.00226058,0.07016962,-4.79864981,3868304.481052837,46865.3784129,14954970.1828,14954970.323,,2026-05-24,,
1354,Dent,DENT,dent,3.8639436173678475e-05,-1.1107187,-1.49537202,-11.5173723,3863943.6173678455,743812.39669565,99999999999.99994,99999999999.99994,100000000000.0,2026-05-24,,
1355,ROA CORE,ROA,roa-core,0.005246238819153666,-2.56655518,23.32330992,20.66466578,3855985.5320779444,6996713.09747258,735000000.0,949999869.89,1000000000.0,2026-05-24,,
1356,Gems,GEMS,gems-vip,0.006393982585566219,-0.05160717,-2.04399844,-10.22746736,3829133.7302354393,338605.8006566,598865211.0,838059738.7,843303980.0,2026-05-24,,
1357,BNBTiger,BNBTIGER,bnbtiger,9.00609e-19,0.06767654,4.72198707,-5.19904328,3823757.3166006096,25003.86659502,4.2457462856807e+24,4.2457462856807e+24,1e+25,2026-05-24,,
1358,MATH,MATH,math,0.03337235189462417,0.09728912,1.58840481,1.16082738,3816334.1476622466,188448.63254273,114356164.04,200000000.0,,2026-05-24,,
1359,GAIB,GAIB,gaib,0.018582826548862084,0.23884191,1.04249487,-2.80423088,3806351.3395752776,596746.0310898,204831667.0,1000000000.0,1000000000.0,2026-05-24,,
1360,Lingo,LINGO,lingo,0.007805916940927829,0.31728867,0.17239629,-0.97330419,3795284.6903677094,179095.08625285,486206133.0,486206133.0,1000000000.0,2026-05-24,,
1361,Moonchain,MCH,moonchain,0.015189561363248102,-0.004284,-1.46388508,-0.17426587,3789036.082062239,2482.23931269,249450000.0,999999999.0,999999999.0,2026-05-24,,
1362,Cross The Ages,CTA,cross-the-ages,0.007573665645255491,-0.75267894,-4.94599266,-29.92060992,3786832.8226277456,157852.66809791,500000000.0,500000000.0,500000000.0,2026-05-24,,
1363,Alitas,ALT,alitas,0.008072760057356364,-1.57980345,1.96748209,18.96750336,3742136.287966962,7972.92090299,463551036.0,1000000000.0,1000000000.0,2026-05-24,,
1364,Vertcoin,VTC,vertcoin,0.050472438331094494,-0.01212037,1.59712004,-0.49512282,3739838.1434137477,7308.57890484,74096641.0,74096641.0,84000000.0,2026-05-24,,
1365,ArchLoot,AL,archloot,0.004136034242041103,-0.81043795,41.88336823,34.7236843,3760198.271893641,18369116.6644118,909131320.4500962,992464664.4500962,,2026-05-24,,
1366,BigONE Token,ONE,bigone-token,0.0004324550519005848,-0.00291794,-0.68695217,-3.82526914,3712268.429786062,0.0,8584171727.145089,8584171727.145089,13508522147.21,2026-05-24,,
1367,DACXI,DXI,dacxi,0.0004404669014504725,-0.22359971,6.01341326,1.3028234,3699389.3305359194,231503.31099633,8398790734.0,10000000000.0,,2026-05-24,,
1368,Coca-Cola Tokenized Stock (Ondo),KOon,coca-cola-tokenized-stock-ondo,82.57966959576748,0.01188019,-0.17608881,0.76492915,3696560.030960492,3023765.24083574,44763.56043873,44763.56043873,,2026-05-24,,
1369,Infrared,IR,infrared,0.01801898819134139,-0.43172418,3.4063464,-3.11904161,3693892.579224985,2166189.96419445,205000000.0,1000000000.0,1000000000.0,2026-05-24,,
1370,Polaris Share,POLA,polaris-share,0.00633661542917726,-1.07813944,-1.71492629,-15.39573595,3681540.2763831434,1147832.63985614,580994746.7273,4600000000.0,5000000000.0,2026-05-24,,
1371,PinLink,PIN,pinlink,0.041710306921439524,0.29762263,2.61795673,-7.9375298,3679125.6682002847,153031.3063183,88206631.4,100000000.0,100000000.0,2026-05-24,,
1372,Robinhood Markets Tokenized Stock (Ondo),HOODon,robinhood-markets-tokenized-stock-ondo,74.69214403832584,-0.02540469,1.86332562,-2.19652431,3669474.527295823,1884025.31443306,49127.98493792,49127.98493792,,2026-05-24,,
1373,Vara Network,VARA,vara-network,0.0006403500370032361,-0.00065864,-5.51546388,-14.55281925,3668067.0166190923,112697.41300494,5728221761.0,10004940847.0,,2026-05-24,,
1374,Nodle,NODL,nodleiot,0.0006001377189640425,0.41574536,0.34105684,3.69184728,3645204.9997985843,59273.06015226,6073947503.401279,7073688040.950051,,2026-05-24,,
1375,Liqwid Finance,LQ,liqwid-finance,0.1808929340819124,-0.82383251,-5.37158052,-10.01147668,3643616.750093908,311592.47284841,20142394.0,21000000.0,21000000.0,2026-05-24,,
1376,Broadcom Tokenized Stock (Ondo),AVGOon,broadcom-tokenized-stock-ondo,421.5132844859817,-0.42972785,1.82429896,-1.13223663,3626002.745353707,5234841.75520249,8602.34511891,8602.34511891,,2026-05-24,,
1377,Automata Network,ATA,automata-network,0.003732048572787517,0.32689312,-2.78364832,-36.17992786,3624909.0278199245,1229978.38191665,971292028.2579365,1000000000.0,,2026-05-24,,
1378,Kori The Pom,KORI,kori-the-pom,0.003616540222206386,0.71761903,9.85821849,40.96583897,3616540.222206386,370092.34579575,1000000000.0,1000000000.0,1000000000.0,2026-05-24,,
1379,ZERA,ZERA,zera,0.003753486439948743,0.64232708,8.10990775,13.41654626,3616272.61587394,77087.72643489,963443634.0,999375033.0,999375033.0,2026-05-24,,
1380,Alibaba Tokenized Stock (Ondo),BABAon,alibaba-tokenized-stock-ondo,130.74756676811344,0.0968586,0.95195255,-1.04918205,3603632.762267439,2749111.4679271,27561.75775461,27561.75775461,,2026-05-24,,
1381,IBM Tokenized Stock (Ondo),IBMon,ibm-tokenized-stock-ondo,260.9908975477139,0.05195733,1.56439642,17.22892685,3601143.4007881097,969898.50601706,13797.96550234,13797.96550234,,2026-05-24,,
1382,Shido Network,SHIDO,shido-network,0.0001531126616626648,0.13122277,-4.98597486,-6.40812587,3589853.523108731,84331.86592699,23445830567.675945,24439449384.789707,,2026-05-24,,
1383,OctaSpace,OCTA,octaspace,0.08972322988527776,-0.03985575,-1.64691427,-2.11942213,3587525.2063098657,106240.48006779,39984352.0,44229584.24429642,48000000.0,2026-05-24,,
1384,Pain (paintoken.com),PAIN,pain,0.7155148212007745,-0.00136732,-7.83445574,-13.64199866,3577482.8162919725,8005.94396788,4999872.413947,9999872.413947,10000000.0,2026-05-24,,
1385,Verified USD,USDV,verified-usd,0.20862791897744515,0.0,1.8520035,-1.34796836,3576261.190946354,0.0,17141815.0,17141815.0,,2026-05-24,,
1386,StrikeBit AI,STRIKE,strikebit-ai,0.017037367670391452,-0.52132735,0.01765222,-14.34814186,3576143.4740151656,182959.95183797,209900000.0,2000000000.0,2000000000.0,2026-05-24,,
1387,Handshake,HNS,handshake,0.005269033730997076,-0.07540137,0.32531531,0.90115968,3570984.640143154,4802.02827559,677730457.32,677730457.32,961271165.148,2026-05-24,,
1388,GAMEE,GMEE,gamee,0.0020195674260927365,0.08613626,4.55156214,21.20595821,3563133.2130278344,316789.42550035,1764305151.18846,3180000000.0,,2026-05-24,,
1389,Acet,ACT,acet,0.0028180535326730416,0.94259259,2.9302249,4.040586,3545210.102788739,101782.61524061,1258035045.0,2230764830.37,,2026-05-24,,
1390,Cryptex Finance,CTX,cryptex-finance,0.3791681638850834,0.01762253,-0.54788937,-0.10928886,3540897.771714071,1143546.17353801,9338594.61045688,10000000.0,,2026-05-24,,
1391,RealFi,REAL,real-token,0.005334543584233501,0.03721223,-0.42521728,9.8044471,3539467.376258968,98121.67040556,663499570.37,1000000000.0,1000000000.0,2026-05-24,,
1392,SPECTRE AI,SPECTRE,spectre-ai,0.35322370763439853,9.11316691,12.36339371,-0.50607248,3529824.91164455,286070.3770031,9993171.0,10000000.0,10000000.0,2026-05-24,,
1393,Fei USD,FEI,fei-usd,1.0005360399303367,0.0,0.12359028,0.51240055,3522961.5724387076,0.0,3521074.13610408,3776056.11202255,,2026-05-24,,
1394,Numbers Protocol,NUM,numbers-protocol,0.003928753967692054,0.15545831,2.49734553,0.34765536,3501746.8647266114,145180.44126242,891312333.0,901375317.0,1000000000.0,2026-05-24,,
1395,Bellscoin,BELLS,bellscoin,0.05694799048875637,-0.07012095,-1.15633034,-4.45243407,3501310.007492098,10516.1905611,61482591.0,61482591.0,,2026-05-24,,
1396,Cult DAO,CULT,cult-dao,8.101132390125861e-07,0.63539632,2.88238113,-1.66926856,3498628.536319234,58267.43537336,4318690730920.0,4957113505372.0,6666666666666.0,2026-05-24,,
1397,Rainbow,RNBW,rainbow,0.01656061021810582,-0.00047718,-3.9317196,-7.07727552,3477728.145802222,1034924.7582199,210000000.0,1000000000.0,1000000000.0,2026-05-24,,
1398,Freya Protocol,FREYA,freya-by-virtuals,0.006305597474926829,0.0,-0.70297131,-0.78396455,3459250.3669079295,0.0,548599935.3214457,548599935.3214457,1000000000.0,2026-05-24,,
1399,RHEA Finance,RHEA,rhea-finance,0.017251337375452393,-4.07513765,18.29352679,71.72988728,3450267.4750904785,3668249.10393705,200000000.0,1000000000.0,1000000000.0,2026-05-24,,
1400,FEED EVERY GORILLA,FEG,feed-every-gorilla,3.9920527541792474e-05,-0.06509297,-3.9772909,-9.51571895,3442598.519034198,609744.83079862,86236298241.0533,96325196530.08186,100000000000.0,2026-05-24,,
1401,Beefy,BIFI,beefy-finance,43.008869927475864,0.10583258,3.22896501,10.78441956,3440709.594198069,23780.75846466,80000.0,80000.0,80000.0,2026-05-24,,
1402,Aavegotchi,GHST,aavegotchi,0.06516100544511991,0.04531911,-0.81141717,-4.5120652,3437099.7621280197,157457.05289661,52747801.21406849,52747802.71425598,,2026-05-24,,
1403,tao.bot,TAOBOT,tao-bot,0.04473628456327595,0.0,-0.48719713,-2.8789736,3429781.831429918,0.0,76666667.0,100000000.0,100000000.0,2026-05-24,,
1404,Syscoin,SYS,syscoin,0.0038533519745272936,-0.06370788,-0.9897347,-33.76295307,3426586.6893803184,974137.05530122,889248299.1514606,889248299.1514606,,2026-05-24,,
1405,Aventus,AVT,aventus,0.5689945543598777,0.1035905,1.54800823,-0.184801,3413967.3261592663,17812.5068119,6000000.0,10000000.0,10600000.0,2026-05-24,,
1406,BeatSwap,BTX,beatswap,0.015149818462324573,-0.248039,-0.67167437,-8.92127704,3405001.1299056457,211811.95959598,224755243.0,1500000000.0,1500000000.0,2026-05-24,,
1407,American Coin,USA,american-coin,2.9360105263246377e-07,-0.44184903,4.79944056,5.49659596,3394785.616935169,129814.06572351,11562579856227.0,11627052161940.7,11627052161940.7,2026-05-24,,
1408,REI Network,REI,rei-network,0.003567902190458708,0.55700443,-1.32330192,7.67614389,3389507.0809357725,949646.06630037,950000000.0,1000000000.0,,2026-05-24,,
1409,iShares 0-3 Month Treasury Bond Tokenized ETF (Ondo),SGOVon,ishares-0-3-month-treasury-bond-tokenized-etf-ondo,101.10606443550977,-0.29492796,-0.11525304,-0.20146297,3370306.314455658,890283.69408956,33334.36360393,33334.36360393,,2026-05-24,,
1410,Camp Network,CAMP,camp-network,0.0015934199181232703,0.55289586,2.10969887,-9.52734144,3355137.6445493377,3340420.34173623,2105620499.9,10000000000.0,10000000000.0,2026-05-24,,
1411,Coinweb,CWEB,coinweb,0.0013659459445069916,-0.07903266,-0.38620432,-0.49811682,3353791.0109413345,125484.37768779,2455288237.743414,7597398622.55741,,2026-05-24,,
1412,BlackFort Exchange Network,BXN,blackfort-exchange-network,0.0007467911763177187,0.07584759,1.40594108,-2.70456357,3352785.9583110902,412954.13099615,4489589680.0,49999999999.0,49999999999.0,2026-05-24,,
1413,Xterio,XTER,xterio,0.01705790897375485,0.02359538,-2.7466841,-2.81981409,3344567.863326079,3384954.09192589,196071386.503,1000000000.0,1000000000.0,2026-05-24,,
1414,iShares Russell 2000 Tokenized ETF (Ondo),IWMon,ishares-russell-2000-tokenized-etf-ondo,286.67625348186345,0.25781242,0.82191478,2.37913684,3335663.052359001,714831.87463156,11635.64477994,11635.64477994,,2026-05-24,,
1415,Ampleforth Governance Token,FORTH,ampleforth-governance-token,0.230630332266499,-0.74137122,-0.60542362,-2.93681843,3308058.660373764,1282442.8611339,14343554.15380151,15297897.14455933,,2026-05-24,,
1416,Ren,REN,ren,0.0033252902916457304,0.75037035,1.84718138,-2.57943243,3301607.6118381843,6883.21713541,992878011.322186,999999632.80375,,2026-05-24,,
1417,Inter Milan Fan Token,INTER,inter-milan-fan-token,0.27176851890327186,0.5606858,1.14336233,-11.78916513,3301483.9176092255,344335.36037885,12148147.0,19728000.0,19728000.0,2026-05-24,,
1418,Djed,DJED,djed,1.0002318306868334,-0.00705107,-0.65542132,0.36498295,3294167.582127568,30084.39015611,3293404.07,1000000000000.0,1000000000000.0,2026-05-24,,
1419,PIBBLE,PIB,pibble,0.00011332648890198664,0.10893745,-0.84198001,-7.50655146,3292417.919988124,32444.69052551,29052500892.670006,29648500892.670006,30000000000.0,2026-05-24,,
1420,Pfizer Tokenized Stock (Ondo),PFEon,pfizer-tokenized-stock-ondo,27.10534436674367,-0.19946053,-0.03724306,2.0389005,3288498.653553502,762973.52748601,121322.88780615,121322.88780615,,2026-05-24,,
1421,Counterparty,XCP,counterparty,1.2694116821747803,0.0,0.0,-0.0388424,3286732.971649742,0.0,2589178.13488123,2589178.13488123,,2026-05-24,,
1422,Balance,EPT,balance,0.0007734339304803862,-1.13266929,4.13276548,-2.52562268,3265877.837528835,1862452.27046381,4222568611.0,9999999990.0,10000000000.0,2026-05-24,,
1423,Marina Protocol,BAY,marina-protocol,0.016413394440689733,0.65388494,-6.86745,-28.12645063,3282678.8881379464,245605.79708481,200000000.0,1000000000.0,1000000000.0,2026-05-24,,
1424,Validity,VAL,validity,0.6435115774134589,-3.74274139,-0.36108214,-6.0023482,3282562.02568093,36596.26453221,5101014.71503421,5105175.61503421,9000000.0,2026-05-24,,
1425,Theoriq,THQ,theoriq,0.021210337438546046,-0.88913598,-0.53568835,-8.53813335,3271263.683101001,2336895.1630542,154229686.0,1000000000.0,1000000000.0,2026-05-24,,
1426,Arowana,ARW,arowana-token,0.1415759216404496,-0.35945648,-2.43817136,-6.38352197,3243613.083201998,79834.94808283,22910767.91602723,500000000.0,500000000.0,2026-05-24,,
1427,Cointel,COLS,cointel,0.0042182246615231345,-1.42871584,3.76342397,-2.30805233,3232623.122895425,1763919.75930004,766346836.0,10000000000.0,10000000000.0,2026-05-24,,
1428,STAT,STAT,stat,0.03624244625276279,-0.94427348,10.72567809,0.93562324,3222617.714896797,1857541.14954621,88918327.7646755,96918327.764706,,2026-05-24,,
1429,abrdn Physical Platinum Tokenised ETF (xStock),PPLTx,abrdn-physical-platinum-tokenised-etf-xstock,18.79,0.0,0.0,0.0,3209606.1461,0.0,170814.59,170814.59,,2026-05-24,,
1430,VNX Euro,VEUR,vnx-euro,1.1610445557912146,0.0,0.18207659,-0.31847362,3209223.2298630057,0.0,2764082.75105,2764082.75105,,2026-05-24,,
1431,Kujira,KUJI,kujira,0.02614417701659343,0.0,-1.75810591,-18.50076637,3198734.9990819534,0.0,122349806.5,122349806.5,122349807.0,2026-05-24,,
1432,Decentrawood,DEOD,decentrawood,0.006882595892933811,-0.85490303,-1.46796054,14.0942806,3196240.704052272,361497.25222457,464394649.02098525,1890000000.0,1890000000.0,2026-05-24,,
1433,Quq,QUQ,quq,0.0031958471272117727,-0.0100019,-0.07567221,6.55869679,3195847.127211773,460491562.93109596,1000000000.0,1000000000.0,1000000000.0,2026-05-24,,
1434,World of Dypians,WOD,world-of-dypians,0.006261013267434044,0.08494303,-3.66050822,-8.48488973,3186440.9855153933,787616.84386893,508933753.91636807,1000000000.0,1000000000.0,2026-05-24,,
1435,CreatorBid,BID,creatorbid,0.008255649757630846,-0.01935573,-0.14071706,-1.80957768,3182050.4672312685,447843.02760657,385439130.8558169,1000000000.0,1000000000.0,2026-05-24,,
1436,Scallop,SCA,scallop-protocol,0.02017312184585207,-0.00312747,2.51725,1.77218522,3180539.3672500267,991757.56283196,157662229.5524378,250000000.0,250000000.0,2026-05-24,,
1437,Foxsy AI,FOXSY,foxsy-ai,0.0027906097309992124,-0.55381798,2.31352416,4.38715197,3175744.9975474337,204617.63528112,1138011153.0,1973386470.0,1978082104.0,2026-05-24,,
1438,OpenAI tokenized stock (PreStocks),OPENAI,openai-tokenized-stock-prestocks,1584.365962978859,0.56265674,-0.16738036,26.70836115,3173355.4623041884,1298720.79385981,2002.91822499,2002.91822499,,2026-05-24,,
1439,BabyShark,BABYSHARK,baby-shark-universe,0.012381980443961764,-0.30929799,-13.32317768,-55.46901132,3167729.5171097796,999697.40647413,255833833.0,850000000.0,850000000.0,2026-05-24,,
1440,BioPassport Token,BIOT,biopassport-token,0.0003596492958972519,1.56017831,3.96537582,0.91298482,3164913.8031762,127608.26152593,8799999997.999117,8800000000.0,8800000000.0,2026-05-24,,
1441,401jK,401JK,401jk,0.0031560075952425217,0.50290778,-2.14391846,9.14356927,3156007.5952425217,84255.10359556,1000000000.0,1000000000.0,1000000000.0,2026-05-24,,
1442,PeiPei (ETH),PEIPEI,peipei-coin,7.4923692823813e-09,0.36541499,2.13877041,3.73546871,3151922.5333204744,328685.13644844,420684354244576.0,420690000000000.0,420690000000000.0,2026-05-24,,
1443,MCN,MCN,mcncoin,0.26218267943480505,0.00265063,72.70355543,114.47670895,3146192.1532176607,12995.67389285,12000000.0,12000000.0,12000000.0,2026-05-24,,
1444,xMoney,XMN,xmoney,0.0030999610642115046,1.90507442,19.38446026,4.67317683,3101694.342341376,3867516.51142986,1000559129.0,10000000000.0,10000000000.0,2026-05-24,,
1445,RETARDIO,RETARDIO,retardio,0.0031912587367089722,-0.61501342,-6.40530723,22.51011744,3113619.4485871447,671222.15015719,975671265.0,999671379.0,1000000000.0,2026-05-24,,
1446,Games for a Living,GFAL,games-for-a-living,0.0007665168400716939,0.0,0.73602282,4.98872619,3113357.1549510164,0.0,4061694397.555333,10000000000.0,10000000000.0,2026-05-24,,
1447,zkVerify,VFY,zkverify,0.008446922806676464,-0.14250746,0.1009877,-2.44369923,3104654.9783068285,551752.71447047,367548638.64186174,1016966911.7255205,,2026-05-24,,
1448,Cisco Systems Tokenized Stock (Ondo),CSCOon,cisco-systems-tokenized-stock-ondo,121.46255331278239,-0.03133687,-0.0784782,1.94387988,3096013.5431506294,1487705.47749273,25489.44887712,25489.44887712,,2026-05-24,,
1449,Fautor,FTR,fautor,0.0019929359300816995,0.0,-2.22910954,-16.15031821,3093202.641480971,1069.05515574,1552083333.3333333,2500000000.0,2500000000.0,2026-05-24,,
1450,LeisureMeta,LM,leisuremeta,0.0008911054835434381,2.59428562,3.13098612,1.67216553,3090420.5002500317,138074.26464504,3468074832.13,4668074832.13,5000000000.0,2026-05-24,,
1451,HODL (hodl2013),HODL,hodl-2013,0.0030876236296520122,0.2823348,1.09328662,-14.53311006,3087492.7823378346,1405358.88523654,999957622.0,999955478.252139,1000000000.0,2026-05-24,,
1452,Electra Protocol,XEP,electra-protocol,0.00016743238228200598,-0.34381915,2.6891436,-9.22235045,3084110.9898986816,120156.27879735,18420038871.0,18420038871.0,30000000560.0,2026-05-24,,
1453,Ultra,UOS,ultra,0.006429183146879504,-7.92808975,6.58950178,3.55643754,3083576.730528371,1708758.26282952,479621852.4316,1000000000.0,,2026-05-24,,
1454,Devve,DEVVE,devve,0.03190319093787921,-0.37535813,17.40137901,25.37471464,3076862.5467399694,291631.82112594,96443724.16323902,120000000.0,300000000.0,2026-05-24,,
1455,Stake DAO,SDT,stake-dao,0.12787102795161745,-1.03267847,-1.04156235,-1.99170337,3055700.064022554,12906.64857727,23896734.96,65085259.52,100000000.0,2026-05-24,,
1456,Virl.fun,VIRL,virl-fun,0.003028060371654989,-2.93008102,13.91653654,191.13825959,3028052.1534991404,3724293.99521896,999997286.0,999997286.0,1000000000.0,2026-05-24,,
1457,Nietzschean Penguin,PENGUIN,nietzschean-penguin,0.0030099392161834493,-1.79558137,-2.62805112,-33.39861151,3009736.168038613,3086659.2693936,999932540.782304,999932540.782304,1000000000.0,2026-05-24,,
1458,Volt Inu,VOLT,volt-inu-v2,5.476332868517838e-08,0.0059212,1.41494259,-0.06078618,2999184.1836694935,10192.33762384,54766287142827.0,69000000000000.0,69000000000000.0,2026-05-24,,
1459,iShares Core S&P MidCap Tokenized ETF (Ondo),IJHon,ishares-core-sp-midcap-tokenized-etf-ondo,73.68413275622272,-0.14214232,0.12858101,1.36115746,2985074.264604272,811376.57568912,40511.76492068,40511.76492068,,2026-05-24,,
1460,BitShares,BTS,bitshares,0.0009958096679528016,0.0715934,-0.01003591,-4.23371203,2982509.704098718,65952.27424997,2995060000.0,2995060000.0,3600570502.0,2026-05-24,,
1461,Roam,ROAM,roam,0.008505742238322558,-0.41256658,7.66782378,43.96741198,2974438.6919695726,1193103.64749667,349697722.859301,995664946.688736,1000000000.0,2026-05-24,,
1462,Echelon (EchelonMarket),ELON,echelonmarket,0.2199896804689862,-4.23724491,-2.54810381,-17.86748433,2969860.6863313136,1151051.80425486,13500000.0,100000000.0,100000000.0,2026-05-24,,
1463,Dora Factory,DORA,dora-factory-new,0.005518663508365185,1.05965449,2.72414054,-9.71489452,2965051.6139488886,160745.83803433,537277116.0,1000000000.0,1000000000.0,2026-05-24,,
1464,DRX Token,DRX,drx-token,0.0044636298917999995,-7.05882353,-3.77588307,-10.78422837,2963859.8226413177,25571.1727491,664002145.0,50000000000.0,45000000000.0,2026-05-24,,
1465,Baby Asteroid (Honoring Liv),BABYASTEROID,babyasteroid,6.956725195193826e-09,18.47581088,12.15304894,-23.51931695,2921824.581981407,184644.52969773,420000000000000.0,420000000000000.0,420000000000000.0,2026-05-24,,
1466,Moby,MOBY,mobyscreener,0.0029469310216720264,-0.4024466,0.84859774,19.13627118,2946845.966700554,1425774.78106749,999971137.78,999971137.78,999971137.78,2026-05-24,,
1467,AGENDA 47,A47,agenda-47,0.0029355223354938266,-0.39678016,0.25386173,9.46569586,2935494.139801794,22466.54972765,999990395.0,999990395.0,999990395.0,2026-05-24,,
1468,Sentinel,P2P,sentinel,8.491713352315582e-05,-0.35662679,-7.45710525,-20.87809728,2932067.139122358,53891.31801939,34528569412.0,34580658175.0,,2026-05-24,,
1469,Mysterium,MYST,mysterium,0.14606274445131626,-0.31655872,0.2156151,-4.82304859,2926166.6869967342,44524.86108598,20033628.0,32433365.0,32433365.0,2026-05-24,,
1470,Vader,VADER,vaderai-by-virtuals,0.0029331640363503436,-0.59702468,7.61080049,18.91945034,2923600.493140956,74787.31796156,996739513.0,996739513.0,1000000000.0,2026-05-24,,
1471,Footballcoin (XFC),XFC,footballcoin,0.007383494298915904,0.00902743,-0.00901785,-0.23206461,2918458.794772741,42228.39827001,395267968.8804323,1000000000.0,,2026-05-24,,
1472,BitForex Token,BF,bitforex-token,0.0006802506394761733,0.0,0.0,0.0,2917645.130705033,0.0,4289073705.17397,10000000000.0,,2026-05-24,,
1473,BRN Metaverse,BRN,brn-metaverse,0.1038808593135205,0.73924652,-0.65023106,-4.44943832,2913806.2304993,156653.98127783,28049500.6467477,28103646.51957318,29700000.0,2026-05-24,,
1474,Kadena,KDA,kadena,0.008686991029819215,-0.01475124,7.15408939,-4.77826914,2912699.734552595,8326.1365468,335294433.31464,1000000000.0,1000000000.0,2026-05-24,,
1475,Beam,BEAM,beam,0.019198649810721086,-0.34799831,-1.25339058,-5.71772283,2894264.80615953,63819.65567358,150753560.0,150753560.0,262800000.0,2026-05-24,,
1476,Rarible,RARI,rarible,0.1484883022765529,-0.07800679,-3.48801948,-0.34746551,2893877.801013241,341428.61288565,19488927.79192479,25000000.0,25000000.0,2026-05-24,,
1477,Ondas Holdings Tokenized Stock (Ondo),ONDSon,ondas-holdings-tokenized-stock-ondo,9.100970214225923,0.06049883,-0.13552722,-14.43727614,2888111.9383432595,753421.78699608,317341.10433949,317341.10433949,,2026-05-24,,
1478,United States Oil Tokenized Fund (Ondo),USOon,united-states-oil-tokenized-fund-ondo,132.81838324766164,-0.29916494,-6.6170761,-9.0823101,2874741.7487461246,1411579.60502742,21644.15556381,21644.15556381,,2026-05-24,,
1479,Global X Copper Miners Tokenized ETF (Ondo),COPXon,global-x-copper-miners-tokenized-etf-ondo,79.42830328354178,-2.27625784,-2.77364981,-18.02994647,2873759.4911718527,871993.97276297,36180.54739144,36180.54739144,,2026-05-24,,
1480,Chevron Tokenized Stock (Ondo),CVXon,chevron-tokenized-stock-ondo,194.98997827119533,-0.06507977,-0.13604598,0.81691699,2861321.574318975,2455509.66647878,14674.19812899,14674.19812899,,2026-05-24,,
1481,GOLDAO,GOLDAO,gold-dao,0.0036074700706157513,1.31039653,5.55590576,1.19905038,2859131.7430034443,432.78557313,792558687.1231964,987794316.0971963,,2026-05-24,,
1482,Housecoin,HOUSE,housecoin,0.002865653033815883,-1.20356304,-4.20218533,-10.29727805,2861603.5994703947,2151180.47226865,998586906.964066,998586906.964066,1000000000.0,2026-05-24,,
1483,TokenFi,TOKEN,tokenfi,0.0028578525305857244,-0.80487032,0.56950493,-7.32845563,2857909.0846294523,591658.7015719,1000019789.0,10000000000.0,10000000000.0,2026-05-24,,
1484,ALTAVA,TAVA,altava,0.004097028990163105,1.56530198,4.75526043,-1.65718644,2851032.1120905597,225174.09576018,695877944.465572,1000000000.0,,2026-05-24,,
1485,OciCat,OCICAT,ocicat,8.940684842042271e-09,-0.82078607,-7.49626836,-2.61572972,2845769.6090276903,11459.41083938,318294365510556.0,325000000000000.0,690700000000000.0,2026-05-24,,
1486,ZenChain,ZTC,zenchain,0.0005090696653500559,0.00837255,0.3331403,-1.86124238,2838054.9709322024,1265983.86142707,5574983473.0,21000000000.0,21000000000.0,2026-05-24,,
1487,McDonald's Tokenized Stock (Ondo),MCDon,mcdonalds-tokenized-stock-ondo,284.81735558449503,0.03732029,-0.29508277,1.975731,2835925.721307918,398271.92600595,9956.99758355,9956.99758355,,2026-05-24,,
1488,Nexa,NEXA,nexa,4.824173929145877e-07,0.10185069,-0.98364148,-5.56445086,2826782.6038701762,17843.30205934,5859620000000.0,10579755000000.0,21000000000000.0,2026-05-24,,
1489,IBStoken,IBS,ibstoken,0.0007021285790786986,0.14225576,-0.10189352,-1.98062746,2826078.203146164,144313.37830361,4025015200.0,20000000000.0,20000000000.0,2026-05-24,,
1490,Adappter Token,ADP,adappter-token,0.0006016423337301803,0.01863169,2.76517127,-1.74246335,2819750.8060327205,150666.81097757,4686755981.0,10000000000.0,10000000000.0,2026-05-24,,
1491,Rezor,RZR,rezor,6.899081610908525e-05,0.00263175,2.51089938,9.76792704,2803927.5898991767,394.20406851,40642041188.0,100000000000.0,100000000000.0,2026-05-24,,
1492,Palantir Technologies Tokenized Stock (Ondo),PLTRon,palantir-technologies-tokenized-stock-ondo,138.6573280653181,-0.16582267,2.23360593,4.60699596,2801521.620682685,3011273.03563773,20204.64161377,20204.64161377,,2026-05-24,,
1493,Allo,RWA,allo,0.0015469222044449836,0.11591789,-0.04244058,1.92586354,2784459.9680009703,567512.40821937,1800000000.0,10000000000.0,10000000000.0,2026-05-24,,
1494,Myro,MYRO,myro,0.0029179150248432794,-0.06875679,-0.21785884,-14.79391873,2755106.4983028444,175133.57709606,944203815.0,999981490.5,,2026-05-24,,
1495,League of Traders,LOT,league-of-traders,0.007507927103615128,-0.36141999,1.10058006,0.88384967,2746650.026268267,169898.07087715,365833337.0,1000000000.0,1000000000.0,2026-05-24,,
1496,KiboShib,KIBSHI,kiboshib,2.7430968310206884e-06,-0.20582705,0.69213945,-1.87489923,2743096.831020688,569927.76547858,1000000000000.0,1000000000000.0,1000000000000.0,2026-05-24,,
1497,DOWGE,DJI6930,dowge,0.0027392058262741413,0.28208274,2.62689135,-2.15160584,2739147.2757496047,165634.10458189,999978625.0,999978625.0,999978625.0,2026-05-24,,
1498,Mr Miggles,MIGGLES,mr-miggles,0.002854945858276211,1.84312642,3.36261399,-0.51036383,2733242.6310838275,148407.02299073,957371091.0,958766520.0,958766520.0,2026-05-24,,
1499,Pirate Nation,PIRATE,pirate-nation,0.0038022101559853773,0.21376298,-0.08397931,-8.88613393,2730061.2099972097,36244.02775744,718019546.0,979167033.1391062,1000000000.0,2026-05-24,,
1500,Tether EURt,EURt,tether-eurt,0.07485253551883429,0.0,0.0,-2.15712421,2723684.662031476,0.0,36387340.03,50001660.54,,2026-05-24,,
