rank,name,symbol,slug,price_usd,change_1h_pct,change_24h_pct,change_7d_pct,market_cap_usd,volume_24h_usd,circulating_supply,total_supply,max_supply,date_snapshot,fdv_usd,liq_mkt_cap_pct
1,Bitcoin,BTC,bitcoin,65088.34171591888,-0.01825326,0.98997665,0.42910234,1305787666627.8784,15622976655.16077,20061775.0,20061775.0,21000000.0,2026-07-27,1366855176034.3,1.1964
2,Ethereum,ETH,ethereum,1940.3254184879893,-0.18131861,3.27140015,3.281856,234163585915.90707,7559247387.6206455,120682635.85310371,120682635.85310371,,2026-07-27,234163585915.91,3.2282
3,Tether USDt,USDT,tether,0.9990501979344882,0.00768315,0.0056363,-0.0155728,183951838025.5119,39034149946.07039,184126721966.35147,189106724018.6396,,2026-07-27,188927110061.56,21.2198
4,BNB,BNB,bnb,572.8701911985505,0.07850829,0.57973266,0.429088,76286631886.43373,813467961.2926769,133165650.89,133165650.89,133165651.57,2026-07-27,76264370270.34,1.0667
5,USDC,USDC,usd-coin,0.9998893583366084,-0.0076401,-0.00208733,0.0015439,72569661781.47691,6371343385.5949745,72577691898.03363,72577691898.03363,,2026-07-27,72574078501.48,8.7813
6,XRP,XRP,xrp,1.1048378779823318,-0.06810614,0.49610529,0.31515111,69089127490.05426,667363966.5138032,62533271955.0,99985635707.0,100000000000.0,2026-07-27,110473739615.32,0.966
7,Solana,SOL,solana,76.41060867668853,0.1580925,2.14930834,-0.78403561,44545713304.095566,1156659708.2457871,582978124.0531545,630994469.2680094,,2026-07-27,48214671468.39,2.5966
8,TRON,TRX,tron,0.3311151664781066,-0.10041476,0.03270634,1.445545,31417486963.317776,312441080.0326077,94883865627.44508,94883861909.68178,,2026-07-27,31417484090.59,0.9957
9,Hyperliquid,HYPE,hyperliquid,59.57085199039469,0.27766957,2.07516075,-1.52777906,15052677500.119581,192874283.36854815,252685281.42835194,953047644.3049034,953047644.3049034,2026-07-27,56726416824.02,1.2836
10,Dogecoin,DOGE,dogecoin,0.07257445402605629,-0.17870807,0.0880171,-0.1545203,11266293236.54372,591066784.3937736,155237726383.7052,155237726383.7052,,2026-07-27,11259173827.07,5.2478
11,UNUS SED LEO,LEO,unus-sed-leo,9.717983789585125,-0.01963192,-0.33753733,-0.04174505,8941660078.316614,198836.49027658,920114734.9,985239504.0,,2026-07-27,9574485590.88,0.0022
12,Zcash,ZEC,zcash,505.6847275797767,0.82281445,4.02203683,-6.03209149,8490922888.370126,329159023.4863463,16790941.9155448,16790941.9155448,21000000.0,2026-07-27,10619229523.83,3.8772
13,Monero,XMR,monero,351.33756814110603,0.29722148,-4.64069522,5.07193025,6599262190.817668,70380717.23144144,18783252.31694903,18783252.31694903,,2026-07-27,6599262190.82,1.0665
14,Chainlink,LINK,chainlink,8.736343672294257,-0.39182755,4.01182939,3.12670726,6535658442.864956,228075848.43641064,748099970.424884,1000000000.0,1000000000.0,2026-07-27,8730128438.76,3.4912
15,Stellar,XLM,stellar,0.18160923790521846,0.13792861,2.48497471,-3.36864566,6210250539.258238,86824240.31366053,34195675346.093113,50001786839.912476,50001806812.0,2026-07-27,9077042817.47,1.3968
16,Cardano,ADA,cardano,0.16478465594464034,0.03214273,-0.19368108,-0.78977025,6012975520.056323,137782231.52124727,36489899411.97189,44993202652.386566,45000000000.0,2026-07-27,7412272688.03,2.2933
17,Canton,CC,canton-network,0.12428960548329575,0.0343369,2.10181745,-2.85441379,4867532372.105468,10604108.81557705,39162827439.8188,39162827439.8188,,2026-07-27,4868975017.39,0.2178
18,Dai,DAI,multi-collateral-dai,0.9997840193113717,-0.00642058,0.0072506,0.03541943,4647023252.311561,23988729.32275962,4648027136.413246,4648027136.413246,,2026-07-27,4647023252.31,0.5162
19,Bitcoin Cash,BCH,bitcoin-cash,214.9650859711748,-0.22687725,2.61454754,0.41351059,4313660715.400476,85647738.25014962,20066796.875,20066796.875,21000000.0,2026-07-27,4513847256.06,1.9865
20,Gram (prev. Toncoin),GRAM,gram,1.5065057079212965,-0.03359626,-0.17791698,3.23406541,4119954639.3476267,36392612.42937077,2734775326.5617647,5221133631.001056,,2026-07-27,7865667616.92,0.8833
21,World Liberty Financial USD,USD1,usd1,0.9987617099940168,0.00383743,-0.01006022,-0.04226101,4104161639.2266026,520215463.1532766,4109250082.5358925,4109250082.5358925,,2026-07-27,4104161960.62,12.6855
22,Ethena USDe,USDe,ethena-usde,0.9998188454839921,0.00039163,-0.01017936,-0.01397784,3972734425.5912,21288828.63437798,3973454234.769979,3973454234.769979,,2026-07-27,3972689947.33,0.5453
23,Litecoin,LTC,litecoin,47.31669163093074,0.04004868,1.44436645,0.17045491,3663814425.4764977,232492444.07344666,77431753.97921263,84000000.0,84000000.0,2026-07-27,3974602097.0,6.3456
24,Global Dollar,USDG,global-dollar-usdg,0.9999583298693736,-0.00680117,-0.00255203,-0.01788475,3278899816.888688,122174208.74109659,3279036454.766087,3279036454.766087,,2026-07-27,3278899816.89,3.7261
25,Hedera,HBAR,hedera,0.0696767540413464,0.11814307,-0.61069974,5.3250939,3051221442.691725,32019310.92171257,43791096251.14168,50000000000.0,50000000000.0,2026-07-27,3482502959.51,1.0506
26,Shiba Inu,SHIB,shiba-inu,5.1295540941087375e-06,0.40841564,-3.42057404,22.71159314,3022542773.420603,529514556.1749723,589240841985071.5,589497547241113.6,589552695333683.0,2026-07-27,3024142442.04,17.5188
27,Sui,SUI,sui,0.7194260281263742,0.2691943,0.81762791,-4.4455857,2915354615.6587896,137719728.29029492,4052334085.342099,10000000000.0,10000000000.0,2026-07-27,7191490647.84,4.7263
28,Avalanche,AVAX,avalanche,6.691008418454813,-0.31698312,-1.41906266,1.07310497,2888989827.0894694,218814847.45902747,431771961.1772119,463441061.1772119,715748719.0,2026-07-27,4789080704.33,7.5741
29,Cronos,CRO,cronos,0.05755641417396741,0.28753145,2.04094424,-1.34690395,2721308181.3938518,5981173.10462575,47280710941.59113,98814049262.69128,100000000000.0,2026-07-27,5754859810.38,0.2196
30,PayPal USD,PYUSD,paypal-usd,0.9996589510677723,-0.00120985,-0.00207778,-0.01626064,2685378638.321873,18798301.54719866,2686294796.293798,2686294796.293798,,2026-07-27,2685355743.87,0.7008
31,Tether Gold,XAUt,tether-gold,4081.871613933839,-0.20617821,0.7377478,1.53226901,2501467500.1907263,196258640.73998463,612823.659532,707747.089,,2026-07-27,2888766906.68,7.843
32,Uniswap,UNI,uniswap,3.8976893975716114,0.65715352,6.47389599,11.48751925,2436599841.071114,185995478.5319826,625139561.5538775,892274420.0329479,,2026-07-27,3479893357.83,7.6485
33,NEAR Protocol,NEAR,near-protocol,1.8465334444320407,0.76814029,3.06727965,-4.11525414,2404054925.5931315,97949611.6860246,1301928721.0,1301928721.0,,2026-07-27,2404257046.96,4.0804
34,Bittensor,TAO,bittensor,200.1307659640393,0.72932118,4.19597899,1.134558,2234809902.7884274,112994901.52685894,11166748.36086917,21000000.0,21000000.0,2026-07-27,4202746085.24,5.0561
35,Ondo,ONDO,ondo-finance,0.4082711513155055,-0.33807679,6.69911694,17.53510312,1988007229.3865652,123889462.4472721,4869330647.0,10000000000.0,10000000000.0,2026-07-27,4084549191.27,6.2322
36,PAX Gold,PAXG,pax-gold,4085.318300049306,-0.22415039,0.84733359,1.71559724,1817415766.3662925,76016677.1284169,444865.156858,444865.156858,,2026-07-27,1817456567.53,4.1827
37,OKB,OKB,okb,86.0972986543286,1.74387034,2.74431378,7.29069917,1808043271.7409005,21641269.63571996,21000000.0,21000000.0,21000000.0,2026-07-27,1807377583.14,1.1967
38,World Liberty Financial,WLFI,world-liberty-financial-wlfi,0.055176910191814456,0.64059637,-1.32225358,-3.35582422,1753233514.3426335,29428214.88273063,31774767892.0,100000000000.0,100000000000.0,2026-07-27,5517691019.18,1.6785
39,Aster,ASTER,aster,0.6299898161839333,0.15827598,0.20908166,1.45052292,1700990833.2418053,37451109.99039441,2700029094.9864817,7816197874.516728,8000000000.0,2026-07-27,5038486706.74,2.2082
40,MemeCore,M,memecore,1.217004508294306,-0.2139338,-3.22242517,0.28087388,1616749849.7161932,14957770.03026065,1328466606.9003727,5395783379.407598,10000000000.0,2026-07-27,12170045082.94,0.9252
41,Ripple USD,RLUSD,ripple-usd,0.9997405277958654,-0.02245014,-0.06027478,-0.01759677,1588935615.5399108,96398792.80961856,1589348007.1704683,1589348007.1704683,,2026-07-27,1588935615.54,6.0669
42,USDD,USDD,usdd,0.9989732784821599,-0.00109453,-0.00440429,-0.03632312,1557370520.7746031,100099051.97869313,1558971150.0,1558971150.0,,2026-07-27,1557513751.24,6.4273
43,Aave,AAVE,aave,100.08311972172473,-0.70841268,8.36853142,11.7011149,1543050732.5279021,305067046.11644727,15417692.1824406,16000000.0,,2026-07-27,1600014108.51,19.8022
44,Polkadot,DOT,polkadot-new,0.8166012918137845,-0.19465482,-0.182727,0.36669276,1384269962.8942788,49218169.70239423,1695160143.3541987,1695160143.3541987,2100000000.0,2026-07-27,1713129772.92,3.559
45,Mantle,MNT,mantle,0.41518668649829577,0.16282857,0.7221949,-2.37598156,1371068662.5274062,17762663.07462733,3302294382.53684,6219316794.889999,6219316795.0,2026-07-27,2581689691.71,1.2947
46,Worldcoin,WLD,worldcoin-org,0.3536633405643816,0.45308817,5.1536183,-3.56925801,1327995800.3879385,198816895.10925823,3754971601.717898,10000000000.0,,2026-07-27,3535723415.31,14.9715
47,Sky,SKY,sky,0.056628233898406835,-2.09840406,-3.2694175,-7.79372687,1322561667.7385468,15396323.78894389,23355163611.693626,23462665147.365967,23462665147.0,2026-07-27,1328592154.29,1.1645
48,Internet Computer,ICP,internet-computer,2.1933225218989754,0.44181263,1.19182542,2.33184241,1217752776.3559835,31289622.0134845,555209169.740187,555209169.740187,,2026-07-27,1216913485.66,2.5709
49,Pepe,PEPE,pepe,2.934836698904124e-06,-0.13892902,2.52283474,1.3951747,1214354639.015777,370211653.66464293,413772473088271.1,413772473088271.1,413772473088271.1,2026-07-27,1213739927.29,30.4395
50,Bitget Token,BGB,bitget-token-new,1.669800439503392,-0.28695753,-0.25542986,2.5031585,1166457621.5000587,5833627.402188,698561093.8316495,910920874.6481038,919992035.98,2026-07-27,1536194343.13,0.5001
51,Ethereum Classic,ETC,ethereum-classic,7.018032069576358,-0.39347524,2.2965151,1.58730131,1106375643.0790508,49321825.79106641,157647561.61136162,210700000.0,210700000.0,2026-07-27,1478527921.42,4.4533
52,Audiera,BEAT,audiera,3.502760025830692,-0.90328471,2.39099775,51.24849763,1083286914.986732,29109016.21765838,309266666.0,1000000000.0,1000000000.0,2026-07-27,3498580436.07,2.6942
53,United Stables,U,united-stables,0.9996243047901088,-0.01811217,-0.01512783,-0.02314865,1070806659.6694077,58923118.84424188,1071209107.8,1071209107.8,,2026-07-27,1070914449.05,5.5027
54,Morpho,MORPHO,morpho,2.001914977954035,0.37924101,3.38407466,-0.50871463,1033689152.9246287,20734238.82396255,516350176.8596902,999999999.8010328,1000000000.0,2026-07-27,2001305963.85,2.0017
55,Stable,STABLE,stable,0.038912707823519126,0.44437247,-1.35946356,8.96594706,966885616.0521395,11540543.41777137,24847554183.0,100000000000.0,,2026-07-27,3890053772.94,1.1936
56,KuCoin Token,KCS,kucoin-token,6.651227837519335,0.14630302,0.46475151,-0.62535023,912249295.6979945,3401976.92041565,137155021.29577178,142155021.29577178,200000000.0,2026-07-27,1330235125.09,0.3729
57,Pi,PI,pi,0.0820778261149468,-0.18899718,0.04923964,-15.58761291,898076845.0138656,7491254.65986942,10941771822.223263,100000000000.0,100000000000.0,2026-07-27,8199148546.97,0.8349
58,Ethena,ENA,ethena,0.09088862578929202,0.88695577,6.00808426,12.90354887,868980470.6323092,116994400.06993413,9560937500.0,15000000000.0,15000000000.0,2026-07-27,1358966204.54,13.5122
59,JUST,JST,just,0.10472903889909606,0.49995232,0.53631764,8.29465599,857599187.9877357,22201007.41298707,8188743036.341737,8188743036.341737,,2026-07-27,857653341.52,2.589
60,Polygon (prev. MATIC),POL,polygon-ecosystem-token,0.07766224782831763,-0.13909847,1.47100227,-4.17784231,829872313.2145444,26268651.53444372,10685659202.771,10685659212.771,,2026-07-27,829864931.19,3.1666
61,Kaspa,KAS,kaspa,0.029391619105350947,0.33350253,4.85566209,4.28749292,811240246.5610212,6598833.23892207,27601073750.078957,27601073750.078957,28704026601.0,2026-07-27,843406805.53,0.815
62,Pump.fun,PUMP,pump-fun,0.0019768438073353755,-0.98402144,10.85272646,-2.80971382,786718451.7883818,87459000.99498089,397966925292.29926,846228728963.5219,1000000000000.0,2026-07-27,1971325607.11,11.1428
63,Render,RENDER,render,1.479912971811149,0.16445911,0.02915987,-0.63341446,767737562.1019824,15869423.78019239,518772101.2826915,533532274.5626915,644168762.0,2026-07-27,952997444.37,2.0659
64,Quant,QNT,quant,63.569647636134185,-0.18279234,-0.25414511,-0.9503689,767459700.6633674,4789242.95548976,12072738.0,14881364.0,14881364.0,2026-07-27,945531254.04,0.6249
65,Algorand,ALGO,algorand,0.08436348355972755,-0.04791665,-0.23835839,2.26857818,756657631.8674569,13358365.14882358,8969018347.04063,10000000000.0,10000000000.0,2026-07-27,843443990.52,1.7645
66,Cosmos,ATOM,cosmos,1.3935577460159922,0.25799841,0.69585142,-4.72760782,726397140.1401461,19195059.2431924,521253706.361882,521253706.361882,,2026-07-27,726381133.83,2.6404
67,GateToken,GT,gatetoken,6.708459257922348,0.56948223,0.50494711,-0.03187537,714928883.3911742,1783225.60592377,106571249.21,140052780.28,142622843.67,2026-07-27,956264154.31,0.2498
68,Venice Token,VVV,venice-token,13.96835367442253,2.97753812,5.96970815,20.16902861,663394164.9171877,32646780.11559089,47492652.34684955,80673398.71287628,,2026-07-27,1128700593.52,4.9444
69,币安人生,币安人生,bianrensheng,0.6416679561033506,-0.21519248,2.35125177,-3.97576416,641667956.1033506,19634554.70855789,1000000000.0,1000000000.0,1000000000.0,2026-07-27,641282390.11,3.0618
70,Jupiter,JUP,jupiter-ag,0.19185496972368793,0.21493855,3.33247974,-3.80438701,637018543.9641569,11464421.20071914,3320312968.08,6862435229.582892,6864785739.32,2026-07-27,1315603777.75,1.8022
71,Filecoin,FIL,filecoin,0.7537731580181729,1.59565761,2.23144121,4.42056042,608858836.973952,55663041.57730176,807748101.0,1957264931.0,,2026-07-27,1473016463.38,9.1729
72,XDC Network,XDC,xdc-network,0.028003140270635052,-0.03617419,-0.95777071,-1.46554809,588506980.2113242,5834490.15814275,21015749466.8,38084965260.3,,2026-07-27,1066242566.58,0.9922
73,Flare,FLR,flare,0.006411047127059077,0.20082471,0.13322808,-1.44705252,557267001.6444893,2057164.6361859,86922930154.8003,106248432882.69164,,2026-07-27,681200295.27,0.3693
74,Lighter,LIT,lighter,2.198966622124339,0.9001066,5.72181702,-1.1049509,549741655.5310848,33166322.21749869,250000000.0,1000000000.0,1000000000.0,2026-07-27,2195374685.68,6.0472
75,Arbitrum,ARB,arbitrum,0.0822260132497329,0.37580173,-0.13497306,-7.16937859,543847487.6185864,38125264.34433938,6614056381.0,10000000000.0,,2026-07-27,821743382.32,7.0076
76,Aptos,APT,aptos,0.6287438145222143,0.04439153,3.06504556,5.80733658,531415183.5306221,41553104.35190524,845201449.7103996,1206261214.597978,2100000000.0,2026-07-27,1319871885.93,7.8205
77,Injective,INJ,injective,4.9519698630857185,0.36099675,-2.0775954,-3.85097439,495053153.8679136,68822283.70857713,99970954.5,100000000.0,,2026-07-27,494698556.69,13.907
78,TrueUSD,TUSD,trueusd,0.9960363180298465,0.00679992,0.00941696,-0.05366125,492554982.48154396,28078238.95457731,494515083.0,494515083.0,,2026-07-27,492541575.79,5.7005
79,Nexo,NEXO,nexo,0.7432577681110314,0.19661951,0.83859419,-1.87348932,480252914.59650874,4838973.21370636,646145839.5746847,1000000000.0,1000000000.0,2026-07-27,742815570.67,1.008
80,PancakeSwap,CAKE,pancakeswap,1.4073972950061715,0.14013875,0.49773444,0.50432777,453964394.4340782,16975075.05050735,322555966.28248996,334876829.5376609,400000000.0,2026-07-27,562887523.5,3.74
81,EURC,EURC,euro-coin,1.1406466064995169,0.0366919,0.37488587,-0.22851528,431500483.7351051,18065330.89501522,378294628.0437541,378294628.0437541,,2026-07-27,431530030.26,4.2039
82,Aerodrome Finance,AERO,aerodrome-finance,0.43060834861722114,0.93894828,2.28160649,-5.57684315,419510917.13043773,50211788.57560507,974228480.422129,1945164683.6269114,,2026-07-27,837093923.82,11.9602
83,Dash,DASH,dash,32.71374466889042,-0.06742026,0.46234224,-4.79421317,418211446.1138324,37253011.25462339,12783967.42246192,12783967.42246192,18900000.0,2026-07-27,618073727.79,8.8186
84,ether.fi,ETHFI,ether-fi-ethfi,0.4290445200989954,0.09832023,6.07296027,-4.37228788,417661110.8917289,32983347.74958442,973468000.0,1000000000.0,1000000000.0,2026-07-27,428944190.18,7.9059
85,VeChain,VET,vechain,0.004725109806164539,0.26871475,0.86515871,1.36044129,406288761.24890435,8045088.46362682,85985041177.0,85985041177.0,86712634466.0,2026-07-27,409535133.29,1.9789
86,Pudgy Penguins,PENGU,pudgy-penguins,0.00635822554523285,0.31227749,0.6885205,2.63959328,399680576.2031475,61834789.20364457,62860396090.04,76724221264.3,88888888888.0,2026-07-27,565017749.6,15.3771
87,Virtuals Protocol,VIRTUAL,virtual-protocol,0.6019421125483122,0.40656673,2.6064326,-1.95333594,395785559.3216519,36342032.95655129,657514320.8473986,1000000000.0,1000000000.0,2026-07-27,601770603.85,9.1925
88,OFFICIAL TRUMP,TRUMP,official-trump,1.5899920180062002,-0.04071696,1.26714553,-0.14768118,394715881.0340063,199176164.98223522,248250228.028797,999999078.097327,999999078.097327,2026-07-27,1590224267.43,50.2887
89,Artificial Superintelligence Alliance,FET,artificial-superintelligence-alliance,0.15967652954415662,0.17428456,0.4959106,3.44814763,357734935.1913445,82124831.95941141,2240372684.7809353,2714384546.672,2719493897.0,2026-07-27,434012024.87,22.9539
90,Sun [New],SUN,sun-token,0.018170698554232905,-0.14397226,-0.68958492,-1.35272295,349280474.48354125,53660526.94354705,19222181989.37517,19222181989.37517,19900730000.0,2026-07-27,361615290.37,15.3858
91,First Digital USD,FDUSD,first-digital-usd,0.9976224883755682,0.00509024,0.01936383,-0.0129291,346330165.27789956,187170768.6967156,347155531.58974,347155531.58974,,2026-07-27,346326405.48,54.0668
92,Pyth Network,PYTH,pyth-network,0.04341091749371486,-0.09326863,1.0403678,-11.06637312,341860179.87278724,11019333.29898892,7874981677.645551,9999981857.422035,10000000000.0,2026-07-27,433927405.94,3.2234
93,Sei,SEI,sei,0.04503201278445524,0.34878899,0.55943729,-3.05172817,330484938.2281125,16133977.72615547,7338888888.0,10000000000.0,10000000000.0,2026-07-27,449963919.75,4.886
94,Lido DAO,LDO,lido-dao,0.38900072699125277,0.52583566,4.44481412,9.98514594,325345553.5057629,30684784.15540546,836362327.7060835,1000000000.0,,2026-07-27,389311539.93,9.4225
95,Midnight,NIGHT,midnight-network,0.019472058204878157,-1.08457861,-0.2241174,-28.29296175,323380247.7679306,14654648.68577505,16607399401.0,24000000000.0,24000000000.0,2026-07-27,467352566.11,4.5306
96,Curve DAO Token,CRV,curve-dao-token,0.2108073790646539,0.44468769,4.11699097,-0.40203458,323095319.0282472,27209081.34902728,1532656591.3480425,2403533058.36662,3030303030.299,2026-07-27,638720199.87,8.4228
97,Celestia,TIA,celestia,0.3495621359991509,-0.28995417,3.24656993,-3.80664568,321573743.27546424,14291647.87978495,919932996.62251,1168685161.483695,,2026-07-27,408519120.03,4.4426
98,SPX6900,SPX,spx6900,0.3427193754336812,-0.45350508,2.92309136,-0.37346294,319069370.3618633,5648986.89095085,930993090.07,930993090.07,1000000000.0,2026-07-27,342450929.81,1.7696
99,LayerZero,ZRO,layerzero,0.8621304479316644,0.59385608,1.442676,11.1399167,313006921.6289696,13814687.45130197,363062135.64305025,1000000000.0,1000000000.0,2026-07-27,861886893.33,4.4088
100,Jito,JTO,jito,0.5984037531907309,-0.98773834,1.85343544,-2.14492711,301042176.32109267,22155339.45978621,503075347.9,986522991.9493289,,2026-07-27,588308663.67,7.4198
101,Terra Classic,LUNC,terra-luna,5.323779650635161e-05,-0.12692383,-1.27246721,-5.24029152,294303952.90286076,9717024.78732269,5528101691206.33,6453943623510.395,6453943725252.517,2026-07-27,343492302.56,3.3033
102,Gnosis,GNO,gnosis-gno,110.11605442854383,0.00579643,3.20059694,-0.29769116,290652390.2550483,1896813.96531783,2639509.66789913,2999934.74577209,,2026-07-27,330302339.62,0.6529
103,KAITO,KAITO,kaito,1.1799939050960884,-0.06379483,16.44119647,19.46041705,284837417.7779162,103867290.37831934,241388889.0,1000000000.0,1000000000.0,2026-07-27,1180637771.68,36.4383
104,Bonk,BONK,bonk1,3.1483490717152937e-06,0.50209263,-0.81677747,12.64755012,277037719.85928375,48571704.86084135,87994600836414.61,87994600836414.61,88872433754423.19,2026-07-27,279099531.71,17.5793
105,Bitcoin SV,BSV,bitcoin-sv,13.671453973118073,-0.24513874,3.35140951,-0.64790733,274267524.1005566,9723720.67748369,20061328.125,20061328.125,,2026-07-27,274460334.82,3.5478
106,DeXe,DEXE,dexe,3.194102231998141,-8.52306234,-13.3264353,-90.78039749,267453942.83444116,363148399.0026111,83733682.70906265,96504599.33609451,,2026-07-27,302047382.09,138.9591
107,BitTorrent [New],BTT,bittorrent-new,2.698921160195398e-07,0.02234948,-0.99882229,-0.89889079,266393743.60099268,4000903.29097537,987037885840674.8,987037885840674.8,,2026-07-27,266352627.92,1.5029
108,AINFT,NFT,apenft,2.6918266163113436e-07,-0.57579124,0.42297003,0.18815489,266519258.8150028,5758008.78437795,990105592982874.8,990105592982874.8,999990000000000.0,2026-07-27,269006816.4,2.1635
109,Pendle,PENDLE,pendle,1.5392768601560274,-0.03694476,4.22969923,-2.22516645,264238027.55139968,22058386.47989805,171663743.14534646,281527448.45853144,,2026-07-27,433251876.87,8.345
110,Stacks,STX,stacks,0.1446710202394785,-0.19302655,5.92139103,-11.93585944,262520870.7099812,15330375.08348025,1814605788.19049,1814570813.19049,,2026-07-27,262385847.22,5.8481
111,Immutable,IMX,immutable-x,0.12624369758732032,0.1857519,1.15879836,0.13173982,252487395.17464063,8553793.46789113,2000000000.0,2000000000.0,2000000000.0,2026-07-27,252460065.94,3.3909
112,Monad,MON,monad,0.021250207556975004,-0.38605286,1.69145833,0.81653806,251287210.6454763,15191873.73409418,11825165000.0,100682925000.0,114166666695.0,2026-07-27,2424635113.98,6.022
113,Tezos,XTZ,tezos,0.2220533644520435,0.30694688,-0.83547078,-0.35756763,242421087.3002124,5849698.51522062,1091724450.554622,1111710105.574024,,2026-07-27,246760795.36,2.414
114,Conflux,CFX,conflux-network,0.04437863536644981,-0.15637451,0.08581493,-2.72107774,231962182.05782193,4911476.84901343,5226888572.45,5226888571.65,,2026-07-27,231898250.59,2.1299
115,Plasma,XPL,plasma-xpl,0.08610356093870924,1.00289713,3.23739217,4.0695646,231522908.30186358,45471966.80350828,2688888888.8889,10000000000.0,,2026-07-27,860886753.95,19.6714
116,JasmyCoin,JASMY,jasmy,0.004494452307639711,0.16868814,2.51476369,-4.03443695,222228192.90029958,4022899.38767115,49444999677.16958,50000000000.0,50000000000.0,2026-07-27,224697943.73,1.807
117,Optimism,OP,optimism-ethereum,0.09551304713223958,0.22002064,3.31429424,0.46104007,218387464.3399552,25436081.0105313,2286467356.0,4294967296.0,4294967296.0,2026-07-27,410090390.89,11.6657
118,DoubleZero,2Z,doublezero,0.06175626998658632,0.36447471,-0.27183367,-4.90022035,214381796.3661605,3296903.05352945,3471417500.0,9998237472.8,10000000000.0,2026-07-27,617645852.66,1.5386
119,FLOKI,FLOKI,floki-inu,2.2248325103197795e-05,-0.07159318,-2.09796229,4.15090427,212719305.39792043,25918545.94575972,9561137946844.63,9646429299562.291,,2026-07-27,214420843.73,12.1596
120,Starknet,STRK,starknet-token,0.03115955321477512,0.38398638,3.8683079,8.2960729,210231559.97961834,48877386.90990876,6746937561.348971,10139100000.0,,2026-07-27,316106633.51,23.1723
121,Maple Finance,SYRUP,maple-finance,0.1740047978480075,0.26532262,1.68110083,-3.4589121,207241333.67371556,4901819.8499214,1191009306.8510675,1244677492.5110993,,2026-07-27,216572743.93,2.3324
122,Decred,DCR,decred,11.578817291506027,-0.16936802,-0.21944792,-9.77526554,202967270.80769134,1513145.99674547,17529188.4911755,17529188.4911755,21000000.0,2026-07-27,243603107.77,0.744
123,Zebec Network,ZBCN,zebec-network,0.0019278481442862926,-0.2388788,1.57853193,-3.36291657,192782452.95619705,9538069.64920751,99998775073.421,99998775073.421,100000000000.0,2026-07-27,192830577.03,4.9438
124,BUILDon,B,buildon,0.19181499622534393,2.6862609,18.22054966,-17.70339559,191814996.22534394,11493260.10227433,1000000000.0,1000000000.0,,2026-07-27,192396225.46,5.9787
125,Kaia,KAIA,kaia,0.029813657042812195,-0.32296198,0.2656896,-7.28780986,190081457.8220847,3729244.65988583,6375650513.089659,6375650513.089659,,2026-07-27,190088517.87,1.9619
126,Velvet,VELVET,velvet,0.45019678726225176,-1.25406093,-3.32042728,-11.74557033,189562701.66087878,6665887.99684298,421066313.7195011,1000000000.0,1000000000.0,2026-07-27,449172062.42,3.5172
127,Ethereum Name Service,ENS,ethereum-name-service,4.613786693243102,0.17651346,5.07912152,2.51823242,189297180.8039622,13882048.51370449,41028593.94891147,100000000.0,,2026-07-27,461026927.3,7.3426
128,Kite,KITE,kite,0.1049436172156079,0.38537652,2.74597369,-4.56555726,188898510.9880942,24988198.00157772,1800000000.0,10000000000.0,10000000000.0,2026-07-27,1049084477.54,13.2446
129,Humanity,H,humanity-protocol,0.06093069432550343,0.376587,-2.70863203,4.63101372,188800526.43794957,3293324.86449452,3098611111.0,10000000000.0,10000000000.0,2026-07-27,609388775.6,1.7427
130,Pieverse,PIEVERSE,pieverse,0.6960471387014052,-0.57119032,8.2496997,10.17653091,188351900.95724815,124340889.71032228,270602220.0,1000000000.0,1000000000.0,2026-07-27,695589286.12,66.0675
131,Falcon Finance,FF,falcon-finance-ff,0.060491372847819726,0.10264863,1.01430508,0.45141736,179659377.3580246,6918670.20836454,2970000000.0,10000000000.0,10000000000.0,2026-07-27,605712839.64,3.8506
132,EigenCloud,EIGEN,eigencloud,0.21434709364824903,1.19370147,3.52490266,-8.46301691,177276558.94329453,15051549.81856526,827053709.5978146,1825636127.4624436,,2026-07-27,391342715.28,8.5029
133,The Graph,GRT,the-graph,0.016121458309405878,0.82819469,-0.53559491,-1.72658601,175884410.2920529,9466730.12249489,10909956588.073374,11594548254.739832,,2026-07-27,186660644.29,5.3814
134,Compound,COMP,compound,17.457457680236594,0.06741662,-0.17765482,3.44557278,174574576.800042,6675831.27390451,9999999.99986688,10000000.0,,2026-07-27,174621446.33,3.8208
135,Raydium,RAY,raydium,0.6386275611267715,0.44613902,2.04719091,-6.60936153,171991274.33237034,9710905.90928577,269313892.480486,554997637.908951,555000000.0,2026-07-27,354181512.64,5.6479
136,Telcoin,TEL,telcoin,0.0017384183968834359,-0.16485511,0.57376219,-7.46032882,167017237.71323434,529990.3870314,96074246575.31,100000000000.0,100000000000.0,2026-07-27,173770422.82,0.3174
137,IOTA,IOTA,iota,0.03480230002563304,-0.02996746,0.68646174,-3.46029108,158673613.06853643,3166088.30702778,4559285247.0,4600000000.0,,2026-07-27,159858900.23,1.9999
138,Axie Infinity,AXS,axie-infinity,0.8907102281405859,-0.00419994,0.20758966,-3.74660625,155172699.74684903,10372573.4457903,174212325.00134403,270000000.0,,2026-07-27,240297468.58,6.6929
139,dogwifhat,WIF,dogwifhat,0.15447657506112458,0.43912434,-1.66713203,0.34714077,154297219.1062465,45978424.01616609,998838943.996479,998838943.996479,998840592.989347,2026-07-27,154227056.12,29.821
140,MX Token,MX,mx-token,1.6493403743629804,-0.0618594,0.11279436,-1.06307605,151471022.84005806,4014739.89265188,91837334.0,409024834.0,413787834.0,2026-07-27,683597761.81,2.6342
141,Trust Wallet Token,TWT,trust-wallet-token,0.35056685678809313,0.18305686,3.78294225,4.9010871,150694849.7621217,15723859.63576464,429860515.46,999860531.46,999860531.46,2026-07-27,350582834.83,10.3576
142,Chiliz,CHZ,chiliz,0.01418488026065213,-0.14909992,-0.71026844,-4.4925247,149957287.70930484,17138640.04642539,10571628731.0,10571628731.0,,2026-07-27,149779048.68,11.4661
143,THORChain,RUNE,thorchain,0.43503773234898235,0.25728271,1.97606584,-2.14218635,147126367.7861135,2649403.08963895,338192200.0,354095367.0,354196525.0,2026-07-27,154065883.69,1.7977
144,ApeCoin,APE,apecoin-ape,0.14539783841010112,1.3049921,0.94089672,1.24473347,145397838.41010112,8512462.71488801,1000000000.0,1000000000.0,1000000000.0,2026-07-27,145704469.89,5.8901
145,edgeX,EDGE,edgex,0.4082131142773617,0.31708726,-1.89227559,-2.45815099,142874589.9970766,6591715.8030209,350000000.0,1000000000.0,1000000000.0,2026-07-27,408638636.75,4.6069
146,Vision,VSN,vision-token,0.03939465847597963,0.08656274,0.48615564,13.60826473,142860299.6448551,2219401.83066198,3626387565.511255,4107978166.5544677,4200000000.0,2026-07-27,165361313.65,1.5563
147,Akash Network,AKT,akash-network,0.4715200781268995,0.11850189,-0.66086543,-9.35376118,139652661.98117858,2683056.76073023,296175430.187289,296175430.187289,388539008.0,2026-07-27,183159775.93,1.9229
148,Neo,NEO,neo,1.9782796215143748,0.07392797,0.57881045,-2.00951722,139545531.89274645,3753696.56596935,70538831.0,100000000.0,,2026-07-27,197696802.77,2.6921
149,Convex Finance,CVX,convex-finance,1.3925056451867301,0.77614071,5.31084714,14.42321051,137843428.0761823,6209595.31585976,98989493.18636191,99981496.64541768,,2026-07-27,139178769.9,4.4962
150,Theta Network,THETA,theta-network,0.13738171557069875,0.4270747,0.05941972,1.20280324,137381715.57069874,3752503.94054113,1000000000.0,1000000000.0,1000000000.0,2026-07-27,137342814.98,2.7336
151,Onyxcoin,XCN,onyxcoin,0.003522286956603115,-0.1173549,-0.12154478,-2.55729013,136956324.26375502,2577551.34786318,38882784381.609665,48402432357.486084,68892071756.90897,2026-07-27,242441903.62,1.886
152,Decentraland,MANA,decentraland,0.06891014060639415,0.64416116,1.09220954,0.06606967,136849307.46138197,7363092.12050153,1985909566.5331404,2193179327.320146,,2026-07-27,151146003.32,5.3787
153,OriginTrail,TRAC,origintrail,0.2744967978818712,-0.63449193,0.20028666,-11.90287446,137248398.9409356,4042711.0266207,500000000.0,500000000.0,500000000.0,2026-07-27,136407143.39,2.965
154,The Sandbox,SAND,the-sandbox,0.04553403599903304,-0.37777735,1.79131375,-2.95531528,133762591.96005557,11198955.9613213,2937639702.3733225,3000000000.0,,2026-07-27,136595377.0,8.375
155,Fartcoin,FARTCOIN,fartcoin,0.13320639125178269,0.78917745,3.61086574,-0.77189236,133206158.93983635,12539638.4032795,999998256.0,1000000000.0,1000000000.0,2026-07-27,133181779.77,9.4424
156,eCash,XEC,ecash,6.544928403421967e-06,-1.42229076,-5.18977195,-17.19983636,131299802.76127067,7866438.39254759,20061304672580.0,20061304672580.0,21000000000000.0,2026-07-27,137091936.14,6.0504
157,Genius Terminal,GENIUS,genius-terminal,0.3732416761234061,-0.51073955,3.32827033,17.69496576,125176695.63449846,13669042.90532028,335377059.0,953973324.288,1000000000.0,2026-07-27,374345500.18,10.8848
158,Arweave,AR,arweave,1.8665816077608721,-0.20935261,0.30819025,-1.52000783,122545685.53974599,6172588.13118811,65652466.0,65652466.0,66000000.0,2026-07-27,123209733.38,5.0602
159,Tagger,TAG,tagger,0.0011275429838878887,1.1933136,6.51808927,-6.4602227,122230815.24973,5942496.54769721,108404572594.0,405380800000.0,,2026-07-27,457974477.88,4.8784
160,1inch,1INCH,1inch,0.08489805336355585,-0.1788253,3.91566542,14.95355019,119875581.68878004,8316178.19162095,1411994467.9466465,1500000000.0,1500000000.0,2026-07-27,127139206.2,7.069
161,GoМining,GOMINING,gomining-token,0.2890734187354078,0.00466962,0.00435608,0.45236091,116730864.77916576,7273236.68560083,403810441.2706685,403890250.7458408,403890250.7458408,2026-07-27,116755113.13,6.2318
162,Zama,ZAMA,zama,0.05296270217530193,-2.09221935,-2.56034002,50.54823435,116517944.78566425,87715242.44378167,2200000000.0,11196548333.0,,2026-07-27,595418344.36,74.9174
163,Basic Attention Token,BAT,basic-attention-token,0.07586556767557898,0.19837957,-1.52328663,-2.23403229,113474000.18607007,3529735.55201398,1495724656.9526057,1500000000.0,1500000000.0,2026-07-27,113801050.27,3.1158
164,SOON,SOON,soon,0.19921401834148492,0.92347436,17.97394779,25.4753954,111058702.04615687,27857037.97849862,557484372.69,998466231.2532852,,2026-07-27,199641314.11,25.0414
165,AWE,AWE,awe-network,0.05681812426324262,-0.09855208,-1.65889232,-3.714741,110364677.01247479,2227459.28686562,1942420283.0270672,1942420283.0,1942420283.027067,2026-07-27,110411342.14,2.018
166,WEMIX,WEMIX,wemix,0.22162328519842597,8.00481954,-5.4906991,-8.63368714,110400876.31373674,2734630.1446094,498146556.28307074,558943468.4927068,590000000.0,2026-07-27,136284417.23,2.4153
167,SafePal,SFP,safepal,0.21978053183156804,0.36488982,-0.49956159,3.49727541,109890265.91578402,1910908.32915649,500000000.0,500000000.0,500000000.0,2026-07-27,110056015.42,1.7397
168,dYdX,DYDX,dydx-chain,0.1275798773659466,-0.09251871,3.73108094,5.1988026,108265296.76476952,3605416.81716723,848607938.8070294,958342962.317931,1000000000.0,2026-07-27,127639447.27,3.3246
169,Centrifuge,CFG,centrifuge,0.18671725683801124,1.71522581,9.17086245,10.69787432,107765129.04660423,9206170.67378895,577156771.0,697164473.0,,2026-07-27,130662110.49,8.5549
170,Vaulta,A,vaulta,0.06365592183253695,0.23331681,2.28457981,-5.74195011,105452902.18342459,7437436.94634694,1656607887.336,2100000000.0,2100000000.0,2026-07-27,133420301.31,7.0676
171,Golem,GLM,golem-network-tokens,0.10128858552866682,0.20312902,-0.29910634,3.40724425,101288585.52866682,2809287.01099517,1000000000.0,1000000000.0,1000000000.0,2026-07-27,101226272.65,2.7663
172,Gala,GALA,gala,0.0020022406519346592,0.19297811,0.73045,-0.64323778,98150800.41391273,20599618.47908179,49020481288.83749,49020481288.83749,50000000000.0,2026-07-27,100123317.25,21.0797
173,AB,AB,newton,0.000981697255633469,-0.11892022,-0.10286426,0.69716301,97014917.05202684,708845.84080344,98823661261.46,98823661261.46,98823661261.46,2026-07-27,97038653.71,0.73
174,DeepBook Protocol,DEEP,deepbook-protocol,0.01762575338370752,0.11392257,1.92946215,1.2552553,96408938.88249545,3364613.073127,5469776910.16667,10000000000.0,10000000000.0,2026-07-27,176216125.36,3.4917
175,ZKsync,ZK,zksync,0.009342835727835761,0.15109034,1.84893862,-1.2195651,94999099.31618516,6719044.47146559,10168122621.823236,14826835215.600285,21000000000.0,2026-07-27,196075905.4,7.0898
176,Meteora,MET,meteora,0.17640801471566953,-0.86195038,10.09469722,16.81551108,94057651.91180833,16279251.36316407,533182418.403202,997733887.191853,1000000000.0,2026-07-27,176107026.84,17.376
177,Nexus,NEX,nexus-labs,1.5662895389067014e-06,-0.79904066,-0.04219564,-8.06694489,93977372.33440208,934224.68848068,60000000000000.0,100000000000000.0,100000000000000.0,2026-07-27,156368622.19,0.9987
178,Data Network,DATA,data-network,0.2628744143899993,0.20431993,0.11508899,-3.18778908,93923221.26282223,19057841.68583687,357293126.0,1030820213.0,,2026-07-27,270921153.33,20.1368
179,Kamino,KMNO,kamino-finance,0.017981675241987845,-0.16546397,1.34969571,-1.56367824,92704162.70701641,3574750.11383953,5155479757.0,9999957180.82469,10000000000.0,2026-07-27,179774974.8,3.856
180,Sentient,SENT,sentient,0.012730200665148262,0.07605143,0.87496239,-8.07509184,92139650.62154996,11523063.74350957,7237878887.0,34359738368.0,,2026-07-27,437401615.29,12.4956
181,Fluid,FLUID,instadapp,1.1547205940135512,-0.140754,3.03991725,15.27095853,90873042.91547292,2571883.20737443,78696996.82034639,100000000.0,,2026-07-27,115301513.25,2.8337
182,YZY MONEY,YZY,yzy,0.29430563655020664,-0.09917013,-0.01253669,-0.01290916,89167426.94084507,122120.03392389,302975600.42019,999999433.753569,1000000000.0,2026-07-27,294596282.52,0.1367
183,Cheems (cheems.pet),CHEEMS,cheems-pet,4.6654559675898696e-07,0.95379844,2.71771093,-1.67941304,87474982.88863507,1377361.3694871,187495034775398.0,203672952644644.2,203672960023058.0,2026-07-27,95320532.07,1.5701
184,Aethir,ATH,aethir,0.004345840284323248,-0.17492309,-0.56027591,-10.1071835,87476396.04191884,5827398.97120295,20128764593.0,42000000000.0,42000000000.0,2026-07-27,182526931.48,6.6658
185,MultiversX,EGLD,multiversx-egld,2.833450415577279,-0.29441774,0.42334979,-10.87399032,86231009.99214768,2562161.68791279,30433216.51865901,30438372.0,,2026-07-27,86252731.95,2.9734
186,Grass,GRASS,grass,0.3495819775342315,-0.73396879,2.26923925,-3.24201159,85264824.04244669,13286403.72938968,243905091.0,1000000000.0,,2026-07-27,349355173.28,15.5763
187,Beam,BEAM,onbeam,0.0016141668633049395,-0.29879075,2.73171738,7.84669421,82807058.20317888,3934835.66441464,51300184687.0,58470184687.0,58470184687.0,2026-07-27,94381350.13,4.7509
188,Safe,SAFE,safe1,0.10905500971846137,3.00712975,32.25424258,35.58695889,82798876.39483523,21781907.61638418,759239549.0,1000000000.0,1000000000.0,2026-07-27,109475128.07,26.3042
189,Official Melania Meme,MELANIA,melania-meme,0.08130452376591626,0.51418568,2.17328224,3.42982673,81304191.51930001,5672133.1400611,999995913.553135,999995913.553139,,2026-07-27,81321402.85,6.981
190,ORDI,ORDI,ordi,3.8319373569755046,-0.74369164,0.34753652,5.46943733,80470684.49648559,35928254.53467399,21000000.0,21000000.0,21000000.0,2026-07-27,80400561.91,44.6364
191,Reserve Rights,RSR,reserve-rights,0.001255385128383741,-0.63777734,2.30151226,3.96643037,78528324.48704053,7629821.58764161,62553174091.0,100000000000.0,100000000000.0,2026-07-27,125693024.97,9.704
192,CoW Protocol,COW,cow-protocol,0.13396660623181267,-0.17221393,1.48458959,0.94782514,77330723.15110807,2871519.70865332,577238800.9687787,1000000000.0,1000000000.0,2026-07-27,133822096.9,3.7032
193,XPR Network,XPR,proton,0.0026354935813024272,0.2727065,3.77822874,6.69566942,77194788.11126056,1796090.00631399,29290448157.0059,32333124384.2882,,2026-07-27,85229000.05,2.327
194,Re,RE,re-protocol,0.4822332452896905,1.71423311,-12.57682862,25.32657613,76964425.9482346,47136450.98498497,159600000.0,1000000000.0,1000000000.0,2026-07-27,482794590.09,61.6538
195,Rootstock Infrastructure Framework,RIF,rsk-infrastructure-framework,0.0764915620933434,-2.10297231,1.99321882,-41.10931497,76491562.0933434,16225232.57085564,1000000000.0,1000000000.0,1000000000.0,2026-07-27,76632377.16,20.939
196,RaveDAO,RAVE,ravedao,0.3019143422880098,-0.72988328,0.09261973,7.24438088,76227500.70333669,4237313.22788016,252480555.0,1000000000.0,1000000000.0,2026-07-27,302263991.95,5.5553
197,Yearn,YFI,yearn-finance,2125.6892273514554,0.26215136,2.57325195,-0.38140075,76133572.73651706,3549481.18442752,35815.94701469,36646.35595035,,2026-07-27,77872197.14,4.685
198,Synthetix,SNX,synthetix,0.22091574320762233,0.3035443,2.72257295,-6.16688425,76109059.9822233,10967650.36855167,344516234.45728827,581404223.5556632,339889850.089,2026-07-27,74934541.46,14.1103
199,Plume,PLUME,plume,0.01229428114102368,0.65673557,2.74926561,19.57347987,76002138.76626027,10385991.01201007,6181909938.0,10000000000.0,10000000000.0,2026-07-27,123021796.03,13.6564
200,NEXPACE,NXPC,maplestory-universe,0.258839449339458,0.44332367,0.12118729,6.8986481,75735359.18055767,7347381.28707308,292595890.5175758,988350564.5175759,1000000000.0,2026-07-27,258700676.24,9.7567
201,Rain,RAIN,rain,0.014017817592635479,-0.06835584,1.06524667,-2.10593816,9735751594.492325,32967822.24695049,694526914061.657,1149834916824.2285,1149834916824.2285,2026-07-27,16123306422.18,0.3394
202,Decimal,DEL,decimal,0.7691167012536435,-0.08423584,-2.02907456,-5.37770879,8553349830.969726,291929.67204361,11121003895.804047,11121003895.804047,92075616000.0,2026-07-27,70810774516.02,0.0034
203,Ondo US Dollar Yield,USDY,ondo-us-dollar-yield,1.1392645831287835,-0.25719877,0.15725475,0.05681465,2158450028.5918875,175222.25771561,1894599428.9264185,1894599428.9264185,,2026-07-27,2158460753.92,0.0081
204,HTX,HTX,htx,1.8171854372053536e-06,-0.05831856,-0.75862912,-1.1573967,1632255433.6949644,39698578.86922645,898232728634017.2,999990000000000.0,999990000000000.0,2026-07-27,1817419085.35,2.4328
205,Falcon USD,USDf,falcon-finance,0.9953503555621,-0.02196622,0.00484499,-0.05992671,1255726636.013272,495361.82162025,1261592592.9961927,1261592592.9961927,,2026-07-27,1255470509.92,0.0395
206,USDGO,USDGO,usdgo,0.9999621318681838,0.00191182,0.00176169,-0.01207593,1107610548.969362,11407857.7279745,1107652493.7,1107652493.7,,2026-07-27,1107581181.89,1.0257
207,c8ntinuum,CTM,c8ntinuum,0.1993840146955693,-0.0344169,0.02882906,-1.25714978,888927482.4998926,14594957.88978872,4458368861.0,8888884723.0,8888888888.0,2026-07-27,1769516218.01,1.6472
208,Jupiter Perps LP,JLP,jupiter-perps-lp,3.6571105865076565,-0.00395924,1.22918423,-0.04734263,822942928.4607391,1287380.42568086,225025442.625897,225025442.625897,,2026-07-27,823022949.21,0.1589
209,Beldex,BDX,beldex,0.08317991956841192,0.0376978,0.68973879,0.3173136,654601743.2423092,12054564.57498873,7869708778.7386875,9938648778.738688,,2026-07-27,827022266.36,2.0716
210,GHO,GHO,gho,0.9989739341645758,-0.00140288,0.00416775,0.00255113,648334083.2728097,98728.69096983,649000000.0,649000000.0,,2026-07-27,648336465.68,0.0152
211,TBLL tokenized ETF (xStock),TBLLX,tbll-tokenized-etf-xstock,105.76615,0.0,0.00581505,-0.42727358,572998156.6495029,65.33714493,5417594.91717816,5417594.91717816,,2026-07-27,572998156.65,0.0
212,Usual USD,USD0,usual-usd,0.9996300928304267,0.0,-0.01565159,0.04582204,556943024.2721288,0.0,557149117.7252969,557149117.7252969,,2026-07-27,557069411.66,0.0
213,Solstice USX,USX,solstice-usx,0.9996666342257284,-0.00590673,0.00528382,-0.19571317,522911179.17794704,619444.93653633,523085558.0,359692577.0,,2026-07-27,359574905.89,0.1185
214,USDai,USDAI,usdai,1.000016468720455,-0.01313237,0.01151906,0.00901109,501359382.6115439,3996580.24446283,501351126.0,501351126.0,,2026-07-27,501398298.97,0.7973
215,Unibase,UB,unibase,0.14659353419076604,2.24762906,18.0600802,67.87532314,366483835.4769151,15703491.05618018,2500000000.0,10000000000.0,10000000000.0,2026-07-27,1447361256.68,4.3648
216,Lorenzo Protocol,BANK,lorenzo-protocol,0.3840251196242771,5.63961376,6.30561941,56.85775404,293757987.41441876,153728358.61802667,764944719.5064375,1212195831.9983332,2100000000.0,2026-07-27,811307469.02,52.0683
217,Ducky,DUCKY,ducky,0.0006506949319919996,0.16364991,1.04426261,0.49008764,269648542.38619924,755.45860942,414400864566.0,420690000000.0,420690000000.0,2026-07-27,274018877.38,0.0003
218,Strategy PP Variable tokenized stock (xStock),STRCX,strategy-pp-variable-tokenized-stock-xstock,93.0203969418154,0.54173937,2.74551449,4.30776439,222611552.70278928,63528.31657012,2393147.73986649,2393147.73986649,,2026-07-27,222611552.7,0.0285
219,Legacy Frax Dollar,FRAX,frax,0.9928738458629613,0.00122559,-0.05583826,0.18720939,220239322.03502724,83492.99898074,221820045.87260038,221820045.87260038,,2026-07-27,220315796.81,0.0442
220,48 Club Token,KOGE,bnb48-club-token,63.39839724708442,-0.04771117,-0.3127892,-1.40392301,214808251.96900517,6331.50797263,3388228.43,3388228.433995,3388228.433995,2026-07-27,214782402.66,0.0029
221,AUSD,AUSD,agora-finance,0.9999078962256841,-0.00203869,-0.00304229,-0.00644302,208457152.86942872,1333772.00957632,208476354.328518,208476354.328518,,2026-07-27,208458567.12,0.6261
222,Ape and Pepe,APEPE,ape-and-pepe,9.56254281424853e-07,-0.13333409,0.01670785,0.4888624,200813399.09921914,16053088.09847643,210000000000000.0,210000000000000.0,210000000000000.0,2026-07-27,201072597.4,7.9896
223,USAT,USAT,tether-usat,0.9988326794768642,0.00107619,-0.01044627,-0.01666438,185267703.95919055,3809156.10860981,185484223.5,185484223.5,,2026-07-27,185287677.68,2.0605
224,WeFi,WFI,wfi,2.0854447949040074,-0.08264656,-1.98845361,-1.99146872,178171876.54072183,3349490.55187585,85435911.31067224,1000000000.0,1000000000.0,2026-07-27,2084313413.01,1.8818
225,Bitway,BTW,bitway-btw,0.08079998546516134,4.35649934,7.69962113,23.84183299,177759968.02335495,10944580.69088443,2200000000.0,10000000000.0,10000000000.0,2026-07-27,811919754.55,6.1416
226,Apple tokenized stock (xStock),AAPLX,apple-tokenized-stock-xstock,336.5251858303349,-0.15760268,1.01001677,0.22313297,168554851.45192403,1387635.50041116,500868.4596252,500868.4596252,,2026-07-27,168528652.98,0.8231
227,Micron Technology tokenized stock (xStock),MUx,micron-technology-tokenized-stock-xstock,941.9539388119576,0.28870995,0.74945627,9.38460525,166908106.21052054,735804.71567213,177193.49039618,177193.49039618,,2026-07-27,166872929.0,0.4433
228,SP500 tokenized ETF (xStock),SPYX,sp500-tokenized-stock-xstock,745.3429812797449,0.05314682,0.31375309,0.15335749,161448258.29104087,32624490.46354133,216609.34944854,216609.34944854,,2026-07-27,161506511.26,20.2019
229,GUSD,GUSD,gusd,0.9986650334239022,0.02803526,0.04017181,0.02463908,149240502.59486794,754586.28154033,149440000.0,320000000.0,,2026-07-27,319569651.21,0.5052
230,EUR CoinVertible,EURCV,eur-coinvertible,1.1402084767243186,-0.03771585,0.33429682,-0.25932919,147207091.74379057,1558243.25293826,129105417.78,129105417.78,,2026-07-27,147204517.01,1.0671
231,SwissBorg,BORG,swissborg,0.14946802226086747,0.04229246,-0.81853177,-2.60708057,146815330.08218032,314844.40704035,982252443.442,982252443.442,982602443.0,2026-07-27,146853641.51,0.2145
232,Nasdaq tokenized ETF (xStock),QQQX,nasdaq-tokenized-stock-xstock,693.963902236305,0.20671062,0.68117902,-0.9161806,145608267.2205355,656624.24448985,209821.09696385,209821.09696385,,2026-07-27,145555550.96,0.4512
233,Robinhood tokenized stock (xStock),HOODX,robinhood-tokenized-stock-xstock,97.03454078699231,0.26144796,2.05948923,-3.31192266,142612069.09637982,1288178.5544004,1469704.16863659,1469704.16863659,,2026-07-27,142673608.9,0.9043
234,Zano,ZANO,zano,9.030558468688087,0.09578451,-0.25859706,-5.218631,138955962.26423255,964836.29173438,15387305.53,15387305.53,,2026-07-27,138897285.64,0.6965
235,NVIDIA tokenized stock (xStock),NVDAX,nvidia-tokenized-stock-xstock,209.19097004573163,0.17849384,0.38804269,2.77136662,136835350.472383,3409548.93049091,654116.90783053,654116.90783053,,2026-07-27,136826289.91,2.4931
236,Intel tokenized stock (xStock),INTCX,intel-tokenized-stock-xstock,93.94409106060317,0.05527165,0.26931468,-1.81102742,136257586.72126356,716114.91366928,1450411.4647654,1450411.4647654,,2026-07-27,136278181.19,0.5257
237,Ailey,ALE,project-ailey,0.26102394212248553,0.00200846,0.2707029,0.11759456,126995398.50764817,114017.40647257,486527777.7777778,1000000000.0,1000000000.0,2026-07-27,261021991.16,0.0898
238,Alphabet tokenized stock (xStock),GOOGLX,alphabet-tokenized-stock-xstock,322.27927065960205,-0.07626377,0.52987203,-7.54407626,124309773.36798047,13439080.64353506,385720.66119412,385720.66119412,,2026-07-27,124419985.24,10.8161
239,Circle tokenized stock (xStock),CRCLX,circle-tokenized-stock-xstock,63.51590362003908,0.46931932,0.59770328,4.2006929,123510198.7876612,3899563.57836183,1944555.48529257,1944555.48529257,,2026-07-27,123524661.94,3.1601
240,Tesla tokenized stock (xStock),TSLAX,tesla-tokenized-stock-xstock,315.3787566732878,0.14204481,0.78163327,-17.40675175,122920343.21110874,5548265.43258595,389754.6699331,389754.6699331,,2026-07-27,122892702.72,4.5201
241,Backpack,BP,backpack-exchange,0.47862124475404666,1.18903647,3.28391488,13.55257102,119655237.13462281,1493289.32953302,249999845.27663645,999999845.2766365,1000000000.0,2026-07-27,478535415.71,1.2473
242,TronBank,TBK,tronbank,0.6414256602041748,-0.48097244,-0.24386574,-4.22499658,118877592.30222553,317275.69634616,185333390.410956,1000000000.0,1000000000.0,2026-07-27,641910634.2,0.2667
243,Shuffle,SHFL,shuffle,0.27854409604832686,-0.09688145,-2.77269736,7.43543537,118446486.48703107,660558.19572036,425234238.19573915,956134768.8996149,,2026-07-27,266325702.11,0.5572
244,SoSoValue,SOSO,sosovalue,0.3401534668183487,-0.62630408,-0.70684785,18.63702125,116333012.20944189,4421807.53186318,342001548.0,1000000000.0,1000000000.0,2026-07-27,340011610.14,3.8045
245,Union,U,union,0.058511578511133956,-34.17829166,-19.48615327,-29.99208414,112286644.74179162,1421577.35700187,1919050000.0,10000000000.0,,2026-07-27,585344284.61,1.2655
246,Aster USDF,USDF,usdf,0.9992513135159815,0.00105172,-0.06198894,-0.05843012,111914658.14938878,50619.14702899,111998509.91999608,111998509.91999608,,2026-07-27,111911308.15,0.0434
247,Marvell tokenized stock (xStock),MRVLX,marvell-tokenized-stock-xstock,199.34781230142468,0.21134939,1.13353668,6.17146631,111257382.97675578,220380.6610549,558106.86704968,558106.86704968,,2026-07-27,111259306.77,0.1981
248,Frax USD,FRXUSD,frax-usd,1.0001838427585914,0.00611989,0.02481693,0.02464893,108542284.68809135,668148.60957774,108522333.64290567,108522333.64290567,,2026-07-27,108543534.48,0.6064
249,Ribbita by Virtuals,TIBBIR,ribbita-by-virtuals,0.10665212960063589,-0.25986028,7.47960284,0.03746824,106652129.60063589,1269225.42000266,1000000000.0,1000000000.0,1000000000.0,2026-07-27,106984167.83,1.1917
250,Joseon Mun,JSM,joseon-mun,0.0003329470277991973,-0.2380561,0.84579985,8.29853848,105367745.88761197,438632.44865645,316470000000.0,2400000000000.0,2400000000000.0,2026-07-27,799137718.74,0.4165
251,RealLink,REAL,reallink,0.07622729436322313,0.11307501,1.66297057,4.38300125,104739485.09706284,7000291.47828089,1374041752.0,3341061475.0,12000000000.0,2026-07-27,914709783.42,6.6849
252,Undeads Games,UDS,undeads-games,0.8409738410044468,-0.15463877,-0.02521844,-24.42195518,104679699.26070227,254669.54977009,124474382.14686248,250000000.0,250000000.0,2026-07-27,210190573.92,0.2432
253,StandX DUSD,DUSD,standx-dusd,0.998230782978336,0.01680898,-0.01010636,-0.03194956,103753920.14723751,86247.57699545,103937808.687562,103937808.687562,,2026-07-27,103753920.15,0.0831
254,Rollbit Coin,RLB,rollbit-coin,0.06324182337635986,0.06612845,0.85189923,-4.6715092,101914046.68546198,120674.76135107,1611497601.4995484,1611497601.4995484,,2026-07-27,101914046.69,0.1184
255,Light,LIGHT,light,0.15110341015532996,0.82364471,-5.36450964,27.84996984,101032695.38663164,0.0,668632794.4734863,919835079.9576719,1000000000.0,2026-07-27,152351130.07,
256,ViciCoin,VCNT,vicicoin,16.53915951443246,-0.27003132,0.66225776,10.05845186,100708790.97157438,241705.99027843,6089111.77642936,3047574.78683887,10000000.0,2026-07-27,165694813.1,0.2523
257,Talus,US,talus-network,0.04558377622074476,3.16305225,-0.08116408,-0.22685019,100284307.68563847,5104454.57802183,2200000000.0,10000000000.0,10000000000.0,2026-07-27,457966710.91,5.1385
258,Smilek to the Bank,SMILEK,bscbet-online,4.995380897410802e-05,0.0183026,-0.00783128,-0.00547091,97854569.45062505,749.68008685,1958901062006.0,2008932945814.0,2008932945814.0,2026-07-27,100339581.09,0.0008
259,Gold tokenized ETF (xStock),GLDX,gold-tokenized-stock-xstock,373.0947639805945,-0.28540789,0.49400281,1.35906373,97099860.93724446,296528.09441019,260255.22283206,260255.22283206,,2026-07-27,96815036.23,0.3063
260,GEODNET,GEOD,geodnet,0.21703165366291277,0.11760599,2.93308507,10.06115146,95228702.99416459,334405.88815873,438777945.0,976569568.0,1000000000.0,2026-07-27,217080388.32,0.3497
261,AMD Tokenised Stock (xStock),AMDx,amd-tokenised-stock-xstock,533.1854080185316,0.28369062,0.29249239,5.90614675,94430745.07309328,74971.0213382,177106.76933944,177106.76933944,,2026-07-27,94392155.67,0.0799
262,Circle Internet Group Tokenized Stock (Ondo),CRCLon,circle-internet-group-tokenized-stock-ondo,63.41362049102734,0.68293539,0.42866788,4.1210772,93458108.4268617,1981741.29433831,1473786.03686704,1473786.03686704,,2026-07-27,93450762.67,2.1231
263,Quack AI,Q,quack-ai,0.02172936250845154,-0.78621415,-8.7975092,11.45556318,91369085.33147891,8088415.76209007,4204867275.60191,9999978302.60191,10000000000.0,2026-07-27,217008372.71,8.8331
264,AIVIVE,AVV,aivive,0.009038817801011428,-0.21479484,-2.50634026,-6.50505216,90388178.00307174,209005.82578232,9999999999.220856,10000000000.0,10000000000.0,2026-07-27,90413798.63,0.2313
265,SpaceX Tokenized bStocks,SPCXB,spacex-tokenized-bstocks,112.968781156064,-0.30835895,1.53913206,-9.81480093,88522868.5665789,10447259.38131465,783604.70619123,783604.70619123,,2026-07-27,88477314.34,11.8683
266,Meta tokenized stock (xStock),METAX,meta-tokenized-stock-xstock,601.426121914828,0.11193533,0.26356057,-6.54903482,85740049.42544676,903310.58187488,142561.23287839,142561.23287839,,2026-07-27,85718907.26,1.0537
267,Microsoft tokenized stock (xStock),MSFTX,microsoft-tokenized-stock-xstock,384.55836146873537,0.00135766,0.01122305,-2.70111321,84506508.2387794,3384.43918408,219749.50152176,219749.50152176,,2026-07-27,84507149.3,0.004
268,Derive,DRV,derive,0.11351061898298118,-0.23852863,-0.25541928,-7.32589655,83717450.83565189,2909563.37458547,737529683.0,1500000000.0,1500000000.0,2026-07-27,170284215.33,3.4689
269,Solstice eUSX,EUSX,solstice-eusx,1.0385332046093088,0.00540361,0.00017918,-0.74470251,83090316.5896619,300511.51105649,80007376.0,140284603.0,,2026-07-27,145689061.55,0.3614
270,would,WOULD,wouldmeme,0.08168726448938997,0.11413104,0.93597601,-0.59579077,81642548.25181654,18307.90732639,999452592.3,999452789.37,1000000000.0,2026-07-27,81690625.82,0.0224
271,U.S. Dollar Tokenized Currency (Ondo),USDon,us-dollar-tokenized-currency-ondo,0.9995230220756376,0.0002016,-0.00023342,0.008516,80626923.20228735,1438633.92939425,80665398.81678285,80665398.81678285,,2026-07-27,80624661.05,1.884
272,Cisco tokenized stock (xStock),CSCOX,cisco-tokenized-stock-xstock,119.39361074271419,0.36664264,1.44731345,3.78070326,79695423.90367806,12423.6367511,667501.58076228,667501.58076228,,2026-07-27,79588655.7,0.0156
273,AntFun,ANTFUN,ant-fun,0.041962379210743535,0.21402366,-0.1736771,3.0632455,79218103.79942885,17411433.95907265,1887836326.0,10000000000.0,10000000000.0,2026-07-27,419802502.12,21.9484
274,UnifAI Network,UAI,unifai-network,0.32736968936329613,-0.28934197,-0.88810209,-4.02281212,78241355.75782777,4804181.11312501,239000000.0,1000000000.0,1000000000.0,2026-07-27,327105442.95,6.1436
275,AKEDO,AKE,akedo,0.0033800995383343763,5.50304289,1.1916132,98.50927863,77053594.10075502,17820071.2043725,22796250000.0,100000000000.0,100000000000.0,2026-07-27,338100069.47,23.0172
276,The Black Bull,ANSEM,the-black-bull,0.18398464932447287,0.43391059,-6.51453769,-14.49141071,76747044.97385775,15969406.33119647,417138306.133941,999940312.814369,1000000000.0,2026-07-27,183703178.23,20.6693
277,Horizen,ZEN,horizen,4.126858861984072,-0.05201655,0.19188284,-1.14664182,75331245.45988303,7204120.38680321,18253894.30053491,21000000.0,21000000.0,2026-07-27,86653841.23,9.607
278,lisUSD,lisUSD,lisusd,0.9927860948589399,-0.54668743,-0.48707545,-0.40798718,74571467.63713771,5382.79669054,75113328.06059618,75113328.06059618,,2026-07-27,74571467.64,0.0024
279,Four,FORM,binaryx-new,0.19417077567388424,0.55019403,1.48567939,5.05206807,74147461.135879,5342644.38712709,381867255.144574,572301922.0959299,580000000.0,2026-07-27,112589170.07,7.2304
280,Livepeer,LPT,livepeer,1.488026071376134,-0.2533752,4.32833828,3.12916482,73938459.83068724,92106026.64546771,49688954.55058027,49688954.55058027,,2026-07-27,73726990.67,125.0524
281,o1.exchange,O,o1-exchange,0.46171359933417616,1.33563475,-6.05524232,-21.04086986,73874175.89346819,68619257.31669325,160000000.0,1000000000.0,1000000000.0,2026-07-27,461316330.34,92.9568
282,Coinbase tokenized stock (xStock),COINX,coinbase-tokenized-stock-xstock,161.3408261894831,0.28766895,1.42361137,1.66094626,73552208.29930498,1023204.22086721,455880.94493159,455880.94493159,,2026-07-27,73533409.84,1.4226
283,Vanguard Total World Tokenised ETF (xStock),VTx,vanguard-total-world-tokenised-etf-xstock,153.73114,0.0,0.00074156,-1.36587964,73210163.09694535,6.58261368,476222.07899418,476222.07899418,,2026-07-27,73210163.1,0.0
284,Comedian,BAN,comedian,0.0730761038511238,-0.39388633,-1.13888473,-0.90655042,73073316.65544681,6728891.09916399,999961859.0,999961859.0,999961859.0,2026-07-27,73146788.67,9.2268
285,Qtum,QTUM,qtum,0.6852771747873351,0.53471045,0.40792554,-3.78924764,72689971.1148862,6809320.39417433,106073825.0,107822406.0,107822406.0,2026-07-27,73857181.28,9.3674
286,Orca,ORCA,orca,1.1945046387334242,-0.1154114,0.80648106,-0.498599,72624426.91250597,8196626.14596276,60798781.819309,74999550.156448,,2026-07-27,89469272.84,11.2851
287,Law Blocks (AI),LBT,law-blocks,0.29527849987400334,-0.19331511,-0.1765263,0.03219554,72342638.36878908,466711.35674162,244997988.0,1000000000.0,,2026-07-27,295161634.43,0.6449
288,GMX,GMX,gmx,6.8772676589951125,0.25538373,2.78961694,5.98149561,71865460.54044046,3560620.41720403,10449711.1503933,10449711.1503933,13250000.0,2026-07-27,91037696.36,4.9339
289,USDsui,USDsui,usdsui,1.0005092731062297,0.02356334,-0.01243112,0.10007544,71784160.26387747,753386.44163595,71747621.13,71747621.13,,2026-07-27,71788071.32,1.0434
290,MicroStrategy tokenized stock (xStock),MSTRX,microstrategy-tokenized-stock-xstock,94.00753660411537,0.32002629,0.63459914,-1.99703478,71481590.91149533,762625.56250733,760381.49167251,760381.49167251,,2026-07-27,71402335.17,1.0981
291,0x Protocol,ZRX,0x,0.08417790647993005,0.21267246,0.55574836,-0.22716993,71416246.5294667,3083846.5817285,848396562.8973439,1000000000.0,1000000000.0,2026-07-27,84141585.91,4.3364
292,Dell Technologies Inc. tokenized stock (xStock),DELLx,dell-technologies-inc-tokenized-stock-xstock,442.82161273130725,0.00240372,0.42920502,0.59783565,71375745.16135345,317.05422233,161183.96914078,161183.96914078,,2026-07-27,71376871.18,0.0004
293,Huma Finance,HUMA,huma-finance,0.021844424513104185,0.17945733,1.49255112,-2.0629183,71231259.95167597,4190535.69483949,3260843970.0,9999996010.090069,10000000000.0,2026-07-27,218385926.23,5.9144
294,Walrus,WAL,walrus-xyz,0.028913866861267675,-0.02737007,-1.09178142,-0.53741955,71031732.93215221,3112337.80591347,2456666667.0,5000000000.0,5000000000.0,2026-07-27,144342219.64,4.4056
295,Banana For Scale,BANANAS31,banana-for-scale,0.00707867734090235,0.54700849,0.75467107,0.78558062,70786773.4090235,3668753.41744311,10000000000.0,10000000000.0,10000000000.0,2026-07-27,70716905.74,5.1989
296,Linde tokenized stock (xStock),LINX,linde-tokenized-stock-xstock,506.30085,0.0,0.00016788,-2.31886672,70705203.11504246,6.17636407,139650.57162168,139650.57162168,,2026-07-27,70705203.12,0.0
297,Keeta,KTA,keeta,0.12092376479697543,-0.02967851,2.00495509,2.35561866,69731560.73344727,1250464.24065415,576657209.1972396,1000000000.0,1000000000.0,2026-07-27,120891261.83,1.7976
298,Coca-Cola tokenized stock (xStock),KOX,coca-cola-tokenized-stock-xstock,81.17874673858464,0.66834971,-0.0543552,-8.79714859,69232674.4330486,37089.24458938,852842.36594579,852842.36594579,,2026-07-27,69080432.29,0.0537
299,Micron Technology Tokenized bStocks,MUB,micron-technology-tokenized-bstocks,942.1464294925072,0.49376517,0.89386044,9.45735063,68470334.39419577,5314619.70769238,72674.83296739521,72674.83296739521,,2026-07-27,68497002.78,7.7597
300,FTX Token,FTT,ftx-token,0.20720702918321457,0.08375464,0.47006148,1.27304014,68149377.37403956,1799481.65799378,328895103.813207,328895103.813207,352170015.0,2026-07-27,72806971.08,2.6482
301,BNB Attestation Service,BAS,bnb-attestation-service,0.027233635622166984,0.05424613,-0.31071831,-2.33831374,68084089.05541746,1553145.51737423,2500000000.0,10000000000.0,10000000000.0,2026-07-27,272043837.65,2.2838
302,Palantir tokenized stock (xStock),PLTRX,palantir-tokenized-stock-xstock,123.63374996638277,0.01232335,0.68583538,-4.86871465,67500677.5422376,1854.68755133,545972.90432905,545972.90432905,,2026-07-27,67500901.71,0.0027
303,iShares Core S&P 500 Tokenized ETF (Ondo),IVVon,ishares-core-sp-500-tokenized-etf-ondo,747.7845103965943,-0.00351573,-0.06918265,-0.83971759,67299461.2313077,1073155.42684193,89998.46920554,89998.46920554,,2026-07-27,67304432.05,1.5909
304,Numeraire,NMR,numeraire,8.973798825488467,0.19329897,0.63246071,-8.13794956,67188331.02865936,4094692.26667265,7487167.06661876,10628372.21751206,11000000.0,2026-07-27,98591819.84,6.0232
305,Sonic,S,sonic,0.023310097368984158,-0.03938787,-0.49933423,-2.54339762,67133080.42267437,5530741.07821255,2880000000.0,3222625000.0,,2026-07-27,75050286.75,8.219
306,DigiByte,DGB,digibyte,0.0036079496989375203,1.65037544,6.7579464,3.28942749,66383246.0347984,5426945.74948411,18399160624.203583,18399160624.203583,21000000000.0,2026-07-27,75976068.09,8.1669
307,MindWaveDAO,NILA,mindwavedao,0.07846767264687714,0.10325254,-0.07922373,-0.31020669,66129900.45938566,282000.58707171,842766176.55,1057021569.0,1057021569.0,2026-07-27,82840949.93,0.4272
308,Gas,GAS,gas,1.0162087924268741,-0.36613471,-0.42606924,-3.01676475,66045778.202517696,1873220.54723105,64992331.0,64992331.0,,2026-07-27,66062013.34,2.8463
309,Allora,ALLO,allora,0.3272717347445486,0.04290018,-4.00928442,-28.66113116,65617982.816282,67163128.92530371,200500000.0,785499999.0,1000000000.0,2026-07-27,327122945.76,101.921
310,Mastercard tokenized stock (xStock),MAX,mastercard-tokenized-stock-xstock,537.1209224789266,0.340266,0.48117655,-1.41383569,65528462.600199044,1368.39180126,121999.46019189,121999.46019189,,2026-07-27,65520234.82,0.0017
311,Velo,VELO,velo,0.0036453151762828213,-0.69861782,-4.33537924,4.65602333,64025864.15636086,1843459.01577052,17563876115.0,23999804349.0,24000000000.0,2026-07-27,87643226.73,2.8861
312,Stronghold SHx,SHX,stronghold-token,0.003620482658962089,-0.53079619,1.70378816,2.53173407,63715701.25460408,354124.93965429,17598675993.346684,99756866344.0,99756866344.0,2026-07-27,360457587.23,0.561
313,Core MSCI Emerging Markets Tokenised ETF (xStock),IEMGx,core-msci-emerging-markets-tokenised-etf-xstock,78.71063,0.0,0.00080041,-0.21471856,63404664.4493052,9.95783922,805541.31569402,805541.31569402,,2026-07-27,63404664.45,0.0
314,Fidelity Digital Dollar,FIDD,fidelity-digital-dollar,0.9996258482788172,-0.00509164,-0.01049811,-0.10013841,62577637.70565313,99304.61404642,62601060.0,62601060.0,,2026-07-27,62595230.42,0.1588
315,AIOZ Network,AIOZ,aioz-network,0.04929758437745368,-0.28241306,1.72937739,-1.28599516,62515073.97298634,2609400.09044716,1268116374.5130217,1268116374.5130217,,2026-07-27,62397809.23,4.1925
316,Dog (Bitcoin),DOG,dog-go-to-the-moon-rune,0.0006167608741960507,-0.74037216,0.91405751,1.74103949,61676087.41960507,1081001.17676213,100000000000.0,100000000000.0,100000000000.0,2026-07-27,61718890.96,1.7451
317,River,RIVER,river,3.1434097872290874,0.19317895,2.44300606,-2.09508717,61610831.82969011,4688866.5768977,19600000.0,100000000.0,100000000.0,2026-07-27,313849853.97,7.6274
318,Ravencoin,RVN,ravencoin,0.0037485849140828096,0.25442798,0.03477512,-0.39327301,61375858.91033843,2486642.25095715,16373074191.212675,16373074191.212675,21000000000.0,2026-07-27,78697225.7,4.067
319,Billions Network,BILL,billions-network,0.02527665011950182,0.12683109,-3.20980789,0.60181434,61376621.383106254,10631974.88678624,2428194444.0,10000000000.0,10000000000.0,2026-07-27,252514267.72,17.1558
320,Magma Finance,MAGMA,magma-finance,0.32207083227444205,2.14202452,2.80581368,7.9918902,61193458.13214399,2010921.06518867,190000000.0,1000000000.0,1000000000.0,2026-07-27,319449720.07,3.3264
321,Visa tokenized stock (xStock),VX,visa-tokenized-stock-xstock,353.90134,0.0,0.00037864,-1.17800179,60946780.7826599,27.88211707,172214.04355988,172214.04355988,,2026-07-27,60946780.78,0.0
322,Holo,HOT,holo,0.00034206294751112817,0.30936574,2.18509956,1.11401667,60475922.582823426,16580881.15123213,176797642138.2383,177619433541.14133,,2026-07-27,60767001.8,27.3991
323,Goldman Sachs tokenized stock (xStock),GSX,goldman-sachs-tokenized-stock-xstock,1067.1896,0.0,0.00089957,-1.91362212,60209414.82806417,23.63824964,56418.66714974,56418.66714974,,2026-07-27,60209414.83,0.0
324,Venus BUSD,vBUSD,venus-busd,0.02230539047319817,-0.03998401,0.030009,0.04001601,60107907.568993755,0.0,2694770470.0,2694770470.0,,2026-07-27,60113918.36,
325,Bio Protocol,BIO,bio,0.02668971204954114,0.12674033,1.32312754,3.29106539,60102619.00803163,9832741.33360833,2251902114.81,3311039984.0256553,3320000000.0,2026-07-27,88573432.01,16.0394
326,Qubic,QUBIC,qubic,4.2718178081711224e-07,0.09299422,0.22547113,-3.19483425,60018257.89652466,1064294.37620472,140498168675925.0,174422843693978.0,200000000000000.0,2026-07-27,85552223.02,1.7752
327,Diem,DIEM,venice-ai,1559.2140707413146,2.53343973,6.25598454,17.25581698,59899278.29335111,966917.55421075,38416.32744173,37347.85635469,,2026-07-27,58163968.51,1.6378
328,SanDisk Tokenized bStocks,SNDKB,sandisk-tokenized-bstocks,1473.4950641713813,0.78928516,1.89989257,8.13847087,59788349.004483186,8564769.45380036,40575.87328133,40575.87328133,,2026-07-27,59840877.77,14.2979
329,Procter & Gamble tokenized stock (xStock),PGX,procter-gamble-tokenized-stock-xstock,153.76113165135627,-0.17055781,0.59207037,0.6847833,59091975.4046334,11227.88832742,384310.22697349,384310.22697349,,2026-07-27,59023197.01,0.0197
330,XPIN Network,XPIN,xpin-network,0.0014843319295950142,-0.01082759,0.06931127,-1.81162025,59037171.0969567,3403929.96125333,39773564066.0,100000000000.0,100000000000.0,2026-07-27,148538574.14,5.7489
331,Useless Coin,USELESS,theuselesscoin,0.05904723236548132,-0.30099375,2.80132084,3.94082379,58993179.05301003,7656153.99681216,999084575.003673,999084575.003673,1000000000.0,2026-07-27,59388402.02,12.8067
332,Quantix Finance,QFI,quantix-finance,58.965768636467594,-0.04773815,0.00661092,-0.1368111,58965768.63646759,2997610.20527245,1000000.0,10000000.0,10000000.0,2026-07-27,588305578.9,5.1235
333,ChainOpera AI,COAI,chainopera-ai,0.3135171328720485,0.49181584,-0.4653548,2.56082699,58941251.70462414,3283855.29096259,188000098.0,1000000000.0,1000000000.0,2026-07-27,313534767.44,5.5591
334,Pfizer tokenized stock (xStock),PFEX,pfizer-tokenized-stock-xstock,24.0388,0.0,0.03662089,-4.11328281,58821250.93694649,1.07934212,2446929.5862084,2446929.5862084,,2026-07-27,58821250.94,0.0
335,USD.AI,CHIP,usd-ai,0.02925817122298446,-0.14148113,0.23505253,-2.55705745,58516342.44596892,5596354.18463995,2000000000.0,10000000000.0,10000000000.0,2026-07-27,292661396.88,9.5562
336,Kusama,KSM,kusama,3.133370665856913,0.02646969,0.87094082,-0.68880364,58205291.39224077,2356197.00302518,18575935.50181616,18575935.50181616,,2026-07-27,58166921.55,4.0497
337,Theta Fuel,TFUEL,theta-fuel,0.007815158755617498,-1.02843113,-1.00955284,-0.08878414,57927128.68128937,1345991.374294,7412149963.0,7412149963.0,,2026-07-27,58019043.12,2.3393
338,Jelly-My-Jelly,JELLYJELLY,jelly-my-jelly,0.05789913541275097,-0.62333849,2.95239502,3.28721919,57899083.245629966,4537470.51952315,999999099.0,999999099.0,,2026-07-27,57889440.82,7.8602
339,ZIGChain,ZIG,zigcoin,0.04094141830522361,-0.03033757,-0.33660076,-3.5391802,57684034.46520098,2392338.00019182,1408940795.2396517,2000000000.0,1953940796.0,2026-07-27,80017351.5,4.1776
340,Wormhole,W,wormhole,0.009223558389929033,0.13055828,2.26901405,1.74811486,57512743.032429494,73678587.6620092,6235418111.0,10000000000.0,10000000000.0,2026-07-27,92262243.59,128.1562
341,Schwab International Equity Tokenised ETF (xStock),SCHFx,schwab-international-equity-tokenised-etf-xstock,27.4941,0.0,0.01491451,-0.7433213,57482779.44516605,63.74685797,2090731.44584351,2090731.44584351,,2026-07-27,57482779.45,0.0001
342,Mina,MINA,mina,0.04464554596249152,-0.12966652,0.66233702,1.15142126,57469952.826140195,12276644.65369757,1287249412.8400393,1287249412.8400393,,2026-07-27,57487072.77,21.3453
343,AbbVie tokenized stock (xStock),ABBVX,abbvie-tokenized-stock-xstock,250.48113109352371,-0.12412822,-0.10333747,1.82126134,57438578.32097466,67620.09749857,229312.99483604,229312.99483604,,2026-07-27,57449732.86,0.1176
344,Broadcom tokenized stock (xStock),AVGOX,broadcom-tokenized-stock-xstock,390.2211040433844,0.21567265,1.18914799,3.56659359,56646390.177067645,97817.64726061,145164.85548862,145164.85548862,,2026-07-27,56702660.76,0.174
345,Turbo,TURBO,turbo,0.0008193610274893804,-0.4364669,-0.82307981,-0.5957599,56535910.88857364,10106209.54994713,68999999990.0,68999999990.0,69000000000.0,2026-07-27,56476143.58,17.8681
346,AI Rig Complex,ARC,ai-rig-complex,0.05569194551089099,0.18756741,-5.9023863,-22.82402597,55690984.67129258,2867675.26948475,999982747.243078,999982747.243078,999998319.0,2026-07-27,55543939.55,5.1801
347,Baby Doge Coin,BabyDoge,baby-doge-coin,3.084215488871268e-10,-0.3385731,-1.82303378,1.8777475,55264830.88752453,3846808.26985664,1.7918602343751872e+17,2.026150676904291e+17,,2026-07-27,62590506.32,7.0289
348,Vanguard tokenized ETF (xStock),VTIX,vanguard-tokenized-etf-xstock,372.0321582634466,-0.04787634,-0.26405671,-0.52544474,55237420.629563496,50250.44171115,148474.85466686,148474.85466686,,2026-07-27,55234444.5,0.0911
349,SuperVerse,SUPER,superverse,0.08585860634917063,0.12586748,2.04038412,1.74339732,54963470.94098128,3229348.13134448,640162626.4169173,999998077.4169173,999998077.417,2026-07-27,85786183.71,5.8997
350,Exxon Mobil tokenized stock (xStock),XOMX,exxon-mobil-tokenized-stock-xstock,154.66246420094677,0.0,-2.42320815,6.64093533,54829068.40618029,17.11433311,354507.91948422,354507.91948422,,2026-07-27,54829068.41,0.0
351,iShares MSCI United Kingdom tokenized ETF (xStock),EWUx,ishares-msci-united-kingdom-tokenized-etf-xstock,46.62,0.0,0.0,0.0,54646038.611370146,0.0,1172158.70037259,1172158.70037259,,2026-07-27,54646038.61,
352,Linea,LINEA,linea,0.0024533711399785003,-0.13167357,1.90002154,1.58526466,54593966.63708938,10988784.30321696,22252632611.292477,69666912275.82079,72009990000.0,2026-07-27,176609110.58,20.3339
353,io.net,IO,io-net,0.1487483502366433,0.27497028,4.08835693,2.04962576,54371011.10934683,24024295.81570705,365523456.380176,800000000.0,800000000.0,2026-07-27,119017415.59,43.6545
354,Berachain,BERA,berachain,0.18059855545329584,0.31958684,1.20182652,-4.83184925,54352735.2924732,18826370.33889221,300958859.5880504,553315804.0324948,,2026-07-27,99922555.12,34.7204
355,AstraZeneca tokenized stock (xStock),AZNX,astrazeneca-tokenized-stock-xstock,95.79328134229104,-0.24407606,0.04524166,-2.53824917,54235920.33349738,812366.02506713,566176.66263775,566176.66263775,,2026-07-27,54247852.86,1.4954
356,Espresso,ESP,espresso,0.10345642639314692,-10.85642562,40.17224535,47.32360024,53854242.75895263,168220947.13164207,520550000.0,3590000000.0,,2026-07-27,365129001.26,318.6959
357,Enjin Coin,ENJ,enjin-coin,0.02708579544132647,-0.03717038,0.12501506,-3.6383561,53791358.87050918,2844877.02199107,1985961940.347389,2009060107.5342774,,2026-07-27,54421616.9,5.2874
358,Dohrnii,DHN,dohrnii,3.1406870436508365,-0.24147537,0.41612916,-1.94693446,53627363.17919387,352023.05696937,17075042.0,372000000.0,372000000.0,2026-07-27,1168010702.74,0.6571
359,FUNToken,FUN,funtoken,0.004961825026582504,1.44887203,5.22752069,17.00713733,53618481.830936685,12137605.18255462,10806201658.398026,10806201658.398026,,2026-07-27,53754263.34,22.7754
360,"SpaceX 
Pre-IPO stock (Republic)",preSPCX,spacex-pre-ipo-stock-republic,112.88499041800475,0.79698995,1.24943611,-9.62927817,53592149.200947754,0.0,474750.0,474750.0,,2026-07-27,53471090.61,
361,Spark,SPK,spark,0.01779165583397775,-0.33045643,6.54615667,3.56618449,53174350.85733174,12783578.25214027,2988724116.1545863,10000000000.0,10000000000.0,2026-07-27,177746786.81,24.1592
362,Holoworld AI,HOLO,holoworld-ai,0.07297959195864481,-1.90640092,9.21635582,21.36997909,53004964.17712865,15554883.50377071,726298445.285428,2047999951.7718463,2048000000.0,2026-07-27,149203066.03,29.5461
363,Honeywell tokenized stock (xStock),HONX,honeywell-tokenized-stock-xstock,241.43674260225774,0.10235011,-0.07949752,7.41383079,52899479.843263984,419910.56354018,219102.85598249,219102.85598249,,2026-07-27,52879067.88,0.7944
364,Circle Internet Group Tokenized bStocks,CRCLB,circle-internet-group-tokenized-bstocks,63.52106376821756,0.63233961,0.67001621,4.1837103,52643601.54138483,4891383.42018741,828758.18537102,828758.18537102,,2026-07-27,52680227.13,9.288
365,Playnance,GCOIN,playnance,0.0021003403528391034,-1.54308564,-4.73574558,-10.43229335,52563117.670151405,429854.9952183,25026000000.0,77000000000.0,77000000000.0,2026-07-27,161826421.99,0.8138
366,Ton Strategy tokenized stock (xStock),TONXX,ton-strategy-tokenized-stock-xstock,3.371,0.0,0.0,4.04320988,52446543.66617888,47.71902988,15558155.93775701,15558155.93775701,0.0,2026-07-27,52446543.67,0.0001
367,Nano,XNO,nano,0.38688581798765664,1.54139911,-2.42465836,11.52417515,51551876.38030721,430870.81708988,133248297.0,133248297.0,133248297.0,2026-07-27,51483657.3,0.8365
368,Xphere,XP,xphere,0.017927820362697276,-0.87829325,-0.04176577,4.26652567,51397245.36564848,570487.41100738,2866898726.4392505,2866898726.4392505,5500000000.0,2026-07-27,98504413.28,1.1076
369,GoPlus Security,GPS,goplus-security,0.009212692160107238,0.74062055,-1.61193164,4.38235426,51226020.35037768,4007781.53802232,5560374693.968,9822841360.54709,10000000000.0,2026-07-27,92166681.16,7.8108
370,Home Depot tokenized stock (xStock),HDX,home-depot-tokenized-stock-xstock,338.56203725469993,0.00258898,0.18560874,-1.78180448,50888139.75729879,1780.16039069,150306.69170689,150306.69170689,,2026-07-27,50909355.87,0.0035
371,Berkshire Hathaway tokenized stock (xStock),BRK.BX,berkshire-hathaway-tokenized-stock-xstock,494.38463425301967,0.0,0.00584975,0.55558638,50886188.21691664,233.28854622,102928.33694923,102928.33694923,,2026-07-27,50886188.22,0.0005
372,Cysic,CYS,cysic,0.3160218769433809,-1.04954922,2.60229375,5.50203432,50816317.81249565,5230786.07147402,160800000.0,1000000000.0,1000000000.0,2026-07-27,315894425.07,10.2734
373,UnitedHealth tokenized stock (xStock),UNHX,unitedhealth-tokenized-stock-xstock,438.24307143360045,-0.06457343,0.31227604,-0.97891179,50815621.02919076,42013.89842915,115953.05058209,115953.05058209,,2026-07-27,50788746.69,0.0834
374,Pharos,PROS,pharos,0.3743520674685638,-0.34224203,-4.82244229,10.35751497,50762140.348737255,4390499.68803294,135600000.0,1000000000.0,,2026-07-27,374448724.7,8.596
375,Babylon,BABY,babylon,0.012607973347559804,0.10178941,1.55205342,0.11946213,50736665.299318954,6206080.04505912,4024172949.98,10894908627.0,,2026-07-27,137333544.98,12.2185
376,SK hynix tokenized stock (xStock),SKHYx,sk-hynix-tokenized-stock-xstock,159.4512835307447,1.08537813,-0.61031841,1.72153599,50732344.31319486,1498675.30794091,318168.30313199,318168.30313199,,2026-07-27,50782456.05,2.9887
377,aelf,ELF,aelf,0.06134349208916634,-0.12797754,0.08598189,-0.24550255,50454671.1340999,850086.32387272,822494276.3408561,996445506.3066661,,2026-07-27,61138440.6,1.6948
378,OpenLedger,OPEN,openledger,0.16222197001601293,0.00705381,0.40372897,3.94487222,50220826.7217697,5290034.05829685,309580920.0,1000000000.0,1000000000.0,2026-07-27,162032200.67,10.5151
379,AST SpaceMobile tokenized stock (xStock),ASTSx,ast-spacemobile-tokenized-stock-xstock,57.51007513164878,0.16849383,2.21922407,-8.53995685,50106209.65462939,10888.02100674,871259.67997658,871259.67997658,,2026-07-27,50126998.22,0.0217
380,iShares Semiconductor tokenized ETF (xStock),SOXXx,ishares-semiconductor-tokenized-etf-xstock,539.130981550778,0.34330334,2.48798717,3.28575454,49934650.53303827,0.0,92620.62883013,92620.62883013,,2026-07-27,49903156.61,
381,Targon,SN4,targon,11.2544424907356,0.52268205,4.73139595,5.10090566,49684447.0506109,580329.39454156,4414652.0,4414652.0,21000000.0,2026-07-27,236355142.18,1.1652
382,Euler,EUL,euler-finance,2.074069711043037,-0.30389062,-4.15347379,118.25791617,49620359.92749478,255377599.00887197,23924152.43484801,27182818.28459045,27182818.28459045,2026-07-27,56345997.58,510.1099
383,Axelar,AXL,axelar,0.04090217742238462,-0.17226573,0.08049282,1.82089891,49512125.032927595,2107213.87251495,1210500959.927649,1248885627.96324,,2026-07-27,51028396.54,4.2748
384,TROLL (SOL),TROLL,troll-sol,0.04932318201462332,-2.45516394,24.98920882,12.71184739,49262546.58908421,6313302.72853006,998770650.57317,998770650.57317,1000000000.0,2026-07-27,49177241.43,12.7923
385,MegaETH,MEGA,megaeth,0.043695484130864916,1.48168586,2.98957101,0.18905017,49366842.83921963,8746011.585286,1129792788.0,10000000000.0,10000000000.0,2026-07-27,443129713.14,17.7807
386,Janction,JCT,janction,0.004291905832647881,-0.05105609,1.71155815,-2.43836054,49329824.419882044,2961533.45490015,11493687500.0,50000000000.0,50000000000.0,2026-07-27,214422626.24,5.9661
387,aPriori,APR,apriori,0.19962342459123789,0.07303559,-3.98778108,-7.27368176,49282032.945961855,3353558.97707931,246875000.0,1000000000.0,1000000000.0,2026-07-27,200465578.34,6.7845
388,Kava,KAVA,kava,0.04539035668773213,0.14798426,-0.14286215,1.07919215,49150811.84058281,8480976.0253212,1082847006.0,1082847006.0,,2026-07-27,49207816.29,17.2443
389,ZetaChain,ZETA,zetachain,0.032424878770740344,0.05565201,0.496638,-4.87983453,48955487.279048406,3292528.88179773,1509812500.0,2100000000.0,2100000000.0,2026-07-27,68186400.81,6.7787
390,Collector Crypt,CARDS,collector-crypt,0.11710110772462021,-1.19395415,-2.4793718,-23.27217695,48699263.34478192,2261622.28013219,415873635.109457,1999705581.381222,2000000000.0,2026-07-27,232218662.4,4.6675
391,LAB,LAB,lab,0.15516271821687297,-0.50820923,0.79665702,4.47141142,48425537.402160555,22755474.64462955,312095186.0,990000000.0,1000000000.0,2026-07-27,155034758.97,47.2299
392,Gamestop tokenized stock (xStock),GMEX,gamestop-tokenized-stock-xstock,21.310767016810583,-0.09805071,-3.66704243,-2.85960031,48127139.727320954,1042.69870494,2258348.54697425,2258348.54697425,,2026-07-27,48125569.31,0.0022
393,Global X Copper Miners Tokenised ETF (xStock),COPXx,global-x-copper-miners-tokenised-etf-xstock,78.89298,0.0,0.00377741,7.17698682,48012364.30902952,13.22498802,608575.87467262,608575.87467262,,2026-07-27,48012364.31,0.0
394,REAL,ASSET,real-finance,0.2725302732711011,-0.08855416,-2.90664456,1.25138148,47975528.63131206,5719767.13437172,176037429.0,1000000000.0,1000000000.0,2026-07-27,272851990.08,11.9288
395,Zilliqa,ZIL,zilliqa,0.0023873404403517975,-0.19914056,-2.95711224,-7.99189585,47951287.10521144,3204694.44075232,20085651084.662796,20527606496.206127,21000000000.0,2026-07-27,50088946.82,6.5922
396,SushiSwap,SUSHI,sushiswap,0.16570664511631333,0.63729371,0.50138557,-1.48011296,47530471.526834674,4075098.60895595,286835036.0570751,291514753.90092283,,2026-07-27,48329825.5,8.5772
397,CROSS,CROSS,cross,0.10004289366072441,-2.38561115,30.58539704,43.13857949,47006042.62109348,15337831.85054135,469858886.5342613,985221576.7498164,985222890.0,2026-07-27,96046397.17,33.5912
398,lium,SN51,celium,12.400472992286659,0.53256812,4.92849562,2.00908673,47364573.83093229,455940.27254468,3819578.0,3819578.0,21000000.0,2026-07-27,261014296.14,0.9634
399,Venus,XVS,venus,2.888297135085087,-0.48493892,-2.29907127,4.46780394,47289146.46118768,1317290.42449694,16372673.67223095,30000000.0,,2026-07-27,86587886.56,2.7397
400,Toshi,TOSHI,toshithecat,0.00011239673762508493,-0.50193539,1.55055596,-0.41989721,47281462.380056486,12196530.10854473,420665789586.97565,420690000000.0,420690000000.0,2026-07-27,47422857.42,25.4293
401,Polymesh,POLYX,polymesh,0.03604783985311194,0.07820789,0.56043788,-0.01860331,46739033.579774365,1299584.93408574,1296583478.239667,1301569847.869514,,2026-07-27,46920196.97,2.7791
402,Brett (Based),BRETT,based-brett,0.0046700308878386484,-0.08927772,2.56168002,-8.76993827,46700297.41216773,11050035.98487967,9999997544.723145,9999997544.723145,9999997544.723145,2026-07-27,46615514.13,23.8921
403,Matrixdock Gold,XAUM,matrixdock-gold,4095.2646038792604,-0.22161769,0.98455355,2.14272617,46228450.28876499,265658.70142378,11288.26944295,11288.26944295,,2026-07-27,46206472.03,0.5773
404,KUB Coin,KUB,bitkub-coin,0.6694822194437262,0.29936217,-4.25010732,-5.9391377,46177386.12211386,375730.92788845,68974776.0,110000000.0,110000000.0,2026-07-27,72333934.13,0.8725
405,Russell 2000 Tokenised ETF (xStock),IWMx,russell-2000-tokenised-etf-xstock,291.6388773554575,0.00258898,0.29138226,0.03469834,46169310.42295538,291.63887736,158309.86198278,158309.86198278,,2026-07-27,46170880.31,0.0006
406,Micron Technology Tokenized Stock (Ondo),MUon,micron-technology-tokenized-stock-ondo,941.9997694789064,0.48807661,0.85060839,9.94982906,46027826.99662814,2979873.0855264,48861.82405553,48861.82405553,,2026-07-27,46069889.93,6.4654
407,Loaded Lions,LION,loaded-lions,0.0014873444506019935,0.00684637,2.08659603,-1.39930005,45877467.81491592,4330.89501272,30845220686.0,100000000000.0,100000000000.0,2026-07-27,148727683.39,0.0086
408,peaq,PEAQ,peaq,0.01901756041710149,0.34411472,-4.5909728,7.63844015,45619277.87995835,2355872.28553906,2398797578.628189,4428013380.552027,5667620228.64,2026-07-27,107791131.5,4.9732
409,Unitas,UP,unitas,0.311815727960054,0.09664764,-2.73153342,-3.04286731,45525096.28216788,175695656.73382726,146000000.0,999999961.340917,1000000000.0,2026-07-27,311811684.35,385.7102
410,Alaya Governance Token,AGT,alaya-ai,0.015566534718373666,-0.24811148,6.53867061,0.73669749,45367263.42118411,20569865.19533365,2914409934.0,5000000000.0,5000000000.0,2026-07-27,77464310.92,45.2943
411,Non-Playable Coin,NPC,non-playable-coin,0.0059410204699954046,-0.54750388,1.02275147,-10.51733822,45254187.50696902,2107204.86867062,7617241471.481418,8050126520.0,8050126520.0,2026-07-27,47783423.6,4.696
412,RedStone,RED,redstone,0.09793468185436065,0.41982142,0.56739047,-0.99768185,45186676.14908613,2201401.82168406,461396058.0,1000000000.0,1000000000.0,2026-07-27,98021223.4,4.8712
413,StraitsX USD,XUSD,straitsx-xusd,1.0001074132239594,0.00417137,0.0034081,0.0213693,45136652.09360737,1236963.54649502,45131804.341,45131804.341,,2026-07-27,45136846.63,2.7409
414,Astar,ASTR,astar,0.005153906132371055,0.27145955,0.79277123,1.35817696,45005821.936518036,940970.0843932,8732371289.0,8733149493.0,10000000000.0,2026-07-27,51488109.76,2.1036
415,Concordium,CCD,concordium,0.003550033141875624,-0.05112008,-0.13470129,0.79759732,44933911.4547808,115317.0522629,12657321680.957724,14577519927.698046,,2026-07-27,51735707.58,0.2558
416,Bedrock,BR,bedrock-dao,0.14877797204474819,0.17838546,1.28716314,-4.47414625,44881354.80098039,9256716.20560651,301666666.0,1000000000.0,1000000000.0,2026-07-27,148852835.41,20.541
417,VanEck Semiconductor tokenized ETF (xStock),SMHx,vaneck-semiconductor-tokenized-etf-xstock,584.72,0.0,0.0,3.0162086,44875690.16136161,639.92224576,76747.31523013,76747.31523013,,2026-07-27,44875690.16,0.0014
418,EscoinToken,ELG,escointoken,0.28312238237819615,-0.25640259,2.17600965,1.42981341,44489072.28874215,287554.96363615,157137248.97,225000000.0,370000000.0,2026-07-27,104712538.79,0.6487
419,Blur,BLUR,blur-token,0.015572309927955134,0.26924872,6.60895597,0.99801117,44409959.09918915,15376246.39335244,2851854304.5091324,3000000000.0,,2026-07-27,46698284.09,34.6902
420,SPACE ID,ID,space-id,0.029832694322241136,0.0749155,-1.96551078,-7.29912331,44177499.94903886,5478489.49333443,1480841772.8499722,1994841761.516639,2000000000.0,2026-07-27,59553121.82,12.4084
421,Nervos Network,CKB,nervos-network,0.0008971614320577982,0.55621791,-0.31306973,-0.24614592,44148582.16374761,1655720.49930242,49209184196.0761,50043670856.645004,,2026-07-27,44908051.59,3.7359
422,Chevron tokenized stock (xStock),CVXX,chevron-tokenized-stock-xstock,199.1084101566908,0.0,2.08636356,8.35831845,43899501.67766473,20.23652128,220480.39880946,220480.39880946,,2026-07-27,43899501.68,0.0
423,TQQQ tokenized ETF (xStock),TQQQX,tqqq-tokenized-stock-xstock,66.51806695864413,-0.07982273,-0.05029876,-3.21290378,43653530.20156388,154564.21000783,656265.76654286,656265.76654286,,2026-07-27,43744230.62,0.3537
424,ECOMI,OMI,ecomi-new,0.00015426475341211268,-0.37926345,3.09943447,-3.88952291,43589092.52847013,663040.54215532,282560283955.61914,305278604837.5089,,2026-07-27,47104632.58,1.5098
425,Johnson & Johnson tokenized stock (xStock),JNJX,johnson-johnson-tokenized-stock-xstock,262.93676,0.0,0.00257103,4.57652627,43492087.58367302,29.51175901,165408.927925,165408.927925,,2026-07-27,43492087.58,0.0001
426,Creditcoin,CTC,creditcoin,0.07880583207147901,-0.21794717,-0.87701779,-1.88584686,43308869.10126996,1917381.50144502,549564264.0,549564264.0,600000000.0,2026-07-27,47886856.96,4.3696
427,Impossible Cloud Network,ICNT,impossible-cloud-network,0.17055207706243708,0.17093598,-1.72766471,-1.81741753,43150720.8104769,1721213.45849832,253006129.0,700000000.0,700000000.0,2026-07-27,119666875.73,3.9817
428,Peanut the Squirrel,PNUT,peanut-the-squirrel,0.04313388420463568,-0.54275331,-1.08834929,5.01135952,43127057.60955935,15785561.51180258,999841734.747468,999841734.747468,,2026-07-27,43069472.42,35.8631
429,Cash Cat,CASHCAT,cash-cat,0.04309171278538431,1.19869194,-16.40460988,-41.2128701,43091712.78538431,14217110.99832966,1000000000.0,1000000000.0,1000000000.0,2026-07-27,43302741.11,32.7532
430,VVS Finance,VVS,vvs-finance,9.884533839272103e-07,0.00462201,0.41964766,-2.4657473,43047472.11972712,3008.96426087,43550331072463.74,95109375559623.39,100000000000000.0,2026-07-27,99339429.11,0.0069
431,Lombard,BARD,lombard,0.12483192065053449,-0.83781449,-0.21839217,-0.4462633,42832952.773214646,5967022.34897564,343125000.0,1000000000.0,1000000000.0,2026-07-27,124795138.05,13.9161
432,Popcat (SOL),POPCAT,popcat-sol,0.04371119614000248,0.10812948,0.20927787,1.28480324,42834185.466870375,8327320.14149145,979936246.303507,979936246.303507,979973220.96,2026-07-27,42794061.59,19.5646
433,Oasis,ROSE,oasis-network,0.005385648748629834,0.24730739,1.74847488,-0.72969032,42695928.49771279,1037231.23005048,7927722451.0,10000000000.0,10000000000.0,2026-07-27,54044595.28,2.4382
434,Fractal Bitcoin,FB,fractal-bitcoin,0.3983443013167157,4.99848964,5.88087297,5.12165256,42686943.776059255,1534516.30380295,107160924.9459796,154410900.0,210000000.0,2026-07-27,83568077.56,3.6237
435,iShares Bitcoin Trust Tokenized Stock (Ondo),IBITon,ishares-bitcoin-trust-tokenized-stock-ondo,36.875846575074625,0.08437631,1.51598129,0.39294662,42614919.19040368,208443.0304175,1155632.29453309,1155632.29453309,,2026-07-27,42662249.56,0.4887
436,SPDR S&P 500 Tokenized ETF (Ondo),SPYon,spdr-sp-500-tokenized-etf-ondo,749.3338344919038,0.05934068,0.36018633,0.03818034,42605444.0579556,5063576.7483435,56857.76098292,56857.76098292,,2026-07-27,42614516.93,11.6789
437,Flow,FLOW,flow,0.025375831346452903,0.04993283,0.8118384,0.30468943,42569744.464436695,2513187.69028461,1677570436.3430521,1677570436.3430521,,2026-07-27,42529674.72,5.8993
438,Threshold,T,threshold,0.003800962822991815,5.86675467,6.65958067,-0.81015084,42399740.2904737,10361191.1070827,11155000000.0,11155000000.0,11155000000.0,2026-07-27,42680082.14,25.3333
439,Pirate Chain,ARRR,pirate-chain,0.21543923218019323,0.01567252,-0.0865363,1.84371808,42272149.97793485,74251.77079443,196213797.97055,196213797.97055,,2026-07-27,42337276.02,0.176
440,Altlayer,ALT,altlayer,0.006120487793985343,0.18217324,0.17471411,-2.73753062,42142681.29827861,2649533.08723401,6885510226.765356,10000000000.0,10000000000.0,2026-07-27,61208838.8,6.2824
441,Aztec,AZTEC,aztec,0.014606291926107977,0.06877285,2.31888192,6.87937012,42060272.38790376,4082706.2621806,2879599600.0,10350000000.0,10350000000.0,2026-07-27,151362635.45,9.6988
442,iShares MSCI South Korea tokenized ETF (xStock),EWYx,ishares-msci-south-korea-tokenized-etf-xstock,164.97957073173578,-0.22687157,-1.11581885,0.75052178,42079594.74920231,153616.05437361,255059.42682822,255059.42682822,,2026-07-27,42178498.29,0.3646
443,Ontology,ONT,ontology,0.04197526107051105,-0.15185844,-0.08902938,-0.75236222,41975261.07051105,2948095.04551346,1000000000.0,1000000000.0,1000000000.0,2026-07-27,41887339.31,7.02
444,Alchemy Pay,ACH,alchemy-pay,0.00419060445371368,-0.37418459,1.83052111,-2.18700784,41906044.53713675,4411950.18456892,9999999999.999989,15346246087.999989,15346246087.999989,2026-07-27,64325290.96,10.5455
445,XYO,XYO,xyo,0.0030181648889955662,-0.03270026,1.18080939,-0.16495736,41855953.52654134,1482103.17084882,13868014196.027187,13930752875.47967,13931216938.0,2026-07-27,41990989.49,3.563
446,StorX Network,SRX,storx-network,0.050186809648788216,0.01047621,-0.07363321,-1.2994897,41855799.24708937,1951966.4847686,834000000.0,977000000.0,1500000000.0,2026-07-27,75422642.4,4.6391
447,Merck tokenized stock (xStock),MRKX,merck-tokenized-stock-xstock,127.88959000000001,0.0,0.00749922,-1.16724111,41756836.72938505,1.11622034,326506.92467921,326506.92467921,,2026-07-27,41756836.73,0.0
448,Frankencoin,ZCHF,frankencoin,1.2259529152947721,0.00442911,0.30454715,-0.88699568,41722620.304256,28676.7822407,34032808.09868956,34032808.09868956,,2026-07-27,41722836.49,0.0687
449,Request,REQ,request,0.05243604053374056,0.77154721,-27.09869807,0.87933615,41775522.43241254,7611964.61025534,796694830.6390833,999416740.9347085,,2026-07-27,52396707.11,17.3119
450,NVIDIA Tokenized Stock (Ondo),NVDAon,nvidia-tokenized-stock-ondo,208.94576136683986,0.18884589,0.4090164,2.80180972,41617894.306404084,2986170.48149321,199180.37118416,199180.37118416,,2026-07-27,41614802.46,7.1619
451,Mog Coin,MOG,mog-coin,1.0490638568554303e-07,0.35912856,4.31944404,4.24164884,40973027.56425156,9202926.24883046,390567526433216.7,390567526433216.7,420690000000000.0,2026-07-27,44086144.11,22.5032
452,Bit Digital Tokenised Stock (xStock),BTBTx,bit-digital-tokenised-stock-xstock,1.55,0.0,0.0,-7.18562874,40884677.691113375,551.4344728,26377211.41362153,26377211.41362153,,2026-07-27,40884677.69,0.0013
453,Movement,MOVE,movement,0.009805882786993096,0.04654402,0.48869309,-8.34638885,40857844.949073195,7731212.55940762,4166666667.0,10000000000.0,10000000000.0,2026-07-27,98018953.12,18.8923
454,SentismAI,SENTIS,sentismai,0.1977074185608758,0.17173333,-5.31131391,1.11710219,40824385.20569322,3172104.81185564,206488889.0,1000000000.0,1000000000.0,2026-07-27,197904560.72,6.9533
455,Tellor,TRB,tellor,14.576645960395899,-0.30653587,-0.37796266,-3.36370878,40789259.90178339,7988822.44722172,2798261.0,2877483.0,,2026-07-27,41945561.76,19.5242
456,Eli Lilly tokenized stock (xStock),LLYX,eli-lilly-tokenized-stock-xstock,1177.9291579065175,0.06254274,0.13703144,-0.54995412,40623326.42340711,52994.1102958,34487.07093354,34487.07093354,,2026-07-27,40631870.8,0.1319
457,Aegis YUSD,YUSD,aegis-yusd,0.9980524579382041,0.0,-0.05546302,-0.07784657,40580045.504778996,24.08619096,40659231.0674832,40659231.0674832,,2026-07-27,40580098.9,0.0001
458,Celo,CELO,celo,0.0671431130991482,-0.09239326,-0.90087564,-3.65667618,40538589.501460634,3170730.21708191,603763925.0,1000000000.0,1000000000.0,2026-07-27,67092116.93,7.8229
459,BitDCA,BDCA,bitdca,0.4940331561678272,0.02129274,0.66003124,-6.47753228,40499576.28929899,136192.87038799,81977445.8124445,142665333.0,142665333.0,2026-07-27,70497610.16,0.339
460,Philip Morris tokenized stock (xStock),PMX,philip-morris-tokenized-stock-xstock,191.87136437256407,0.00057753,-0.00988599,1.66911929,40360782.79734207,128576.96453727,210353.34235166,210353.34235166,,2026-07-27,40364221.8,0.3185
461,Purr,PURR,purr,0.06755094955822198,0.47208947,8.71135123,-5.8098578,40215968.210205056,457729.58435938,595342752.0,595342752.0,1000000000.0,2026-07-27,67796796.63,1.1321
462,ApeX Protocol,APEX,apex-token,0.27504958327277834,0.40098345,3.26414109,-3.95750044,40195407.513446815,756670.21637913,146138769.0,499999990.0,500000000.0,2026-07-27,137580205.19,1.8852
463,Ronin,RON,ronin,0.051788857886343735,0.08288261,-0.22056321,-3.73019287,40001800.80736933,4027256.45682977,772401679.4337813,1000000000.0,1000000000.0,2026-07-27,51788001.71,10.0717
464,Seeker,SKR,solana-mobile-seeker,0.008014399941550421,-0.77765442,0.53951457,0.653868,39624859.14235354,4160227.5072818,4944207854.778949,10474578012.360983,,2026-07-27,83808027.07,10.5789
465,Bank of America tokenized stock (xStock),BACX,bank-of-america-tokenized-stock-xstock,60.7001,0.0,0.00016474,-0.78440667,39500227.06466766,13.9607195,650744.01960899,650744.01960899,,2026-07-27,39500227.06,0.0
466,Paycoin,PCI,payprotocol,0.03679102121141202,-2.71686317,-0.16659374,-2.21791725,39295975.29896833,1003094.86699556,1068086016.7800754,1900000000.0,1900000000.0,2026-07-27,69921619.61,2.5511
467,JPMorgan Chase tokenized stock (xStock),JPMX,jpmorgan-chase-tokenized-stock-xstock,346.16229,0.0,0.00066154,0.99850907,39194553.268176556,1.19045212,113225.94748312,113225.94748312,,2026-07-27,39194553.27,0.0
468,Danaher tokenized stock (xStock),DHRX,danaher-tokenized-stock-xstock,188.30640712582345,-0.13524388,-0.56842595,-9.31811519,39062454.80358746,50278.6702675,207440.92248272,207440.92248272,,2026-07-27,39099831.01,0.1286
469,AppLovin tokenized stock (xStock),APPX,applovin-tokenized-stock-xstock,387.24,0.0,0.0,-10.40673731,38893676.008641206,38.685276,100438.16756699,100438.16756699,,2026-07-27,38893676.01,0.0001
470,Gemini Dollar,GUSD,gemini-dollar,0.9992351875255909,-0.07240959,-0.06499567,-0.07913886,38593230.87366953,1944159.81873976,38622770.05,38622770.05,148548675.98,2026-07-27,148469909.26,5.0409
471,Eurite,EURI,eurite,1.1402191333624272,0.01489238,0.35953519,-0.25160873,38601037.250622,2739580.0496597,33854051.48990108,33854051.48990108,,2026-07-27,38600061.65,7.165
472,KGeN,KGEN,kgen,0.18041469298547733,1.27024606,1.13963115,2.59243885,38589270.96657857,1364359.68996843,213892063.49,978000000.0,978000000.0,2026-07-27,176882244.94,3.5183
473,CrowdStrike tokenized stock (xStock),CRWDX,crowdstrike-tokenized-stock-xstock,184.4860483382025,0.03762662,-8.57084089,-10.4486109,38577080.37476146,5360.10832895,209105.67884267,209105.67884267,,2026-07-27,38581362.41,0.014
474,IREN tokenized stock (xStock),IRENx,iren-tokenized-stock-xstock,38.38041156129626,-2.03174509,-2.59267181,-12.01189463,38390517.23239129,1160.46974677,1000263.30283298,1000263.30283298,,2026-07-27,38391493.61,0.003
475,Propy,PRO,propy,0.3837812303221592,-0.28577872,1.3562024,8.27929541,38378123.03221592,3689795.63931931,100000000.0,100000000.0,,2026-07-27,38487410.9,9.7708
476,Magic Eden,ME,magiceden,0.0658335591874725,-0.23329137,1.60444222,7.71809497,38331657.56109295,125021627.34399465,582251028.7183,999990733.883097,1000000000.0,2026-07-27,65806098.79,329.2846
477,Amp,AMP,amp,0.0004246026948642002,0.11446553,0.17144278,-0.40004437,38121336.53973347,1897442.35292267,89781193103.18022,99720253743.71327,100000000000.0,2026-07-27,42516788.72,4.7808
478,Rocket Pool,RPL,rocket-pool,1.6830664448730686,-0.73650809,-0.08746038,-7.76048228,38070285.0543772,8760182.35273916,22619597.20624597,22619597.20624597,,2026-07-27,38152286.86,22.9882
479,Direxion Semiconductor Bull 3X tokenized ETF (xStock),SOXLx,direxion-semiconductor-bull-3x-tokenized-etf-xstock,145.51855414338692,0.92290887,2.25719486,4.73531315,38092350.217143185,3759056.69357968,261769.71343193,261769.71343193,,2026-07-27,38152676.17,9.9108
480,0G,0G,zero-gravity,0.1783074837560178,1.14447456,2.3309673,3.5506622,38023000.70945329,8213804.14008602,213243998.0,1000000000.0,,2026-07-27,178235659.15,21.7645
481,BIM,BIM,bim,1.2660435723309194,0.00200619,3.63315524,3.73383102,37981307.16992758,223636.9546503,30000000.0,30000000.0,30000000.0,2026-07-27,37975345.93,0.5887
482,MultiBank Group,MBG,multibank-group,0.11515316503679611,1.60789923,3.35774823,-1.92254544,37906294.7356199,5837386.81432058,329181527.25986564,977514798.0,1000000000.0,2026-07-27,112177923.25,15.7907
483,BUSD,BUSD,binance-usd,1.000201997223157,-0.01902451,0.05476119,0.06324536,37849905.321479335,229878.08722068,37842261.28978082,37842261.28978082,,2026-07-27,37858925.12,0.6016
484,SuperTrust,SUT,supertrust,0.20036215132543447,0.40948844,-0.18033372,1.73113706,37748977.0612606,75151.19359694,188403732.0,188403732.0,238403732.0,2026-07-27,47873934.48,0.1991
485,Mask Network,MASK,mask-network,0.3764521491418179,0.23003776,0.34394001,-2.63928499,37645214.91418179,6382569.54538393,100000000.0,100000000.0,100000000.0,2026-07-27,37666131.17,16.9037
486,Amazon tokenized stock (xStock),AMZNX,amazon-tokenized-stock-xstock,234.65288091049013,0.08479972,0.96049165,-5.15552359,37518953.38525789,2336912.14701739,159891.29662367,300884.71539093,,2026-07-27,70596654.1,6.2667
487,Succinct,PROVE,succinct,0.19198491249330885,0.19204712,0.5183457,2.41783947,37437057.936195225,3893761.00959245,195000000.0,1000000000.0,1000000000.0,2026-07-27,191973328.49,10.3637
488,Spacecoin,SPACE,spacecoin-org,0.006730045800823579,1.13840256,1.57462945,15.07324378,37374309.795722745,2538144.67750845,5553351478.10571,21000000000.0,21000000000.0,2026-07-27,141960749.99,6.7506
489,Moo Deng (moodengsol.com),MOODENG,moo-deng-solana,0.03774813928909046,-0.17318266,-1.13543404,0.4290882,37369593.06535553,9319070.27946459,989971791.17,989971791.17,989971791.17,2026-07-27,37321764.17,24.7862
490,Zerebro,ZEREBRO,zerebro,0.03725999251784063,0.92840966,1.77189327,-19.844824,37258057.36690052,6507150.77752659,999948063.571425,999948293.462241,1000000000.0,2026-07-27,37226301.16,17.5073
491,Ampleforth,AMPL,ampleforth,1.3126694621612796,0.17003565,3.6290089,3.51420668,37115064.30679454,969.54272649,28274493.6,10630913.57552586,,2026-07-27,13887810.37,0.0038
492,Vitalum,VAM,vitalum,0.10853296739527903,0.18217692,1.21326153,0.54183781,36870697.04127104,633781.13556985,339718870.0,1000000000.0,1000000000.0,2026-07-27,108413110.92,1.7203
493,Irys,IRYS,irys,0.014321074049533606,1.33373862,9.97108421,15.46302123,36759521.3643195,15158133.74609274,2566813162.0,10000000000.0,,2026-07-27,143428336.32,41.5597
494,VeThor Token,VTHO,vethor-token,0.0003606100131736293,-0.11108201,0.1059111,-1.52641736,36701553.05721667,963444.46541277,101776300481.0,101776300481.0,,2026-07-27,36644806.54,2.622
495,Moca Network,MOCA,mocaverse,0.008662176405721483,0.08146782,-0.40391623,0.72318164,36668605.88549787,2949136.99669841,4233186230.3425,8888888888.0,8888888888.0,2026-07-27,76927332.37,8.1386
496,Gravity,G,gravity-token,0.003340829487952482,-0.16865636,2.71278912,-2.13678588,36620502.43219113,2854412.74349614,10961500000.0,12000000000.0,12000000000.0,2026-07-27,40183353.58,7.7062
497,Glidr,GLIDR,glidr,1.030643532329811,0.57494252,0.95770606,0.22514505,36548382.05685538,76937.16646892,35461710.0,100000000.0,100000000.0,2026-07-27,102210585.83,0.2123
498,ETHGas,GWEI,eth-gas,0.020826231696156237,-1.09524558,-11.72185319,-25.64399113,36445905.468273416,20726699.22424518,1750000000.0,10000000000.0,10000000000.0,2026-07-27,209344463.71,56.6075
499,BOOK OF MEME,BOME,book-of-meme,0.000528740292942005,-3.94266204,10.58248556,31.00982988,36412669.93130295,69114619.28539914,68866833901.94528,68866833901.94528,,2026-07-27,35939390.33,193.0602
500,MetYa,MY,metya,0.036935363035250204,-0.46011977,5.67786806,-9.94854412,36434643.39279482,34221.2410466,986443353.9754975,994243267.9861139,1000000000.0,2026-07-27,36845551.8,0.0943
501,ZEROBASE,ZBT,zerobase,0.1153999227401365,1.42087062,6.80468314,19.65581198,36423099.92245605,19873302.33391443,315624994.0,1000000000.0,1000000000.0,2026-07-27,,
502,Helium,HNT,helium,0.1954624814868086,0.18234249,0.4524232,-4.47055765,36418850.68351744,2296592.83598907,186321438.2959488,186321438.2959488,223000000.0,2026-07-27,,
503,MANTRA,MANTRA,mantra-new,0.006629095782647546,0.13519172,7.73401394,3.38723443,36386953.27109455,13682480.65884823,5488976847.5425825,7382343883.876113,10000000000.0,2026-07-27,,
504,Amber tokenized stock (xStock),AMBRX,amber-tokenized-stock-xstock,1.39,0.0,0.0,0.72463768,36257421.59435056,13.344,26084475.96715868,26084475.96715868,,2026-07-27,,
505,Notcoin,NOT,notcoin,0.00036348144752307364,0.16304091,-0.49823398,-0.40210659,36140726.19679032,2351388.54146931,99429355866.90741,102452705868.52051,102456957533.56,2026-07-27,,
506,Thermo Fisher tokenized stock (xStock),TMOX,thermo-fisher-tokenized-stock-xstock,555.6574,0.0,0.00133177,2.39890167,36109003.34803454,42.37443332,64984.29310585,64984.29310585,,2026-07-27,,
507,Zest Protocol,ZEST,zest-protocol,0.24665047188123582,0.36250866,-0.31605581,17.57895847,36010968.89466043,3832643.69159876,146000000.0,1000000000.0,1000000000.0,2026-07-27,,
508,Verge,XVG,verge,0.002181932240709941,0.37214786,2.46068793,0.33528437,36049778.07873773,1997031.211915,16521951234.841335,16521951234.841335,16521951235.741348,2026-07-27,,
509,Burnedfi,BURN,burnedfi-app,2.9009871613594784,-1.13124927,2.59045486,3.56414694,35683909.2903918,181006.93221679,12300609.17390251,12300609.17390251,21000000.0,2026-07-27,,
510,GOHOME,GOHOME,gohome,71.81332552118525,-0.02933257,0.5955778,-0.50187425,35899122.3614129,339989.35355794,499895.0,9999895.37,9999895.37,2026-07-27,,
511,Celo Dollar,CUSD,celo-dollar,1.0001185872683023,0.01872228,0.01173859,0.01370329,35558381.8907381,100345.85940629,35554165.61936053,57241566.21607361,1000000000000000.0,2026-07-27,,
512,Coinbase Tokenized Stock (Ondo),COINon,coinbase-tokenized-stock-ondo,161.80107749687468,-0.00016254,1.60505525,1.5456951,35536102.80571253,1524373.13620983,219628.34460357,219628.34460357,,2026-07-27,,
513,Vana,VANA,vana,1.1804738257214504,-0.4861039,-1.48569249,1.98335246,35513374.57300411,87074081.24677774,30084000.0,112641600.0,120000000.0,2026-07-27,,
514,Momentum,MMT,momentum-token,0.17224984298591167,0.14780351,-1.0088685,-3.24347024,35155404.73814307,3690273.21508233,204095424.0,1000000000.0,,2026-07-27,,
515,Walmart tokenized stock (xStock),WMTX,walmart-tokenized-stock-xstock,114.26056726327255,0.0,0.02074574,0.51110551,35122722.40871092,0.0,307391.45840037,307391.45840037,,2026-07-27,,
516,ssv.network,SSV,ssv-network,2.211862352196284,1.61463026,3.66058463,10.5075101,35043613.7905014,6328214.39785144,15843487.61834325,17361673.60305064,,2026-07-27,,
517,Ankr,ANKR,ankr,0.003498350466855274,0.0035179,-0.10590812,0.01771086,34983504.66855274,3865803.09681576,10000000000.0,10000000000.0,10000000000.0,2026-07-27,,
518,Nockchain,NOCK,nockchain,0.01551483062188562,0.09200951,-0.71602193,-13.99596105,34877172.422540024,575157.90944065,2247989248.0,4294967296.0,4294967296.0,2026-07-27,,
519,Netflix tokenized stock (xStock),NFLXX,netflix-tokenized-stock-xstock,70.31256484013917,0.00741698,-0.11422197,1.31493493,34855582.04426084,5173.62078124,495723.37637672,495723.37637672,,2026-07-27,,
520,Prom,PROM,prom,1.9050361732839707,-1.43214597,-7.12743419,13.2538066,34766910.16243246,4409190.1322225,18250000.0,19250000.0,19250000.0,2026-07-27,,
521,Subsquid,SQD,subsquid,0.03155985511540551,0.46611891,-1.54381061,0.77564269,34709382.988677345,2314317.58720175,1099795384.4133599,1336997644.8069928,1337000000.0,2026-07-27,,
522,APRO,AT,apro,0.13852066159460866,0.488126,-0.6128414,-1.94006591,34630165.398652166,2924943.63552426,250000000.0,1000000000.0,1000000000.0,2026-07-27,,
523,Fogo,FOGO,fogo,0.008920851222024594,0.93560493,3.18587059,-0.99372738,34457074.73650427,2216896.92337026,3862532159.647901,10036532160.650246,,2026-07-27,,
524,Asteroid Shiba,ASTEROID,asteroid-shiba,8.183326163806785e-05,4.12351938,10.27551231,31.7949528,34426434.83851876,2760109.5216904,420690000000.0,420690000000.0,420690000000.0,2026-07-27,,
525,PepsiCo tokenized stock (xStock),PEPX,pepsico-tokenized-stock-xstock,141.79994751130118,0.2992451,-0.55961411,-1.2957999,34289447.871662,50538.20207793,241815.65983252,241815.65983252,,2026-07-27,,
526,KLA Corporation tokenized stock (xStock),KLACx,kla-corporation-tokenized-stock-xstock,215.74031124302766,0.24441408,1.52474861,-1.03655448,34251862.0951453,0.0,158764.31204626,158764.31204626,,2026-07-27,,
527,AI Analysis Token,AIAT,ai-analysis-token,0.23396122143423512,0.01031249,0.23592045,1.86777563,34249457.403692335,373699.62883217,146389462.2952275,500000000.0,500000000.0,2026-07-27,,
528,Arcium,ARX,arcium,0.1635235079723125,2.14808446,-8.81759507,14.3916689,34148833.618405715,11404985.07445716,208831342.0,1000000000.0,1000000000.0,2026-07-27,,
529,Tokenised GBP,TGBP,tokenised-gbp,1.3338576083413685,-0.01501391,0.13332237,-0.70935364,34135602.85692585,8824.01022259,25591639.35,25591639.35,,2026-07-27,,
530,Nesa,NES,nesa,0.2411036151200057,0.17657121,1.42290299,7.91167178,34116161.539480805,42809103.51900701,141500000.0,1000000000.0,,2026-07-27,,
531,Cap,CAP,cap-app,0.02186125315909362,-0.62383955,4.63286171,15.05635898,34103554.928186044,27269134.24974078,1560000000.0,10000000000.0,10000000000.0,2026-07-27,,
532,Memecoin,MEME,meme,0.0005306398437973974,-0.10053083,-0.75610468,0.00411235,34055960.07529949,6944708.80595369,64179048131.0,69000000000.0,69000000000.0,2026-07-27,,
533,Kinetiq,KNTQ,kinetiq,0.12132811823648423,0.10956719,1.32723706,8.84172657,34029648.401076116,151882.51351549,280476190.48,1000000000.0,1000000000.0,2026-07-27,,
534,Status,SNT,status,0.007114448572330683,0.69451458,1.1624821,2.3016185,34236828.72178139,1471273.55864194,4812295482.0327635,6804870174.878168,,2026-07-27,,
535,PumpMeme,PM,pumpmeme,1.045539561844174,-0.17325397,0.80352182,1.72610784,33465645.97860175,124169.20402996,32008015.0,100000000.0,100000000.0,2026-07-27,,
536,Novo Nordisk tokenized stock (xStock),NVOX,novo-nordisk-tokenized-stock-xstock,48.62947,0.0,0.01947758,-3.64678027,33441270.340695385,11.94534301,687674.99092002,687674.99092002,,2026-07-27,,
537,Invesco QQQ Tokenized ETF (Ondo),QQQon,invesco-qqq-tokenized-etf-ondo,694.5095825847726,0.15576236,0.55480826,-0.86601728,33415442.407377012,14749835.75953841,48113.72405117,48113.72405117,,2026-07-27,,
538,Atoshi,ATOS,atoshi,0.03695374366894446,1.09808754,1.84349272,1.52464814,33375166.52376362,6696.95531632,903160633.0,100000000000.0,100000000000.0,2026-07-27,,
539,Oracle tokenized stock (xStock),ORCLX,oracle-tokenized-stock-xstock,117.04537272335128,-0.20870973,1.0350378,-8.25649232,33220690.85019212,5980.56271901,283827.46004588,283827.46004588,,2026-07-27,,
540,Synapse,SYN,synapse-2,0.14155407376712012,0.21775559,-15.76463906,-33.26454997,33194173.168415114,23086589.17556397,234498183.52119645,248489280.0146137,250000000.0,2026-07-27,,
541,BankrCoin,BNKR,bankr-coin,0.0003329576879390283,1.1351287,5.01982434,-6.44144244,33062698.4123454,5021121.24949441,99299999999.99966,100000000000.0,100000000000.0,2026-07-27,,
542,Waves,WAVES,waves,0.24735966663338388,-0.1015729,-0.35599502,-1.65037032,32996626.8328469,2337709.97050639,133395340.0,133395340.0,,2026-07-27,,
543,PlaysOut,PLAY,playsout,0.037644749846002766,-0.10309844,2.2137156,8.10870938,32715799.952897254,2102292.98793978,869066738.0373392,3999999999.98607,5000000000.0,2026-07-27,,
544,Bitmine Tokenised Stock (xStock),BMNRx,bitmine-tokenised-stock-xstock,16.59165006668466,0.17743046,3.09088752,4.00226115,32637501.00471587,15190.9925679,1967103.98745997,1967103.98745997,,2026-07-27,,
545,UMA,UMA,uma,0.3601545750757819,-0.03372586,0.35027044,-1.11715612,32586073.164777827,2406195.43716133,90478020.88289793,129194216.23643056,,2026-07-27,,
546,Abbott tokenized stock (xStock),ABTX,abbott-tokenized-stock-xstock,103.43724760678472,-0.13741341,-0.07445506,2.17292178,32483410.55222377,48403.13899259,314039.78067658,314039.78067658,,2026-07-27,,
547,ConstitutionDAO,PEOPLE,constitutiondao,0.006413852592660819,-1.74801442,12.85063301,21.67662509,32454974.963385403,20809938.40933386,5060137334.7,5060137334.7,,2026-07-27,,
548,Gensyn,AI,gensyn,0.024798447668321955,1.07871944,-0.38581291,5.01024771,32353922.473582067,7807049.46821463,1304675313.0,10000000000.0,10000000000.0,2026-07-27,,
549,Dogelon Mars,ELON,dogelon,3.2245601871101274e-08,0.09653759,4.14697061,-1.11217346,32199940.58605155,4173679.45582704,998583953085067.2,998583953085067.2,1000000000000000.0,2026-07-27,,
550,Dusk,DUSK,dusk,0.06486923802759953,-0.32273827,-0.87316305,-1.86637696,32240011.255367495,2219471.10779229,496999999.31632507,500000000.0,1000000000.0,2026-07-27,,
551,Ore,ORE,ore-new,67.07171427802717,0.0012505,0.63399178,-1.27634403,32154802.253845565,595329.80532294,479409.28005145,479409.28005145,3000000.0,2026-07-27,,
552,Perle,PRL,perle,0.18265047288813516,1.06472292,-2.20216103,5.17791375,31963832.755423654,47370784.22881734,175000000.0,1000000000.0,1000000000.0,2026-07-27,,
553,Pax Dollar,USDP,paxos-standard,0.9989810216989995,0.00011503,-0.04945801,0.20098186,31921465.501610875,4117427.39967127,31954025.96069443,31954025.96069443,,2026-07-27,,
554,Siacoin,SC,siacoin,0.0005680617189698729,0.25852834,-0.73437629,-2.55289548,31826019.389111325,3124806.75850076,56025636522.075195,62217525676.30304,,2026-07-27,,
555,cat in a dogs world,MEW,mew,0.00035535484985814523,0.2154203,-3.15904469,-0.31238097,31585908.164447237,4747936.08355375,88885541247.16765,88885557215.58698,88888888888.0,2026-07-27,,
556,Sahara AI,SAHARA,sahara-ai,0.008741588943964677,-0.29620049,-0.86936853,-1.67830386,31255733.391409762,8991370.50814064,3575520834.0,10000000000.0,10000000000.0,2026-07-27,,
557,ChangeNOW Token,NOW,now-token,0.36778835827848616,0.0,3.70415763,2.52762561,31189802.565290507,0.0,84803670.0,199763509.8661694,200000000.0,2026-07-27,,
558,Accenture tokenized stock (xStock),ACNX,accenture-tokenized-stock-xstock,143.86623642295598,-0.17070279,-0.40402341,-2.43402187,31147851.4982317,48160.4592053,216505.63935418,216505.63935418,,2026-07-27,,
559,Locus Chain,LOCUS,locus-chain,0.005649028599564609,-1.75440724,-5.35541496,-5.10035213,31144126.07690487,111589.06995733,5513182581.392004,7000000000.0,7000000000.0,2026-07-27,,
560,HashKey Platform Token,HSK,hashkey-platform-token,0.08944485082269885,-0.54340425,6.28671725,1.67929571,30854896.544801854,1210665.49666451,344960009.0,1000000000.0,1000000000.0,2026-07-27,,
561,Degen,DEGEN,degen-base,0.0012532006864695265,0.38166715,1.10324084,-4.73590983,30841794.75738335,3442094.50543554,24610419616.24661,36418502415.3061,36963632968.517365,2026-07-27,,
562,LUSD,LUSD,lusd,0.9990939840441174,0.01642543,0.01460117,-0.00799127,30748935.621609658,36303.90710188,30776819.91152082,10000000000000.0,10000000000000.0,2026-07-27,,
563,Terra,LUNA,terra-luna-v2,0.04330488710410985,0.32658639,0.76117577,-5.68004634,30745795.972969398,2405523.73049789,709984438.91686,1186707049.0,,2026-07-27,,
564,Bancor,BNT,bancor,0.2856981077031482,-0.31987574,4.0305471,4.31325188,30707367.31690088,3410364.00578834,107481871.55935615,107481871.55935615,,2026-07-27,,
565,Solayer,LAYER,solayer,0.06578069920330192,0.15521255,1.47064874,3.83415893,30660843.247413654,10350260.52992243,466106983.0324121,999998387.0009129,,2026-07-27,,
566,Avantis,AVNT,avantis,0.09207951987118754,-0.13737584,2.17979294,2.28186093,30650568.92291013,14220755.52765032,332870642.307736,1000000000.0,1000000000.0,2026-07-27,,
567,Mango,MNGO,mango-markets,0.027426292289727455,-0.00056786,0.96786994,7.65832004,30647976.275334727,2544.49198936,1117466989.397395,1117466989.397395,,2026-07-27,,
568,Block Street,BSB,block-street,0.12907928747686873,0.16189138,0.60236019,-3.51111534,30501435.63078408,566924971.5537242,236300000.0,1000000000.0,1000000000.0,2026-07-27,,
569,Tornado Cash,TORN,torn,5.785951408630529,-0.18632442,4.81019259,6.48541278,30435628.608916808,56019.24379289,5260263.43109587,9999997.246815,,2026-07-27,,
570,Comcast tokenized stock (xStock),CMCSAX,comcast-tokenized-stock-xstock,24.304776399220046,-0.13095918,0.88871603,-5.61789394,30120491.941627502,396506.36699449,1239282.82436674,1239282.82436674,,2026-07-27,,
571,Lumentum Holdings Inc. tokenized stock (xStock),LITEx,lumentum-holdings-inc-tokenized-stock-xstock,786.5767217026678,0.62964166,1.03764876,8.01586904,30020876.75430614,5164.42673245,38166.49530299,38166.49530299,,2026-07-27,,
572,Wiki Cat,WKC,wiki-cat,5.570597441672901e-08,0.26507754,-0.00938426,3.64657346,29889056.772516124,157090.20549888,536550290798614.4,536550290798614.4,553003328316637.0,2026-07-27,,
573,Across Protocol,ACX,across-protocol,0.04164397978041694,-0.42094095,0.0460506,-1.57199114,29796981.22914893,1230997.02100324,715517138.0416659,1000000000.0,1000000000.0,2026-07-27,,
574,Rekt (rekt.com),REKT,rekt-eth,1.0571990207859278e-07,0.07151125,0.92288927,-12.7548383,29793841.836922225,67419.55373182,281818666600479.0,420690000000000.0,420690000000000.0,2026-07-27,,
575,Liquity BOLD,BOLD,liquity-v2,1.0036295065963161,0.00155487,0.11257757,0.3122539,29688632.323164206,1139493.9023888,29581266.91975158,29581266.91975158,,2026-07-27,,
576,TerraClassicUSD,USTC,terrausd,0.005303473465023165,0.06427032,-0.20157539,-0.15335219,29570225.088506825,509746.14582219,5575633645.293946,6078808128.046084,6078808128.046084,2026-07-27,,
577,Manta Network,MANTA,manta-network,0.06156610725882898,-0.32468356,-0.62210849,-3.79567117,29399060.718306884,2931760.76173891,477520214.0799777,1000000000.0,,2026-07-27,,
578,BSquared Network,B2,bsquared-network,0.4343179003167769,0.31442094,0.9183783,-17.54567524,29252774.237658992,5304461.50720039,67353370.0,207444584.9777,210000000.0,2026-07-27,,
579,Hims & Hers Health Tokenized Stock (Ondo),HIMSon,hims-hers-health-tokenized-stock-ondo,28.51546995357523,-0.15891,-1.81175868,-13.00288581,29089847.191443335,1511030.03939453,1020142.65375262,1020142.65375262,,2026-07-27,,
580,Score,SN44,score,6.7084325682141,0.79191044,5.72357593,-2.46171073,28966924.619925097,417405.27952444,4317987.0,4317987.0,21000000.0,2026-07-27,,
581,McDonald's tokenized stock (xStock),MCDX,mcdonald-s-tokenized-stock-xstock,269.6417114440498,-0.01206413,-0.48272935,-0.92786748,28942975.05164701,495967.63778111,107338.64169844,152118.74725886,,2026-07-27,,
582,ZORA,ZORA,zora,0.006461655836311203,1.09369488,3.41100944,2.56812714,28883601.581849422,16289615.64510221,4469999999.0,10000000000.0,10000000000.0,2026-07-27,,
583,USDK,USDK,usdk,1.0073261274400236,0.0,3.86432525,1.51030553,28809599.77226585,0.0,28600072.0,28600072.0,,2026-07-27,,
584,SKYAI,SKYAI,skyai,0.028622713113521187,-0.23947535,0.70116152,-1.31085,28622713.11352119,9266866.97102932,1000000000.0,1000000000.0,1000000000.0,2026-07-27,,
585,DEAPcoin,DEP,deapcoin,0.0009583535557703573,-0.00031312,-0.37973541,0.89297637,28609631.46138419,62320.01880847,29852898535.32895,29852898535.328953,,2026-07-27,,
586,Anoma,XAN,anoma,0.011372019286408897,0.35440743,-0.41041734,-6.84260052,28430048.21602224,2821583.74116196,2500000000.0,10000000000.0,10000000000.0,2026-07-27,,
587,DFDV tokenized stock (xStock),DFDVx,dfdv-tokenized-stock-xstock,2.751993305282246,-0.1496547,-3.03781961,-3.45959197,28191550.71164543,147701.62334404,10244047.7080863,10244047.7080863,,2026-07-27,,
588,Band,BAND,band-protocol,0.15658823630320556,-0.08510724,0.4722763,-4.18974808,28145973.677361768,2031429.53906699,179745135.023183,179745129.496431,,2026-07-27,,
589,Storj,STORJ,storj,0.06596452464081856,-4.91082972,-10.3778481,-10.66474921,28034922.840418912,6410045.72401155,424999998.00000113,424999998.00000113,,2026-07-27,,
590,Swarm Network,TRUTH,swarm-network-ai,0.013427457196790338,0.84388255,2.21856868,6.11876808,28000347.657990035,1616771.87841137,2085305300.0,10000000000.0,10000000000.0,2026-07-27,,
591,UPCX,UPC,upcx,0.2087448974673283,-2.08691459,-3.81108955,-3.61652092,27964297.394662157,8069269.0931684,133963980.6,780000000.0,780000000.0,2026-07-27,,
592,HotKeySwap,HOTKEY,hotkeyswap,0.29472691851112975,0.00184644,1.72743583,31925.39576085,27908537.4746705,0.0,94692868.96377125,94991135.6,100000000.0,2026-07-27,,
593,deBridge,DBR,debridge,0.014497160408324161,-0.14461374,-1.59486225,-15.97006236,27902460.207361232,3099970.42631241,1924684519.0,10000000000.0,10000000000.0,2026-07-27,,
594,iota,SN9,iota-macrocosmos-ai,6.912841239797699,0.44082507,4.71973038,6.30095351,27681325.213124078,248370.74400028,4004334.0,4004334.0,21000000.0,2026-07-27,,
595,Liquity USD,LUSD,liquity-usd,1.006211043167694,0.0,0.10358831,0.11900485,27543502.716607578,0.0,27373484.82073577,27373484.82073577,,2026-07-27,,
596,Electronic USD,eUSD,electronic-usd,0.9982986154871308,-0.11116608,-0.21403428,-0.18647848,27447931.924518786,141873.27391547,27494711.0,27494711.0,,2026-07-27,,
597,Klickl Token,KLK,klickl-token,0.2734466359203262,0.01132872,-0.97363482,2.22589233,27344663.59203262,0.0,100000000.0,100000000.0,1000000000.0,2026-07-27,,
598,Giggle Fund,GIGGLE,giggle-fund,27.454309969366168,0.41427859,4.57607419,4.57350802,27141019.71923176,14605235.74095357,988588.66784545,988588.66784545,988588.66784545,2026-07-27,,
599,UNS TOKEN,UNS,uns-token,0.25670393945767056,0.00849499,-0.00274458,-0.3828053,27109014.163275734,2392.65131563,105604200.0,1000000000.0,1000000000.0,2026-07-27,,
600,Uquid Coin,UQC,uquid-coin,2.702695363152487,-0.01033652,0.02103762,-0.31384755,27026953.63152487,39095.12359894,10000000.0,40000000.0,,2026-07-27,,
601,WhiteRock,WHITE,whiterock,4.1292943862912636e-05,0.01155769,0.62757226,-4.62642791,26840413.510893214,8136.77188702,650000000000.0,1000000000000.0,1000000000000.0,2026-07-27,,
602,MetaMask USD,mUSD,metamask-usd,0.9998463066357619,-0.00859505,-0.01566462,-0.24709234,26634089.97529141,2312923.75191166,26638184.087421,26638184.087421,,2026-07-27,,
603,AIHub,AIH,aihub,22.699756894820254,0.45264662,0.77120926,-55.14966409,26558715.566939697,0.0,1170000.0,100000000.0,100000000.0,2026-07-27,,
604,Hive,HIVE,hive-blockchain,0.04665510807795091,-0.36407675,-1.17987121,-2.67530593,26549287.884061057,1383672.87713598,569054257.461,569054257.461,,2026-07-27,,
605,Neiro,NEIRO,neiro,6.306266571146555e-05,-0.13670497,-1.33299236,5.88822627,26529473.178283125,9351694.59503904,420684296786.07367,420690000000.0,420690000000.0,2026-07-27,,
606,Direxion MU Bull 2X ETF Tokenized bStocks,MUUB,direxion-mu-bull-2x-etf-tokenized-bstocks,32.84144333872421,0.81753529,2.45185118,-0.64523463,26497307.91037119,767493.10022528,806825.31632608,806825.31632608,,2026-07-27,,
607,Open Campus,EDU,open-campus,0.03334421413204883,1.57170742,-6.01588241,14.66477265,26403407.55912454,4218782.46159907,791843750.0,1000000000.0,1000000000.0,2026-07-27,,
608,EthereumPoW,ETHW,ethereum-pow,0.2446692562573393,0.84355537,3.82560445,2.05380345,26379994.307957146,1861825.75763835,107818999.04993,107818999.04993,,2026-07-27,,
609,Infinity Ground,AIN,infinity-ground,0.08462877200211104,-0.92764012,-3.0289691,12.80769855,26232115.26888104,1736884.00053548,309966866.4485252,1000000000.0,1000000000.0,2026-07-27,,
610,Worldwide USD,WUSD,worldwide-usd,0.9962555502268594,0.00978431,0.08031884,0.70703301,26208822.581058197,106649.08326241,26307329.053364,8435660.233364,,2026-07-27,,
611,MYX Finance,MYX,myx-finance,0.07563899520489874,0.83337048,-3.00733116,0.11725369,26152265.068854112,9759677.5319056,345751090.4,1000000000.0,1000000000.0,2026-07-27,,
612,Fabric Protocol,ROBO,fabric-foundation,0.01170471633133688,-0.09347857,1.09877961,-1.77091534,26113222.135212578,5713235.34925913,2231000000.0,10000000000.0,10000000000.0,2026-07-27,,
613,Catizen,CATI,catizen,0.03852229667876286,-0.1016585,-1.29449323,-1.15974159,25991528.2971615,3740100.36692287,674713881.0,1000000000.0,1000000000.0,2026-07-27,,
614,Solstice,SLX,solstice,0.10686937783406285,-4.575e-05,-6.25352556,3.3777835,25953679.716384757,18381782.85112184,242854223.0,1000000000.0,1000000000.0,2026-07-27,,
615,Casper,CSPR,casper,0.0015591527505885603,0.23292074,-0.73333491,-18.63298909,25910400.08717424,1713855.22961442,16618256343.0,19730131567.0,,2026-07-27,,
616,International Business Machines tokenized stock (xStock),IBMX,international-business-machines-tokenized-stock-xstock,213.7107710604879,-0.16917068,1.3866062,0.6597763,25792461.775866434,14529.1037122,120688.63748831,120688.63748831,,2026-07-27,,
617,Merlin Chain,MERL,merlin-chain,0.019057122970182305,-1.6432554,7.6788338,8.33106797,25775632.39568852,8868085.40041133,1352545840.0,2100000000.0,2100000000.0,2026-07-27,,
618,Defi App,HOME,defi-app,0.006039294655556167,-0.3917338,-2.14042199,-23.63674815,25744266.114137303,15569224.25742494,4262793518.52,10000000000.0,10000000000.0,2026-07-27,,
619,OLAXBT,AIO,olaxbt,0.11131767315568308,0.69908296,-2.59057881,1.12439748,25630894.24409603,1032281.75804482,230250000.0,1000000000.0,1000000000.0,2026-07-27,,
620,Medtronic tokenized stock (xStock),MDTX,medtronic-tokenized-stock-xstock,82.98686,0.0,0.00826705,1.00640214,25630283.806769826,87.10342319,308847.49473314,308847.49473314,,2026-07-27,,
621,COINDEPO,COINDEPO,coindepo,0.10191402998812711,0.06201041,1.33825712,20.1937832,25511001.35869707,1625515.92075857,250318836.0,1000000000.0,1000000000.0,2026-07-27,,
622,Orbs,ORBS,orbs,0.005799676518423879,0.48219632,-1.19330503,-1.90055677,25402673.760423705,1569906.03982535,4380015623.238094,10000000000.0,,2026-07-27,,
623,OpenGradient,OPG,opengradient,0.10713009367431602,2.45880053,3.4608969,2.99472233,25352999.665108908,15421959.64285589,236656188.71,1000000000.0,1000000000.0,2026-07-27,,
624,sUSD,SUSD,susd,0.5811615203319465,0.00987858,-1.3050727,-5.93364447,25338708.703137185,24804.41462222,43600114.28262539,43600114.28262539,142399574.0,2026-07-27,,
625,ICON,ICX,icon,0.023100870131156626,0.03455691,0.1802815,0.9974478,25346735.54606036,290529.14399874,1097219948.9522557,1108792174.2180953,,2026-07-27,,
626,SwftCoin,SWFTC,swftcoin,0.002530546910689311,0.10383869,1.03753273,-2.50703522,25305469.10689311,508125.06942637,10000000000.0,10000000000.0,,2026-07-27,,
627,Collect on Fanable,COLLECT,collect-on-fanable,0.0469214458205146,-0.03345999,1.81272487,2.90873913,25196816.40561634,1069142.99198586,537000000.0,3000000000.0,3000000000.0,2026-07-27,,
628,Victoria VR,VR,victoria-vr,0.0014969629856467922,0.02127597,-0.17154557,-0.35870784,25148978.158866107,662705.15962657,16800000000.0,16800000000.0,16800000000.0,2026-07-27,,
629,Frax (prev. FXS),FRAX,frax-share,0.26851254139045916,-1.74602562,-3.44810522,2.08631496,25138485.262002707,468439.42859181,93621270.46962556,99681495.59113361,99681495.59113361,2026-07-27,,
630,OKZOO,AIOT,okzoo,0.05146030371398571,0.20437385,0.45673736,15.99812798,25074032.933179233,595123.93415914,487249999.0,1000000000.0,1000000000.0,2026-07-27,,
631,Salesforce tokenized stock (xStock),CRMX,salesforce-tokenized-stock-xstock,164.34078,0.0,0.00047463,-1.73356852,25038719.18520436,285.28902045,152358.5271118,152358.5271118,,2026-07-27,,
632,OPEN tokenized stock (xStock),OPENX,open-tokenized-stock-xstock,3.89884,0.0,0.22724936,-13.93289183,24940617.570680372,142.12909313,6396932.82378358,6396932.82378358,,2026-07-27,,
633,Orbler,ORBR,orbler,0.024544490828296035,-0.12346358,-1.88164283,-19.06377558,24927059.67071398,6418.91332705,1015586750.0,2000000000.0,2000000000.0,2026-07-27,,
634,BORA,BORA,bora,0.02259262071182829,-0.32521547,-1.09016348,-3.25989176,24846234.62783316,97569.0245409,1099750000.0,1205750000.0,1205750000.0,2026-07-27,,
635,WINkLink,WIN,wink,2.4988346091450937e-05,-0.00493988,0.74347292,12.53627615,24830965.843323804,3078004.94271757,993701854154.286,993701854154.286,993701859243.3864,2026-07-27,,
636,Alchemist AI,ALCH,alchemist-ai,0.02918476157922011,0.39342392,-2.16727688,6.85426305,24807047.342337094,2646579.50542738,850000000.0,1000000000.0,1000000000.0,2026-07-27,,
637,Capybobo,PYBOBO,capybobo,0.0007780901548695131,5.20605342,6.73398425,22.10378347,24717330.58661423,719571.22968119,31766666667.0,100000000000.0,100000000000.0,2026-07-27,,
638,SMART,SMART,smart-blockchain,0.003661864954918097,-0.57979382,-0.76562,-7.61904925,24609307.49446164,335465.6306926,6720430108.0,836732311077.0,836732311077.0,2026-07-27,,
639,Powerledger,POWR,power-ledger,0.043144537243933065,-0.18617068,-0.68856978,0.44829056,24512971.791952312,1254139.16465288,568159339.694837,1000000000.0,,2026-07-27,,
640,SKALE,SKL,skale-network,0.00394154114908084,0.94095835,4.5428697,-4.13442979,24406591.705333397,5799146.2151845,6192144337.0,6342291667.0,7000000000.0,2026-07-27,,
641,WOO,WOO,wootrade,0.01288394021106555,-0.08199159,2.67680884,4.50281283,24334955.497320935,2497851.38535732,1888782088.2947378,1888782088.2947378,1888782088.2947378,2026-07-27,,
642,UNIPOLY,UNP,unipoly,0.11088425787583432,-1.37367512,0.27037054,2.38343928,24309155.85411916,27559.6724386,219230000.0,1000000000.0,1000000000.0,2026-07-27,,
643,Railgun,RAIL,railgun,1.5363699888376392,0.05493149,0.42071355,-7.40561402,24231663.252783503,124500.50983721,15772023.29441249,60000000.0,100000000.0,2026-07-27,,
644,Arkham,ARKM,arkham,0.10730801346178838,-0.07317519,1.01916573,0.53720654,24155033.830248564,20398710.23837591,225100000.0,1000000000.0,1000000000.0,2026-07-27,,
645,siren,SIREN,siren-bsc,0.03332664004343886,-0.89648573,-4.29979446,1.74890035,24129065.63192683,3703176.96598072,724017350.6983105,724017350.6983105,,2026-07-27,,
646,Aleo,ALEO,aleo,0.018570107223234825,0.12189812,-2.07887665,-0.380593,23994385.984799005,1542956.28963414,1292097331.283976,2036669545.222332,5000000000.0,2026-07-27,,
647,MVL,MVL,mvl,0.0008611650759147417,-0.04647699,-1.26408932,-0.2674501,23942937.179998238,36118.09732017,27802958863.102654,30000000000.0,30000000000.0,2026-07-27,,
648,OpenServ,SERV,openserv,0.03103321658026342,0.11281596,1.78793745,-19.19936562,23895576.766802832,700292.79385149,770000000.0,1000000000.0,1000000000.0,2026-07-27,,
649,Vanta Network,VANTA,proprietary-trading-network,5.55199144072326,0.81863057,3.90527744,-4.82576398,23840723.16573814,60153.39778685,4294085.0,4294085.0,21000000.0,2026-07-27,,
650,Epic Chain,EPIC,epic-chain,0.7089042913438899,-0.23451656,2.66295399,59.14510896,23819184.1891547,31894301.36494948,33600000.0,33600000.0,33600000.0,2026-07-27,,
651,Somnia,SOMI,somnia,0.09753130049522801,0.21324714,-0.74117243,-0.39251035,23723114.336846333,5032564.34640363,243235907.0,1000000000.0,1000000000.0,2026-07-27,,
652,Cyber,CYBER,cyberconnect,0.32900824492859343,0.09529002,1.5083422,-0.32375295,23673925.460275076,6929532.71918765,71955417.0,100000000.0,100000000.0,2026-07-27,,
653,iExec RLC,RLC,rlc,0.2717058539762482,-0.12830074,-0.71313002,-2.76196969,23638350.87560083,1157162.92913517,86999784.9868455,86999784.9868455,86999784.9868455,2026-07-27,,
654,Chainbase,C,chainbase,0.06098169815504948,1.4582853,2.5369501,-3.07446239,23602820.980564103,3646055.039276,387047617.4761905,1000000000.0,1000000000.0,2026-07-27,,
655,Trusta.AI,TA,trusta-ai,0.06681059385600377,0.07129246,-1.43858217,-10.51890853,23587872.94034341,1296252.46002377,353055879.0,1000000000.0,1000000000.0,2026-07-27,,
656,QANplatform,QANX,qanplatform,0.013039862380595464,1.42784778,7.8021823,-3.18588313,23549760.354691003,124006.13445565,1805982277.0626206,2200000000.0,3333333000.0,2026-07-27,,
657,iShares Silver Trust Tokenized ETF (Ondo),SLVon,ishares-silver-trust-tokenized-etf-ondo,53.604170240013374,-0.53912146,2.13055528,3.68114346,23483019.374574367,2587003.49684599,438081.94902428,438081.94902428,,2026-07-27,,
658,Zeebu,ZBU,zeebu,0.1301345907388109,0.0,3.0209059,-68.59662134,23365609.670323323,0.0,179549568.932212,271574623.461212,,2026-07-27,,
659,B3 (Base),B3,b3,0.0005034247742250149,0.22976211,-1.6128875,-5.84730068,23374809.35632549,7863616.57624725,46431583333.0,100000000000.0,100000000000.0,2026-07-27,,
660,Roundhill Memory ETF Tokenized bStocks,DRAMB,roundhill-memory-etf-tokenized-bstocks,54.59576489597272,0.57590017,0.14882248,2.9457306,23324466.071582817,7425057.50133708,427221.16112899,427221.16112899,,2026-07-27,,
661,Alphabet Class A Tokenized Stock (Ondo),GOOGLon,alphabet-class-a-tokenized-stock-ondo,322.3616929546495,-0.01325163,0.57684645,-7.77140847,23277773.840605546,2494598.63348825,72210.11165207,72210.11165207,,2026-07-27,,
662,Kyber Network Crystal v2,KNC,kyber-network-crystal-v2,0.11082820309239119,-0.01506463,-0.97143923,0.37829218,23185934.971780065,1919171.62549133,209206089.4685017,240999725.27847165,,2026-07-27,,
663,Folks Finance,FOLKS,folks-finance,1.893890365428257,-0.31135267,1.60493678,-13.24680715,23102445.490861244,690880.72761498,12198406.999994,50000000.0,50000000.0,2026-07-27,,
664,Isiklar Coin,ISIKC,isiklar-coin,0.23098619968226355,0.05470088,0.26164884,0.07157851,23098619.968226355,423287.49126227,100000000.0,100000000.0,100000000.0,2026-07-27,,
665,iShares Silver Trust Tokenised ETF (xStock),SLVx,ishares-silver-trust-tokenised-etf-xstock,53.82960187814567,-0.50651741,1.12643599,4.1006623,23074974.447776947,17839.80686701,428667.00927887,428667.00927887,,2026-07-27,,
666,Core,CORE,core-dao,0.018273827371577393,-0.68142721,-1.07343348,-24.50260799,22754436.055368975,5470399.80109239,1245192678.7247972,2093769839.0352812,2100000000.0,2026-07-27,,
667,Osmosis,OSMO,osmosis,0.02882544608328068,-0.58840493,-4.01752138,-11.29896693,22551840.3939788,2789846.09106473,782358764.850453,975742647.332652,1000000000.0,2026-07-27,,
668,IOST,IOST,iostoken,0.0006486786251020161,0.0639683,-1.11322603,-1.40208526,22549186.93285576,3353886.74775194,34761723387.0,48617354501.0,90000000000.0,2026-07-27,,
669,Semicon Bull 3X ETF Tokenized bStocks,SOXLB,semicon-bull-3x-etf-tokenized-bstocks,145.79258692725838,1.09127434,2.4288533,4.93952437,22410883.2226038,18710199.01082084,153717.57710689,153717.57710689,,2026-07-27,,
670,Hyperlane,HYPER,hyperlane,0.0655988071869981,0.28487953,3.60507445,0.55987503,22183812.158701893,9426449.9633258,338174017.3333334,808000000.0,1000000000.0,2026-07-27,,
671,GMT,GMT,green-metaverse-token,0.007119209668999885,-0.2566258,-0.44301622,0.12814701,22150710.06833109,2689568.73575057,3111400155.102167,5073850155.102167,,2026-07-27,,
672,Snek,SNEK,snek,0.0002961826399137547,0.3671504,2.08996518,-4.36128511,22124667.24952131,1609031.89751265,74699405934.0,75243418166.0,76715880000.0,2026-07-27,,
673,Steem,STEEM,steem,0.03976576624514622,-0.17737252,0.77581798,1.76278097,22021463.602350768,2405278.72522512,553779435.975,553779435.975,,2026-07-27,,
674,Renzo,REZ,renzo,0.0025676669742799663,0.04606768,1.43215557,8.82391354,21962387.69147044,3912944.45447782,8553440890.6860695,9814629224.12962,10000000000.0,2026-07-27,,
675,Tokenlon Network Token,LON,tokenlon-network-token,0.17738653047084868,-0.45959035,2.97170796,4.18306901,21901839.5932436,2470.46670247,123469575.36802886,140451028.83876702,200000000.0,2026-07-27,,
676,COTI,COTI,coti,0.0074066925299884345,0.45438129,0.16207773,0.44877393,21877674.961308,2079767.27894801,2953771183.6597815,2953804718.9898615,4910000000.0,2026-07-27,,
677,SNC SCANDIC COIN,SNC,scandic-coin,0.1713261279513964,-0.19329744,0.56676523,11.10990194,21862910.91189554,172116.39131077,127609905.0,1000000000.0,1000000000.0,2026-07-27,,
678,SLT,SLT,slt-game,2.564134485789911,0.00152124,1.25115305,1.66006667,21795143.129214242,22933.19983073,8500000.0,100000000.0,100000000.0,2026-07-27,,
679,Ontology Gas,ONG,ontology-gas,0.0457585308923429,0.17126011,1.25067564,-3.20360817,21759443.91717637,1736933.04577689,475527590.0,800000000.0,1000000000.0,2026-07-27,,
680,Ark of Panda,AOP,ark-of-panda,0.03048807288797313,0.02151431,-1.59396149,-28.84437003,21737995.969124842,1889251.03916537,713000000.0,2000000000.0,2000000000.0,2026-07-27,,
681,wojak (wojakcto.com),WOJAK,wojaknew,7.093260643191649e-08,2.26211054,16.97289243,7.30864856,21699238.841620464,1570710.22892109,305913456915588.3,305913456915588.3,420690000000000.0,2026-07-27,,
682,IoTeX,IOTX,iotex,0.0022887985282936956,-0.06845159,-1.44791948,-1.94150249,21609390.322278097,705270.38435986,9441368497.553144,9441368502.273277,10000000000.0,2026-07-27,,
683,Micron Tokenized Stock (Reality),rMU,micron-tokenized-stock-reality,941.6740217584776,0.59643936,2.35158589,9.56427193,21593144.520758457,0.0,22930.59383802,22930.59383802,,2026-07-27,,
684,Constellation,DAG,constellation,0.007488182762015722,-0.00734672,-0.9381002,-1.45372497,21516906.16239067,575235.3915575,2873448318.0,3003804388.0,,2026-07-27,,
685,Illuvium,ILV,illuvium,2.9291839219905453,0.13109034,0.86025224,0.26282435,21510473.514571495,770527.61054161,7343503.88621344,9167094.76614912,,2026-07-27,,
686,Bounce Token,AUCTION,bounce-token,3.099315465246302,0.07034965,-0.76987541,-6.59129173,21448524.830750033,6694100.87785093,6920407.12578625,7641035.64836274,10000000.0,2026-07-27,,
687,World Mobile Token,WMTX,world-mobile-token,0.02486634374738737,0.19318068,-2.33851604,-11.28239491,21335626.08085499,723079.47206882,858012191.0,2000000000.0,2000000000.0,2026-07-27,,
688,BounceBit,BB,bouncebit,0.01760131878289126,0.13801091,-0.97558938,-1.06024949,21220933.658575147,1803865.35413852,1205644527.0,2100000000.0,2100000000.0,2026-07-27,,
689,Wibx,WBX,wibx,0.0018031623040767688,-0.00019741,4.001411,14.23278797,21189476.49680223,9672.73203772,11751286309.0,11751286309.0,12000000000.0,2026-07-27,,
690,Cartesi,CTSI,cartesi,0.02268624457162418,0.45486398,1.67748437,0.14324357,21119289.091550995,506735.14341791,930929269.7111657,1000000000.0,1000000000.0,2026-07-27,,
691,Ardor,ARDR,ardor,0.021142938751695893,0.36632391,-1.74453748,2.25698014,21110510.37309492,1200224.1031165,998466231.2566,998466231.2566,998466231.2566,2026-07-27,,
692,Yooldo,ESPORTS,yooldo,0.03145956471645029,0.13806113,-40.57086031,37.65654398,21350575.196393207,22744976.8178967,678667215.7999991,899999019.7999991,900000000.0,2026-07-27,,
693,Pundi X (New),PUNDIX,pundix-new,0.0805816688352731,0.187227,-0.23491911,0.16356487,20821218.68640579,804929.11809999,258386541.0999244,258386541.0999244,258526640.0,2026-07-27,,
694,Lista DAO,LISTA,lista-dao,0.04725872687513395,0.15016715,-1.48749154,1.7067224,20766084.71684529,3682588.47208251,439412698.7744087,795588564.255041,800000000.0,2026-07-27,,
695,Metis,METIS,metisdao,2.7533446733367706,0.76814487,2.57597405,2.2072775,20760870.944618374,1876475.24568149,7540236.842,10000000.0,10000000.0,2026-07-27,,
696,Everything,EV,everything,0.00020759731637271254,0.01356821,0.02308334,-6.07144861,20759731.637271255,208646.66639846,100000000000.0,100000000000.0,100000000000.0,2026-07-27,,
697,Ark,ARK,ark,0.10371873401320308,0.44666915,-0.21358398,1.27135793,20545889.004325137,434238.18839153,198092362.0,198092362.0,,2026-07-27,,
698,NaoX Protocol,NAORIS,naoris-protocol,0.03426638892483883,-0.60152916,-0.80775858,-13.20092883,20534476.227098916,834629.03582799,599260000.0,4000000000.0,4000000000.0,2026-07-27,,
699,Cheelee,CHEEL,cheelee,0.3609589278723906,-0.00680478,0.09252015,0.18172016,20512615.64013236,249537.30876006,56828115.48959432,1000000000.0,1000000000.0,2026-07-27,,
700,SATS (Ordinals),SATS,sats-ordinals,9.70196653644001e-09,-0.12813039,-0.13179663,1.89399378,20374129.72652402,4906782.72443736,2100000000000000.0,2100000000000000.0,2100000000000000.0,2026-07-27,,
701,"OpenAI
Pre-IPO stock (Republic)",preOPAI,openai-pre-ipo-stock-republic,700.3485112224208,-1.21869974,-1.36381188,-3.99762746,20367535.40337044,0.0,29082.0,29082.0,,2026-07-27,,
702,Xertra,STRAX,stratis-new,0.009275193409449796,0.28691073,-0.0021928,-3.54327051,20311760.265107002,261629.92988917,2189901532.8793983,2189901532.8793983,,2026-07-27,,
703,Metal DAO,MTL,metal,0.22051343206599214,-0.11735418,0.55239143,-0.37738125,20302425.817839142,274641.32234866,92068885.0,92068885.0,,2026-07-27,,
704,Sapien,SAPIEN,sapien-io,0.08121046860804124,-0.2621139,4.76458156,7.56149902,20302617.15201031,3722121.6794732,250000000.0,1000000000.0,1000000000.0,2026-07-27,,
705,Hana Network,HANA,hana-network,0.029818516039641547,0.40226086,6.66729218,-17.78379666,20116951.823156375,5223624.0880522,674646310.2460347,1000000000.0,1000000000.0,2026-07-27,,
706,Smooth Love Potion,SLP,smooth-love-potion,0.0005516356840299586,0.33935219,0.92569023,-0.30307207,20046429.763549514,2651507.0356336,36339980070.0,36339980070.0,,2026-07-27,,
707,Based,BASED,basedone,0.08501062734140967,-3.32268075,1.66541591,-7.25555312,19977497.425231274,12047953.09328403,235000000.0,1000000000.0,1000000000.0,2026-07-27,,
708,LCX,LCX,lcx,0.021024084802836768,-0.28454552,-0.11774093,-15.35444516,19956581.830168292,335286.23486913,949224759.0,949224759.0,,2026-07-27,,
709,CARV,CARV,carv,0.030959226916107828,0.19491279,-0.0475921,1.24235144,19919747.052369226,3948997.79923188,643418749.0,1000000000.0,,2026-07-27,,
710,Gigachad,GIGA,gigachad-meme,0.002135001699027414,0.72517949,4.61584681,-3.42769904,19860665.185932815,6573048.91790965,9302411888.0,9603935545.16,10000000000.0,2026-07-27,,
711,Nillion,NIL,nillion,0.04224606189753356,3.46292971,21.65785411,19.59363218,19805121.84582536,25048303.65345968,468803977.371004,1009771570.048289,,2026-07-27,,
712,Civic,CVC,civic,0.019786565879554335,-0.08785585,-0.30637825,1.06942292,19786565.879554335,656282.99853826,1000000000.0,1000000000.0,,2026-07-27,,
713,Sign,SIGN,sign,0.008199410633583273,-1.01160287,-1.19599624,-2.69886811,19569260.04001914,3809837.10994977,2386666666.0,10000000000.0,10000000000.0,2026-07-27,,
714,Bonfida,FIDA,bonfida-sns,0.019690281957888453,0.21332379,0.208936,-6.46842717,19511313.316977404,4730473.22924024,990910813.705268,990910813.705268,,2026-07-27,,
715,dKargo,DKA,dkargo,0.0038973376032104927,-0.00964069,2.71266771,2.15431205,19486688.016052462,881650.06137924,5000000000.0,5000000000.0,5000000000.0,2026-07-27,,
716,iShares 20+ Year Treasury Bond Tokenized ETF (Ondo),TLTon,ishares-20-year-treasury-bond-tokenized-etf-ondo,86.54124082712798,-0.21944399,0.39244119,-0.90636155,19480192.7059683,1284280.23473637,225097.21977388,225097.21977388,,2026-07-27,,
717,Freysa,FAI,freysa-ai,0.00236243732049256,0.16561264,2.38785516,-5.33662205,19347652.92363792,179877.03864219,8189700000.0,8189700000.0,8189700000.0,2026-07-27,,
718,Starpower,STAR,starpower,0.10374392571675868,-0.53940882,-17.70472624,-48.6577481,19311842.23232588,3449435.35596863,186149136.91478196,553149136.9147819,1000000000.0,2026-07-27,,
719,Public Masterpiece Token,PMT,public-masterpiece-token,0.10372911853915272,-0.00474366,0.1072151,-0.06188416,19284027.691400915,301486.57709412,185907563.49792108,361071410.0,2000000000.0,2026-07-27,,
720,Power Protocol,POWER,powerprotocol,0.09179588015409093,0.29560367,1.32317885,17.56136272,19277134.832359094,1779084.55069276,210000000.0,1000000000.0,1000000000.0,2026-07-27,,
721,龙虾 (Lobster),龙虾,lobster-2,0.019257615553410073,-1.28697889,11.07603865,20.61460177,19257615.553410072,3505368.30344682,1000000000.0,1000000000.0,1000000000.0,2026-07-27,,
722,DOGS,DOGS,dogs,3.724085806292067e-05,-0.23772649,-0.70050548,1.45112853,19244213.404014256,5702298.86072502,516750000000.0,545217355861.166,550000000000.0,2026-07-27,,
723,TokenPocket,TPT,tokenpocket,0.005542583587405088,-0.07367352,0.45823082,-0.37939566,19213129.891678914,318.29922676,3466457400.0,3466457400.0,5900000000.0,2026-07-27,,
724,IQ,IQ,iq,0.0007193614351118082,0.60299593,-0.665367,-1.33133388,19208311.924758583,501757.65751891,26701892799.928997,26701892799.928997,60000000000.0,2026-07-27,,
725,Brevis,BREV,brevis,0.07640423651958242,-0.82983118,3.02079631,3.84699743,19101059.129895605,13730458.21806415,250000000.0,1000000000.0,1000000000.0,2026-07-27,,
726,Phala Network,PHA,phala-network,0.022724225762161463,0.19861358,1.01648287,-1.73978473,19099626.775691293,5969981.5271916,840496260.4928192,1000000000.0,,2026-07-27,,
727,DIA,DIA,dia,0.15949630684020807,13.23336939,39.12144984,57.26819279,19087896.60502465,43773357.17262037,119676104.0,168817248.0,200000000.0,2026-07-27,,
728,Audius,AUDIO,audius,0.013213068220315205,-0.1813391,0.1316233,-1.01766579,19051814.970761385,1761715.55466014,1441891819.0,1441891819.0,,2026-07-27,,
729,Harmony,ONE,harmony,0.0012649189702211624,-0.76942724,-0.62464329,12.96952661,18968320.68745875,1288202.92434093,14995680461.762915,14995680461.762915,,2026-07-27,,
730,Tria,TRIA,tria,0.008785356859704817,1.21031265,2.48515153,3.45176616,18955900.93547929,3328361.97604775,2157670000.0,10000000000.0,10000000000.0,2026-07-27,,
731,ArcBlock,ABT,arcblock,0.19236217692196994,-0.53248645,-0.33539612,1.64071562,18958120.739527557,15409.12917031,98554305.44029327,186000000.0,186000000.0,2026-07-27,,
732,τemplar,SN3,templar,4.48379128599606,0.82921102,3.92216328,1.33169733,18914752.477609657,100241.14841836,4218473.0,4218473.0,21000000.0,2026-07-27,,
733,Liquity,LQTY,liquity,0.19636641179687167,-0.41063777,8.43677391,24.94702734,18902079.757118512,5819998.03668614,96259230.81321815,100000000.0,100000000.0,2026-07-27,,
734,Clearpool,CPOOL,clearpool,0.019358778281317372,-0.1643709,0.18095637,-0.67495959,18886171.280344803,550101.8855196,975586940.7612014,993627634.645902,1000000000.0,2026-07-27,,
735,API3,API3,api3,0.21825553801035508,-0.51875689,-1.20531717,2.03084819,18862075.30430907,3957397.10613194,86421978.0,176805280.48922905,,2026-07-27,,
736,Nosana,NOS,nosana,0.2627732172645593,-0.05459016,1.74916772,1.22910785,18845564.39294932,216232.52149598,71717980.200302,99999721.131155,,2026-07-27,,
737,Stargate Finance,STG,stargate-finance,0.13379255441587473,-0.60485065,-0.54928065,-3.78863481,18852539.600346405,12686921.24631477,140908735.03876773,1000000000.0,1000000000.0,2026-07-27,,
738,Chia,XCH,chia-network,1.3057939653266375,-0.27546671,3.82149262,4.39565309,18818744.840741,1373770.07598049,14411726.0,33191992.0,,2026-07-27,,
739,Comtech Gold,CGO,comtech-gold,131.32220354744763,-0.08034125,1.84402016,1.51059063,18516430.700190116,799904.65530381,141000.0,141000.0,141000.0,2026-07-27,,
740,Intel Tokenized bStocks,INTCB,intel-tokenized-bstocks,93.97839650444378,0.14401369,0.28713854,-1.91927708,18515272.99834663,5074844.72672041,197016.26849391,197016.26849391,,2026-07-27,,
741,aixbt,AIXBT,aixbt,0.018529437488493915,0.09855598,0.24285585,0.62196073,18509330.591521595,4409425.91060468,998914867.3841392,998914867.3841392,1000000000.0,2026-07-27,,
742,StrikeX,STRX,strikecoin,0.021126560084401353,0.0,1.14699958,3.30681478,18436747.44925023,0.0,872680993.7630533,880456959.285762,1000000000.0,2026-07-27,,
743,MiL.k,MLK,milk-alliance,0.03267673601707888,0.43870359,-1.38632455,-3.45158048,18429194.15705284,825125.34831966,563985158.9651,986245419.0,986245419.0,2026-07-27,,
744,WAX,WAXP,wax,0.003983806424131465,0.05958181,1.24968774,0.50686272,18351391.21556606,511599.45260757,4606496717.411907,4608433461.251633,,2026-07-27,,
745,MAX Exchange Token,MAX,max-exchange-token,0.26812545938723836,0.06404754,-0.40275583,0.92021529,18348135.2718407,53258.66180541,68431156.49581613,285000000.0,500000000.0,2026-07-27,,
746,MicroStrategy Tokenized Stock (Ondo),MSTRon,microstrategy-tokenized-stock-ondo,93.82029202346543,0.26066522,1.02305756,-2.02237345,18327818.595580168,1179484.95053923,195350.26165764,195350.26165764,,2026-07-27,,
747,Blast,BLAST,blast,0.00027512321488591766,1.37084223,2.03287333,-2.58083472,18194431.094020624,2362084.38021845,66131936927.115036,100000000000.0,100000000000.0,2026-07-27,,
748,BitMart Token,BMX,bitmart-token,0.06337152748031934,34.8884791,-46.91375468,-79.50569619,20550221.337419372,5803169.36117401,324281615.96391135,626297236.4413097,881679315.0,2026-07-27,,
749,Orochi Network,ON,orochi-network,0.12582607575165844,-0.29623988,-4.84678402,13.74370463,18153557.07907052,23511448.75507104,144275000.0,700000000.0,1000000000.0,2026-07-27,,
750,RateX,RTX,ratex,1.0369740709487143,0.03381351,-0.56413943,0.99842888,18144546.37337198,6994091.29236791,17497589.26640448,99999989.26640448,100000000.0,2026-07-27,,
751,Lisk,LSK,lisk,0.08036239465255679,0.19677537,-0.19658875,-4.92469608,18047453.9669083,2204288.61366022,224575860.94759443,400000000.0,400000000.0,2026-07-27,,
752,Symbol,XYM,symbol,0.0027633335792736314,0.23484372,1.0180176,-3.21718597,18045977.862575214,66620.14430489,6530510104.870789,8547896035.49566,8999999999.0,2026-07-27,,
753,NotInEmploymentEducationTraining,NEET,notinemploymenteducationtraining,0.017999855934349773,0.6965104,6.45739341,-3.31860225,17995644.400057677,1074688.65483959,999766024.0,999766024.0,1000000000.0,2026-07-27,,
754,Apertum,APTM,apertum,0.15347718306880448,0.50766417,9.79774623,1.04232645,17967869.820500255,384281.23921987,117071928.61655,117368275.56968,2100000000.0,2026-07-27,,
755,SK Hynix Tokenized bStocks,SKHYB,sk-hynix-tokenized-bstocks,159.4932321119446,0.98580463,-0.83204415,1.82989728,17899417.044008292,14303644.52947329,112226.81242954,112226.81242954,,2026-07-27,,
756,Pocket Network,POKT,pocket-network,0.00756951578290272,0.09735518,0.71148589,-1.49217655,17706222.372717414,269196.05186635,2339148616.70683,2376268085.232834,,2026-07-27,,
757,abrdn Physical Platinum Tokenised ETF (xStock),PPLTx,abrdn-physical-platinum-tokenised-etf-xstock,14.41,0.0,0.0,-0.34578147,17661923.84334017,90.73053319,1225671.32847607,1225671.32847607,,2026-07-27,,
758,Aevo,AEVO,aevo,0.019241577376932825,0.44295399,0.56426941,4.09324254,17648007.99659885,2145239.67232211,917180938.4897739,1000000000.0,1000000000.0,2026-07-27,,
759,Young,YNG,young,0.6533317363964753,0.0,0.26729392,0.2706636,17639956.88270483,27099.55100067,27000000.0,100000000.0,100000000.0,2026-07-27,,
760,STBL,STBL,stbl,0.02504287620365678,0.18694837,3.658853,19.0909527,17530013.342559747,2416615.44189199,700000000.0,10000000000.0,10000000000.0,2026-07-27,,
761,Cetus Protocol,CETUS,cetus-protocol,0.018306938079499877,0.37691792,0.12708286,-4.46941371,17510984.247568544,1599987.16199661,956521739.0,1000000000.0,1000000000.0,2026-07-27,,
762,Ergo,ERG,ergo,0.20985409734548308,-0.08905198,-1.20572515,-5.53863285,17483397.50514017,101420.3235492,83312157.0,83312157.0,97739924.0,2026-07-27,,
763,WalletConnect Token,WCT,walletconnect-token,0.04002263609613742,-0.17998737,-0.07978248,-3.30144784,17382147.75578509,10326801.65355954,434307918.0,1000000000.0,1000000000.0,2026-07-27,,
764,ChainGPT,CGPT,chaingpt,0.01857740354940033,0.37570893,0.02886606,-3.82515458,17332693.42518382,8393063.92215908,932998703.4567763,997766421.9854141,1000000000.0,2026-07-27,,
765,Moonbirds,BIRB,moonbirds,0.06072015722924168,-0.39802762,4.96274654,12.9712755,17305244.810333878,6417982.67794838,285000000.0,1000000000.0,1000000000.0,2026-07-27,,
766,Oho,OHO,oho,0.0007164274601430241,0.27998824,1.0704204,0.32725332,17283021.813709747,116599.68557753,24123896382.0,45000000000.0,45000000000.0,2026-07-27,,
767,Bless,BLESS,bless,0.00886948916961833,1.74951671,4.75574272,-4.35392454,17221295.93735345,3074880.3288599,1941633346.4100182,9999966679.410019,10000000000.0,2026-07-27,,
768,Flux,FLUX,zel,0.041369589478625825,0.26530573,2.00605861,-0.60500477,17180714.16286069,2252761.49892555,415298154.4991484,415298154.4991484,560000000.0,2026-07-27,,
769,Yield Guild Games,YGG,yield-guild-games,0.018298670184500633,-0.03171563,2.91530782,-1.80296361,17117594.750178274,14618011.08868496,935455668.5041105,999716389.322777,1000000000.0,2026-07-27,,
770,Tensor,TNSR,tensor,0.03248971073891697,-0.39481139,1.11632346,2.13713569,17118149.55726515,10552287.95349824,526879100.119553,783790894.8571314,,2026-07-27,,
771,Acurast,ACU,acurast,0.07871784131361553,0.48727503,5.12131387,4.80380418,17081771.56505457,2218218.59729899,217000000.0,1000000000.0,,2026-07-27,,
772,Cobak Token,CBK,cobak-token,0.17066340799372695,-0.50364855,-1.18008543,-7.15204036,17066340.799372695,2715039.43642328,100000000.0,100000000.0,100000000.0,2026-07-27,,
773,DODO,DODO,dodo,0.017081630675082695,3.79864386,-6.63768274,-13.48706104,17081630.675082695,6198671.39796758,1000000000.0,1000000000.0,1000000000.0,2026-07-27,,
774,TAC Protocol,TAC,tac-protocol,0.0034908207750643603,-0.14371818,1.19442314,2.03658646,16871029.927426383,2720229.23674811,4832969383.0,10289187955.0,,2026-07-27,,
775,Autonomi,ANT,autonomi,0.049377986864650676,0.02135106,-0.3695434,-11.90498081,16853259.999736145,344790.58134548,341311201.0,1200000000.0,1200000000.0,2026-07-27,,
776,Big Time,BIGTIME,big-time,0.006544840558601685,0.7362632,0.30103349,0.20066435,16843596.370638277,9494601.43584614,2573568633.1581063,5000000000.0,5000000000.0,2026-07-27,,
777,pippin,PIPPIN,pippin,0.01683148144492632,0.07579326,-0.46360888,0.75926162,16831418.377365347,3634705.19985846,999996253.0,999996253.0,,2026-07-27,,
778,OpenEden,EDEN,openeden,0.042927367914269064,0.8419808,2.11827139,-0.09423123,16793667.301123794,1616283.86292344,391211204.3455051,1000000000.0,1000000000.0,2026-07-27,,
779,iShares Core MSCI EAFE Tokenized ETF (Ondo),IEFAon,ishares-core-msci-eafe-tokenized-etf-ondo,98.25949859327257,0.27363327,2.06397261,-0.46731694,16722761.80497826,1405881.07780306,170189.7734508,170189.7734508,,2026-07-27,,
780,Definitive,EDGE,definitive,0.06503104934659175,0.36877368,1.52691218,-1.13915442,16703529.045563042,1310551.31668315,256854675.01130623,1000000000.0,1000000000.0,2026-07-27,,
781,Marvell Technology Tokenized Stock (Ondo),MRVLon,marvell-technology-tokenized-stock-ondo,200.19325981146284,0.84399085,1.23873563,3.81822729,16652977.348363155,1657092.86205526,83184.50563244,83184.50563244,,2026-07-27,,
782,Shentu,CTK,shentu,0.10267403453269873,0.13029756,-1.08544505,2.06945066,16627513.256010707,671558.41299489,161944676.0,161944676.0,,2026-07-27,,
783,Pythia,PYTHIA,pythia,0.0165852499826726,-0.074294,-3.35284847,-20.3287396,16554700.656913463,255341.52752663,998158042.490101,998158042.490101,1000000000.0,2026-07-27,,
784,Fulcrom Finance,FUL,fulcrom-finance,0.000991,0.0,1.32924335,-0.19681744,16556039.416379118,215.03709,16706396989.282663,20000000000.0,,2026-07-27,,
785,MobileCoin,MOB,mobilecoin,0.08315179473639604,-0.03651113,-0.09706083,2.6910659,16497293.37526101,5959.29388863,198399727.0,250000000.0,,2026-07-27,,
786,GameBuild,GAME,gamebuild,0.0008530899040258529,-0.10398231,0.25567695,-2.46073802,16380830.89357303,189833.11792483,19201763866.0,21419639000.0,21419639400.0,2026-07-27,,
787,Usual,USUAL,usual,0.008725107994974463,1.10817119,0.87487872,0.85695321,16351332.208437521,29577304.86641956,1874054993.686686,1874054993.686686,3000000000.0,2026-07-27,,
788,Global Commercial Business,GCB,global-commercial-business,0.013565530273921758,0.00135162,1.25017292,1.2980572,16303661.291488787,26.20558503,1201844746.3738875,1201844746.3738875,2500000000.0,2026-07-27,,
789,RollX,ROLL,rollx,0.10487255555525443,-0.01906672,0.22445926,84.24689257,16255246.111064436,309952.98135171,155000000.0,1000000000.0,1000000000.0,2026-07-27,,
790,Spell Token,SPELL,spell-token,8.305167362529065e-05,0.20474089,0.44403989,-2.25655785,16215199.654805437,1933834.29400641,195242298523.26096,196008739620.0,,2026-07-27,,
791,Adshares,ADS,adshares,0.4180570456247188,-0.08003921,1.82341339,2.25813168,16199585.545469156,396483.80842275,38749701.063551,38758206.0,38758206.0,2026-07-27,,
792,Enso,ENSO,enso,0.7848230155512206,0.23451392,-4.58366505,11.84193888,16159505.890199631,11267181.82317761,20590000.0,100000000.0,127339703.0,2026-07-27,,
793,Codatta,XNY,codatta,0.006427433970456408,0.72168599,-4.40248917,5.04011041,16068584.92614102,3326107.87771967,2500000000.0,10000000000.0,10000000000.0,2026-07-27,,
794,Sonic SVM,SONIC,sonic-svm,0.022078730114379153,0.42416349,-0.33174374,-2.51188833,16044784.073645668,651634.51352327,726707740.4599564,2399996729.258775,,2026-07-27,,
795,MediBloc,MED,medibloc,0.0013889979989526098,-0.02596087,-0.97443505,-1.05621121,16027061.347171191,63085.33236734,11538577708.0,12328795620.0,,2026-07-27,,
796,Bitgo Tokenised Stock (xStock),BTGOx,bitgo-tokenised-stock-xstock,5.07,0.0,0.0,-0.78277886,15910786.04656611,20.73951438,3138222.09991442,3138222.09991442,,2026-07-27,,
797,Moonriver,MOVR,moonriver,1.270455210027024,0.29607191,1.01053246,-2.33919621,15852754.085724516,2050206.68332038,12478011.0,12592434.0,,2026-07-27,,
798,Araracoin,ARARA,araracoin,0.00043639607275611035,0.01142463,-0.1128854,-0.0149886,15819357.637409,14508.76954782,36250000000.0,100000000000.0,100000000000.0,2026-07-27,,
799,Pixels,PIXEL,pixels,0.00455978162476442,-0.19267557,-0.61583309,2.43310341,15811490.339660464,4528769.4116333,3467598152.9,5000000000.0,5000000000.0,2026-07-27,,
800,EVAA Protocol,EVAA,evaa-protocol,0.8850448387297355,-2.1918534,-2.23727913,11.78645043,15801889.607331704,5679717.08734344,17854337.9,50000000.0,50000000.0,2026-07-27,,
801,Abey,ABEY,abeychain,0.01507276288131925,0.10217046,-0.46819907,0.41388027,15793923.115453817,25326.09756406,1047845258.351961,1345136524.350982,1345136525.4178145,2026-07-27,,
802,Velodrome Finance,VELO,velodrome-finance,0.017257326397674043,-0.12599589,0.0913151,-8.305069,15793948.452297868,1669271.61764791,915202511.0,2551751373.0574517,,2026-07-27,,
803,Intel Tokenized Stock (Ondo),INTCon,intel-tokenized-stock-ondo,94.04182097216491,0.15848997,0.53805474,-1.71887184,15748104.00304096,1315235.44997173,167458.51835113,167458.51835113,,2026-07-27,,
804,Tokamak Network,TOKAMAK,tokamak-network,0.3582033793563263,0.0442141,-0.12712905,2.39185005,15704156.978694929,181331.34790536,43841454.0,105692113.47697863,,2026-07-27,,
805,Chintai,CHEX,chex-token,0.0125521163689351,1.95401856,12.09371269,11.79176163,15676612.009549893,169816.53238821,1248921819.140199,1248921819.140199,,2026-07-27,,
806,Atletico De Madrid Fan Token,ATM,atletico-de-madrid-fan-token,1.776358556710685,-0.39156417,-4.15236993,-35.56960525,15674957.38699488,10668888.96347625,8824208.0,10000000.0,10000000.0,2026-07-27,,
807,Loopring,LRC,loopring,0.011418181209228554,0.26667806,-0.61669584,-8.23697652,15624719.076856341,4092778.85180337,1368406998.500595,1373873397.4424574,,2026-07-27,,
808,Yei Finance,CLO,clovis,0.12079980239913249,-0.68191236,-3.56514607,-17.20431035,15595254.489728004,3099402.13546852,129100000.0,999986862.9799656,1000000000.0,2026-07-27,,
809,MEET48,IDOL,meet48,0.014883463819915383,-0.27178415,-0.39255991,-12.15392875,15574056.541159457,3477832.93921519,1046400000.0,4800000000.0,4800000000.0,2026-07-27,,
810,Mango Network,MGO,mango-network,0.009659089963406293,0.06592517,-0.21190153,-2.9258024,15483164.41421613,773145.05121533,1602963061.0,10000000000.0,10000000000.0,2026-07-27,,
811,SanDisk Tokenized Stock (Reality),rSNDK,sandisk-tokenized-stock-reality,1471.7309441965024,0.8133161,2.16280386,8.28281191,15474399.276347779,0.0,10514.42136035,10514.42136035,,2026-07-27,,
812,Humidifi,WET,humidifi,0.06728144731754429,-0.37948409,2.03418121,-3.39791632,15474732.883035187,5671635.04541232,230000000.0,999999727.13254,1000000000.0,2026-07-27,,
813,Goldgr,GOLDGR,goldgr,131.41893898556987,0.0,0.84336215,2.08035343,15463206.239089984,0.0,117663.45367305,10000000000.0,100000000.0,2026-07-27,,
814,Bifrost,BFC,bifrost,0.011130580861307918,0.01597647,-1.32599291,-2.77351902,15434092.662009895,739882.26444538,1386638564.0,2584913482.0,,2026-07-27,,
815,Zentry,ZENT,zentry,0.0019214561607598575,-0.28310949,0.92865311,1.15190772,15390118.42186765,1176980.97625296,8009612051.612713,9706992814.355925,10000000000.0,2026-07-27,,
816,Tesla Tokenized Stock (Ondo),TSLAon,tesla-tokenized-stock-ondo,315.2151656187717,0.11919937,0.82879246,-17.34301042,15376306.77322323,2657394.12744621,48780.35212246,48780.35212246,,2026-07-27,,
817,哈基米,哈基米,hajimi,0.015304113706144375,0.61685591,4.26217797,9.51271569,15304113.706144376,2144943.50771982,1000000000.0,1000000000.0,1000000000.0,2026-07-27,,
818,DeBox,BOX,debox,0.029888710663584533,-0.03218732,0.97686427,-6.73567711,15189812.883093292,5338.23660167,508212383.4,1000000000.0,1000000000.0,2026-07-27,,
819,Taiko,TAIKO,taiko,0.0745134655967721,-0.10457208,-3.31490749,-3.2815314,15036742.996305775,4848364.24990406,201799002.04449973,1000000000.0,1000000000.0,2026-07-27,,
820,Banana Gun,BANANA,banana-gun,3.747051622251621,0.52321086,2.65895893,12.88479363,15024675.541445112,4014680.8905689,4009732.73285643,8402893.46593683,10000000.0,2026-07-27,,
821,Faith Tribe,FTRB,faith-tribe,0.004539435037191959,-0.50827792,-1.50873358,0.50384126,14988882.897236416,57492.30414709,3301926952.237731,5000000000.0,5000000000.0,2026-07-27,,
822,ROGin AI,ROG,rogin-ai,0.22358998459600177,-0.70808137,-4.35711239,-20.88784407,14978264.808548005,26672.13907809,66989873.61,200000000.0,,2026-07-27,,
823,Bluwhale,BLUAI,bluwhale,0.01215458749459332,0.73690213,-0.94301438,3.83256635,14925833.443360597,53105887.23253509,1228000000.0,10000000000.0,10000000000.0,2026-07-27,,
824,Animecoin,ANIME,anime,0.002679392682641263,0.03799243,0.46178245,1.39979525,14840096.78732923,3252787.8724812,5538604656.0,10000000000.0,,2026-07-27,,
825,Hermez Network,HEZ,hermez-network,3.149017216112804,0.0,0.96655613,1.03412894,14800380.915730178,0.0,4700000.0,100000000.0,100000000.0,2026-07-27,,
826,Particle Network,PARTI,particle-network,0.027124763814685583,0.3561939,-0.92414186,-7.96787417,14618834.767168414,10912356.15175414,538947909.9999996,1000000000.0,1000000000.0,2026-07-27,,
827,Tether Gold Tokens,XAUT0,tether-gold-tokens,4082.6260798268845,-0.2007723,0.79529698,1.80509855,14548571.329121983,19352.15450988,3563.532649,3563.532649,,2026-07-27,,
828,Infinex,INX,infinex,0.0072765808216395935,1.70566342,0.8828528,7.26949191,14511685.13259584,3316361.23070703,1994300000.0,10000000000.0,10000000000.0,2026-07-27,,
829,NYM,NYM,nym,0.017272403699291172,0.35153585,-0.17647688,0.95109199,14463485.553881383,1069706.67968091,837375376.681066,1000000000.0,1000000000.0,2026-07-27,,
830,Treasure,MAGIC,magic-token,0.042884599365467464,0.04511801,0.38323451,2.50444419,14440609.384755092,1349873.72398443,336731824.44099724,347687042.97175324,,2026-07-27,,
831,SynFutures,F,synfutures,0.0032090780112631625,0.2251455,0.83676947,1.65076318,14390780.348808676,2578557.96202997,4484397169.0,10000000000.0,10000000000.0,2026-07-27,,
832,Xai,XAI,xai-games,0.006893394506299241,0.08023576,0.42574295,-1.2519338,14382658.231972346,3315783.77674449,2086440609.0249665,2211764177.9855886,2500000000.0,2026-07-27,,
833,Braintrust,BTRST,braintrust,0.058969260016925616,-0.23033065,1.24625039,1.07793287,14232100.11126628,49911.77640316,241347782.0,250000000.0,250000000.0,2026-07-27,,
834,Orchid,OXT,orchid,0.01437552944837098,-0.01773483,-3.06320497,25.12988976,14335488.343566075,5028452.70072695,997214634.4279902,1000000000.0,,2026-07-27,,
835,Gradients,SN56,gradients,3.42420004719144,0.51437078,3.59701454,-0.35680076,14297880.840849698,53351.35133369,4175539.0,4175539.0,21000000.0,2026-07-27,,
836,iShares Core US Aggregate Bond Tokenized ETF (Ondo),AGGon,ishares-core-us-aggregate-bond-tokenized-etf-ondo,100.86138856354422,-0.0385058,0.30760625,-0.26839194,14288326.569774961,951640.37872667,141662.99684416,141662.99684416,,2026-07-27,,
837,RIZE,RIZE,rize,0.007167135543147904,0.14984219,-0.17805124,-20.9743354,14122956.108491287,124512.60152316,1970516118.1154795,4944202223.978494,5000000000.0,2026-07-27,,
838,QuarkChain,QKC,quarkchain,0.0019456006428261495,-0.05363456,-1.81345042,1.49762242,14117032.579734167,458859.43378836,7255873723.0,10000000000.0,,2026-07-27,,
839,Lagrange,LA,lagrange,0.07299916999461993,-0.70415242,10.52842608,46.03663878,14088839.808961647,63740016.43090986,193000000.0,1000000000.0,,2026-07-27,,
840,Rujira,RUJI,rujira,0.1758796913161821,-0.00044329,0.9264266,-7.92870793,14061581.320728758,7446.28919706,79950000.0,100000000.0,100000000.0,2026-07-27,,
841,Corn,CORN,use-corn,0.026756162783606163,0.01532115,-1.6182851,15.52821921,14046985.461393235,2879987.54178556,525000000.0,2100000000.0,2100000000.0,2026-07-27,,
842,Superform,UP,superform,0.07230433579318443,4.98275646,22.16305363,25.38596402,13873518.432253148,9924413.4495799,191876715.0,1000000000.0,1000000000.0,2026-07-27,,
843,Mey Network,MEY,mey-network,0.04905666270519692,-0.09685043,0.18063376,4.78447188,13947264.601559076,585040.57947941,284309283.03,2300000000.0,2300000000.0,2026-07-27,,
844,Namecoin,NMC,namecoin,0.9457560644281592,-0.38948926,-0.91297979,0.33795801,13937039.667839125,6895.08581681,14736400.0,14736400.0,,2026-07-27,,
845,AO,AO,ao,1.9352981728433942,0.40638604,1.1160623,-8.06543705,13885112.669922825,103352.4068882,7174663.24557235,7174663.24557235,21000000.0,2026-07-27,,
846,INFINIT,IN,infinit,0.039996151987709054,0.23189517,0.8913025,-2.49537149,13801419.491466595,2319053.62155261,345068683.0,1000000000.0,1000000000.0,2026-07-27,,
847,Adventure Gold,AGLD,adventure-gold,0.14859676318552356,-0.33021446,-2.52926517,-2.86387571,13794237.675108915,4874145.29581272,92830001.0,92830001.0,96000000.0,2026-07-27,,
848,Radix,XRD,radix-protocol,0.0010169338682601734,-1.85246016,2.49677678,20.88607591,13723487.900591003,170152.79593699,13494965925.43417,13494965938.974384,24000000000.0,2026-07-27,,
849,MovieBloc,MBL,moviebloc,0.000698145076445031,-0.14655212,-0.49305016,0.82533399,13633298.311827973,1140503.18574902,19527887214.0,30000000000.0,30000000000.0,2026-07-27,,
850,Defigram,DFG,defigram,1.3612506792352699,0.23107952,0.71734635,-0.03843617,13612506.792352699,0.0,10000000.0,1000000000.0,1000000000.0,2026-07-27,,
851,FLock.io,FLOCK,flock-io,0.031434646810392236,0.42439895,2.63819461,0.46917468,13600610.907826135,2322407.80324792,432663073.6417181,433138594.4117181,1000000000.0,2026-07-27,,
852,Secret,SCRT,secret,0.03867238387421526,0.49770575,-0.78208766,-8.12537737,13595081.727873744,5836226.73745461,351544962.216261,361866924.121811,,2026-07-27,,
853,zkPass,ZKP,zkpass,0.04707580355368045,0.12902885,1.11795583,2.79079666,13573523.34228593,7774118.2977536,288333333.0,1000000000.0,1000000000.0,2026-07-27,,
854,Metadium,META,metadium,0.007796846646050876,-0.01397926,-0.64677637,-1.18834382,13563462.413972858,44620.65168267,1739608720.0,2000000000.0,2000000000.0,2026-07-27,,
855,Biconomy,BICO,biconomy,0.013535192413938848,-0.02237618,-0.04319466,-0.0340363,13538478.909399543,2375559.71183157,1000242811.1370851,1000000000.0,1000000000.0,2026-07-27,,
856,Newton Protocol,NEWT,newton-protocol,0.043976547241762934,-0.08709756,-2.14763887,-1.02825804,13483153.98648046,5653366.05640533,306598740.2866407,1000000000.0,1000000000.0,2026-07-27,,
857,Strategy Stretch Preferred Tokenized Stock (Ondo),STRCon,strategy-stretch-perferred-tokenized-stock-ondo,90.51209442913704,0.06489637,1.73790684,3.14887517,13377602.433282707,757398.49636765,147799.05953625,147799.05953625,,2026-07-27,,
858,Tutorial,TUT,tutorial,0.015920943894018085,-0.31897777,3.99404904,19.82149036,13277650.620077899,5481128.10271693,833973833.9927609,833973833.9927609,1000000000.0,2026-07-27,,
859,Fluent,BLEND,fluent,0.06623217826965118,1.17484455,1.34970842,10.50301247,13246435.653930236,12843658.5713994,200000000.0,1000000000.0,1000000000.0,2026-07-27,,
860,tokenbot,CLANKER,tokenbot-2,13.269407773563698,0.08164082,2.4120234,-2.73334163,13087315.095592437,2161918.39479008,986277.25659814,1000000.0,1000000.0,2026-07-27,,
861,Recall,RECALL,recall-network,0.03976028503772441,0.04607229,-0.53162761,2.02269424,13098412.251289362,3603066.01467495,329434566.14714,1000000000.0,1000000000.0,2026-07-27,,
862,Aurora,AURORA,aurora-near,0.018096019381660076,3.44029344,4.69144728,-2.05590156,13093750.080754066,1839587.2799114,723570737.0,999739990.0,1000000000.0,2026-07-27,,
863,PDD Holdings Tokenized Stock (Ondo),PDDon,pdd-holdings-tokenized-stock-ondo,83.01255952929546,-0.59498629,0.02439114,-1.39153879,13063132.827618113,910129.66760063,157363.33034049,157363.33034049,,2026-07-27,,
864,Goatseus Maximus,GOAT,goatseus-maximus,0.013060673095876111,0.27204774,-0.32451819,-1.13061578,13060400.219403692,3609477.362803,999979107.01306,999979107.01306,1000000000.0,2026-07-27,,
865,Mira,MIRA,mira-network,0.0418362640968604,-0.42505624,-1.61595459,5.02732293,12969579.850980032,9300956.03670622,310008078.66,1000000000.0,1000000000.0,2026-07-27,,
866,Electroneum,ETN,electroneum,0.0007181816507990956,-0.24898307,-2.08919315,-13.84991037,12912775.088309541,263735.99059427,17979817604.56,17979817604.56,21000000000.0,2026-07-27,,
867,Celer Network,CELR,celer-network,0.0016476963777719582,0.23662992,-0.87839188,-0.98436579,12864264.420818865,1170498.18623537,7807424106.9912,10000000000.0,10000000000.0,2026-07-27,,
868,Invesco QQQ Trust Tokenized bStocks,QQQB,invesco-qqq-trust-tokenized-bstocks,692.1527544944696,0.08393153,0.42612478,-0.88337149,12858905.111363087,963051085.3162168,18578.13181825,18578.13181825,,2026-07-27,,
869,GYEN,GYEN,gyen,0.0060968460565765424,0.02262759,6.39141475,17.13413576,12795943.64529448,13.15862015,2098780833.0,2098780833.0,,2026-07-27,,
870,Coin98,C98,coin98,0.012790590639147831,0.33950701,0.47881703,1.46225493,12790576.045083912,8149678.29360695,999998859.0,1000000000.0,,2026-07-27,,
871,JOE,JOE,joe,0.027938796629179592,-0.28850637,-4.67836021,3.73983887,12773105.33751434,4723196.02050696,457181657.0,464573155.0,500000000.0,2026-07-27,,
872,Boundless,ZKC,boundless,0.04122988861716926,0.02107132,-0.68921793,0.63620852,12776287.333340945,5665763.22304098,309879259.0,1060890213.0,,2026-07-27,,
873,Chromia,CHR,chromia,0.013090603091185286,0.16888504,-1.29301037,-12.80819569,12761137.684835939,799504.68857459,974831915.3782,974831915.3782,978064789.0,2026-07-27,,
874,Wirex Token,WXT,wirex-token,0.001271725760159044,0.08118063,4.2577398,1.17212315,12717257.60159044,282932.35884778,10000000000.0,10000000000.0,10000000000.0,2026-07-27,,
875,Orderly,ORDER,orderly-network,0.03215965822363181,0.82494775,-3.78963319,2.53389787,12628690.693971181,5312731.16937775,392687341.58036757,994601729.7824053,1000000000.0,2026-07-27,,
876,ARPA,ARPA,arpa-chain,0.008295093434422697,-0.05855442,-0.76854112,0.36515716,12605112.81532285,3310726.60656748,1519586598.3877385,1999999999.9877386,,2026-07-27,,
877,Radworks,RAD,radworks,0.2132109074013353,-0.04654772,0.07732221,0.56489105,12595643.065937229,2244424.29383513,59075978.89552598,99998580.0,99999620.0,2026-07-27,,
878,HeyElsa,ELSA,heyelsa,0.049170714782894885,-0.34631555,2.49263597,2.39833143,12570328.709035413,6981735.85799323,255646654.0,1000000000.0,1000000000.0,2026-07-27,,
879,DeAgentAI,AIA,deagentai,0.06619509950927467,0.33045355,-2.19750471,19.44993684,12507663.344926713,3239167.93903398,188951500.0,1000000000.0,1000000000.0,2026-07-27,,
880,Gains Network,GNS,gains-network,0.5334073220946086,0.11102863,-0.73683237,-11.50562059,12496671.598919202,513796.85270021,23428009.1053994,23428009.1053994,,2026-07-27,,
881,SaucerSwap,SAUCE,saucerswap,0.013587793149365581,0.64929081,-0.260448,5.76881989,12423099.341977261,5678.14775845,914283813.818383,914483775.555235,1000000000.0,2026-07-27,,
882,USD CoinVertible,USDCV,usd-coinvertible,0.9994982905605967,-0.07747904,-0.01538305,-0.02888804,12416218.539072774,846487.16472495,12422451.0,12422451.0,,2026-07-27,,
883,Lucidum Coin,LUCIC,lucidum-coin,0.07563903140525967,-0.5717577,0.02017947,-1.64618186,12412773.126177544,22962.61412277,164105395.0,210000000.0,210000000.0,2026-07-27,,
884,IBS,IBS,ibs,24.966417783339658,-0.03848194,0.52068164,-13.96730959,12410510.247121025,1360901.99232902,497088.14275321,930971.84115321,871020.0,2026-07-27,,
885,Firo,FIRO,firo,0.6543780419076306,-0.45900429,-4.77091166,7.85287487,12336400.824356595,233272.92423895,18852100.82599005,18852100.82599005,21400000.0,2026-07-27,,
886,USDB,USDB,usdb,1.0034901169492043,0.00341163,0.51742829,0.05632111,12321516.485432915,12833.7678509,12278662.51726784,12278662.51726784,,2026-07-27,,
887,CZ's Dog,BROCCOLI,broccoli-714,0.012739170941247721,-0.45633329,0.27364337,5.38789748,12320378.19308349,4623858.64166421,967125588.4628851,967125588.4628851,1000000000.0,2026-07-27,,
888,OG Fan Token,OG,og-fan-token,2.587750403823113,-0.11705917,0.07459651,0.24447846,12304225.269096522,3182362.21786394,4754796.0,5000000.0,5000000.0,2026-07-27,,
889,Hippo Protocol,HP,hippo-protocol-ai,0.008682867041445717,-0.60254317,0.49779013,-1.26038452,12289103.417369269,73031.13981348,1415327835.6918275,1415329641.5184796,,2026-07-27,,
890,Just a chill guy,CHILLGUY,just-a-chill-guy,0.012282208733549857,0.29666007,-3.71764633,29.06387656,12281491.42418891,7182356.10469857,999941597.690081,999941597.690081,1000000000.0,2026-07-27,,
891,XSGD,XSGD,xsgd,0.776373535845323,0.15956298,0.21983173,0.35553531,12262734.01186767,154236.25523553,15794889.245569,83617320.371568,,2026-07-27,,
892,SoFi Technologies Tokenized Stock (Ondo),SOFIon,sofi-technologies-tokenized-stock-ondo,16.55046642640984,-0.12167471,0.86767077,-4.70334049,12257941.387946645,446204.44630315,740640.23769061,740640.23769061,,2026-07-27,,
893,iShares Core S&P Total US Stock Market Tokenized ETF (Ondo),ITOTon,ishares-core-sp-total-us-stock-market-tokenized-etf-ondo,162.14355225284336,0.00544647,-0.8664471,-2.4960552,12241235.983165411,1254623.50033637,75496.28593357,75496.28593357,,2026-07-27,,
894,Solend,SLND,solend,0.12198844667726036,0.0,-0.03519249,-1.45731342,12198844.667726036,0.0,100000000.0,100000000.0,,2026-07-27,,
895,iShares Gold Trust Tokenized ETF (Ondo),IAUon,ishares-gold-trust-tokenized-etf-ondo,76.78536509677193,-0.0234091,0.67853987,1.76282218,12142594.778311647,1273631.17917704,158136.83718256,158136.83718256,,2026-07-27,,
896,Quai Network,QUAI,quai-network,0.015515741089283335,-0.3387307,0.57394071,-7.6061426,12140826.241200458,302600.17426435,782484457.0,1044421845.0,,2026-07-27,,
897,StablR Euro,EURR,stablr-euro,1.0193314443254822,0.00033175,54.12428242,-0.0340529,12113267.979595957,73.74680531,11883541.95,11883541.95,,2026-07-27,,
898,MyNeighborAlice,ALICE,myneighboralice,0.1211976022346345,-0.00784108,0.50235992,0.32444543,12055056.209480405,5094065.09128743,99466127.936609,99466127.936609,99466127.936609,2026-07-27,,
899,KONET,KONET,konet,0.026131997479541733,-0.33082093,28.21075285,30.37833215,12047578.251894496,460362.94019532,461027836.135616,999997956.2,1000000000.0,2026-07-27,,
900,Citrea,CTR,citrea,0.008028888085597975,1.4627075,-0.84684398,-0.97073362,12043332.128396962,6786434.43874339,1500000000.0,10000000000.0,10000000000.0,2026-07-27,,
901,EGL1,EGL1,egl1,0.01190113671495812,0.12603937,-3.24177126,-19.66590639,11901136.71495812,1266466.94282055,1000000000.0,1000000000.0,1000000000.0,2026-07-27,,
902,Doodles,DOOD,doodles,0.001526623809970796,1.28748974,-0.7281669,6.50824802,11907665.717772208,9437831.15668368,7800000000.0,10000000000.0,10000000000.0,2026-07-27,,
903,DIAM,DIAM,diam,0.005786458756892394,-0.21609539,-0.29413542,-0.32568057,11896136.825803738,304623.55570091,2055857878.8164618,5401462494.44995,10000000000.0,2026-07-27,,
904,TEXITcoin,TXC,texitcoin,0.18868603385670066,0.72238058,-9.95072672,-32.95690151,11878754.545377126,43715.082422,62955134.0,69218556.0,353396296.0,2026-07-27,,
905,AVA (Travala),AVA,ava,0.16126898631149858,0.18500402,-0.95121612,4.93982461,11817624.726043757,8441621.21490679,73278967.0,73278967.0,100000000.0,2026-07-27,,
906,Bitcoin Diamond,BCD,bitcoin-diamond,0.06321034397945764,0.0,0.0,0.0,11788280.229335021,0.0,186492897.953,189492897.953,210000000.0,2026-07-27,,
907,Alien Worlds,TLM,alien-worlds,0.0016772169767039645,-0.09930496,-0.20040924,-22.18818564,11714623.01469722,18711181.87173171,6984560243.194401,7048824426.2205,10000000000.0,2026-07-27,,
908,Lumia,LUMIA,lumia,0.06737969441963981,0.57439723,-1.99169049,-9.07478094,11702293.968916064,4291211.06985805,173676863.1812774,238888888.0,238888888.0,2026-07-27,,
909,Venom,VENOM,venom,0.011793799651720482,-6.21825131,12.40287865,10.63630883,11663115.742105674,206782.61245701,988919270.0,7367646470.547814,8000000000.0,2026-07-27,,
910,Metaplex,MPLX,metaplex,0.02492639628343107,-0.00447571,1.30375071,-6.24834122,11644189.918815082,1156732.99564093,467142935.0,999982241.0,1000000000.0,2026-07-27,,
911,Circle Tokenized Stock (Reality),rCRCL,circle-tokenized-stock-reality,63.4409849680795,0.78070981,1.00597474,4.27065271,11621197.186518267,0.0,183181.22255456,183181.22255456,,2026-07-27,,
912,Bone ShibaSwap,BONE,bone-shibaswap,0.050064088975689404,-0.70945832,0.10152669,11.83719092,11510903.083172506,1292169.50710224,229923350.6228802,249999401.82484713,250000000.0,2026-07-27,,
913,Hamster Kombat,HMSTR,hamster-kombat,0.0001788421067590751,-0.36542486,2.63218826,-0.21193611,11512960.62261546,5634862.62051967,64375000000.0,100000000000.0,100000000000.0,2026-07-27,,
914,MetaMUI,MMUI,metamui,0.02407771372120481,0.01142463,-1.63122256,-10.08810542,11466926.671026343,614188.06877114,476246491.0,800000000.0,800000000.0,2026-07-27,,
915,Caldera,ERA,caldera,0.07682834420856295,-0.24674313,-4.94638197,22.61476864,11409009.114971599,15136809.58978505,148500000.0,1000000000.0,1000000000.0,2026-07-27,,
916,Freedom Dollar,FUSD,freedom-dollar,0.9984172351845068,0.01960753,0.00505543,-0.05698404,11381956.481103377,184752.66177692,11400000.0,11400000.0,,2026-07-27,,
917,Origin Protocol,OGN,origin-protocol,0.01684636299631189,-0.0520423,-0.23153581,-1.83095607,11311586.121215438,1113454.36127191,671455680.0,1409664846.0,1409664846.0,2026-07-27,,
918,Decentralized Social,DESO,deso,1.2676824933295754,-0.0015142,2.6650416,-11.95714413,11262770.748556372,1672.34146876,8884536.0,10808492.0,10808492.0,2026-07-27,,
919,Bulla,BULLA,bulla-mascot,0.011248049456500752,0.32560794,2.12027279,27.63650216,11248049.456500752,420828.43407601,1000000000.0,1000000000.0,1000000000.0,2026-07-27,,
920,Felysyum,FELY,felysyum,0.25642711122953366,-0.07568824,-2.059003,-0.86802753,11223107.176116806,130673.79019755,43767241.0,500000000.0,500000000.0,2026-07-27,,
921,Osaka Protocol,OSAK,osaka-protocol,1.4908790204595618e-08,0.75162403,3.18409011,-3.3843508,11194559.404218718,53117.72222237,750869738630302.0,761459789745212.0,1000000000000000.0,2026-07-27,,
922,Katana,KAT,katana-network,0.004753093728008823,0.09685901,0.37545655,-1.31561807,11131745.510996664,3582025.52029089,2342000000.0,10000000000.0,10000000000.0,2026-07-27,,
923,Test,TST,test-token-bsc,0.01184240130708312,0.73864324,-0.66409716,5.49411236,11126555.611966372,6393545.17480067,939552319.1154997,939552319.1154997,,2026-07-27,,
924,Eesee,ESE,eesee,0.00816050722818499,0.36751865,-9.99284207,11.74608564,11125504.327001262,664060.76493727,1363334902.5873885,1366372692.5940044,1366372692.5940044,2026-07-27,,
925,iShares TIPS Bond Tokenized ETF (Ondo),TIPon,ishares-tips-bond-tokenized-etf-ondo,111.02987096129418,0.00924528,0.35449509,-0.44142187,11122022.244476665,661713.43780413,100171.44168666,100171.44168666,,2026-07-27,,
926,Initia,INIT,initia,0.05450070558526058,0.00731668,-1.84783736,4.17603763,11094857.169234836,2447370.07930251,203572725.345328,1000000000.0,1000000000.0,2026-07-27,,
927,Unicorn Fart Dust,UFD,unicorn-fart-dust,0.011089741248819288,-3.28041159,0.92231364,-8.44975999,11089741.248819288,2381128.28991273,1000000000.0,1000000000.0,1000000000.0,2026-07-27,,
928,iShares MSCI EAFE Tokenized ETF (Ondo),EFAon,ishares-msci-eafe-tokenized-etf-ondo,105.90333686008287,0.30554157,0.22105191,0.85938499,11064525.271229094,703019.27847106,104477.58870759,104477.58870759,,2026-07-27,,
929,NVIDIA Tokenized Stock (Reality),rNVDA,nvidia-tokenized-stock-reality,208.79577084218795,0.18039323,0.92625275,2.63009713,10965763.678645724,0.0,52519.08903334,52519.08903334,,2026-07-27,,
930,saffron.finance,SFI,saffron-finance,109.77004123480512,0.03198668,1.95914824,-2.86475138,10900273.544875711,15436.49406057,99300.98797685,100000.0,100000.0,2026-07-27,,
931,Solv Protocol,SOLV,solv-protocol,0.0025578817468082005,-0.18062055,0.73852184,-2.24054822,10882631.935013914,4400743.76603208,4254548494.508622,9660000000.0,9660000000.0,2026-07-27,,
932,Sleepless AI,AI,sleepless-ai,0.018965930614752265,-0.24200611,-0.32919757,-6.52031825,10874590.434560476,3349294.88329181,573374998.33,1000000000.0,1000000000.0,2026-07-27,,
933,Mubarak,MUBARAK,mubarak,0.010850065575407436,0.45358368,0.29479524,-5.92596447,10850065.575407436,4294891.99520184,1000000000.0,1000000000.0,1000000000.0,2026-07-27,,
934,YieldBasis,YB,yieldbasis,0.07174818837840197,0.15213303,-1.17314197,-21.18148234,10844459.601719046,5301485.1587467,151146110.40107468,743983222.8717864,1000000000.0,2026-07-27,,
935,Opinion,OPN,opinion,0.06008827096947987,-0.41243657,-1.2356246,-2.37404051,10831779.337972373,9519095.15841673,180264453.66474378,1000000000.0,1000000000.0,2026-07-27,,
936,ISLM,ISLM,islamic-coin,0.004938550594623496,-0.00028056,-5.3125587,-8.04322495,10797937.831892923,2609.79010651,2186458886.06435,18162982098.425728,100000000000.0,2026-07-27,,
937,Resistance Dog,REDO,resistance-dog,0.1071557634190101,-1.12913485,-9.45316488,65.57043716,10715575.587524436,210507.61174886,99999992.96,99999992.96,100000000.0,2026-07-27,,
938,IXS,IXS,ix-swap,0.059130078421463256,-0.39920466,-0.18197296,-9.19525336,10643414.115863387,82522.2647885,180000000.0,180000000.0,180000000.0,2026-07-27,,
939,Microsoft Tokenized Stock (Ondo),MSFTon,microsoft-tokenized-stock-ondo,386.26370746028687,0.07438647,0.0268431,-2.35261228,10624602.015834136,2122269.90754566,27506.08408357,27506.08408357,,2026-07-27,,
940,Kishu Inu,KISHU,kishu-inu,1.1405548699494681e-10,0.0769443,-0.32049672,0.51587873,10622682.913959594,158353.31444445,9.313609712113394e+16,9.670293841273085e+16,1e+18,2026-07-27,,
941,Broadcom Tokenized bStocks,AVGOB,broadcom-tokenized-bstocks,390.09223844361816,0.51453877,1.11895833,3.82558404,10556538.89059331,687211.64244224,27061.64811869,27061.64811869,,2026-07-27,,
942,OpenKaito,SN5,openkaito,3.0304773528477598,1.10729239,7.50342329,6.89894215,10550146.271381842,446095.87478788,3481348.0,3481348.0,,2026-07-27,,
943,QIE Blockchain,QIE,qi-blockchain,0.12487715803363232,-0.00764299,0.07107092,-16.70634909,10535772.559715223,43723.57570647,84369093.0,84369093.0,150000565.0,2026-07-27,,
944,ResearchCoin,RSC,researchcoin,0.08110317451802901,0.02758244,-1.68203336,0.38733831,10507167.04997869,265159.0954068,129553092.24847884,1000000000.0,1000000000.0,2026-07-27,,
945,Ridges AI,SN62,ridges-ai,2.398282306050366,0.85171917,5.82205333,2.08298819,10486549.340262877,75437.37165631,4372525.0,4372525.0,21000000.0,2026-07-27,,
946,Ponke,PONKE,ponke,0.018866495446269827,-0.64764138,-1.47715401,-3.64006745,10481172.610030496,1888521.98894899,555544226.0,555544226.0,555555555.0,2026-07-27,,
947,Wanchain,WAN,wanchain,0.052671287251566334,2.31316845,5.98427341,-1.88870926,10481176.887123998,2115129.82579744,198992229.6196076,198992229.6196076,210000000.0,2026-07-27,,
948,SuperRare,RARE,superrare,0.012616870232911432,0.05036958,-0.32405623,1.4432029,10414948.288450208,5549415.79858918,825477958.9697726,1000000000.0,1000000000.0,2026-07-27,,
949,Maverick Protocol,MAV,maverick-protocol,0.008876244301352363,0.13639668,-0.03366898,1.57179866,10409327.76187836,1176635.96546444,1172717582.8511639,2000000000.0,2000000000.0,2026-07-27,,
950,AMD Tokenized Stock (Ondo),AMDon,amd-tokenized-stock-ondo,533.7102196814928,0.28543328,0.33479909,6.08300083,10408317.890508559,3112626.58261696,19501.81485511,19501.81485511,,2026-07-27,,
951,Simon's Cat,CAT,simonscat,1.3678827991258522e-06,0.86305944,-5.57722183,8.26268689,10350348.536777938,3411995.18818142,7566692514440.816,8098237710343.852,9000000000000.0,2026-07-27,,
952,Mind Network,FHE,mind-network,0.019989633232579688,0.28896936,1.21156421,8.06936048,10339025.786940794,5918293.73142086,517219384.0,1000000000.0,1000000000.0,2026-07-27,,
953,XION,XION,xion,0.1114594136319601,-1.08425176,-4.38430974,-6.39867399,10329607.936460162,48472.65416293,92675958.0,200000000.0,200000000.0,2026-07-27,,
954,Artificial Liquid Intelligence,ALI,alethea-artificial-liquid-intelligence-token,0.0011301117317915402,0.45094608,1.79967413,-3.39958913,10304461.819340222,72773.45461504,9118091184.669674,9870903732.81426,9870903732.81426,2026-07-27,,
955,Moonbeam,GLMR,moonbeam,0.008552396360224987,0.26548438,-1.81678112,-1.85847369,10284447.418580947,3328429.24419853,1202522309.0,1241180233.0,,2026-07-27,,
956,Strategy Tokenized bStocks,MSTRB,strategy-tokenized-bstocks,93.94658832176457,0.28180204,0.67363744,-2.01537469,10246020.4370037,1964137.7410722,109062.18756887,109062.18756887,,2026-07-27,,
957,TG Casino,TGC,tg-casino,0.13348916985815962,0.31830863,1.51190128,-0.65335047,10231944.73611636,25435.02170511,76649998.99983217,76649998.99983217,100000000.0,2026-07-27,,
958,The Arena,ARENA,the-arena,0.0016010173866372467,-2.83464204,4.08666349,102.43572243,10221975.248447109,161810.06070355,6384674728.559442,10000000000.0,10000000000.0,2026-07-27,,
959,Wayfinder,PROMPT,wayfinder,0.020962616894600567,0.20461894,1.03675683,9.61431163,10215182.240141066,4952751.41217856,487304724.0,1000000000.0,1000000000.0,2026-07-27,,
960,Hunt Town,HUNT,hunt,0.08065907272536912,0.03129221,-0.1821526,0.42938279,10176567.915392954,68085.01974277,126167678.0,198912688.0,198912688.0,2026-07-27,,
961,KAIO,KAIO,kaio,0.014918729103994924,-11.3251342,15.14596106,-6.62320313,10163384.202096542,2126375.14204052,681250000.0,10000000000.0,10000000000.0,2026-07-27,,
962,Amazon Tokenized Stock (Ondo),AMZNon,amazon-tokenized-stock-ondo,234.62114224203458,0.11885205,1.09145038,-5.33977909,10161216.611079806,1241139.52689581,43309.04075387,43309.04075387,,2026-07-27,,
963,Wecan Group,WECAN,wecan-group,0.001692590451685945,0.15308902,2.5025803,-6.67355039,10155542.71011567,30827.53113824,6000000000.0,6000000000.0,6000000000.0,2026-07-27,,
964,AriaAI,ARIA,aria-ai,0.028131829111393378,1.29034673,-2.06567729,10.36619849,10102452.41790735,1364257.82561511,359111111.4,1000000000.0,1000000000.0,2026-07-27,,
965,USDH,USDH,hyperliquid-usd,0.9949070318494746,-0.00769923,0.90390853,-0.48305857,10079650.481033862,9556.24036662,10131248.607517,10627212.88,,2026-07-27,,
966,Hegic,HEGIC,hegic,0.014281752567695557,-0.00425675,5.06494103,4.52220623,10050459.876335423,109.05027879,703727349.1958504,3012009888.0,3012009888.0,2026-07-27,,
967,HarryPotterObamaSonic10Inu (ERC-20),BITCOIN,harrypotterobamasonic10inu-eth,0.01000415106272851,0.08414415,-2.19457249,-16.80710967,10002131.774857253,1553533.33019032,999798155.0,999798155.0,999798155.0,2026-07-27,,
968,KernelDAO,KERNEL,kerneldao,0.034847504017695374,0.97249891,1.00212546,4.34788452,9977119.877248408,6262049.45412085,286308020.0,1000000000.0,1000000000.0,2026-07-27,,
969,MWX Token,MWXT,mwx-token,0.05927627257694905,0.49865622,-0.46594246,-3.97236509,9949337.889789438,134090.46436376,167846888.0929343,1000000000.0,1000000000.0,2026-07-27,,
970,Vow,VOW,vow,0.02786186857727024,-0.73536463,15.08115486,10.51808098,9926773.340895375,391465.45392386,356285269.0,1142857140.0,1142857142.0,2026-07-27,,
971,Fartboy,FARTBOY,fartboy,0.00992447321587223,-0.39414442,0.76536376,-11.29780279,9918920.046355601,337038.51005976,999440457.0,999440457.0,999440457.0,2026-07-27,,
972,Tesla Tokenized bStocks,TSLAB,tesla-tokenized-bstocks,315.3666641870753,0.1299508,0.77624035,-17.45303883,9911671.98283202,2909210.82992195,31429.04152023,31429.04152023,,2026-07-27,,
973,Vanar Chain,VANRY,vanar,0.004165389362609484,1.54839994,-5.37760786,-21.49218227,9893918.976319257,8016969.25182204,2375268700.0,2377565576.0,2400000000.0,2026-07-27,,
974,GUNZ,GUN,gunz,0.0035405428678884905,-0.42432141,0.04363062,-4.221254,9867519.749930933,5531558.21422795,2787007563.0,10000000000.0,10000000000.0,2026-07-27,,
975,Space and Time,SXT,space-and-time,0.007035986590861816,0.36815199,6.54088201,-1.86734568,9850381.227206543,79160057.93716061,1400000000.0,5000000000.0,5000000000.0,2026-07-27,,
976,SideShift Token,XAI,sideshift-token,0.06826314504599891,0.0,0.14880319,-0.55544402,9850353.94519364,0.0,144299738.0,210000000.0,210000000.0,2026-07-27,,
977,Dolomite,DOLO,dolomite,0.022297654511992383,0.0259089,-0.6199924,3.73223489,9847134.045072502,2648442.20828927,441621967.0,998851995.6451048,1000000000.0,2026-07-27,,
978,ColossusXT,COLX,colossusxt,0.0007720673080000002,0.0,0.0,0.0,9830236.551021257,0.0,12732356945.0,16995483013.815744,,2026-07-27,,
979,Ninja Squad Token,NST,ninja-squad-token,1.1322087403162449,0.11692303,0.01921588,-2.63750932,9749760.17490779,200007.96865358,8611274.43,8611274.43,10000000.0,2026-07-27,,
980,Nexa (nexaagent.xyz),NXA,nexaagent-xyz,0.97429109290413,0.43160126,1.51645657,0.16073253,9742910.9290413,0.0,10000000.0,1000000000.0,1000000000.0,2026-07-27,,
981,4,4,4four,0.009726823851928282,-1.47110284,17.43164168,17.02231225,9726823.851928283,4514960.52444231,1000000000.0,1000000000.0,1000000000.0,2026-07-27,,
982,APX,APX,apollox,0.21871537652852505,0.0,-0.25583267,-0.52871613,9659808.878856981,0.0,44166116.86008798,3975255603.427746,,2026-07-27,,
983,iShares Core MSCI Emerging Markets Tokenized ETF (Ondo),IEMGon,ishares-core-msci-emerging-markets-tokenized-etf-ondo,79.8670597671453,0.18675691,1.32141288,1.93233719,9645882.93863822,1503020.50161198,120774.23366731,120774.23366731,,2026-07-27,,
984,USDM,USDM,usdm,0.9982516563462828,0.0286373,-0.11518184,-0.4840428,9633965.947003687,56558.62825263,9650838.93,9650838.93,,2026-07-27,,
985,Avail,AVAIL,avail,0.002446656897597501,-0.01876356,1.38281708,-12.47058725,9627596.081121419,385826.77942993,3935000486.0,11058281109.0,,2026-07-27,,
986,Konnect,KCT,konnect,0.001303153225458806,0.13731265,1.1564617,-12.0011091,9610755.089884823,504140.08389842,7375000040.0,10000000000.0,10000000000.0,2026-07-27,,
987,Redbelly Network,RBNT,redbelly-network,0.0035973288066485655,-0.2137903,-0.24259128,-3.82682884,9595162.139525613,153027.96531617,2667301949.6555,10000000000.0,10000000000.0,2026-07-27,,
988,Clash of Lilliput,COL,clash-of-lilliput,0.116718263235,0.04922973,0.75987789,-2.6088717,9579581.424054684,0.0,82074400.0,1000000000.0,1000000000.0,2026-07-27,,
989,Boba Network,BOBA,boba-network,0.019229786942468397,-0.8571545,0.70303572,1.67359298,9491455.584331373,2098132.76345695,493580902.0,500000000.0,500000000.0,2026-07-27,,
990,Abelian,ABEL,abelian,0.07993634200458591,-0.25722548,0.6202622,-5.03794583,9565696.834820524,23631.97816636,119666432.0,140246413.0,225180000.0,2026-07-27,,
991,AI Companions,AIC,ai-companions,0.012555149274467613,-1.25879244,3.12884661,13.33392338,9416358.189305928,816165.96915737,749999700.0,1000000000.0,1000000000.0,2026-07-27,,
992,Gods Unchained,GODS,gods-unchained,0.021658342917087358,0.04052578,-0.15928668,-5.19169159,9466500.566555738,164061.52999286,437083326.402,500000000.0,500000000.0,2026-07-27,,
993,AITECH Cloud Network,ACN,solidus-ai-tech,0.005303938437879091,-0.03593671,-1.23752852,-6.58899888,9463080.621746825,3671889.04874773,1784161097.0,1986052500.0,2000000000.0,2026-07-27,,
994,GeorgePlaysClashRoyale,CLASH,georgeplaysclashroyale,0.009460822024345238,0.44929646,9.22768214,-1.97317998,9457868.226882273,781256.91947955,999687786.383111,999687786.383111,999999967.828928,2026-07-27,,
995,Everlyn AI,LYN,everlyn,0.03697545129973563,-0.30230048,-4.22402854,-5.6124333,9452351.495369058,1761446.45071146,255638570.0,1000000000.0,1000000000.0,2026-07-27,,
996,Vine Coin,VINE,vine-coin,0.00941098294802505,-0.00512277,6.79930748,6.17428295,9410927.460869588,3504283.96441119,999994104.0,999994104.0,,2026-07-27,,
997,FAR Labs,FAR,farcana,0.001939427462699573,-0.15637157,-0.31222851,-10.24039985,9372069.87647479,102069.57329118,4832390000.0,5000000000.0,5000000000.0,2026-07-27,,
998,FirmaChain,FCT,firmachain,0.0077161849673081,1.40240836,0.41802158,-1.4875892,9339660.006346855,31302.95718946,1210398667.983866,1221036477.617776,,2026-07-27,,
999,Verified Emeralds,VEREM,verified-emeralds,3.7139796322544063,0.66470433,2.74984388,-3.37249947,9284949.080636015,170341.53267253,2500000.0,50000000.0,50000000.0,2026-07-27,,
1000,Ellipsis,EPS,ellipsis,0.0128065869651245,-0.0073614,1.3236996,0.59152495,9268147.116051286,0.0,723701571.7997887,723701571.7997887,1000000000.0,2026-07-27,,
1001,StakeStone,STO,stakestone,0.04076140187806595,-0.14998866,1.45802018,-2.27320296,9184902.54293706,5738011.46379691,225333333.0,1000000000.0,1000000000.0,2026-07-27,,
1002,Intuition,TRUST,intuition,0.051079372313560065,1.00278921,1.11728319,8.89253945,9176298.49605189,1878926.67119965,179647832.0,1054807692.3076923,,2026-07-27,,
1003,Ket (ketonsolana.com),KET,ket-on-solana,0.009112596691360423,-5.68751305,-10.02478467,-10.02478467,9112521.548455084,3634954.02797293,999991753.952481,999991753.952481,1000000000.0,2026-07-27,,
1004,Bertram The Pomeranian,BERT,bertram-the-pomeranian,0.0094285859759894,0.36029712,-2.34239453,-4.02570386,9115079.250563836,1886759.30682826,966749338.0,979946262.03,979947881.0,2026-07-27,,
1005,iShares Russell 1000 Growth Tokenized ETF (Ondo),IWFon,ishares-russell-1000-growth-tokenized-etf-ondo,476.29880672973184,-0.09964606,0.82592891,0.50725075,9040072.691534886,713873.35031408,18979.83485116,18979.83485116,,2026-07-27,,
1006,Buttcoin,BUTTCOIN,buttcoin,0.009004652964905558,0.3263766,-5.97016518,-2.64276854,9004190.48592928,433981.10068694,999948640.0,999948640.0,999948640.0,2026-07-27,,
1007,Portal,PORTAL,portal-gaming,0.010300765607480566,0.44885608,0.40590031,-3.27160095,9000724.473960487,10565534.57095291,873791795.3811152,1000000000.0,1000000000.0,2026-07-27,,
1008,Energy Web Token,EWT,energy-web-token,0.2990718767467693,-0.12816236,8.89795349,1.90185946,8990740.03068037,147679.50556303,30062138.0,81434174.34315088,100000000.0,2026-07-27,,
1009,Apple Tokenized Stock (Ondo),AAPLon,apple-tokenized-stock-ondo,336.43850397419664,-0.00724837,1.2951978,0.52597921,8982854.794810731,2321370.93277588,26699.84169083,26699.84169083,26699.84169083,2026-07-27,,
1010,Checkmate,CHECK,checkmate,0.02696614802457337,-1.02297225,-4.17869028,3.76324375,8968940.99476999,5161723.19649689,332600006.0,1000000000.0,1000000000.0,2026-07-27,,
1011,Commonwealth,CWU,commonwealth,0.010327190745911067,-0.01740652,-0.37281237,-7.54943049,9299602.435193835,16286.47893781,900496820.8683378,999999308.4305269,1000000000.0,2026-07-27,,
1012,PolySwarm,NCT,polyswarm,0.004719134368424347,0.08311085,0.34642593,-4.3371107,8897931.542027183,92853.51988337,1885500782.0,1885913076.0,1885913076.0,2026-07-27,,
1013,Limitless,LMTS,limitless-lmts,0.06749037912822209,-0.09284608,0.82617497,5.35928493,8881644.805973578,2029313.03026131,131598680.0,1000000000.0,1000000000.0,2026-07-27,,
1014,Sophon,SOPH,sophon,0.00443734340265707,0.14231573,-0.99072849,-0.22552547,8874686.80531414,1850454.14574522,2000000000.0,10000000000.0,10000000000.0,2026-07-27,,
1015,BENQI,QI,benqi,0.001223381734637135,-0.92219344,-12.0026809,8.9124265,8808348.489387373,5238664.4975887,7200000000.0,7200000000.0,7200000000.0,2026-07-27,,
1016,Dexsport,DESU,dexsport,0.01461630608890792,-0.56249818,-1.29768141,-3.70755713,8769783.653344752,21947.10387831,600000000.0,600000000.0,600000000.0,2026-07-27,,
1017,GRIFFAIN,GRIFFAIN,griffain,0.008760919124101565,0.10196309,0.32552613,5.4275999,8759877.626036093,3343470.35930572,999881120.0,999881120.0,999881120.0,2026-07-27,,
1018,ThunderCore,TT,thundercore,0.0006111672348933694,0.39997575,1.49576292,-2.81418923,8700444.627086328,352336.63390728,14235783809.0,14235783809.0,,2026-07-27,,
1019,CoinEx Token,CET,coinex-token,0.012224158521888231,-0.15859807,6.6891018,-5.0865841,8662449.240301482,40201.91841936,708633582.0,2777476547.0,10000000000.0,2026-07-27,,
1020,YELLOW,YELLOW,yellow,0.04456068018147132,0.0019018,2.08058125,-4.71402503,8641913.06361565,360680.75490271,193935842.73,10000000000.0,10000000000.0,2026-07-27,,
1021,Alphabet Tokenized bStocks,GOOGLB,alphabet-tokenized-bstocks,321.5568701047158,-0.07032391,0.54783779,-7.65101294,8641460.41227111,1342437.97461302,26873.81678226,26873.81678226,,2026-07-27,,
1022,xU3O8,XU3O8,xu3o8,5.362930508668318,-0.02905298,-0.14139788,0.91626455,8580688.813869309,961032.50138976,1600000.0,1600000.0,,2026-07-27,,
1023,Paris Saint-Germain Fan Token,PSG,paris-saint-germain-fan-token,0.5205682006905165,-0.39886108,0.10660938,-1.74281374,8574479.207753103,2065987.17192412,16471384.9143673,19890000.0,19890000.0,2026-07-27,,
1024,Act I : The AI Prophecy,ACT,act-i-the-ai-prophecy,0.00900758944942486,0.4689394,-1.3734294,9.3067441,8541350.516857943,37016919.65054305,948239322.497465,948239322.497465,,2026-07-27,,
1025,Ambire Wallet,WALLET,ambire-wallet,0.011771701364072783,0.00919648,-2.50828566,-2.2564791,8512903.17996451,13408.87459693,723166763.8074713,723166763.8074713,1000000000.0,2026-07-27,,
1026,Meta Platforms Tokenized Stock (Ondo),METAon,meta-platforms-tokenized-stock-ondo,603.1033649994619,0.11117705,1.04246022,-6.39103266,8437391.51016326,1579875.85148138,13989.95926705,13989.95926705,,2026-07-27,,
1027,RAMP,RAMP,ramp,0.01780873547103605,0.0,-32.10918037,3.29493085,8509703.718473172,0.0,477838740.0,1000000000.0,1000000000.0,2026-07-27,,
1028,Fusionist,ACE,fusionist,0.08122540093158884,-0.22775368,-5.33225061,-16.6691389,8502304.581690472,15227501.76935729,104675440.0,146307870.0,147000000.0,2026-07-27,,
1029,Dymension,DYM,dymension,0.014831973496378886,0.12703275,0.64631327,1.61066028,8474581.821055666,1557885.17704825,571372503.0,1069461425.0,,2026-07-27,,
1030,Bubblemaps,BMT,bubblemaps,0.011973488551076666,0.06083704,-0.19811183,4.30391633,8454724.453240745,1754349.60551915,706120394.0,1000000000.0,1000000000.0,2026-07-27,,
1031,heyAura,ADX,adx-net,0.057164735717466025,0.40243929,0.69792613,1.81550526,8454664.412613224,2124545.21233642,147900000.0,150000000.0,150000000.0,2026-07-27,,
1032,MyShell,SHELL,myshell,0.02057079741446421,-0.20670779,-2.65955771,2.13166239,8415741.786663128,3666534.30106854,409111111.11063,1000000000.0,1000000000.0,2026-07-27,,
1033,Gleec Coin,GLEEC,gleec,0.04621811695550767,0.06051221,-7.13443875,13.84589837,8400375.973281676,3.62705255,181755046.0,210000075.0,,2026-07-27,,
1034,IAGON,IAG,iagon,0.022105709826586613,-0.02498307,1.49373405,-1.95268647,8312198.602871163,62170.57297933,376020434.0,1000000000.0,1000000000.0,2026-07-27,,
1035,Echelon Prime,PRIME,echelon-prime,0.23233251631412832,0.36665278,0.1608285,-0.92985542,8311426.497751532,236279.78515967,35773841.0,111111111.1,111111112.0,2026-07-27,,
1036,Groestlcoin,GRS,groestlcoin,0.091541930400715,0.0,0.0,0.0,8289908.956533547,0.0,90558598.88736624,90558598.88736624,105000000.0,2026-07-27,,
1037,Resolv,RESOLV,resolv,0.018856357925715533,0.2104108,-0.44262342,-5.11673279,8264740.162778715,5335813.14956058,438299919.5994047,1000000000.0,1000000000.0,2026-07-27,,
1038,SpaceX Tokenized Stock (Ondo),SPCXon,spacex-tokenized-stock-ondo,112.98990102827851,-0.34305973,1.2362042,-9.84663478,8233341.054096764,1970760.02868018,72867.93756936,72867.93756936,,2026-07-27,,
1039,Balancer,BAL,balancer,0.1176283677497025,-0.67302278,8.01819659,14.09245889,8209156.4283704385,1552539.77671391,69788917.29449508,72368512.92020285,96150704.0,2026-07-27,,
1040,BOB (Build on Bitcoin),BOB,bob-build-on-bitcoin,0.0036989238951777035,-0.12947172,-1.92084391,-6.38250772,8211611.047294502,2521949.67080878,2220000000.0,10000000000.0,10000000000.0,2026-07-27,,
1041,我踏马来了,我踏马来了,wotamalaile,0.00820898705025687,-0.45332063,2.02110844,4.72401193,8208987.05025687,2321828.16004608,1000000000.0,1000000000.0,1000000000.0,2026-07-27,,
1042,Santos FC Fan Token,SANTOS,santos-fc-fan-token,0.5087355893948853,0.25988599,-0.88007111,-0.15572071,8188025.18423598,1627742.46885157,16094854.291549,30000000.0,30000000.0,2026-07-27,,
1043,Hashflow,HFT,hashflow,0.009622531950829419,0.21432914,0.43849643,7.73023772,8172876.3917135345,48272344.48979702,849347805.0763,997353568.2839,,2026-07-27,,
1044,TARS AI,TAI,tars-protocol,0.009131802184704942,0.07448888,1.61686993,-1.62712198,8147300.343835385,296066.73118497,892189753.9,892189753.9,999999988.0,2026-07-27,,
1045,Wilder World,WILD,wilder-world,0.01629377193380777,0.11431804,0.30194944,-5.51593851,8146379.37124281,119071.66434151,499968908.6318912,499968908.6318912,500000000.0,2026-07-27,,
1046,Bella Protocol,BEL,bella-protocol,0.10114590100038306,0.03261116,0.14468035,-0.3730758,8091672.080030645,1658935.43843148,80000000.0,100000000.0,,2026-07-27,,
1047,Manifesting (manifesting.meme),MANIFEST,manifesting,0.008934201571176435,-1.60082094,-11.50314871,-12.82456898,8040779.01969277,646765.34149147,899999732.0,899999732.0,999999813.51579,2026-07-27,,
1048,Solomon,SOLO,solomon,0.6224596498852785,0.0,-0.33703366,9.41666247,8029709.515655658,0.0,12899967.92103,25799967.92103,25800000.0,2026-07-27,,
1049,AVA,AVA,ava-sol,0.008020263098270286,0.40405414,-1.0664408,-26.18968558,8013786.418473264,944639.09278161,999192460.432075,999192460.432075,999995926.72,2026-07-27,,
1050,Quantoz USDQ,USDQ,quantoz-usdq,0.9961555475804796,0.2711513,-0.29835923,1.01999785,7949370.081314059,1952757.1751539,7980049.0,11000000.0,,2026-07-27,,
1051,Moss Coin,MOC,moss-coin,0.017674680967417075,-0.10305608,0.45401574,-1.06807956,7926912.152576422,23096.15660405,448489688.0,500000000.0,500000000.0,2026-07-27,,
1052,Toko Token,TKO,tokocrypto,0.0463127242518313,0.10881471,0.36158695,3.25561779,7854429.956450983,599643.43273149,169595507.13841677,495268640.66,500000000.0,2026-07-27,,
1053,SUPERFORTUNE,GUA,superfortune,0.062776349747727,0.03403756,-6.33044734,9.56561502,7847043.718465875,973070.15128759,125000000.0,1000000000.0,1000000000.0,2026-07-27,,
1054,DEXTools,DEXT,dextools,0.11133764206634432,0.11505725,-0.145904,-1.21979085,7815669.337847314,6005.6939906,70197906.05220543,112551255.0,200000000.0,2026-07-27,,
1055,Soil,SOIL,soil,0.11194013688673309,0.02070446,0.06288265,4.3604929,7805772.707728027,49016.15583911,69731670.20178221,99000000.0,100000000.0,2026-07-27,,
1056,Augur,REP,augur,0.7092530972472799,-0.00266994,0.4627324,-20.67046704,7801784.069720079,613.55212753,11000000.0,11000000.0,,2026-07-27,,
1057,Forta,FORT,forta,0.01216522571955572,-0.17234656,-0.79877669,-0.28483939,7798282.124620621,273586.14694944,641030615.0,1000000000.0,1000000000.0,2026-07-27,,
1058,DORA,DORA,dora,0.007851762708716108,-0.07746029,-0.20132117,-0.67183101,7773917.109021168,331596.85331426,990085589.366,1000000000.0,1000000000.0,2026-07-27,,
1059,SuperWalk,GRND,superwalk,0.00977588284748144,0.66063863,-1.61794297,-2.77098475,7738415.54730323,35719.3491857,791582271.1906656,1000000000.0,,2026-07-27,,
1060,Aura,AURA,aura,0.008019447864923531,0.42026547,-5.7476749,-12.78542648,7725042.866964134,517505.06735982,963288620.0,963288620.0,965383478.0,2026-07-27,,
1061,Drift,DRIFT,drift,0.012628999923137289,-0.13456992,-0.5059719,-3.96059833,7722833.2953710705,2726617.83833328,611515824.085346,1000000000.0,,2026-07-27,,
1062,Uchain,UCN,uchain,154.22327614466118,-0.05772352,-0.40246349,-5.44352375,7711163.807233059,183165.28154262,50000.0,100000.0,100000.0,2026-07-27,,
1063,Heima,HEI,heima,0.09411532395507965,0.3680677,-3.34009947,-11.09496353,7647750.70843647,4648275.73381184,81259357.0,82045721.0,100000000.0,2026-07-27,,
1064,AS Roma Fan Token,ASR,as-roma-fan-token,0.8748393027534391,0.12555807,0.52053444,1.23781674,7641604.955924024,2672956.75077348,8734867.0,9995000.0,9995000.0,2026-07-27,,
1065,NVIDIA Tokenized bStocks,NVDAB,nvidia-tokenized-bstocks,208.90988015300343,0.17136128,0.4271747,2.75958085,7639935.110630437,1913973.63240124,36570.48247328,36570.48247328,,2026-07-27,,
1066,Stader,SD,stader,0.10783803160284734,-0.12076598,2.53789983,-2.73789158,7630050.231236991,912374.69060086,70754724.6349731,120000000.0,120000000.0,2026-07-27,,
1067,Kleros,PNK,kleros,0.008333290791285964,-5.945e-05,0.72513058,0.43828406,7629362.897673354,6193.62750799,915528221.5341986,915528222.0793128,,2026-07-27,,
1068,SaitaChain Coin,STC,saitama-inu-new,0.00017060462027070354,0.03287396,0.01955949,-0.00277868,7626230.1610237025,0.0,44701193607.318085,44710136889.83425,200000000000.0,2026-07-27,,
1069,LOAN Protocol,LOAN,loan-protocol,0.00041029746028666653,0.61176092,4.10072841,5.9353414,7552236.8471024055,116542.55196628,18406735547.0,36094483213.68949,,2026-07-27,,
1070,Galatasaray Fan Token,GAL,galatasaray-fan-token,0.9203783435378353,-0.81916287,0.36883456,-2.69476265,7528520.898632564,1056703.44996565,8179811.0,9975000.0,9975000.0,2026-07-27,,
1071,Ika,IKA,ika,0.0025046981904455596,0.21924478,0.26484572,2.72345173,7514094.571336679,233219.44816865,3000000000.0,10291666666.6667,,2026-07-27,,
1072,tx,TX,tx,0.0030234722831941835,0.33358938,-1.90172313,-6.96804941,7505262.129695292,153963.23966378,2482332043.0,101927474788.0,,2026-07-27,,
1073,REI Network,REI,rei-network,0.007874084319796523,0.15887449,-40.19635282,-23.51886609,7480380.103806697,102859.82890752,950000000.0,1000000000.0,,2026-07-27,,
1074,Joe coin,JOE,joe-coin,0.007470905063722283,0.76103185,8.31152302,-7.67373566,7470905.063722283,27689.0470028,1000000000.0,1000000000.0,1000000000.0,2026-07-27,,
1075,THENA,THE,thena,0.05597217513731185,-0.16545462,1.53066139,5.87722332,7460156.6867597625,4087408.45271184,133283308.50924383,284596517.7147613,326120291.0,2026-07-27,,
1076,Decentrawood,DEOD,decentrawood,0.016056698096388225,-0.32101297,1.30962592,-0.08224315,7456644.676908132,477145.25717809,464394649.02098525,1890000000.0,1890000000.0,2026-07-27,,
1077,Reppo,REPPO,reppo,0.019049806742426612,-0.83800987,6.65370296,-10.96115379,7449279.697144735,54169.49283977,391042271.3399048,1000000000.0,1000000000.0,2026-07-27,,
1078,Ready Cards,READY,ready,0.0074230722261577,-0.10489196,3.03460211,-6.77185602,7423072.2261577,265004.26757163,1000000000.0,1000000000.0,1000000000.0,2026-07-27,,
1079,Peercoin,PPC,peercoin,0.24438543455799414,0.01999128,4.38974196,-0.85371364,7413873.328692085,161.8833135,30336805.22777935,30336805.22777935,,2026-07-27,,
1080,SanDisk Tokenized Stock (Ondo),SNDKon,sandisk-tokenized-stock-ondo,1466.4860140860173,-0.09199124,1.20850059,7.94850744,7403350.801466522,1677604.85541009,5048.36100062,5048.36100062,,2026-07-27,,
1081,SLERF (OLD),SLERF,slerf-old,0.014617974362740784,-0.28818722,2.03700364,-0.04624327,7308954.290928076,10788.04729923,499997750.0,499997750.0,499997750.0,2026-07-27,,
1082,Autonolas,OLAS,autonolas,0.027008462308366336,0.07254641,4.27590641,3.79663412,7296340.174716687,80924.88621608,270150151.1419449,473666856.7856633,,2026-07-27,,
1083,DACXI,DXI,dacxi,0.0008681035202574105,-1.9172627,-1.70361036,6.86239666,7291019.80209072,478736.35058215,8398790734.0,10000000000.0,,2026-07-27,,
1084,Applied Optoelectronics Tokenized bStocks,AAOIB,applied-optoelectronics-tokenized-bstocks,103.53804397354118,0.72122782,2.16806274,-0.22705642,7278226.645548766,1129346.43958843,70295.19166316,70295.19166316,,2026-07-27,,
1085,SpaceX tokenized stock (Backpack),SPCX,spacex-tokenized-stock-backpack,113.01803843200146,-0.35924806,1.12316064,-9.88013322,7276575.992500065,288163.35085999,64384.200022,64384.200022,,2026-07-27,,
1086,Tradoor,TRADOOR,tradoor,0.5067192168305554,-0.54803503,-4.65302691,3.56352798,7270914.042301639,1222511.12847259,14349000.0,60000000.0,60000000.0,2026-07-27,,
1087,FC Barcelona Fan Token,BAR,fc-barcelona-fan-token,0.278414691331671,-0.03749928,-0.28916747,-1.41664152,7269345.782608454,2124650.04472395,26109778.0,39960000.0,39960000.0,2026-07-27,,
1088,Chainbounty,BOUNTY,sentinel-protocol,0.013932355285341641,0.4429817,-0.22274728,-1.63241639,7267089.925146989,261364.59965958,521598091.3717267,555416661.0,1000449852.0,2026-07-27,,
1089,iShares MSCI Emerging Markets Tokenized ETF (Ondo),EEMon,ishares-msci-emerging-markets-tokenized-etf-ondo,65.04719692474573,-0.747642,-0.37887247,1.75555087,7258016.863383105,1095136.37698652,111580.7783659,111580.7783659,,2026-07-27,,
1090,Inverse Finance,INV,inverse-finance,10.091088709701264,0.01000824,0.12293116,-6.7217472,7253264.6289752005,1044.93642536,718779.19594564,727000.0,,2026-07-27,,
1091,AhaToken,AHT,ahatoken,0.0009949835935539456,-0.08594584,-1.2159381,-0.82356824,7239030.003324019,29093.38825451,7275527003.884749,7673122637.674749,10500000000.0,2026-07-27,,
1092,Delysium,AGI,delysium,0.0035766285489721395,-0.34158282,0.47370246,0.09163729,7237058.374975174,428862.03673555,2023430243.281757,3000000000.0,,2026-07-27,,
1093,Venus DAI,vDAI,venus-dai,0.026188795368705893,0.00020021,0.00480729,0.07369335,7189809.682135515,0.0,274537625.0,274537625.0,,2026-07-27,,
1094,Haedal Protocol,HAEDAL,haedal-protocol,0.015779304657249506,0.21576332,1.02390216,2.63631309,7166434.203760586,1249492.11965222,454166667.0,1000000000.0,1000000000.0,2026-07-27,,
1095,OVERTAKE,TAKE,overtake,0.021523288788457974,0.56890346,3.04325669,-3.3830184,7158062.935810864,4408358.10751974,332572917.0,1000000000.0,1000000000.0,2026-07-27,,
1096,SUPRA,SUPRA,supra,0.00021863465887336485,0.72150276,-1.85094625,-7.26664895,7123856.529950471,323088.51536885,32583381640.67881,81946972185.43575,100000000000.0,2026-07-27,,
1097,NUMINE,NUMI,numine,0.020886221923503576,-0.62446512,0.09031582,1.23822228,7110320.4389208695,197101.62595175,340431144.75,1000000000.0,1000000000.0,2026-07-27,,
1098,Towns,TOWNS,towns,0.002152851646550933,1.07901779,-1.12154351,-4.2934142,7095561.309153063,6985277.41269256,3295889580.0,10562677716.0,,2026-07-27,,
1099,Swarms,SWARMS,swarms,0.007096196106722346,-0.23771931,2.20776496,7.50626317,7096088.457427407,6869094.60015011,999984830.0,999984830.0,,2026-07-27,,
1100,iShares 0-3 Month Treasury Bond Tokenized ETF (Ondo),SGOVon,ishares-0-3-month-treasury-bond-tokenized-etf-ondo,100.98747119458137,0.23099526,-0.14439784,0.12788974,7087291.583066883,1190472.27495385,70179.90944056,70179.90944056,,2026-07-27,,
1101,NAVI Protocol,NAVX,navi-protocol,0.008680153660306198,-0.91406336,5.2137593,-12.45781365,7084459.271230428,294380.1369937,816167495.24,1000000000.0,1000000000.0,2026-07-27,,
1102,Assemble AI,ASM,assemble-protocol,0.004718312839437033,0.0073273,-2.33262209,1.46572848,7077469.259155549,26654.52231749,1500000000.0,3000000000.0,3000000000.0,2026-07-27,,
1103,Taiwan Semiconductor Manufacturing Tokenized Stock (Ondo),TSMon,taiwan-semiconductor-manufacturing-tokenized-stock-ondo,410.78258654768797,0.12391743,0.66628522,0.86674284,7069794.930073126,1407475.24082352,17210.55166795,17210.55166795,,2026-07-27,,
1104,Daddy Tate,DADDY,daddy-tate,0.011778776933467832,1.10272032,6.20270811,3.98270288,7062692.063301412,206570.86643906,599611666.236221,599611666.236221,999689062.0,2026-07-27,,
1105,LUKSO,LYX,lukso-network,0.23000046927152268,-0.0712766,0.27573411,-4.5183605,7023272.845331382,108180.0081062,30535906.59,42115181.93,,2026-07-27,,
1106,Bitcoin Limited Edition,BTCLE,bitcoin-limited-edition,449.1658534297248,-0.2945967,0.30057418,-0.44679937,6997375.164240311,136351.17384012,15578.6,210000.0,210000.0,2026-07-27,,
1107,SpaceX tokenized stock (xStock),SPCXx,spacex-tokenized-stock-xtock,113.17790214868106,-0.2661412,1.34725769,-9.85277201,6966172.088190103,5206708.55490448,61550.63803037,259962.03934982,,2026-07-27,,
1108,Nimiq,NIM,nimiq,0.0004883999167854585,0.09246732,0.0607274,-7.31380814,6955497.789194096,29775.00598443,14241398391.24802,14241398391.24802,21000000000.0,2026-07-27,,
1109,Aergo,AERGO,aergo,0.015928529205144468,-4.66584433,5.0771867,-26.92583435,7804979.243125927,1696015.33936477,489999995.7689212,500000000.0,500000000.0,2026-07-27,,
1110,ULTILAND,ARTX,ultiland,0.0917314866230795,-0.00219857,-0.81574732,-4.52340196,6949449.091950234,970340.61317935,75758600.975314,107224664.215314,280000000.0,2026-07-27,,
1111,Apu Apustaja,APU,apu-apustaja,2.052264027612793e-05,3.71033914,4.88625404,24.11353082,6934377.403668726,192097.30712365,337889146346.0888,337889146346.0888,420690000000.0,2026-07-27,,
1112,Badger DAO,BADGER,badger-dao,0.3551612368220746,0.1315087,0.11756873,0.73865964,6921812.605026822,721530.03658079,19489211.90544915,21000000.0,21000000.0,2026-07-27,,
1113,Cookie DAO,COOKIE,cookie,0.008779626375304604,3.57063208,2.76378426,3.21975999,6865797.9922288405,1762158.32161464,782014826.0,999892387.0,1000000000.0,2026-07-27,,
1114,Everscale,EVER,everscale,0.0034527942586694426,1.95295369,-18.48270033,-22.93652945,6855604.07910296,16597.60682487,1985523482.0,2117524486.0,,2026-07-27,,
1115,MUX Protocol,MCB,mcdex,1.7914210294968511,0.0,-0.84168965,-4.24368451,6845956.666905895,0.0,3821523.0,4803143.0,4803143.0,2026-07-27,,
1116,Avici,AVICI,avici,0.5306003575610841,-0.1288087,-3.68176448,-15.44752757,6844736.653532621,458165.43347298,12899985.0,12899514.649782,12900000.0,2026-07-27,,
1117,Puffer,PUFFER,puffer,0.013511153832072685,0.06589757,1.57618211,6.74750545,6844570.873515517,1962675.88454296,506586703.0,1000000000.0,1000000000.0,2026-07-27,,
1118,FIGHT,FIGHT,fight-id,0.0033339105151571854,0.80282877,-2.39816648,4.09354605,6834516.55607223,1657329.68388425,2050000000.0,10000000000.0,10000000000.0,2026-07-27,,
1119,X Empire,X,x-empire,9.864822221548285e-06,-0.14121795,0.61840589,0.89558776,6806727.332868316,153134.76186728,690000000000.0,690000000000.0,690000000000.0,2026-07-27,,
1120,MARBLEX,MBX,marblex,0.024424010193905762,0.03412612,0.47482318,-1.75613439,6792894.274459013,686254.91650455,278123625.91274893,321277469.0,,2026-07-27,,
1121,Alpine F1 Team Fan Token,ALPINE,alpine-f1-team-fan-token,0.31816246796365105,0.46040159,-0.90802365,3.61478748,6788142.361107546,2830652.80155054,21335459.22168,40000000.0,40000000.0,2026-07-27,,
1122,Auki,AUKI,auki-labs,0.005348370615663584,0.18738088,11.58630579,10.25968327,6716412.458324892,39610.36297994,1255786657.4643822,9991616050.76035,10000000000.0,2026-07-27,,
1123,Heroes of Mavia,MAVIA,heroes-of-mavia,0.027161517328017446,0.40556658,0.85960954,2.01523626,6708003.311860086,1186449.77507581,246967179.0,250000000.0,256989887.032251,2026-07-27,,
1124,Pikaboss,PIKA,pikachu,1.5929359007030802e-08,0.0,2.92664994,2.64381309,6701322.040667788,0.0,420690000000000.0,420690000000000.0,420690000000000.0,2026-07-27,,
1125,OMG Network,OMG,omg,0.047678851849976195,0.33959308,-1.85989218,-0.55467097,6686739.565570598,1578011.33214443,140245398.24513277,140245398.24513277,140245399.0,2026-07-27,,
1126,OWB,OWB,owb,0.014618003046889334,-1.18714967,1.24295633,-13.53340366,6653112.352410302,88231.76262436,455131410.9779218,1000000000.0,1000000000.0,2026-07-27,,
1127,PepeCoin,PEPECOIN,pepecoin,0.06218483476842254,-0.62404607,3.90573773,4.40002856,6657335.4843007,93902.49945679,107057219.16111442,107630586.03315184,133769420.0,2026-07-27,,
1128,CREPE,CREPE,crepe,1.1342114410534926e-05,-0.02989556,-6.66788114,4.74955903,6587627.903215062,345191.97415394,580811272464.0,690000000000.0,690000000000.0,2026-07-27,,
1129,Telos,TLOS,telos,0.014611298445068043,0.17552201,0.06059282,8.95270329,6586683.806616386,842978.562245,450793872.38440007,467629079.7232,,2026-07-27,,
1130,Agoras: Tau Net,AGRS,agoras-tokens,0.22021869669360478,-0.13967235,-3.9003585,-15.33278155,6576129.063498929,16453.56895905,29861810.83728983,42000000.0,42000000.0,2026-07-27,,
1131,Marlin,POND,marlin,0.0007957465171672489,-0.05970404,-0.51439025,8.75980875,6547414.180777313,1820039.21819987,8228014876.0,10000000000.0,,2026-07-27,,
1132,Access Protocol,ACS,access-protocol,0.00012685585740948945,-0.63101927,-2.01210491,1.95960052,6539162.689848501,354156.24919303,51547975973.55043,90319402574.06741,,2026-07-27,,
1133,Bitlight,LIGHT,bitlight,0.15154808094057415,1.286239,-5.02451554,28.40032815,6525201.477712035,8154771.33962858,43056972.0,420000000.0,420000000.0,2026-07-27,,
1134,Divi,DIVI,divi,0.001376350977893396,0.01604216,6.79810739,6.15424926,6502259.09442884,8.15284432,4724273967.08143,4724273967.08143,,2026-07-27,,
1135,Loom Network,LOOM,loom-network,0.005224757958645,0.0,0.0,0.0,6493960.851592275,0.0,1242920897.5790398,1300000000.0,,2026-07-27,,
1136,Pepecoin,PEP,pepecoin-org,6.300336015214469e-05,-0.83515294,-3.61413534,-7.29743332,6484403.4820669675,25834.3274919,102921550000.0,102921550000.0,,2026-07-27,,
1137,WazirX,WRX,wazirx,0.016972758779863897,-0.69021685,-2.81654,-2.19861562,6481164.582693523,6033.14876037,381856872.3419691,962646668.99,,2026-07-27,,
1138,ORIGYN,OGY,origyn-foundation,0.0008262279072333311,0.03038086,1.24696518,-0.54968362,6468241.566632564,153306.41649142,7828640875.0,10414488766.549776,10620490364.0,2026-07-27,,
1139,Build On BNB,BOB,build-on-bnb,1.5311504030645747e-08,0.42828786,0.76382392,0.61273539,6441396.63065236,98272.34120509,420690000000000.0,420690000000000.0,420690000000000.0,2026-07-27,,
1140,QuickSwap [Old],QUICK,quickswap,9.599542006523071,-0.13649899,1.46985595,-0.27337641,6382139.1041896045,781.28515181,664837.8745416,897919.89781885,1000000.0,2026-07-27,,
1141,WeBuy,WE,webuy,0.017583707680664015,0.05872229,1.09269999,0.44322243,6365851.495428317,22858.91789414,362031240.0,2500000000.0,,2026-07-27,,
1142,iShares MSCI South Korea ETF Tokenized bStocks,EWYB,ishares-msci-south-korea-etf-tokenized-bstocks,165.1965868249354,-0.28322778,-0.95439592,0.86192127,6364736.821601106,4898036.69062774,38528.25862768,38528.25862768,,2026-07-27,,
1143,Mansory,MNSRY,mansory,0.006928792355854164,-0.13772666,1.24944863,-3.00708993,6235831.552792937,187089.01282351,899988227.75,899988227.75,1000000000.0,2026-07-27,,
1144,SymVerse (symverse.org),SYMM,symverse-org,0.03769949368532783,0.43628589,3.48631149,37.07926047,6227115.054915076,14956.67304819,165177684.0,315177684.0,315177684.0,2026-07-27,,
1145,KGST,KGST,kgst,0.011413924811933525,0.0387313,0.08395039,-0.16094882,6213654.629451378,1155299.18005288,544392462.0,544392462.0,,2026-07-27,,
1146,MCOIN,MCOIN,mcoin1,0.035027520920896005,0.03402478,0.25886432,-17.64312695,6199871.2029985925,351668.76336241,177000000.0,500000000.0,500000000.0,2026-07-27,,
1147,FC Porto Fan Token,PORTO,fc-porto,0.475910526550155,-0.94988863,1.53247744,6.73963138,6181224.12396522,2018755.79842757,12988206.35209,40000000.0,40000000.0,2026-07-27,,
1148,Coq Inu,COQ,coq-inu,8.84955617252138e-08,-0.32904497,-0.56825131,0.31758885,6143361.894964342,1104863.02478027,69420000000000.0,69420000000000.0,69420000000000.0,2026-07-27,,
1149,ELYSIA,EL,elysia,0.001205465620657882,0.55641064,-2.26698792,-1.67812677,6150765.346598468,385694.53629874,5102397978.99976,6803300704.688,7000000000.0,2026-07-27,,
1150,Origin Dollar,OUSD,origin-dollar,0.9993840104391989,0.00261653,0.00781075,-0.01776751,6135519.388983909,41611.21722398,6139301.13439331,6139301.13439331,,2026-07-27,,
1151,MAP Protocol,MAPO,map-protocol,0.0009821570033951457,-0.42706537,-0.29841348,-9.7677363,6122629.080378521,624472.06815001,6233859819.98159,9697223991.055454,10000000000.0,2026-07-27,,
1152,BeatSwap,BTX,beatswap,0.027195515342502925,0.01041199,-0.1704693,9.62512719,6112334.659314473,657446.81212184,224755243.0,1500000000.0,1500000000.0,2026-07-27,,
1153,Depinsim,ESIM,depinsim,0.04532467578981723,1.22295966,11.30337997,-10.37128326,6096168.893730418,834394.75455946,134500000.0,1000000000.0,1000000000.0,2026-07-27,,
1154,Treehouse,TREE,treehouse,0.03907124174019182,-0.63550215,3.54562885,11.60190275,6099897.945949769,5243478.09453012,156122449.0,1000000000.0,1000000000.0,2026-07-27,,
1155,Turtle,TURTLE,turtle-xyz,0.03925513447841196,-1.71827942,1.18532418,15.93559203,6072769.30381033,2836773.26741914,154700000.0,1000000000.0,1000000000.0,2026-07-27,,
1156,Vultisig,VULT,vultisig,0.09337752019681458,-0.00081354,10.80272043,8.38410205,6070644.421742193,683.80785739,65011840.20465435,100000000.0,100000000.0,2026-07-27,,
1157,Gitcoin,GTC,gitcoin,0.0693293169956811,0.72635993,0.83659514,4.11148275,6065726.069947492,2296596.0240796,87491501.9042429,100000000.0,,2026-07-27,,
1158,Micron Technology Inc tokenized stock (Backpack),MU,micron-technology-inc-tokenized-stock-backpack,943.0933603438789,0.83383632,0.37862816,9.64083116,6063181.817632375,596890.03003867,6429.036692,6429.036692,,2026-07-27,,
1159,Bitlayer,BTR,bitlayer,0.017965538254564508,1.4983721,1.87414303,5.44107019,5987660.711915729,1856949.29825044,333285907.0,1000000000.0,1000000000.0,2026-07-27,,
1160,Fuel Network,FUEL,fuel-network,0.0006877900323837722,-0.02736227,-1.63131923,2.4885571,5971902.617454542,296524.55668551,8682740860.254787,10355448761.54596,,2026-07-27,,
1161,U.S. Dollar Payment Token,USDPT,us-dollar-payment-token,1.0000647290935345,-0.00165471,0.051148,0.14339842,5922827.504441339,129331.7100943,5922444.15,5922444.15,,2026-07-27,,
1162,Tesla Tokenized Stock (Reality),rTSLA,tesla-tokenized-stock-reality,314.8071553297929,0.14605228,0.94896324,-17.53910373,5901681.508836069,0.0,18746.97385024,18746.97385024,,2026-07-27,,
1163,Elastos,ELA,elastos,0.2547067929560645,-1.13556827,-4.51991597,-7.3045785,5880848.2211111,122102.51477169,23088698.0,26229451.0,28219999.0,2026-07-27,,
1164,Bitgert,BRISE,bitrise-token,1.4822226871449123e-08,-0.16095467,0.4373494,-2.4495339,5865006.950763703,339207.35617017,395690000000000.0,1000000000000000.0,,2026-07-27,,
1165,Mamo,MAMO,mamo,0.009743879299729523,-0.27965212,0.43162137,1.46487093,5840462.317513146,733932.3895333,599398056.755,1000000000.0,1000000000.0,2026-07-27,,
1166,Layer3,L3,layer3-xyz,0.0047599183931209205,0.11795099,0.45699407,-8.60291849,5772516.712741279,3304584.47138416,1212734386.598681,3333333312.0,3333333333.0,2026-07-27,,
1167,Partisia Blockchain,MPC,partisia-blockchain,0.011399883390331603,0.00122269,-0.2557271,-2.64227533,5765214.912546526,152.7081021,505725779.3914,611653797.322,1000000000.0,2026-07-27,,
1168,Broadcom Tokenized Stock (Ondo),AVGOon,broadcom-tokenized-stock-ondo,390.2280735675556,0.58456833,1.31323388,3.74368182,5755647.399737224,2474594.28885696,14749.44472118,14749.44472118,,2026-07-27,,
1169,KAN,KAN,bitkan,0.0005934507033359193,-0.65898855,-0.33224376,-2.15463859,5730514.596465889,91894.07233502,9656260518.781734,10000000000.0,,2026-07-27,,
1170,BugsCoin,BGSC,bugscoin,0.0006134925883821172,-0.58067322,-3.85564943,4.36012189,5718759.398252933,208133.71487421,9321643825.126331,12985800644.0,14745800644.0,2026-07-27,,
1171,Polkastarter,POLS,polkastarter,0.05751326907449806,-0.63663422,0.28139491,2.68952087,5705870.256547139,93230.6422807,99209631.94000003,100000000.0,,2026-07-27,,
1172,Hyperion,RION,hyperion-xyz,0.16470424439897022,0.15648061,0.34155538,0.71121711,5708764.859751771,237636.38429873,34660702.768067,100000000.0,100000000.0,2026-07-27,,
1173,Aragon,ANT,aragon,0.13019828991193433,0.0,16.04338283,6.09402724,5623588.106930326,0.0,43192488.24799543,43192488.24799543,,2026-07-27,,
1174,inSure DeFi,SURE,insure,0.0002096501714782164,0.0,13.15331128,12.87863772,5616541.3384760935,0.0,26790063174.642704,88000000000.0,88000000000.0,2026-07-27,,
1175,SmarDex,SDEX,smardex,0.0005716643210190313,-0.03545668,1.27957139,-0.75304477,5604980.457026864,244099.93878366,9804670767.340523,10000000000.0,10000000000.0,2026-07-27,,
1176,Broccoli (firstbroccoli.com),BROCCOLI,broccoli,0.0056016571007609164,1.32225068,5.48325995,-5.33236622,5601657.100760916,3291150.02289952,1000000000.0,1000000000.0,1000000000.0,2026-07-27,,
1177,ProShares UltraPro QQQ Tokenized Stock (Ondo),TQQQon,proshares-ultrapro-qqq-tokenized-stock-ondo,66.43926171472818,0.03543618,1.28791639,-2.8091367,5593353.112054907,1509737.89120055,84187.46638202,84187.46638202,,2026-07-27,,
1178,Utrust,UTK,utrust,0.00794264068529994,0.00987858,0.00135834,-0.01508448,5592173.105180083,5099249.56478545,704069758.0,430217462.0,1000000000.0,2026-07-27,,
1179,South Korea Bull 3X ETF Tokenized bStocks,KORUB,south-korea-bull-3x-etf-tokenized-bstocks,18.519708854529775,-0.45639807,-2.33562679,-7.42322467,5579460.254042907,4129029.04696328,301271.48854601,301271.48854601,,2026-07-27,,
1180,SquidGrow,SQGROW,squid-grow,0.00557252671435398,1.20271282,-12.26739281,-14.87148261,5572526.71435398,62446.4067306,1000000000.0,1000000000.0,1000000000.0,2026-07-27,,
1181,RACA,RACA,radio-caca,1.3497185664017136e-05,0.00215303,0.37358928,1.3568257,5556391.430682178,332655.80137927,411670371068.18915,415670371068.18945,500000000000.0,2026-07-27,,
1182,Beta Finance,BETA,beta-finance,0.00555582719203921,-0.00115663,-6.52086588,-5.73034348,5555827.19203921,0.0,1000000000.0,1000000000.0,1000000000.0,2026-07-27,,
1183,iShares Russell 2000 Value Tokenized ETF (Ondo),IWNon,ishares-russell-2000-value-tokenized-etf-ondo,223.89106306218594,-0.23771297,-0.77201056,-0.19528084,5532509.824012952,725606.55990399,24710.72202858,24710.72202858,,2026-07-27,,
1184,Phoenix,PHNIX,phoenix-xrp,1.0430508441277535e-05,0.261637,1.20187758,4.63825973,5528160.192789822,61514.395719,529999110198.0,589000000000.0,589000000000.0,2026-07-27,,
1185,Venus LINK,vLINK,venus-link,0.1782109517019591,-0.35000443,4.08590606,3.12382277,5508021.486069381,0.0,30907312.0,30907312.0,,2026-07-27,,
1186,VNX Gold,VNXAU,vnx-gold,130.67338912290728,0.03536706,-0.18382887,2.23711159,5501349.682074397,2138.73219914,42100.0,44100.0,,2026-07-27,,
1187,Upland (SPARKLET),SPARKLET,upland-sparklet,0.019881254633734427,-0.01525194,-0.20625245,-1.32028879,5485406.935756166,157727.49089337,275908489.52,1000000000.0,1000000000.0,2026-07-27,,
1188,Realio Network,RIO,realio-network,0.03395638888698608,0.13314129,5.84520839,9.44117895,5467406.295121798,157284.83069862,161012595.10598913,161012595.10598913,175000000.0,2026-07-27,,
1189,Saga,SAGA,saga,0.013117267543290307,-0.56844634,-1.37561194,7.84939384,5463413.1454259055,5227601.43871247,416505429.0,1104581084.0,,2026-07-27,,
1190,DAOBase,BEE,daobase,0.03125348782146485,0.9986846,7.76260974,-30.49110295,5440919.111256218,554950.52300072,174089981.32744092,1023877462.925673,1000000000.0,2026-07-27,,
1191,Anthropic tokenized stock (PreStocks),ANTHROPIC,anthropic-tokenized-stock-prestocks,734.9764832697376,-0.21140311,-0.30526066,-9.93652124,5426984.008138679,3723.29842539,7383.88796332,7383.88796332,,2026-07-27,,
1192,Hydranet,HDN,hydranet,0.02878467374120998,0.09443809,-0.5997332,-2.02786098,5411897.684901359,120746.89070544,188013167.47784916,300000000.0,300000000.0,2026-07-27,,
1193,StablR USD,USDR,stablr-usd,0.2533242384527774,-0.00422559,13.29851136,-9.45243229,5408616.86727586,115.5023496,21350569.926944,21350569.926944,,2026-07-27,,
1194,ANyONe Protocol,ANYONE,anyone-protocol,0.05528379862338023,-0.13596961,2.9698512,-3.60495254,5390168.460722897,72664.68420943,97499965.5404165,100000000.0,100000000.0,2026-07-27,,
1195,Portal To Bitcoin,PTB,portaltobitcoin,0.0006731423621768603,1.73725245,-3.84577452,18.65709714,5400298.709308423,1159539.63333605,8022520959.525584,8313031943.025996,8400000000.0,2026-07-27,,
1196,Save,SAVE,save,0.11696966723922124,0.0,0.20084898,-2.84479645,5341167.5509068025,0.0,45662843.0,50000001.0,,2026-07-27,,
1197,DAO Maker,DAO,dao-maker,0.0254395779605788,-0.17763806,0.51109392,-3.8952907,5331510.961746817,1044386.40738673,209575448.53961542,269141360.26415557,,2026-07-27,,
1198,Graphite Protocol,GP,graphite-protocol,0.15211195918565446,-0.06222283,3.48802224,3.81919679,5332862.760963394,136798.37848694,35058800.04118921,58649001.40419857,,2026-07-27,,
1199,dYdX (ethDYDX),ETHDYDX,dydx-ethdydx,0.12755962722394257,-0.00182935,3.70000295,5.38233962,5313747.972227005,2251535.73114151,41656973.19652899,1000000000.0,,2026-07-27,,
1200,Manchester City Fan Token,CITY,manchester-city-fan-token,0.3868812229680755,0.10949727,-0.15391716,-0.41681117,5304048.3285175795,898672.09257989,13709759.0,19740000.0,19740000.0,2026-07-27,,
1201,PepeFork,PORK,pepefork,1.3001529540891933e-08,1.15314574,12.4855147,30.58630918,5299757.991297363,28845.38498686,407625731620941.9,420690000000000.0,420690000000000.0,2026-07-27,,
1202,Aspecta,ASP,aspecta,0.013861901482456501,-0.14814699,-2.44353691,-5.34199208,5289050.526054671,506381.01314761,381553031.0,1000000000.0,1000000000.0,2026-07-27,,
1203,Alephium,ALPH,alephium,0.03886500956971799,-0.15563321,0.8571438,5.42395549,5263534.773088488,196963.56815036,135431197.14524955,223071283.07172906,,2026-07-27,,
1204,BFG Token,BFG,betfury,0.004687192146446706,3.063e-05,-0.35174299,-2.39910096,5262821.135051032,0.0,1122808916.43,3327754200.68,,2026-07-27,,
1205,Creta World,CRETA,creta-world,0.0017602150110444515,0.01677761,-5.03330387,4.4134823,5239085.510164231,89806.47798156,2976389519.059684,10000000000.0,10000000000.0,2026-07-27,,
1206,Alchemix,ALCX,alchemix,2.067573962165873,-0.37459744,2.20869734,6.13342007,5223879.100102623,275631.36497505,2526574.2341959,2689153.31236575,,2026-07-27,,
1207,Quickswap [New],QUICK,quickswap-new,0.007833033855844766,-0.30430399,1.93059391,0.93678409,5210533.320519516,323667.29004893,665199897.8188481,897919897.8188481,1000000000.0,2026-07-27,,
1208,Eli Lilly Tokenized Stock (Ondo),LLYon,eli-lilly-tokenized-stock-ondo,1204.9233099845133,-0.02460485,0.31047376,1.60452598,5207525.982134966,1533505.54629716,4321.87338313,4321.87338313,,2026-07-27,,
1209,Mame Inu,MAME,mame-inu,0.00579261381745453,0.11342556,22.88640436,-5.01540058,5201545.061322104,1323471.63930578,897961649.9979,897961649.9979,1000000000.0,2026-07-27,,
1210,Zypher Network,POP,zypher-network,0.002175043792262767,-0.20120802,0.70392157,2.80224262,5192917.0562024,3038906.79683893,2387500001.0,10000000000.0,10000000000.0,2026-07-27,,
1211,Pitbull,PIT,pitbull,1.291383639736487e-10,-0.1404004,4.44475893,0.85200334,5190349.536911345,70577.02654448,4.019215806366e+16,1e+17,1e+17,2026-07-27,,
1212,Green Satoshi Token (SOL),GST,green-satoshi-token,0.001046066590160905,0.24133093,-2.21007944,13.91904269,5121765.762584681,28219.88180194,4896213884.239296,4906213884.239296,,2026-07-27,,
1213,NetX,NETX,netx,0.215049730519393,-1.87731114,0.98052765,-24.84811586,5174817.440987771,215328.71131628,24063352.36268111,30000000.0,50000000.0,2026-07-27,,
1214,Google Tokenized Stock (Reality),rGOOGL,google-tokenized-stock-reality,321.6008356098392,-0.03112957,0.72669727,-7.65654294,5168452.841667068,0.0,16071.0180739,16071.0180739,,2026-07-27,,
1215,Oracle Tokenized Stock (Ondo),ORCLon,oracle-tokenized-stock-ondo,119.103537741418,-0.19030161,-1.14403174,-6.93751097,5138984.770567891,1096319.21826276,43147.20509583,43147.20509583,,2026-07-27,,
1216,McDull,MCDULL,mcdull,6.794924555025025e-07,0.0,2.84227157,0.66951843,5133942.997128962,0.0,7555555555554.0,8888888888888.0,8888888888888.0,2026-07-27,,
1217,PAAL AI,PAAL,paal-ai,0.005139823254168086,-0.44083692,0.44844372,-9.20682088,5133838.568371591,1228910.12701955,998835624.203295,1000000000.0,1000000000.0,2026-07-27,,
1218,Hivemapper,HONEY,hivemapper,0.0008363280767299326,-1.05138404,-3.26152006,-24.38626635,5128613.928424046,101542.27295191,6132299119.356459,6565706568.521485,10000000000.0,2026-07-27,,
1219,Polyhedra Network,ZKJ,polyhedra-network,0.006463429262590695,-0.92128053,-0.6249396,-1.96564117,5110022.250815549,1496112.48898104,790605426.8113599,1000000000.0,1000000000.0,2026-07-27,,
1220,Helium Mobile,MOBILE,helium-mobile,5.7120184107087955e-05,-0.09874001,-0.52465561,-20.3254571,5099690.037080812,12507.3868194,89280000000.0,100880000000.0,,2026-07-27,,
1221,Minswap,MIN,minswap,0.002935118290947857,-1.32180574,-0.33404586,-4.2800971,5072977.50644693,118992.88017689,1728372421.0,2470721795.0,2500000000.0,2026-07-27,,
1222,district0x,DNT,district0x,0.005065266852863691,-0.21033696,-3.46596217,-11.06279832,5065266.852863691,3309.77640117,1000000000.0,1000000000.0,,2026-07-27,,
1223,Juventus Fan Token,JUV,juventus-fan-token,0.32107277085496,0.16418163,-1.30927532,-1.21913678,5057682.127108673,2854337.94157379,15752448.0,19956000.0,19956000.0,2026-07-27,,
1224,AMO Coin,AMO,amo-coin,0.00023811242721691455,-0.88544692,-4.57785045,-8.55876512,5047983.4569985885,22910.00248648,21200000000.0,21200000000.0,21200000000.0,2026-07-27,,
1225,crow with knife,CAW,crow-with-knife,6.546750831758712e-09,0.05342941,1.12264952,-2.57515711,5040090.7459381325,3801.38644806,769861397731578.0,777777777777777.0,777777777777777.0,2026-07-27,,
1226,Arm Holdings plc Tokenized Stock (Ondo),ARMon,arm-holdings-plc-tokenized-stock-ondo,265.0481323711386,0.28046378,0.99672734,-1.61988728,5019213.818782385,1358633.88272507,18936.98994926,18936.98994926,,2026-07-27,,
1227,Pangolin,PNG,pangolin,0.02129383239700661,0.27095767,-3.40896059,1.47564439,5019160.46123948,467258.58693767,235709588.0,230000000.0,538000000.0,2026-07-27,,
1228,Zircuit,ZRC,zircuit,0.0008185282947146922,-0.34814992,-5.41533882,-10.65668341,5000270.559400642,863409.25355496,6108854870.0,10000000000.0,,2026-07-27,,
1229,Kryll,KRL,kryll,0.12489301121287001,0.03823237,0.96230544,-0.0543695,4983526.969151556,9951.03980275,39902368.60137464,49417348.0,49417348.0,2026-07-27,,
1230,VNX Swiss Franc,VCHF,vnx-swiss-franc,1.2242021358695565,0.02946025,-0.0652544,-0.20401466,4982345.316687364,4329.22271376,4069871.44582,4069871.44582,,2026-07-27,,
1231,LimeWire,LMWR,limewire,0.009836256271395035,-1.14434263,-12.7840522,3.93650856,4976853.904076479,1689477.33967301,505970337.3680638,633045269.0,633045269.0,2026-07-27,,
1232,KYVE Network,KYVE,kyve-network,0.004093133743288915,-0.48753391,-11.87523386,-6.467613,4935543.782334052,21366.18023529,1205810533.414978,1275479524.414978,,2026-07-27,,
1233,Bluefin,BLUE,bluefin,0.008950178225877993,-0.04395013,2.74846963,-2.47719404,4935640.00018919,1887054.81682742,551457175.0,1000000000.0,1000000000.0,2026-07-27,,
1234,Coreum,COREUM,coreum,0.012694780430003182,-0.07620788,-6.73677579,-0.96985329,4884850.560571245,420.24534788,384792048.0,897767382.677904,,2026-07-27,,
1235,LeverUp,LV,leverup,0.054147930518591694,-0.36482123,1.91497523,1.4336166,4873313.746673252,1098.72056797,90000000.0,1000000000.0,1000000000.0,2026-07-27,,
1236,RHEA Finance,RHEA,rhea-finance,0.012225048039521284,-0.08082064,-0.01027109,-4.89390102,4859045.896348003,265009.9913499,397466405.09220254,999574423.025856,1000000000.0,2026-07-27,,
1237,Hemi,HEMI,hemi,0.004967717675523212,0.87706368,-1.63624974,9.91854069,4855944.02782394,5155499.63530903,977500000.0,10000000000.0,,2026-07-27,,
1238,Amaterasu Omikami,OMIKAMI,amaterasu-omikami,0.005123305771934874,0.03372153,0.08254835,-0.63132654,4851647.663040163,6336.38538232,946976011.0,999476011.0,1000000000.0,2026-07-27,,
1239,Luna by Virtuals,LUNA,luna-by-virtuals,0.004837393856449135,1.391e-05,1.63913316,-2.89743952,4837393.856449135,0.0,1000000000.0,1000000000.0,1000000000.0,2026-07-27,,
1240,BitMine Immersion Technologies Tokenized Stock (Ondo),BMNRon,bitmine-immersion-technologies-tokenized-stock-ondo,16.70347219178118,0.125833,4.44236098,5.02054742,4830161.90750558,1000315.29407067,289171.12873587,289171.12873587,,2026-07-27,,
1241,Alltoscan,ATS,alltoscan,0.06525486619014063,0.08336406,4.13019978,0.60037557,4811392.635796952,165212.32237233,73732319.3917438,98561539.0,100000000.0,2026-07-27,,
1242,PumpBTC (Governance token),PUMP,pumpbtc-pump,0.009292912850083044,0.80111152,-0.20630869,-2.79011393,4804010.455393124,2703058.96721801,516954213.69955,1000000000.0,1000000000.0,2026-07-27,,
1243,S.S. Lazio Fan Token,LAZIO,lazio-fan-token,0.36425316432795035,0.29606966,-0.57149389,-0.26656252,4800462.918168214,1044961.0737685,13178918.91763,40000000.0,40000000.0,2026-07-27,,
1244,Marvell Tokenized Stock (Reality),rMRVL,marvell-tokenized-stock-reality,199.4844325760068,0.58740304,2.3568401,4.78059216,4789486.099377005,0.0,24009.32261996,24009.32261996,,2026-07-27,,
1245,Populous,PPT,populous,0.08984478688283977,0.0,23.72890506,-7.44003588,4784436.692398495,0.0,53252245.99438964,53252246.0,53252246.0,2026-07-27,,
1246,Robinhood Markets Tokenized Stock (Ondo),HOODon,robinhood-markets-tokenized-stock-ondo,97.24639199550992,0.65386386,1.83711733,-2.97144147,4776858.76222103,1799129.11771244,49121.19271676,49121.19271676,,2026-07-27,,
1247,Edel,EDEL,edel,0.007752258016284817,2.68754394,1.60549351,-18.76553061,4772367.23620319,744073.4488429,615609958.5666646,1000000000.0,1000000000.0,2026-07-27,,
1248,Milady Meme Coin,LADYS,milady-meme-coin,6.493435201982887e-09,0.23488472,3.24015932,-1.34085986,4768558.18639539,142133.67094982,734366023232083.0,888000888000888.0,888000888000888.0,2026-07-27,,
1249,Viction,VIC,viction,0.03726213498180736,0.22030328,0.54290955,-0.35022586,4748911.187660324,1730267.35359206,127446030.4,210000000.0,210000000.0,2026-07-27,,
1250,HOPR,HOPR,hopr,0.01388296479976978,2.39800353,3.41889282,1.08246076,4736504.036482237,65347.52881335,341173813.0,394545361.0,1000000000.0,2026-07-27,,
1251,Lingo,LINGO,lingo,0.009698650612634885,0.0849651,1.45041182,10.76935673,4715543.409687288,157793.44129966,486206133.0,486206133.0,1000000000.0,2026-07-27,,
1252,ParagonsDAO,PDT,paragonsdao,0.05724313986165119,0.0,-1.2342676,-4.20109731,4712850.827195119,0.0,82330403.93286309,84467740.26777703,162500000.0,2026-07-27,,
1253,Koma Inu,KOMA,koma-inu,0.0077695488920517235,-0.26897941,-1.98430052,5.01378797,4707991.975293817,1070954.82738792,605954353.425861,605954353.425861,1000000000.0,2026-07-27,,
1254,Marvell Technology Tokenized bStocks,MRVLB,marvell-technology-tokenized-bstocks,199.35046177940114,0.20132327,1.13425141,4.57827021,4674673.23967305,1066707.21686346,23449.5230056,23449.5230056,,2026-07-27,,
1255,NEM,XEM,nem,0.0005097512005650354,-1.80917667,-1.58536414,13.69212166,4587760.804575567,356368.71884192,8999999999.0,8999999999.0,8999999999.0,2026-07-27,,
1256,Rain Coin,RAIN,rain-coin,4.665139569959846,-0.83750324,-1.48910026,-2.83761432,4665139.569959846,7921.55159037,1000000.0,1000000.0,1000000.0,2026-07-27,,
1257,Wexo,WEXO,wexo,0.01587893765203019,-0.50268902,1.35531837,-7.8407116,4655580.489193251,98975.4156046,293192189.0,920900277.0,928000000.0,2026-07-27,,
1258,Neon EVM,NEON,neon,0.01914623368510204,-0.16678899,-0.89799577,2.30337486,4584862.939468112,566558.34216322,239465527.0,1000000000.0,1000000000.0,2026-07-27,,
1259,Nomina,NOM,nomina,0.0015805270672497591,0.59216785,4.34286949,4.32525838,4583528.495024301,5919601.08399891,2900000000.0,7500000000.0,7500000000.0,2026-07-27,,
1260,MORI COIN,MORI,mori-coin,0.005674925880021836,-0.06896057,4.02647506,0.30593209,4539986.018300621,868126.77475502,800007985.0,999998186.0,999999999.0,2026-07-27,,
1261,Obyte,GBYTE,obyte,4.829284485586761,0.19258285,-5.70708266,-1.80544777,4531058.907970688,4626.03203488,938246.4258409,1000000.0,1000000.0,2026-07-27,,
1262,NKN,NKN,nkn,0.0056236969695804655,-1.20749425,0.42290843,-21.7871621,4516784.346847048,160961.7100899,803169938.0814976,803169938.0814976,1000000000.0,2026-07-27,,
1263,WhiteCoin,XWC,whitecoin,0.005880551330022067,-0.18466827,3.02958082,-12.25130014,4494650.18076836,752923.12330016,764324623.4110321,971792390.0,1000000000.0,2026-07-27,,
1264,MonaCoin,MONA,monacoin,0.06834681233775684,0.15573412,0.83015267,1.35364975,4492413.753441491,68.40114805,65729674.871168,65729674.871168,105120000.0,2026-07-27,,
1265,Alitas,ALT,alitas,0.00589796856622323,-0.00285202,-2.914909,-6.85330619,4482456.110329655,24.08200725,760000000.0,1000000000.0,1000000000.0,2026-07-27,,
1266,XMAQUINA,DEUS,deus-token,0.02223294363205913,0.04009207,0.94071163,-7.07512692,4477079.3389944965,75344.33306959,201371415.9081798,999987281.5088582,1000000000.0,2026-07-27,,
1267,Hey Anon,ANON,hey-anon,0.3220923794578177,0.02144868,0.9326582,7.14298708,4464101.516367,127522.39423301,13859693.060362,20961083.951299,20961083.951299,2026-07-27,,
1268,CONX,XPLA,xpla,0.004558282859942615,1.30422827,-2.71365838,-0.67602265,4461103.670760567,367236.29726474,978680746.2002761,1999879778.2998,2000000000.0,2026-07-27,,
1269,AIVille Governance Token,AIV,aiville,0.00159848554243242,0.07931513,3.76595905,18.71812352,4439250.10902162,24.97349171,2777160000.0,10000000000.0,10000000000.0,2026-07-27,,
1270,PRIZM,PZM,prizm,0.0009391542287246901,0.01001001,1.10715455,6.80751746,4429144.660833379,0.0,4716099364.05,4716099364.05,6000000000.0,2026-07-27,,
1271,Nebius Group Tokenized Stock (Ondo),NBISon,nebius-group-tokenized-stock-ondo,196.98590748715438,0.32731121,1.16427239,9.47106875,4419460.981907782,2054861.49638739,22435.41702188,22435.41702188,,2026-07-27,,
1272,Splintershards,SPS,splintershards,0.002827467853225871,0.04632956,1.83979705,1.65351262,4411935.646288418,819.54932335,1560384016.8349998,2751363380.673,3000000000.0,2026-07-27,,
1273,Epic Private Internet Cash,EPIC,epic-cash,0.2550229537881171,-2.25290448,-1.97718638,-8.15400705,4406701.772919854,3631.26261697,17279628.0,19338759.0,21000000.0,2026-07-27,,
1274,ANDY (ETH),ANDY,boysclubandy,4.40395792926385e-06,-0.02206997,9.77577899,12.03196298,4403957.92926385,299.62052356,1000000000000.0,1000000000000.0,1000000000000.0,2026-07-27,,
1275,Lava Network,LAVA,lava-network,0.016602126522218236,0.012308,1.84502529,5.30482835,4391369.8974874485,621334.74148632,264506471.0,959853317.783747,,2026-07-27,,
1276,SCOR,SCOR,scor,0.012345366547691828,0.37645234,0.34853244,15.04137995,4380511.15577362,191153.07457244,354830384.24587154,4000000000.0,4000000000.0,2026-07-27,,
1277,Gearbox Protocol,GEAR,gearbox-protocol,0.0004372554852614873,-0.00056233,7.96904394,-4.81731392,4372554.852614873,42.48605612,10000000000.0,10000000000.0,10000000000.0,2026-07-27,,
1278,doginme,DOGINME,doginme,6.451988844002935e-05,-0.32769312,0.91655859,-2.26889386,4362786.988276128,251454.81384678,67619258088.6326,67619258088.6326,69000000000.0,2026-07-27,,
1279,Sperax,SPA,sperax,0.00212795605617672,-0.13672824,-3.06003568,-2.42285867,4358484.460896659,161035.02351059,2048202287.0,4615267291.67,5000000000.0,2026-07-27,,
1280,Lockheed Tokenized Stock (Ondo),LMTon,lockheed-tokenized-stock-ondo,591.1349448188126,-0.04312879,-0.28876001,12.6541055,4356885.867022235,1440253.54824206,7370.37440471,7370.37440471,,2026-07-27,,
1281,PayAI Network,PAYAI,payai-network,0.00435650598011947,3.269933,7.1203598,-1.07376309,4356269.119751179,1582031.52017187,999945630.6569135,999945630.6569135,1000000000.0,2026-07-27,,
1282,RSS3,RSS3,rss3,0.004654348993789372,0.07867307,-0.98603281,-11.65073378,4326773.218148732,1195142.13364997,929619421.3030119,1055772199.8297999,1000000000.0,2026-07-27,,
1283,MAGIC•INTERNET•MONEY (Bitcoin),MIM,magic-internet-money-bitcoin,0.00020598040957531903,-0.01102718,-3.16136877,-0.76651976,4325588.6010817,2772.86189139,21000000000.0,21000000000.0,21000000000.0,2026-07-27,,
1284,Croatian Football Federation Token,VATRENI,croatian-ff-fan-token,1.1193118768954997,0.16603076,0.63647933,-22.28443315,4325047.955809256,4917.9764647,3864024.0,20999999.44183582,30000000.0,2026-07-27,,
1285,Diamond,DMD,diamond,1.1699787984881127,-0.75207265,4.4462392,4.39910223,4321273.061237127,23868.00509546,3693462.70788943,4380000.0,4380000.0,2026-07-27,,
1286,Enzyme,MLN,enzyme,1.3114153616134938,-0.03962375,-4.31301988,2.32601976,4296603.971564883,1053569.85682835,3276310.53999442,3276930.15566634,,2026-07-27,,
1287,MESSIER,M87,messier,4.849162649886273e-06,0.00127676,1.80469377,-0.09558768,4290763.599483535,121411.1808958,884846293944.0,884846293944.0,884846293944.0,2026-07-27,,
1288,Mitosis,MITO,mitosis,0.02341808047743922,-0.3319011,1.57544139,10.02594283,4245067.622669439,3177368.82648817,181273082.0,1000000000.0,1000000000.0,2026-07-27,,
1289,Manyu (manyushiba.com),MANYU,manyu-ethereum,4.2399049840020355e-09,-0.68479156,2.54072086,44.93494161,4239904.984002035,2820809.70104618,1000000000000000.0,1000000000000000.0,1000000000000000.0,2026-07-27,,
1290,Galeon,GALEON,galeon,0.0050740259198482195,0.0,1.30688988,2.43929162,4184947.676475061,0.0,824778537.3158374,3931074356.4648747,4000000000.0,2026-07-27,,
1291,ShareX,SHARE,sharex-network,0.23213601961403874,0.09941997,0.66530493,9.46624355,4178448.353052697,1186873.30029483,18000000.0,100000000.0,100000000.0,2026-07-27,,
1292,Marina Protocol,BAY,marina-protocol,0.020883367929969934,-0.31195939,-0.14991847,-7.6139339,4176673.5859939866,474023.80240603,200000000.0,1000000000.0,1000000000.0,2026-07-27,,
1293,SIX Token,SIX,six,0.0048843055329974945,-0.24486512,1.65436192,-3.12356215,4156380.9222345436,388516.02025453,850966610.126,999999970.0,1000000000.0,2026-07-27,,
1294,Landwolf 0x67,WOLF,landwolf-coin,4.605821108167093e-06,0.00726415,8.64834836,-1.36122737,4155185.291753449,127277.84032098,902159505150.0,902159505150.0,1000000000000.0,2026-07-27,,
1295,Open Loot,OL,open-loot,0.0051718657071067355,-0.59389922,-1.18346448,2.03368909,4141158.5139848967,348300.46272695,800708825.1140146,5000000000.0,5000000000.0,2026-07-27,,
1296,SUNDOG,SUNDOG,sundog,0.004139583407442699,-0.57259678,-0.20413192,2.17862386,4128905.7908390416,2687348.57379338,997420606.0,1000000000.0,1000000000.0,2026-07-27,,
1297,Australian Digital Dollar,AUDD,novatti-australian-digital-dollar,0.702565042851158,7.82e-06,0.36802952,0.78508493,4123579.0573071586,467.3548256,5869320.0,5670229.704638,,2026-07-27,,
1298,PIBBLE,PIB,pibble,0.00013894980029695753,-0.40780816,1.80592298,5.26807446,4119653.278140664,20245.6086291,29648500892.670006,29648500892.670006,30000000000.0,2026-07-27,,
1299,Tokemak,TOKE,tokemak,0.04562343882881933,0.00689599,-9.95767255,-1.32310335,4115942.7686571567,1015.78055103,90215531.19001643,100000000.0,100000000.0,2026-07-27,,
1300,Bitcoin Gold,BTG,bitcoin-gold,0.23376588505852502,-0.0004988,-37.41044875,-6.00378176,4094157.848629964,24.50638189,17513923.589,17513923.589,21000000.0,2026-07-27,,
1301,Keyboard Cat,KEYCAT,keyboard-cat,0.0004086694306604191,-0.31807597,-2.88277061,3.41622917,4086694.306604191,97791.30489202,10000000000.0,10000000000.0,10000000000.0,2026-07-27,,
1302,SpaceX Tokenized Stock (Reality),rSPCX,spacex-tokenized-stock-reality,113.07481383759428,-0.27012821,-0.20774286,-9.8164313,4062575.853274137,0.0,35928.21173342,35928.21173342,,2026-07-27,,
1303,Odos,ODOS,odos,0.0010812366776370617,-0.9575563,-1.72130549,-1.28238703,4042995.500232712,473159.91201453,3739232661.870376,10000000000.0,10000000000.0,2026-07-27,,
1304,雪球,雪球,xue-qiu,0.007327178357445222,0.01560819,-2.46969304,52.46622587,4023501.7258186,272937.23696102,549120211.0196046,549120211.0196046,1000000000.0,2026-07-27,,
1305,CateCoin,CATE,catecoin,7.018171281470695e-08,0.31686241,6.69876413,10.17899198,4019523.620802486,10791.70797382,57273090946281.0,60000000000000.0,,2026-07-27,,
1306,Sport.Fun,FUN,sport-fun,0.022448810695987864,0.85086408,-1.51578961,2.83526477,3995888.30388584,329397.22792778,178000000.0,1000000000.0,1000000000.0,2026-07-27,,
1307,SpaceChain,SPC,spacechain,0.012998348139281813,0.20130087,1.89549336,17.40579884,3992868.066915008,1598.93935096,307182730.0,391259213.0,,2026-07-27,,
1308,Scroll,SCR,scroll,0.021003138416496574,0.02994006,-4.15171143,-7.31438093,3990596.299134349,4974914.24166578,190000000.0,1000000000.0,1000000000.0,2026-07-27,,
1309,Venus LTC,vLTC,venus-ltc,0.9621349902111086,0.11506917,1.49928059,0.1947546,3985526.8164807116,0.0,4142378.0,4142378.0,,2026-07-27,,
1310,ASML Holding NV Tokenized Stock (Ondo),ASMLon,asml-holding-nv-tokenized-stock-ondo,1779.8665648146196,0.69638889,0.80556599,1.11075014,3977885.394486032,2559388.04859866,2234.93461427,2234.93461427,,2026-07-27,,
1311,Ski Mask Dog,SKI,ski-mask-dog,0.004005323543929822,4.81097358,12.63712264,-9.68970351,3962855.2866437407,12483.22352795,989397047.0,1000000000.0,1000000000.0,2026-07-27,,
1312,SPACEM WORLD,SPCM,spacem,0.00040641825618254477,-0.07191286,-1.99761029,-14.67825947,3952302.9147638557,247764.24228947,9724717959.0,42582201726.0,42582201726.0,2026-07-27,,
1313,Unstable Coin (usduc.io),USDUC,unstable-coin-sol,0.003946431471015477,-0.74059494,-6.18364149,-17.10966546,3946100.8950898065,851166.86821645,999916234.216127,999916234.216127,1000000000.0,2026-07-27,,
1314,Ref Finance,REF,ref-finance,0.041075442701786924,0.0,0.35537702,-6.77012134,3943044.672490218,0.0,95995183.81620954,99990506.14259167,99990506.14259167,2026-07-27,,
1315,Roundhill Memory ETF Tokenized ETF (Ondo),DRAMon,roundhill-memory-etf-tokenized-etf-ondo,54.60093142433073,0.33410902,0.61246046,3.02054285,3938467.789987957,278554.8773509,72131.87920514,72131.87920514,,2026-07-27,,
1316,Pkoin,PKOIN,pocketnet,0.281634592734468,-0.00505285,-0.1855214,-2.74969837,3921529.918557646,22321.68236057,13924177.0,16609085.0,24375000.0,2026-07-27,,
1317,Nebius Tokenized bStocks,NBISB,nebius-tokenized-bstocks,195.61564066189408,0.13435588,1.00704128,7.61145066,3916539.064555715,1930732.45590005,20021.60487425,0.0,,2026-07-27,,
1318,DaGama World,DGMA,dagama-world,0.024928620696192016,-0.04347728,-0.1752534,-7.61457152,3906155.8218119754,89444.58430892,156693620.13312924,700000000.0,700000000.0,2026-07-27,,
1319,SpaceN,SN,spacen,0.09721234077752999,0.20240337,0.70509942,-0.07927516,3889465.754508975,0.0,40010000.0,1000000000.0,1000000000.0,2026-07-27,,
1320,VestChain,VEST,vestchain,0.0009827243706142237,0.0,0.0,0.0,3877782.587367552,0.0,3945951381.0,3945951381.0,,2026-07-27,,
1321,AC Milan Fan Token,ACM,ac-milan-fan-token,0.2801700557125688,-0.06257679,-0.4887492,-2.05539475,3875783.45664996,1071178.17898416,13833682.0,19920000.0,19920000.0,2026-07-27,,
1322,ARAI,AA,arai,0.026353901317062563,6.03410583,-6.7185707,226.7622204,3883185.0584464553,1761874.75907228,147347636.0,1000000000.0,1000000000.0,2026-07-27,,
1323,elizaOS,ELIZAOS,elizaos,0.00040915443790574444,-0.17917171,1.14437361,-4.951594,3883856.7104034405,2346292.94261302,9492397859.06502,10999984882.285799,11000000000.0,2026-07-27,,
1324,Destra Network,DSYNC,destra-network,0.003951778362906841,-0.04800509,1.66400472,23.94656527,3852777.2658616146,560005.30461636,974947710.1310906,999874315.1676701,1000000000.0,2026-07-27,,
1325,Boson Protocol,BOSON,boson-protocol,0.022595856020004135,-0.33690402,1.94287064,-6.00868995,3851768.5908194454,54760.21573736,170463495.0501309,200000000.0,200000000.0,2026-07-27,,
1326,LOFI,LOFI,lofitheyeti,0.003850772229519994,-0.1284207,6.41434283,5.87290128,3850772.229519994,190571.36570761,1000000000.0,1000000000.0,1000000000.0,2026-07-27,,
1327,Tectonic,TONIC,tectonic,1.55e-08,0.91145833,1.30718954,-4.46229244,3839875.1385910343,2708.4855,247733879909099.0,500000000000000.0,,2026-07-27,,
1328,Purple Pepe,$PURPE,purple-pepe,9.177143337688261e-06,0.16766532,3.97104712,-3.08922579,3828830.862424758,193837.34587618,417213801892.0,420683240832.10004,420690000000.0,2026-07-27,,
1329,Nash,NEX,nash,0.08623523777191545,0.0,-2.20048245,-24.25574872,3822501.7828644463,0.0,44326448.0,50000000.0,50000000.0,2026-07-27,,
1330,Qualcomm Tokenized Stock (Ondo),QCOMon,qualcomm-tokenized-stock-ondo,173.22042890634768,0.16623315,2.80269206,-2.62449968,3822303.206661844,1203481.18794647,22066.12251681,22066.12251681,,2026-07-27,,
1331,Games for a Living,GFAL,games-for-a-living,0.0009091816762568925,0.0,-1.94041706,-7.52854215,3817830.5994795463,0.0,4199194395.555333,10000000000.0,10000000000.0,2026-07-27,,
1332,Fwog (SOL),FWOG,fwog-solana,0.003907479985767169,0.2220986,4.40437514,-7.87194,3812275.5175673873,1842482.28931917,975635328.0,975635328.0,975635328.0,2026-07-27,,
1333,Quantoz EURQ,EURQ,quantoz-eurq,1.1349241931147354,0.00459913,0.01988974,0.72811325,3802296.801845539,4322655.5408492,3350265.0,5000000.0,,2026-07-27,,
1334,Oraichain,ORAI,oraichain-token,0.2743736860887172,0.5503926,-3.21561923,-5.46043995,3792859.5243846,108077.42939474,13823700.0,18014986.26,19779272.0,2026-07-27,,
1335,BTSE Token,BTSE,btse,0.8702980022184056,-0.23727913,-4.07238288,-3.86902295,3789896.283538515,3998519.99532236,4354711.0,165904711.0,,2026-07-27,,
1336,Coca-Cola Tokenized Stock (Ondo),KOon,coca-cola-tokenized-stock-ondo,83.77715176461227,0.01264476,-0.04052174,0.5272737,3764379.067637439,1080917.89195498,44933.24239781,44933.24239781,,2026-07-27,,
1337,Alpha Quark Token,AQT,alpha-quark-token,0.14020835198970635,-2.83873796,-15.34695818,-24.31194488,3758453.2653148184,1584381.47423474,26806201.0,30000000.0,30000000.0,2026-07-27,,
1338,PlatON,LAT,platon,0.0005400861740316843,1.82940164,-9.97858969,-3.23324448,3753529.0662397277,1514664.45937309,6949870681.228596,10250000000.0,,2026-07-27,,
1339,PIVX,PIVX,pivx,0.03557575138547545,0.20044997,2.80376113,1.46719418,3740502.89711582,1954172.48436066,105141922.55804214,105141922.55804214,,2026-07-27,,
1340,Arsenal Fan Token,AFC,arsenal-fan-token,0.1604631366470734,0.00236891,0.98947304,0.77224517,3717276.5116471825,1197877.12260306,23165922.02621,39266147.13,40000000.0,2026-07-27,,
1341,Inflation Hedging Coin,IHC,inflation-hedging-coin,3.105401626759091e-05,-4.041e-05,0.61378365,0.31966287,3715395.287067817,0.0,119642987723.47,621439126933.0,1000000000000.0,2026-07-27,,
1342,GamerCoin,GHX,gamercoin,0.005715400880314389,-0.10630958,1.95840375,-2.92752423,3714811.2382011665,231443.12066453,649965123.3557609,808000000.0,808000000.0,2026-07-27,,
1343,Klever Coin,KLV,klever,0.00041816176858514183,-0.11905399,-1.75227414,0.21224273,3713602.8412630544,128589.21804311,8880780406.65482,10000000000.0,10000000000.0,2026-07-27,,
1344,PussFi,PUSS,pussfi,0.004209734248587876,0.2169556,1.36096197,0.52947485,3699618.1055259597,746644.90962282,878824621.0,1000000000.0,1000000000.0,2026-07-27,,
1345,Suilend,SEND,suilend,0.050625400503485206,-0.02125441,0.33187106,-0.90356232,3690337.202503238,177.61488687,72894972.99382716,100000000.0,100000000.0,2026-07-27,,
1346,Pundi AI,PUNDIAI,pundi-ai,0.5189875462562448,-0.15376831,4.72003678,10.65649315,3662812.7343086284,46805.42329224,7057612.0,8312980.0,18930226.0,2026-07-27,,
1347,Sui Name Service,NS,sui-name-service,0.011886818783619447,-0.02449884,-0.19144124,-2.27300417,3652169.901569396,117618.08942352,307245358.75,500000000.0,500000000.0,2026-07-27,,
1348,BNBTiger,BNBTIGER,bnbtiger,8.58668798744e-19,-0.15479084,3.45407214,2.22247604,3645689.8628972466,75.10903781,4.2457462856807e+24,4.2457462856807e+24,1e+25,2026-07-27,,
1349,Harvest Finance,FARM,harvest-finance,5.4226456130520555,-0.10974701,-1.88622965,4.0812932,3645012.640175042,157913.83160041,672183.450713,690420.0,,2026-07-27,,
1350,错版马,哭哭马,crying-horse,0.003642727409803914,-1.15421878,-0.699223,-1.2839333,3642727.409803914,745553.51961419,1000000000.0,1000000000.0,1000000000.0,2026-07-27,,
1351,SPECTRE AI,SPECTRE,spectre-ai,0.3628706232396612,0.0,10.86093606,1.42291915,3626228.1889105085,0.0,9993171.0,10000000.0,10000000.0,2026-07-27,,
1352,VitaDAO,VITA,vitadao,0.25094773559180056,-0.05733002,-0.42165328,10.48281744,3624936.3471670123,1591.88287379,14444985.28196902,27219552.0,64298880.0,2026-07-27,,
1353,Steem Dollars,SBD,steem-dollars,0.36952335193749536,-1.3068843,2.26427539,-3.46665702,3621938.612403804,978485.86889322,9801650.135,9801650.135,,2026-07-27,,
1354,SpaceX tokenized stock (PreStocks),SPACEX,spacex-tokenized-stock-prestocks,413.90730929873024,1.27785162,-1.0722293,-9.93057019,3618611.138933964,2148.93578292,8742.56399353,8742.56399353,,2026-07-27,,
1355,Fei USD,FEI,fei-usd,1.000711127929093,0.00529701,0.07487705,0.07734522,3604525.730426108,1332.8528569,3601964.27303196,3856841.00694223,,2026-07-27,,
1356,Giant Mammoth,GMMT,giant-mammoth,0.0017098903619624769,2.19401801,-3.03931821,-6.97169636,3590769.7601212016,10295.23848526,2100000000.0,3000000000.0,3000000000.0,2026-07-27,,
1357,Swell Network,SWELL,swell-network,0.0006987703217178005,1.55093916,0.71000212,-2.45326762,3589198.808727115,1477423.58269127,5136449985.316661,10000000000.0,10000000000.0,2026-07-27,,
1358,Unibright,UBT,unibright,0.023869035140717306,0.04083362,2.00962117,12.87061584,3580355.253050512,0.4841164,149999999.24349335,150000000.0,150000000.0,2026-07-27,,
1359,Minutes Network Token,MNTX,minutes-network-token,0.04608985026554159,0.43687863,-0.14709988,-5.542454,3579854.853652089,35412.7529226,77671219.0,93328736.60546489,500000000.0,2026-07-27,,
1360,Bitrue Coin,BTR,bitrue-coin,0.009930459327889277,0.47751581,0.68459886,2.96775707,3564258.479059654,370676.34076555,358921814.3263105,801307097.3484074,1000000000.0,2026-07-27,,
1361,Counterparty,XCP,counterparty,1.3634057018487598,-0.73472192,-0.74077967,4.5691451,3530100.2321992065,34.08514255,2589178.13488123,2589178.13488123,,2026-07-27,,
1362,TrustSwap,SWAP,trustswap,0.0351062806644277,-0.02141045,1.32057862,-13.72114302,3510458.292469477,33360.28343221,99995164.0,99995164.26708125,,2026-07-27,,
1363,Sταking,SN88,staking,0.7716991853962201,-0.03958441,5.62861418,11.85552472,3478339.644499335,162955.44947655,4507377.62890526,4507377.62890526,21000000.0,2026-07-27,,
1364,Intel Tokenized Stock (Reality),rINTC,intel-tokenized-stock-reality,93.87267634016928,0.29122507,1.25391657,-1.9822948,3476123.948899362,0.0,37030.19967496,37030.19967496,,2026-07-27,,
1365,Jager Hunter,JAGER,jager-hunter,2.6260189074476307e-10,0.13165688,-0.47249803,-0.18988586,3462279.2450685957,43558.29964219,1.3184517580011528e+16,1.3184517580011528e+16,1.46e+16,2026-07-27,,
1366,Stonks,STNK,stonks,5.939486078190499,0.00426217,2.72902886,-2.96289907,3456049.0727192177,0.0,581876.78651351,581876.78651351,581918.12,2026-07-27,,
1367,Star Atlas,ATLAS,star-atlas,0.00013754428400469072,-1.33270404,-2.82143359,-5.91991144,3437114.76177378,99918.69403864,24989150124.5996,36000000000.0,,2026-07-27,,
1368,CESS Network,CESS,cess-network,0.0012966289077527883,0.92554407,-0.97234087,-5.55798031,3436066.605544889,169192.70495974,2650000000.0,10000000000.0,10000000000.0,2026-07-27,,
1369,iShares Russell 2000 Tokenized ETF (Ondo),IWMon,ishares-russell-2000-tokenized-etf-ondo,293.68713775185455,-0.33392607,-0.21755153,0.23136998,3422461.928290953,810221.03925088,11653.42804758,11653.42804758,,2026-07-27,,
1370,Wen,WEN,wen,4.681295150068744e-06,-0.86911234,0.19338397,4.56637775,3406657.83487926,133452.86830413,727716951329.0,727716951329.0,727716951329.0,2026-07-27,,
1371,World3,WAI,world3,0.010063608338414085,0.06968704,-2.68998603,-17.82296167,3396804.8847124404,97098.87342215,337533494.0,1000000000.0,1000000000.0,2026-07-27,,
1372,SWEAT,SWEAT,sweat-economy,0.0004015709118693282,-0.13205928,-2.31182592,-3.83724264,3395972.9578022375,667997.86004505,8456720488.03,19724436538.95,21867346500.41,2026-07-27,,
1373,Kekius Maximus (kekiusmaximus.vip),KEKIUS,kekius-maximus-vip,0.0033881025484395364,0.09515318,2.77924149,-9.53168652,3388102.5484395362,2469316.62376041,1000000000.0,1000000000.0,,2026-07-27,,
1374,QAIT,QAIT,qait,0.006763786941297149,0.18694461,-3.81751267,18.24952542,3381893.4706485746,156150112.10052395,500000000.0,10000000000.0,10000000000.0,2026-07-27,,
1375,Grok (grokoneth.com),GROK,grok-erc,0.0005312011279861936,0.19502725,8.75894214,0.7942571,3356602.249425107,190778.02933842,6318891419.056528,6594615419.056528,6900000000.0,2026-07-27,,
1376,MicroStrategy Tokenized Stock (Reality),rMSTR,microstrategy-tokenized-stock-reality,93.83271351499255,0.28064014,1.27629182,-1.95240235,3354399.1702891155,0.0,35748.71752753,35748.71752753,,2026-07-27,,
1377,Liqwid Finance,LQ,liqwid-finance,0.16584130692958057,-0.17653232,0.91016611,-11.64518578,3340440.945650542,36271.92996484,20142394.0,21000000.0,21000000.0,2026-07-27,,
1378,TSMC Tokenized bStocks,TSMB,tsmc-tokenized-bstocks,408.61189742637964,0.02358398,-0.02879265,1.54767117,3334289.4256404876,625123.75154713,8160.03999551,8160.03999551,,2026-07-27,,
1379,Altura,ALU,altura,0.003364659829388768,-0.01537448,1.35013892,2.51860628,3331013.2310948805,1202227.66599051,990000000.0,990000000.0,990000000.0,2026-07-27,,
1380,Gems,GEMS,gems-vip,0.005562244043488661,0.01783463,3.75085862,4.51412155,3331034.45273733,273450.48624675,598865211.0,838059738.7,843303980.0,2026-07-27,,
1381,Buying.com,BUY,buying-com,0.009991646157317681,0.00801965,-0.68505983,5.14681039,3315123.4625629857,7626.49053306,331789518.0,986800000.0,1000000000.0,2026-07-27,,
1382,NeuralAI,NEURAL,neuralai,0.3304099414338984,0.03923265,2.49696541,2.07666526,3304099.414338984,78207.13657875,10000000.0,10000000.0,,2026-07-27,,
1383,Ren,REN,ren,0.003325187937001851,-3.49352876,-1.10977286,-0.30919096,3301505.98616292,5460.0756687,992878011.322186,999999632.80375,,2026-07-27,,
1384,Vertcoin,VTC,vertcoin,0.04426511646566749,-0.05049996,0.79287809,0.1158693,3290041.477092286,7914.27380821,74325829.0,74325829.0,84000000.0,2026-07-27,,
1385,Cratos,CRTS,cratos,5.143491387122864e-05,-0.00146768,-0.30138081,-8.5966079,3285447.649860083,698834.71465868,63875826799.0,100000000000.0,100000000000.0,2026-07-27,,
1386,Avalon Labs (AVL),AVL,avalon-labs-avl,0.020197782044763683,0.06029491,-0.07488657,-2.7100771,3265658.151730007,1039496.5906712,161683998.0,162250000.8,1000000000.0,2026-07-27,,
1387,Propchain,PROPC,propchain,0.07604521325168351,0.09982157,-2.23219542,10.03689444,3260141.2504308927,76099.38333455,42871090.90799635,63763337.0,100000000.0,2026-07-27,,
1388,BigONE Token,ONE,bigone-token,0.0003796282261851777,0.27070487,-0.52557785,-1.76953211,3258793.8860450434,0.0,8584171727.145089,8584171727.145089,13508522147.21,2026-07-27,,
1389,Djed,DJED,djed,0.9874430917784369,-0.06060071,-0.37576351,0.51377285,3252049.0973564875,1567.88919684,3293404.07,1000000000000.0,1000000000000.0,2026-07-27,,
1390,MileVerse,MVC,mileverse,0.0011371687371374663,0.337077,0.10979933,-1.10154994,3139756.997541304,48013.16255574,2761029999.334,3000000000.0,3000000000.0,2026-07-27,,
1391,DeLorean,DMC,delorean,0.00041939204587084725,-0.47360926,-1.33581304,-4.08107971,3217825.039906035,1256321.17898543,7672594346.0,12800000000.0,12800000000.0,2026-07-27,,
1392,DIMO,DIMO,dimo,0.006411018754954043,0.9940758,2.96090954,1.96670832,3201454.33594432,9044.43812474,499367488.7427887,1000000000.0,1000000000.0,2026-07-27,,
1393,Bluzelle,BLZ,bluzelle,0.00676273308539287,0.22341123,-1.01715313,-2.46047657,3202971.7356209173,380521.77507617,473620900.77740306,500000000.0,,2026-07-27,,
1394,Cycle Network,CYC,cycle-network,0.02081633915333087,0.34267054,-7.5933619,159.1905324,3199471.3278669547,1568606.34236917,153700000.0,499895888.668899,1000000000.0,2026-07-27,,
1395,Shapeshift FOX Token,FOX,fox-token,0.00413913835392703,-0.00190193,4.1473148,2.21048174,3196600.738596281,4847.97090786,772286516.0,999089275.0,,2026-07-27,,
1396,World of Dypians,WOD,world-of-dypians,0.005638000582648923,-0.31464393,-0.69252092,-1.04445771,3182986.8206680273,744543.27779444,564559505.4501666,1000000000.0,1000000000.0,2026-07-27,,
1397,BitShares,BTS,bitshares,0.0010603054246631034,-0.00186327,1.57195159,-2.32612041,3175678.3651914746,74481.167763,2995060000.0,2995060000.0,3600570502.0,2026-07-27,,
1398,Beefy,BIFI,beefy-finance,39.62675896165062,2.55861384,4.63833872,1.69179902,3170140.7169320495,10081.46437929,80000.0,80000.0,80000.0,2026-07-27,,
1399,Wolf Safe Poor People,WSPP,wolf-safe-poor-people,2.3417077574901274e-10,-0.04325093,-2.68272102,3.14160492,3162242.155714668,3280.97164143,1.3504e+16,4.999999975e+16,4.999999975e+16,2026-07-27,,
1400,Vulcan Forged (PYR),PYR,vulcan-forged-pyr,0.08203549116031421,-1.10394812,-2.44116536,-26.33891857,3149597.743622372,4632375.84129594,38393111.31163231,50000000.0,50000000.0,2026-07-27,,
1401,Cult DAO,CULT,cult-dao,7.236888778311149e-07,0.0,4.42946161,4.03735816,3125388.448759132,0.0,4318690730920.0,4957113505372.0,6666666666666.0,2026-07-27,,
1402,Pfizer Tokenized Stock (Ondo),PFEon,pfizer-tokenized-stock-ondo,26.158276478493097,-0.00754183,0.15710724,-0.58559889,3125341.4599412414,1379147.2465683,119478.11097229,119478.11097229,,2026-07-27,,
1403,iShares Core S&P MidCap Tokenized ETF (Ondo),IJHon,ishares-core-sp-midcap-tokenized-etf-ondo,76.92519250592159,0.04031877,-0.05812938,-0.64801206,3115421.3426742745,816312.8972833,40499.3636179,40499.3636179,,2026-07-27,,
1404,OctaSpace,OCTA,octaspace,0.07765044352885896,0.2678805,-0.98746196,-8.98367495,3104802.6670140186,164667.83033112,39984352.0,44907921.32955668,48000000.0,2026-07-27,,
1405,Shadow Token,SHDW,genesysgo-shadow,0.018346180379623434,-0.00870196,0.76747742,-0.86129619,3101488.633272438,5093.96771678,169053643.27046356,169053643.27158117,,2026-07-27,,
1406,Yee Token,YEE,yee-token,0.0030968078228980987,2.15486555,0.38784348,-0.25664797,3096807.8228980987,439892.85480953,1000000000.0,1000000000.0,1000000000.0,2026-07-27,,
1407,Kendu,KENDU,kendu,3.2572672421090937e-06,0.0,3.51034039,1.40996288,3089283.935557703,0.0,948428147258.0,996747147258.0,1000000000000.0,2026-07-27,,
1408,Rayls,RLS,rayls,0.002052309911894256,-0.39081703,1.40458924,1.85303129,3078464.867841384,1394063.0808338,1500000000.0,9951752541.12472,10000000000.0,2026-07-27,,
1409,PaLM AI,PALM,palm-ai,0.03980373818047311,-0.01932053,-1.68160758,-6.06766591,3069901.782215115,47611.55669413,77125966.61891283,77125966.61891283,,2026-07-27,,
1410,Central African Republic Meme,CAR,central-african-republic-meme,0.003091421296022604,0.0131402,2.70183908,3.02622935,3069651.319517868,7833.0416987,992957939.271252,992957939.271252,1000000000.0,2026-07-27,,
1411,Book of Ethereum,BOOE,book-of-ethereum,0.03184403759031405,-0.44024234,5.68538322,29.12817249,3063110.1064462373,10004.7800185,96191009.0,100000000.0,100000000.0,2026-07-27,,
1412,Covalent X Token,CXT,covalent-x,0.0031520427414277567,-0.18578833,-8.62072038,-2.36899877,3048486.634814113,246386.1864688,967146350.7608603,1000000000.0,1000000000.0,2026-07-27,,
1413,Goldfinch,GFI,goldfinch-protocol,0.0346636691800029,-0.06813622,-2.20439666,-12.70686771,3036005.406112258,194629.9007934,87584652.11362267,114285714.0,114285714.0,2026-07-27,,
1414,EarthMeta,EMT,earthmeta,0.0021115818084773666,-3.81652469,-3.65206939,4.61310899,3035482.6091049896,28351.48151716,1437539666.67,2100000000.0,2100000000.0,2026-07-27,,
1415,ZenChain,ZTC,zenchain,0.0005442005487039881,0.144797,-0.03830014,-0.47370038,3033909.065022265,614350.01020171,5574983473.0,21000000000.0,21000000000.0,2026-07-27,,
1416,客服小何,客服小何,kefuxiaohe,0.0030333280895777277,1.83992007,1.42488969,-5.31362664,3033328.0895777275,507271.27238854,1000000000.0,1000000000.0,1000000000.0,2026-07-27,,
1417,Nine Chronicles,WNCG,wrapped-ncg,0.004691419767649966,-0.82756757,1.09961681,1.43652915,3028657.824490076,832893.0316786,645573829.35,723789440.0,1000000000.0,2026-07-27,,
1418,MECCA,MEA,mecca,0.0018613606818183774,-0.22529993,1.92799727,12.74437619,3017883.790593804,45788.2431041,1621332082.530942,3999998752.530942,100000000000.0,2026-07-27,,
1419,AST SpaceMobile Tokenized Stock (Ondo),ASTSon,ast-spacemobile-tokenized-stock-ondo,57.78261218357835,0.85014271,1.11301353,-1.09532389,3003624.3354139905,759391.97489659,51981.45639161,51981.45639161,,2026-07-27,,
1420,IBM Tokenized Stock (Ondo),IBMon,ibm-tokenized-stock-ondo,217.3184195838705,-0.48731794,0.74692438,-0.18564096,2997915.8896677983,1977867.89758266,13795.03815373,13795.03815373,,2026-07-27,,
1421,Flamingo,FLM,flamingo,0.0052845427182528215,0.00150201,-0.02285494,-0.02568493,2993448.6432589497,0.0,566453674.9640744,566453674.9640744,1000000000.0,2026-07-27,,
1422,Alibaba Tokenized Stock (Ondo),BABAon,alibaba-tokenized-stock-ondo,112.928192153959,0.25147699,-0.1774249,-6.32266661,2984050.2135374937,1278429.16319025,26424.31581185,26424.31581185,,2026-07-27,,
1423,MEVerse,MEV,meverse,0.0017119249838329232,0.45517109,1.8992372,1.07533112,2955886.775009194,225376.04304472,1726645035.8070574,1999999999.99999,,2026-07-27,,
1424,Rainbow,RNBW,rainbow,0.0140639626060826,0.21983439,0.65125101,-2.76557398,2953432.147277346,814136.7903705,210000000.0,1000000000.0,1000000000.0,2026-07-27,,
1425,Cisco Systems Tokenized Stock (Ondo),CSCOon,cisco-systems-tokenized-stock-ondo,117.0729621865165,0.61682097,1.54863283,3.90241053,2947602.127977791,2329521.26335799,25177.47969238,25177.47969238,,2026-07-27,,
1426,Altcoinist,ALTT,altcoinist,0.012010927663307167,-1.22022266,4.39824014,41.80801584,2942677.277510256,11575.6266603,245000000.0,1000000000.0,1000000000.0,2026-07-27,,
1427,GAIB,GAIB,gaib,0.014351564444119445,0.33229376,2.27983847,0.38754495,2939654.869146914,825374.03662699,204831667.0,1000000000.0,1000000000.0,2026-07-27,,
1428,XBorg,XBG,xborg,0.012302931087987018,0.0289154,0.91679822,-4.15227419,2936380.891777968,2763.29713719,238673278.0,1000000000.0,1000000000.0,2026-07-27,,
1429,Dragonchain,DRGN,dragonchain,0.007907426809703452,-0.00016606,4.26646821,15.38061282,2931857.6036888123,0.50034228,370772651.3625188,433494437.0,433494437.0,2026-07-27,,
1430,Ancient8,A8,ancient8,0.004847261879320698,-4.12765888,2.7003001,-5.14945273,2894003.6000567437,2167615.65774726,597038838.03,1000000000.0,1000000000.0,2026-07-27,,
1431,Cointel,COLS,cointel,0.003811001341928698,-0.21779503,-1.94301372,-2.34041539,2920548.820378812,478150.7188509,766346836.0,10000000000.0,10000000000.0,2026-07-27,,
1432,Impossible Finance Launchpad,IDIA,impossible-decentralized-incubator-access,0.004294897879147051,0.0,0.07751212,-3.26891735,2920530.5578199946,0.0,680000000.0,1000000000.0,1000000000.0,2026-07-27,,
1433,Electra Protocol,XEP,electra-protocol,0.00015832242993016256,0.06622303,1.45343075,5.18188338,2917970.8966171523,61245.48559994,18430559068.0,18430559068.0,30000000560.0,2026-07-27,,
1434,Grin,GRIN,grin,0.012247773905997702,-3.46206764,-8.64439242,-24.00755764,2901145.392353319,2495.41798548,236871240.0,236871240.0,,2026-07-27,,
1435,JPMorgan Chase Tokenized Stock (Ondo),JPMon,jpmorgan-chase-tokenized-stock-ondo,358.9441580862639,-0.03963508,0.25918488,3.73837347,2900897.728734263,1028819.11020798,8081.75217059,8081.75217059,,2026-07-27,,
1436,Quq,QUQ,quq,0.002895925292585771,-0.00695411,-0.01018894,-24.91575775,2895925.292585771,59402677.74916586,1000000000.0,1000000000.0,1000000000.0,2026-07-27,,
1437,Major,MAJOR,major,0.034681247036584054,0.07200823,-1.20275486,0.21292963,2890677.362574672,656360.59853892,83349868.0,99999999.0,99999999.0,2026-07-27,,
1438,NATIX Network,NATIX,natix-network,7.092582824794565e-05,0.26633455,0.75498304,5.19919082,2879813.7838163255,80925.25350538,40603174541.0,99991483316.62,100000000000.0,2026-07-27,,
1439,Cryptex Finance,CTX,cryptex-finance,0.30351484928284916,-0.14997544,-5.73727154,-7.96193558,2834405.17085494,1078926.740929,9338604.61045688,10000000.0,,2026-07-27,,
1440,Footballcoin (XFC),XFC,footballcoin,0.007251083151382975,-0.01629335,0.32355287,-0.30354932,2866120.909430273,36821.39832719,395267968.8804323,1000000000.0,,2026-07-27,,
1441,GmeStop,GME,gme,0.00041597135159141034,-0.05703851,2.44885729,-3.46407099,2864051.8642578553,635808.84248583,6885214218.0,6885214218.0,,2026-07-27,,
1442,MetFi,METFI,metfi2,0.008746740546323557,0.03485576,-1.42485396,-5.44130122,2861765.034866378,5525.20725301,327180738.8947006,449860896.02039367,500000000.0,2026-07-27,,
1443,AMD Tokenized Stock (Reality),rAMD,amd-tokenized-stock-reality,533.0041807948096,0.05742112,1.24307588,5.86390059,2844501.2097499156,0.0,5336.73339205,5336.73339205,,2026-07-27,,
1444,Star Atlas DAO,POLIS,star-atlas-polis,0.009722899365925438,0.14250299,0.00067632,-18.28276892,2843113.075295881,28227.99411981,292414121.3741,360000000.0,,2026-07-27,,
1445,Theoriq,THQ,theoriq,0.018231523059091807,11.25873706,76.6247607,70.90222119,2811842.076705489,13121214.19461236,154229686.0,1000000000.0,1000000000.0,2026-07-27,,
1446,Purple Bitcoin,PBTC,purple-bitcoin,0.1453237723009133,-0.14308708,-10.96417091,-21.06109679,2806517.2503927564,96524.50107826,19312169.0,19312169.0,19312169.0,2026-07-27,,
1447,Not Pixel,PX,not-pixel,0.014286880142527634,0.60906322,-2.63166803,6.9882484,2792074.828282394,9240.11846995,195429289.0,225000000.0,225000000.0,2026-07-27,,
1448,BitForex Token,BF,bitforex-token,0.0006495729260212165,0.0,0.81926127,-4.50976621,2786066.156590516,0.0,4289073705.17397,10000000000.0,,2026-07-27,,
1449,IBStoken,IBS,ibstoken,0.0006916817125405133,0.01009673,-0.12535703,1.02163616,2784029.4065375966,133588.06955553,4025015200.0,20000000000.0,20000000000.0,2026-07-27,,
1450,PeiPei (ETH),PEIPEI,peipei-coin,6.6128295739409574e-09,-0.04987493,2.41124786,2.1417391,2781913.939042786,33035.96650955,420684354244576.0,420690000000000.0,420690000000000.0,2026-07-27,,
1451,Wolfspeed Tokenized Stock (Ondo),WOLFon,wolfspeed-tokenized-stock-ondo,22.992692832276724,0.0,0.0,-22.87413991,2759255.899906719,0.0,120005.77400979,120005.77400979,,2026-07-27,,
1452,SK Hynix tokenized stock (Backpack),SKHY,sk-hynix-tokenized-stock-backpack,159.80697145671635,1.27268233,-0.73956688,1.92621222,2757658.8940286627,2445139.19590707,17256.186441,17256.186441,,2026-07-27,,
1453,United States Oil Tokenized Fund (Ondo),USOon,united-states-oil-tokenized-fund-ondo,129.61956370529384,1.12273503,0.75149281,1.7051297,2749312.3280941863,1381899.84121568,21210.62785202,21210.62785202,,2026-07-27,,
1454,Coinbase Tokenized bStocks,COINB,coinbase-tokenized-bstocks,161.24054897375206,0.1087322,1.3109286,1.61801837,2738400.2564022946,747586.460324,16983.32258127,16983.32258127,,2026-07-27,,
1455,trac (Ordinals),TRAC,trac,0.12978809159457813,4.07972516,11.5607807,6.24232619,2725549.9234861406,72275.60689505,21000000.0,21000000.0,21000000.0,2026-07-27,,
1456,Procter & Gamble Tokenized Stock (Ondo),PGon,procter-gamble-tokenized-stock-ondo,151.08246451322827,-0.12368508,0.39909618,-1.67170093,2720232.6034951173,601214.32457233,18004.95254204,18004.95254204,,2026-07-27,,
1457,VOOI,VOOI,vooi,0.00787716245694247,-0.10298254,0.17610586,-2.18085717,2716461.2625319976,416898.58531238,344852766.13,1000000000.0,1000000000.0,2026-07-27,,
1458,USD Coin (Wormhole),USDC(WormHole),usd-coin-wormhole-from-ethereum,0.999530839810511,0.01295384,0.00378038,-0.01297204,2713508.39060712,15387.14363613,2714782.058272,238566.851114,,2026-07-27,,
1459,Meta Tokenized Stock (Reality),rMETA,meta-tokenized-stock-reality,600.4414482805633,0.10797037,1.0021255,-6.63541256,2692506.164792541,0.0,4484.21102924,4484.21102924,,2026-07-27,,
1460,Free Joby,JOBY,free-joby,0.0026807545666850496,35.33332649,34.1692289,41.73210716,2680729.915979635,186387.70339317,999990804.56461,999990804.56461,1000000000.0,2026-07-27,,
1461,OpenVPP,OVPP,openvpp-energy,0.003331210064202922,0.36442532,-0.57906646,-12.69490382,2681624.101683352,581423.42806019,805000000.0,1000000000.0,1000000000.0,2026-07-27,,
1462,League of Traders,LOT,league-of-traders,0.005815754567038333,0.28330095,-1.32965591,-1.81218588,2677670.3571088356,223283.87564561,460416671.0,1000000000.0,1000000000.0,2026-07-27,,
1463,GOLDAO,GOLDAO,gold-dao,0.0033759642639377588,0.49464138,-0.04840855,-4.14869411,2675649.8048013384,434.89841001,792558687.1231964,987794316.0971963,,2026-07-27,,
1464,Roam,ROAM,roam,0.00748458696158722,-1.49490884,-5.75660224,-32.62447262,2673984.2635374083,1499212.3616474,357265441.26763,995633197.795232,1000000000.0,2026-07-27,,
1465,Suku,SUKU,suku,0.0040090433020061175,0.04850793,-1.55286997,-6.53016138,2662190.3447019295,9051.95939843,664046293.3812101,1500000000.0,,2026-07-27,,
1466,Dent,DENT,dent,2.6583463592055375e-05,0.19084687,-2.18431712,-28.56470698,2658346.359205536,596367.88072306,99999999999.99994,99999999999.99994,100000000000.0,2026-07-27,,
1467,Bellscoin,BELLS,bellscoin,0.04321830533679616,-0.25147379,-0.93561756,-3.67422929,2657173.3907353557,15874.00656859,61482591.0,61482591.0,,2026-07-27,,
1468,IMPT,IMPT,impt,0.0018570240471331924,-0.10793773,2.75920575,2.24380378,2650150.5675736954,391736.789637,1427095449.6603873,1644930698.1992664,2759360954.815418,2026-07-27,,
1469,ROA CORE,ROA,roa-core,0.00343986983029633,0.42057237,-0.10295125,0.60652389,2641820.0296675814,12498.82459128,768000000.0,949999869.89,1000000000.0,2026-07-27,,
1470,Chevron Tokenized Stock (Ondo),CVXon,chevron-tokenized-stock-ondo,194.263542119397,-0.00649837,-2.26954828,0.68427784,2641616.0648989733,1870424.51793748,13598.10511061,13598.10511061,,2026-07-27,,
1471,CLV,CLV,clover,0.0021538697463637855,0.95335962,1.97060632,4.89246828,2636640.112258759,57025.58272049,1224140929.0,2000000000.0,,2026-07-27,,
1472,ABBC Coin,ABBC,abbc-coin,0.0029062701751106754,0.00178042,9.32193285,1.28457936,2631058.292698194,283.94264806,905304095.6861483,907217636.86,1225109279.0,2026-07-27,,
1473,Forest Protocol,FOREST,forest-protocol,0.02258428696695232,-0.02667613,-3.71212544,4.0985316,2615539.263310599,205855.65855299,115812346.30687825,1000000000.0,1000000000.0,2026-07-27,,
1474,Inter Milan Fan Token,INTER,inter-milan-fan-token,0.2068702619961178,0.61862282,0.56667351,-0.60590519,2612181.208153493,955634.02067039,12627147.0,19728000.0,19728000.0,2026-07-27,,
1475,Symbiosis,SIS,symbiosis-finance,0.02691570968193574,3.76286879,6.28838949,18.35610585,2610133.7103606528,104841.92854466,96974359.628809,99489760.94302,99489760.0,2026-07-27,,
1476,Parcl,PRCL,parcl,0.0062868587419882445,0.50531995,1.02359489,0.33942805,2591974.1426763264,268491.95225862,412284457.0,1000000000.0,1000000000.0,2026-07-27,,
1477,Zypto,ZYPTO,zypto,0.0028873111226887234,0.00154536,3.50987744,-5.90883905,2588353.1370994207,77989.76279248,896457994.0,896457994.0,1000000000.0,2026-07-27,,
1478,Swarm,BZZ,ethereum-swarm,0.049145871279101756,-0.43611449,4.81807638,14.47676671,2585105.310005594,260927.31516764,52600660.90444622,63149437.0,63149437.0,2026-07-27,,
1479,MATH,MATH,math,0.02251628444531813,-0.51973769,-1.99498825,-1.62817098,2574875.9176001004,194770.38827803,114356164.04,200000000.0,,2026-07-27,,
1480,Aventus,AVT,aventus,0.42897425696292796,-0.0077489,2.13672785,-3.39721298,2573845.541777568,1990.31051011,6000000.0,10000000.0,10600000.0,2026-07-27,,
1481,Vara Network,VARA,vara-network,0.0004298578940240904,0.57793332,3.79653358,3.40787192,2563933.982719931,17150.31099628,5964608347.0,10032406684.0,,2026-07-27,,
1482,TrueFi,TRU,truefi-token,0.002059247662315392,159.95169041,134.69443948,68.89976084,2558324.951638567,418197.63991012,1242359041.34135,1257020975.20003,1450000000.0,2026-07-27,,
1483,Tectum,TET,tectum,0.25647426423790814,-0.09140269,2.21002895,-9.40992812,2547932.552790808,70742.93817768,9934457.01213639,10000000.0,10000000.0,2026-07-27,,
1484,Validity,VAL,validity,0.49688791074572686,0.06633591,0.00235258,3.16256554,2534632.5444365577,4907.35558505,5101014.71503421,5105175.61503421,9000000.0,2026-07-27,,
1485,Nexa,NEXA,nexa,4.304074014011593e-07,-0.1285239,0.11657444,4.39579704,2522023.8173982613,19800.621658,5859620000000.0,10807860000000.0,21000000000000.0,2026-07-27,,
1486,QuStream,QST,qustream,0.002869953661454253,-0.19644788,-0.58578518,8.30488058,2493882.6194020123,2354.78806751,868962678.003073,999981628.300212,999985719.0,2026-07-27,,
1487,Palantir Technologies Tokenized Stock (Ondo),PLTRon,palantir-technologies-tokenized-stock-ondo,123.92873486829266,0.37327763,1.01347641,-5.69269799,2488976.683228049,2164106.5144713,20083.93522191,20083.93522191,,2026-07-27,,
1488,Aleph Cloud,ALEPH,aleph-im,0.010058610845864438,-0.09402461,0.15633896,-6.44579857,2486694.6230216566,77590.21937638,247220482.1448135,500000000.0,500000000.0,2026-07-27,,
1489,CloakCoin,CLOAK,cloakcoin,0.4029456171286947,0.0,0.0,1.37271192,2486289.850491858,0.0,6170286.37315535,6170286.37315535,,2026-07-27,,
1490,Dingocoin,DINGO,dingocoin,2.1547749771863853e-05,0.15097652,-1.92019445,-12.62494069,2480640.492707202,42599.78764275,115122948752.0,115122948752.0,,2026-07-27,,
1491,McDonald's Tokenized Stock (Ondo),MCDon,mcdonalds-tokenized-stock-ondo,268.3319539517224,-0.03307794,-0.51272534,-2.49101694,2467454.452988091,989475.03823483,9195.5297036,9195.5297036,,2026-07-27,,
1492,Minima,MINIMA,minima-global,0.004455784665404466,0.27178033,-3.66545112,-6.45879625,2465683.8364780997,27311.2611612,553366920.0,999978158.0,1000000000.0,2026-07-27,,
1493,Novo Nordisk Tokenized Stock (Ondo),NVOon,novo-nordisk-tokenized-stock-ondo,49.99213126683875,0.42195662,-0.9493144,-2.72135648,2461422.3678026996,1361331.54092834,49236.1958858,49236.1958858,,2026-07-27,,
1494,Global X DRAM ETF Tokenized Stock (Reality),rDRAM,global-x-dram-etf-tokenized-stock-reality,54.529274953665805,0.50019298,0.89114838,2.79349389,2453778.6252917363,0.0,44999.28941613,44999.28941613,,2026-07-27,,
1495,Dimitra,DMTR,dimitra,0.005040644654137623,0.09633639,-0.82332856,4.07282581,2452289.661116684,197018.20413979,486503181.51344335,971071679.0,1000000000.0,2026-07-27,,
1496,Pain (paintoken.com),PAIN,pain,0.4900828658235279,-0.00059855,2.62823565,-9.74141831,2450347.960180706,0.0,4999864.576092,9999864.576092,10000000.0,2026-07-27,,
1497,Nakamoto Games,NAKA,nakamoto-games,0.02511891782122594,0.48971842,1.37939912,-12.8521701,2446582.5957874064,659373.38938334,97400000.0,180000000.0,180000000.0,2026-07-27,,
1498,REGENT COIN,REGENT,regent-coin,0.848792229717689,0.2162777,11.08090739,27.84247919,2442496.4118147604,1003827.59707798,2877614.01,2899999.9927002,2900000.0,2026-07-27,,
1499,Highstreet,HIGH,highstreet,0.02498452857283963,-0.23540598,-3.84190818,-0.23800373,2438758.1587303416,74711573.1634865,97610733.4433152,100000000.0,100000000.0,2026-07-27,,
1500,Shido Network,SHIDO,shido-network,0.00010265744975142819,-0.00588809,-0.72568471,1.08693049,2423113.4298008005,44105.7300975,23603873227.593887,24605472033.60161,,2026-07-27,,
