rank,name,symbol,slug,price_usd,change_1h_pct,change_24h_pct,change_7d_pct,market_cap_usd,volume_24h_usd,circulating_supply,total_supply,max_supply,date_snapshot,fdv_usd,liq_mkt_cap_pct
1,Bitcoin,BTC,bitcoin,64575.54782755949,0.02074072,0.20250563,4.55003822,1295187500791.204,27182781193.590717,20056934.0,20056934.0,21000000.0,2026-07-16,1356086504378.75,2.0988
2,Ethereum,ETH,ethereum,1919.9615383286575,0.25971102,2.99770945,11.19921901,231706551155.18008,12641377930.474077,120682912.92797592,120682912.92797592,,2026-07-16,231695028101.22,5.4556
3,Tether USDt,USDT,tether,0.9992792116131852,-0.0002003,0.00120418,0.02556916,184218952034.75302,57306323685.835045,184351830693.40488,189115141609.80856,,2026-07-16,188967915877.14,31.1326
4,BNB,BNB,bnb,579.3781604816204,0.05735887,-0.00704434,2.08670304,77153532159.65424,1168924140.9034514,133166103.63,133166103.63,133166103.63,2026-07-16,77153532159.65,1.5151
5,USDC,USDC,usd-coin,0.9998264151585007,0.00431324,0.00701695,0.01514715,73093749533.42744,9785817704.572857,73106439703.1759,73106439703.1759,,2026-07-16,73093749533.43,13.388
6,XRP,XRP,xrp,1.114020224952247,0.42238208,1.28182619,2.50019229,69588948507.19643,1193645982.0007179,62466503703.0,99985639695.0,100000000000.0,2026-07-16,111402022495.22,1.7153
7,Solana,SOL,solana,76.93622964863452,0.1102672,-0.33011982,-0.6301804,44808399633.19029,2093850034.9059033,582409611.6722761,630357445.2438923,,2026-07-16,48497325168.01,4.6729
8,TRON,TRX,tron,0.3244258138654199,0.03866708,-0.34103992,-1.13626934,30777640614.46776,538010164.8964667,94868038544.0448,94868034873.478,,2026-07-16,30777639423.64,1.7481
9,Hyperliquid,HYPE,hyperliquid,66.29188867203176,-0.05268575,1.64396189,-1.46696387,16768650235.181087,450027451.70418274,252951764.85529372,953263038.6948273,953263038.6948273,2026-07-16,63193607236.32,2.6837
10,Dogecoin,DOGE,dogecoin,0.07414905617733675,0.40070103,0.519137,2.73501013,11499615950.94641,628717778.0016565,155087826383.70526,155087826383.70526,,2026-07-16,11499615950.95,5.4673
11,Zcash,ZEC,zcash,566.8069073215601,0.40281049,2.58822632,23.08578651,9507345814.61273,617081408.2182971,16773517.9155448,16773550.9155448,21000000.0,2026-07-16,11902945053.75,6.4906
12,UNUS SED LEO,LEO,unus-sed-leo,9.817884318928785,0.09213568,0.03169174,3.5556271,9034383699.764605,312040.81085205,920196592.9,985239504.0,,2026-07-16,9672967476.71,0.0035
13,Stellar,XLM,stellar,0.18772822986262705,0.0989382,2.81716666,3.74363506,6417843480.060768,205569655.0723412,34186885396.816032,50001786839.912575,50001806812.0,2026-07-16,9386750682.75,3.2031
14,Chainlink,LINK,chainlink,8.507674744464648,0.4108864,2.74743931,11.79417944,6364591224.718535,292628217.45830786,748099970.424884,1000000000.0,1000000000.0,2026-07-16,8507674744.46,4.5978
15,Monero,XMR,monero,327.97937960310014,-0.26036809,-0.97218934,2.75036247,6158955399.066206,101008696.45577501,18778483.59405821,18778483.59405821,,2026-07-16,6158955399.07,1.64
16,Cardano,ADA,cardano,0.1655811218095262,0.74376359,1.64590827,-0.43062724,6039975063.970195,305669531.83559316,36477437753.551346,44992331358.81978,45000000000.0,2026-07-16,7451150481.43,5.0608
17,Canton,CC,canton-network,0.13489133235204032,-0.85540158,-3.26531066,5.48713061,5271680048.779505,41410316.8923535,39080939871.07666,39080939871.07666,,2026-07-16,5271680048.78,0.7855
18,Dai,DAI,multi-collateral-dai,0.9996209267384644,-0.03123289,-0.00881259,-0.02924429,4640716799.384635,40180474.89827399,4642476638.145459,4642476638.145459,,2026-07-16,4640716799.38,0.8658
19,Bitcoin Cash,BCH,bitcoin-cash,223.32392700577375,0.44869704,-3.89102002,-4.49967191,4480280656.691704,151374482.0526523,20061803.125,20061803.125,21000000.0,2026-07-16,4689086507.83,3.3774
20,World Liberty Financial USD,USD1,usd1,0.9987737282416846,-0.0404309,-0.00475292,-0.01021002,4317424096.331204,1005739639.9180105,4322724931.834078,4322724931.834078,,2026-07-16,4317251302.4,23.2914
21,Gram (prev. Toncoin),GRAM,gram,1.573424170830936,-0.11041077,-2.17514977,-0.24779429,4291160283.3189783,52580873.54363219,2727274922.3451853,5214993623.313303,,2026-07-16,8204550196.38,1.2254
22,Ethena USDe,USDe,ethena-usde,0.9996731769431515,-0.02460237,-0.01349168,0.11175412,4025324861.6720324,95757899.44672735,4026640860.746973,4026640860.746973,,2026-07-16,4025411067.02,2.379
23,Litecoin,LTC,litecoin,45.20473537665907,0.17551469,0.72728591,3.47400405,3498480817.64075,306133007.14670396,77391910.12822849,84000000.0,84000000.0,2026-07-16,3797429585.23,8.7495
24,Global Dollar,USDG,global-dollar-usdg,0.9998660797132393,-0.01700627,-0.01625901,-0.00611365,3159048002.6837325,186347302.4798444,3159471119.96213,3159471119.96213,,2026-07-16,3159050300.77,5.8963
25,Sui,SUI,sui,0.7560014547292572,0.90939199,0.01252057,5.90956188,3063570463.5675807,208817023.36398324,4052334085.342099,10000000000.0,10000000000.0,2026-07-16,7562738297.92,6.8138
26,DeXe,DEXE,dexe,36.10074191825646,-2.23956547,-10.07195471,26.06181113,3022848079.453252,140219160.02940795,83733682.98906265,96504599.33609451,,2026-07-16,3483919893.41,4.6389
27,Hedera,HBAR,hedera,0.06772880164999076,0.33207803,0.86025109,-2.81700592,2965918471.794729,48097077.32914517,43791096247.67935,50000000000.0,50000000000.0,2026-07-16,3386432708.24,1.6222
28,Avalanche,AVAX,avalanche,6.699922450934919,0.37979349,1.15933972,3.35214121,2892838656.3754025,209365250.43262434,431771961.1772119,463441061.1772119,715748719.0,2026-07-16,4795552264.25,7.2372
29,PayPal USD,PYUSD,paypal-usd,0.9996390143081594,-0.01639339,-0.01436813,-0.0139254,2857558008.172641,38485161.68222556,2858589918.231962,2858589918.231962,,2026-07-16,2857636193.22,1.3467
30,NEAR Protocol,NEAR,near-protocol,2.05934650926958,0.1209694,2.27473832,8.9707619,2679127068.135674,192646551.57094803,1300959822.0,1300959822.0,,2026-07-16,2679060830.57,7.1889
31,Cronos,CRO,cronos,0.05558445487622399,-0.08443357,0.03441047,-0.98500216,2561802510.589081,5907801.93527252,46088470531.80116,98788475653.68983,100000000000.0,2026-07-16,5559416275.15,0.2306
32,Shiba Inu,SHIB,shiba-inu,4.23114294266802e-06,0.44157857,0.67763942,-0.70856218,2493171068.091173,55441083.10787858,589242930781029.4,589499621611778.9,589552695333683.0,2026-07-16,2494390924.24,2.2239
33,Tether Gold,XAUt,tether-gold,4026.9701135895584,-0.18067643,-0.09588518,-0.98749199,2467822561.835947,141872355.1437661,612823.659532,707747.089,,2026-07-16,2850055426.22,5.749
34,Uniswap,UNI,uniswap,3.719776991369937,1.97091039,2.33886551,12.10239908,2326994140.6774583,176283020.86053255,625573561.5538775,892708420.0329479,,2026-07-16,3321091478.19,7.5751
35,Bittensor,TAO,bittensor,201.80799102536616,1.16062776,3.71445534,-0.46223024,2245586116.915528,134842479.20424166,11127339.93092112,21000000.0,21000000.0,2026-07-16,4239314161.26,6.0077
36,World Liberty Financial,WLFI,world-liberty-financial-wlfi,0.05752390380817534,0.27279941,0.85608737,-1.51913947,1827793476.3288057,36887245.11708956,31774503386.0,100000000000.0,100000000000.0,2026-07-16,5753449967.78,2.0178
37,PAX Gold,PAXG,pax-gold,4023.884603106551,-0.19579015,-0.15725415,-1.09758783,1806275675.9133167,97678928.76830629,448888.537837,448888.537837,,2026-07-16,1806414582.75,5.4075
38,Ondo,ONDO,ondo-finance,0.36675190825724174,1.37142308,15.84431864,17.60894674,1785836306.7227197,205984589.10432425,4869330647.0,10000000000.0,,2026-07-16,3672049904.36,11.5284
39,OKB,OKB,okb,81.644087927532,0.65567158,0.77038399,3.97769227,1714525846.478172,17211181.28434227,21000000.0,21000000.0,21000000.0,2026-07-16,1714525846.48,1.0038
40,Aster,ASTER,aster,0.6294769693913361,0.14393028,0.32795736,1.60369183,1699606131.9805224,62303729.96462525,2700029094.9864817,7816197874.516728,8000000000.0,2026-07-16,5036332376.58,3.6653
41,MemeCore,M,memecore,1.2352856335508628,-0.93663755,2.35500282,-6.94442431,1635985236.4225876,15261657.55397781,1324378096.8454258,5391694869.206386,10000000000.0,2026-07-16,12353408045.81,0.9326
42,Ripple USD,RLUSD,ripple-usd,0.9999099243771574,-0.0205366,-0.00674267,-0.00524806,1515540022.4912746,130602781.3344268,1515676548.0003636,1515676548.0003636,,2026-07-16,1515467808.48,8.611
43,Aave,AAVE,aave,96.18558364954853,0.29274934,-2.04330653,10.64279696,1482725553.402582,215353827.0848607,15415257.64198595,16000000.0,,2026-07-16,1539124410.37,14.5251
44,Sky,SKY,sky,0.062086297385232005,-0.43148587,1.54625284,12.77337553,1449272431.8311987,18738232.43654026,23342871017.718735,23462665147.365967,23462665147.0,2026-07-16,1456633617.68,1.2938
45,USDD,USDD,usdd,0.9991220993072805,-0.00364301,0.02694827,0.16629325,1448415406.8224397,18847347.79637221,1449688089.0,1449688089.0,,2026-07-16,1448750459.48,1.301
46,Worldcoin,WLD,worldcoin-org,0.4079667978621876,0.40005163,-0.62459655,7.1767244,1443430854.1052637,186439536.5035983,3538108644.304086,10000000000.0,,2026-07-16,4080902991.65,12.9131
47,Polkadot,DOT,polkadot-new,0.8445728620938321,0.5141173,-1.26556258,2.06951499,1430260866.5163562,88831701.38535647,1693472441.1704504,1693472441.1704504,2100000000.0,2026-07-16,1773620495.38,6.2096
48,Mantle,MNT,mantle,0.4281934101211803,0.20216292,2.2125315,1.19715433,1414020692.882467,30426872.0326103,3302294382.53684,6219316794.889999,6219316795.0,2026-07-16,2663136860.14,2.1517
49,Internet Computer,ICP,internet-computer,2.174530995283121,0.26358095,-0.72554173,-2.85728753,1207035005.2259126,35091425.86090992,555078317.0459055,555078317.0459055,,2026-07-16,1206981068.64,2.907
50,Bitget Token,BGB,bitget-token-new,1.6652411648168326,-0.37170101,-0.51939733,1.71913192,1163269053.0441952,10148853.41184235,698558910.037603,910920874.6481038,919992035.98,2026-07-16,1531992648.37,0.8728
51,Pepe,PEPE,pepe,2.78379372831194e-06,0.42060385,-0.15623757,7.73047937,1151857215.53125,250865409.55447343,413772473088271.1,413772473088271.1,413772473088271.1,2026-07-16,1151981532.32,21.7781
52,Ethereum Classic,ETC,ethereum-classic,7.056211677057745,0.34566716,-0.0437418,1.92657305,1111455631.6650329,32644420.3313481,157514496.8055268,210700000.0,210700000.0,2026-07-16,1486633605.4,2.9367
53,Morpho,MORPHO,morpho,2.088384174480406,1.64873393,4.22196561,2.89702392,1078129229.3152626,19165593.8578891,516250430.5911546,999999999.8010328,1000000000.0,2026-07-16,2088625544.7,1.7774
54,United Stables,U,united-stables,0.999654862628402,-0.00891399,-0.00086444,0.00306967,1042649126.977774,139572933.85547617,1043009108.4,1043009108.4,,2026-07-16,1042714783.28,13.3892
55,KuCoin Token,KCS,kucoin-token,6.95047204497925,0.14655588,-0.14202594,0.2834307,953292141.3447955,2852367.35660465,137155021.29577178,142155021.29577178,200000000.0,2026-07-16,1390842901.93,0.2994
56,Stable,STABLE,stable,0.036918655961046494,0.12869701,-1.41060755,3.99108422,905282856.570926,14551927.01699713,24521013374.0,100000000000.0,100000000000.0,2026-07-16,3692837885.9,1.6075
57,Polygon (prev. MATIC),POL,polygon-ecosystem-token,0.08283096366688311,0.0737239,-2.10073454,8.58675751,884575384.547063,42684174.01574873,10679283994.624437,10679284004.624437,,2026-07-16,884682614.96,4.8253
58,Pi,PI,pi,0.0785283313118043,-0.06992143,2.6073193,-22.01781658,859236664.2303272,23659578.86361901,10941741023.61408,100000000000.0,100000000000.0,2026-07-16,7991919167.37,2.8678
59,JUST,JST,just,0.09850882891407496,1.04041216,-1.01476238,4.74761469,841636242.043546,48600640.38918652,8543764567.312736,8543764567.312736,,2026-07-16,842628526.18,5.7837
60,Cosmos,ATOM,cosmos,1.5468948159627753,0.21057935,-0.50261946,-1.24350029,803257686.1060548,25191442.89769441,519271044.040647,519271044.040647,,2026-07-16,803339635.3,3.1359
61,Ethena,ENA,ethena,0.08390571072411501,0.9291978,0.672299,12.91149227,802217256.1263434,120484030.47391357,9560937500.0,15000000000.0,15000000000.0,2026-07-16,1259268497.8,15.0204
62,Kaspa,KAS,kaspa,0.02901817618412092,0.48071053,0.11695482,-0.77909237,800257280.470042,8766696.95336587,27577793841.776726,27577793841.776726,28704026601.0,2026-07-16,833722653.75,1.0896
63,Render,RENDER,render,1.532107844547318,0.27241573,0.76116238,-0.07024512,794814805.9075074,17591604.94795832,518772101.2826915,533532274.5626915,644168762.0,2026-07-16,987006047.81,2.2131
64,Quant,QNT,quant,65.43033824937098,0.07970524,0.09313822,-0.10220895,789923330.9360346,5758844.3023775,12072738.0,14881364.0,14881364.0,2026-07-16,973931155.32,0.7286
65,Audiera,BEAT,audiera,2.526081022968766,-1.04166288,-3.27227043,10.63636339,781232656.0194197,22121658.14007454,309266666.0,1000000000.0,1000000000.0,2026-07-16,2528650513.97,2.8241
66,Algorand,ALGO,algorand,0.08475184977639923,-0.40234886,0.50551079,-1.06213558,760114625.0445958,20687249.64765798,8968708376.86736,10000000000.0,10000000000.0,2026-07-16,847738589.5,2.7217
67,币安人生,币安人生,bianrensheng,0.732933838657866,-0.61535055,-2.8897659,2.98715545,732933838.657866,14751418.5817175,1000000000.0,1000000000.0,1000000000.0,2026-07-16,732879193.18,2.012
68,GateToken,GT,gatetoken,6.721745542000262,0.10915585,0.39235868,-0.05189829,716259905.6222429,2468611.81960453,106558616.53,140052780.28,142622843.67,2026-07-16,958863407.93,0.3446
69,Jupiter,JUP,jupiter-ag,0.20831273910915385,0.89643162,-1.38696766,-0.81923936,691663489.0803893,23303823.18191157,3320312968.08,6862435229.582892,6864785739.32,2026-07-16,1428181187.11,3.3786
70,Pump.fun,PUMP,pump-fun,0.0016615902245358267,0.08975458,2.92562368,11.70735242,666192019.6000544,113248285.71248943,400936410050.29285,849198213721.5155,1000000000000.0,2026-07-16,1662134126.21,16.9774
71,Filecoin,FIL,filecoin,0.786820667990031,0.28122521,0.50612809,2.29831161,628822954.9173325,53739109.64778931,799194760.0,1957462029.0,,2026-07-16,1540326351.4,8.5147
72,Lighter,LIT,lighter,2.4230101432678848,-0.11257396,-8.11491001,7.17841421,605752535.8169712,59302702.18038487,250000000.0,1000000000.0,1000000000.0,2026-07-16,2424328120.58,9.7848
73,XDC Network,XDC,xdc-network,0.027395517493752363,-0.36222151,0.42860499,1.46828106,575672148.5936548,6572512.31764918,21013370115.2,38082585914.25,,2026-07-16,1043347226.27,1.1416
74,Flare,FLR,flare,0.006630163646186002,-0.14994498,0.07923547,1.4475065,575584996.8378035,3122818.37004521,86813090528.90549,106178996935.49762,,2026-07-16,703932717.08,0.5429
75,Arbitrum,ARB,arbitrum,0.08761543795760075,0.20380457,-4.3361122,12.45265025,557483104.5494267,86782469.10110918,6362841042.0,10000000000.0,,2026-07-16,876472751.15,15.5438
76,Aptos,APT,aptos,0.6240457122790241,0.64458369,0.41712511,0.34824668,527101184.95752823,37817141.96541174,844651560.912977,1205711325.8005705,2100000000.0,2026-07-16,1310788330.55,7.1742
77,Injective,INJ,injective,5.143549818757935,0.29615473,2.96484448,5.97979109,514205584.8995328,97569808.83735655,99970954.5,100000000.0,,2026-07-16,514388281.75,18.976
78,Venice Token,VVV,venice-token,10.740040500700795,-0.94191971,-1.10695676,-5.43077636,508197256.3263166,28362939.43717852,47318001.85419751,80590183.59116983,,2026-07-16,865705201.13,5.5792
79,TrueUSD,TUSD,trueusd,0.9976110741652473,-0.02601483,-0.02813854,-0.06299018,493333723.1425464,31934251.04042253,494515083.0,494515083.0,,2026-07-16,493391408.93,6.4793
80,Aerodrome Finance,AERO,aerodrome-finance,0.5078142814892085,0.7892015,0.27244843,-3.2988652,492322573.3872368,22197848.90945606,969493358.7599368,1940444000.4276426,,2026-07-16,984584152.6,4.5143
81,Nexo,NEXO,nexo,0.7590828151513286,-0.04241158,0.1535024,2.72837872,490478202.90267044,7192259.34043443,646145839.5746847,1000000000.0,1000000000.0,2026-07-16,759046815.92,1.4671
82,Midnight,NIGHT,midnight-network,0.029294467957166614,0.47801824,1.53162335,-8.09561634,486504929.6044625,15512528.80439893,16607399401.0,24000000000.0,24000000000.0,2026-07-16,703432146.85,3.188
83,PancakeSwap,CAKE,pancakeswap,1.4139747491523915,0.27138618,-1.13180305,2.44517874,456367359.76834583,24578783.46672982,322754957.287544,335084893.5388313,400000000.0,2026-07-16,565593490.1,5.3845
84,Dash,DASH,dash,34.35783966116942,0.20469577,-0.16848245,0.75055772,438656766.79679185,60397868.61485142,12767297.6858482,12767297.6858482,18900000.0,2026-07-16,649254927.36,13.7728
85,EURC,EURC,euro-coin,1.146274396509515,-0.01945356,0.27674255,0.36378962,430752020.20981026,50648156.60280775,375784385.9388991,375784385.9388991,,2026-07-16,430708781.08,11.7916
86,VeChain,VET,vechain,0.004880854911759196,0.24820639,1.37036605,3.31813934,419680510.5665772,10823694.72190615,85985041177.0,85985041177.0,86712634466.0,2026-07-16,423116609.12,2.5787
87,ether.fi,ETHFI,ether-fi-ethfi,0.4410975190914319,-0.09351031,10.78867505,12.28240528,409058973.777903,55456192.79649246,927366299.0,1000000000.0,1000000000.0,2026-07-16,440836257.32,13.5974
88,Virtuals Protocol,VIRTUAL,virtual-protocol,0.6197138806585337,1.28893469,6.37857809,19.17184719,407461500.94347143,91010420.75366077,657499393.93077,1000000000.0,1000000000.0,2026-07-16,620875548.09,22.3248
89,Pudgy Penguins,PENGU,pudgy-penguins,0.006207092319769381,0.13781751,3.3970122,1.35452617,390180281.7881485,68386332.86177573,62860396090.04,76724221264.3,88888888888.0,2026-07-16,551916283.49,17.517
90,Pyth Network,PYTH,pyth-network,0.04936146688013497,2.16826845,0.72539887,12.88911243,388720647.42111015,22305589.58725109,7874981680.853308,9999981857.422035,10000000000.0,2026-07-16,495250850.71,5.7356
91,Celestia,TIA,celestia,0.41995888016791655,-0.05340947,1.42793639,5.61774645,386334031.09110504,32724099.76315934,919932996.62251,1168685161.483695,,2026-07-16,490775045.72,8.4702
92,OFFICIAL TRUMP,TRUMP,official-trump,1.5791031392098998,0.65092291,1.27754987,-2.53626372,374899813.79421127,208504376.4447153,237413126.783974,999999086.441546,999999086.441546,2026-07-16,1581828712.62,55.5789
93,Artificial Superintelligence Alliance,FET,artificial-superintelligence-alliance,0.16061327690964977,0.6232576,-0.2651891,1.33748864,359883387.3027863,121311329.66820389,2240682677.218724,2714384546.672,2719493897.0,2026-07-16,437168170.51,33.4123
94,Sei,SEI,sei,0.048635915968895396,0.97347106,0.74029283,2.4372751,356933583.2618282,23097790.83092113,7338888888.0,10000000000.0,10000000000.0,2026-07-16,486633478.15,6.4738
95,SPX6900,SPX,spx6900,0.37750828444126455,1.05012876,-0.92425544,3.50793878,351457604.2589974,8552859.80842905,930993090.07,930993090.07,1000000000.0,2026-07-16,377758105.75,2.4293
96,First Digital USD,FDUSD,first-digital-usd,0.9975743403064276,-0.03412039,0.02975084,0.0602185,347311024.9424936,179851441.80912113,348155531.783034,348155531.783034,,2026-07-16,347345985.54,51.788
97,Sun [New],SUN,sun-token,0.01801187187420356,-0.05197615,-0.6094963,-2.2771005,346390036.7725716,64099069.23108831,19231207016.782543,19231207016.782543,19900730000.0,2026-07-16,358459193.5,18.5161
98,Curve DAO Token,CRV,curve-dao-token,0.21895463074000168,1.16641225,-1.67078802,8.88909017,334834091.23052984,45729200.17712111,1529239596.8008988,2400357184.100024,3030303030.299,2026-07-16,664314421.5,13.6522
99,Terra Classic,LUNC,terra-luna,5.992598681082935e-05,0.24793162,-0.12052373,-0.09487056,330929185.8099591,9212552.12887922,5522298478865.536,6454225724909.082,6454225724909.082,2026-07-16,386853004.06,2.7814
100,Bonk,BONK,bonk1,3.6757386511625278e-06,0.3283459,-2.32166293,-7.41278282,323445166.4466358,35967565.11028923,87994603844954.97,87994603844954.97,88872433754423.19,2026-07-16,326788400.61,11.1417
101,Jito,JTO,jito,0.6210667168116143,1.49036932,-4.68120335,-1.95170897,309903179.5844465,41578297.5452826,498985328.3,986522993.2680327,,2026-07-16,613197467.91,13.302
102,Stacks,STX,stacks,0.16949102476724306,0.2787719,1.28235894,0.96109356,307559394.588977,5597979.98760334,1814605788.19049,1814570813.19049,,2026-07-16,307784801.28,1.819
103,Gnosis,GNO,gnosis-gno,115.35196878623037,0.00520399,-0.92080191,9.40822199,304472701.2096583,20728259.87377467,2639510.2260795,2999934.74577209,,2026-07-16,346228135.73,6.801
104,Lido DAO,LDO,lido-dao,0.3590671512989333,-0.95696267,10.0595745,10.37197349,300310238.4631683,61747909.35387953,836362327.7060835,1000000000.0,,2026-07-16,360394635.79,20.4661
105,LayerZero,ZRO,layerzero,0.8258500211636529,0.47471009,-4.6546657,-12.09766131,292359650.4515134,31776586.0308149,354010586.61906666,1000000000.0,1000000000.0,2026-07-16,826230701.53,10.8609
106,Pendle,PENDLE,pendle,1.5938855732005808,0.67840932,2.94549695,6.00168574,272790095.720098,32446176.7150536,171147854.21661448,281527448.45853144,,2026-07-16,449734085.42,11.8728
107,BitTorrent [New],BTT,bittorrent-new,2.7181042392244873e-07,0.030806,-0.61191844,2.29549549,268287186.17787135,4133283.60709204,987037885840674.8,987037885840674.8,,2026-07-16,268736229.08,1.5375
108,Bitcoin SV,BSV,bitcoin-sv,13.292374472323145,0.68462253,-3.21847108,1.26279598,266597013.21202102,15096846.81746989,20056387.5,20056387.5,,2026-07-16,266718275.6,5.6644
109,AINFT,NFT,apenft,2.682379590624664e-07,-0.02517058,-0.48713006,0.75405042,265583903.51805937,6458523.07554425,990105592982874.8,990105592982874.8,999990000000000.0,2026-07-16,268274276.66,2.4276
110,Monad,MON,monad,0.022275284222545877,0.36590992,-1.51399834,-2.45972196,263408911.3535017,21861999.10015094,11825165000.0,100682925000.0,114166666695.0,2026-07-16,2543932068.6,8.2919
111,Immutable,IMX,immutable-x,0.1304696407731067,0.65447231,-0.08487699,-7.71902831,260939281.5462134,10154923.67378238,2000000000.0,2000000000.0,2000000000.0,2026-07-16,261219278.97,3.8924
112,Tezos,XTZ,tezos,0.23067218172906076,1.18785025,1.07930778,-3.77747856,251594907.2471366,8491388.0868388,1090703288.802509,1110688943.821911,,2026-07-16,256742607.13,3.421
113,DoubleZero,2Z,doublezero,0.0703213415204249,0.72291435,-0.84424064,-3.40759367,244114735.5774796,6459684.17600321,3471417500.0,9998265129.3,10000000000.0,2026-07-16,703115765.22,2.6473
114,Plasma,XPL,plasma-xpl,0.0909514604203296,-1.029353,-2.96878782,-0.3903806,236473797.09285697,59297817.85954943,2600000000.0,10000000000.0,,2026-07-16,909807239.46,25.0845
115,Decred,DCR,decred,13.499201982053048,1.18482449,0.26648147,23.50526686,236424869.1171099,4566600.89064393,17513988.56254115,17513988.56254115,21000000.0,2026-07-16,283460204.73,1.9314
116,Conflux,CFX,conflux-network,0.04506493317178837,0.830527,0.56148294,5.81031309,235422984.0045795,7586240.15432802,5224083726.19,5224083723.78,,2026-07-16,235676569.52,3.2115
117,Optimism,OP,optimism-ethereum,0.10234572104145903,0.37109281,0.7744058,1.6268259,233527352.46610364,41633365.03556583,2281750034.0,4294967296.0,4294967296.0,2026-07-16,439696484.37,18.1699
118,Kite,KITE,kite,0.1286861555001594,2.04675515,7.70656208,15.53583619,231635079.9002869,37129545.39363209,1800000000.0,10000000000.0,10000000000.0,2026-07-16,1285021352.92,16.0554
119,Maple Finance,SYRUP,maple-finance,0.1923281106255683,1.27659174,1.10169011,18.07361908,229064569.72413355,16897969.34325833,1191009306.8510675,1244677492.5110993,,2026-07-16,239612037.54,7.3734
120,JasmyCoin,JASMY,jasmy,0.004480825132610995,-0.61323643,3.3849101,2.73173704,221554397.23540398,11012310.19345336,49444999677.16958,50000000000.0,50000000000.0,2026-07-16,224198651.16,4.9806
121,Velvet,VELVET,velvet,0.5192343069136803,0.36169414,-10.78181753,29.66548625,218632075.56884342,11398141.92901866,421066313.7195011,1000000000.0,1000000000.0,2026-07-16,522359451.3,5.1899
122,Zebec Network,ZBCN,zebec-network,0.0021696136076370595,0.09990071,-0.39243325,-0.70301962,216958703.85016814,10253033.74676177,99998775397.8273,99998775397.8273,100000000000.0,2026-07-16,216811487.48,4.7248
123,Kaia,KAIA,kaia,0.03379652394695596,0.2123073,-0.92300535,-0.80127115,215255518.288618,4212942.66787333,6369161474.312094,6369161474.312094,,2026-07-16,215321400.09,1.957
124,FLOKI,FLOKI,floki-inu,2.208466097651156e-05,0.42141761,-0.57899078,-1.17872159,211279825.80731434,13908837.96197885,9566813184591.055,9647477218441.594,,2026-07-16,213078818.6,6.5634
125,EigenCloud,EIGEN,eigencloud,0.2446330185462511,-0.53659941,2.69717149,-2.69360712,201171460.17377868,26743829.36381867,822339769.8693914,1820922187.7340205,,2026-07-16,445979833.76,13.3153
126,Falcon Finance,FF,falcon-finance-ff,0.06681595400665145,1.20826209,3.97879291,14.27397004,198443383.3997548,59884485.26524793,2970000000.0,10000000000.0,10000000000.0,2026-07-16,668885304.82,30.1134
127,Telcoin,TEL,telcoin,0.0020576347750217387,-0.18127006,-1.86860257,-10.66569436,197685710.73737103,789970.96710165,96074246575.31,100000000000.0,100000000000.0,2026-07-16,205774343.43,0.3982
128,Starknet,STRK,starknet-token,0.028907901203549725,0.64962719,-0.47420681,-4.49165954,195039804.44999477,17456002.243901,6746937561.348971,10139100000.0,,2026-07-16,293224031.08,8.9153
129,The Graph,GRT,the-graph,0.01780445886227367,0.45147846,0.88368294,1.99045907,193909966.37017363,9119730.23432241,10891090140.406036,11588598473.739162,,2026-07-16,206503384.18,4.7053
130,Raydium,RAY,raydium,0.6910657079574214,0.6771022,0.61511108,2.27444054,186113595.76979592,12105364.04084092,269313892.480486,554997678.074841,555000000.0,2026-07-16,383548447.73,6.5063
131,Pieverse,PIEVERSE,pieverse,0.6786042032643052,-0.25882862,-0.96971805,-0.4817671,183631803.90465224,15285472.6158437,270602220.0,1000000000.0,1000000000.0,2026-07-16,678624829.64,8.3153
132,KAITO,KAITO,kaito,0.7498911750436023,-1.34921042,-4.55629784,11.71251583,181015397.6146797,46041283.69372188,241388889.0,1000000000.0,1000000000.0,2026-07-16,752365761.76,25.3509
133,Chiliz,CHZ,chiliz,0.016925287252929827,0.96624863,1.74539732,-1.48910687,178635263.97178262,29480186.21635224,10554341637.0,10554341637.0,,2026-07-16,178806671.38,16.5318
134,Ethereum Name Service,ENS,ethereum-name-service,4.354220690087957,1.1360284,4.00253259,7.30141304,178464066.02410704,16118392.42098434,40986454.00091147,100000000.0,,2026-07-16,435411165.05,9.0335
135,Humanity,H,humanity-protocol,0.05735785711266795,-0.06000915,-15.30942912,-18.14536744,177729693.35246328,10447158.6714796,3098611111.0,10000000000.0,10000000000.0,2026-07-16,572940762.98,5.8869
136,Axie Infinity,AXS,axie-infinity,0.9969391099530102,0.33898632,0.26101967,-0.4722584,173679080.22968447,13813980.43750964,174212325.00134403,270000000.0,,2026-07-16,269371938.21,7.9669
137,Akash Network,AKT,akash-network,0.5781224038711256,0.32537278,2.31357314,-1.25060289,171014978.59806603,3251821.21323314,295811021.079523,295811021.079523,388539008.0,2026-07-16,224905705.73,1.8992
138,Compound,COMP,compound,16.98563833388759,0.34258915,0.21327975,1.46760505,169856383.33661476,7927108.49460048,9999999.99986688,10000000.0,,2026-07-16,169934479.36,4.662
139,IOTA,IOTA,iota,0.03684001907570714,-0.24262475,0.66943751,0.01092452,167197615.98415715,7262211.04611036,4538477997.0,4600000000.0,,2026-07-16,169532062.08,4.3401
140,Trust Wallet Token,TWT,trust-wallet-token,0.36333929152806566,0.07394594,1.32314241,9.15514334,156185215.1431255,7222434.61290565,429860515.46,999860531.46,999860531.46,2026-07-16,363081818.86,4.6279
141,ApeCoin,APE,apecoin-ape,0.15413245794477948,1.07559042,4.72912182,-4.68491959,154132457.9447795,27832244.34092351,1000000000.0,1000000000.0,1000000000.0,2026-07-16,154237686.96,18.0419
142,MX Token,MX,mx-token,1.6619817351699993,-0.12593916,0.05768961,0.67158678,152631971.71470678,5698849.58595219,91837334.0,409024834.0,413787834.0,2026-07-16,688829356.68,3.7298
143,dogwifhat,WIF,dogwifhat,0.15283010069074873,0.89616138,-1.18100898,-3.37069146,152652659.98948202,48362571.59568187,998838967.582533,998838967.582533,998840592.989347,2026-07-16,152787098.44,31.5486
144,edgeX,EDGE,edgex,0.428775744889045,-0.31192371,6.77605449,3.58480575,150071510.71116576,14056248.17858888,350000000.0,1000000000.0,1000000000.0,2026-07-16,431389985.11,9.3199
145,Fartcoin,FARTCOIN,fartcoin,0.14964851040722277,0.46990763,-0.14400045,4.09299988,149648249.4202206,16584576.15885492,999998256.0,1000000000.0,1000000000.0,2026-07-16,149730597.78,11.0777
146,Theta Network,THETA,theta-network,0.14846624338478304,0.36194834,3.31623509,7.17891775,148466243.38478303,6385282.53180738,1000000000.0,1000000000.0,1000000000.0,2026-07-16,148594522.96,4.2972
147,Onyxcoin,XCN,onyxcoin,0.003696874934106308,-0.00227421,-1.00200029,-0.44009256,143578166.85710317,5586092.35077584,38837712775.320625,48402432357.486084,68892071756.90897,2026-07-16,254698025.05,3.8884
148,The Sandbox,SAND,the-sandbox,0.04865362308898338,0.60810957,-0.13093179,0.24299529,142926814.85050496,14540733.95587013,2937639702.3733225,3000000000.0,,2026-07-16,146130022.48,10.1704
149,THORChain,RUNE,thorchain,0.4222196440067866,0.44394575,0.52829032,9.82810075,142815596.98650217,3939121.21420025,338249532.0,354135209.0,354196525.0,2026-07-16,149527458.11,2.7654
150,Decentraland,MANA,decentraland,0.0702825642519792,0.01011819,1.25568478,-6.13138221,139574816.7084856,9760871.89808816,1985909566.5331404,2193179327.320146,,2026-07-16,154186158.24,6.992
151,Neo,NEO,neo,1.9761006708553057,0.13266725,0.22728328,3.17384931,139391831.26044902,4042876.02291283,70538831.0,100000000.0,,2026-07-16,197637201.22,2.9011
152,Rootstock Infrastructure Framework,RIF,rsk-infrastructure-framework,0.13518907420925771,2.53786761,12.84589743,0.83364466,135189074.20925772,10311064.53335357,1000000000.0,1000000000.0,1000000000.0,2026-07-16,135404672.23,7.6299
153,OriginTrail,TRAC,origintrail,0.2689204629313503,-0.23975606,4.17561522,1.27300762,134460231.46567515,2860161.73049209,500000000.0,500000000.0,500000000.0,2026-07-16,134501570.62,2.1366
154,Arweave,AR,arweave,1.9920734505234041,0.43521468,-1.27808356,1.45110808,130784534.47999047,9096452.49894498,65652466.0,65652466.0,66000000.0,2026-07-16,131577069.95,6.9372
155,eCash,XEC,ecash,6.446661935693435e-06,0.73231454,14.07122835,26.46527725,129296497.94485155,77607200.56188586,20056348422580.0,20056348422580.0,21000000000000.0,2026-07-16,135794269.58,59.8811
156,Convex Finance,CVX,convex-finance,1.2818730253597552,0.74920442,-3.35299786,9.98679304,126574231.77860723,5043987.10235441,98741629.84519035,99979452.36817305,,2026-07-16,128269769.74,3.9474
157,Vaulta,A,vaulta,0.07517164026690148,0.68284885,-1.12033532,1.37138772,124357259.00748414,7601660.60324265,1654310835.3888,2100000000.0,2100000000.0,2026-07-16,158406062.66,6.0732
158,Vision,VSN,vision-token,0.03356321339808474,0.12847127,0.27476599,0.84470044,121799270.08903421,4343847.99093178,3628951395.2196426,4097194046.002151,4200000000.0,2026-07-16,140909996.87,3.571
159,Basic Attention Token,BAT,basic-attention-token,0.08114725383267903,0.18470249,0.19322389,-2.95314992,121373948.40152986,4468991.22209687,1495724656.9526057,1500000000.0,1500000000.0,2026-07-16,121709697.23,3.681
160,WEMIX,WEMIX,wemix,0.24296208253345863,-0.07886143,-0.51090981,-13.05035934,120974545.40207365,2016700.0920559,497915329.58816355,558712241.7977996,590000000.0,2026-07-16,142960229.24,1.6735
161,AWE,AWE,awe-network,0.06026540886134564,0.43040374,-3.63826899,-0.41108677,117060752.53719692,3005685.40254651,1942420283.0270672,1942420283.0,1942420283.027067,2026-07-16,117005172.4,2.5797
162,GoМining,GOMINING,gomining-token,0.2836857635293986,-0.17170422,0.31835436,5.69815158,114577914.1649141,8480603.4920546,403890250.7458408,403890250.7458408,403890250.7458408,2026-07-16,114594433.22,7.3977
163,BUILDon,B,buildon,0.11327117937375018,0.52053122,-0.38786709,-25.27121403,113271179.37375018,6385335.3345842,1000000000.0,1000000000.0,,2026-07-16,113309645.18,5.6372
164,Genius Terminal,GENIUS,genius-terminal,0.33522496701266974,-0.33483456,2.08925056,-5.5987473,112426763.54008119,17900225.37662351,335377059.0,953973324.288,1000000000.0,2026-07-16,335261849.6,15.9218
165,SafePal,SFP,safepal,0.22280511060074937,0.41192612,0.71719812,-4.79764031,111402555.30037469,2443177.62108035,500000000.0,500000000.0,500000000.0,2026-07-16,111401510.87,2.1944
166,Nexus,NEX,nexus-labs,1.7770824769522188e-06,0.0365697,-0.42000106,-32.47573638,106624948.61713313,2921960.80391967,60000000000000.0,100000000000000.0,100000000000000.0,2026-07-16,177724660.9,2.7394
167,Centrifuge,CFG,centrifuge,0.18398919359385718,0.2150796,5.49193658,-0.96502487,106190998.01066895,12818260.66942987,577158886.0,697164473.0,,2026-07-16,128335488.8,12.0163
168,1inch,1INCH,1inch,0.07482013571974724,0.76217714,0.13020038,6.06405494,105643419.66740292,6027830.0662696,1411965090.0275033,1500000000.0,1500000000.0,2026-07-16,112256116.51,5.699
169,ZKsync,ZK,zksync,0.010318997300787848,0.26593401,-0.40073857,-2.26937118,103989328.29753862,11528395.41170021,10077464434.417393,14758751686.500284,21000000000.0,2026-07-16,216546948.64,11.0672
170,dYdX,DYDX,dydx-chain,0.12212018307975488,0.68306228,1.43439193,-11.57185489,103632156.85004786,5658499.07289309,848607938.8070294,958342962.317931,1000000000.0,2026-07-16,122246159.82,5.4517
171,Data Network,DATA,data-network,0.28572064907203976,-2.63341737,-3.49533103,2.87659701,102001765.13600738,24308413.6666105,356998227.0,1030525314.0,,2026-07-16,293163393.97,23.998
172,Golem,GLM,golem-network-tokens,0.10047164998795843,0.01258524,-0.53693649,3.76560354,100471649.98795843,3803870.76318587,1000000000.0,1000000000.0,1000000000.0,2026-07-16,100469857.96,3.7972
173,Gala,GALA,gala,0.0020312197661602593,0.488112,0.00162031,-3.04578497,99124502.15917216,32068555.66728626,48800481272.66572,48800481272.66572,50000000000.0,2026-07-16,101661490.06,32.373
174,DeepBook Protocol,DEEP,deepbook-protocol,0.018048720199540597,0.81274746,-3.89517805,1.74891256,98722473.00550593,4598140.58449765,5469776910.16667,10000000000.0,10000000000.0,2026-07-16,180701811.91,4.6375
175,MultiversX,EGLD,multiversx-egld,3.2487399192302426,-1.72444548,-3.03901071,11.4397119,98620712.91205269,11195009.75211775,30356604.51865901,30361760.0,,2026-07-16,98456273.47,11.4099
176,AB,AB,newton,0.0009898863136732301,-0.12327121,1.97467173,0.03458582,97824189.74979863,705470.51198864,98823661261.46,98823661261.46,98823661261.46,2026-07-16,97811306.68,0.7223
177,Sentient,SENT,sentient,0.013498725314429236,0.89025471,-0.06111084,-1.87090137,97702138.9547198,17922420.85661612,7237878887.0,34359738368.0,,2026-07-16,461898793.81,18.4445
178,Grass,GRASS,grass,0.3877582141118109,1.03538414,-0.46666801,1.32670353,94576202.49893872,21154575.46523667,243905091.0,1000000000.0,,2026-07-16,388656620.19,22.3265
179,Kamino,KMNO,kamino-finance,0.01803349482974405,0.66072353,-2.17489451,-12.09449225,91476760.64559184,3644741.50141016,5072603037.25,9999957258.105453,10000000000.0,2026-07-16,180447477.63,3.9739
180,Tagger,TAG,tagger,0.0008427364484227188,-0.08433581,-4.72812282,16.30615284,91356484.50065036,2910100.32672952,108404572594.0,405380800000.0,,2026-07-16,342044601.24,3.1795
181,Aethir,ATH,aethir,0.004482395830930994,0.73064756,-0.48545932,4.66660031,90225090.4934546,9268120.96051583,20128764593.0,42000000000.0,42000000000.0,2026-07-16,188274033.61,10.2366
182,Cheems (cheems.pet),CHEEMS,cheems-pet,4.780819795560979e-07,-0.05178373,2.18279688,2.77668801,89637997.3823617,1709858.78606152,187495034775398.0,203672952644644.2,203672960023058.0,2026-07-16,97594707.75,1.9026
183,o1.exchange,O,o1-exchange,0.559208380891673,-0.25259864,-0.12853581,1.65760676,89473340.94266768,178059295.83183295,160000000.0,1000000000.0,1000000000.0,2026-07-16,560696129.69,199.2045
184,YZY MONEY,YZY,yzy,0.29451249804201,0.15762619,0.34203569,0.10754338,89230102.02858981,119164.13223841,302975604.165572,999999437.498951,1000000000.0,2026-07-16,293675255.3,0.1335
185,SOON,SOON,soon,0.16575663831477574,0.4689155,0.40373669,-0.88299435,88987501.69733758,6492240.93000665,536856337.11,998466231.2532852,,2026-07-16,165529545.36,7.2968
186,Beam,BEAM,onbeam,0.0016678855029121518,0.60700263,6.2571018,5.95786617,85562834.33616327,7452760.81241278,51300184687.0,58470184687.0,58470184687.0,2026-07-16,97538337.81,8.7042
187,Meteora,MET,meteora,0.16118661850642158,1.73977534,-0.46075737,-1.1835636,85585364.38290471,39264660.53079508,530970654.859262,997734144.194766,1000000000.0,2026-07-16,161428595.94,45.6339
188,CoW Protocol,COW,cow-protocol,0.14654684668698975,0.44114593,1.49548274,7.3269218,84745385.4462427,4001559.27550104,578281876.1515275,1000000000.0,1000000000.0,2026-07-16,146564936.54,4.7214
189,Useless Coin,USELESS,theuselesscoin,0.08226040154284459,0.25217717,-2.71252784,1.93822392,82185110.69890387,9212521.45209688,999084725.548033,999084725.548033,1000000000.0,2026-07-16,82229503.02,11.1233
190,Fluid,FLUID,instadapp,1.0353047778719364,1.31270605,1.17827154,-2.07217532,81475376.8122772,1838637.34338781,78696996.82034639,100000000.0,,2026-07-16,103638227.83,2.2549
191,Official Melania Meme,MELANIA,melania-meme,0.08038420576802896,0.04559077,-0.1467495,-0.29942037,80383878.79953346,8791588.90857697,999995932.428611,999995932.428615,,2026-07-16,80425913.43,10.9422
192,Allora,ALLO,allora,0.3953645261985147,0.54973749,9.11731418,-3.22189886,79270587.5028022,79850214.19004893,200500000.0,785499999.0,1000000000.0,2026-07-16,393829008.06,100.9584
193,Horizen,ZEN,horizen,4.358016604383126,0.48620245,3.99978084,7.17966412,79218341.83872843,16699060.91632733,18177613.58666088,21000000.0,21000000.0,2026-07-16,91507392.75,21.0771
194,Synthetix,SNX,synthetix,0.2289339466462062,-0.00419268,-3.01178984,5.2798346,78871461.2379967,12609152.64591887,344516234.45728827,581404223.5556632,339889850.089,2026-07-16,78107842.95,16.1514
195,Reserve Rights,RSR,reserve-rights,0.0012480218753939726,0.44477477,1.82089511,2.85149515,78067729.64089547,4097669.139086,62553174091.0,100000000000.0,100000000000.0,2026-07-16,124943540.66,5.2877
196,Re,RE,re-protocol,0.4887541886613966,0.68119831,-6.19682589,-18.62770934,78005168.5103589,56872690.70318869,159600000.0,1000000000.0,1000000000.0,2026-07-16,489772602.46,72.8091
197,Billions Network,BILL,billions-network,0.03203675962270692,-2.43897501,-19.21335413,-13.08637578,77791481.71962048,119910592.34310018,2428194444.0,10000000000.0,10000000000.0,2026-07-16,320501154.23,153.7958
198,ORDI,ORDI,ordi,3.700266100482068,1.12729584,6.31947671,6.24719757,77705588.11012343,30092065.88883314,21000000.0,21000000.0,21000000.0,2026-07-16,77686021.31,38.6935
199,Safe,SAFE,safe1,0.10202875836183338,-0.19784349,-3.32145767,-3.837666,77464268.48366836,1707424.98470653,759239549.0,1000000000.0,1000000000.0,2026-07-16,101973678.87,2.2082
200,Zama,ZAMA,zama,0.03519765987555659,0.94664899,1.19033579,8.04882702,77434851.7262245,21135260.81501773,2200000000.0,11196548333.0,,2026-07-16,390925812.77,27.6559
201,Rain,RAIN,rain,0.014579477242034608,0.13732389,-0.96387039,0.27221039,9649457321.295448,25953899.07286128,661852078857.4473,1149836750651.0798,1149836750651.0798,2026-07-16,16767695099.74,0.269
202,Decimal,DEL,decimal,0.795836768733487,-0.2591686,-6.89707913,80624.45678712,8850503805.509212,331845.77896988,11121003895.804047,11121003895.804047,92075616000.0,2026-07-16,73280620897.61,0.0037
203,Ondo US Dollar Yield,USDY,ondo-us-dollar-yield,1.1393627723388444,0.00578947,0.04720023,0.17833234,2160965116.1495957,406468.43327158,1896643605.1913836,1896643605.1913836,,2026-07-16,2161052233.63,0.0188
204,HTX,HTX,htx,1.8014949648394698e-06,-0.09135441,-0.68941871,-2.10563738,1618161737.8881998,44464641.71999152,898232728634017.2,999990000000000.0,999990000000000.0,2026-07-16,1798687454.55,2.751
205,Falcon USD,USDf,falcon-finance,0.995532889931925,-0.08690763,0.04950382,-0.08989786,1255359734.757488,641615.17757135,1260992728.0688136,1260992728.0688136,,2026-07-16,1255957077.93,0.051
206,USDGO,USDGO,usdgo,0.9999445613453494,-0.00455124,-0.01279245,-0.02474614,984755351.3514024,6313724.30511521,984809947.89,984809947.89,,2026-07-16,984869359.18,0.6437
207,c8ntinuum,CTM,c8ntinuum,0.20242556470647474,0.30041682,1.10606149,2.51993797,902487869.7821614,17949138.53780952,4458369036.0,8888884897.0,8888888888.0,2026-07-16,1796876477.07,1.9847
208,Jupiter Perps LP,JLP,jupiter-perps-lp,3.6632670490601806,0.09809135,0.2808565,1.30512613,827353329.4029456,2655745.91341815,225851219.23208,225851219.23208,,2026-07-16,827272278.58,0.3202
209,Beldex,BDX,beldex,0.08470037117091286,0.81107009,-4.03051888,-8.92266868,666547521.3365513,19012757.61262885,7869475801.842199,9938415801.8422,,2026-07-16,842724892.26,2.853
210,GHO,GHO,gho,0.9985071007126561,-0.00716866,0.16233329,0.04183153,598105753.326881,1739012.91684787,599000000.0,599000000.0,,2026-07-16,598105905.08,0.2907
211,TBLL tokenized ETF (xStock),TBLLX,tbll-tokenized-etf-xstock,106.22,0.0,0.0,1.05603653,574397125.5558093,87.99455996,5407617.45015825,5407617.45015825,,2026-07-16,574397125.56,0.0
212,Usual USD,USD0,usual-usd,0.9986937740865565,-0.00023793,0.00144375,-0.00015421,556605254.2258924,0.0,557333257.3690917,557333257.3690917,,2026-07-16,556605254.23,
213,Solstice USX,USX,solstice-usx,1.001870076504714,-0.05794876,-0.00355286,-0.00028962,523868890.2559098,2573599.70933037,522891044.0,359692577.0,,2026-07-16,360468040.55,0.4866
214,USDai,USDAI,usdai,0.9999754397646933,-0.00284777,0.02954982,-0.0065544,501338812.69837415,3793773.48337242,501351126.0,501351126.0,,2026-07-16,501346890.71,0.7562
215,Ducky,DUCKY,ducky,0.0006458503071660269,0.08121912,-0.04082379,4763.09390075,267640925.66981822,2670.56758906,414400864566.0,420690000000.0,420690000000.0,2026-07-16,271702765.72,0.001
216,Legacy Frax Dollar,FRAX,frax,0.9909565941917751,0.00692208,0.00232548,0.05732508,237403516.7282794,49481.00991552,239570045.87260038,239570045.87260038,,2026-07-16,237403246.79,0.0208
217,Strategy PP Variable tokenized stock (xStock),STRCX,strategy-pp-variable-tokenized-stock-xstock,92.02595019838044,-0.36629236,-0.72544547,1.36884704,220231695.04042974,55832.96044386,2393147.74327976,2393147.74327976,,2026-07-16,220901931.96,0.0253
218,48 Club Token,KOGE,bnb48-club-token,64.05986289285323,0.24070197,-0.60290884,0.4734692,217049448.67546737,116057.29362517,3388228.43,3388228.433995,3388228.433995,2026-07-16,217039819.39,0.0535
219,Ape and Pepe,APEPE,ape-and-pepe,9.576511351426038e-07,0.39000082,0.73991337,5.53587723,201106738.3799468,19158160.14037408,210000000000000.0,210000000000000.0,210000000000000.0,2026-07-16,201008241.59,9.53
220,Unibase,UB,unibase,0.07863601850222317,4.40002938,10.80516533,7.97599585,196590046.25555792,321979262.16194165,2500000000.0,10000000000.0,10000000000.0,2026-07-16,789503775.29,163.1765
221,AUSD,AUSD,agora-finance,0.9997799156870303,-0.00192691,-0.00885661,0.01017624,186875946.5318536,4141906.21102356,186917084.049879,186917084.049879,,2026-07-16,186876686.23,0.8936
222,USAT,USAT,tether-usat,0.99871854581225,-0.01223089,-0.03910211,0.00858482,185246533.96503437,2617584.51951344,185484223.5,185484223.5,,2026-07-16,185261369.55,1.4134
223,WeFi,WFI,wfi,2.0744143767603473,0.12344154,-0.39140134,2.8437114,176855832.69789362,1416248.08375142,85255788.17771827,1000000000.0,1000000000.0,2026-07-16,2074869137.57,0.7964
224,Robinhood tokenized stock (xStock),HOODX,robinhood-tokenized-stock-xstock,114.96008338503043,0.05553421,1.03621259,1.27814264,168957323.08100408,8991323.52732464,1469704.2495622,1469704.2495622,,2026-07-16,169236029.2,5.3128
225,SP500 tokenized ETF (xStock),SPYX,sp500-tokenized-stock-xstock,759.4827750512202,0.05289442,0.18611668,1.15957896,164511073.06970677,2645614.10663051,216609.35372578,216609.35372578,,2026-07-16,164526460.23,1.6084
226,Apple tokenized stock (xStock),AAPLX,apple-tokenized-stock-xstock,328.17906786882804,0.0233203,3.85590629,4.6566051,164374558.55377883,9783542.9654908,500868.50334854,500868.50334854,,2026-07-16,164367158.0,5.9521
227,Tesla tokenized stock (xStock),TSLAX,tesla-tokenized-stock-xstock,394.59099073762076,0.12567218,-0.75132256,-0.1516203,153793688.58348864,22497193.73155191,389754.6882558,389754.6882558,,2026-07-16,153811978.97,14.6075
228,Nasdaq tokenized ETF (xStock),QQQX,nasdaq-tokenized-stock-xstock,718.7244301416135,0.154233,-0.91022048,0.66482642,150803553.2406319,850102.79685808,209821.10377258,209821.10377258,,2026-07-16,150851852.72,0.5636
229,SwissBorg,BORG,swissborg,0.1534787777562406,-0.18393086,-3.49394702,-4.04141883,150754904.467559,146919.00711118,982252443.442,982252443.442,982602443.0,2026-07-16,150799824.49,0.0975
230,EUR CoinVertible,EURCV,eur-coinvertible,1.1458201887187136,-0.06775162,0.26694752,0.3571184,149586921.2559228,8007783.74166425,130550083.45,130550083.45,,2026-07-16,149619521.91,5.3562
231,GUSD,GUSD,gusd,0.999141275750904,-0.01946874,-0.04262811,0.13643245,149311672.24821508,2272212.2773381,149440000.0,320000000.0,,2026-07-16,319736857.76,1.5209
232,Intel tokenized stock (xStock),INTCX,intel-tokenized-stock-xstock,102.11830071656738,0.14550017,-7.30845337,-7.6474411,148113558.83507505,55016.12264144,1450411.51092172,1450411.51092172,,2026-07-16,148521791.53,0.0372
233,Zano,ZANO,zano,9.634148894559344,-0.04012272,0.44460794,10.76220867,148092664.65990463,1238122.21325365,15371639.6,15371639.6,,2026-07-16,148123421.18,0.8395
234,Alphabet tokenized stock (xStock),GOOGLX,alphabet-tokenized-stock-xstock,372.11541208653307,-0.01924859,3.21382794,2.54276489,143532611.4863562,20744937.98033008,385720.68456272,385720.68456272,,2026-07-16,143551671.13,14.461
235,NVIDIA tokenized stock (xStock),NVDAX,nvidia-tokenized-stock-xstock,211.45490106959494,0.3748898,-0.39716208,3.7416168,138316236.8407923,14498088.92122052,654116.9589409,654116.9589409,,2026-07-16,138351064.64,10.4823
236,Backpack,BP,backpack-exchange,0.5347150988772142,-0.12232939,1.11441055,-2.9536795,133678691.98638493,3177637.730586,249999845.27663648,999999845.2766365,1000000000.0,2026-07-16,534727242.19,2.3599
237,Bitway,BTW,bitway-btw,0.059916200611437466,0.15319597,3.22585969,-6.62573086,131815641.34516242,10152775.65987979,2200000000.0,10000000000.0,10000000000.0,2026-07-16,599731034.54,7.6671
238,Ailey,ALE,project-ailey,0.26086152976579696,-0.04283807,0.14398783,0.72727271,126916380.38466483,108788.65506943,486527777.7777778,1000000000.0,1000000000.0,2026-07-16,260916007.64,0.0856
239,Circle tokenized stock (xStock),CRCLX,circle-tokenized-stock-xstock,65.25431212238816,-0.05926413,3.18066429,2.45523202,126890631.62064973,14413433.97978636,1944555.50129253,1944555.50129253,,2026-07-16,126975142.01,11.3494
240,TronBank,TBK,tronbank,0.6692749138414503,-0.11837868,-0.08708821,1.52446865,124038988.89923644,233529.25585475,185333390.410956,1000000000.0,1000000000.0,2026-07-16,672607149.43,0.1874
241,Marvell tokenized stock (xStock),MRVLX,marvell-tokenized-stock-xstock,205.75,1.14541343,-8.4660557,-10.24298739,114830487.89547166,5338.179635,558106.86704968,558106.86704968,,2026-07-16,114830487.9,0.0046
242,Shuffle,SHFL,shuffle,0.26721924351107085,0.53341956,-1.19254789,-4.38066473,113630771.44567193,538860.43032136,425234238.19573915,956134768.8996149,,2026-07-16,255497596.66,0.4754
243,Undeads Games,UDS,undeads-games,1.118708025711688,0.09137876,-1.23269195,-1.47111812,111869654.27837788,344205.35578196,99998973.55452491,250000000.0,250000000.0,2026-07-16,279607110.0,0.3075
244,Aster USDF,USDF,usdf,0.9985630261991121,-0.02391464,-0.04360303,-0.12771157,110946466.70651612,118172.84865537,111106123.29480898,111106123.29480898,,2026-07-16,110952153.23,0.107
245,Frax USD,FRXUSD,frax-usd,0.9999881451933459,-0.02124389,0.01021331,0.04978355,110458501.80400988,659916.7360534,110459811.2837157,110470057.87990154,,2026-07-16,110460223.33,0.656
246,Rollbit Coin,RLB,rollbit-coin,0.0680805064542406,0.25673073,-0.09453802,-0.11098253,110249098.86528584,214869.35795507,1619393048.1317482,1619393048.1317482,,2026-07-16,110247225.87,0.1949
247,Ribbita by Virtuals,TIBBIR,ribbita-by-virtuals,0.1079670475399739,1.29642873,-10.19214856,6.6925239,107967047.5399739,1484704.73850686,1000000000.0,1000000000.0,1000000000.0,2026-07-16,108085821.03,1.3751
248,StandX DUSD,DUSD,standx-dusd,0.9986247104819269,-0.00270606,0.00649338,0.04191519,105632936.94022201,276587.10497196,105778412.882698,105778412.882698,,2026-07-16,105632941.6,0.261
249,Derive,DRV,derive,0.14174520851663452,0.25720652,1.48821028,29.54057005,104541298.70404236,18087257.38925634,737529683.0,1500000000.0,1500000000.0,2026-07-16,212024391.72,17.3394
250,BitMart Token,BMX,bitmart-token,0.31329407194591036,-0.09267027,-1.55239482,-1.64060114,101595507.92253372,9760662.4581352,324281615.96391135,626297236.4413097,881679315.0,2026-07-16,276284646.92,9.6128
251,Solstice eUSX,EUSX,solstice-eusx,1.0459755241170239,0.00965891,0.00943386,0.1274555,101154833.80150124,6061921.99857372,96708605.0,140284603.0,,2026-07-16,146774969.72,5.9836
252,RealLink,REAL,reallink,0.07178687555456723,0.08351244,1.47619476,10.6973807,98638164.25760353,7444799.76745086,1374041752.0,3321726475.0,12000000000.0,2026-07-16,861778222.76,7.5307
253,SoSoValue,SOSO,sosovalue,0.28713847902868056,-0.6493245,-1.51981313,-5.44478704,98201804.31817429,5562991.1013727,342001548.0,1000000000.0,1000000000.0,2026-07-16,287691514.74,5.6568
254,Smilek to the Bank,SMILEK,bscbet-online,4.9969126546366744e-05,0.0018272,0.00174608,56.01776202,97884575.05919002,2665.82971451,1958901062006.0,2008932945814.0,2008932945814.0,2026-07-16,100384624.59,0.0027
255,Joseon Mun,JSM,joseon-mun,0.0003078477471065037,-0.20751839,-0.0774207,7.27351058,97424576.52679522,457209.74895481,316470000000.0,2400000000000.0,2400000000000.0,2026-07-16,738215204.6,0.4698
256,Meta tokenized stock (xStock),METAX,meta-tokenized-stock-xstock,681.0308511577283,0.12342454,2.99753964,12.75258758,97088602.80616243,1524893.62088823,142561.24027438,142561.24027438,,2026-07-16,97019258.52,1.5713
257,Circle Internet Group Tokenized Stock (Ondo),CRCLon,circle-internet-group-tokenized-stock-ondo,65.28856351280037,-0.15711397,3.27834887,2.42044494,97043340.66327383,4835261.98612935,1486375.79756595,1486375.79756595,,2026-07-16,97065681.09,4.9838
258,Gold tokenized ETF (xStock),GLDX,gold-tokenized-stock-xstock,370.88380959743336,-0.0373831,-0.04538452,-0.80481911,96524451.46822827,313545.42819681,260255.23080395,260255.23080395,,2026-07-16,96489830.77,0.326
259,AIVIVE,AVV,aivive,0.009622738884791168,-0.28284004,-0.59582494,-11.34637243,96227388.84041418,201372.03775894,9999999999.220856,10000000000.0,10000000000.0,2026-07-16,96286086.46,0.2087
260,Cash Cat,CASHCAT,cash-cat,0.09317759214860369,-10.40512367,-32.77304065,-25.06733577,93177592.1486037,76107037.19357695,1000000000.0,1000000000.0,1000000000.0,2026-07-16,89996789.13,84.485
261,AMD Tokenised Stock (xStock),AMDx,amd-tokenised-stock-xstock,524.152910022823,0.0,-5.19900763,1.63123086,92831031.20300022,11355.12744477,177106.77443145,177106.77443145,,2026-07-16,92831031.2,0.0122
262,ViciCoin,VCNT,vicicoin,15.200364150848745,0.09853752,-0.09536371,-0.4455353,92556716.35694776,329383.31614692,6089111.77642936,3047587.00217618,10000000.0,2026-07-16,151307942.95,0.3634
263,Union,U,union,0.04808224664230344,5.54108534,-67.64105445,209.46910939,92272235.41891241,2112530.8235343,1919050000.0,10000000000.0,,2026-07-16,481968115.29,2.2888
264,U.S. Dollar Tokenized Currency (Ondo),USDon,us-dollar-tokenized-currency-ondo,0.9993527567059474,-0.03304392,-0.03109659,0.00804971,90522957.90683307,18474662.05583886,90581586.23108579,90581586.23108579,,2026-07-16,90522957.91,20.4088
265,UnifAI Network,UAI,unifai-network,0.3749313973027837,-1.75567323,1.18654504,-5.83611723,89608603.9553653,8054225.70422864,239000000.0,1000000000.0,1000000000.0,2026-07-16,374101007.51,8.9955
266,SpaceX Tokenized bStocks,SPCXB,spacex-tokenized-bstocks,135.71287664495182,0.11666417,-1.20884446,-9.00467886,89530905.11426829,18027852.86836182,659708.25560272,659708.25560272,,2026-07-16,89519060.16,20.0962
267,GEODNET,GEOD,geodnet,0.20207959696179711,-0.13522997,0.58911883,-1.39862764,88668070.28132558,241018.84019066,438777945.0,976569568.0,1000000000.0,2026-07-16,202006775.57,0.2743
268,Microsoft tokenized stock (xStock),MSFTX,microsoft-tokenized-stock-xstock,397.88078451643526,-0.43796956,3.07194453,3.51930019,87434108.39111055,54484.44239596,219749.51240074,219749.51240074,,2026-07-16,87434108.39,0.0623
269,Light,LIGHT,light,0.12461071495514676,-0.08907538,0.21233382,11.19102545,82749696.96225418,0.0,664065662.3472521,919835262.1129684,1000000000.0,2026-07-16,124757424.45,
270,Quack AI,Q,quack-ai,0.019307005896976374,0.79634182,2.73896235,4.34870824,81183397.28604905,3778778.42641058,4204867275.60191,9999978302.60191,10000000000.0,2026-07-16,191728648.76,4.6916
271,would,WOULD,wouldmeme,0.08056492996645068,0.15224102,0.06786,-3.07171738,80520828.10343708,13009.12463132,999452592.3,999452789.37,1000000000.0,2026-07-16,80571168.46,0.0162
272,Talus,US,talus-network,0.035630565325395894,2.64270666,36.18399844,100.81893881,78387243.71587096,15435643.08277365,2200000000.0,10000000000.0,10000000000.0,2026-07-16,356571785.58,19.7155
273,Cisco tokenized stock (xStock),CSCOX,cisco-tokenized-stock-xstock,115.37562492702668,0.3500848,-3.03034002,1.12670451,77013412.02022623,51830.71712934,667501.58076228,667501.58076228,,2026-07-16,76620992.04,0.0677
274,Numeraire,NMR,numeraire,10.254709605809332,0.26903207,0.83428144,-0.37670689,76813045.44228823,6839262.70260163,7490513.95846191,10631719.1093552,11000000.0,2026-07-16,112756400.42,8.8805
275,Walrus,WAL,walrus-xyz,0.03119715103845342,0.73246873,0.54431212,-1.78031258,76641001.06153296,3223494.5433383,2456666667.0,5000000000.0,5000000000.0,2026-07-16,155939009.97,4.1833
276,Livepeer,LPT,livepeer,1.536089502961762,-0.17156552,0.2408042,-0.4860855,76326681.49829043,4922084.96769072,49688954.55058027,49688954.55058027,,2026-07-16,76309499.7,6.4483
277,AI Rig Complex,ARC,ai-rig-complex,0.07623225928780394,-0.24989449,-5.68402583,-6.32868591,76230953.74861513,5659874.5244435,999982874.189995,999982874.189995,999998319.0,2026-07-16,76284170.78,7.4119
278,Yearn,YFI,yearn-finance,2120.7542403164193,0.48815553,-0.37385264,-2.61808924,75956821.50235201,4241829.90568754,35815.94701469,36646.35595035,,2026-07-16,77788382.13,5.5717
279,Coinbase tokenized stock (xStock),COINX,coinbase-tokenized-stock-xstock,166.56890348543016,0.37276539,2.95834188,4.31944857,75935590.36293387,8388388.24457427,455880.95241064,455880.95241064,,2026-07-16,75919387.91,11.06
280,Four,FORM,binaryx-new,0.19838874725856812,0.78953235,0.09061331,-2.7957193,75758166.36720003,6324535.30818799,381867255.144574,572301922.0959299,580000000.0,2026-07-16,115266840.28,8.3447
281,NEXPACE,NXPC,maplestory-universe,0.2583244903584847,0.72356168,1.06294782,1.13894748,75507225.65538616,7727700.69700095,292296040.3429133,991676090.3429134,1000000000.0,2026-07-16,258229152.52,10.2392
282,Vanguard Total World Tokenised ETF (xStock),VTx,vanguard-total-world-tokenised-etf-xstock,158.16,0.0,0.41267221,0.43180086,75319284.01372899,70.622394,476222.07899424,476222.07899424,,2026-07-16,75319284.01,0.0001
283,lisUSD,lisUSD,lisusd,0.996961286832612,-0.07897104,-0.02318122,-0.04601394,74859587.11207506,3153.5408123,75087757.26879738,75087757.26879738,,2026-07-16,74899925.53,0.0042
284,MicroStrategy tokenized stock (xStock),MSTRX,microstrategy-tokenized-stock-xstock,97.42997190875197,0.31745144,-0.21174802,3.93171255,74083952.52977654,1753121.72924321,760381.54459451,760381.54459451,,2026-07-16,74089374.86,2.3644
285,0x Protocol,ZRX,0x,0.08710512486810221,0.04648733,-0.57068205,-2.69243113,73899688.54884186,4891481.26496684,848396562.8973439,1000000000.0,1000000000.0,2026-07-16,87077176.06,6.6205
286,ETHGas,GWEI,eth-gas,0.04211793687859625,-2.73829844,-13.50698789,-52.21665457,73706389.53754343,15385883.11589895,1750000000.0,10000000000.0,10000000000.0,2026-07-16,421766890.18,20.837
287,RaveDAO,RAVE,ravedao,0.2913385193287503,2.9878196,15.68003774,5.9521623,73557311.0530011,22099107.77372907,252480555.0,1000000000.0,1000000000.0,2026-07-16,293755663.41,29.9433
288,Zeebu,ZBU,zeebu,0.4093443141180161,0.37742348,0.72674671,-1.44286563,73497595.14474177,1200.85349301,179549568.932212,271574623.461212,,2026-07-16,111234302.95,0.0016
289,Sonic,S,sonic,0.025516781444053966,0.532053,0.20728477,2.62164688,73488330.55887543,6643526.94361259,2880000000.0,3222625000.0,,2026-07-16,82203477.71,9.055
290,Banana For Scale,BANANAS31,banana-for-scale,0.007345046812445885,-0.12848201,0.10727458,-0.80753515,73450468.12445885,5771938.18596394,10000000000.0,10000000000.0,10000000000.0,2026-07-16,73442809.43,7.8125
291,LAB,LAB,lab,0.23334146296858452,3.62820793,-1.48327518,-82.03104107,72824747.2866925,111028768.14014009,312095186.0,990000000.0,1000000000.0,2026-07-16,234140646.1,151.6972
292,Orca,ORCA,orca,1.1982043597056329,0.03011322,1.38598298,0.53667038,72849365.77791025,19579576.73226383,60798782.100749,74999550.437888,,2026-07-16,89791115.9,26.8855
293,Lumera Health,LUR,lumera-health,4.885992869898361,-0.01566167,-0.05062932,-0.91703801,72820202.97137482,47040.17949243,14903870.08544481,100000000.0,100000000.0,2026-07-16,488459059.82,0.0647
294,Palantir tokenized stock (xStock),PLTRX,palantir-tokenized-stock-xstock,133.3542954852986,-0.02902055,0.15229134,1.91827131,72807834.8566088,3644.85406356,545972.92566879,545972.92566879,,2026-07-16,72807834.86,0.005
295,Qtum,QTUM,qtum,0.6848774677018804,0.08479668,0.32203332,-3.18995625,72642479.56416385,6305223.93227757,106066388.5,107822406.0,107822406.0,2026-07-16,73782021.5,8.667
296,Linde tokenized stock (xStock),LINX,linde-tokenized-stock-xstock,519.46,0.0,-2.36448387,-1.67887495,72542885.9345979,1.10333304,139650.57162168,139650.57162168,,2026-07-16,72542885.93,0.0
297,Law Blocks (AI),LBT,law-blocks,0.29594316584685526,-0.03277293,0.01123109,0.08459733,72505480.19482985,711727.10866966,244997988.0,1000000000.0,,2026-07-16,295312102.55,0.985
298,The Black Bull,ANSEM,the-black-bull,0.17429706695838884,1.65051421,-21.37405525,-40.29282852,72448131.62741448,41050498.93393657,415658925.830981,999943472.748492,1000000000.0,2026-07-16,175563166.89,56.5135
299,Coca-Cola tokenized stock (xStock),KOX,coca-cola-tokenized-stock-xstock,84.67070051280943,-1.01233846,0.0443119,1.51573671,72210760.55163181,86478.18973681,852842.36594579,852842.36594579,,2026-07-16,72324633.84,0.1196
300,Comedian,BAN,comedian,0.07210226247941448,-0.70940996,-0.40269529,-2.97870898,72099512.42702125,8241461.14622575,999961859.0,999961859.0,999961859.0,2026-07-16,72389051.1,11.3976
301,AntFun,ANTFUN,ant-fun,0.03794587502418953,-0.61148409,3.88623226,12.60469588,71635601.29252112,18243141.49019877,1887836326.0,10000000000.0,10000000000.0,2026-07-16,378641088.72,25.5637
302,XPR Network,XPR,proton,0.002446299375530838,0.08936682,-1.52017332,17.69028017,71526513.810343,1507582.31444388,29238659227.8069,32281335455.0892,,2026-07-16,78918418.82,2.107
303,Huma Finance,HUMA,huma-finance,0.02192336572768796,0.17462026,-2.70910637,-1.5990111,71488674.93523595,7052271.57874421,3260843970.0,9999996010.090069,10000000000.0,2026-07-16,219540034.61,9.8686
304,Keeta,KTA,keeta,0.12384576732113618,0.19224332,2.12648928,-4.22457099,70494917.46346311,1528987.82601791,569215395.7968339,1000000000.0,1000000000.0,2026-07-16,123813026.04,2.1704
305,iShares Core S&P 500 Tokenized ETF (Ondo),IVVon,ishares-core-sp-500-tokenized-etf-ondo,761.5765433296766,0.06574048,0.08774176,0.98427295,69393144.2545661,1161873.99188479,91117.75416713,91117.75416713,,2026-07-16,69335781.03,1.6746
306,FTX Token,FTT,ftx-token,0.20953450156116496,0.00409295,-1.76776407,-3.7395383,68914871.64340793,2045185.87085487,328895103.813207,328895103.813207,352170015.0,2026-07-16,74014224.16,2.9488
307,Gas,GAS,gas,1.0580085030614292,0.32071338,0.80157784,2.720485,68762438.83178292,2933014.10552038,64992331.0,64992331.0,,2026-07-16,68753253.4,4.2664
308,SPACE ID,ID,space-id,0.03479187908565455,-0.16149883,3.20225143,-2.56521775,68476509.64108187,11361948.74876423,1968175086.8499722,1994841761.516639,2000000000.0,2026-07-16,69456701.7,16.6582
309,Goldman Sachs tokenized stock (xStock),GSX,goldman-sachs-tokenized-stock-xstock,1198.07,0.0,5.08648516,15.16249652,67593512.552089,2300.7496666,56418.66714974,56418.66714974,,2026-07-16,67593512.55,0.0034
310,MindWaveDAO,NILA,mindwavedao,0.07887098015881665,0.49858778,0.72697628,0.2711264,66469794.38919682,262718.58681851,842766176.55,1057021569.0,1057021569.0,2026-07-16,83401602.67,0.3957
311,XPIN Network,XPIN,xpin-network,0.0016773083354131805,1.7541617,13.07271178,16.52000054,66244264.37624005,6368495.3295777,39494386916.0,100000000000.0,100000000000.0,2026-07-16,166763260.64,9.6062
312,Stronghold SHx,SHX,stronghold-token,0.0037269706073163942,0.18844378,-1.39382511,-1.68517574,65589748.15488773,702180.44445842,17598675993.346684,99756866344.0,99756866344.0,2026-07-16,371583896.37,1.068
313,Mastercard tokenized stock (xStock),MAX,mastercard-tokenized-stock-xstock,537.6887653801466,-0.00483336,-0.70959411,3.03270071,65597739.12762168,9701.92804045,121999.46019189,121999.46019189,,2026-07-16,65604990.16,0.0148
314,USDsui,USDsui,usdsui,1.0001822543290362,0.03540133,0.06921179,0.05942562,65555842.61896286,3131894.19288768,65543896.96,65543896.96,,2026-07-16,65547202.61,4.7728
315,Collector Crypt,CARDS,collector-crypt,0.1565935110057516,-0.59844227,-10.00845095,-6.16826119,65123113.30724246,5872069.46003561,415873639.264979,1999705585.536744,2000000000.0,2026-07-16,313033999.6,9.0228
316,Micron Technology Tokenized bStocks,MUB,micron-technology-tokenized-bstocks,900.1677571920858,1.33856212,-9.69401865,-5.40096301,65088859.482391305,60974901.61252151,72307.47709229721,72307.47709229721,,2026-07-16,64883305.64,93.5547
317,River,RIVER,river,3.3126258410524505,0.62518169,0.21060095,-8.99519033,64927466.48462803,4331220.64844723,19600000.0,100000000.0,100000000.0,2026-07-16,331091046.89,6.6815
318,BNB Attestation Service,BAS,bnb-attestation-service,0.025970806001691483,2.01213951,5.8793387,-4.91636743,64927015.00422871,4626191.59804335,2500000000.0,10000000000.0,10000000000.0,2026-07-16,262165588.69,7.0769
319,AIOZ Network,AIOZ,aioz-network,0.051244606823174034,0.08868461,2.33760265,0.36134658,64869647.09443571,2926789.13557765,1265882423.8475785,1265882423.8475785,,2026-07-16,64810695.31,4.52
320,Qubic,QUBIC,qubic,4.6115670094690764e-07,0.81454408,-2.74002664,6.1672724,64593534.43229025,839989.33241423,140068515321708.0,173959640316785.0,200000000000000.0,2026-07-16,92128007.0,1.3008
321,"SpaceX 
Pre-IPO stock (Republic)",preSPCX,spacex-pre-ipo-stock-republic,135.13120090497534,-0.00741102,-1.26893712,-9.5070774,64153537.62963704,141771.42950417,474750.0,474750.0,,2026-07-16,64155743.12,0.2207
322,Holo,HOT,holo,0.00036104980749367485,0.53959479,0.22540521,12.5593989,63723831.83467661,3931634.85683147,176495958485.70828,177619433541.14133,,2026-07-16,64249892.7,6.1709
323,Ravencoin,RVN,ravencoin,0.003879844697619655,0.63776369,2.26587403,4.88297405,63448508.6970777,3701647.44254549,16353362993.112675,16353362993.112675,21000000000.0,2026-07-16,81596353.0,5.878
324,Quantix Finance,QFI,quantix-finance,63.285416414703484,-0.32880796,-0.40844279,5.39705723,63285416.41470348,2975337.35455726,1000000.0,10000000.0,10000000.0,2026-07-16,631473555.63,4.7148
325,Defi App,HOME,defi-app,0.016301392456094566,-0.58822009,20.52312824,3.07722161,63327811.48204298,63212237.63472895,3884809942.01,10000000000.0,10000000000.0,2026-07-16,162775558.67,100.1013
326,GMX,GMX,gmx,6.045260737052428,0.63744722,3.34547931,2.46942366,63091094.0011004,3552209.41938794,10436455.38965828,10436455.38965828,13250000.0,2026-07-16,80051361.14,5.6281
327,Core MSCI Emerging Markets Tokenised ETF (xStock),IEMGx,core-msci-emerging-markets-tokenised-etf-xstock,78.3,-1.49704365,-1.49704365,-3.2018791,63073885.018841766,673.0967106,805541.31569402,805541.31569402,,2026-07-16,63073885.02,0.0011
328,Fidelity Digital Dollar,FIDD,fidelity-digital-dollar,0.9992098134096349,0.01823134,-0.02188113,-0.05088895,62551593.48184536,2934638.09297965,62601060.0,62601060.0,,2026-07-16,62561508.99,4.6891
329,Bio Protocol,BIO,bio,0.027884319291219577,0.45907662,0.62588907,-1.36798872,62476035.077691324,11256366.95209346,2240543669.91,3311239950.50686,3320000000.0,2026-07-16,92648933.5,17.7074
330,USD.AI,CHIP,usd-ai,0.03108778263852266,-0.58068417,1.99336267,-4.11492442,62175565.27704532,17260621.91531912,2000000000.0,10000000000.0,10000000000.0,2026-07-16,312301301.45,27.6557
331,Kusama,KSM,kusama,3.3263389767953697,0.58614047,0.35576742,1.45497393,61600978.13074863,3647477.83963278,18519152.30542609,18519152.30542609,,2026-07-16,61639562.55,5.9187
332,Dog (Bitcoin),DOG,dog-go-to-the-moon-rune,0.0006147624885159507,0.38029454,0.76337805,1.40535535,61476248.85159507,1314111.71874278,100000000000.0,100000000000.0,100000000000.0,2026-07-16,61510905.85,2.1391
333,Plume,PLUME,plume,0.010270550463771125,-0.60229569,3.76713005,2.12565606,61313068.717430644,13628848.17434356,5969793823.0,10000000000.0,10000000000.0,2026-07-16,102512326.05,22.3324
334,Visa tokenized stock (xStock),VX,visa-tokenized-stock-xstock,354.7092876641035,0.0,1.81385449,2.56069653,61085920.71687993,1465.2896976,172214.04355988,172214.04355988,,2026-07-16,61080441.65,0.0024
335,ZIGChain,ZIG,zigcoin,0.04324969298844715,0.14972375,-0.93498732,-2.46281891,60936256.83301351,2969536.26676675,1408940795.2396517,2000000000.0,1953940796.0,2026-07-16,84478942.88,4.8622
336,Zilliqa,ZIL,zilliqa,0.0030151772839360994,0.37632698,0.98692345,0.45016655,60533621.53929651,2953230.64159199,20076305914.68047,20518261340.39047,21000000000.0,2026-07-16,63305509.03,4.8638
337,Pfizer tokenized stock (xStock),PFEX,pfizer-tokenized-stock-xstock,24.740000000000002,0.0,2.18917803,2.14698596,60298827.152594425,69.0933772,2437301.01667722,2437301.01667722,,2026-07-16,60298827.15,0.0001
338,Venus BUSD,vBUSD,venus-busd,0.02230762101224549,-0.03998001,-0.019994,0.05002001,60113918.35975066,0.0,2694770470.0,2694770470.0,,2026-07-16,60113918.36,
339,Magma Finance,MAGMA,magma-finance,0.31457900048290255,-0.92232393,7.77997287,-11.98259303,59770010.091751486,3681013.01141336,190000000.0,1000000000.0,1000000000.0,2026-07-16,315328523.21,6.1461
340,Theta Fuel,TFUEL,theta-fuel,0.008036887049970833,0.57293731,2.94992098,4.28985801,59472121.638804056,1645683.61873105,7399895167.0,7399895167.0,,2026-07-16,59506529.45,2.7658
341,Turbo,TURBO,turbo,0.000861658510337474,0.81620003,2.32663135,2.13366031,59454437.20466912,7348701.78507401,68999999990.0,68999999990.0,69000000000.0,2026-07-16,59425644.94,12.3939
342,ChainOpera AI,COAI,chainopera-ai,0.31508867494463827,-0.4585742,0.14964983,4.14855388,59236701.76828214,4390467.4492484,188000098.0,1000000000.0,1000000000.0,2026-07-16,314947831.58,7.6471
343,Wormhole,W,wormhole,0.009562469181807228,0.40659785,-1.08379545,-1.91350424,58991680.90846305,111195207.78243192,6169084552.0,10000000000.0,10000000000.0,2026-07-16,95574673.27,189.0261
344,Synapse,SYN,synapse-2,0.24876844178478974,1.93036207,-8.21187476,-27.47641283,58785028.45138468,28526159.89239937,236304203.33717316,250178269.5450787,250000000.0,2026-07-16,62038766.15,48.5686
345,AIHub,AIH,aihub,50.174637416664346,-1.31001943,-0.22022095,4.22450889,58704325.777497284,0.0,1170000.0,100000000.0,100000000.0,2026-07-16,5017463741.67,
346,io.net,IO,io-net,0.16058256080475394,0.85438843,0.1758729,-4.93384454,58696692.65973344,15479163.63585349,365523456.380176,800000000.0,800000000.0,2026-07-16,128275692.5,26.3479
347,Procter & Gamble tokenized stock (xStock),PGX,procter-gamble-tokenized-stock-xstock,150.51442122478707,0.24299288,0.28798087,-0.55194493,57737096.9186899,41565.39755115,383598.43826833,383598.43826833,,2026-07-16,57749096.25,0.0717
348,Schwab International Equity Tokenised ETF (xStock),SCHFx,schwab-international-equity-tokenised-etf-xstock,27.53,0.0,0.69495245,0.07270084,57557836.70407183,566.48191935,2090731.44584351,2090731.44584351,,2026-07-16,57557836.7,0.001
349,Broadcom tokenized stock (xStock),AVGOX,broadcom-tokenized-stock-xstock,395.51659272991145,0.32435839,2.13671812,0.22478579,57415109.026992925,75201.10283978,145164.85548863,145164.85548863,,2026-07-16,57435245.93,0.1311
350,Dohrnii,DHN,dohrnii,3.3604965695066955,-0.22251502,-0.09471691,-5.64126543,57380620.065182745,446275.28382478,17075042.0,372000000.0,372000000.0,2026-07-16,1249265535.15,0.7778
351,Mina,MINA,mina,0.04458136538029622,0.77980247,-0.90659084,-0.58613089,57387336.409393564,4497248.77664735,1287249412.8400393,1287249412.8400393,,2026-07-16,57350325.83,7.8258
352,Berachain,BERA,berachain,0.19042566624487067,0.44185945,2.62634294,-2.56072051,56933891.03104262,11338053.88058908,298982233.6125144,551339178.0569588,,2026-07-16,104915798.11,19.8996
353,Playnance,GCOIN,playnance,0.0022735258430957956,0.11194088,-0.12697286,-5.51360143,56897257.74931538,709050.515655,25026000000.0,77000000000.0,77000000000.0,2026-07-16,175110392.71,1.2465
354,AbbVie tokenized stock (xStock),ABBVX,abbvie-tokenized-stock-xstock,247.07805769859084,-0.25609282,-0.55131733,-2.58012628,56658209.36913575,79716.54656738,229312.99483604,229312.99483604,,2026-07-16,56615076.18,0.1408
355,Enjin Coin,ENJ,enjin-coin,0.02842886307545265,-0.40827223,-2.17039571,-2.52588237,56369503.80665323,7976031.66994424,1982826525.8812397,2006100089.0204093,,2026-07-16,56961807.79,14.0613
356,Baby Doge Coin,BabyDoge,baby-doge-coin,3.1192967387526704e-10,0.40083813,-0.10581051,6.35483076,55893437.853871174,2659839.07376883,1.7918602343751872e+17,2.026150676904291e+17,,2026-07-16,63213419.75,4.7457
357,Vanguard tokenized ETF (xStock),VTIX,vanguard-tokenized-etf-xstock,376.0941042016132,-0.18645242,0.29590647,-0.19553278,55840517.46239742,81567.21469087,148474.85466686,148474.85466686,,2026-07-16,55867842.43,0.146
358,Linea,LINEA,linea,0.002504913003725231,1.19857688,0.49252628,5.18432284,55804491.258981824,13450387.21457867,22278015713.91544,69697295378.44374,72009990000.0,2026-07-16,180054104.23,24.1542
359,Velo,VELO,velo,0.0031724073859912337,0.83762853,-0.10604395,-3.38908846,55719770.31386101,2351954.32963593,17563876115.0,23999804349.0,24000000000.0,2026-07-16,76266034.61,4.2177
360,SuperVerse,SUPER,superverse,0.08648329080203492,0.59940668,1.1416713,-0.47098964,55363370.581008695,3742079.28485684,640162626.4169173,999998077.4169173,999998077.417,2026-07-16,86492599.11,6.6943
361,MegaETH,MEGA,megaeth,0.048876383323609045,-4.07761466,0.9834182,3.31834154,55220185.38253697,24064293.27169599,1129792788.0,10000000000.0,10000000000.0,2026-07-16,492308763.77,43.7466
362,Ton Strategy tokenized stock (xStock),TONXX,ton-strategy-tokenized-stock-xstock,3.48,0.0,3.57142857,2.35294118,54142382.66339439,4475.80572708,15558155.93775701,15558155.93775701,0.0,2026-07-16,54142382.66,0.0083
363,SK hynix tokenized stock (xStock),SKHYx,sk-hynix-tokenized-stock-xstock,169.12,0.52306229,-11.96251952,-1.12832505,53808623.42579546,59890.28142832,318168.30313266,318168.30313266,,2026-07-16,53808623.43,0.1113
364,iShares Semiconductor tokenized ETF (xStock),SOXXx,ishares-semiconductor-tokenized-etf-xstock,575.61,0.0,2.81136692,2.7875,53313360.16091113,195.18301929,92620.62883013,92620.62883013,,2026-07-16,53313360.16,0.0004
365,Babylon,BABY,babylon,0.013292445883212944,0.42764951,2.92955967,-0.15158664,53254639.74227562,8960800.2302662,4006383791.98,10877497928.0,,2026-07-16,144866333.9,16.8092
366,aPriori,APR,apriori,0.21531644592927648,0.02750567,-0.77732789,10.2669779,53156247.58879013,5595025.23202014,246875000.0,1000000000.0,1000000000.0,2026-07-16,215552310.99,10.5409
367,Jelly-My-Jelly,JELLYJELLY,jelly-my-jelly,0.05296464516199669,0.50228905,-0.77115084,-5.18789539,52964597.4408514,4125203.87862781,999999099.0,999999099.0,,2026-07-16,53073578.73,7.7845
368,Holoworld AI,HOLO,holoworld-ai,0.07288089015986451,0.03503462,6.72883947,8.62968823,52933277.5785321,6330314.73031441,726298450.285428,2047999956.7718463,2048000000.0,2026-07-16,150019814.18,11.9345
369,AstraZeneca tokenized stock (xStock),AZNX,astrazeneca-tokenized-stock-xstock,93.32343923735212,-1.01708521,-0.4009106,-3.84461855,52837553.40050612,799566.14514265,566176.66292948,566176.66292948,,2026-07-16,52819730.11,1.5128
370,Brett (Based),BRETT,based-brett,0.005282691607281744,0.52356286,1.94966704,2.66790863,52826903.102347,12880146.46404773,9999997544.723145,9999997544.723145,9999997544.723145,2026-07-16,52842856.17,24.3699
371,Pharos,PROS,pharos,0.3877570106952875,0.07289061,3.01936492,-1.2987739,52579850.65028098,4614280.58864618,135600000.0,1000000000.0,,2026-07-16,389307605.04,8.7785
372,Non-Playable Coin,NPC,non-playable-coin,0.006917679447317234,-0.2772948,-2.26480317,16.90680267,52427304.11379778,3737745.44303276,7578741471.481418,8050126520.0,8050126520.0,2026-07-16,55881930.47,7.0852
373,Spark,SPK,spark,0.01746522205144527,0.03852991,0.35838911,0.69989905,52301495.162414506,12133278.21989017,2994608085.0478787,10000000000.0,10000000000.0,2026-07-16,174675774.06,23.1471
374,Home Depot tokenized stock (xStock),HDX,home-depot-tokenized-stock-xstock,347.94388588184506,0.21389257,1.19743339,1.40516388,52298294.3865398,30685.5043412,150306.69170689,150306.69170689,,2026-07-16,52302581.15,0.0588
375,ZetaChain,ZETA,zetachain,0.03424387877728838,-0.19301465,-0.5255939,1.02219823,51701836.226434715,4057662.38157259,1509812500.0,2100000000.0,2100000000.0,2026-07-16,71961037.26,7.8515
376,GoPlus Security,GPS,goplus-security,0.00978208522289184,2.02062683,1.24131692,1.98989366,51459607.35705952,4234823.77081396,5260596916.149818,9822841360.54709,10000000000.0,2026-07-16,97954996.46,8.2343
377,Exxon Mobil tokenized stock (xStock),XOMX,exxon-mobil-tokenized-stock-xstock,144.58955605732726,0.0,-0.14896099,3.08675599,51258143.46793967,530.0438802,354507.92481593,354507.92481593,,2026-07-16,51258143.47,0.001
378,aelf,ELF,aelf,0.06228955143849057,0.313778,2.03390591,1.73895325,51223436.71739796,1668687.62612174,822343965.1508787,996445518.6791886,,2026-07-16,62079679.89,3.2495
379,Axelar,AXL,axelar,0.04214524462249783,0.18265911,0.81426868,2.65643735,50754425.31681439,3144281.09915013,1204274071.047172,1247590292.813086,,2026-07-16,52584295.81,6.1973
380,Berkshire Hathaway tokenized stock (xStock),BRK.BX,berkshire-hathaway-tokenized-stock-xstock,492.6702073275047,-0.01746606,-0.57927287,-1.27447853,50709725.104652405,46.143579,102928.33694923,102928.33694923,,2026-07-16,50714304.21,0.0264
381,Cysic,CYS,cysic,0.3142888006433554,1.15174105,1.63777219,7.86974215,50537639.14345155,4935856.78882796,160800000.0,1000000000.0,1000000000.0,2026-07-16,314512587.99,9.743
382,DigiByte,DGB,digibyte,0.0027390266887408225,1.25281332,9.00098546,12.58826026,50350981.97164634,3693319.83449413,18382800787.820564,18382800787.820564,21000000000.0,2026-07-16,57628591.32,7.3139
383,Xphere,XP,xphere,0.01758267278628175,-0.4338467,-5.20691152,26.6886378,50012114.07497039,956087.74660714,2844397702.378363,2844397702.378363,5500000000.0,2026-07-16,96628394.83,1.9091
384,Gamestop tokenized stock (xStock),GMEX,gamestop-tokenized-stock-xstock,22.106731654627293,0.0,0.09072631,1.24970131,49924723.06859508,4244.88286576,2258349.35025979,2258349.35025979,,2026-07-16,50045021.6,0.0085
385,UnitedHealth tokenized stock (xStock),UNHX,unitedhealth-tokenized-stock-xstock,428.2097942341145,-0.10303711,0.04272736,0.39990835,49652231.930574626,63046.1042809,115953.05058209,115953.05058209,,2026-07-16,49659608.59,0.1272
386,Janction,JCT,janction,0.004313029068284032,-0.26685128,2.45954631,29.92509762,49572608.28927282,5050298.43180175,11493687500.0,50000000000.0,50000000000.0,2026-07-16,215462418.08,10.1425
387,Kava,KAVA,kava,0.04564168212920599,0.24356744,2.1221381,3.35617822,49422958.97933946,9238441.9434294,1082847009.0,1082847009.0,,2026-07-16,49488174.34,18.7288
388,Circle Internet Group Tokenized bStocks,CRCLB,circle-internet-group-tokenized-bstocks,65.24781658615562,-0.04146513,3.00434563,2.36938459,49383958.85825061,11690281.16972981,756867.60786918,756867.60786918,,2026-07-16,49408202.89,23.6556
389,KUB Coin,KUB,bitkub-coin,0.7155513075744333,-0.37672633,-1.35074131,2.0546627,49354991.15645364,156393.6934296,68974776.0,110000000.0,110000000.0,2026-07-16,79028838.5,0.3174
390,TQQQ tokenized ETF (xStock),TQQQX,tqqq-tokenized-stock-xstock,74.19665863656286,-0.00402378,-3.30228358,1.10886647,48692727.05504284,62854.47058735,656265.76654286,656265.76654286,,2026-07-16,49263175.71,0.1277
391,RedStone,RED,redstone,0.10816754785561235,0.7495426,-2.49826869,5.62308727,48673227.55935596,3302610.30512334,449979948.0,1000000000.0,1000000000.0,2026-07-16,108045139.77,6.803
392,SanDisk Tokenized bStocks,SNDKB,sandisk-tokenized-bstocks,1582.8078470394466,1.23579019,-11.2958512,-6.77428448,48628578.854800574,24783770.94760947,30722.9831756,30722.9831756,,2026-07-16,48496016.61,51.1036
393,Honeywell tokenized stock (xStock),HONX,honeywell-tokenized-stock-xstock,221.31420883016088,-0.05905772,-1.42823255,0.51976124,48490575.676079445,435087.09129943,219102.85802432,219102.85802432,,2026-07-16,48500112.93,0.8973
394,SushiSwap,SUSHI,sushiswap,0.16829298644761925,2.30924666,1.23644996,4.87088228,48272324.835855715,5266340.22817574,286835036.0570751,291514753.90092283,,2026-07-16,49105911.97,10.9467
395,"Strive, Inc. Series A Preferred tokenized stock (xStock)",SATAx,strive-inc-series-a-preferred-tokenized-stock-xstock,97.99,0.0,0.0,-0.05099959,48043975.50418513,0.0,490294.67807108,490294.67807108,,2026-07-16,48043975.5,
396,VanEck Uranium and Nuclear tokenized ETF (xStock),NLRx,vaneck-uranium-and-nuclear-tokenized-etf-xstock,120.6,0.0,0.0,0.0,47813995.72904359,0.0,396467.62627731,396467.62627731,,2026-07-16,47813995.73,
397,Toshi,TOSHI,toshithecat,0.00011343765673502983,0.47909423,3.02649914,2.29266639,47719745.87769013,7867230.64023761,420669354878.82086,420690000000.0,420690000000.0,2026-07-16,47766802.5,16.4672
398,Global X Copper Miners Tokenised ETF (xStock),COPXx,global-x-copper-miners-tokenised-etf-xstock,78.33,0.0,-0.62166963,5.67997841,47669748.302285425,742.62017613,608575.8751728,608575.8751728,,2026-07-16,47669748.3,0.0016
399,Purr,PURR,purr,0.08006352060499085,1.28809149,-3.61770133,-9.74138334,47665236.69178396,847812.22384012,595342752.0,595342752.0,1000000000.0,2026-07-16,80071421.26,1.7553
400,Unitas,UP,unitas,0.3262603032440416,-0.38891292,-0.89114905,3.02735755,47634004.273630075,35192001.61696789,146000000.0,999999961.340917,1000000000.0,2026-07-16,326215293.17,73.873
401,Targon,SN4,targon,10.72747361044788,1.33732776,3.37238371,-2.08623353,47358062.82931095,328453.7891632,4414652.0,4414652.0,21000000.0,2026-07-16,224434668.15,0.6919
402,Blur,BLUR,blur-token,0.016592319324870822,1.01854265,0.90270437,-8.66052284,47185865.54062333,27548358.50953339,2843837839.469178,3000000000.0,,2026-07-16,49795080.18,58.1851
403,Diem,DIEM,venice-ai,1225.4949812138834,-0.68522053,-5.16184538,-4.12033003,47079016.4765093,956579.68629262,38416.32744173,37780.88115113,,2026-07-16,46272439.08,1.9993
404,Micron Technology Tokenized Stock (Ondo),MUon,micron-technology-tokenized-stock-ondo,900.2078190240485,1.06300564,-9.63328124,-5.41927677,46748846.99249127,8321537.54419931,51931.1718967,51931.1718967,,2026-07-16,46703392.18,17.8428
405,OpenLedger,OPEN,openledger,0.15091544574963164,-0.45924375,2.68345659,2.94989674,46720542.53738105,5666568.50695128,309580920.0,1000000000.0,1000000000.0,2026-07-16,150716993.17,12.1926
406,TROLL (SOL),TROLL,troll-sol,0.046728685851252304,-1.32346636,-5.65754559,-6.62270262,46671246.40850694,2751774.04501415,998770788.399053,998770788.399053,1000000000.0,2026-07-16,46723657.84,5.9381
407,ECOMI,OMI,ecomi-new,0.00016509271683423199,-0.03856916,-4.77774149,1.17236882,46648644.94768521,856885.86356802,282560283955.61914,305278604837.5089,,2026-07-16,50395244.06,1.8367
408,Movement,MOVE,movement,0.010984783394344668,0.45281989,1.38231051,-0.37026389,45769930.81343105,7330744.39620123,4166666667.0,10000000000.0,10000000000.0,2026-07-16,109983438.43,15.9637
409,Oasis,ROSE,oasis-network,0.005749575716276539,0.55197364,0.40182063,1.49839022,45575104.40919656,1443803.22367862,7926690013.0,10000000000.0,10000000000.0,2026-07-16,57388256.63,3.183
410,SuperTrust,SUT,supertrust,0.24183562396525088,-1.02496613,-5.31390337,-7.14931633,45562734.0856019,164667.31454064,188403732.0,188403732.0,238403732.0,2026-07-16,57404917.04,0.3585
411,AppLovin tokenized stock (xStock),APPX,applovin-tokenized-stock-xstock,453.43,0.0,1.21205357,-10.75618013,45541678.319900274,22.8120633,100438.16756699,100438.16756699,,2026-07-16,45541678.32,0.0001
412,Venus,XVS,venus,2.775539340497609,0.85579144,1.25835611,8.12363149,45420412.04059891,4018614.10859218,16364535.4896882,30000000.0,,2026-07-16,83296981.46,8.8454
413,Loaded Lions,LION,loaded-lions,0.0014696516468860688,-0.05321511,0.30324271,-1.60198185,45331729.379744135,19847.87249787,30845220686.0,100000000000.0,100000000000.0,2026-07-16,147012542.63,0.0438
414,Matrixdock Gold,XAUM,matrixdock-gold,4029.4510975914977,-0.27107435,-0.1235109,0.21728317,45226411.411576614,446094.0596354,11223.96334295,11223.96334295,,2026-07-16,45226781.59,0.9843
415,Ontology,ONT,ontology,0.04493801098480307,0.1142916,0.36586036,-0.07152885,44938010.98480307,2420318.79641507,1000000000.0,1000000000.0,1000000000.0,2026-07-16,44926656.5,5.2359
416,Concordium,CCD,concordium,0.0035455945465020077,0.41499572,-8.72945087,12.30648837,44832484.65879957,261593.32897723,12644560473.794203,14560299564.416548,,2026-07-16,51260712.29,0.5854
417,Astar,ASTR,astar,0.005135497601968351,0.38376871,0.86916696,3.03487511,44822934.27599895,1842546.78790915,8728060599.0,8728838804.0,10000000000.0,2026-07-16,51334845.34,4.1621
418,Alchemy Pay,ACH,alchemy-pay,0.004477965273240164,0.57740376,1.32408608,4.96385577,44779652.73240159,3096116.48626423,9999999999.999989,15346246087.999989,15346246087.999989,2026-07-16,68798457.48,6.9001
419,Nervos Network,CKB,nervos-network,0.0009111476163630782,0.60646908,0.8958454,2.34126007,44775826.94370387,2167307.24745376,49142231335.06108,49971610390.594475,,2026-07-16,45514613.91,4.8244
420,Threshold,T,threshold,0.004006170475711672,-0.89276404,-4.92683624,17.78964154,44688831.6565637,18915918.5751933,11155000000.0,11155000000.0,11155000000.0,2026-07-16,44781165.93,42.0011
421,Creditcoin,CTC,creditcoin,0.08106520122165718,0.18913486,0.42800885,2.68966164,44550537.645391926,2679998.29687604,549564264.0,549564264.0,600000000.0,2026-07-16,48646237.39,6.0134
422,Flow,FLOW,flow,0.02650876341232567,0.16810553,-0.31538521,-2.04219942,44428664.8621821,2886726.22417781,1675999146.8151355,1675999146.8151355,,2026-07-16,44426605.43,6.5045
423,Popcat (SOL),POPCAT,popcat-sol,0.04528154733540847,0.48623076,-1.34862612,-0.90626438,44373033.5801682,10096581.89375133,979936335.9093993,979936335.9093993,979973220.96,2026-07-16,44453029.29,22.6597
424,Bedrock,BR,bedrock-dao,0.14638397511511533,0.99308922,0.72788809,0.49578871,44159165.728803806,9744339.72480354,301666666.0,1000000000.0,1000000000.0,2026-07-16,146539284.41,22.0071
425,Seeker,SKR,solana-mobile-seeker,0.00891891104382837,-0.40173642,-3.90502393,-6.2356591,44053144.31043773,5502443.56297755,4939296299.061222,10450822906.942219,,2026-07-16,93211174.42,12.5102
426,Nano,XNO,nano,0.3287018966441874,-0.41273756,1.58003768,-0.6049229,43798967.94850799,158367.76521381,133248297.0,133248297.0,133248297.0,2026-07-16,43804471.92,0.3615
427,EscoinToken,ELG,escointoken,0.27713318913680773,0.20355291,0.67956805,1.21064863,43547946.93924066,302472.32274957,157137248.97,225000000.0,370000000.0,2026-07-16,102499925.46,0.6946
428,StorX Network,SRX,storx-network,0.05210675221741309,-0.03771182,0.52950522,0.16388127,43457031.34932252,2596742.34017338,834000000.0,977000000.0,1500000000.0,2026-07-16,78057966.52,5.9846
429,Request,REQ,request,0.05448015624002096,0.21004484,0.87575368,3.38125188,43404058.84883429,2005328.24664802,796694830.6390833,999416740.9347085,,2026-07-16,54374391.42,4.6175
430,Altlayer,ALT,altlayer,0.006525646789335579,0.72419899,3.04046697,4.95605032,43361041.021480024,5370253.29210349,6644711615.765356,10000000000.0,10000000000.0,2026-07-16,65335557.39,12.3478
431,Peanut the Squirrel,PNUT,peanut-the-squirrel,0.04329284586412511,0.30327313,1.28350553,0.75416458,43285994.557274215,6609435.64936897,999841745.057084,999841745.057084,,2026-07-16,43292923.51,15.2932
432,CrowdStrike tokenized stock (xStock),CRWDX,crowdstrike-tokenized-stock-xstock,206.41273896991532,-0.49111326,-2.56758964,9.86598878,43162076.122178815,43870.98952006,209105.67989929,209105.67989929,,2026-07-16,43524516.94,0.1008
433,Rocket Pool,RPL,rocket-pool,1.9079451336334603,0.79260804,5.8388728,10.04496279,43156950.41440601,10735717.05831758,22619597.20624597,22619597.20624597,,2026-07-16,43276825.46,24.7477
434,XYO,XYO,xyo,0.0030999632936468454,-0.03482925,1.01064575,0.62803979,42785331.27376768,5179611.26378316,13801883190.505249,13930752875.47967,13931216938.0,2026-07-16,43333060.19,12.0967
435,Nockchain,NOCK,nockchain,0.019002789873770666,-1.39575443,-18.59804399,-4.49925193,42415598.847662695,1148483.28521457,2232072192.0,4294967296.0,4294967296.0,2026-07-16,81329085.98,2.7107
436,peaq,PEAQ,peaq,0.018419485784435946,0.14462565,0.30863562,-5.84855512,42371060.79376067,988053.23352102,2300338961.1214485,4424852966.326989,5667620228.64,2026-07-16,104584776.39,2.3222
437,Frankencoin,ZCHF,frankencoin,1.2419618287079486,-0.00173469,0.38318188,0.37119325,42311490.99698605,117441.29748899,34068270.06994571,34068270.06994571,,2026-07-16,42312192.99,0.2771
438,iShares Bitcoin Trust Tokenized Stock (Ondo),IBITon,ishares-bitcoin-trust-tokenized-stock-ondo,36.540879120605,-0.07467569,-0.18397488,4.21290645,42229193.030422956,237666.76144924,1155669.87020327,1155669.87020327,,2026-07-16,42243833.64,0.5627
439,Ronin,RON,ronin,0.0546123812010273,0.39524685,-0.36913204,-1.31503483,42182694.95755135,3128617.24815085,772401679.4337813,1000000000.0,1000000000.0,2026-07-16,54617638.8,7.4148
440,SPDR S&P 500 Tokenized ETF (Ondo),SPYon,spdr-sp-500-tokenized-etf-ondo,760.2658672475033,0.05168462,0.15027786,1.11919944,42161372.52710393,1977322.46425506,55456.09022242,55456.09022242,,2026-07-16,42157418.24,4.6895
441,VVS Finance,VVS,vvs-finance,9.673843626884642e-07,0.00813178,0.10673594,-1.45713294,42129909.26940695,15723.63128374,43550331072463.74,95109375559623.39,100000000000000.0,2026-07-16,96738498.99,0.0371
442,Tellor,TRB,tellor,15.054446929788263,0.36703882,0.57946291,-5.28688098,42041168.931702144,6995616.8927641,2792608.0,2875830.0,,2026-07-16,43261392.2,16.6477
443,Pirate Chain,ARRR,pirate-chain,0.21380740142728505,-0.26400529,-1.85284631,-0.83722132,41951962.26826159,71823.07710974,196213797.97055,196213797.97055,,2026-07-16,41989495.35,0.1715
444,lium,SN51,celium,10.9799275048269,1.26662231,4.1083503,1.47026632,41938689.53903172,120464.71321346,3819578.0,3819578.0,21000000.0,2026-07-16,229377686.03,0.2871
445,Celo,CELO,celo,0.0687790710476493,0.36540893,-1.22578236,3.2387576,41526321.893582605,3791128.63798006,603763925.0,1000000000.0,1000000000.0,2026-07-16,68717652.58,9.0665
446,NVIDIA Tokenized Stock (Ondo),NVDAon,nvidia-tokenized-stock-ondo,211.42816569618384,0.30978891,-0.39377131,3.80032909,41438846.10770604,5875172.13036018,195994.91851645,195994.91851645,,2026-07-16,41421554.27,14.1108
447,Mog Coin,MOG,mog-coin,1.0572848004107154e-07,0.36785124,0.03745504,2.06263879,41294110.923185036,9485254.21853015,390567526433216.7,390567526433216.7,420690000000000.0,2026-07-16,44556763.71,22.7797
448,Lombard,BARD,lombard,0.12397487859469486,0.78448641,1.1552561,-2.28008892,41260389.28229688,4834662.76463128,332812500.0,1000000000.0,1000000000.0,2026-07-16,123829114.35,11.7831
449,Danaher tokenized stock (xStock),DHRX,danaher-tokenized-stock-xstock,198.0070397406764,0.23142118,1.37763962,0.45748,41074762.98187851,58539.47591203,207440.92248272,207440.92248272,,2026-07-16,41017222.37,0.1428
450,Johnson & Johnson tokenized stock (xStock),JNJX,johnson-johnson-tokenized-stock-xstock,248.11999999999998,0.0,-2.01018917,-7.07812149,41041263.196751,273.8153072,165408.927925,165408.927925,,2026-07-16,41041263.2,0.0007
451,Amazon tokenized stock (xStock),AMZNX,amazon-tokenized-stock-xstock,255.21245541228316,-0.07755232,2.97515101,4.91715539,40976804.33284632,12199526.96492853,160559.57875038,300884.73185265,,2026-07-16,76830422.06,29.8143
452,Aztec,AZTEC,aztec,0.014159662084074627,0.25648093,1.76332544,6.0694293,40774157.273436464,4900752.19830885,2879599600.0,10350000000.0,10350000000.0,2026-07-16,146542087.16,11.5339
453,ApeX Protocol,APEX,apex-token,0.27871487909739856,0.88352851,2.38577701,0.93352308,40748986.58675173,1861551.31176577,146203126.0,499999990.0,500000000.0,2026-07-16,139403458.6,4.5467
454,Paycoin,PCI,payprotocol,0.038055008677386544,-0.18600069,0.27840762,2.29355159,40646022.636761,653998.93123411,1068086016.7800754,1900000000.0,1900000000.0,2026-07-16,72309925.44,1.6073
455,Aegis YUSD,YUSD,aegis-yusd,0.9989411697995902,-0.00045755,0.00959141,0.00688582,40616179.845703505,3201.15348853,40659231.0674832,40659231.0674832,,2026-07-16,40616180.28,0.0079
456,0G,0G,zero-gravity,0.1896213347783085,1.1102542,2.05096536,-2.56665253,40435611.534222946,86620789.22185373,213243998.0,1000000000.0,,2026-07-16,189360643.71,213.1683
457,Eli Lilly tokenized stock (xStock),LLYX,eli-lilly-tokenized-stock-xstock,1168.1319248471277,0.1361787,-0.98760177,-3.49895018,40285448.55193551,128383.61257441,34487.07093354,34487.07093354,,2026-07-16,40216840.09,0.3191
458,Merck tokenized stock (xStock),MRKX,merck-tokenized-stock-xstock,123.02,0.0,2.07434451,-7.21773889,40166881.88596813,5.4614729,326506.9247762,326506.9247762,,2026-07-16,40166881.89,0.0
459,Chevron tokenized stock (xStock),CVXX,chevron-tokenized-stock-xstock,181.46872439060493,0.0,-0.07779066,0.64262902,40010296.73586199,131.6950832,220480.39886885,220480.39886885,,2026-07-16,40010296.74,0.0003
460,Bank of America tokenized stock (xStock),BACX,bank-of-america-tokenized-stock-xstock,61.4,0.0,-0.80775444,3.73373881,39955682.80399199,181.4635862,650744.01960899,650744.01960899,,2026-07-16,39955682.8,0.0005
461,Impossible Cloud Network,ICNT,impossible-cloud-network,0.15788822653906218,-0.21358221,0.36062288,-5.20802853,39946689.01132319,2142622.55457434,253006129.0,700000000.0,700000000.0,2026-07-16,110708083.42,5.3598
462,BitDCA,BDCA,bitdca,0.48616937293479534,0.130581,-3.43394443,-12.94522633,39854923.42543231,248946.07967846,81977445.8124445,142665333.0,142665333.0,2026-07-16,69409874.75,0.6569
463,Mask Network,MASK,mask-network,0.3965263502722536,-0.24552025,0.98780897,-6.77398038,39652635.02722536,10340203.81957579,100000000.0,100000000.0,100000000.0,2026-07-16,39569975.69,26.2835
464,Ore,ORE,ore-new,82.98607801015146,0.12636284,-0.19985408,-8.01543821,39598860.051856585,567614.58888393,477174.73823757,477174.73823757,3000000.0,2026-07-16,248937957.34,1.4297
465,StraitsX USD,XUSD,straitsx-xusd,1.0000457098995796,-0.0214777,-0.00777334,-0.03754224,39491540.63284692,9435804.62223518,39489735.561,39489735.561,,2026-07-16,39496033.64,17.8434
466,JPMorgan Chase tokenized stock (xStock),JPMX,jpmorgan-chase-tokenized-stock-xstock,347.28,0.0,1.20650463,4.9120899,39321107.04193791,1039.81153752,113225.94748312,113225.94748312,,2026-07-16,39321107.04,0.0012
467,Magic Eden,ME,magiceden,0.06753768928923874,1.52737906,5.7040188,10.90709919,39323803.75048009,179363406.8899239,582249765.491249,999990832.055966,1000000000.0,2026-07-16,67996112.25,452.4944
468,Helium,HNT,helium,0.21068778635561666,0.43899144,0.04668805,-4.59405108,39255651.385168076,1209952.00601989,186321438.2959488,186321438.2959488,223000000.0,2026-07-16,46979190.64,3.08
469,Succinct,PROVE,succinct,0.2004079156379958,-0.04773356,-0.05448119,-3.77463806,39079543.54940918,5475816.50664621,195000000.0,1000000000.0,1000000000.0,2026-07-16,200599743.51,13.9925
470,Polymesh,POLYX,polymesh,0.03649115008921807,0.50650548,1.73587451,1.55878896,38876511.76352285,848889.25048212,1065368224.034396,1297692274.549989,,2026-07-16,47281423.59,2.207
471,Vana,VANA,vana,1.2896990089088098,3.60411818,-8.33714934,12.80619471,38799304.98401263,29150262.88300174,30084000.0,112641600.0,120000000.0,2026-07-16,153955575.18,73.0015
472,Eurite,EURI,eurite,1.1457643817630412,-0.00943631,0.24152903,0.29741725,38788652.94482688,4449514.37901517,33853952.48990108,33853952.48990108,,2026-07-16,38787921.03,11.447
473,Alaya Governance Token,AGT,alaya-ai,0.013236470851223672,0.27675869,-2.19457485,16.95622505,38576502.1399077,20016205.72650663,2914409934.0,5000000000.0,5000000000.0,2026-07-16,66115415.28,51.7931
474,Amp,AMP,amp,0.00042965200489012475,-0.16829877,-0.83036215,-1.95490411,38574669.618208826,2085555.7455818,89781193103.18022,99720253743.71327,100000000000.0,2026-07-16,42956851.06,5.4063
475,Gemini Dollar,GUSD,gemini-dollar,0.9993846723135086,-0.02339084,-0.03955449,0.08188681,38564271.72538843,918256.25069479,38588016.0,38588016.0,148548675.98,2026-07-16,148517437.83,2.2905
476,Moo Deng (moodengsol.com),MOODENG,moo-deng-solana,0.03894559242762957,0.35809245,1.79885544,-1.567216,38555037.89375723,9868509.32804657,989971791.17,989971791.17,989971791.17,2026-07-16,38572802.62,25.5717
477,APRO,AT,apro,0.15412853245166527,0.30720192,-0.68369574,8.18601626,38532133.11291632,3532300.31796254,250000000.0,1000000000.0,1000000000.0,2026-07-16,154100373.07,9.163
478,Gravity,G,gravity-token,0.00352855519356206,1.07441412,-1.26966818,3.80528282,38465838.73157808,3430624.9911043,10901300000.0,12000000000.0,12000000000.0,2026-07-16,42316509.95,8.913
479,REAL,ASSET,real-finance,0.25142188389345527,-1.04947955,-6.79340058,-10.06200742,38225536.82149745,2733405.60796671,152037429.0,1000000000.0,1000000000.0,2026-07-16,252053566.96,7.1193
480,VeThor Token,VTHO,vethor-token,0.0003758390260553961,0.20365861,1.44200749,4.33033499,38149984.59200527,1113691.30976349,101506182028.0,101506182028.0,,2026-07-16,38139720.13,2.9143
481,Amber tokenized stock (xStock),AMBRX,amber-tokenized-stock-xstock,1.4599999999999997,0.0,0.0,4.28571429,38083334.91205166,63.5905044,26084475.96715868,26084475.96715868,,2026-07-16,38083334.91,0.0002
482,Philip Morris tokenized stock (xStock),PMX,philip-morris-tokenized-stock-xstock,180.17756913308932,-0.02602902,1.35681951,-4.300276,37900953.94400662,125867.79134681,210353.34268502,210353.34268502,,2026-07-16,37882442.67,0.3323
483,BUSD,BUSD,binance-usd,1.0000595646839145,-0.04796637,-0.03945725,0.04175579,37844515.35211316,437548.57574755,37842261.28978082,37842261.28978082,,2026-07-16,37844557.19,1.1478
484,Fractal Bitcoin,FB,fractal-bitcoin,0.3556296342455335,-0.05980132,0.52665437,4.72136046,37827932.982888475,3259501.46659125,106368899.9459796,153618875.0,210000000.0,2026-07-16,74625582.15,8.6431
485,Ampleforth,AMPL,ampleforth,1.3319510330128386,-2.33071313,-1.02516345,9.82962596,37660240.958434895,1338.60274219,28274493.6,10630913.57552586,,2026-07-16,14159494.6,0.0036
486,Notcoin,NOT,notcoin,0.0003782589491009323,0.55269601,1.51012327,-2.77979132,37610043.65999901,3370986.25321356,99429355866.90741,102452705868.52051,102456957533.56,2026-07-16,38758424.92,8.9676
487,Oracle tokenized stock (xStock),ORCLX,oracle-tokenized-stock-xstock,132.34265317785253,-0.00030827,3.13648249,-5.59542711,37562484.24245099,14633.54423349,283827.49884855,283827.49884855,,2026-07-16,37562484.24,0.039
488,Espresso,ESP,espresso,0.07205928335009804,0.56568632,2.62407988,11.33870841,37510459.94789354,14248416.72269294,520550000.0,3590000000.0,,2026-07-16,258367499.88,37.9619
489,SentismAI,SENTIS,sentismai,0.18129305635258997,0.85861787,6.84454664,41.47260466,37435001.78966069,5034269.4282355,206488889.0,1000000000.0,1000000000.0,2026-07-16,181160831.31,13.437
490,Hims & Hers Health Tokenized Stock (Ondo),HIMSon,hims-hers-health-tokenized-stock-ondo,36.968043899796974,-0.22630488,4.8994156,2.20298261,37466711.51843371,1663729.72444727,1013489.15349669,1013489.15349669,,2026-07-16,37529165.46,4.447
491,BIM,BIM,bim,1.2451108261408668,0.25731029,2.55240574,10.74954518,37353324.784226,222206.35174989,30000000.0,30000000.0,30000000.0,2026-07-16,37356813.76,0.595
492,FUNToken,FUN,funtoken,0.003434340416753931,-4.96042456,-5.32941088,3.1930399,37112175.1070297,9514386.8085095,10806201658.398026,10806201658.398026,,2026-07-16,36848663.47,25.8968
493,Dusk,DUSK,dusk,0.07466109558299677,0.73707693,-0.1744088,-0.95302768,37106564.453705475,3189959.06789558,496999999.31632507,500000000.0,1000000000.0,2026-07-16,74502773.93,8.6182
494,MetYa,MY,metya,0.037272359206952564,-2.10261449,-5.65829675,-28.13720972,36767071.0266858,81292.45193181,986443353.9754975,994243267.9861139,1000000000.0,2026-07-16,37657984.96,0.2214
495,Fogo,FOGO,fogo,0.00951760599668794,0.57782717,-1.15016579,2.25976035,36704328.22211919,3893912.82114551,3856466451.215993,10030466451.216036,,2026-07-16,95460577.54,10.6282
496,Netflix tokenized stock (xStock),NFLXX,netflix-tokenized-stock-xstock,74.026,0.0,0.37423729,-0.0189087,36696418.75881498,18036.60598949,495723.37771614,495723.37771614,,2026-07-16,36696418.76,0.0483
497,Ankr,ANKR,ankr,0.0036681429680752316,0.21943419,2.940744,4.36367555,36681429.680752315,16840326.00073157,10000000000.0,10000000000.0,10000000000.0,2026-07-16,36889937.89,46.027
498,Lorenzo Protocol,BANK,lorenzo-protocol,0.05381630763076795,2.5004146,24.24641204,55.8006639,36645930.50450543,23093887.54308905,680944719.5064375,1212195831.9983332,2100000000.0,2026-07-16,111863689.65,64.493
499,Vitalum,VAM,vitalum,0.10760860172430965,0.14218671,0.17859198,4.29123147,36556672.58006252,669421.49183858,339718870.0,1000000000.0,1000000000.0,2026-07-16,107466117.79,1.8352
500,Moca Network,MOCA,mocaverse,0.008634933828210026,0.18981975,-1.55827616,3.31951827,36553282.98149733,3935886.76482619,4233186230.3425,8888888888.0,8888888888.0,2026-07-16,76676628.02,10.8122
501,Glidr,GLIDR,glidr,1.0238558470962162,-0.46646899,0.40328619,3.79623727,36307679.13153036,76371.39404177,35461710.0,100000000.0,100000000.0,2026-07-16,,
502,Propy,PRO,propy,0.36133254912883167,0.19705739,6.39231908,-7.15458677,36133254.91288317,5176454.33594167,100000000.0,100000000.0,,2026-07-16,,
503,GOHOME,GOHOME,gohome,72.20354134188439,-0.02518353,-0.09509956,-1.73108055,36094189.2991013,354320.46764699,499895.0,9999895.37,9999895.37,2026-07-16,,
504,Celo Dollar,CUSD,celo-dollar,0.9997182428332264,-0.02216337,0.42972908,-0.02374958,35544147.97838862,468222.57965464,35554165.61936053,57241566.21607361,1000000000000000.0,2026-07-16,,
505,Zerebro,ZEREBRO,zerebro,0.03546841562732552,0.67962303,-0.49752835,-1.94339176,35466581.75515247,8339501.22610903,999948295.627515,999948525.518331,1000000000.0,2026-07-16,,
506,Burnedfi,BURN,burnedfi-app,2.865015641040694,0.53703322,0.57569298,5.7717429,35265902.59719409,210442.5212233,12309148.36624907,12309148.36624907,21000000.0,2026-07-16,,
507,Verge,XVG,verge,0.0021311767966666647,0.42176641,0.53576148,1.34473981,35211199.107352,2156208.36575829,16521951234.841335,16521951234.841335,16521951235.741348,2026-07-16,,
508,BankrCoin,BNKR,bankr-coin,0.0003523289402499962,0.10615448,-2.59777781,-3.08483649,34986263.766824506,4317766.30982,99299999999.99966,100000000000.0,100000000000.0,2026-07-16,,
509,Invesco QQQ Tokenized ETF (Ondo),QQQon,invesco-qqq-tokenized-etf-ondo,718.9135632448462,0.18967654,-0.96238576,0.60687822,34984527.66376296,2710651.05133119,48663.05137694,48663.05137694,,2026-07-16,,
510,BSquared Network,B2,bsquared-network,0.5193544936839914,0.3275955,-0.41770621,0.3715898,34980275.37426054,7227888.23742417,67353370.0,207444584.9777,210000000.0,2026-07-16,,
511,Walmart tokenized stock (xStock),WMTX,walmart-tokenized-stock-xstock,113.40860143262701,0.0,-0.80385288,-1.58540911,34860835.38952151,0.0,307391.45840037,307391.45840037,,2026-07-16,,
512,KGeN,KGEN,kgen,0.16287379312240088,0.35408523,-0.98298957,-1.34512276,34837411.6993937,1373532.52327492,213892063.49,978000000.0,978000000.0,2026-07-16,,
513,Thermo Fisher tokenized stock (xStock),TMOX,thermo-fisher-tokenized-stock-xstock,535.47,0.0,-0.98191501,4.96118865,34797139.48398066,30.2861832,64984.2932078,64984.2932078,,2026-07-16,,
514,Status,SNT,status,0.007227133313600436,1.46165418,0.13172773,1.00697938,34779100.99308786,1886264.89544195,4812295482.0327635,6804870174.878168,,2026-07-16,,
515,Rekt (rekt.com),REKT,rekt-eth,1.233786066244892e-07,0.48320431,1.0084993,11.04168482,34770394.40593857,852223.5982615,281818666600479.0,420690000000000.0,420690000000000.0,2026-07-16,,
516,Memecoin,MEME,meme,0.0005440465580839868,0.63668386,-0.59909631,-3.6124711,34762726.807195306,5741439.59040738,63896602764.333336,69000000000.0,69000000000.0,2026-07-16,,
517,Novo Nordisk tokenized stock (xStock),NVOX,novo-nordisk-tokenized-stock-xstock,50.46,0.0,2.60268402,2.26996352,34700080.04182421,4930.3479507,687674.99092002,687674.99092002,,2026-07-16,,
518,MANTRA,MANTRA,mantra-new,0.006401477377930522,0.1330014,0.93386425,-1.65261345,34586648.03180025,7467510.1685405,5402916544.083994,7344396529.992849,10000000000.0,2026-07-16,,
519,Tokenised GBP,TGBP,tokenised-gbp,1.3513950774085954,-0.01946964,0.85749917,0.90907123,34585893.866620794,191459.1617221,25592733.35,25592733.35,,2026-07-16,,
520,Kinetiq,KNTQ,kinetiq,0.12222002159550309,-0.09905797,1.38346259,-17.95875692,34279806.057490036,262670.22802424,280476190.48,1000000000.0,1000000000.0,2026-07-16,,
521,Siacoin,SC,siacoin,0.0006116722087991417,0.06486322,-0.47761423,-0.65853812,34269324.8408356,4287205.74577961,56025636522.075195,62217525676.30304,,2026-07-16,,
522,Coinbase Tokenized Stock (Ondo),COINon,coinbase-tokenized-stock-ondo,166.6650092213512,0.17279643,2.97247784,4.24089306,34206835.5327995,5317876.98816516,205243.05427163,205243.05427163,,2026-07-16,,
523,Arcium,ARX,arcium,0.16376294775062833,0.39232192,-3.34526187,-11.37653709,34198836.1486396,1165405533.0502198,208831342.0,1000000000.0,1000000000.0,2026-07-16,,
524,Nesa,NES,nesa,0.24141674062563925,0.01663256,-0.45330416,-15.37446426,34160468.798527956,291444284.4462541,141500000.0,1000000000.0,,2026-07-16,,
525,PepsiCo tokenized stock (xStock),PEPX,pepsico-tokenized-stock-xstock,141.2349278729745,0.61139087,-0.56153079,-3.54668727,34152817.2750017,90617.19580063,241815.65983252,241815.65983252,,2026-07-16,,
526,UMA,UMA,uma,0.372055654124106,0.22811919,1.66252783,0.58981333,34118668.09899204,2197302.22751767,91703130.21935996,129134850.70255658,,2026-07-16,,
527,CROSS,CROSS,cross,0.07365168582870729,0.00752023,-0.99698473,-5.32628603,33938783.97044978,3043987.1786652,460801183.14442474,985221892.7708727,985222890.0,2026-07-16,,
528,Momentum,MMT,momentum-token,0.16639977904006864,0.17716132,2.12951781,6.37310406,33961433.45668912,10080421.27669694,204095424.0,1000000000.0,,2026-07-16,,
529,Waves,WAVES,waves,0.2555701175089092,0.13498584,0.17785183,-0.05147112,33848631.52670532,3201591.22295264,132443620.0,132443620.0,,2026-07-16,,
530,Terra,LUNA,terra-luna-v2,0.04761691236845967,0.40774846,0.23124396,-0.2389139,33807266.81087413,4846087.75172186,709984438.91686,1186707049.0,,2026-07-16,,
531,Dogelon Mars,ELON,dogelon,3.345489914264204e-08,0.33670874,3.03445774,9.75358799,33407525.435921714,5112659.57172681,998583953085067.2,998583953085067.2,1000000000000000.0,2026-07-16,,
532,Mango,MNGO,mango-markets,0.02986575710446973,1.08868175,2.0210284,9.5559354,33373997.67760565,1341.93979596,1117466989.397395,1117466989.397395,,2026-07-16,,
533,AI Analysis Token,AIAT,ai-analysis-token,0.227966738696742,-0.04625809,-1.0581446,-0.11540662,33371928.299012695,371873.81285024,146389462.2952275,500000000.0,500000000.0,2026-07-16,,
534,Irys,IRYS,irys,0.012995173653087859,0.37639643,4.42030364,-6.35218827,33356182.775221538,4724132.76757152,2566813162.0,10000000000.0,,2026-07-16,,
535,Sahara AI,SAHARA,sahara-ai,0.009465803548914041,0.39910663,0.29632305,-7.27048752,33047486.640146147,15157111.53376663,3491250000.0,10000000000.0,10000000000.0,2026-07-16,,
536,PumpMeme,PM,pumpmeme,1.0315279709555614,-0.29189394,0.48649403,4.04334156,33017162.767265175,124583.97521386,32008015.0,100000000.0,100000000.0,2026-07-16,,
537,Spacecoin,SPACE,spacecoin-org,0.005915576684425545,-0.09565198,0.33965623,-5.50367461,32851276.524302274,2524983.81436337,5553351478.10571,21000000000.0,21000000000.0,2026-07-16,,
538,Starpower,STAR,starpower,0.17626568153851094,2.53418657,4.18236262,24.88714991,32808180.053787265,7550980.54193617,186129141.91478196,553129141.9147819,1000000000.0,2026-07-16,,
539,Atoshi,ATOS,atoshi,0.036122030761064614,-0.00166589,-2.05883639,-2.93600666,32623996.16740859,0.0,903160633.0,100000000000.0,100000000000.0,2026-07-16,,
540,DFDV tokenized stock (xStock),DFDVx,dfdv-tokenized-stock-xstock,3.1830182632991457,0.27641589,2.37707396,3.14206482,32606991.372090884,699787.20034773,10244047.84228108,10244047.84228108,,2026-07-16,,
541,Score,SN44,score,7.551127124883321,1.42212225,4.13404333,-2.33192315,32605668.760593556,137914.00786746,4317987.0,4317987.0,21000000.0,2026-07-16,,
542,ssv.network,SSV,ssv-network,2.0354083926865263,0.83312656,1.44904715,-2.71363415,32584478.62380862,6006272.6473054,16008816.0886477,17361673.60305064,,2026-07-16,,
543,Zest Protocol,ZEST,zest-protocol,0.22247836784511296,-0.31574375,2.89208551,5.97598645,32481841.705386493,5782832.41008544,146000000.0,1000000000.0,1000000000.0,2026-07-16,,
544,Locus Chain,LOCUS,locus-chain,0.0059115253054979715,0.74849118,-4.28681513,-5.67482812,32371221.893701915,123966.1329898,5475950828.392004,7000000000.0,7000000000.0,2026-07-16,,
545,Block Street,BSB,block-street,0.1365073799381155,0.32408353,-6.46885853,-1.38778822,32256693.87937669,28251584.07940215,236300000.0,1000000000.0,1000000000.0,2026-07-16,,
546,cat in a dogs world,MEW,mew,0.00035944957959729385,0.41272483,-0.62946575,0.03020944,31949880.422962446,3313898.66972812,88885569037.96413,88885585006.38345,88888888888.0,2026-07-16,,
547,Pax Dollar,USDP,paxos-standard,0.9995515612542852,-0.0435382,-0.02160544,0.02602236,31939697.546919156,3256487.68593282,31954026.97069443,31954026.97069443,,2026-07-16,,
548,Gensyn,AI,gensyn,0.024413045928645582,1.56762007,6.06993721,-8.79573864,31851098.33823905,9639050.5727116,1304675313.0,10000000000.0,10000000000.0,2026-07-16,,
549,Avantis,AVNT,avantis,0.09595967522289746,0.50496435,3.06064328,-1.04448676,31817657.246345803,21218068.36452923,331573206.8959068,1000000000.0,1000000000.0,2026-07-16,,
550,Storj,STORJ,storj,0.07473283246198394,0.35614953,1.07043415,0.22582045,31761453.646877594,3848517.0898172,424999998.00000113,424999998.00000113,,2026-07-16,,
551,Casper,CSPR,casper,0.0019075584967134002,-0.52976521,4.58794842,7.08270331,31627229.178731892,2614795.55417302,16579952454.0,19684655038.0,,2026-07-16,,
552,deBridge,DBR,debridge,0.01642820683416668,-1.07507138,0.26514327,5.09815362,31619115.368650608,2505484.08684999,1924684519.0,10000000000.0,10000000000.0,2026-07-16,,
553,ChangeNOW Token,NOW,now-token,0.372408609199133,0.0,1.97931725,6.67209135,31581616.79968224,0.0,84803670.0,199763509.8661694,200000000.0,2026-07-16,,
554,Comcast tokenized stock (xStock),CMCSAX,comcast-tokenized-stock-xstock,25.476858420732125,-1.18765388,0.86225442,1.33850523,31573033.059637234,413141.71429987,1239282.82436677,1239282.82436677,,2026-07-16,,
555,HashKey Platform Token,HSK,hashkey-platform-token,0.09077560927642012,-0.44103006,2.54427473,12.56080046,31313954.992974367,2723909.6666926,344960009.0,1000000000.0,1000000000.0,2026-07-16,,
556,B3 (Base),B3,b3,0.000673113321564809,1.06507137,12.07011348,42.12631565,31253717.282788854,36539300.81670602,46431583333.0,100000000000.0,100000000000.0,2026-07-16,,
557,MultiBank Group,MBG,multibank-group,0.12530332858779777,-0.03747321,-3.87253623,-16.78415934,31106265.217502326,3963380.13214597,248247716.70536053,977514798.0,1000000000.0,2026-07-16,,
558,Bitmine Tokenised Stock (xStock),BMNRx,bitmine-tokenised-stock-xstock,15.807509282977177,0.06660543,-2.7287141,6.65663318,31095014.542354897,171589.93662918,1967103.98745997,1967103.98745997,,2026-07-16,,
559,TerraClassicUSD,USTC,terrausd,0.005543443154163821,0.03654984,0.04807519,-0.21245363,30909314.472725414,892261.88378614,5575833216.492649,6078983711.053059,6078983711.053059,2026-07-16,,
560,Solayer,LAYER,solayer,0.06623577022313855,0.38104045,0.8624836,0.80446742,30872955.292201195,10673197.53520726,466106987.02822894,999998390.9967297,,2026-07-16,,
561,Core,CORE,core-dao,0.024775943255161397,-0.07362042,1.0851557,-2.39566627,30819301.005093332,3277197.1684803,1243920390.3436842,2093769839.0352812,2100000000.0,2026-07-16,,
562,Subsquid,SQD,subsquid,0.030478907198419284,0.92163397,0.89901636,1.50471747,30804926.734943625,4098245.27703827,1010696562.5244349,1336997587.5969934,1337000000.0,2026-07-16,,
563,ZORA,ZORA,zora,0.006890352818681744,0.41250044,4.28543535,-5.25115857,30799877.092617042,19256782.80497149,4469999999.0,10000000000.0,10000000000.0,2026-07-16,,
564,LUSD,LUSD,lusd,0.9992389530662547,-0.04426646,-0.01380926,-0.00923888,30753397.307096727,45673.37281888,30776819.91152082,10000000000000.0,10000000000000.0,2026-07-16,,
565,UPCX,UPC,upcx,0.2297961648240234,-0.17577867,-1.92890548,5.99512098,30784408.966439873,7306516.83792316,133963980.6,780000000.0,780000000.0,2026-07-16,,
566,Bancor,BNT,bancor,0.28300562430796566,1.36982912,3.17119327,6.20915222,30440447.386907224,2748001.26171366,107561280.66833767,107561280.66833767,,2026-07-16,,
567,OpenServ,SERV,openserv,0.03949572234922319,1.85258167,-1.60682311,0.75334299,30411706.208901856,707185.92594168,770000000.0,1000000000.0,1000000000.0,2026-07-16,,
568,Band,BAND,band-protocol,0.1685796192562345,0.21392566,0.20326325,-0.57106424,30211186.62274328,2111570.12972182,179210196.0844,179210196.0844,,2026-07-16,,
569,SKYAI,SKYAI,skyai,0.030143962627076363,0.15236879,-1.68746134,-12.65487336,30143962.62707636,10774416.11252987,1000000000.0,1000000000.0,1000000000.0,2026-07-16,,
570,sUSD,SUSD,susd,0.6882524370486853,5.40260211,8.32332271,6.73723542,30007884.910618115,27891.60569263,43600114.28262539,43600114.28262539,142399574.0,2026-07-16,,
571,Tornado Cash,TORN,torn,5.6795983591522115,-0.12145791,2.66423384,12.31498361,29876183.551960487,64724.94046469,5260263.43109587,9999997.246815,,2026-07-16,,
572,Cap,CAP,cap-app,0.01912909694220269,1.94532594,17.32629921,-16.89783388,29841391.229836196,13942942.42348645,1560000000.0,10000000000.0,10000000000.0,2026-07-16,,
573,Accenture tokenized stock (xStock),ACNX,accenture-tokenized-stock-xstock,137.63384757959892,-0.31130013,1.41317115,-2.17265759,29798504.166996825,69517.69467694,216505.63935418,216505.63935418,,2026-07-16,,
574,Ark of Panda,AOP,ark-of-panda,0.04248172836754625,2.57310719,-4.74229013,20.61064783,29779691.585649922,1632008.66330579,701000000.0,2000000000.0,2000000000.0,2026-07-16,,
575,Perle,PRL,perle,0.1699639351500195,0.42274244,-2.44077627,-1.92016992,29743688.651253413,3174939.10044167,175000000.0,1000000000.0,1000000000.0,2026-07-16,,
576,OPEN tokenized stock (xStock),OPENX,open-tokenized-stock-xstock,4.62,0.0,0.65359477,1.31578947,29553829.64588014,150.0022062,6396932.82378358,6396932.82378358,,2026-07-16,,
577,Liquity BOLD,BOLD,liquity-v2,1.0011892350565517,0.05649767,0.06231017,0.04849563,29469909.48054751,273223.33523683,29434904.4602771,29434904.4602771,,2026-07-16,,
578,Across Protocol,ACX,across-protocol,0.04176804619874446,0.5868485,0.76898921,-0.44953646,29432175.896038536,2157683.58309574,704657712.644535,1000000000.0,1000000000.0,2026-07-16,,
579,Manta Network,MANTA,manta-network,0.06170802554265525,1.01239381,2.47469522,8.1404252,29397667.40411409,5356949.50288712,476399417.18428755,1000000000.0,,2026-07-16,,
580,PlaysOut,PLAY,playsout,0.033758564493111716,0.05593895,-0.36062887,-4.79290466,29338445.524851743,1279611.7531018,869066738.0373392,3999999999.98607,5000000000.0,2026-07-16,,
581,Anoma,XAN,anoma,0.011611503382959028,-0.18546393,3.05165857,9.21884254,29028758.45739757,5211034.41975666,2500000000.0,10000000000.0,10000000000.0,2026-07-16,,
582,BOOK OF MEME,BOME,book-of-meme,0.00042428145649250687,0.62118199,2.12531634,2.588474,29218927.514993876,10535925.55401214,68866850219.0595,68866850219.0595,,2026-07-16,,
583,Victoria VR,VR,victoria-vr,0.0017378495799408157,2.26161435,0.91058111,14.04625531,29195872.943005703,661401.27571054,16800000000.0,16800000000.0,16800000000.0,2026-07-16,,
584,Degen,DEGEN,degen-base,0.0012383278061371425,-0.01169081,-4.10418969,-16.69022758,29187624.64374244,2529811.77726493,23570192399.047173,36474467843.52284,36963632968.517365,2026-07-16,,
585,Solstice,SLX,solstice,0.11993312329736412,2.00900365,-11.83836454,-38.75774887,29126265.470344562,42935382.70425352,242854223.0,1000000000.0,1000000000.0,2026-07-16,,
586,Fabric Protocol,ROBO,fabric-foundation,0.013024787400688017,0.24748968,1.61201061,2.91806528,29058300.690934967,6817455.20572266,2231000000.0,10000000000.0,10000000000.0,2026-07-16,,
587,ConstitutionDAO,PEOPLE,constitutiondao,0.005726357885110042,0.13550228,4.09850693,4.23252423,28976157.326299056,6034845.0059179,5060137334.7,5060137334.7,,2026-07-16,,
588,McDonald's tokenized stock (xStock),MCDX,mcdonald-s-tokenized-stock-xstock,269.8740002284645,-0.11579272,-1.73839238,-4.89615537,28953987.395662595,1492428.05658672,107287.05755705,152118.74960722,,2026-07-16,,
589,DEAPcoin,DEP,deapcoin,0.0009671050777240555,-0.56322234,-0.46711828,0.66226081,28870889.758297645,178889.42893905,29852898535.32895,29852898535.328953,,2026-07-16,,
590,Wiki Cat,WKC,wiki-cat,5.336213682111055e-08,0.16425757,-4.05684434,2.74737599,28641038.17019938,162059.9491958,536729596609195.8,536729596609195.8,553003328316637.0,2026-07-16,,
591,SKALE,SKL,skale-network,0.0046198191487459165,-1.85319439,11.51613274,32.68911157,28606586.979871187,50531338.913233,6192144337.0,6342291667.0,7000000000.0,2026-07-16,,
592,USDK,USDK,usdk,0.9989961660999057,0.0,0.0,-0.25642964,28571362.278181262,0.0,28600072.0,28600072.0,,2026-07-16,,
593,Abbott tokenized stock (xStock),ABTX,abbott-tokenized-stock-xstock,90.97613640279914,-0.08527054,-1.94116103,-3.48737607,28570125.92273767,68294.637206,314039.78067658,314039.78067658,,2026-07-16,,
594,WhiteRock,WHITE,whiterock,4.33334716330123e-05,0.59045492,15.67493825,4.75399291,28166756.561457995,8269.36661019,650000000000.0,1000000000000.0,1000000000000.0,2026-07-16,,
595,EthereumPoW,ETHW,ethereum-pow,0.2609518183274552,0.88841143,4.32102248,4.92764503,28135563.8523254,1908993.61150616,107818999.04993,107818999.04993,,2026-07-16,,
596,Hive,HIVE,hive-blockchain,0.04936573632995213,0.28948765,0.47981075,2.08866243,27996525.035957556,1529786.51612958,567124631.725,567124631.725,,2026-07-16,,
597,ZEROBASE,ZBT,zerobase,0.09025694379743128,3.11462771,-10.14489017,-26.23464665,27829223.856170945,69631593.07010931,308333328.0,1000000000.0,1000000000.0,2026-07-16,,
598,Liquity USD,LUSD,liquity-usd,1.0050412353485052,0.00173792,0.06691668,-0.46239992,27529521.835384436,0.0,27391435.16418844,27391435.16418844,,2026-07-16,,
599,Electronic USD,eUSD,electronic-usd,1.0000784901659743,0.00463899,-0.02037433,0.1569055,27496869.064429805,103985.24523398,27494711.0,27494711.0,,2026-07-16,,
600,UNS TOKEN,UNS,uns-token,0.2590151269318149,0.0,-0.14044765,-0.48138305,27353085.267532766,0.0,105604200.0,1000000000.0,1000000000.0,2026-07-16,,
601,Uquid Coin,UQC,uquid-coin,2.7208697455032413,-0.02072349,0.19286455,0.58648466,27208697.455032412,23457.07961528,10000000.0,40000000.0,,2026-07-16,,
602,Yei Finance,CLO,clovis,0.20992422011204825,-0.2446626,0.78472383,0.71637044,27101216.81646543,4776640.50634702,129100000.0,999986862.9799656,1000000000.0,2026-07-16,,
603,DODO,DODO,dodo,0.026929017541035983,0.03646273,0.78840687,68.67738224,26929017.541035984,64521573.83993157,1000000000.0,1000000000.0,1000000000.0,2026-07-16,,
604,iota,SN9,iota-macrocosmos-ai,6.695780977452601,1.55014589,4.21039604,-1.53779086,26812143.424566682,83662.8239725,4004334.0,4004334.0,21000000.0,2026-07-16,,
605,Giggle Fund,GIGGLE,giggle-fund,27.105845654107437,0.37419942,0.33233032,3.04160728,26796531.846018452,12821550.82919992,988588.66784545,988588.66784545,988588.66784545,2026-07-16,,
606,BORA,BORA,bora,0.02422880054563587,0.54377801,2.29409921,1.05064674,26645623.40006305,435169.49604737,1099750000.0,1205750000.0,1205750000.0,2026-07-16,,
607,SMART,SMART,smart-blockchain,0.003959389575076209,0.07590509,-1.84526296,-1.83340995,26608800.909643482,455728.47141229,6720430108.0,836732311077.0,836732311077.0,2026-07-16,,
608,ICON,ICX,icon,0.02420627876977294,0.81751093,0.83111115,0.05832997,26559281.552936133,505295.78097924,1097206299.4705925,1108792174.2180953,,2026-07-16,,
609,Catizen,CATI,catizen,0.039627105683108926,2.15088893,0.19153219,0.86980412,26553132.483965263,5198344.25100236,670074991.0,1000000000.0,1000000000.0,2026-07-16,,
610,Everything,EV,everything,0.0002647488195778463,0.17250044,-0.70079615,-9.1997884,26474881.95778463,226726.57979936,100000000000.0,100000000000.0,100000000000.0,2026-07-16,,
611,Osmosis,OSMO,osmosis,0.03389116534152236,0.48921083,0.1790848,-2.26010966,26469655.696574606,2717626.67943549,781019343.237066,976135537.144348,1000000000.0,2026-07-16,,
612,OpenGradient,OPG,opengradient,0.1115603708468111,-0.07335998,2.65955038,-5.74296578,26401452.17568051,19853839.5447857,236656188.71,1000000000.0,1000000000.0,2026-07-16,,
613,UNIPOLY,UNP,unipoly,0.12023507871352512,0.13646341,-1.95487711,-3.72523703,26359136.306366112,173455.4642491,219230000.0,1000000000.0,1000000000.0,2026-07-16,,
614,Neiro,NEIRO,neiro,6.230520959629648e-05,0.54514623,1.78149023,0.32598162,26210822.897279065,3803554.39623223,420684290561.10706,420690000000.0,420690000000.0,2026-07-16,,
615,Klickl Token,KLK,klickl-token,0.26149565398476526,-0.38008183,1.10789326,1.11813843,26149565.398476526,0.0,100000000.0,100000000.0,1000000000.0,2026-07-16,,
616,Orbs,ORBS,orbs,0.005969146809952059,-1.06730607,-1.21985064,-3.39351355,26143369.568449907,3396323.6272096,4379749803.583718,10000000000.0,,2026-07-16,,
617,Vanta Network,VANTA,proprietary-trading-network,6.0369975358052805,1.36531573,3.6831804,-1.10660095,25923380.563538417,39238.71347817,4294085.0,4294085.0,21000000.0,2026-07-16,,
618,Salesforce tokenized stock (xStock),CRMX,salesforce-tokenized-stock-xstock,169.17,0.0,0.36188894,1.59140043,25774492.0315049,8.6682708,152358.52711181,152358.52711181,,2026-07-16,,
619,SwftCoin,SWFTC,swftcoin,0.0025700199369590756,0.11963155,-0.76982925,-3.95216084,25700199.369590756,528695.26362378,10000000000.0,10000000000.0,,2026-07-16,,
620,Trusta.AI,TA,trusta-ai,0.07350501349770457,0.15143854,-2.1360499,-0.6895344,25645106.237263512,2033794.92158923,348889212.0,1000000000.0,1000000000.0,2026-07-16,,
621,International Business Machines tokenized stock (xStock),IBMX,international-business-machines-tokenized-stock-xstock,212.03,0.0,-3.00548948,-31.05388092,25589611.834180586,47267.1015544,120688.63761817,120688.63761817,,2026-07-16,,
622,iExec RLC,RLC,rlc,0.2936869357859909,0.31684943,0.50055685,1.02673508,25550700.266826708,1183038.67332372,86999784.9868455,86999784.9868455,86999784.9868455,2026-07-16,,
623,Folks Finance,FOLKS,folks-finance,2.0838971009455367,-0.55906428,1.70578887,11.14787169,25420224.983441237,1767241.95809288,12198406.999994,50000000.0,50000000.0,2026-07-16,,
624,Atletico De Madrid Fan Token,ATM,atletico-de-madrid-fan-token,2.8808638763241934,0.59626782,0.91950636,24.24935785,25349320.467462853,4513407.59221499,8799208.0,10000000.0,10000000.0,2026-07-16,,
625,MYX Finance,MYX,myx-finance,0.07280222020456656,-2.89589102,1.10223784,6.15030873,25171447.019269798,10209490.66961223,345751090.4,1000000000.0,1000000000.0,2026-07-16,,
626,Arkham,ARKM,arkham,0.1117765432390785,0.21460767,1.01754178,0.84397031,25160899.88311657,22914282.11851633,225100000.0,1000000000.0,1000000000.0,2026-07-16,,
627,Somnia,SOMI,somnia,0.10319179252590012,0.38934579,1.27493114,-0.23205848,25099949.249993138,5579236.66865322,243235907.0,1000000000.0,1000000000.0,2026-07-16,,
628,World Mobile Token,WMTX,world-mobile-token,0.02933100183930328,0.35829259,-0.48920869,-11.52164798,25094496.21210286,838069.73297863,855562191.485613,2000000000.0,2000000000.0,2026-07-16,,
629,Freysa,FAI,freysa-ai,0.0030604859585746024,0.2919109,0.84272099,6.38046194,25064461.85493842,159863.58167818,8189700000.0,8189700000.0,8189700000.0,2026-07-16,,
630,Powerledger,POWR,power-ledger,0.04392918587510611,0.17717758,0.07795882,2.03047534,24958377.048895024,3319573.71201056,568150229.777841,1000000000.0,,2026-07-16,,
631,Frax (prev. FXS),FRAX,frax-share,0.26609991293528984,0.73767876,6.5519344,14.13337098,24910193.493991207,541030.4068166,93612182.05302031,99681495.59113361,99681495.59113361,2026-07-16,,
632,Constellation,DAG,constellation,0.008646777178042912,0.02519637,-2.04381136,4.74476789,24846067.338368192,690488.50023339,2873448318.0,3003804388.0,,2026-07-16,,
633,Medtronic tokenized stock (xStock),MDTX,medtronic-tokenized-stock-xstock,80.03,0.0,0.45186394,-4.65808911,24717065.003493194,76.58198748,308847.49473314,308847.49473314,,2026-07-16,,
634,Cyber,CYBER,cyberconnect,0.34300016695294727,0.51127932,-0.45952144,-1.85041317,24680720.04416894,7634843.90407221,71955417.0,100000000.0,100000000.0,2026-07-16,,
635,Swarm Network,TRUTH,swarm-network-ai,0.01177751659182003,-0.86660092,0.00555301,5.77035961,24559717.769760244,3560602.29239905,2085305300.0,10000000000.0,10000000000.0,2026-07-16,,
636,Hyperlane,HYPER,hyperlane,0.07191629145644267,0.27090146,5.58341722,6.7074861,24320221.1935401,11726891.71450498,338174017.3333334,808000000.0,1000000000.0,2026-07-16,,
637,Hana Network,HANA,hana-network,0.036135819088829166,0.33545436,-0.20528591,-8.23223502,24366223.119317003,5108736.33355947,674295580.7759577,1000000000.0,1000000000.0,2026-07-16,,
638,Railgun,RAIL,railgun,1.560750680171501,1.03156648,-0.44406669,-13.98777151,24276899.401574012,296955.71259892,15554630.03156044,57500000.0,100000000.0,2026-07-16,,
639,Orbler,ORBR,orbler,0.02389172715153188,-0.00483336,19.46255898,11.2756712,24264121.52971102,39913.9611219,1015586750.0,2000000000.0,2000000000.0,2026-07-16,,
640,Euler,EUL,euler-finance,1.0127391080664514,0.07393978,2.94031391,5.27253565,24228924.798113797,2557973.35097771,23924152.43484801,27182818.28459045,27182818.28459045,2026-07-16,,
641,MVL,MVL,mvl,0.0008680628557326026,0.11954191,-0.50066636,-1.68632176,24134715.868520964,73099.19240334,27802958863.102654,30000000000.0,30000000000.0,2026-07-16,,
642,GMT,GMT,green-metaverse-token,0.007752528195454947,0.92464406,2.03465485,2.28451772,24121217.429772444,3893133.17088213,3111400155.102167,5073850155.102167,,2026-07-16,,
643,Chainbase,C,chainbase,0.06609221975091595,0.21233499,-4.25726277,2.7020255,23963150.42868718,6065394.13775873,362571427.0,1000000000.0,1000000000.0,2026-07-16,,
644,siren,SIREN,siren-bsc,0.03293381080196007,0.15195636,2.98471728,-4.71933059,23848245.988077283,4352530.94627674,724126525.517598,724126525.517598,,2026-07-16,,
645,Open Campus,EDU,open-campus,0.030161497905831964,0.18248612,-0.30989152,2.3391857,23883193.60737113,3707440.7920725,791843750.0,1000000000.0,1000000000.0,2026-07-16,,
646,Snek,SNEK,snek,0.0003194834374237383,-0.13626211,0.38732186,3.07409812,23865222.981305514,2729289.34175386,74699405934.0,75243418166.0,76715880000.0,2026-07-16,,
647,Aleo,ALEO,aleo,0.018858494992788896,0.59743554,-0.20367698,-4.6311603,23849935.910197992,1782270.41478808,1264678645.847281,2029473808.806185,5000000000.0,2026-07-16,,
648,Alphabet Class A Tokenized Stock (Ondo),GOOGLon,alphabet-class-a-tokenized-stock-ondo,372.2856740070417,-0.06029147,3.40452639,2.57303125,23826671.25882964,4194810.73192224,64001.04253912,64001.04253912,,2026-07-16,,
649,Prom,PROM,prom,1.296599998524089,-0.30003106,-0.2066901,6.8235793,23662949.973064624,1235946.86807263,18250000.0,19250000.0,19250000.0,2026-07-16,,
650,WOO,WOO,wootrade,0.012387828417988618,0.94090334,0.52381257,6.70055195,23397908.42876544,1987921.77940929,1888782088.2947378,1888782088.2947378,1888782088.2947378,2026-07-16,,
651,IOST,IOST,iostoken,0.0006801941186457284,-0.04545671,-0.20571542,-3.22016443,23260013.068277415,5340612.11494186,34196139647.0,48495641261.0,90000000000.0,2026-07-16,,
652,Kyber Network Crystal v2,KNC,kyber-network-crystal-v2,0.11116338234506878,0.07265226,0.70410689,2.39246857,23255137.418079354,2848121.09688912,209197821.50827074,240991457.3182407,,2026-07-16,,
653,QANplatform,QANX,qanplatform,0.012871776004777985,-0.13343066,-0.74267687,7.92313967,23221486.520146526,136560.51993905,1804062354.0626206,2200000000.0,3333333000.0,2026-07-16,,
654,Collect on Fanable,COLLECT,collect-on-fanable,0.04308482421892778,-0.31291773,1.10961152,7.4816451,23136550.605564218,2212186.07336128,537000000.0,3000000000.0,3000000000.0,2026-07-16,,
655,Isiklar Coin,ISIKC,isiklar-coin,0.2306161352096686,-0.00402369,-0.05174026,-0.14646997,23061613.52096686,420484.66397824,100000000.0,100000000.0,100000000.0,2026-07-16,,
656,Bounce Token,AUCTION,bounce-token,3.3228169658602322,0.00881345,-0.1300112,-0.50187435,22995246.208222598,6867823.42938924,6920407.12578625,7641035.64836274,10000000.0,2026-07-16,,
657,Gigachad,GIGA,gigachad-meme,0.002453658074363343,0.48587505,4.45322912,5.33211922,22824938.04004475,6616925.10047872,9302411888.0,9603935545.16,10000000000.0,2026-07-16,,
658,"OpenAI
Pre-IPO stock (Republic)",preOPAI,openai-pre-ipo-stock-republic,784.3465371170099,-0.39824499,-0.59668872,-3.66216318,22810365.992436882,2675603.36483373,29082.0,29082.0,,2026-07-16,,
659,IoTeX,IOTX,iotex,0.002411936143916135,0.38053333,-2.03219027,-6.79976415,22771977.927279606,848197.92744509,9441368497.553144,9441368502.273277,10000000000.0,2026-07-16,,
660,COTI,COTI,coti,0.0077500299540321175,0.67581578,-1.089917,-4.89327172,22740223.146582816,2386988.06386561,2934211000.662227,2934244343.9898624,4910000000.0,2026-07-16,,
661,Naoris Protocol,NAORIS,naoris-protocol,0.0379135281746932,0.10138313,4.45446411,17.62262677,22720060.89396665,1247502.53296978,599260000.0,4000000000.0,4000000000.0,2026-07-16,,
662,Asteroid Shiba,ASTEROID,asteroid-shiba,5.384987143788168e-05,-3.21275167,3.65662607,-2.49365068,22654102.415202443,2546019.48178644,420690000000.0,420690000000.0,420690000000.0,2026-07-16,,
663,OLAXBT,AIO,olaxbt,0.09858519611180859,0.584244,2.87538365,7.13142442,22699241.40474393,2072800.70761816,230250000.0,1000000000.0,1000000000.0,2026-07-16,,
664,BounceBit,BB,bouncebit,0.018737562787515462,0.43250802,-0.46958291,1.03702266,22543405.752727345,1466184.717331,1203113020.0,2100000000.0,2100000000.0,2026-07-16,,
665,Merlin Chain,MERL,merlin-chain,0.017157307597243484,0.62338586,0.53874152,-9.77172708,22543211.76178158,2817524.0260044,1313913132.0,2100000000.0,2100000000.0,2026-07-16,,
666,Illuvium,ILV,illuvium,3.065672785817746,0.46761242,-0.57419675,-3.03743271,22511302.47379693,1176261.81797715,7343021.9226062,9166862.80254188,,2026-07-16,,
667,iShares Silver Trust Tokenized ETF (Ondo),SLVon,ishares-silver-trust-tokenized-etf-ondo,51.57762901614077,0.0522537,-2.49333584,-2.16419542,22503220.34259992,3469380.64089441,436298.07674094,436298.07674094,,2026-07-16,,
668,Ontology Gas,ONG,ontology-gas,0.047265923546411265,0.49329992,0.17158017,-0.78184497,22476250.7131492,1488690.22747244,475527590.0,800000000.0,1000000000.0,2026-07-16,,
669,Steem,STEEM,steem,0.04046864955492896,0.08670171,0.84234128,0.96534256,22373493.780953113,2198396.25503478,552859905.804,552859905.804,,2026-07-16,,
670,Infinity Ground,AIN,infinity-ground,0.07207757856999228,0.05799518,-0.93846994,10.5567385,22341661.17053788,1542835.03770864,309966866.4485252,1000000000.0,1000000000.0,2026-07-16,,
671,Tokenlon Network Token,LON,tokenlon-network-token,0.17915257844265534,-0.68200624,1.80129901,3.84702813,22119892.786402136,3788.24136289,123469575.36802886,140451028.83876702,200000000.0,2026-07-16,,
672,iShares Silver Trust Tokenised ETF (xStock),SLVx,ishares-silver-trust-tokenised-etf-xstock,51.550264941230964,-0.10354403,-2.69256438,-2.23893441,22097897.89989086,87835.6339828,428667.00927887,428667.00927887,,2026-07-16,,
673,MetaMask USD,mUSD,metamask-usd,1.0053021145014174,-0.01797246,0.39679565,0.1381497,22075642.875964656,2830428.42238504,21959212.616312,21959212.616312,,2026-07-16,,
674,WINkLink,WIN,wink,2.2006212956841823e-05,0.17618955,-0.20359269,8.41026809,21867614.618127793,4375595.23735149,993701854154.286,993701854154.286,993701859243.3864,2026-07-16,,
675,LCX,LCX,lcx,0.022974435270815746,-0.45430897,-0.58863136,10.32638641,21807902.783101175,49869.16776889,949224759.0,949224759.0,,2026-07-16,,
676,wojak (wojakcto.com),WOJAK,wojaknew,7.122035688206343e-08,3.89527154,0.22461896,-0.14811649,21787265.576553933,1357634.3306943,305913456915588.3,305913456915588.3,420690000000000.0,2026-07-16,,
677,SLT,SLT,slt-game,2.5588324200887653,0.1179302,-0.09704362,3.20759782,21750075.570754506,42201.76095744,8500000.0,100000000.0,100000000.0,2026-07-16,,
678,Cartesi,CTSI,cartesi,0.02332826366826443,0.29452619,0.67840099,-2.95832499,21690511.54215348,967937.8249941,929795369.7111657,1000000000.0,1000000000.0,2026-07-16,,
679,Alchemist AI,ALCH,alchemist-ai,0.025417888474684704,-1.59016863,-8.1223998,-51.76425908,21605205.203482,5115624.28369159,850000000.0,1000000000.0,1000000000.0,2026-07-16,,
680,Pundi X (New),PUNDIX,pundix-new,0.08359923695162348,1.35722689,2.03798526,4.18123588,21600917.674522977,1390783.54688232,258386541.0999244,258386541.0999244,258526640.0,2026-07-16,,
681,Metis,METIS,metisdao,2.8545079475174457,0.07090322,-0.68017275,5.19641828,21523665.991652846,2023054.79545782,7540236.842,10000000.0,10000000.0,2026-07-16,,
682,Lista DAO,LISTA,lista-dao,0.048745831650122924,0.56586131,0.50374152,3.18127797,21403451.314938962,2848326.64404678,439082698.7744087,795588564.255041,800000000.0,2026-07-16,,
683,COINDEPO,COINDEPO,coindepo,0.08542548992847027,-0.01018267,-0.0533374,0.45587718,21383609.2036244,1462026.8898344,250318836.0,1000000000.0,1000000000.0,2026-07-16,,
684,Chia,XCH,chia-network,1.4689592203636033,-0.04821853,5.9992815,-2.95595863,21170237.789053872,1460048.03177148,14411726.0,33191992.0,,2026-07-16,,
685,Ark,ARK,ark,0.10674492712060217,0.56042936,0.45841565,1.7222295,21119956.924328137,583963.51121275,197854432.0,197854432.0,,2026-07-16,,
686,Renzo,REZ,renzo,0.0024662194778286356,0.49599583,0.74450951,-8.55498575,21094662.5270659,4998378.79605068,8553440890.6860695,9814629224.12962,10000000000.0,2026-07-16,,
687,Bonfida,FIDA,bonfida-sns,0.02127062953580149,-0.05256968,-0.31480318,-1.9594225,21077296.82134436,5906240.86063571,990910813.705268,990910813.705268,,2026-07-16,,
688,Ardor,ARDR,ardor,0.020989834185942285,-0.12612286,0.30370776,-0.21169581,20957640.634338737,1434603.0331717,998466231.2566,998466231.2566,998466231.2566,2026-07-16,,
689,Metal DAO,MTL,metal,0.22760075535538316,0.53034128,1.23659017,2.52790682,20954947.770727906,335023.03914097,92068885.0,92068885.0,,2026-07-16,,
690,Cheelee,CHEEL,cheelee,0.36866623824940026,-0.04854986,0.25442338,1.48351368,20950607.564351212,687031.03532794,56828115.48959432,1000000000.0,1000000000.0,2026-07-16,,
691,Bluwhale,BLUAI,bluwhale,0.017009698613897804,-0.16802359,2.43297953,-16.18259104,20887909.897866502,8535129.40288294,1228000000.0,10000000000.0,10000000000.0,2026-07-16,,
692,Xertra,STRAX,stratis-new,0.00949146262738305,0.05394647,-0.58222125,1.53385772,20751207.035479497,651361.91988059,2186302348.7667613,2186302348.7667613,,2026-07-16,,
693,Sign,SIGN,sign,0.008690623718303342,0.6419177,1.37744823,1.61796502,20741621.93522356,3968550.5290408,2386666666.0,10000000000.0,10000000000.0,2026-07-16,,
694,Based,BASED,basedone,0.08792580471215738,-2.81315419,-2.61936757,2.18184285,20662564.107356984,22642349.3793975,235000000.0,1000000000.0,1000000000.0,2026-07-16,,
695,Yield Guild Games,YGG,yield-guild-games,0.02205614630478917,0.70918062,1.08812206,2.39894126,20579266.973921165,4371293.20779182,933040010.2330059,999716389.322777,1000000000.0,2026-07-16,,
696,Autonomi,ANT,autonomi,0.06020836196827246,-0.01088043,-1.61249158,0.3752881,20549787.430508368,491335.16176706,341311186.0,1200000000.0,1200000000.0,2026-07-16,,
697,SATS (Ordinals),SATS,sats-ordinals,9.771710791336188e-09,0.4992623,1.93591571,5.43167033,20520592.661805995,4915862.53262938,2100000000000000.0,2100000000000000.0,2100000000000000.0,2026-07-16,,
698,CARV,CARV,carv,0.03363458336129538,0.22110166,1.65209983,1.99177719,20503684.161178615,4599633.54593061,609601253.0,1000000000.0,,2026-07-16,,
699,RIZE,RIZE,rize,0.010300292196556449,0.07251922,1.41973689,0.52479255,20302615.023739476,439337.85185975,1971071755.666015,4944757861.529029,5000000000.0,2026-07-16,,
700,Stargate Finance,STG,stargate-finance,0.14286338119209196,0.75458423,1.85876217,-13.91485352,20131150.485291284,10114220.51185608,140911900.00762504,1000000000.0,1000000000.0,2026-07-16,,
701,Capybobo,PYBOBO,capybobo,0.0006483282970811313,-0.19840977,-0.85709716,-5.18452047,20134195.448529948,593638.6203903,31055555556.0,100000000000.0,100000000000.0,2026-07-16,,
702,Smooth Love Potion,SLP,smooth-love-potion,0.000552082119924835,-0.22811698,2.37267339,7.1373149,20062653.235071853,1948703.29182937,36339980070.0,36339980070.0,,2026-07-16,,
703,Civic,CVC,civic,0.020043479543883722,0.21728193,0.4367135,0.3655438,20043479.543883722,1335904.15326967,1000000000.0,1000000000.0,,2026-07-16,,
704,IQ,IQ,iq,0.0007486024067124326,0.42765038,0.48704246,-2.21946832,19989101.213804223,499672.57666322,26701892799.928997,26701892799.928997,60000000000.0,2026-07-16,,
705,NotInEmploymentEducationTraining,NEET,notinemploymenteducationtraining,0.019797951655339395,0.06902529,-2.19996099,-11.87041138,19793319.409802884,914116.08079379,999766024.0,999766024.0,1000000000.0,2026-07-16,,
706,dKargo,DKA,dkargo,0.003924073413268447,0.1291556,-3.43688761,-4.40746469,19620367.066342235,4813011.94446001,5000000000.0,5000000000.0,5000000000.0,2026-07-16,,
707,Phala Network,PHA,phala-network,0.02340761521041098,0.72779413,0.2809761,-4.76001479,19674013.051405262,7516091.59438111,840496260.4928192,1000000000.0,,2026-07-16,,
708,iShares 20+ Year Treasury Bond Tokenized ETF (Ondo),TLTon,ishares-20-year-treasury-bond-tokenized-etf-ondo,87.25247147191463,0.12823025,0.3850677,-0.13410668,19636359.758788086,1461503.79340954,225052.18966902,225052.18966902,,2026-07-16,,
709,DOGS,DOGS,dogs,3.7898209832005e-05,0.44926343,0.05900418,-1.22459004,19583899.930688582,3754522.88847419,516750000000.0,545217355861.166,550000000000.0,2026-07-16,,
710,SNC SCANDIC COIN,SNC,scandic-coin,0.15316607698672255,0.26496562,3.29635159,14.33507966,19545508.53349835,220625.28784097,127609905.0,1000000000.0,1000000000.0,2026-07-16,,
711,API3,API3,api3,0.22581404335586722,0.8545026,1.5373263,2.43726617,19515296.286991805,6534156.83768576,86421978.0,175086007.12163922,,2026-07-16,,
712,Brevis,BREV,brevis,0.07797315857766096,1.59913413,4.22011602,5.37229439,19493289.64441524,13503336.12602111,250000000.0,1000000000.0,1000000000.0,2026-07-16,,
713,Clearpool,CPOOL,clearpool,0.019944716853582255,-0.6278529,3.49092194,5.38581439,19457805.299534686,926950.50103749,975586940.7612014,993627634.645902,1000000000.0,2026-07-16,,
714,Lisk,LSK,lisk,0.08786003921815794,0.5576743,1.06246931,0.61388291,19433896.776793335,2413465.85272423,221191533.14442128,400000000.0,400000000.0,2026-07-16,,
715,Velodrome Finance,VELO,velodrome-finance,0.021233399523000417,0.14825914,0.34965324,-2.17470186,19432860.560516182,3059941.34304634,915202511.0,2543678024.5232015,,2026-07-16,,
716,Blast,BLAST,blast,0.00029623386807572065,-0.22540373,-9.71330425,12.75797323,19379932.630961012,10331802.12837142,65421056534.99176,100000000000.0,100000000000.0,2026-07-16,,
717,Audius,AUDIO,audius,0.013445648326794455,0.38695481,0.5238406,-0.77820641,19350680.931518182,3140733.02509553,1439177975.0,1439177975.0,,2026-07-16,,
718,Sapien,SAPIEN,sapien-io,0.07720976728983558,-0.04229245,1.29242163,7.11669498,19302441.822458897,3413927.20981846,250000000.0,1000000000.0,1000000000.0,2026-07-16,,
719,Public Masterpiece Token,PMT,public-masterpiece-token,0.10380683671669476,-0.03119261,-0.15464071,0.67970127,19255321.939405877,321229.09677832,185491847.63193092,361071410.0,2000000000.0,2026-07-16,,
720,ArcBlock,ABT,arcblock,0.19516289241942855,-0.10043902,-0.92532108,-4.50787561,19234143.310115457,42641.99896396,98554305.44029327,186000000.0,186000000.0,2026-07-16,,
721,TEXITcoin,TXC,texitcoin,0.3044693910869013,0.28411239,-0.93198038,170.35643606,19167911.31477428,223776.54290585,62955134.0,69218556.0,353396296.0,2026-07-16,,
722,Symbol,XYM,symbol,0.002933686087906107,-0.16962679,-0.23722368,2.60895623,19151697.614084385,65786.07735661,6528202759.332626,8545466715.19182,8999999999.0,2026-07-16,,
723,τemplar,SN3,templar,4.52898811483184,1.26713659,3.8166754,-2.33406112,19105414.079739016,23544.90729038,4218473.0,4218473.0,21000000.0,2026-07-16,,
724,MicroStrategy Tokenized Stock (Ondo),MSTRon,microstrategy-tokenized-stock-ondo,97.31039407718283,0.3432834,-0.46403181,3.71028574,19049913.536740415,2319396.67780644,195764.42699051,195764.42699051,,2026-07-16,,
725,aixbt,AIXBT,aixbt,0.019049078991895757,0.95316464,1.18710227,3.09464389,19028408.21497954,6642968.34669552,998914867.3841392,998914867.3841392,1000000000.0,2026-07-16,,
726,ROGin AI,ROG,rogin-ai,0.28376351385518606,14.80642856,14.93665092,20.29268754,19009281.928288396,7599.28178891,66989873.61,200000000.0,,2026-07-16,,
727,Nosana,NOS,nosana,0.26416711353968586,-0.04088495,0.73452406,-4.58773328,18937606.85005182,178566.81731261,71687980.37083,99999721.301683,,2026-07-16,,
728,MiL.k,MLK,milk-alliance,0.033589902554557974,-0.26797157,-2.18371485,-0.32119814,18870980.544285662,2837760.33077996,561805158.9651,986245419.0,986245419.0,2026-07-16,,
729,TokenPocket,TPT,tokenpocket,0.005413326074241983,0.15157305,0.35952155,-2.45155199,18765064.22866907,3395.19503084,3466457400.0,3466457400.0,5900000000.0,2026-07-16,,
730,EVAA Protocol,EVAA,evaa-protocol,1.047718576522002,0.41764844,-0.99100695,-57.94279096,18706321.489330832,69027998.92707483,17854337.9,50000000.0,50000000.0,2026-07-16,,
731,Marvell Technology Tokenized Stock (Ondo),MRVLon,marvell-technology-tokenized-stock-ondo,205.22350112038512,0.36706444,-9.20583761,-12.44469251,18672929.72512308,2709757.35359541,90988.26217846,90988.26217846,,2026-07-16,,
732,StrikeX,STRX,strikecoin,0.021141939444442415,0.0,3.63004232,-3.79082307,18450168.724454302,0.0,872680993.7630533,880456959.285762,1000000000.0,2026-07-16,,
733,WAX,WAXP,wax,0.0039918878269561454,0.31496184,0.12878018,0.12510308,18388618.171150036,818920.28999044,4606496717.411907,4608433461.251633,,2026-07-16,,
734,Moonbirds,BIRB,moonbirds,0.06460846553414187,-0.17686747,-1.30501796,5.31409963,18413412.677230433,7091741.09814863,285000000.0,1000000000.0,1000000000.0,2026-07-16,,
735,Comtech Gold,CGO,comtech-gold,129.4082621952788,-0.212639,-0.17938883,-1.1189478,18246564.96953431,837431.15594534,141000.0,141000.0,141000.0,2026-07-16,,
736,Ergo,ERG,ergo,0.21899647103709108,0.01952377,2.78061429,0.29188898,18239868.96327272,110190.64229602,83288415.0,83288415.0,97739924.0,2026-07-16,,
737,Flux,FLUX,zel,0.04390229622682804,0.48854591,0.28062302,1.11750253,18193560.171974145,2789402.96599169,414410218.4991484,414410218.4991484,560000000.0,2026-07-16,,
738,MAX Exchange Token,MAX,max-exchange-token,0.26708619889606167,0.01458344,0.53897593,-1.58694832,18143474.375081036,60683.42502569,67931156.49581613,285000000.0,500000000.0,2026-07-16,,
739,WalletConnect Token,WCT,walletconnect-token,0.043344565596521625,-0.02242213,0.36525084,0.15562678,18083705.9383893,10302246.37046619,417208148.0,1000000000.0,1000000000.0,2026-07-16,,
740,RateX,RTX,ratex,1.028899981036668,0.30469765,0.31097449,-2.50518563,18003269.359049775,8637724.88885987,17497589.35840448,99999989.35840449,100000000.0,2026-07-16,,
741,Pocket Network,POKT,pocket-network,0.0076687434971522165,0.67192563,-0.07294556,-2.0033105,17939887.340328593,297972.39829411,2339351596.124001,2376341756.130729,,2026-07-16,,
742,Cobak Token,CBK,cobak-token,0.1790816413487981,0.3531412,-0.14654258,0.55181878,17908164.13487981,3622017.18414503,100000000.0,100000000.0,100000000.0,2026-07-16,,
743,Tria,TRIA,tria,0.008300634886787056,0.37399366,-9.06653588,-41.28601335,17910030.876173828,9185961.65531042,2157670000.0,10000000000.0,10000000000.0,2026-07-16,,
744,Wibx,WBX,wibx,0.001522141272116757,-1.87720666,-2.18389115,17.30162999,17887117.89138949,16305.10637513,11751286309.0,11751286309.0,12000000000.0,2026-07-16,,
745,Big Time,BIGTIME,big-time,0.006920770493707145,0.09052082,0.27992945,-2.74659251,17790526.232289273,9303389.75276811,2570599075.4159064,5000000000.0,5000000000.0,2026-07-16,,
746,Cetus Protocol,CETUS,cetus-protocol,0.018541425725973084,0.58543756,-0.33784496,4.23025298,17735276.77894711,2447354.9295917,956521739.0,1000000000.0,1000000000.0,2026-07-16,,
747,ChainGPT,CGPT,chaingpt,0.01885884983439835,0.46683924,0.64173163,3.09084931,17594312.772850446,5990570.18174864,932947286.1467192,997766421.9854141,1000000000.0,2026-07-16,,
748,Aevo,AEVO,aevo,0.01917534967444794,0.53307413,1.00907433,3.31521192,17587190.46063045,2295422.47583801,917177040.2740668,1000000000.0,1000000000.0,2026-07-16,,
749,Arrow Finance,ARROW,arrow-finance,1.9271504786825349,4.92980339,-12.5827084,0.29613885,17344354.308142815,4148866.66541508,9000000.0,10000000.0,10000000.0,2026-07-16,,
750,Power Protocol,POWER,powerprotocol,0.08172766857928158,-0.16019486,2.28422803,-22.13855543,17162810.401649132,1370802.29907769,210000000.0,1000000000.0,1000000000.0,2026-07-16,,
751,Spell Token,SPELL,spell-token,8.790869569544194e-05,0.36336145,-0.74879553,-5.46784046,17159100.372975208,2829886.83416373,195192298523.26096,196008739620.0,,2026-07-16,,
752,Oho,OHO,oho,0.0007112832206890866,0.12119813,0.00327273,-4.3402142,17158922.714158762,137031.52200981,24123896382.0,45000000000.0,45000000000.0,2026-07-16,,
753,OpenEden,EDEN,openeden,0.04308865168725908,0.03773032,0.57967252,6.84633701,17152101.088236507,2075453.29384883,398065393.47593987,1000000000.0,1000000000.0,2026-07-16,,
754,Harmony,ONE,harmony,0.0011439408850656802,0.43806336,-0.76717233,-4.11422829,17142796.506740548,1152575.1106639,14985736352.762915,14985736352.762915,,2026-07-16,,
755,Rujira,RUJI,rujira,0.2129246820530076,-0.00613149,-0.21223397,14.36699898,17023328.330137957,16723.13702008,79950000.0,100000000.0,100000000.0,2026-07-16,,
756,Young,YNG,young,0.629886849997647,-3e-08,0.44363556,1.2203173,17006944.94993647,25024.6180618,27000000.0,100000000.0,100000000.0,2026-07-16,,
757,Definitive,EDGE,definitive,0.06643864017379214,-0.16010273,-1.51531678,-4.47055694,16942997.843732458,1453496.38315327,255017227.91755623,1000000000.0,1000000000.0,2026-07-16,,
758,GameBuild,GAME,gamebuild,0.0008814215801621533,-0.02372469,-0.74583747,-0.49136272,16924849.04867026,254002.37814571,19201763866.0,21419639000.0,21419639400.0,2026-07-16,,
759,Moonriver,MOVR,moonriver,1.3572989713434533,0.12556963,2.23309721,0.5089578,16936259.836712074,3485202.22005527,12477914.0,12592437.0,,2026-07-16,,
760,iShares Core MSCI EAFE Tokenized ETF (Ondo),IEFAon,ishares-core-msci-eafe-tokenized-etf-ondo,99.43798680005561,-0.12437812,-0.1049819,1.2505657,16921789.0896124,1543196.50500205,170174.29288505,170174.29288505,,2026-07-16,,
761,SanDisk Tokenized Stock (Reality),rSNDK,sandisk-tokenized-stock-reality,1579.4707146679166,1.25604318,-11.36687911,-7.0935409,16760587.31077372,1027559.54747228,10611.52141355,10611.52141355,,2026-07-16,,
762,Sonic SVM,SONIC,sonic-svm,0.023055851957262355,0.29634975,0.15132738,-4.37648692,16737124.877163688,938493.88597087,725938252.3876619,2399996744.2875695,,2026-07-16,,
763,AKEDO,AKE,akedo,0.0007334467701314446,2.34782413,290.91484392,274.51815319,16719835.933608944,66279055.50437859,22796250000.0,100000000000.0,100000000000.0,2026-07-16,,
764,Shentu,CTK,shentu,0.10345473397166255,0.34222598,1.44405153,-0.78880243,16710077.325046292,659531.2584979,161520664.0,161520664.0,,2026-07-16,,
765,OKZOO,AIOT,okzoo,0.03856526609949931,0.35283964,2.9074202,-31.8699768,16708401.49904281,898482.32700526,433249999.0,1000000000.0,1000000000.0,2026-07-16,,
766,Usual,USUAL,usual,0.00893740026494034,-0.07939865,2.71653679,5.03246248,16650028.03656516,34045320.13830548,1862960988.9891515,1862960988.9891515,3000000000.0,2026-07-16,,
767,Apertum,APTM,apertum,0.14695579175627024,-1.01885977,7.5470994,20.36449296,16630086.764928186,686955.79994185,113163874.42905,113460221.38219,2100000000.0,2026-07-16,,
768,Particle Network,PARTI,particle-network,0.030783017382346064,1.22249637,1.51469685,-33.65864366,16590442.881709073,17518768.87574234,538947909.9999996,1000000000.0,1000000000.0,2026-07-16,,
769,pippin,PIPPIN,pippin,0.016545190138663277,0.13436664,0.80094192,-3.31378342,16545128.143835828,4367955.09381195,999996253.0,999996253.0,,2026-07-16,,
770,MobileCoin,MOB,mobilecoin,0.08269496261950783,-0.00165777,-2.29757704,-15.99427813,16406658.007985558,6019.4866107,198399727.0,250000000.0,,2026-07-16,,
771,Bifrost,BFC,bifrost,0.011811336627063067,0.07565234,-2.29187841,-1.80176532,16378054.859471334,1051527.12498208,1386638564.0,2584913482.0,,2026-07-16,,
772,Acurast,ACU,acurast,0.07541955650548288,-0.12373215,-0.09919551,0.79888534,16366043.761689786,2129510.2430132,217000000.0,1000000000.0,,2026-07-16,,
773,Nillion,NIL,nillion,0.03513642745166605,0.59431493,2.91887062,2.32604844,16350553.593320912,10616688.99252499,465344793.969531,1009675416.202136,,2026-07-16,,
774,Taiko,TAIKO,taiko,0.080863645250399,0.83240889,1.96201645,-1.43597794,16325841.033043794,6441882.91717842,201893458.82800454,1000000000.0,1000000000.0,2026-07-16,,
775,Liquity,LQTY,liquity,0.16923099556940166,0.46621889,0.37565973,-3.93787135,16289072.793199403,2230120.50720018,96253483.2250588,100000000.0,100000000.0,2026-07-16,,
776,Pixels,PIXEL,pixels,0.004696319323427362,0.8580299,2.07244743,-1.87117065,16284948.211345298,6370429.60845346,3467598152.9,5000000000.0,5000000000.0,2026-07-16,,
777,Global Commercial Business,GCB,global-commercial-business,0.013499552548577091,-0.03499202,-2.45604828,-3.50409397,16224366.3089056,2049.03874987,1201844746.3738875,1201844746.3738875,2500000000.0,2026-07-16,,
778,Pythia,PYTHIA,pythia,0.01625061298355991,0.22088412,3.88956185,56.04225498,16220680.137391333,82391.42679482,998158048.179545,998158048.179545,1000000000.0,2026-07-16,,
779,Adshares,ADS,adshares,0.4181666995395775,0.07904056,0.88246719,6.8510613,16203834.601890378,404036.37647073,38749701.063551,38758206.0,38758206.0,2026-07-16,,
780,Tensor,TNSR,tensor,0.033012112910960734,1.74763008,2.6441561,-1.25182834,16104065.302900903,11777029.78576797,487822919.6154847,783790895.8576108,,2026-07-16,,
781,STBL,STBL,stbl,0.02293688380949874,0.52232865,0.5954035,1.08866463,16055818.666649118,2373839.89925829,700000000.0,10000000000.0,10000000000.0,2026-07-16,,
782,Mango Network,MGO,mango-network,0.009998472582510128,0.03754838,0.10562237,-0.04999289,16027182.21618501,961908.40495632,1602963061.0,10000000000.0,10000000000.0,2026-07-16,,
783,MediBloc,MED,medibloc,0.0013806966445867475,1.11971048,0.38309418,-2.82398401,15931275.524739044,138805.57312979,11538577708.0,12328795620.0,,2026-07-16,,
784,MEET48,IDOL,meet48,0.015119769045269195,-0.77402129,0.91309611,3.13448004,15821326.328969685,3073862.61959287,1046400000.0,4800000000.0,4800000000.0,2026-07-16,,
785,Araracoin,ARARA,araracoin,0.0004362521864494857,-0.11598259,-0.12281577,-0.13104891,15814141.758793857,14314.74953775,36250000000.0,100000000000.0,100000000000.0,2026-07-16,,
786,Tesla Tokenized Stock (Ondo),TSLAon,tesla-tokenized-stock-ondo,394.4790926858002,0.08413122,-0.71916822,-0.05960199,15794236.427033463,4397864.24802629,40038.20917225,40038.20917225,,2026-07-16,,
787,Abey,ABEY,abeychain,0.015061746499929652,0.1055339,-0.56641023,-3.51211445,15769202.606741881,20128.82331324,1046970389.9753945,1344261655.9744155,1344261686.2366955,2026-07-16,,
788,INFINIT,IN,infinit,0.045620481374743435,0.60631281,0.40623944,-2.99037733,15742199.425808746,6734573.22778352,345068683.0,1000000000.0,1000000000.0,2026-07-16,,
789,Fulcrom Finance,FUL,fulcrom-finance,0.0009414607597907649,-0.00106385,0.28883951,-5.71455293,15728417.202896204,1627.79112,16706396989.282663,20000000000.0,,2026-07-16,,
790,Bless,BLESS,bless,0.008068574949574851,0.25951867,4.57982735,5.86673649,15666214.180992907,2584548.17147212,1941633346.5203035,9999966679.520304,10000000000.0,2026-07-16,,
791,Bitgo Tokenised Stock (xStock),BTGOx,bitgo-tokenised-stock-xstock,4.99,0.0,0.0,-0.3992016,15659728.278572956,111.3746543,3138222.09991442,3138222.09991442,,2026-07-16,,
792,Intel Tokenized Stock (Ondo),INTCon,intel-tokenized-stock-ondo,102.3837876177916,0.21367141,-7.07449611,-7.939669,15640507.84139173,2177825.58985409,152763.52052709,152763.52052709,,2026-07-16,,
793,Chintai,CHEX,chex-token,0.01249862437471836,0.74467038,5.50254604,-3.45736225,15609804.690823287,296882.37160196,1248921819.140199,1248921819.140199,,2026-07-16,,
794,Tokamak Network,TOKAMAK,tokamak-network,0.3551871389265414,-0.4104239,0.04768732,-0.43515128,15571920.612639574,215444.37967965,43841454.0,105382750.99697863,,2026-07-16,,
795,Zentry,ZENT,zentry,0.001928224368208972,-0.86494649,0.56843947,-3.99704542,15444329.137819892,1509679.72566012,8009612051.612713,9706992814.355925,10000000000.0,2026-07-16,,
796,Animecoin,ANIME,anime,0.0027886102945555067,0.99343771,1.22381821,3.72233183,15445009.96119466,3918621.01302588,5538604656.0,10000000000.0,,2026-07-16,,
797,Manifesting (manifesting.meme),MANIFEST,manifesting,0.01700113447160612,1.77175324,-4.69369663,79.76098377,15301016.46814147,1646876.37301777,899999732.0,899999732.0,999999813.51579,2026-07-16,,
798,AO,AO,ao,2.1526360889002367,0.05182858,5.76647691,7.74239651,15288625.778398441,272551.68949842,7102280.71397301,7102280.71397301,21000000.0,2026-07-16,,
799,Enso,ENSO,enso,0.7414366934979771,0.7104784,6.37941509,5.17790633,15266181.51912335,19462326.55640815,20590000.0,100000000.0,127339703.0,2026-07-16,,
800,Goldgr,GOLDGR,goldgr,129.58779329121901,-0.49099166,-0.49188669,-0.82997361,15247747.312514128,1143.6083457,117663.45367305,10000000000.0,100000000.0,2026-07-16,,
801,Faith Tribe,FTRB,faith-tribe,0.004616395585299481,0.34994535,1.24077189,5.02690564,15243005.855365586,90709.06053416,3301928002.8569565,5000000000.0,5000000000.0,2026-07-16,,
802,Humidifi,WET,humidifi,0.06624619765147442,-0.30795314,1.24591689,-0.64467611,15236625.459839117,4760799.47679502,230000000.0,1000000000.0,1000000000.0,2026-07-16,,
803,SynFutures,F,synfutures,0.003396926839185858,0.72868385,1.26642914,6.01788755,15233169.10094518,3248071.23314315,4484397169.0,10000000000.0,10000000000.0,2026-07-16,,
804,Roundhill Memory ETF Tokenized bStocks,DRAMB,roundhill-memory-etf-tokenized-bstocks,56.008168224972636,1.0272838,-9.77393237,-8.8363741,15180243.631742476,18864192.18699225,271036.24547703,271036.24547703,,2026-07-16,,
805,Adventure Gold,AGLD,adventure-gold,0.16216225479311264,0.01769861,1.89130467,9.98304185,15053522.2746069,10498923.88097196,92830001.0,92830001.0,96000000.0,2026-07-16,,
806,哈基米,哈基米,hajimi,0.015017347224570992,-0.53105684,-6.8878453,-12.51419605,15017347.224570991,2367437.61157693,1000000000.0,1000000000.0,1000000000.0,2026-07-16,,
807,DeBox,BOX,debox,0.029436078662618242,0.13774908,-9.46825598,-11.46553352,14959779.695079101,8525.62148331,508212383.4,1000000000.0,1000000000.0,2026-07-16,,
808,Metaplex,MPLX,metaplex,0.02929274145128223,0.92627685,12.80366871,-6.94798618,14938815.044261923,13503650.01822592,509983508.0,999982241.0,1000000000.0,2026-07-16,,
809,Codatta,XNY,codatta,0.00594191250421726,0.25727444,3.06508396,-4.27914033,14854781.26054315,3341653.30861981,2500000000.0,10000000000.0,10000000000.0,2026-07-16,,
810,Epic Chain,EPIC,epic-chain,0.44139318466167876,1.53331726,14.8692714,28.96453116,14830811.004632406,16517204.81299859,33600000.0,33600000.0,33600000.0,2026-07-16,,
811,Gains Network,GNS,gains-network,0.6325017259886417,-0.3469353,1.59047301,4.77100965,14827615.106805386,765340.66996444,23442805.76251211,23442805.76251211,,2026-07-16,,
812,Gradients,SN56,gradients,3.550172551288,1.36531573,3.24549362,-3.746221,14823883.944632545,45491.59159844,4175539.0,4175539.0,21000000.0,2026-07-16,,
813,Chromia,CHR,chromia,0.015194766742641443,-0.57344149,3.59992545,5.72909714,14812343.567454131,1178094.01297179,974831915.3782,974831915.3782,978064789.0,2026-07-16,,
814,龙虾 (Lobster),龙虾,lobster-2,0.01480456191096457,2.51910583,0.52213953,14.90571237,14804561.91096457,4326863.86164048,1000000000.0,1000000000.0,1000000000.0,2026-07-16,,
815,Xai,XAI,xai-games,0.007030174364479982,0.503143,-0.35834957,1.42998501,14658635.656286247,3405697.04146341,2085102715.282445,2210426284.2430673,2500000000.0,2026-07-16,,
816,Hermez Network,HEZ,hermez-network,3.1180382935612103,-0.00028629,0.52953205,2.10123025,14654779.979737688,0.0,4700000.0,100000000.0,100000000.0,2026-07-16,,
817,NYM,NYM,nym,0.017458408581140433,-0.0242006,3.53376149,-0.07551489,14619241.461884426,1353898.21081273,837375376.681066,1000000000.0,1000000000.0,2026-07-16,,
818,Treasure,MAGIC,magic-token,0.04313471208648027,0.23919401,1.31251904,0.7582663,14519527.784302726,2465599.33259649,336608895.2951094,347687042.97175324,,2026-07-16,,
819,QIE Blockchain,QIE,qi-blockchain,0.17175826603432323,-0.09960399,-0.06268557,81.61352859,14491089.120568559,167369.64656475,84369093.0,84369093.0,150000565.0,2026-07-16,,
820,Loopring,LRC,loopring,0.010557243513786353,-0.31307593,-1.07816289,-5.33521246,14446605.90914026,2245293.36843311,1368406998.500595,1373873397.4424574,,2026-07-16,,
821,Tether Gold Tokens,XAUT0,tether-gold-tokens,4027.3805607991385,-0.0780605,0.02387445,-1.06774475,14438736.281058813,102862.05923958,3585.143262,3585.143262,,2026-07-16,,
822,TAC Protocol,TAC,tac-protocol,0.002985295862447977,1.82332476,6.83926606,12.92367312,14422518.940648574,5771840.79628462,4831185787.0,10286974956.0,,2026-07-16,,
823,tokenbot,CLANKER,tokenbot-2,14.590099919198996,0.41739572,-0.94190096,-6.44337493,14389883.72180033,2145795.32257057,986277.25659814,1000000.0,1000000.0,2026-07-16,,
824,Secret,SCRT,secret,0.04089609765672321,0.30087947,-0.6292633,5.21626019,14353969.953758223,6359653.04674076,350986298.84552,360860848.188589,,2026-07-16,,
825,FLock.io,FLOCK,flock-io,0.03465220321098294,0.20203975,9.46613869,9.71416804,14328256.824043624,20904109.50177576,413487613.9564573,413963134.7264573,1000000000.0,2026-07-16,,
826,iShares Core US Aggregate Bond Tokenized ETF (Ondo),AGGon,ishares-core-us-aggregate-bond-tokenized-etf-ondo,101.18213651041775,-0.01121648,0.17063611,-0.06908742,14333675.408023283,1288530.04369683,141662.11450326,141662.11450326,,2026-07-16,,
827,Electroneum,ETN,electroneum,0.0007927369189185806,0.15784218,1.0027808,-3.16830371,14253265.210556949,262011.39830156,17979817604.56,17979817604.56,21000000000.0,2026-07-16,,
828,Decentralized Social,DESO,deso,1.6017836433930384,-0.02946779,1.69017556,-4.56782172,14231104.443936612,1370.49309996,8884536.0,10808492.0,10808492.0,2026-07-16,,
829,Aurora,AURORA,aurora-near,0.019720530094323396,0.14340184,-1.59337823,-8.55041665,14214993.402969606,452476.8429895,720822074.0,999739990.0,1000000000.0,2026-07-16,,
830,Braintrust,BTRST,braintrust,0.05893304543381972,-0.02712821,0.17151842,-1.15216194,14223359.801957617,27417.19199517,241347782.0,250000000.0,250000000.0,2026-07-16,,
831,Namecoin,NMC,namecoin,0.9535548952496254,-0.86695159,6.39112407,12.15022606,14051966.35835658,11919.7498332,14736400.0,14736400.0,,2026-07-16,,
832,Micron Tokenized Stock (Reality),rMU,micron-tokenized-stock-reality,898.8782560076562,1.33664045,-9.82952346,-5.4277833,14148726.388065523,1184712.59730215,15740.42568446,15740.42568446,,2026-07-16,,
833,QuarkChain,QKC,quarkchain,0.0019472468019756067,0.16860181,-0.30164669,-1.76786822,14122945.272578275,510654.11112661,7252776206.0,10000000000.0,,2026-07-16,,
834,Biconomy,BICO,biconomy,0.014075459739884798,0.24248692,3.70246846,1.42985874,14078877.418269236,4870208.67929498,1000242811.1370851,1000000000.0,1000000000.0,2026-07-16,,
835,Infinex,INX,infinex,0.007013756413644251,0.16360111,0.04723802,-0.39424864,13987534.41573073,3473102.7306212,1994300000.0,10000000000.0,10000000000.0,2026-07-16,,
836,USDH,USDH,hyperliquid-usd,0.9996309494204169,-0.03963601,-0.00137935,-0.01714174,13867264.44138513,337367.90775082,13872384.05276,20761921.72,,2026-07-16,,
837,HeyElsa,ELSA,heyelsa,0.053910011207464886,-0.29257596,-1.43263651,11.40095473,13781913.982290898,8097328.67404267,255646654.0,1000000000.0,1000000000.0,2026-07-16,,
838,MovieBloc,MBL,moviebloc,0.000698327957658797,0.1131259,0.28419449,1.0247562,13636869.595543955,2246589.96880767,19527887214.0,30000000000.0,30000000000.0,2026-07-16,,
839,Celer Network,CELR,celer-network,0.0017517783739399548,0.25597117,-0.06015546,-2.96630165,13676876.706804648,1366007.98299257,7807424106.9912,10000000000.0,10000000000.0,2026-07-16,,
840,Metadium,META,metadium,0.007856602214293016,0.80236766,-0.10706553,3.01878399,13667413.72155544,32115.19732342,1739608720.0,2000000000.0,2000000000.0,2026-07-16,,
841,Goatseus Maximus,GOAT,goatseus-maximus,0.013614987940112117,0.41508372,-1.09257533,1.80227174,13614704.061826529,4335510.29846618,999979149.574951,999979149.574951,1000000000.0,2026-07-16,,
842,Defigram,DFG,defigram,1.36057802335816,0.0717416,0.51677165,4.9732564,13605780.2335816,0.0,10000000.0,1000000000.0,1000000000.0,2026-07-16,,
843,Coin98,C98,coin98,0.013609227699737223,0.32593319,2.06280376,9.34677651,13609212.198826874,8665746.10696328,999998861.0,1000000000.0,,2026-07-16,,
844,PDD Holdings Tokenized Stock (Ondo),PDDon,pdd-holdings-tokenized-stock-ondo,85.94539100796867,0.06947212,2.33960279,1.4124017,13551281.49588702,960478.43558073,157673.16125923,157673.16125923,,2026-07-16,,
845,Newton Protocol,NEWT,newton-protocol,0.045958976515018825,0.69636506,0.50121084,-0.87627008,13495201.611829856,6843910.00615503,293635816.877249,1000000000.0,1000000000.0,2026-07-16,,
846,Banana Gun,BANANA,banana-gun,3.36735292866364,0.3296559,-1.149878,11.05470057,13502185.261142561,5162285.44082565,4009732.73285643,8402893.46593683,10000000.0,2026-07-16,,
847,SoFi Technologies Tokenized Stock (Ondo),SOFIon,sofi-technologies-tokenized-stock-ondo,17.931053025830625,-0.19246134,-3.32884905,1.7570515,13496103.375688706,519960.21202475,752666.52528699,752666.52528699,,2026-07-16,,
848,Intel Tokenized bStocks,INTCB,intel-tokenized-bstocks,102.36256096568604,0.46035138,-6.89728356,-7.81671172,13484456.928056117,4456846.52701229,131732.31307271,131732.31307271,,2026-07-16,,
849,Quai Network,QUAI,quai-network,0.01719906898176564,-1.02931292,-5.59743403,36.33868973,13458004.15310243,422487.20083968,782484457.0,1039049559.0,,2026-07-16,,
850,Vanar Chain,VANRY,vanar,0.0056393626758240185,1.46700144,4.89240017,-22.91321257,13395001.651833039,21398775.15589028,2375268700.0,2377565576.0,2400000000.0,2026-07-16,,
851,Orderly,ORDER,orderly-network,0.03418642430488096,-0.09480549,5.19657049,1.99989245,13392667.172257429,4710926.92908503,391753962.1230669,994601729.7824053,1000000000.0,2026-07-16,,
852,Boundless,ZKC,boundless,0.043262199483219146,0.26908866,-0.67032213,-0.70507146,13308071.037442021,4343725.32495549,307614296.0,1058920111.0,,2026-07-16,,
853,Strategy Stretch Preferred Tokenized Stock (Ondo),STRCon,strategy-stretch-perferred-tokenized-stock-ondo,90.24972635180457,0.04165403,-0.10283785,2.93902016,13299977.303792406,737794.72238029,147368.6164094,147368.6164094,,2026-07-16,,
854,Osaka Protocol,OSAK,osaka-protocol,1.770232268099594e-08,0.00014117,24.03333583,11.31648464,13292138.404628688,55715.52379766,750869738630302.0,761459789745212.0,1000000000000000.0,2026-07-16,,
855,ARPA,ARPA,arpa-chain,0.00870839868315414,0.33002539,0.66879205,-1.72307076,13233165.932338461,6226193.56788732,1519586598.3877385,1999999999.9877386,,2026-07-16,,
856,Mey Network,MEY,mey-network,0.04647923471369025,-1.36101331,-0.33560098,0.69591073,13214477.897232363,421062.15250755,284309283.03,2300000000.0,2300000000.0,2026-07-16,,
857,Orochi Network,ON,orochi-network,0.09137246579855958,3.3408288,8.37848783,11.68395819,13182762.503087183,1209292.80908052,144275000.0,700000000.0,1000000000.0,2026-07-16,,
858,KAIO,KAIO,kaio,0.01933051429786845,0.52510991,-7.96685156,-4.89783284,13168912.865422882,1993891.40556692,681250000.0,10000000000.0,10000000000.0,2026-07-16,,
859,Lumia,LUMIA,lumia,0.0758237655731614,1.67140421,3.61956238,-40.39849953,13168833.759339204,7211735.19580956,173676863.1812774,238888888.0,238888888.0,2026-07-16,,
860,zkPass,ZKP,zkpass,0.045866065862706584,0.06306846,3.59505572,3.47213895,12918941.854084978,8708302.20938817,281666666.0,1000000000.0,1000000000.0,2026-07-16,,
861,Lucidum Coin,LUCIC,lucidum-coin,0.07846852777533254,0.25545425,-0.04419925,2.79762109,12877108.745639417,27313.31133069,164105395.0,210000000.0,210000000.0,2026-07-16,,
862,JOE,JOE,joe,0.02806096643584675,0.54992098,1.79437688,-0.60729218,12828959.132161802,4723728.23789297,457181657.0,464573155.0,500000000.0,2026-07-16,,
863,Mira,MIRA,mira-network,0.042934564054787135,0.4040929,1.16116014,0.54687684,12795595.806738056,4431802.78232075,298025520.66,1000000000.0,1000000000.0,2026-07-16,,
864,ISLM,ISLM,islamic-coin,0.005836983943264874,-1.17672028,-1.39775335,7.0435573,12762325.410566414,30118.79955892,2186458886.06435,18162982098.425728,100000000000.0,2026-07-16,,
865,MetaMUI,MMUI,metamui,0.026778650015680753,-0.0473495,-0.00843512,-0.3883629,12753238.103685053,682793.27246052,476246491.0,800000000.0,800000000.0,2026-07-16,,
866,Radworks,RAD,radworks,0.21437544312867426,0.15983911,0.2988287,-1.15318644,12664439.15398859,2301626.5831363,59075978.89552598,99998580.0,99999620.0,2026-07-16,,
867,RAMP,RAMP,ramp,0.026416729539686983,0.0,52.30948168,62.81098457,12622936.758164808,0.0,477838740.0,1000000000.0,1000000000.0,2026-07-16,,
868,HarryPotterObamaSonic10Inu (ERC-20),BITCOIN,harrypotterobamasonic10inu-eth,0.01260110461529299,-1.81769993,1.07763249,0.01065925,12598561.145331915,3028421.98843898,999798155.0,999798155.0,999798155.0,2026-07-16,,
869,OG Fan Token,OG,og-fan-token,2.651035424573406,0.21723807,0.80932455,2.71106022,12591877.455497066,10528033.32743195,4749796.0,5000000.0,5000000.0,2026-07-16,,
870,iShares Core S&P Total US Stock Market Tokenized ETF (Ondo),ITOTon,ishares-core-sp-total-us-stock-market-tokenized-etf-ondo,166.55110495002808,0.17019036,0.61565862,1.83536798,12576646.273763694,1337904.27757229,75512.23558401,75512.23558401,,2026-07-16,,
871,Hippo Protocol,HP,hippo-protocol-ai,0.008881873539533146,0.56676002,2.53801174,-5.76655739,12499009.31213572,284438.92079191,1407249186.3909943,1407250011.9117496,,2026-07-16,,
872,DIA,DIA,dia,0.10419441950267495,0.56393575,0.17725236,2.5599531,12469582.184621755,2253367.85141253,119676104.0,168817248.0,200000000.0,2026-07-16,,
873,Citrea,CTR,citrea,0.00829089701734884,0.36876579,0.34378891,-2.34284943,12436345.52602326,6114468.24212434,1500000000.0,10000000000.0,10000000000.0,2026-07-16,,
874,Solend,SLND,solend,0.12431707886905283,0.0,-0.78707448,-1.62025201,12431707.886905283,0.0,100000000.0,100000000.0,,2026-07-16,,
875,Corn,CORN,use-corn,0.023641093958823998,-0.13783737,-0.11449267,-32.01939619,12411574.328382598,3395834.596367,525000000.0,2100000000.0,2100000000.0,2026-07-16,,
876,IBS,IBS,ibs,28.721471096105457,0.09169274,0.88380362,2.19813599,12410126.993648313,1812317.06633261,432085.35357129,905546.04827129,871020.0,2026-07-16,,
877,USD CoinVertible,USDCV,usd-coinvertible,0.9992180370349286,0.00651721,-0.00146907,-0.02482597,12391192.963286076,13413783.7799504,12400890.0,12400890.0,,2026-07-16,,
878,Kishu Inu,KISHU,kishu-inu,1.3242985805020054e-10,-0.10595887,0.55422799,4.59573159,12334000.121101458,157081.49356206,9.313609712113394e+16,9.670293841273085e+16,1e+18,2026-07-16,,
879,Unicorn Fart Dust,UFD,unicorn-fart-dust,0.01233180422430041,-3.01501074,-6.26347255,-3.28282772,12331804.22430041,2012244.69596072,1000000000.0,1000000000.0,1000000000.0,2026-07-16,,
880,Fluent,BLEND,fluent,0.06143281544119692,-0.78289933,-0.13257838,-0.79083604,12286563.088239385,9334229.13526441,200000000.0,1000000000.0,1000000000.0,2026-07-16,,
881,USDB,USDB,usdb,0.9973093281447931,-0.00507711,-0.4536478,-0.90555764,12274127.56302298,17042.57338725,12307242.31353121,12307242.31353121,,2026-07-16,,
882,Mubarak,MUBARAK,mubarak,0.01223592033254698,0.90117519,-1.71346041,-1.73524056,12235920.33254698,5780754.99752499,1000000000.0,1000000000.0,1000000000.0,2026-07-16,,
883,IXS,IXS,ix-swap,0.06745797993982582,0.0221277,3.69957987,27.50941465,12142436.389168648,85241.41537075,180000000.0,180000000.0,180000000.0,2026-07-16,,
884,StablR Euro,EURR,stablr-euro,1.0198023986277431,-0.0293277,42.38345676,52.89644342,12118864.584803408,73.82724774,11883541.95,11883541.95,,2026-07-16,,
885,Firo,FIRO,firo,0.6441347732453343,-0.27158694,1.06068231,7.04566508,12117294.800962165,180359.0851383,18811738.32599005,18811738.32599005,21400000.0,2026-07-16,,
886,ShibaBitcoin,SBBTC,shibabitcoin,103.9086453509339,0.0,0.0,0.0,12114039.867362322,0.0,116583.56074655,1000000000.0,1000000000.0,2026-07-16,,
887,AVA (Travala),AVA,ava,0.16487628204021781,0.5475784,2.76887939,-1.27911239,12081963.630707813,9643613.24486673,73278967.0,73278967.0,100000000.0,2026-07-16,,
888,SaucerSwap,SAUCE,saucerswap,0.01318307571193607,-0.24737024,0.56293874,-3.43019954,12050682.13442402,15210.82339202,914102474.850632,914302436.587484,1000000000.0,2026-07-16,,
889,iShares Gold Trust Tokenized ETF (Ondo),IAUon,ishares-gold-trust-tokenized-etf-ondo,76.03612603019941,-0.2046528,-0.12986561,-0.79399508,12036553.658058891,1705071.3543983,158300.4590907,158300.4590907,,2026-07-16,,
890,CZ's Dog,BROCCOLI,broccoli-714,0.012428120225951415,0.12233175,-0.63484829,0.9880459,12019553.087010747,5972363.34183828,967125588.4628851,967125588.4628851,1000000000.0,2026-07-16,,
891,Space and Time,SXT,space-and-time,0.008585019997019525,-0.95712191,-1.52535378,20.33332283,12019027.995827336,139046662.30784404,1400000000.0,5000000000.0,5000000000.0,2026-07-16,,
892,Wirex Token,WXT,wirex-token,0.0012020824333543454,-1.15507448,-0.76546185,-19.46721184,12020824.333543453,281426.86684471,10000000000.0,10000000000.0,10000000000.0,2026-07-16,,
893,XSGD,XSGD,xsgd,0.7758708268002632,0.00960818,0.08486087,0.18510341,11979172.30841169,604591.25016439,15439647.805569,83617320.371568,,2026-07-16,,
894,Hamster Kombat,HMSTR,hamster-kombat,0.00018599471909071046,1.00244197,-4.56775059,-7.21297573,11973410.041464485,11689772.37490526,64375000000.0,100000000000.0,100000000000.0,2026-07-16,,
895,Caldera,ERA,caldera,0.08056745014287504,0.41351397,1.95658507,2.81067705,11964266.346216943,5510687.90815221,148500000.0,1000000000.0,1000000000.0,2026-07-16,,
896,MyNeighborAlice,ALICE,myneighboralice,0.12000760265940916,1.24062582,1.65204875,-2.09507721,11935613.189320782,3897498.47941845,99457142.087864,99457142.087864,99457142.087864,2026-07-16,,
897,Bitcoin Diamond,BCD,bitcoin-diamond,0.06321034397945764,0.0,0.0,0.0,11788280.229335021,0.0,186492897.953,189492897.953,210000000.0,2026-07-16,,
898,DIAM,DIAM,diam,0.005822040677556437,-0.08756469,-0.15819397,-0.92349125,11748649.209929045,266174.18415271,2017960687.7738373,5401462494.44995,10000000000.0,2026-07-16,,
899,EGL1,EGL1,egl1,0.011641204868462509,-0.00200048,-1.97446047,0.67172454,11641204.868462509,1057313.67120696,1000000000.0,1000000000.0,1000000000.0,2026-07-16,,
900,Radix,XRD,radix-protocol,0.0008617815434552213,0.06243595,0.42211278,-6.18140414,11622085.398076827,155568.51283539,13486115462.022213,13486115475.562428,24000000000.0,2026-07-16,,
901,Sleepless AI,AI,sleepless-ai,0.02022797389935409,0.17843257,1.66468679,-3.08242198,11598214.500761434,4081943.54350368,573374998.33,1000000000.0,1000000000.0,2026-07-16,,
902,Opinion,OPN,opinion,0.06432116911205657,0.88729887,3.52720238,8.77927591,11594820.40906247,46672677.56836451,180264453.66474378,1000000000.0,1000000000.0,2026-07-16,,
903,GYEN,GYEN,gyen,0.005519150473356624,0.12807759,16.35735539,75.17462613,11583487.22792376,122.25706705,2098780833.0,2098780833.0,,2026-07-16,,
904,Superform,UP,superform,0.06000881695978972,0.46309175,0.43679451,5.20093128,11514294.669280738,3986696.8906812,191876715.0,1000000000.0,1000000000.0,2026-07-16,,
905,Ponke,PONKE,ponke,0.02066039741334196,-0.22928156,-0.49302506,-5.64322372,11477764.48984746,2192082.68054986,555544226.0,555544226.0,555555555.0,2026-07-16,,
906,Alien Worlds,TLM,alien-worlds,0.0016415414129699905,0.40965495,-1.47996661,-31.96000969,11452060.448900435,17149790.03872604,6976406661.700099,7040323578.2199,10000000000.0,2026-07-16,,
907,Katana,KAT,katana-network,0.004869546493760732,1.78427178,1.28283089,6.07134015,11404477.888387633,6047026.57747746,2342000000.0,10000000000.0,10000000000.0,2026-07-16,,
908,Origin Protocol,OGN,origin-protocol,0.016919932913006763,0.40900336,-0.40991164,-8.44760426,11387906.17879596,7798176.96505694,673046769.0,1409664846.0,1409664846.0,2026-07-16,,
909,Freedom Dollar,FUSD,freedom-dollar,0.9986370301476333,-0.03535088,-0.03417526,-0.05704696,11384462.14368302,209037.03158802,11400000.0,11400000.0,,2026-07-16,,
910,Doodles,DOOD,doodles,0.0014575921492312968,0.18507778,0.129451,0.3954883,11369218.764004115,6889477.16992255,7800000000.0,10000000000.0,10000000000.0,2026-07-16,,
911,Felysyum,FELY,felysyum,0.2578381272378654,-0.23019437,-1.56683057,1.06468607,11284863.453808319,126700.78243871,43767241.0,500000000.0,500000000.0,2026-07-16,,
912,Solv Protocol,SOLV,solv-protocol,0.002651427040960805,0.44060605,0.13472944,-4.28941265,11280624.925419243,3940802.94155875,4254548494.508622,9660000000.0,9660000000.0,2026-07-16,,
913,Microsoft Tokenized Stock (Ondo),MSFTon,microsoft-tokenized-stock-ondo,398.76115306106567,-0.1024882,2.66197657,3.36305147,11236979.0109233,2971762.66744341,28179.72343761,28179.72343761,,2026-07-16,,
914,iShares TIPS Bond Tokenized ETF (Ondo),TIPon,ishares-tips-bond-tokenized-etf-ondo,111.77063535609575,-0.08086282,-0.03136086,-0.05508854,11196621.088935576,922495.87132421,100174.97935181,100174.97935181,,2026-07-16,,
915,iShares MSCI EAFE Tokenized ETF (Ondo),EFAon,ishares-msci-eafe-tokenized-etf-ondo,106.32953915853366,0.01652882,0.32430827,1.28861724,11109342.82509974,733080.70186791,104480.30634776,104480.30634776,,2026-07-16,,
916,TG Casino,TGC,tg-casino,0.1443765710139346,0.57622293,-1.36112433,20.35300344,11066464.023817286,33679.86755013,76649998.99983217,76649998.99983217,100000000.0,2026-07-16,,
917,Amazon Tokenized Stock (Ondo),AMZNon,amazon-tokenized-stock-ondo,255.09791603950598,-0.01652131,2.9833591,4.82616416,11063552.087674841,2151335.86176291,43369.82543582,43369.82543582,,2026-07-16,,
918,Bone ShibaSwap,BONE,bone-shibaswap,0.04807394854964005,-0.35424661,1.73199999,7.3092676,11053323.328205192,1416341.97098708,229923350.6228802,249999401.82484713,250000000.0,2026-07-16,,
919,Maverick Protocol,MAV,maverick-protocol,0.009379897059681503,0.28713618,0.69659648,-5.03129282,10999970.20722243,1802734.98327894,1172717582.8511639,2000000000.0,2000000000.0,2026-07-16,,
920,Avail,AVAIL,avail,0.0027963228369316294,-0.23434376,-0.25645655,-1.6013364,10959454.577361457,379886.34453989,3919237948.0,11042518571.0,,2026-07-16,,
921,Aergo,AERGO,aergo,0.022439004359759245,-2.44542507,8.94330829,0.80030574,10995112.041340834,5442372.72041111,489999995.7689212,500000000.0,500000000.0,2026-07-16,,
922,Recall,RECALL,recall-network,0.033807470961515346,-0.22436751,2.00544422,6.4265107,10923788.10655713,5473777.82467791,323117577.14714,1000000000.0,1000000000.0,2026-07-16,,
923,KernelDAO,KERNEL,kerneldao,0.03808290984663625,0.40355936,1.02436,-3.29466024,10903442.51402893,4985261.54925176,286308020.0,1000000000.0,1000000000.0,2026-07-16,,
924,Initia,INIT,initia,0.05451570062933201,0.0919273,0.35953264,-0.32238669,10901766.220842125,2333013.12413794,199974797.99381799,1000000000.0,1000000000.0,2026-07-16,,
925,GeorgePlaysClashRoyale,CLASH,georgeplaysclashroyale,0.010901333216790546,0.40309608,2.98370446,-4.98860743,10897929.794477537,591155.88434233,999687797.607382,999687797.607382,999999967.828928,2026-07-16,,
926,saffron.finance,SFI,saffron-finance,119.00058716813793,0.18563682,3.67190657,12.25572553,10879448.970262615,18763.59256679,91423.48982607,92122.50184922,100000.0,2026-07-16,,
927,Tutorial,TUT,tutorial,0.013039569125920355,0.60316869,4.87377146,34.0405524,10875587.241915101,5330511.63479919,834044985.4509655,834044985.4509655,1000000000.0,2026-07-16,,
928,Lagrange,LA,lagrange,0.05573913907664928,-0.06031716,0.14214898,-5.27341904,10757653.841793312,5867734.8379756,193000000.0,1000000000.0,,2026-07-16,,
929,Heima,HEI,heima,0.10992078202000857,2.78025662,6.84418625,-4.55514409,10745760.239037244,13870903.0696455,97759132.0,98545497.0,100000000.0,2026-07-16,,
930,SuperRare,RARE,superrare,0.013027515450972811,-0.07829188,2.31656161,6.82445504,10753930.382345384,6173430.15609024,825478228.9697726,1000000000.0,1000000000.0,2026-07-16,,
931,FAR Labs,FAR,farcana,0.002221600995545233,-0.18739263,-1.35764945,-16.13385648,10735642.434862828,142121.37052769,4832390000.0,5000000000.0,5000000000.0,2026-07-16,,
932,Wanchain,WAN,wanchain,0.053846808124581355,0.64646974,1.60656523,0.05767621,10714194.632908095,2839843.92518194,198975482.59721282,198975482.5969059,210000000.0,2026-07-16,,
933,Wecan Group,WECAN,wecan-group,0.0017814274330396921,-0.12968273,-3.81590992,9.59973709,10688564.598238153,32674.68155785,6000000000.0,6000000000.0,6000000000.0,2026-07-16,,
934,Ridges AI,SN62,ridges-ai,2.4320873677949204,1.37907264,6.26377473,2.90451798,10634362.817867484,258522.63379266,4372525.0,4372525.0,21000000.0,2026-07-16,,
935,Moonbeam,GLMR,moonbeam,0.00892783280492417,-0.12259735,-0.71455366,-2.97344492,10620748.727574358,4617024.90379677,1189622270.0,1241181583.0,,2026-07-16,,
936,GUNZ,GUN,gunz,0.003939107447294347,0.42049961,0.08029923,2.31303985,10562317.15503356,7437203.25155013,2681398590.0,10000000000.0,10000000000.0,2026-07-16,,
937,Artificial Liquid Intelligence,ALI,alethea-artificial-liquid-intelligence-token,0.0011572324056481685,-0.09759961,0.55091123,-7.27554095,10551750.596554644,100121.92638716,9118091184.669674,9870903732.81426,9870903732.81426,2026-07-16,,
938,Worldwide USD,WUSD,worldwide-usd,0.9951949243015604,-0.03768287,0.02405552,0.01057824,10545742.976389503,201824.40439747,10596660.733364,10596660.733364,,2026-07-16,,
939,ResearchCoin,RSC,researchcoin,0.08125264402735237,0.03438963,1.25012829,1.94666713,10526531.287108395,660451.95697249,129553092.24847884,1000000000.0,1000000000.0,2026-07-16,,
940,Ninja Squad Token,NST,ninja-squad-token,1.221930276392725,0.09798942,-0.53717964,5.13126861,10522376.944343505,196754.15714967,8611274.43,8611274.43,10000000.0,2026-07-16,,
941,MWX Token,MWXT,mwx-token,0.06242209228757316,-0.01919371,0.09674373,-0.27008862,10477353.93871911,178769.96823283,167846888.0929343,1000000000.0,1000000000.0,2026-07-16,,
942,AI Companions,AIC,ai-companions,0.01396665658722794,-0.64348892,5.55079737,22.40719665,10474988.250423979,814816.37501377,749999700.0,1000000000.0,1000000000.0,2026-07-16,,
943,Buttcoin,BUTTCOIN,buttcoin,0.010466383380900572,0.8453842,-6.19070383,-12.97683298,10465845.827450128,745217.08502872,999948640.0,999948640.0,999948640.0,2026-07-16,,
944,AITECH Cloud Network,ACN,solidus-ai-tech,0.005848405155384297,-0.02712312,0.33568944,-1.33215427,10434496.957730902,3796770.20871817,1784161097.0,1986052500.0,2000000000.0,2026-07-16,,
945,Ambire Wallet,WALLET,ambire-wallet,0.014415256898645725,-0.00593948,15.7961963,16.36315704,10422260.678141475,14785.03036882,723002076.9952854,723002076.9952854,1000000000.0,2026-07-16,,
946,Venom,VENOM,venom,0.010534037699731585,-0.23060638,-5.12947809,5.6301261,10417312.872171039,125797.4865542,988919270.0,7367646470.547814,8000000000.0,2026-07-16,,
947,Test,TST,test-token-bsc,0.011058403513287173,0.54967968,0.70353367,10.33925917,10389948.666623954,4842391.71455976,939552319.1154997,939552319.1154997,,2026-07-16,,
948,AMD Tokenized Stock (Ondo),AMDon,amd-tokenized-stock-ondo,528.643790074699,1.00948116,-4.22893742,2.60631659,10317444.045399172,6307465.36222111,19516.81687955,19516.81687955,,2026-07-16,,
949,DeAgentAI,AIA,deagentai,0.054346854785153824,-0.22724273,2.84963755,3.01415361,10268919.731936993,3135942.57571347,188951500.0,1000000000.0,1000000000.0,2026-07-16,,
950,Hunt Town,HUNT,hunt,0.08098985115072108,0.02882244,-0.60748582,0.63038793,10218301.461252106,169759.99063435,126167678.0,198912688.0,198912688.0,2026-07-16,,
951,Gods Unchained,GODS,gods-unchained,0.023298235980734144,0.06347016,0.01511004,-7.68447514,10183270.481758043,193004.47361637,437083326.402,500000000.0,500000000.0,2026-07-16,,
952,tx,TX,tx,0.0041018700977206324,-0.7077477,-6.23887105,12.38877848,10182203.579795467,240740.42092134,2482332043.0,101927474788.0,,2026-07-16,,
953,OpenKaito,SN5,openkaito,2.91978446196184,1.36531573,3.76796284,-1.17903708,10164785.797081927,10187.59188426,3481348.0,3481348.0,,2026-07-16,,
954,Just a chill guy,CHILLGUY,just-a-chill-guy,0.010113614155180093,0.99806421,3.33910083,-2.41824681,10113034.812982732,5764039.08132861,999942716.600765,999942716.600765,1000000000.0,2026-07-16,,
955,Abelian,ABEL,abelian,0.084752428892912,0.22809702,-3.57347582,-1.68997974,10101740.990583127,20779.4321502,119191168.0,139770893.0,225180000.0,2026-07-16,,
956,Mind Network,FHE,mind-network,0.019459377861634736,1.61356357,0.92830105,17.13018421,10064767.430617955,5577706.9297306,517219384.0,1000000000.0,1000000000.0,2026-07-16,,
957,Boba Network,BOBA,boba-network,0.020363052655104304,2.99220294,1.19280014,5.78950275,10050813.896979878,2756132.02714337,493580902.0,500000000.0,500000000.0,2026-07-16,,
958,Reppo,REPPO,reppo,0.026023323640970767,-1.09441992,1.41708786,5.15784007,10039260.167303773,100994.57608186,385779322.6495519,1000000000.0,1000000000.0,2026-07-16,,
959,Bertram The Pomeranian,BERT,bertram-the-pomeranian,0.010328759484159709,-0.17647993,11.35773569,2.40703919,9985321.39367262,1101924.97546723,966749338.0,979946262.03,979947881.0,2026-07-16,,
960,Commonwealth,CWU,commonwealth,0.011049511459311165,4.12648723,3.18809499,-2.92229771,9950049.949828535,18365.63647174,900496821.6439887,999999309.2061778,1000000000.0,2026-07-16,,
961,Redbelly Network,RBNT,redbelly-network,0.003723058893233387,-0.24468936,0.21485302,-1.21827086,9907081.020979064,167254.27994207,2661005722.7365,10000000000.0,10000000000.0,2026-07-16,,
962,YieldBasis,YB,yieldbasis,0.07462541100493028,0.42777405,0.57305006,3.01578796,9886652.981103735,4239621.62816466,132483732.3904394,742456363.854763,1000000000.0,2026-07-16,,
963,Hegic,HEGIC,hegic,0.014026110982009034,0.0766457,1.13919542,10.20865068,9870557.900896024,3.84150769,703727349.1958504,3012009888.0,3012009888.0,2026-07-16,,
964,StakeStone,STO,stakestone,0.043667497069799666,0.45495472,-2.79962859,-2.53144654,9839742.658505693,7637865.00717306,225333333.0,1000000000.0,1000000000.0,2026-07-16,,
965,Portal,PORTAL,portal-gaming,0.011255602213551348,0.42489957,2.0341804,-1.42053569,9835052.866274687,13576044.20916733,873791795.3811152,1000000000.0,1000000000.0,2026-07-16,,
966,ColossusXT,COLX,colossusxt,0.0007720673080000002,0.0,0.0,0.0,9830236.551021257,0.0,12732356945.0,16963632798.755594,,2026-07-16,,
967,Verified Emeralds,VEREM,verified-emeralds,3.9320859316357826,-2.98924789,16.12992025,-3.07655779,9830214.829089457,143095.53589979,2500000.0,50000000.0,50000000.0,2026-07-16,,
968,SideShift Token,XAI,sideshift-token,0.06801578816651133,0.0,0.56459742,-0.51094756,9814660.412291085,0.0,144299738.0,210000000.0,210000000.0,2026-07-16,,
969,Strategy Tokenized bStocks,MSTRB,strategy-tokenized-bstocks,97.45307367619986,0.45160787,-0.26872501,3.92728282,9813674.21306985,3753044.32876371,100701.53606111,100701.53606111,,2026-07-16,,
970,YELLOW,YELLOW,yellow,0.050377022858890515,-1.93882145,-0.38454854,-1.72694015,9769910.382367406,593951.43107147,193935842.73,10000000000.0,10000000000.0,2026-07-16,,
971,Simon's Cat,CAT,simonscat,1.2909042698452456e-06,0.23668086,0.15029027,-5.00008837,9767875.675497709,1823413.63617314,7566692514440.816,8098237710343.852,9000000000000.0,2026-07-16,,
972,Dolomite,DOLO,dolomite,0.02210775196914,0.38412566,-0.58963884,-0.12617209,9763268.91055973,2769617.02537791,441621967.0,998851995.6451048,1000000000.0,2026-07-16,,
973,Circle Tokenized Stock (Reality),rCRCL,circle-tokenized-stock-reality,65.26228448645966,0.00790178,3.12165288,2.38030079,9757493.944032181,1273325.62187913,149511.98875143,149511.98875143,,2026-07-16,,
974,iShares Core MSCI Emerging Markets Tokenized ETF (Ondo),IEMGon,ishares-core-msci-emerging-markets-tokenized-etf-ondo,80.48686335361228,-0.03111209,-0.87804268,-1.25184796,9716450.431287995,1482562.19448309,120720.94782225,120720.94782225,,2026-07-16,,
975,Aura,AURA,aura,0.010074403788708209,-0.34813389,-1.29523838,-1.20759535,9704558.522947501,387981.38318002,963288620.0,963288620.0,965383478.0,2026-07-16,,
976,APX,APX,apollox,0.21939584582546232,0.34113472,-0.39250873,-0.1296404,9689862.565345347,413.47630431,44166116.86008858,3975255603.4277463,,2026-07-16,,
977,Nexa (nexaagent.xyz),NXA,nexaagent-xyz,0.9680770966340589,-0.35409731,0.1307064,4.54255159,9680770.966340588,0.0,10000000.0,1000000000.0,1000000000.0,2026-07-16,,
978,Augur,REP,augur,0.8769869510980631,-0.00319162,-0.97765419,8.83197498,9646856.462078694,2098.56874596,11000000.0,11000000.0,,2026-07-16,,
979,Energy Web Token,EWT,energy-web-token,0.3199438320792749,-0.07409085,9.6604051,19.51597188,9618195.63221599,273501.08143046,30062138.0,81275889.42264307,100000000.0,2026-07-16,,
980,USDM,USDM,usdm,1.0017389795091716,-0.17033351,0.13245733,-0.37798142,9580005.443041796,58672.05973036,9563374.93,9563374.93,,2026-07-16,,
981,Clash of Lilliput,COL,clash-of-lilliput,0.11635356671587,0.59843498,0.21110378,4.72510629,9549649.176065002,0.0,82074400.0,1000000000.0,1000000000.0,2026-07-16,,
982,Meta Platforms Tokenized Stock (Ondo),METAon,meta-platforms-tokenized-stock-ondo,680.1343305218747,0.04822112,2.76729278,12.57455605,9524340.158046002,2420562.26585505,14003.6162426,14003.6162426,,2026-07-16,,
983,Eesee,ESE,eesee,0.007003218239404616,0.0518809,-4.07643064,-5.17227077,9516892.287555417,162497.27987662,1358931274.4828157,1361969064.4894319,1361969064.4894319,2026-07-16,,
984,Yooldo,ESPORTS,yooldo,0.014994013874571385,-1.44082394,2.98469366,-5.57781138,9488468.584383406,1484480.93661197,632817113.7999991,899999019.7999991,900000000.0,2026-07-16,,
985,Ellipsis,EPS,ellipsis,0.012968538886047735,0.0,-0.36018831,1.87268416,9385351.975779427,0.0,723701571.7997887,723701571.7997887,1000000000.0,2026-07-16,,
986,Ready Cards,READY,ready,0.009440571212035655,-0.65038696,2.8821763,-4.68319777,9440571.212035654,325250.12444602,1000000000.0,1000000000.0,1000000000.0,2026-07-16,,
987,iShares Russell 1000 Growth Tokenized ETF (Ondo),IWFon,ishares-russell-1000-growth-tokenized-etf-ondo,493.8482117889201,-0.04587154,0.47461854,1.68316208,9373157.501294391,719738.93096179,18979.83485116,18979.83485116,,2026-07-16,,
988,Fartboy,FARTBOY,fartboy,0.009372206348470047,0.66110452,-2.42421682,12.49245674,9366962.196013205,368626.40773158,999440457.0,999440457.0,999440457.0,2026-07-16,,
989,Sophon,SOPH,sophon,0.004675978096392404,0.6510642,-0.0965637,-1.42802131,9351956.192784809,2597060.29040227,2000000000.0,10000000000.0,10000000000.0,2026-07-16,,
990,FirmaChain,FCT,firmachain,0.007760168550320461,-0.65474793,0.12535237,-2.40984529,9348248.798117805,49414.9337217,1204645071.495485,1215104916.851909,,2026-07-16,,
991,Limitless,LMTS,limitless-lmts,0.07091367342909816,-0.09244359,0.04154282,-4.69960388,9332145.817220392,2193783.12305367,131598680.0,1000000000.0,1000000000.0,2026-07-16,,
992,Everscale,EVER,everscale,0.004694312389656033,-0.75697202,1.56451359,-5.2991309,9320667.481505588,13862.227333,1985523482.0,2117524486.0,,2026-07-16,,
993,Daddy Tate,DADDY,daddy-tate,0.015427924527806903,-0.01319602,0.28094048,-1.30080167,9250783.50922588,247033.32252044,599612961.066312,599612961.066312,999689062.0,2026-07-16,,
994,PolySwarm,NCT,polyswarm,0.004882966990394416,-0.44542958,-1.83623306,-3.62912092,9206838.078868859,86207.34428268,1885500782.0,1885913076.0,1885913076.0,2026-07-16,,
995,Wayfinder,PROMPT,wayfinder,0.019930652899804002,0.89749827,0.59077098,-1.37196812,9215418.593838647,4979465.35178471,462374145.0,1000000000.0,1000000000.0,2026-07-16,,
996,Vine Coin,VINE,vine-coin,0.009190761338740703,0.42459288,1.57780795,14.6593982,9190707.15001185,3243836.53379575,999994104.0,999994104.0,,2026-07-16,,
997,CoinEx Token,CET,coinex-token,0.01286440867889759,-0.04322411,1.45373674,1.48267948,9116152.002439087,63178.78022266,708633582.0,2777476547.0,10000000000.0,2026-07-16,,
998,Everlyn AI,LYN,everlyn,0.03565652871346999,-0.65090253,0.41096409,-0.41192409,9115184.011475408,1698914.14366204,255638570.0,1000000000.0,1000000000.0,2026-07-16,,
999,Avici,AVICI,avici,0.7022741066349857,-0.0560971,8.34589202,-4.85489763,9059325.441479716,469685.22119182,12899985.0,12899515.894671,12900000.0,2026-07-16,,
1000,SK Hynix Tokenized bStocks,SKHYB,sk-hynix-tokenized-bstocks,169.8486248143425,1.77721241,-10.19425423,9.4066405,9013276.56196703,12518812.50047891,53066.52657223,53066.52657223,,2026-07-16,,
1001,XION,XION,xion,0.12047422551048326,2.31532759,2.25270383,-5.66726047,9017911.750756975,51058.5062389,74853452.782498,200000000.0,200000000.0,2026-07-16,,
1002,heyAura,ADX,adx-net,0.06074143262384255,0.10193662,0.09213712,9.33463451,8983657.885066314,2406234.69172602,147900000.0,150000000.0,150000000.0,2026-07-16,,
1003,ThunderCore,TT,thundercore,0.0006357648134637933,1.03783084,-1.29490955,0.27288088,8968997.34751708,868623.93878382,14107413870.0,14107413870.0,,2026-07-16,,
1004,Dexsport,DESU,dexsport,0.014935270837259401,0.14941815,1.52051108,2.01694839,8961162.50235564,12969.25300067,600000000.0,600000000.0,600000000.0,2026-07-16,,
1005,Apple Tokenized Stock (Ondo),AAPLon,apple-tokenized-stock-ondo,328.2155619750103,-0.09990501,3.9729371,4.59165491,8923584.90231974,2434386.96640991,27188.18342623,27188.18342623,27188.18342623,2026-07-16,,
1006,Vow,VOW,vow,0.025024613678436867,-0.22377322,-3.48591368,-6.70923126,8915901.216042958,140295.38437901,356285269.0,1142857140.0,1142857142.0,2026-07-16,,
1007,4,4,4four,0.008853010837033678,0.15486291,-1.1048118,3.30973776,8853010.837033678,3467921.92493847,1000000000.0,1000000000.0,1000000000.0,2026-07-16,,
1008,KONET,KONET,konet,0.01928114791901502,-0.14505502,-19.80142574,-28.37409863,8845707.788175497,483768.2057382,458774955.9999943,999997956.2,1000000000.0,2026-07-16,,
1009,DAOBase,BEE,daobase,0.05080139643573701,0.65719101,15.4057613,78.52542018,8844014.15690538,2890847.37372569,174089981.32744092,999877462.725673,1000000000.0,2026-07-16,,
1010,Wilder World,WILD,wilder-world,0.017681626385738322,0.05029252,2.03694721,-1.19925468,8840263.44691444,126455.67321997,499968908.6318912,499968908.6318912,500000000.0,2026-07-16,,
1011,Dymension,DYM,dymension,0.015658280088827133,0.40707711,0.9905196,1.70834983,8837053.12097511,2391470.29901131,564369335.0,1068865160.0,,2026-07-16,,
1012,Bella Protocol,BEL,bella-protocol,0.11020301504693346,0.20239056,-0.51449681,2.04575177,8816241.203754677,5034359.63322199,80000000.0,100000000.0,,2026-07-16,,
1013,Intuition,TRUST,intuition,0.048804360203035836,0.36643421,-0.31741312,2.3443639,8767597.502622468,1340610.57593654,179647832.0,1054807692.3076923,,2026-07-16,,
1014,RollX,ROLL,rollx,0.05615393867558874,-0.58129959,1.84286821,-11.67924561,8703860.494716255,322223.61264662,155000000.0,1000000000.0,1000000000.0,2026-07-16,,
1015,Decentrawood,DEOD,decentrawood,0.018701733276749063,0.02278834,-1.2899766,36.90211437,8684984.861139962,410334.93592126,464394649.02098525,1890000000.0,1890000000.0,2026-07-16,,
1016,Paris Saint-Germain Fan Token,PSG,paris-saint-germain-fan-token,0.52911031819736,-0.37758993,-0.79595801,-0.19267735,8650628.254371999,5299661.91683478,16349384.9143673,19890000.0,19890000.0,2026-07-16,,
1017,BOB (Build on Bitcoin),BOB,bob-build-on-bitcoin,0.0038936873346251863,0.05628384,-2.52452253,-1.38468564,8643985.882867914,2316753.79594088,2220000000.0,10000000000.0,10000000000.0,2026-07-16,,
1018,Resolv,RESOLV,resolv,0.020090468114376293,1.04259485,8.41649481,-8.61947749,8633502.61105774,12736085.61512891,429731281.61607134,1000000000.0,1000000000.0,2026-07-16,,
1019,SpaceX Tokenized Stock (Ondo),SPCXon,spacex-tokenized-stock-ondo,135.50390478969828,-0.02428236,-1.23140736,-9.06641675,8601115.584731523,2843179.05791444,63475.03858343,63475.03858343,,2026-07-16,,
1020,SpaceX tokenized stock (Backpack),SPCX,spacex-tokenized-stock-backpack,136.04909749873565,0.1822961,-0.95853443,-9.07175639,8544357.169818817,561266.05746111,62803.482911,62803.482911,,2026-07-16,,
1021,Santos FC Fan Token,SANTOS,santos-fc-fan-token,0.5295171770133961,0.68232917,-3.17109067,1.37965528,8522501.80890297,6691294.47496369,16094854.291549,30000000.0,30000000.0,2026-07-16,,
1022,xU3O8,XU3O8,xu3o8,5.317874618512183,-0.07669326,0.0998557,1.15264032,8508599.389619492,637146.27897526,1600000.0,1600000.0,,2026-07-16,,
1023,Act I : The AI Prophecy,ACT,act-i-the-ai-prophecy,0.008861844968094461,0.68414364,4.56672221,-0.69074228,8403158.29697759,42629870.91009708,948240273.58092,948240273.58092,,2026-07-16,,
1024,GRIFFAIN,GRIFFAIN,griffain,0.008389522674354322,0.29614369,0.88463261,-2.66059488,8388525.327898795,4024257.17189484,999881120.0,999881120.0,999881120.0,2026-07-16,,
1025,SuperWalk,GRND,superwalk,0.010594367838577876,-1.30210672,-6.02123464,-11.18589399,8386313.755490818,107631.47477025,791582271.1906656,1000000000.0,,2026-07-16,,
1026,Delysium,AGI,delysium,0.004115961666940878,0.21167239,0.54070138,1.42352363,8379664.0793644525,595818.33120825,2035894587.325567,3000000000.0,,2026-07-16,,
1027,MyShell,SHELL,myshell,0.02045094696587013,0.32094288,1.72398383,-4.65715116,8366709.636471696,3949250.10800962,409111111.11063,1000000000.0,1000000000.0,2026-07-16,,
1028,Joe coin,JOE,joe-coin,0.008342233196684031,0.94803146,14.53173987,15.98129187,8342233.196684031,210762.99090005,1000000000.0,1000000000.0,1000000000.0,2026-07-16,,
1029,AriaAI,ARIA,aria-ai,0.023210023044576332,-0.14830604,-1.79969322,1.22885984,8334977.171157419,1207224.69248026,359111111.4,1000000000.0,1000000000.0,2026-07-16,,
1030,Bubblemaps,BMT,bubblemaps,0.011924254563851006,0.22677431,0.58416644,-2.73366531,8328732.451590137,1697003.88922954,698469863.0,1000000000.0,1000000000.0,2026-07-16,,
1031,Groestlcoin,GRS,groestlcoin,0.091541930400715,0.0,0.0,0.0,8282979.690111864,0.0,90482903.88736624,90482903.88736624,105000000.0,2026-07-16,,
1032,TARS AI,TAI,tars-protocol,0.009253773368275922,0.00257506,-2.68553336,4.27713426,8256121.784088469,408058.61648346,892189753.9,892189753.9,999999988.0,2026-07-16,,
1033,Drift,DRIFT,drift,0.013426695849486792,0.40018075,0.03272993,-7.1134709,8210636.97714221,3367146.53634555,611515824.085346,1000000000.0,,2026-07-16,,
1034,NVIDIA Tokenized bStocks,NVDAB,nvidia-tokenized-bstocks,211.36901518048933,0.44332935,-0.45085996,3.67996555,8158532.020618394,3087301.39094167,38598.52407247,38598.52407247,,2026-07-16,,
1035,Moss Coin,MOC,moss-coin,0.018168329855416346,0.15922858,1.12258909,1.58400694,8148308.588336762,74748.75809596,448489688.0,500000000.0,500000000.0,2026-07-16,,
1036,DEXTools,DEXT,dextools,0.11579755670389597,0.46568737,-1.16412326,4.04396264,8132005.594134604,26660.86163131,70226055.07065077,112551255.0,200000000.0,2026-07-16,,
1037,BENQI,QI,benqi,0.0011095153903751954,0.01398624,-4.49839206,-4.15365297,7988510.810701407,1652500.35299064,7200000000.0,7200000000.0,7200000000.0,2026-07-16,,
1038,Checkmate,CHECK,checkmate,0.026070320267571317,-0.34145361,-6.21050212,-11.10667221,7977083.644270845,4370600.36907339,305983339.0,1000000000.0,1000000000.0,2026-07-16,,
1039,SpaceX tokenized stock (xStock),SPCXx,spacex-tokenized-stock-xtock,135.57640808308972,-0.04685231,-1.2221174,-9.10104485,7975734.813916275,5493517.46096738,58828.33840109,259962.04365151,,2026-07-16,,
1040,NetX,NETX,netx,0.3326394312258692,-0.0727959,-3.93831214,6.55297164,7959618.816807905,188678.43855433,23928668.91178381,30000000.0,50000000.0,2026-07-16,,
1041,MCOIN,MCOIN,mcoin1,0.04474406518382115,-0.01429154,-0.70955917,-0.85218723,7919699.537536344,270603.80570931,177000000.0,500000000.0,500000000.0,2026-07-16,,
1042,我踏马来了,我踏马来了,wotamalaile,0.007875069485652272,1.81991688,-0.52621872,2.98096346,7875069.485652272,3658787.89580588,1000000000.0,1000000000.0,1000000000.0,2026-07-16,,
1043,Uchain,UCN,uchain,157.6628607840918,0.01537749,-0.06108756,1.73911443,7883143.03920459,2392792.61004488,50000.0,100000.0,100000.0,2026-07-16,,
1044,Quantoz USDQ,USDQ,quantoz-usdq,0.9857874655073001,0.04749895,0.06146797,-0.34727424,7866632.278334064,5404413.08403881,7980049.0,11000000.0,,2026-07-16,,
1045,Stader,SD,stader,0.11106671575164659,-0.25401462,0.68349532,-3.26885614,7858504.984462667,1095452.14924301,70754815.52938746,120000000.0,120000000.0,2026-07-16,,
1046,IAGON,IAG,iagon,0.0207154934318347,1.42927778,-1.43435429,4.66551215,7789448.830762633,469186.58020083,376020434.0,1000000000.0,1000000000.0,2026-07-16,,
1047,DORA,DORA,dora,0.007903690474179811,0.02850846,-0.44896595,-0.33172642,7825330.041294758,343604.45315588,990085589.366,1000000000.0,1000000000.0,2026-07-16,,
1048,Agoras: Tau Net,AGRS,agoras-tokens,0.26168157912157863,-0.14339563,-1.08569799,0.51513581,7814285.815331873,16313.48744229,29861810.83728983,42000000.0,42000000.0,2026-07-16,,
1049,Echelon Prime,PRIME,echelon-prime,0.21847429053416034,0.12732074,-2.71299769,-1.73089503,7815664.532156857,256888.86803321,35773841.0,111111111.1,111111112.0,2026-07-16,,
1050,Solomon,SOLO,solomon,0.6043369934523438,-1.80639776,-0.03656714,8.05549141,7795927.829026952,108.50914624,12899967.92103,25799967.92103,25800000.0,2026-07-16,,
1051,Galatasaray Fan Token,GAL,galatasaray-fan-token,0.9524565034040241,-0.17738952,-0.43216792,8.45170007,7752815.923429613,241729.03936864,8139811.0,9975000.0,9975000.0,2026-07-16,,
1052,Chainbounty,BOUNTY,sentinel-protocol,0.014835707344072028,0.38959238,0.10574789,-0.71991363,7738276.634817478,189349.93985213,521598091.3717267,555416661.0,1000449852.0,2026-07-16,,
1053,Toko Token,TKO,tokocrypto,0.0454368791149645,-0.16193594,-0.65691597,1.62165298,7705890.556289342,606179.42513143,169595507.13841677,495268640.66,500000000.0,2026-07-16,,
1054,Inverse Finance,INV,inverse-finance,10.643578270717022,-0.04912303,-0.72240335,2.54928229,7650371.590955939,4513.526353,718778.15865778,727000.0,,2026-07-16,,
1055,Forta,FORT,forta,0.012035320964256925,0.04829466,-1.1916376,2.19138399,7649366.067589513,229415.51076958,635576408.0,1000000000.0,1000000000.0,2026-07-16,,
1056,Kleros,PNK,kleros,0.0083455882051765,-0.00010826,0.03250195,0.76876252,7640621.5271420255,27936.43935283,915528221.5341986,915528222.0793128,,2026-07-16,,
1057,THENA,THE,thena,0.057271784991929045,-0.16113129,6.61168059,10.17007211,7633372.9879543595,8773709.1324262,133283308.50924383,284596517.7147613,326120291.0,2026-07-16,,
1058,SaitaChain Coin,STC,saitama-inu-new,0.0001705991869718617,-0.0401845,-0.01364219,0.01466711,7625987.286080247,64586.19552762,44701193607.318085,44710136889.83425,200000000000.0,2026-07-16,,
1059,Hashflow,HFT,hashflow,0.008975045870505021,0.43045485,0.8588589,-0.54258836,7619805.045539519,2108600.25775142,848999008.5266,997353568.2839,,2026-07-16,,
1060,Ika,IKA,ika,0.002529861222734832,0.07354123,-2.37295461,-1.27847016,7589583.668204496,848824.39662152,3000000000.0,10291666666.6667,,2026-07-16,,
1061,AS Roma Fan Token,ASR,as-roma-fan-token,0.8699652408873092,0.12936853,0.5733981,4.04184983,7564232.064138115,3412125.43821748,8694867.0,9995000.0,9995000.0,2026-07-16,,
1062,SanDisk Tokenized Stock (Ondo),SNDKon,sandisk-tokenized-stock-ondo,1585.3170682558225,0.94866558,-11.06518802,-6.87335594,7502262.874773516,2674870.37760359,4732.34220775,4732.34220775,,2026-07-16,,
1063,Taiwan Semiconductor Manufacturing Tokenized Stock (Ondo),TSMon,taiwan-semiconductor-manufacturing-tokenized-stock-ondo,423.63921391222306,-0.12858833,-1.32876164,-3.87697112,7493202.572938466,1585991.35516363,17687.69822732,17687.69822732,,2026-07-16,,
1064,Konnect,KCT,konnect,0.0010135522464982906,0.04285133,11.69262524,34.01837566,7474947.858466983,1140251.24107693,7375000040.0,10000000000.0,10000000000.0,2026-07-16,,
1065,The Arena,ARENA,the-arena,0.0011813634210335337,-3.07064772,43.15809433,103.48840198,7424484.837413977,153090.20136261,6284674728.559442,10000000000.0,10000000000.0,2026-07-16,,
1066,iShares MSCI Emerging Markets Tokenized ETF (Ondo),EEMon,ishares-msci-emerging-markets-tokenized-etf-ondo,66.30141558252386,0.15667994,-0.54690096,-0.82491637,7389013.089561087,1072844.18231582,111445.78173243,111445.78173243,,2026-07-16,,
1067,Haedal Protocol,HAEDAL,haedal-protocol,0.01626560903279744,-0.09113609,0.04071935,0.23513252,7387297.441150707,1186541.19305367,454166667.0,1000000000.0,1000000000.0,2026-07-16,,
1068,Coreum,COREUM,coreum,0.019183467951259466,0.2909061,41.0095591,79.02389835,7381645.920707494,75.55461786,384792048.0,897767382.677904,,2026-07-16,,
1069,LUKSO,LYX,lukso-network,0.24161037043243033,-0.01981933,-6.38258781,-0.38840797,7377791.70269999,66401.08573523,30535906.59,42115181.93,,2026-07-16,,
1070,Fusionist,ACE,fusionist,0.07032472351837123,0.40710326,-0.32791078,-3.40030138,7361271.377163856,2379832.91067927,104675440.0,146307870.0,147000000.0,2026-07-16,,
1071,SLERF (OLD),SLERF,slerf-old,0.014653642551242322,0.21862781,-0.71377376,-0.95342226,7326788.30492542,190.11244167,499997750.0,499997750.0,499997750.0,2026-07-16,,
1072,ULTILAND,ARTX,ultiland,0.0985943494352152,0.56402697,6.95545898,-44.88399284,7303313.035812979,1322338.59357838,74074356.975314,99720510.215314,280000000.0,2026-07-16,,
1073,LOAN Protocol,LOAN,loan-protocol,0.00039575218477801746,0.36268268,-0.82775944,8.05390492,7284505.807356446,106239.50023747,18406735547.0,36146578665.17335,,2026-07-16,,
1074,AhaToken,AHT,ahatoken,0.0009992574759208346,0.41288568,0.56240151,1.38758753,7268947.031739644,28330.75534926,7274348410.594749,7673122637.674749,10500000000.0,2026-07-16,,
1075,Nimiq,NIM,nimiq,0.0005086702643292467,-0.04432456,-0.1278963,12.78814989,7231522.930065312,41366.96471561,14216523821.3818,14216523821.3818,21000000000.0,2026-07-16,,
1076,SquidGrow,SQGROW,squid-grow,0.007205150566405098,-0.54345133,-0.10049018,-12.32375064,7205150.566405098,75039.14993969,1000000000.0,1000000000.0,1000000000.0,2026-07-16,,
1077,FC Barcelona Fan Token,BAR,fc-barcelona-fan-token,0.27746068204124,0.09087255,0.24960346,3.52560173,7202817.709519178,3989770.24389684,25959778.0,39960000.0,39960000.0,2026-07-16,,
1078,WazirX,WRX,wazirx,0.01887670872230992,-1.16406949,0.23234373,-4.16193986,7208200.952811633,12028.52322042,381856872.3419691,962646668.99,,2026-07-16,,
1079,Venus DAI,vDAI,venus-dai,0.026174942180911927,-0.00980274,0.00486433,0.02678576,7186006.460859881,0.0,274537625.0,274537625.0,,2026-07-16,,
1080,Towns,TOWNS,towns,0.0021732855831926986,-0.02070875,7.27626608,8.33945872,7162909.308009039,36345249.964429,3295889580.0,10562677716.0,,2026-07-16,,
1081,Hivemapper,HONEY,hivemapper,0.0012322482105858322,-0.96021968,0.23580541,-16.16908159,7152625.266130744,181093.26929288,5804532889.303415,6560098521.268199,10000000000.0,2026-07-16,,
1082,Depinsim,ESIM,depinsim,0.05311449291047442,1.0807912,-12.76439848,82.39391094,7143899.29645881,1386883.39178211,134500000.0,1000000000.0,1000000000.0,2026-07-16,,
1083,MUX Protocol,MCB,mcdex,1.8618753331546194,0.0,-0.02474126,0.10864308,7115199.408783041,0.0,3821523.0,4803143.0,4803143.0,2026-07-16,,
1084,Bitcoin Limited Edition,BTCLE,bitcoin-limited-edition,455.06764419253386,-0.57287221,-0.07412799,-0.09150384,7089316.801817808,31979.3262303,15578.6,210000.0,210000.0,2026-07-16,,
1085,MARBLEX,MBX,marblex,0.025434284428750648,-0.14626354,1.33527447,1.5509883,7073875.407820301,921559.03033511,278123625.91274893,321277469.0,,2026-07-16,,
1086,Bulla,BULLA,bulla-mascot,0.007062029721329208,1.0159091,5.49434102,17.32368339,7062029.721329208,975665.8278333,1000000000.0,1000000000.0,1000000000.0,2026-07-16,,
1087,Cookie DAO,COOKIE,cookie,0.009030213229363763,0.08526619,1.78592698,1.91014916,7061415.510614601,1817695.78947495,781976608.0,999892387.0,1000000000.0,2026-07-16,,
1088,DACXI,DXI,dacxi,0.0008403685256658091,1.16008472,11.68037896,-10.72132464,7058079.386507238,605900.37948878,8398790734.0,10000000000.0,,2026-07-16,,
1089,Autonolas,OLAS,autonolas,0.026100369476419874,0.08983211,0.56905873,-2.90332378,7031352.386353422,85407.65540217,269396660.9440464,473660861.5755385,,2026-07-16,,
1090,Pepecoin,PEP,pepecoin-org,6.820534198885449e-05,-0.22411199,3.8179176,-12.86467029,7019799.515772987,13478.16220469,102921550000.0,102921550000.0,,2026-07-16,,
1091,Helium Mobile,MOBILE,helium-mobile,7.567735793889077e-05,-1.54259199,4.87982546,-4.69339972,6756474.516784168,8335.42196568,89280000000.0,100880000000.0,,2026-07-16,,
1092,Peercoin,PPC,peercoin,0.22979989283937316,-0.03301571,2.55895043,2.61495186,6967359.731695982,5681.10744966,30319247.08757835,30319247.08757835,,2026-07-16,,
1093,MAP Protocol,MAPO,map-protocol,0.0011179549940578562,-0.24229929,-2.22417325,1.28787319,6965516.2546929335,697086.06388887,6230587359.702295,9697223991.055454,10000000000.0,2026-07-16,,
1094,X Empire,X,x-empire,1.0019036613871711e-05,-0.04065161,-2.53267147,-4.45884656,6913135.26357148,144013.66337765,690000000000.0,690000000000.0,690000000000.0,2026-07-16,,
1095,Badger DAO,BADGER,badger-dao,0.3531148091624663,0.19764451,0.45304613,4.18395096,6881929.342719543,1037904.01735124,19489211.90544915,21000000.0,21000000.0,2026-07-16,,
1096,Alpine F1 Team Fan Token,ALPINE,alpine-f1-team-fan-token,0.3221397891997231,-0.86091549,0.69493208,5.21341974,6873000.336151283,24449994.52233875,21335459.22168,40000000.0,40000000.0,2026-07-16,,
1097,Pikaboss,PIKA,pikachu,1.6322045908543047e-08,0.00389113,2.55875468,8.10176669,6866521.493264974,0.0,420690000000000.0,420690000000000.0,420690000000000.0,2026-07-16,,
1098,Nebius Group Tokenized Stock (Ondo),NBISon,nebius-group-tokenized-stock-ondo,197.00530686462815,0.18740775,-1.36683937,-10.02206012,6859222.15987671,2281028.25517695,34817.44867203,34817.44867203,,2026-07-16,,
1099,NUMINE,NUMI,numine,0.020344691258625567,-0.26164354,-0.48351873,1.50390961,6835795.384158786,140789.6978505,335998973.75,1000000000.0,1000000000.0,2026-07-16,,
1100,Treehouse,TREE,treehouse,0.04370089621574464,-0.74411974,-0.37249584,7.64478956,6822690.940696886,22938104.8830625,156122449.0,1000000000.0,1000000000.0,2026-07-16,,
1101,Balancer,BAL,balancer,0.0976064049691072,0.78899787,0.97971912,7.64991732,6811845.323802015,188496.36893122,69788917.29449508,72368512.92020285,96150704.0,2026-07-16,,
1102,SUPRA,SUPRA,supra,0.0002094461552730542,0.31594674,-1.65545156,4.95540138,6809817.180848512,276483.02840811,32513450399.557716,81877040944.31465,100000000000.0,2026-07-16,,
1103,Origin Dollar,OUSD,origin-dollar,0.9992095589746989,0.0,-0.03551539,-0.05895943,6807990.805061118,0.0,6813376.37727053,6813376.37727053,,2026-07-16,,
1104,PepeCoin,PEPECOIN,pepecoin,0.06353862907217321,0.17357738,-2.41536896,18.42905417,6802268.9377764035,91341.29786612,107057219.16111442,107630586.03315184,133769420.0,2026-07-16,,
1105,Puffer,PUFFER,puffer,0.013384694779226965,0.25476937,-1.70381019,-3.68188562,6780508.398869901,2706404.51168135,506586703.0,1000000000.0,1000000000.0,2026-07-16,,
1106,SUPERFORTUNE,GUA,superfortune,0.054157708959579165,0.13293134,0.3748664,4.34386917,6769713.619947395,1376053.05045944,125000000.0,1000000000.0,1000000000.0,2026-07-16,,
1107,Marlin,POND,marlin,0.000816523847616125,-0.66561159,-2.60251757,-17.8677874,6718370.364794234,1730853.96911839,8228014876.0,10000000000.0,,2026-07-16,,
1108,Access Protocol,ACS,access-protocol,0.0001288406731502979,0.08160081,3.05915326,3.08641795,6636641.694089639,734948.08608255,51510454981.461685,90289076800.95676,,2026-07-16,,
1109,Mansory,MNSRY,mansory,0.007366255492387044,-0.05979413,-0.18539133,-1.90565077,6629543.22574712,174494.43890451,899988227.75,899988227.75,1000000000.0,2026-07-16,,
1110,iShares 0-3 Month Treasury Bond Tokenized ETF (Ondo),SGOVon,ishares-0-3-month-treasury-bond-tokenized-etf-ondo,101.324919169163,0.18439745,0.01971173,0.33254085,6626560.749762095,1207291.21866186,65399.12199386,65399.12199386,,2026-07-16,,
1111,Build On BNB,BOB,build-on-bnb,1.5731658002099035e-08,-0.39820522,2.33053813,-6.50862337,6618151.204903043,226813.48000056,420690000000000.0,420690000000000.0,420690000000000.0,2026-07-16,,
1112,Gleec Coin,GLEEC,gleec,0.036410539437710415,-0.01235129,-1.81788159,26.59157592,6617799.270385871,2.56804358,181755046.0,210000075.0,,2026-07-16,,
1113,Heroes of Mavia,MAVIA,heroes-of-mavia,0.026773884989236857,0.18728946,-1.43588922,-8.98358679,6612270.846662272,1370364.1068038,246967179.0,250000000.0,256989887.032251,2026-07-16,,
1114,ORIGYN,OGY,origyn-foundation,0.000843419074362149,0.18593101,0.14369631,1.83502067,6602825.040306184,161253.26875442,7828640875.0,10414602158.747969,10620490364.0,2026-07-16,,
1115,Assemble AI,ASM,assemble-protocol,0.0044015103441664835,-0.205806,-0.70397137,-0.38545005,6602265.516249726,7847.2065939,1500000000.0,3000000000.0,3000000000.0,2026-07-16,,
1116,QuickSwap [Old],QUICK,quickswap,9.837106260847436,0.52894025,0.80084461,4.78782365,6554246.387459588,6072.29340151,666277.8884016,898719.91167885,1000000.0,2026-07-16,,
1117,Partisia Blockchain,MPC,partisia-blockchain,0.012880092129219332,-0.00270087,22.82287097,20.44079658,6509934.085135409,77455.41896081,505426049.7382,611354067.6688,1000000000.0,2026-07-16,,
1118,Loom Network,LOOM,loom-network,0.005224757958645,0.0,0.0,724.12778468,6493960.851592275,0.0,1242920897.5790398,1300000000.0,,2026-07-16,,
1119,FIGHT,FIGHT,fight-id,0.0031559259938071394,0.73696856,1.19253558,6.59512891,6469648.287304636,2865667.57719551,2050000000.0,10000000000.0,10000000000.0,2026-07-16,,
1120,Invesco QQQ Trust Tokenized bStocks,QQQB,invesco-qqq-trust-tokenized-bstocks,717.5727946284775,0.26125142,-0.88897608,0.67473871,6466894.984898863,92662349.23370022,9012.17971655,9012.17971655,,2026-07-16,,
1121,Elastos,ELA,elastos,0.27953712645957346,-0.78539721,-7.05702128,-10.34916471,6454148.292612901,355186.94566733,23088698.0,26229451.0,28219999.0,2026-07-16,,
1122,Alltoscan,ATS,alltoscan,0.06543401053959948,0.32169141,2.63835271,-1.98759337,6449276.781725145,236314.65721496,98561539.0,100000000.0,100000000.0,2026-07-16,,
1123,Resistance Dog,REDO,resistance-dog,0.06441116702802745,0.77553766,-7.33748517,1.48760684,6441116.249348129,138245.54334057,99999992.96,99999992.96,100000000.0,2026-07-16,,
1124,OVERTAKE,TAKE,overtake,0.020560479168527886,0.1984758,-0.05194392,2.86503226,6405484.896029497,486751.33402845,311543561.0,1000000000.0,1000000000.0,2026-07-16,,
1125,BugsCoin,BGSC,bugscoin,0.0006858773689708186,-0.97675117,-2.16865016,-1.30173714,6393504.541260726,170811.75023672,9321643825.126331,12985800644.0,14745800644.0,2026-07-16,,
1126,Semicon Bull 3X ETF Tokenized bStocks,SOXLB,semicon-bull-3x-etf-tokenized-bstocks,162.5339133519562,2.18196184,-12.30300435,-8.42961558,6382085.335249191,13626405.47268953,39266.17653898,39266.17653898,,2026-07-16,,
1127,OMG Network,OMG,omg,0.04544819273283503,0.00833713,0.37441972,0.55465925,6373899.889337998,136283.00883101,140245398.24513277,140245398.24513277,140245399.0,2026-07-16,,
1128,WeBuy,WE,webuy,0.01743609861095631,0.0099628,0.1637662,4.29950275,6312412.400886791,22864.02505358,362031240.0,2500000000.0,,2026-07-16,,
1129,PAAL AI,PAAL,paal-ai,0.006253891805879742,-0.71299174,-3.77415023,-2.60918894,6246609.925625764,1721751.18541928,998835624.203295,1000000000.0,1000000000.0,2026-07-16,,
1130,Auki,AUKI,auki-labs,0.004971989887850189,-0.14175185,2.59634616,3.69420724,6243758.562210098,15948.5332165,1255786657.4643822,9991616050.76035,10000000000.0,2026-07-16,,
1131,Beta Finance,BETA,beta-finance,0.006236790950602444,0.26966579,-5.96027273,0.36422008,6236790.950602444,811.8167775,1000000000.0,1000000000.0,1000000000.0,2026-07-16,,
1132,Swarms,SWARMS,swarms,0.00622677621305508,0.93331848,-0.36993875,6.34264372,6226681.752859928,7585750.92693675,999984830.0,999984830.0,,2026-07-16,,
1133,FC Porto Fan Token,PORTO,fc-porto,0.4793310110738121,-1.009426,-12.78489602,14.24027226,6225650.082782608,29051380.32989922,12988206.35209,40000000.0,40000000.0,2026-07-16,,
1134,Mame Inu,MAME,mame-inu,0.006928914697116166,3.60370109,-4.25117836,-4.45103933,6221899.674117132,1224311.45263138,897961649.9979,897961649.9979,1000000000.0,2026-07-16,,
1135,Edel,EDEL,edel,0.010136227125635012,1.5839773,0.44993098,-11.62359811,6221043.969219574,767929.23618477,613743545.0204396,1000000000.0,1000000000.0,2026-07-16,,
1136,Bitgert,BRISE,bitrise-token,1.5698569393992322e-08,1.77108533,-4.39318497,-8.45645688,6211766.923508822,3143474.11303053,395690000000000.0,1000000000000000.0,,2026-07-16,,
1137,Broccoli (firstbroccoli.com),BROCCOLI,broccoli,0.006210835841614636,0.31334221,4.21223269,12.13655164,6210835.841614636,3323590.76069253,1000000000.0,1000000000.0,1000000000.0,2026-07-16,,
1138,KGST,KGST,kgst,0.01140904452714771,-0.01309488,0.00764744,0.03362336,6209856.934748853,4941228.52133646,544292462.0,544292462.0,,2026-07-16,,
1139,ELYSIA,EL,elysia,0.0012080401872662618,0.06601602,-2.06118946,-1.91120791,6163901.810057865,321217.27451265,5102397978.99976,6803300704.688,7000000000.0,2026-07-16,,
1140,Tradoor,TRADOOR,tradoor,0.42802618254915925,-0.065037,4.62740833,5.76589214,6141747.693397886,2181986.39086575,14349000.0,60000000.0,60000000.0,2026-07-16,,
1141,CREPE,CREPE,crepe,1.0500894472672764e-05,2.74856998,0.16560725,-0.11286422,6099037.880683253,351942.37349544,580811272464.0,690000000000.0,690000000000.0,2026-07-16,,
1142,Divi,DIVI,divi,0.0012914880060000001,0.00771155,0.18806207,4.32339267,6088975.287642212,0.0,4714697511.207248,4714697511.207248,,2026-07-16,,
1143,Gitcoin,GTC,gitcoin,0.06959494741238377,0.11223422,-1.28019992,0.34771699,6088966.474056259,2646680.12657784,87491501.9042429,100000000.0,,2026-07-16,,
1144,Layer3,L3,layer3-xyz,0.004934546592761243,1.86933031,-8.73132825,-9.96468175,6058053.164568327,4078463.8617201,1227681824.598681,3333333312.0,3333333333.0,2026-07-16,,
1145,Zircuit,ZRC,zircuit,0.0009909631410830691,-0.9231386,0.61293975,4.16822277,6053650.0103958035,989557.71026063,6108854870.0,10000000000.0,,2026-07-16,,
1146,Telos,TLOS,telos,0.013385253695642365,0.02136711,-2.64951973,-0.05158984,6032455.547165905,951877.83366207,450679208.95140004,467629079.7232,,2026-07-16,,
1147,inSure DeFi,SURE,insure,0.0002233463753747717,0.0,-5.29376541,15.10067551,5983463.506117597,0.0,26790063174.642704,88000000000.0,88000000000.0,2026-07-16,,
1148,Polkastarter,POLS,polkastarter,0.059980646706560156,-0.13444454,-0.90429403,-0.04806577,5950657.883281008,85727.26363243,99209631.94000003,100000000.0,,2026-07-16,,
1149,AVA,AVA,ava-sol,0.005952117749133638,0.33256959,-0.27903609,17.33129809,5947318.684123182,479503.56493508,999193721.4261,999193721.4261,999995926.72,2026-07-16,,
1150,ProShares UltraPro QQQ Tokenized Stock (Ondo),TQQQon,proshares-ultrapro-qqq-tokenized-stock-ondo,74.40343499585687,0.29573895,-2.31041992,1.61909408,5927279.324185715,2003231.65686617,79664.05481838,79664.05481838,,2026-07-16,,
1151,Broadcom Tokenized Stock (Ondo),AVGOon,broadcom-tokenized-stock-ondo,394.6069090887522,0.06652659,0.17561923,0.88261373,5899286.779298214,3195123.49965971,14949.78076517,14949.78076517,,2026-07-16,,
1152,Apu Apustaja,APU,apu-apustaja,1.7463072969488357e-05,0.43789554,2.3670092,14.7426071,5900597.6618519025,201251.99328318,337889996346.0888,337889996346.0888,420690000000.0,2026-07-16,,
1153,NAVI Protocol,NAVX,navi-protocol,0.007193226814062543,-0.20809897,1.49692836,5.609431,5870877.911526631,283028.95659323,816167495.24,1000000000.0,1000000000.0,2026-07-16,,
1154,Fuel Network,FUEL,fuel-network,0.0006807391334512832,0.02375135,-1.08616097,-3.51331154,5860179.464018274,1012763.50564125,8608553814.598137,10371538647.010519,,2026-07-16,,
1155,KAN,KAN,bitkan,0.0006045275913671494,-0.20243836,-0.00685395,0.83092222,5857123.059752256,91233.79397921,9688760518.781734,10000000000.0,,2026-07-16,,
1156,Anthropic tokenized stock (PreStocks),ANTHROPIC,anthropic-tokenized-stock-prestocks,734.7687289287153,-0.00025828,-4.29033729,5.21958799,5821490.449997287,3316.85280946,7922.88814262,7922.88814262,,2026-07-16,,
1157,AMO Coin,AMO,amo-coin,0.0002729198721111445,0.01233034,0.23510599,1.81516436,5785901.288756263,4540.56650114,21200000000.0,21200000000.0,21200000000.0,2026-07-16,,
1158,Bitlayer,BTR,bitlayer,0.01728176135942732,0.5888592,1.55181882,-4.76472573,5759767.509234288,1478375.02033328,333285907.0,1000000000.0,1000000000.0,2026-07-16,,
1159,SmarDex,SDEX,smardex,0.0005804325509312444,0.06533685,-0.74645497,-50.94731899,5690533.705091617,233161.30711724,9803953441.208183,10000000000.0,10000000000.0,2026-07-16,,
1160,HOPR,HOPR,hopr,0.016613270528130462,0.14926271,1.28825135,-1.97494016,5668012.852482794,68820.80258195,341173813.0,394545361.0,1000000000.0,2026-07-16,,
1161,OWB,OWB,owb,0.012393672467392343,1.65901038,4.37030619,4.49604869,5640749.637282498,23424.94430519,455131410.9779218,1000000000.0,1000000000.0,2026-07-16,,
1162,Odos,ODOS,odos,0.0015010563818524986,-1.52502185,-6.4025824,92.28038792,5612799.050331834,3576707.52821591,3739232661.870376,10000000000.0,10000000000.0,2026-07-16,,
1163,Vulcan Forged (PYR),PYR,vulcan-forged-pyr,0.12912829544036059,0.79634323,-3.77757953,4.70854272,5606057.123513304,4093925.58552959,43414629.64716766,50000000.0,50000000.0,2026-07-16,,
1164,Utrust,UTK,utrust,0.007943666702412762,-0.0473495,-0.00843512,-0.00397244,5592895.492800412,5099908.2773627,704069758.0,430576152.0,1000000000.0,2026-07-16,,
1165,Croatian Football Federation Token,VATRENI,croatian-ff-fan-token,1.4490059596560816,0.033904,-0.47600465,-1.95856663,5598993.804254131,4864.22645853,3864024.0,20999999.44183582,30000000.0,2026-07-16,,
1166,Hyperion,RION,hyperion-xyz,0.16583018005683217,-0.11926787,-0.10307389,0.61198904,5586095.47621549,218986.56515683,33685638.369934,100000000.0,100000000.0,2026-07-16,,
1167,ANyONe Protocol,ANYONE,anyone-protocol,0.05710113775412939,-0.43509732,-7.26872694,-13.9803197,5567358.963346191,188951.3995308,97499965.5404165,100000000.0,100000000.0,2026-07-16,,
1168,Vultisig,VULT,vultisig,0.08517417550607279,-0.00221903,-1.56932992,-9.29433722,5537329.887563989,16.49448402,65011840.20465435,100000000.0,100000000.0,2026-07-16,,
1169,DAO Maker,DAO,dao-maker,0.026380184845859696,-0.10174609,-1.63171651,-5.54126973,5527931.511807943,1059952.64655307,209548626.89961544,269114538.6241556,,2026-07-16,,
1170,iShares Russell 2000 Value Tokenized ETF (Ondo),IWNon,ishares-russell-2000-value-tokenized-etf-ondo,223.55206130491445,0.30108014,0.5714834,1.87594025,5524071.4713135585,737774.02504311,24710.44748623,24710.44748623,,2026-07-16,,
1171,Mamo,MAMO,mamo,0.009236981753587272,0.67608212,-0.51675916,6.34190167,5520464.195312825,1015852.1383129,597648056.755,1000000000.0,1000000000.0,2026-07-16,,
1172,Save,SAVE,save,0.12088929685397512,0.0,-0.53412359,-1.90148958,5520148.98262346,0.0,45662843.0,50000001.0,,2026-07-16,,
1173,BFG Token,BFG,betfury,0.004891676003717742,0.1317784,-1.2213231,1.01096472,5492417.43326095,3488.41968552,1122808916.43,3327754200.68,,2026-07-16,,
1174,BeatSwap,BTX,beatswap,0.024429527363631912,0.12606542,-0.64239465,10.59519448,5490664.358988239,825290.90062662,224755243.0,1500000000.0,1500000000.0,2026-07-16,,
1175,VNX Gold,VNXAU,vnx-gold,129.51774790824493,-0.28605929,-0.53752599,-2.56657495,5452697.186937111,3112.95144839,42100.0,44100.0,,2026-07-16,,
1176,Creta World,CRETA,creta-world,0.0018300091513376432,0.4193765,2.15129293,0.96194547,5435783.69884551,108138.72555882,2970358751.9615574,10000000000.0,10000000000.0,2026-07-16,,
1177,Upland (SPARKLET),SPARKLET,upland-sparklet,0.01992584276267222,-0.01631074,-0.22914507,1.34062861,5410394.136075886,163701.71952996,271526489.52,1000000000.0,1000000000.0,2026-07-16,,
1178,Micron Technology Inc tokenized stock (Backpack),MU,micron-technology-inc-tokenized-stock-backpack,902.278548744315,1.57455137,-9.14859616,-4.9298736,5397977.754143514,4271827.06838211,5982.60677,5982.60677,,2026-07-16,,
1179,Manchester City Fan Token,CITY,manchester-city-fan-token,0.39263570774383966,-0.15054095,-0.0694638,-0.20676747,5372339.763853392,3375526.95300804,13682759.0,19740000.0,19740000.0,2026-07-16,,
1180,Venus LINK,vLINK,venus-link,0.17350095652161576,0.46516489,2.50442342,11.67835107,5362448.195512013,0.0,30907312.0,30907312.0,,2026-07-16,,
1181,Bitlight,LIGHT,bitlight,0.1244874982888691,-0.14698077,0.77487301,11.24217265,5360054.728173885,2862177.86398679,43056972.0,420000000.0,420000000.0,2026-07-16,,
1182,Hydranet,HDN,hydranet,0.028432222354224282,-0.1846986,-2.18910402,-1.27158325,5345632.183252216,119266.16118149,188013167.47784916,300000000.0,300000000.0,2026-07-16,,
1183,Milady Meme Coin,LADYS,milady-meme-coin,7.269849859463281e-09,-0.23296657,3.3867928,8.02479123,5338730.730788367,1001065.65653114,734366023232083.0,888000888000888.0,888000888000888.0,2026-07-16,,
1184,Saga,SAGA,saga,0.012790412531480244,0.57323262,2.33871936,-0.50315635,5327240.151176578,5292626.75648355,416502606.0,1104573350.0,,2026-07-16,,
1185,Realio Network,RIO,realio-network,0.03288944884924623,0.10392521,1.24957475,3.04396247,5316929.53490877,208684.7953474,161660645.6155505,161660645.6155505,175000000.0,2026-07-16,,
1186,Oracle Tokenized Stock (Ondo),ORCLon,oracle-tokenized-stock-ondo,133.24756818003576,0.05623459,2.62870365,-6.3667823,5287319.546054425,1235235.36836339,39680.42057556,39680.42057556,,2026-07-16,,
1187,Quickswap [New],QUICK,quickswap-new,0.007917234634167658,2.05344001,2.97544406,4.91188719,5275078.37403325,1428311.98282039,666277888.4016011,898719911.678849,1000000000.0,2026-07-16,,
1188,Polyhedra Network,ZKJ,polyhedra-network,0.006767906526044322,0.09422887,-0.64388868,-3.28095401,5249225.029751994,2012044.69069867,775605426.8113599,1000000000.0,1000000000.0,2026-07-16,,
1189,Pitbull,PIT,pitbull,1.3022909219669416e-10,-0.04530805,2.3879542,1.33269807,5234188.258056482,74416.43055348,4.019215806366e+16,1e+17,1e+17,2026-07-16,,
1190,Minswap,MIN,minswap,0.0030263376410110234,-0.02913113,0.98932192,-5.08790559,5230638.515357652,25978.17981237,1728372421.0,2470721795.0,2500000000.0,2026-07-16,,
1191,Turtle,TURTLE,turtle-xyz,0.03378638911628795,0.19145931,0.67513284,0.36342351,5226754.396289746,1719204.105259,154700000.0,1000000000.0,1000000000.0,2026-07-16,,
1192,LeverUp,LV,leverup,0.05796738013926582,0.36166606,-3.29609399,-1.15223293,5217064.212533924,2373.46483033,90000000.0,1000000000.0,1000000000.0,2026-07-16,,
1193,Coq Inu,COQ,coq-inu,7.453810229041328e-08,-1.09074311,-1.16115087,-3.0404279,5174435.06100049,1503963.53171854,69420000000000.0,69420000000000.0,69420000000000.0,2026-07-16,,
1194,Graphite Protocol,GP,graphite-protocol,0.14957740814227855,-2.41096613,-2.44090757,-9.23713608,5181632.148917671,179082.24394475,34641809.97165618,58649011.43466553,,2026-07-16,,
1195,Arm Holdings plc Tokenized Stock (Ondo),ARMon,arm-holdings-plc-tokenized-stock-ondo,270.059577091078,0.24933716,-5.34502587,-10.87119298,5170350.790679234,1423357.57977614,19145.22286664,19145.22286664,,2026-07-16,,
1196,McDull,MCDULL,mcdull,6.840209720497861e-07,0.0,0.01579789,-0.69681343,5168158.455486209,0.0,7555555555554.0,8888888888888.0,8888888888888.0,2026-07-16,,
1197,Juventus Fan Token,JUV,juventus-fan-token,0.32795449762527146,0.17620393,-1.03235519,5.10314777,5166086.170208212,5265487.52176522,15752448.0,19956000.0,19956000.0,2026-07-16,,
1198,Aspecta,ASP,aspecta,0.014979348408835936,1.34974318,1.16331608,-31.55946909,5161066.413125903,1640216.72384552,344545455.0,1000000000.0,1000000000.0,2026-07-16,,
1199,Soil,SOIL,soil,0.0735130152766607,0.01771535,0.10473303,-8.51912357,5123318.522952559,42106.02144103,69692672.83720218,99000000.0,100000000.0,2026-07-16,,
1200,Bitcoin Gold,BTG,bitcoin-gold,0.2916541574875988,-0.02617203,-17.5829718,-11.90309951,5108008.6286519775,13.06085636,17513923.589,17513923.589,21000000.0,2026-07-16,,
1201,RHEA Finance,RHEA,rhea-finance,0.013051678611926201,-0.14321428,1.69063762,-0.45184049,5097962.929794232,267699.95941015,390598258.0,1000000000.0,1000000000.0,2026-07-16,,
1202,AIVille Governance Token,AIV,aiville,0.0018349797849292256,0.32062107,4.12026589,5.7083369,5096032.459514048,2172.30119288,2777160000.0,10000000000.0,10000000000.0,2026-07-16,,
1203,Alephium,ALPH,alephium,0.03769921458334274,0.79134238,-0.05809378,-9.88887058,5094706.253876306,211088.06146024,135140912.35543627,222781032.173778,,2026-07-16,,
1204,district0x,DNT,district0x,0.00509232457183605,0.0992945,-4.01769799,-8.17600993,5092324.57183605,22306.55128478,1000000000.0,1000000000.0,,2026-07-16,,
1205,dYdX (ethDYDX),ETHDYDX,dydx-ethdydx,0.12216046462946019,0.67418774,1.87938187,-11.63071557,5088835.200744951,3157240.83201557,41656973.19652899,1000000000.0,,2026-07-16,,
1206,Bluefin,BLUE,bluefin,0.009224893751936301,0.40675853,-2.86806241,-3.7570821,5087133.848117943,2305548.79621805,551457175.0,1000000000.0,1000000000.0,2026-07-16,,
1207,WhiteCoin,XWC,whitecoin,0.006651696759492044,0.01274528,2.58034326,-0.79380693,5084055.620743139,729735.1694083,764324623.4110321,971792390.0,1000000000.0,2026-07-16,,
1208,RACA,RACA,radio-caca,1.2299729678977602e-05,-0.14506144,0.8366635,-3.25844209,5063434.280983129,309055.11262172,411670371068.18915,415670371068.18945,500000000000.0,2026-07-16,,
1209,Marvell Tokenized Stock (Reality),rMRVL,marvell-tokenized-stock-reality,205.14669107706283,0.87045666,-9.12851328,-12.32350187,5059746.866016926,218919.31180956,24664.0432729,24664.0432729,,2026-07-16,,
1210,Alchemix,ALCX,alchemix,1.998539016898312,0.35816026,2.50540193,-2.00457935,5048338.732164575,356286.91610156,2526014.59840373,2688593.67657358,,2026-07-16,,
1211,Gearbox Protocol,GEAR,gearbox-protocol,0.0005045512035835682,-0.00164806,0.35389786,12.30298098,5045512.035835682,426.62766458,10000000000.0,10000000000.0,10000000000.0,2026-07-16,,
1212,CONX,XPLA,xpla,0.005176481135990156,0.44589457,-0.43217106,-0.41512637,5045278.749131743,200556.55592718,974654136.0025035,1999880397.852,2000000000.0,2026-07-16,,
1213,Phoenix,PHNIX,phoenix-xrp,9.517461512683491e-06,-0.53599657,-3.83197365,-10.60982554,5044246.133065961,61773.81126913,529999110198.0,589000000000.0,589000000000.0,2026-07-16,,
1214,VNX Swiss Franc,VCHF,vnx-swiss-franc,1.2382868544012502,-0.14758726,0.41918178,-0.08270992,5039668.310461916,16864.28559278,4069871.44582,4069871.44582,,2026-07-16,,
1215,ParagonsDAO,PDT,paragonsdao,0.06118856620774696,0.0,1.65676268,9.78940177,5037679.371956544,0.0,82330403.93286309,84467740.26777703,162500000.0,2026-07-16,,
1216,Kryll,KRL,kryll,0.12590534234050538,0.15895821,1.10805325,0.21444919,5023921.378953107,76062.98504942,39902368.60137464,49417348.0,49417348.0,2026-07-16,,
1217,Luna by Virtuals,LUNA,luna-by-virtuals,0.005018849215899016,-0.01958445,4.4319907,12.49839804,5018849.215899016,4419.88486912,1000000000.0,1000000000.0,1000000000.0,2026-07-16,,
1218,Zypher Network,POP,zypher-network,0.002098260764390469,0.01809783,-0.31513666,1.23410585,5009597.577080506,3044898.30025525,2387500001.0,10000000000.0,10000000000.0,2026-07-16,,
1219,Eli Lilly Tokenized Stock (Ondo),LLYon,eli-lilly-tokenized-stock-ondo,1160.1919387069315,0.01570603,-0.01113423,-4.74222564,4973363.667945312,1839814.30791134,4286.67318055,4286.67318055,,2026-07-16,,
1220,Viction,VIC,viction,0.03902597344166581,0.19356245,1.33281957,-2.98472628,4968051.509733772,1554587.52870028,127301155.4,210000000.0,210000000.0,2026-07-16,,
1221,Wexo,WEXO,wexo,0.016907397844590277,-0.99466489,-1.08826554,-3.1071006,4957116.984349305,118262.86592941,293192189.0,920900277.0,928000000.0,2026-07-16,,
1222,Alitas,ALT,alitas,0.006517872852116919,-0.32600533,-1.24654492,4.15645174,4953583.367608858,425.80222233,760000000.0,1000000000.0,1000000000.0,2026-07-16,,
1223,Alpha Quark Token,AQT,alpha-quark-token,0.1844130348967366,-1.34562181,-0.64867769,-2.99072476,4943412.880461936,1177749.73526857,26806201.0,30000000.0,30000000.0,2026-07-16,,
1224,Aragon,ANT,aragon,0.11434349067283851,0.0,-0.35219353,118.1458721,4938779.877121353,0.0,43192488.24799543,43192488.24799543,,2026-07-16,,
1225,Pangolin,PNG,pangolin,0.02090337652730996,-0.05314018,-0.15599429,-4.01445905,4923461.008310674,427303.24381459,235534245.0,230000000.0,538000000.0,2026-07-16,,
1226,RSS3,RSS3,rss3,0.005285795387961237,0.30140596,-1.18269992,0.85141892,4913778.049682654,1086989.81322023,929619421.3030119,1055772199.8297999,1000000000.0,2026-07-16,,
1227,LimeWire,LMWR,limewire,0.00940464837050968,0.46072284,-3.29421612,-18.28656619,4899542.83441244,1531535.62458446,520970337.3680638,633045269.0,633045269.0,2026-07-16,,
1228,XMAQUINA,DEUS,deus-token,0.02417738007600504,0.21965525,1.63086285,2.85498022,4868633.25885535,102780.22342262,201371415.9081798,999987281.5088582,1000000000.0,2026-07-16,,
1229,S.S. Lazio Fan Token,LAZIO,lazio-fan-token,0.36927310118173,0.91464648,-3.51782754,-0.77428713,4866620.258935799,7028206.86178893,13178918.91763,40000000.0,40000000.0,2026-07-16,,
1230,PayAI Network,PAYAI,payai-network,0.004862014400291525,-0.09485645,2.13735438,-16.6538265,4861750.289708082,3173110.89175118,999945678.7739199,999945678.7739199,1000000000.0,2026-07-16,,
1231,crow with knife,CAW,crow-with-knife,6.282389966795734e-09,0.31426585,0.21981833,0.89127912,4836569.520932206,11358.5076024,769861397731578.0,777777777777777.0,777777777777777.0,2026-07-16,,
1232,Amaterasu Omikami,OMIKAMI,amaterasu-omikami,0.005100739886371639,-0.70751964,-1.21176345,2.61955612,4830278.310744808,17878.13575857,946976011.0,999476011.0,1000000000.0,2026-07-16,,
1233,Rain Coin,RAIN,rain-coin,4.803154882789104,-0.03504337,-0.723512,2.06760257,4803154.882789104,11206.37941284,1000000.0,1000000.0,1000000.0,2026-07-16,,
1234,PumpBTC (Governance token),PUMP,pumpbtc-pump,0.009436625826317064,-0.16943586,2.97390927,-4.36499272,4808131.647750062,2584642.90005342,509518098.5497,1000000000.0,1000000000.0,2026-07-16,,
1235,StablR USD,USDR,stablr-usd,0.2235778838899202,-0.03070805,-11.0906099,-9.69485848,4773515.244109907,92.78940473,21350569.926944,21350569.926944,,2026-07-16,,
1236,Robinhood Markets Tokenized Stock (Ondo),HOODon,robinhood-markets-tokenized-stock-ondo,114.88066197714441,-0.06394463,1.01681623,1.12205076,4759286.209347607,2705722.22235139,41428.08830867,41428.08830867,,2026-07-16,,
1237,Scroll,SCR,scroll,0.024653456935859634,0.67974951,-3.5902295,-7.40338711,4684156.81781333,5056165.33084133,190000000.0,1000000000.0,1000000000.0,2026-07-16,,
1238,Unstable Coin (usduc.io),USDUC,unstable-coin-sol,0.004671464608563505,0.71707535,8.56200348,12.91221557,4671073.299668734,1017766.40013521,999916234.216127,999916234.216127,1000000000.0,2026-07-16,,
1239,MORI COIN,MORI,mori-coin,0.005805299547577726,0.24612729,-1.44669225,-4.00523566,4644285.993379069,936530.3162366,800007985.0,999998186.0,999999999.0,2026-07-16,,
1240,Nomina,NOM,nomina,0.0015891032875815108,-0.13322283,3.57022885,-0.04028351,4608399.533986381,5559983.96014993,2900000000.0,7500000000.0,7500000000.0,2026-07-16,,
1241,doginme,DOGINME,doginme,6.782398340133271e-05,-0.43786157,5.07253207,6.29868339,4586207.43821385,298483.39862683,67619258088.6326,67619258088.6326,69000000000.0,2026-07-16,,
1242,Green Satoshi Token (SOL),GST,green-satoshi-token,0.0009387330942751255,1.01867123,-1.51893929,-7.62963271,4579843.475393539,93390.1190289,4878749351.997673,4888749351.997673,,2026-07-16,,
1243,iShares MSCI South Korea ETF Tokenized bStocks,EWYB,ishares-msci-south-korea-etf-tokenized-bstocks,168.39539189224607,0.41157223,-6.13719056,-5.31545298,4563638.94214573,7729660.70365572,27100.73530436,27100.73530436,,2026-07-16,,
1244,Sperax,SPA,sperax,0.002218260265058918,-0.16136049,0.2796927,1.56975221,4543445.748054902,316203.39626066,2048202287.0,4615267291.67,5000000000.0,2026-07-16,,
1245,Ref Finance,REF,ref-finance,0.046922249163482685,-1.61556336,1.88082111,7.23592431,4504309.933518505,51.04838766,95995183.81620954,99990506.14259167,99990506.14259167,2026-07-16,,
1246,Hey Anon,ANON,hey-anon,0.3245029284758883,0.75821165,1.23165693,-0.88682808,4497510.985864416,146776.74214643,13859693.060362,20961083.951299,20961083.951299,2026-07-16,,
1247,Splintershards,SPS,splintershards,0.002885691027145621,0.73943549,0.66371476,1.22750832,4494632.772590616,1955.44780286,1557558564.0699997,2751617801.801,3000000000.0,2026-07-16,,
1248,Galeon,GALEON,galeon,0.005435722093610134,0.0,-2.5804018,4.73912983,4483266.917623147,0.0,824778537.3158374,3931074356.4648747,4000000000.0,2026-07-16,,
1249,MonaCoin,MONA,monacoin,0.06816764489807596,0.19559611,5.26974171,4.18613277,4480637.135883767,19375.35236239,65729674.871168,65729674.871168,105120000.0,2026-07-16,,
1250,BitMine Immersion Technologies Tokenized Stock (Ondo),BMNRon,bitmine-immersion-technologies-tokenized-stock-ondo,15.827879127404874,0.27377954,-2.57723949,6.88104386,4478511.9170638295,1340454.9736841,282950.85406039,282950.85406039,,2026-07-16,,
1251,Koma Inu,KOMA,koma-inu,0.007397621427294664,1.03368778,8.84787554,0.24428623,4457390.476116367,1197854.01570428,602543739.2173297,605954353.425861,1000000000.0,2026-07-16,,
1252,Landwolf 0x67,WOLF,landwolf-coin,4.92307948638292e-06,-0.03287907,6.65333391,4.06037044,4441402.953249332,200731.22963271,902159505150.0,902159505150.0,1000000000000.0,2026-07-16,,
1253,Neon EVM,NEON,neon,0.018458091199556124,-0.22698847,-2.30320923,-3.32073146,4420076.53651577,1037800.55072201,239465527.0,1000000000.0,1000000000.0,2026-07-16,,
1254,BTSE Token,BTSE,btse,1.0115449076899343,-0.26757381,0.71389477,2.17873529,4404985.736511341,1222194.03843539,4354711.0,165904711.0,,2026-07-16,,
1255,Hemi,HEMI,hemi,0.004489559360064518,0.76894713,-1.74668767,2.72288876,4388544.274463066,4552081.9973508,977500000.0,10000000000.0,,2026-07-16,,
1256,NEM,XEM,nem,0.000487510392656099,0.58147657,-3.12086098,-38.85949669,4387593.53341738,43235.73934163,8999999999.0,8999999999.0,8999999999.0,2026-07-16,,
1257,MAGIC•INTERNET•MONEY (Bitcoin),MIM,magic-internet-money-bitcoin,0.00020852542109807109,0.05566057,-2.14652979,-6.70578476,4379033.843059493,3391.47848164,21000000000.0,21000000000.0,21000000000.0,2026-07-16,,
1258,Intel Tokenized Stock (Reality),rINTC,intel-tokenized-stock-reality,102.30354716254111,0.4386682,-6.93090809,-7.79229059,4376030.986680312,380968.41750056,42774.96829829,42774.96829829,,2026-07-16,,
1259,Enzyme,MLN,enzyme,1.3335647995085949,-5.32412765,-3.41263411,-4.07936525,4369177.810560753,1317272.55230991,3276314.59091508,3276934.20658701,,2026-07-16,,
1260,Portal To Bitcoin,PTB,portaltobitcoin,0.0005495558399381669,1.84385625,10.1030538,6.54228216,4369363.484364518,2652161.0564108,7950717955.89714,8245031943.025996,8400000000.0,2026-07-16,,
1261,Ski Mask Dog,SKI,ski-mask-dog,0.0043888610265416655,0.58404837,2.25532059,-7.97829719,4342326.139353712,54783.98649617,989397047.0,1000000000.0,1000000000.0,2026-07-16,,
1262,World3,WAI,world3,0.012831710217563498,0.03956365,-1.9484606,-1.41681977,4331131.983729708,77939.17393237,337533494.0,1000000000.0,1000000000.0,2026-07-16,,
1263,TrustSwap,SWAP,trustswap,0.04304460179794193,-0.12708099,0.00312962,2.27152655,4304252.016099898,149988.23145294,99995164.0,99995164.26708125,,2026-07-16,,
1264,Fwog (SOL),FWOG,fwog-solana,0.004404454437563273,-0.92020915,-1.57000479,-0.21414216,4297141.349853099,1826903.93510631,975635328.0,975635328.0,975635328.0,2026-07-16,,
1265,Nash,NEX,nash,0.09681462185394957,0.0,-26.035561,-38.45710475,4290347.712627524,0.0,44315080.0,50000000.0,50000000.0,2026-07-16,,
1266,Lava Network,LAVA,lava-network,0.01617476100721839,-0.01206789,5.04659397,-0.81956393,4278328.953287742,667877.25195934,264506471.0,961180567.220062,,2026-07-16,,
1267,SIX Token,SIX,six,0.005021571583324801,-0.16378957,0.42235274,1.43524493,4273189.747766957,273304.57035641,850966610.126,999999970.0,1000000000.0,2026-07-16,,
1268,Games for a Living,GFAL,games-for-a-living,0.0010165182365229697,0.0,-0.63798964,-2.81458729,4268557.681787045,0.0,4199194395.555333,10000000000.0,10000000000.0,2026-07-16,,
1269,错版马,哭哭马,crying-horse,0.004243445919791629,-1.17685704,0.28627134,2.91456923,4243445.919791629,711705.4177119,1000000000.0,1000000000.0,1000000000.0,2026-07-16,,
1270,Epic Private Internet Cash,EPIC,epic-cash,0.24605543708730723,-0.00295521,0.42749307,14.64081343,4251746.420246072,3165.5156793,17279628.0,19322928.0,21000000.0,2026-07-16,,
1271,PRIZM,PZM,prizm,0.000899258642607238,-0.050015,-3.23778875,-6.25222651,4238119.258320242,0.0,4712903560.24,4712903560.24,6000000000.0,2026-07-16,,
1272,Grin,GRIN,grin,0.017886320201272298,4.24656277,7.16078486,-3.23052954,4219725.637375192,4309.14207718,235919160.0,235919160.0,,2026-07-16,,
1273,Open Loot,OL,open-loot,0.005255273835926781,-0.05442198,-0.43343187,0.13635982,4207944.138817354,439324.49371728,800708825.1140146,5000000000.0,5000000000.0,2026-07-16,,
1274,MESSIER,M87,messier,4.730557315967775e-06,0.18687076,-0.51496229,-8.64206003,4185816.1093237614,139497.30915516,884846293944.0,884846293944.0,884846293944.0,2026-07-16,,
1275,Diamond,DMD,diamond,1.1275016415368,0.01467698,0.26456839,5.65273753,4164385.266100287,40476.92253693,3693462.70788943,4380000.0,4380000.0,2026-07-16,,
1276,Obyte,GBYTE,obyte,4.436291210395937,0.2109951,-0.48253611,-2.62720952,4162334.372143388,6013.65580572,938246.4258409,1000000.0,1000000.0,2026-07-16,,
1277,elizaOS,ELIZAOS,elizaos,0.00043786737531484717,0.76443129,3.39861139,-12.86881375,4134001.287636594,4433764.43354918,9441217867.999537,10999985446.775871,11000000000.0,2026-07-16,,
1278,Giant Mammoth,GMMT,giant-mammoth,0.001972240829920819,-0.3527364,-1.57214674,-9.19046052,4141705.74283372,3082.7865673,2100000000.0,3000000000.0,3000000000.0,2026-07-16,,
1279,Tokemak,TOKE,tokemak,0.045826288741628335,-0.01550724,-1.42512258,11.09939236,4131383.420875592,1015.76231232,90153131.19001643,100000000.0,100000000.0,2026-07-16,,
1280,NKN,NKN,nkn,0.005134637359857356,1.81939422,0.59290707,-9.19343872,4121986.2818061053,81133.17710782,802780409.3881748,802780409.3881748,1000000000.0,2026-07-16,,
1281,PIBBLE,PIB,pibble,0.00013860452510621395,0.07857585,10.22892684,9.86461257,4109416.3863396863,53307.09798099,29648500892.670006,29648500892.670006,30000000000.0,2026-07-16,,
1282,Lingo,LINGO,lingo,0.008437643749935414,-0.52463445,-10.26811497,-1.79708438,4102434.1392877167,187005.60930494,486206133.0,486206133.0,1000000000.0,2026-07-16,,
1283,Australian Digital Dollar,AUDD,novatti-australian-digital-dollar,0.6989589109296431,-0.07951892,0.14425883,0.67704068,4102413.515097573,18173.67720478,5869320.0,5670229.704638,,2026-07-16,,
1284,Niza Global,NIZA,niza-global-new,0.0025396461078746576,-1.41712994,-8.10990019,-8.54300169,4100020.799857761,124969.7699433,1614406348.642381,2500000000.0,2500000000.0,2026-07-16,,
1285,SUNDOG,SUNDOG,sundog,0.004107722728272479,-0.24476127,-0.71248457,4.13611102,4097127.2929135095,3014518.83473936,997420606.0,1000000000.0,1000000000.0,2026-07-16,,
1286,Keyboard Cat,KEYCAT,keyboard-cat,0.0004091106034354955,-0.1838859,5.12641783,3.44451523,4091106.034354955,166465.47576504,10000000000.0,10000000000.0,10000000000.0,2026-07-16,,
1287,Boson Protocol,BOSON,boson-protocol,0.023980888021700036,0.22800005,-3.54762519,-11.35125847,4087865.9865848073,36128.59279269,170463495.0501309,200000000.0,200000000.0,2026-07-16,,
1288,Qualcomm Tokenized Stock (Ondo),QCOMon,qualcomm-tokenized-stock-ondo,180.10012308229037,-0.15055193,-0.54476006,-4.81082083,4069990.540982771,1436904.37982957,22598.48839261,22598.48839261,,2026-07-16,,
1289,Purple Pepe,$PURPE,purple-pepe,9.732120952170301e-06,-1.84255958,-0.14862443,-7.77260581,4060375.182927762,306913.74370768,417213801892.0,420683240832.10004,420690000000.0,2026-07-16,,
1290,REI Network,REI,rei-network,0.004248324941654142,1.18983712,30.0587627,23.49524009,4035908.694571435,138539.64479026,950000000.0,1000000000.0,,2026-07-16,,
1291,Goldfinch,GFI,goldfinch-protocol,0.04595676718057356,-0.50062483,-0.0238781,-6.98961608,4025107.4657772863,113889.53820133,87584652.11362267,114285714.0,114285714.0,2026-07-16,,
1292,Tectonic,TONIC,tectonic,1.61843079040345e-08,0.52707899,-0.26745059,23.35458592,4009401.3907099646,17295.57985993,247733879909099.0,500000000000000.0,,2026-07-16,,
1293,SCOR,SCOR,scor,0.011289979421463646,-0.03434896,-3.14785384,-6.6809618,4005173.653818686,289862.64072118,354754734.6458716,4000000000.0,4000000000.0,2026-07-16,,
1294,GamerCoin,GHX,gamercoin,0.006161363851941322,-0.13874805,1.90043355,4.66383515,4004671.616066768,312010.64725055,649965123.3557609,808000000.0,808000000.0,2026-07-16,,
1295,Purple Bitcoin,PBTC,purple-bitcoin,0.20674382861781393,0.98996942,-1.84908871,-5.15726854,3992671.757974259,37441.24316725,19312169.0,19312169.0,19312169.0,2026-07-16,,
1296,Kekius Maximus (kekiusmaximus.vip),KEKIUS,kekius-maximus-vip,0.003987948991807686,0.10890754,1.89801098,0.40856726,3987948.991807686,2366734.38205703,1000000000.0,1000000000.0,,2026-07-16,,
1297,ANDY (ETH),ANDY,boysclubandy,3.984322115059381e-06,-0.09509676,2.03877601,3.44118222,3984322.115059381,57542.31575602,1000000000000.0,1000000000000.0,1000000000000.0,2026-07-16,,
1298,Minutes Network Token,MNTX,minutes-network-token,0.05085099421534066,0.21313079,2.15802635,8.43668845,3949658.7080674577,66970.94406279,77671219.0,93328736.60546489,500000000.0,2026-07-16,,
1299,AC Milan Fan Token,ACM,ac-milan-fan-token,0.2854287980072086,0.34301941,-1.49566925,0.00731936,3948531.2252739575,1753470.51105972,13833682.0,19920000.0,19920000.0,2026-07-16,,
1300,SpaceX tokenized stock (PreStocks),SPACEX,spacex-tokenized-stock-prestocks,449.2467219610284,2.8806801,-1.84438269,-15.85104913,3927574.235205994,14755.75526263,8742.5773928,8742.5773928,,2026-07-16,,
1301,Orchid,OXT,orchid,0.003934956374365207,0.16103297,3.68752941,-4.16700399,3923996.0823526895,1224463.56379452,997214634.4279902,1000000000.0,,2026-07-16,,
1302,Mitosis,MITO,mitosis,0.021637978569733107,0.55283299,1.7250912,-4.60438308,3922383.0635854723,3674535.13121384,181273082.0,1000000000.0,1000000000.0,2026-07-16,,
1303,SpaceN,SN,spacen,0.09796737721103,0.92754327,1.34760106,5.76959591,3919674.76221331,0.0,40010000.0,1000000000.0,1000000000.0,2026-07-16,,
1304,Pkoin,PKOIN,pocketnet,0.2802645385684052,-0.06726837,-1.82385388,-3.34807079,3902453.0418498004,19575.58504192,13924177.0,16609085.0,24375000.0,2026-07-16,,
1305,VestChain,VEST,vestchain,0.0009827243706142237,0.0,0.0,0.0,3877782.587367552,0.0,3945951381.0,3945951381.0,,2026-07-16,,
1306,PIVX,PIVX,pivx,0.036883997213,-0.38682898,-1.85022805,-5.18520718,3872351.0274011567,2180805.27824179,104987293.13525493,104987293.13525493,,2026-07-16,,
1307,DaGama World,DGMA,dagama-world,0.026985536418768222,-0.63093621,-0.00346254,-9.96766391,3869982.9375168006,116066.85403745,143409524.17848766,700000000.0,700000000.0,2026-07-16,,
1308,ASML Holding NV Tokenized Stock (Ondo),ASMLon,asml-holding-nv-tokenized-stock-ondo,1804.5455348223247,-0.12534162,-1.06946111,1.55508982,3857402.912879076,2935156.76330664,2137.60353421,2137.60353421,,2026-07-16,,
1309,Quq,QUQ,quq,0.0038571847050855998,-0.01799013,-0.00426546,-13.81977362,3857184.7050856,144753956.6920823,1000000000.0,1000000000.0,1000000000.0,2026-07-16,,
1310,Lockheed Tokenized Stock (Ondo),LMTon,lockheed-tokenized-stock-ondo,524.8219126679298,-0.10680101,-0.74713669,-2.72852147,3856240.413231745,1715369.06360218,7347.71228135,7347.71228135,,2026-07-16,,
1311,Argentine Football Association Fan Token,ARG,argentine-football-association-fan-token,0.2066411121145575,1.33778699,50.0749439,21.36162675,3855377.4128805483,8407271.98947842,18657359.0,20000000.0,20000000.0,2026-07-16,,
1312,Suilend,SEND,suilend,0.05330943010352727,0.58996465,1.99928684,2.14593429,3853286.367281951,58981.99308614,72281514.91769548,100000000.0,100000000.0,2026-07-16,,
1313,Steem Dollars,SBD,steem-dollars,0.39230209506931185,-0.02946779,2.43552464,0.09274123,3845207.883096903,1320314.60953566,9801650.135,9801650.135,,2026-07-16,,
1314,Wolfspeed Tokenized Stock (Ondo),WOLFon,wolfspeed-tokenized-stock-ondo,34.690492397141796,-0.02516094,-0.53497844,-3.77638162,3845119.307453017,211.85077773,110840.72441041,110840.72441041,,2026-07-16,,
1315,Populous,PPT,populous,0.0722170899927064,-0.45895693,3.32115696,80.4650517,3845722.2412905754,747.64861982,53252245.99438964,53252246.0,53252246.0,2026-07-16,,
1316,Liqwid Finance,LQ,liqwid-finance,0.19084784152966508,-0.09965335,0.04285023,-3.87977968,3844132.4181400766,29347.5598846,20142394.0,21000000.0,21000000.0,2026-07-16,,
1317,Sui Name Service,NS,sui-name-service,0.01250827557433154,-0.11238742,-2.69378831,9.41075794,3843109.6161793564,224340.544359,307245358.75,500000000.0,500000000.0,2026-07-16,,
1318,SPACEM WORLD,SPCM,spacem,0.0003951849284030499,-0.07261559,0.32708863,5.09813686,3843061.9703672687,532694.43566793,9724717959.0,42582201726.0,42582201726.0,2026-07-16,,
1319,Venus LTC,vLTC,venus-ltc,0.9188108846170957,0.21705834,0.54556515,3.31427062,3806061.9945983957,0.0,4142378.0,4142378.0,,2026-07-16,,
1320,Tesla Tokenized bStocks,TSLAB,tesla-tokenized-bstocks,394.6242036928317,0.14909442,-0.76893603,-0.05681839,3803441.654728456,2109147.85432623,9638.13577357,9638.13577357,,2026-07-16,,
1321,Quantoz EURQ,EURQ,quantoz-eurq,1.129262443333726,-0.0563286,-0.01299826,-0.0797864,3783328.4397154655,4254863.20074659,3350265.0,5000000.0,,2026-07-16,,
1322,ShareX,SHARE,sharex-network,0.21006524439364718,-0.07279567,1.92731573,1.33016645,3781174.3990856493,996806.68157246,18000000.0,100000000.0,100000000.0,2026-07-16,,
1323,Stonks,STNK,stonks,6.495377518823324,0.34608045,0.81484364,-7.90049347,3779510.4952562563,2943.98019358,581876.95546616,581876.95546616,581918.12,2026-07-16,,
1324,Coca-Cola Tokenized Stock (Ondo),KOon,coca-cola-tokenized-stock-ondo,84.37706585842321,-0.11137861,-0.74087153,-0.93956541,3765578.9951780736,1293941.71050704,44627.99170448,44627.99170448,,2026-07-16,,
1325,Destra Network,DSYNC,destra-network,0.0038563774843982574,-1.30668528,-8.66655486,-28.13581699,3759766.3978151768,973966.55508684,974947710.1310906,999874315.1676701,1000000000.0,2026-07-16,,
1326,CateCoin,CATE,catecoin,6.54578676681895e-08,-0.03958606,0.26466215,1.08494955,3748974.4081098437,942.17798121,57273090946281.0,60000000000000.0,,2026-07-16,,
1327,SWEAT,SWEAT,sweat-economy,0.0004425617183198938,-2.39561846,-5.50941077,-15.94494236,3742620.750533608,977126.61336523,8456720488.03,19722244426.445,21867346500.41,2026-07-16,,
1328,Inflation Hedging Coin,IHC,inflation-hedging-coin,3.123268003635815e-05,0.0,-0.31695471,1.15060607,3736771.154161065,0.0,119642987723.47,621439126933.0,1000000000000.0,2026-07-16,,
1329,PepeFork,PORK,pepefork,9.110108349830986e-09,-0.00069657,-1.57440464,-10.38440972,3713514.5812459076,1.15979391,407625731620941.9,420690000000000.0,420690000000000.0,2026-07-16,,
1330,SPECTRE AI,SPECTRE,spectre-ai,0.3714588753846159,-0.26022642,2.49036015,-6.34724305,3712052.0611861576,36081.70844719,9993171.0,10000000.0,10000000.0,2026-07-16,,
1331,LOFI,LOFI,lofitheyeti,0.0037103598131955928,0.81122323,-5.08782705,0.0626324,3710359.8131955927,116731.47117936,1000000000.0,1000000000.0,1000000000.0,2026-07-16,,
1332,PussFi,PUSS,pussfi,0.004209462823846731,-0.03766741,-0.2447149,-0.74023775,3699379.570780693,813636.77773044,878824621.0,1000000000.0,1000000000.0,2026-07-16,,
1333,PlatON,LAT,platon,0.0005326642659970576,-0.48267979,-2.56314799,8.72926525,3696513.89978632,1320004.72776088,6939669386.057032,10250000000.0,,2026-07-16,,
1334,Swell Network,SWELL,swell-network,0.0007277621528619593,0.72738813,-4.12117678,1.35734309,3697182.0845580273,2065131.0077934,5080206589.499994,10000000000.0,10000000000.0,2026-07-16,,
1335,Arsenal Fan Token,AFC,arsenal-fan-token,0.1593063175992803,-0.2375006,1.85854318,1.68838779,3674547.1000276455,916028.66291673,23065922.02621,39266147.13,40000000.0,2026-07-16,,
1336,Bytecoin,BCN,bytecoin-bcn,1.9914640765397552e-05,0.0,0.0,-41.4013873,3665624.7726578927,0.0,184066828814.058,184066828814.058,184470000000.0,2026-07-16,,
1337,BNBTiger,BNBTIGER,bnbtiger,8.61693299664e-19,0.19689531,0.19689531,0.19689531,3658531.126444374,3406.55358409,4.2457462856807e+24,4.2457462856807e+24,1e+25,2026-07-16,,
1338,Oraichain,ORAI,oraichain-token,0.264406446154667,-0.05495419,0.00642428,-2.76035784,3655075.3897082703,103440.95354816,13823700.0,18014986.26,19779272.0,2026-07-16,,
1339,Klever Coin,KLV,klever,0.0004103339792495305,0.05861336,-1.25560504,3.40644274,3644085.963103936,89742.03295829,8880780406.65482,10000000000.0,10000000000.0,2026-07-16,,
1340,Bitrue Coin,BTR,bitrue-coin,0.010051565647256863,-0.13334715,1.38997611,3.58775781,3607201.3775102263,408973.90132734,358869603.4129424,801307097.3484074,1000000000.0,2026-07-16,,
1341,Sport.Fun,FUN,sport-fun,0.02019035002678337,0.7873668,4.5617072,-3.2046529,3593882.30476744,1648355.03388175,178000000.0,1000000000.0,1000000000.0,2026-07-16,,
1342,Cratos,CRTS,cratos,5.651090461485559e-05,0.5992606,1.59534225,-4.00093548,3609680.7554333257,1136746.79877301,63875826799.0,100000000000.0,100000000000.0,2026-07-16,,
1343,Fei USD,FEI,fei-usd,0.9998059410999702,0.0,-0.03505189,0.05901415,3577682.2832996915,0.0,3578376.69914582,3833358.67506429,,2026-07-16,,
1344,VitaDAO,VITA,vitadao,0.2465189573778003,0.0,-57.37764,-10.35405063,3562225.9399655764,991.47970538,14450109.54880164,27219552.0,64298880.0,2026-07-16,,
1345,Harvest Finance,FARM,harvest-finance,5.296753142141379,-0.51446471,-0.62256803,-1.11792222,3560389.8046595175,238514.97100858,672183.450713,690420.0,,2026-07-16,,
1346,Jager Hunter,JAGER,jager-hunter,2.678791783550588e-10,0.9364395,1.38678136,8.95806352,3532848.8045063093,34130.01873117,1.3188217263469866e+16,1.3188217263469866e+16,1.46e+16,2026-07-16,,
1347,客服小何,客服小何,kefuxiaohe,0.003533418078443532,0.24986167,-2.11528573,-0.52797125,3533418.078443532,510073.29891215,1000000000.0,1000000000.0,1000000000.0,2026-07-16,,
1348,SpaceChain,SPC,spacechain,0.011423108559691544,0.0,1.30234342,4.55942118,3508981.6724524163,0.0,307182730.0,391259213.0,,2026-07-16,,
1349,Avalon Labs (AVL),AVL,avalon-labs-avl,0.021603441535295524,0.17922053,0.05762302,-4.01296691,3492930.7979858383,1735016.763504,161683998.0,162250000.8,1000000000.0,2026-07-16,,
1350,MetFi,METFI,metfi2,0.010630406462090377,-0.01627074,0.8639784,-6.50927085,3466918.7678046394,3522.92746987,326132286.67861307,449888419.19159365,500000000.0,2026-07-16,,
1351,iShares Russell 2000 Tokenized ETF (Ondo),IWMon,ishares-russell-2000-tokenized-etf-ondo,297.3268475633273,-0.02182922,0.0638513,0.98306394,3460066.4577907277,784015.50543842,11637.24865799,11637.24865799,,2026-07-16,,
1352,SpaceX Tokenized Stock (Reality),rSPCX,spacex-tokenized-stock-reality,135.50873247423522,0.14489656,-1.25269646,-9.0960679,3452450.2788448934,719952.45989781,25477.69590791,25477.69590791,,2026-07-16,,
1353,Covalent X Token,CXT,covalent-x,0.0035549923254866466,0.9754946,1.21564329,-13.20005367,3438197.8545772745,218944.01803455,967146350.7608603,1000000000.0,1000000000.0,2026-07-16,,
1354,OctaSpace,OCTA,octaspace,0.08584511139139542,0.03420727,0.26531688,0.85119952,3432461.151352764,134986.07056816,39984352.0,44907921.32955668,48000000.0,2026-07-16,,
1355,Global X DRAM ETF Tokenized Stock (Reality),rDRAM,global-x-dram-etf-tokenized-stock-reality,55.86824889487862,1.02716867,-9.89662267,-9.06302777,3393215.691999892,942716.85992046,60736.03091417,60736.03091417,,2026-07-16,,
1356,CESS Network,CESS,cess-network,0.0012793152415101635,-0.30441813,-0.10773711,2.37262991,3390185.390001933,154871.15693775,2650000000.0,10000000000.0,10000000000.0,2026-07-16,,
1357,Nobody Sausage,NOBODY,nobody-sausage,0.003618062044756892,-1.11845155,6.04666609,19.94971354,3386746.037407353,618799.09076159,936066323.77,936066323.77,936066323.77,2026-07-16,,
1358,KYVE Network,KYVE,kyve-network,0.0028159059533360313,1.46854894,-2.15806916,34.14951583,3386730.1252791127,36335.47100206,1202714217.520944,1275735862.520944,,2026-07-16,,
1359,EarthMeta,EMT,earthmeta,0.002355438705037181,-0.00449595,7.54023651,15.11483551,3386036.5709007657,84.5358016,1437539666.67,2100000000.0,2100000000.0,2026-07-16,,
1360,Altura,ALU,altura,0.0034098107020103076,0.0931836,-0.13742827,-0.28780504,3375712.5949902046,1556223.41270306,990000000.0,990000000.0,990000000.0,2026-07-16,,
1361,Wen,WEN,wen,4.628647296617848e-06,-0.3111505,-1.7316746,-0.66476964,3368345.099471958,651314.29786585,727716951329.0,727716951329.0,727716951329.0,2026-07-16,,
1362,Bluzelle,BLZ,bluzelle,0.007104595761981122,0.23058693,-1.71632803,-3.73675444,3357779.198277984,63902.04331953,472620724.77740306,500000000.0,,2026-07-16,,
1363,World of Dypians,WOD,world-of-dypians,0.0060140917661697406,0.06713381,-2.9246185,-16.11021374,3331375.345416089,1161250.7440115,553928253.0,1000000000.0,1000000000.0,2026-07-16,,
1364,Vertcoin,VTC,vertcoin,0.04481031499786984,-0.01505139,0.09407549,5.32569126,3328775.295865299,8775.12294835,74285916.0,74285916.0,84000000.0,2026-07-16,,
1365,BigONE Token,ONE,bigone-token,0.0003867650581970743,-0.00964786,0.7909824,0.0207625,3320057.67762295,0.0,8584171727.145089,8584171727.145089,13508522147.21,2026-07-16,,
1366,Unibright,UBT,unibright,0.022126710705957297,0.35028796,8.26372827,-10.06332358,3319006.589154591,606.98427661,149999999.24349335,150000000.0,150000000.0,2026-07-16,,
1367,Ren,REN,ren,0.003332413628576564,0.50207144,0.89625785,2.0160823,3308680.2164440486,32941.89653219,992878011.322186,999999632.80375,,2026-07-16,,
1368,Rainbow,RNBW,rainbow,0.015732946207377158,-0.21861642,11.27167609,4.42274497,3303918.703549203,981123.52269275,210000000.0,1000000000.0,1000000000.0,2026-07-16,,
1369,Roundhill Memory ETF Tokenized ETF (Ondo),DRAMon,roundhill-memory-etf-tokenized-etf-ondo,55.835838626368314,0.39163162,-9.83418982,-9.32491437,3287502.355768177,750450.65665039,58877.99729788,58877.99729788,,2026-07-16,,
1370,SymVerse (symverse.org),SYMM,symverse-org,0.0198853114391753,0.48427646,-9.85203568,-23.74974524,3284609.689141683,35253.59290416,165177684.0,315177684.0,315177684.0,2026-07-16,,
1371,Beefy,BIFI,beefy-finance,41.03906928134103,0.16604253,1.00203732,4.59923086,3283125.5425072825,7214.28489827,80000.0,80000.0,80000.0,2026-07-16,,
1372,Rayls,RLS,rayls,0.0021830121478067445,0.19753166,-0.08976401,-1.37684883,3274518.2217101166,1115832.8907041,1500000000.0,9961881086.12472,10000000000.0,2026-07-16,,
1373,Pundi AI,PUNDIAI,pundi-ai,0.46281901815612736,0.03927646,0.04894892,5.7423783,3266397.0563669023,6956.90090511,7057612.0,8312980.0,18930226.0,2026-07-16,,
1374,MicroStrategy Tokenized Stock (Reality),rMSTR,microstrategy-tokenized-stock-reality,97.26731081072234,0.34770677,-0.54317785,3.79775352,3255649.1572739067,210808.4671545,33471.15418467,33471.15418467,,2026-07-16,,
1375,DeLorean,DMC,delorean,0.00044728833153352785,-0.24997775,0.19366375,-10.39367953,3258718.1267267345,2936698.28935182,7285497736.0,12800000000.0,12800000000.0,2026-07-16,,
1376,Djed,DJED,djed,0.98410922850549,-0.00401825,-0.52677169,0.38551199,3241069.3384845406,0.0,3293404.07,1000000000000.0,1000000000000.0,2026-07-16,,
1377,MileVerse,MVC,mileverse,0.001172616059477872,-0.27177223,-1.75294011,4.16385219,3237628.1179192266,125175.93054533,2761029999.334,3000000000.0,3000000000.0,2026-07-16,,
1378,Kendu,KENDU,kendu,3.4019139504954063e-06,0.0,2.48586686,-2.65128248,3226470.9451995017,0.0,948428147258.0,996747147258.0,1000000000000.0,2026-07-16,,
1379,Ancient8,A8,ancient8,0.005401818684195605,-0.71359091,-2.43685612,1.46558341,3225095.5504608876,3394449.33837186,597038838.03,1000000000.0,1000000000.0,2026-07-16,,
1380,Alibaba Tokenized Stock (Ondo),BABAon,alibaba-tokenized-stock-ondo,121.51795519542195,0.24030912,4.76528689,7.17288166,3218312.378927112,2148546.104042,26484.25390101,26484.25390101,,2026-07-16,,
1381,Shadow Token,SHDW,genesysgo-shadow,0.019002654545281515,-1.03461079,-0.42439527,-0.7828484,3212468.0409498727,5637.30177183,169053646.33635092,169053646.33746853,,2026-07-16,,
1382,Gems,GEMS,gems-vip,0.0053631415414565385,0.22765679,2.81217925,7.31185244,3211798.890847235,248617.59485012,598865211.0,838059738.7,843303980.0,2026-07-16,,
1383,BitShares,BTS,bitshares,0.0010683183556801504,-0.08268101,-0.88754906,-1.75930835,3199677.5743633914,65159.16794684,2995060000.0,2995060000.0,3600570502.0,2026-07-16,,
1384,LinqAI,LNQ,linqai,0.008953031351120964,0.23975635,22.09491087,78.75768591,3186411.2272807914,501899.3697209,355903057.0,886694003.0,1000000000.0,2026-07-16,,
1385,Shapeshift FOX Token,FOX,fox-token,0.004123793136210484,0.4488028,-1.07472595,1.50200048,3184749.833868708,21362.46390377,772286516.0,999089275.0,,2026-07-16,,
1386,VNX Euro,VEUR,vnx-euro,1.1425563419184381,0.0,92.52739157,89.69730088,3158120.276799541,0.0,2764082.75105,2764082.75105,,2026-07-16,,
1387,DIMO,DIMO,dimo,0.006322666154262391,0.2709271,-0.74170786,0.96769143,3148754.0897115343,8504.93623649,498010493.18234503,1000000000.0,1000000000.0,2026-07-16,,
1388,Meta Tokenized Stock (Reality),rMETA,meta-tokenized-stock-reality,680.0817656119737,0.16021416,2.88024884,12.7758377,3147015.8952904865,110235.09720691,4627.40813593,4627.40813593,,2026-07-16,,
1389,OpenVPP,OVPP,openvpp-energy,0.003897937318939605,0.17244419,-9.89881054,-9.55085204,3137839.541746382,724715.3759259,805000000.0,1000000000.0,1000000000.0,2026-07-16,,
1390,Buying.com,BUY,buying-com,0.009412852102783793,-0.13548108,-0.02263464,0.76504153,3123085.6621879213,13338.53144476,331789518.0,986800000.0,1000000000.0,2026-07-16,,
1391,Counterparty,XCP,counterparty,1.202538313733626,-0.032446,-8.20543281,-8.05750457,3113585.908276049,1.08228448,2589178.13488123,2589178.13488123,,2026-07-16,,
1392,Arowana,ARW,arowana-token,0.1358383770793599,-0.0574075,-0.70141553,3.25941779,3112161.5313550076,18879.5704088,22910767.91602723,500000000.0,500000000.0,2026-07-16,,
1393,PaLM AI,PALM,palm-ai,0.040209826454184354,1.03376613,-1.18595767,-15.69491336,3101221.7328577004,20019.10619006,77125966.61891283,77125966.61891283,,2026-07-16,,
1394,XBorg,XBG,xborg,0.012981280407036683,0.0,-2.58573708,-4.84926523,3098284.7473846194,0.0,238673278.0,1000000000.0,1000000000.0,2026-07-16,,
1395,iShares Core S&P MidCap Tokenized ETF (Ondo),IJHon,ishares-core-sp-midcap-tokenized-etf-ondo,76.40267148216097,-0.0289376,-0.04330834,1.23316674,3094259.573734996,811342.97393558,40499.3636179,40499.3636179,,2026-07-16,,
1396,Yee Token,YEE,yee-token,0.0030853002502428013,-0.03246434,-7.8164468,-10.90609169,3085300.2502428014,393427.91411316,1000000000.0,1000000000.0,1000000000.0,2026-07-16,,
1397,Sταking,SN88,staking,0.68393221717172,1.21157352,3.29602163,-3.16212354,3082740.775367385,36388.76014237,4507377.62890526,4507377.62890526,21000000.0,2026-07-16,,
1398,Dent,DENT,dent,3.0783158822717496e-05,-15.33861481,5.55381155,6.10316677,3078315.882271748,702553.826141,99999999999.99994,99999999999.99994,100000000000.0,2026-07-16,,
1399,Cult DAO,CULT,cult-dao,7.106460208884103e-07,0.0,3.24241296,12.44593444,3069060.383375958,0.0,4318690730920.0,4957113505372.0,6666666666666.0,2026-07-16,,
1400,Freya Protocol,FREYA,freya-by-virtuals,0.005569751823428471,0.0,0.0,1.71336337,3055565.4900893634,0.0,548599935.3214457,548599935.3214457,1000000000.0,2026-07-16,,
1401,ZenChain,ZTC,zenchain,0.0005477385917986606,-0.10096538,-0.12858159,0.18340679,3053633.5968018263,526516.60925872,5574983473.0,21000000000.0,21000000000.0,2026-07-16,,
1402,Pfizer Tokenized Stock (Ondo),PFEon,pfizer-tokenized-stock-ondo,25.678101652305198,-0.05877913,0.81331663,1.7519311,3050346.6166497935,1429542.9071806,118791.74940395,118791.74940395,,2026-07-16,,
1403,Impossible Finance Launchpad,IDIA,impossible-decentralized-incubator-access,0.004481706137601388,0.0,0.12644232,-0.98506038,3047560.173568944,0.0,680000000.0,1000000000.0,1000000000.0,2026-07-16,,
1404,Propchain,PROPC,propchain,0.07102977093153436,-0.05860282,-4.0540564,-7.12331711,3045123.766779966,49878.1886311,42871090.90799635,63763337.0,100000000.0,2026-07-16,,
1405,Minima,MINIMA,minima-global,0.0054877160374880996,4.81774984,8.62224821,0.01531557,3036720.5214993944,79071.11556566,553366920.0,999978168.0,1000000000.0,2026-07-16,,
1406,Tectum,TET,tectum,0.3055081084539958,0.24664247,-1.70213585,9.20153773,3035072.8868925576,72031.71233411,9934508.45626111,10000000.0,10000000.0,2026-07-16,,
1407,Mr Miggles,MIGGLES,mr-miggles,0.003153805357308318,1.16974731,16.92771584,99.44060467,3019362.0757279093,733059.5650005,957371091.0,958766520.0,958766520.0,2026-07-16,,
1408,Cryptex Finance,CTX,cryptex-finance,0.3222166340884178,-0.00665007,11.11776396,9.12432926,3009053.744663996,1431685.45020469,9338604.61045688,10000000.0,,2026-07-16,,
1409,Central African Republic Meme,CAR,central-african-republic-meme,0.0030296021469599192,-0.047029,0.30946941,-0.37469536,3008268.326070916,8025.60137783,992958210.400527,992958210.400527,1000000000.0,2026-07-16,,
1410,MEVerse,MEV,meverse,0.0017382295550214,-0.03344543,-0.05434001,-3.42845369,3001305.4322708105,19007.12234677,1726645035.8070574,1999999999.99999,,2026-07-16,,
1411,NeuralAI,NEURAL,neuralai,0.29980812651487415,-0.15495267,-0.57667694,-22.09180714,2998081.2651487417,116467.61077604,10000000.0,10000000.0,,2026-07-16,,
1412,Cointel,COLS,cointel,0.003908583067740911,0.1848592,0.13532434,0.26442181,2995330.2672064207,503022.49886539,766346836.0,10000000000.0,10000000000.0,2026-07-16,,
1413,Flamingo,FLM,flamingo,0.005285785768020567,-0.01785775,-0.00843512,-0.00203742,2994152.7733680527,0.0,566453674.9640744,566453674.9640744,1000000000.0,2026-07-16,,
1414,ALTSEASON,ALTSZN,altseason,0.0029842503790291626,2.74399051,22.39923922,28.11595818,2984148.541484978,2296077.27701291,999965875.0,999965875.0,999965875.0,2026-07-16,,
1415,QAIT,QAIT,qait,0.005937709588315636,-0.04625697,-1.37047028,-18.17955999,2968854.794157818,779138.74362515,500000000.0,10000000000.0,10000000000.0,2026-07-16,,
1416,MECCA,MEA,mecca,0.0018232751282912431,1.26212355,-5.04005021,1.45771722,2956134.4607793116,45462.48214288,1621332082.530942,3999998752.530942,100000000000.0,2026-07-16,,
1417,IBM Tokenized Stock (Ondo),IBMon,ibm-tokenized-stock-ondo,215.86003211845588,-0.04112244,-3.34410702,-29.76098861,2954300.7023615884,2102392.84034085,13686.18670797,13686.18670797,,2026-07-16,,
1418,NVIDIA Tokenized Stock (Reality),rNVDA,nvidia-tokenized-stock-reality,211.19217320573415,0.40904651,-0.51164413,3.54694703,2949526.5058554714,22413013.25600776,13966.07867178,13966.07867178,,2026-07-16,,
1419,GmeStop,GME,gme,0.00042694684380464767,0.05366682,1.73190293,-14.83948829,2939620.4792939853,792557.86240545,6885214218.0,6885214218.0,,2026-07-16,,
1420,BitForex Token,BF,bitforex-token,0.0006802506394761733,0.0,0.0,0.0,2917645.130705033,0.0,4289073705.17397,10000000000.0,,2026-07-16,,
1421,Nine Chronicles,WNCG,wrapped-ncg,0.004565987709701389,-0.83913205,-2.45028609,-2.96707987,2917550.875171564,110451.25316206,638974754.35,723789440.0,1000000000.0,2026-07-16,,
1422,Manyu (manyushiba.com),MANYU,manyu-ethereum,2.9012200575076166e-09,0.08735334,-6.67498368,-27.55199491,2901220.0575076165,1586610.91194472,1000000000000000.0,1000000000000000.0,1000000000000000.0,2026-07-16,,
1423,雪球,雪球,xue-qiu,0.005245959166147754,-1.22173328,-1.52644681,-0.44049291,2903047.473541809,187239.54695299,553387356.172197,553387356.172197,1000000000.0,2026-07-16,,
1424,NATIX Network,NATIX,natix-network,7.117778409175787e-05,0.67131554,2.57233886,-8.5657356,2890043.990919258,145622.45193593,40603174541.0,99991483316.62,100000000000.0,2026-07-16,,
1425,Nakamoto Games,NAKA,nakamoto-games,0.02962278084879336,0.33970986,-7.73563846,11.28139604,2885258.8546724734,643468.83078352,97400000.0,180000000.0,180000000.0,2026-07-16,,
1426,Footballcoin (XFC),XFC,footballcoin,0.007285158978331184,-0.08337918,0.22334771,0.24430101,2879589.9923360124,45015.93784113,395267968.8804323,1000000000.0,,2026-07-16,,
1427,Nebius Tokenized bStocks,NBISB,nebius-tokenized-bstocks,198.1054823485639,0.88544685,-0.5639047,-9.43076172,2877051.1381446254,5843553.19539136,14522.82442685,0.0,,2026-07-16,,
1428,Fautor,FTR,fautor,0.001685351212369044,0.05680582,0.05419492,-2.79777273,2867437.826600109,717.32711066,1701388888.8888888,2500000000.0,2500000000.0,2026-07-16,,
1429,GAIB,GAIB,gaib,0.013989502078546327,-0.21466465,-4.27306686,-3.66130619,2865493.031248609,465057.98798425,204831667.0,1000000000.0,1000000000.0,2026-07-16,,
1430,OORT,OORT,oortech,0.0035830519736793393,-0.01537049,-0.08803326,14.79184313,2852638.5309165157,68458.1464003,796147684.1172411,2000000000.0,2000000000.0,2026-07-16,,
1431,Cisco Systems Tokenized Stock (Ondo),CSCOon,cisco-systems-tokenized-stock-ondo,113.45980733206648,0.12113324,-4.64798546,-1.36207837,2849745.9566119886,1293145.3727842,25116.78825852,25116.78825852,,2026-07-16,,
1432,JPMorgan Chase Tokenized Stock (Ondo),JPMon,jpmorgan-chase-tokenized-stock-ondo,351.4232096023062,-0.03993851,1.29114668,4.73940595,2839988.0943832365,1630161.46727794,8081.39023486,8081.39023486,,2026-07-16,,
1433,Roam,ROAM,roam,0.007970049270907819,-2.37464088,5.23711634,7.00501976,2836984.8500956544,7896311.54154737,355955748.034229,995634142.495331,1000000000.0,2026-07-16,,
1434,Zypto,ZYPTO,zypto,0.003153559503422318,0.25414623,0.97943166,9.72311764,2827033.6263976074,94134.32768512,896457994.0,896457994.0,1000000000.0,2026-07-16,,
1435,AMD Tokenized Stock (Reality),rAMD,amd-tokenized-stock-reality,528.8647721356369,1.21152524,-4.49025268,2.5097757,2828547.1147501213,95147.59810097,5348.3371625,5348.3371625,,2026-07-16,,
1436,Star Atlas,ATLAS,star-atlas,0.0001128703748209889,0.04269741,1.55085413,1.42620752,2806217.1472999477,17468.89488436,24862300242.6507,36000000000.0,,2026-07-16,,
1437,Major,MAJOR,major,0.033619621277955265,-0.03669222,-2.78352936,-1.45084404,2802190.995727563,635722.69311739,83349868.0,99999999.0,99999999.0,2026-07-16,,
1438,VOOI,VOOI,vooi,0.008109491894251307,-0.22241649,-4.76239601,-19.71158988,2796580.711641377,589819.9036984,344852766.13,1000000000.0,1000000000.0,2026-07-16,,
1439,Aventus,AVT,aventus,0.46549523529752856,0.10399021,-6.59183809,-20.71486213,2792971.4117851714,21627.40231572,6000000.0,10000000.0,10600000.0,2026-07-16,,
1440,PeiPei (ETH),PEIPEI,peipei-coin,6.622548339469262e-09,-0.30315676,1.91720791,5.86170173,2786002.4716431154,34665.02211596,420684354244576.0,420690000000000.0,420690000000000.0,2026-07-16,,
1441,Grok (grokoneth.com),GROK,grok-erc,0.0004413831796358735,0.1002194,0.84573964,11.20339267,2789052.3863170072,170444.69545194,6318891419.056528,6594615419.056528,6900000000.0,2026-07-16,,
1442,IBStoken,IBS,ibstoken,0.0006907585321196017,-0.04496709,-0.49634102,0.46803017,2780313.591311085,149034.08068686,4025015200.0,20000000000.0,20000000000.0,2026-07-16,,
1443,Palantir Technologies Tokenized Stock (Ondo),PLTRon,palantir-technologies-tokenized-stock-ondo,133.55686570033652,0.1621813,0.03168293,1.08400611,2777426.014272403,2963891.22947036,20795.83104701,20795.83104701,,2026-07-16,,
1444,Pain (paintoken.com),PAIN,pain,0.5552598834531706,-0.04637361,0.53524828,-0.69556985,2776224.2443021657,8009.61412409,4999864.616613,9999864.616613,10000000.0,2026-07-16,,
1445,Electra Protocol,XEP,electra-protocol,0.00014978028812529526,-0.31239645,-2.40195302,-10.70285576,2760534.447515313,60426.42133631,18430559068.0,18430559068.0,30000000560.0,2026-07-16,,
1446,ABBC Coin,ABBC,abbc-coin,0.003027586177145996,-0.0473495,3.26921146,19.09904226,2740886.166213039,2418.49512404,905304095.6861483,907217636.86,1225109279.0,2026-07-16,,
1447,Not Pixel,PX,not-pixel,0.013997073196108156,0.26721573,3.46181595,-1.581501,2735438.0627963743,2716.93944844,195429289.0,225000000.0,225000000.0,2026-07-16,,
1448,Dingocoin,DINGO,dingocoin,2.3737627459456663e-05,0.98214406,1.29972373,-9.8613334,2732745.6695090975,47285.45254641,115122948752.0,115122948752.0,,2026-07-16,,
1449,Infrared,IR,infrared,0.01333672194516101,-0.14907464,-3.73638505,-6.87109041,2734027.998758007,1632070.68319901,205000000.0,1000000000.0,1000000000.0,2026-07-16,,
1450,GOLDAO,GOLDAO,gold-dao,0.0034463417409615854,0.24354972,-0.60718469,2.98455304,2731428.085594385,629.07977504,792558687.1231964,987794316.0971963,,2026-07-16,,
1451,Bellscoin,BELLS,bellscoin,0.04435814593910031,-0.74904115,-11.0666837,-11.93346858,2727253.744292015,9342.36987763,61482591.0,61482591.0,,2026-07-16,,
1452,Procter & Gamble Tokenized Stock (Ondo),PGon,procter-gamble-tokenized-stock-ondo,150.85520463610055,0.3020015,1.15278859,-0.44877478,2716913.1094591343,903861.84944614,18010.07208212,18010.07208212,,2026-07-16,,
1453,USD Coin (Wormhole),USDC(WormHole),usd-coin-wormhole-from-ethereum,1.000140640501564,-0.01790548,-0.05643884,0.18894988,2715163.866582312,57064.8553303,2714782.058272,238515.1731,,2026-07-16,,
1454,Aavegotchi,GHST,aavegotchi,0.05146762052681059,0.47551227,-2.77976635,-10.63648456,2714803.8165093157,227589.27122803,52747801.21406849,52747802.71425598,,2026-07-16,,
1455,IMPT,IMPT,impt,0.0019004200402643187,0.03916867,4.53292641,20.52261474,2712175.9041930162,381765.60616946,1427145497.6952333,1644980746.2341125,2759360954.815418,2026-07-16,,
1456,Free Joby,JOBY,free-joby,0.002702921975645266,-4.36506696,-9.05942065,-13.04583799,2702902.953761386,123075.55100658,999992962.473926,999992962.473926,1000000000.0,2026-07-16,,
1457,Oasys,OAS,oasys,0.00039871421826314155,0.06636768,-0.09701325,5.84726123,2701558.0346510094,65796.39682393,6775675185.147392,10000000000.0,10000000000.0,2026-07-16,,
1458,trac (Ordinals),TRAC,trac,0.1278280856905238,2.8633463,-5.24659958,12.67939581,2684389.799501,72924.66309085,21000000.0,21000000.0,21000000.0,2026-07-16,,
1459,AST SpaceMobile Tokenized Stock (Ondo),ASTSon,ast-spacemobile-tokenized-stock-ondo,59.31823688587958,0.878973,-14.05072397,-21.27990571,2680225.5282982765,1108895.56880001,45183.83669182,45183.83669182,,2026-07-16,,
1460,Vara Network,VARA,vara-network,0.0004492000316900278,-8.11271593,7.84988967,6.60338231,2679302.2584910044,79135.85389424,5964608347.0,10032406684.0,,2026-07-16,,
1461,Forest Protocol,FOREST,forest-protocol,0.023373382407438335,0.39032655,0.06453529,-3.93881858,2673034.853242559,218390.13064394,114362346.30687825,1000000000.0,1000000000.0,2026-07-16,,
1462,Inter Milan Fan Token,INTER,inter-milan-fan-token,0.2121759005323924,-0.6527291,-0.61794547,4.67894631,2672811.0088639255,961348.71095067,12597147.0,19728000.0,19728000.0,2026-07-16,,
1463,Suku,SUKU,suku,0.004010195860980949,-0.00045584,-3.54895286,-21.39729259,2662955.6972170696,92616.22763211,664046293.3812101,1500000000.0,,2026-07-16,,
1464,Verified USD,USDV,verified-usd,0.15474137762725806,0.0,1.03044593,0.60169195,2652548.068131597,0.0,17141815.0,17141815.0,,2026-07-16,,
1465,League of Traders,LOT,league-of-traders,0.006156182288042553,0.26665231,-4.21522152,-3.19441267,2640318.2066247775,169819.64966464,428888893.0,1000000000.0,1000000000.0,2026-07-16,,
1466,AGENDA 47,A47,agenda-47,0.0026263722907882555,1.19618875,-6.75587442,101.60298498,2626347.0644824025,29169.81857225,999990395.0,999990395.0,999990395.0,2026-07-16,,
1467,ROA CORE,ROA,roa-core,0.0034170540319591273,0.069222,-0.05403248,3.12793498,2624297.49654461,6802.07376465,768000000.0,949999869.89,1000000000.0,2026-07-16,,
1468,QuStream,QST,qustream,0.0030181587591107386,0.0,7.55402358,-15.84102242,2619664.3518537716,0.0,867967711.753381,999981662.05052,999985719.0,2026-07-16,,
1469,Dragonchain,DRGN,dragonchain,0.007058821008652458,0.00348113,2.6636416,-17.83241718,2617217.780871521,0.85291565,370772651.3625188,433494437.0,433494437.0,2026-07-16,,
1470,Observer,OBSR,observer,0.0004011507512445322,-0.21580127,-1.62135093,1.5129717,2610320.379810575,4293.0227717,6507080871.0,14000000000.0,14000000000.0,2026-07-16,,
1471,Altcoinist,ALTT,altcoinist,0.010629250709216713,0.1164767,-1.58250461,16.35303336,2604166.4237580947,39552.46995634,245000000.0,1000000000.0,1000000000.0,2026-07-16,,
1472,Doge Killer,LEASH,doge-killer,3.2590932554425296e-12,1.40902471,7.66753524,92.72165798,2589424.672728313,3251.04198794,7.945230374749475e+17,8.029204662380257e+17,,2026-07-16,,
1473,Aleph Cloud,ALEPH,aleph-im,0.010469391776073667,0.08514731,-1.56274324,1.04572826,2588248.0826438772,82278.28155219,247220482.1448135,500000000.0,500000000.0,2026-07-16,,
1474,FEED EVERY GORILLA,FEG,feed-every-gorilla,2.9938532099022653e-05,-0.13530151,-0.15432453,-1.8920058,2587823.44812131,306818.99685171,86437886786.23257,96257785075.26114,100000000000.0,2026-07-16,,
1475,Validity,VAL,validity,0.5067988075641896,0.27475782,2.17166935,7.29606063,2585188.174946722,8957.64192787,5101014.71503421,5105175.61503421,9000000.0,2026-07-16,,
1476,Star Atlas DAO,POLIS,star-atlas-polis,0.008818840133750032,0.26788292,4.16277696,-2.40541831,2575249.6963709663,32760.87734615,292016825.0375,360000000.0,,2026-07-16,,
1477,Novo Nordisk Tokenized Stock (Ondo),NVOon,novo-nordisk-tokenized-stock-ondo,51.799777199637326,-0.01188285,3.58967344,3.3390473,2565425.5261578937,1349935.6539549,49525.80232673,49525.80232673,,2026-07-16,,
1478,United States Oil Tokenized Fund (Ondo),USOon,united-states-oil-tokenized-fund-ondo,120.81028991121615,0.01455525,0.04149575,7.09661106,2561695.0143105965,1387404.87337264,21204.27834577,21204.27834577,,2026-07-16,,
1479,Parcl,PRCL,parcl,0.006183735157534775,0.08613692,-1.78127408,-14.65397991,2549457.891656034,304306.58689283,412284457.0,1000000000.0,1000000000.0,2026-07-16,,
1480,Dimitra,DMTR,dimitra,0.005218884267431501,-0.0418569,-0.59938069,-5.84291161,2539003.8000558815,146727.42946594,486503181.51344335,971071679.0,1000000000.0,2026-07-16,,
1481,Highstreet,HIGH,highstreet,0.02598930398588715,3.87566914,-0.09627129,-13.39150878,2536835.02374372,36486636.33355092,97610733.4433152,100000000.0,100000000.0,2026-07-16,,
1482,Chevron Tokenized Stock (Ondo),CVXon,chevron-tokenized-stock-ondo,184.94929698731082,-0.15091196,-0.2915121,2.5973059,2533692.325346639,2335147.05731035,13699.38878719,13699.38878719,,2026-07-16,,
1483,Zeus Network,ZEUS,zeus-network,0.002697241981403482,-0.32475298,2.99068147,24.690843,2512209.506977215,4873661.92861502,931399379.179918,999996598.696284,1000000000.0,2026-07-16,,
1484,MOO DENG (moodeng.vip),MOODENG,moo-deng-token,6.132156279759184e-06,0.59621687,-6.55230221,41.76628424,2505035.4925779137,185859.57077363,408508097037.0,414508097037.0,420690000000.0,2026-07-16,,
1485,GAMEE,GMEE,gamee,0.0014181317054240662,0.5225142,-2.52963822,3.12760637,2502017.072943356,305832.16148863,1764305151.18846,3180000000.0,,2026-07-16,,
1486,Palo Alto Networks Tokenized Stock (Ondo),PANWon,palo-alto-networks-tokenized-stock-ondo,355.1938665829225,-0.03556145,1.25191243,10.60188417,2502503.543731795,854110.50040606,7045.45821077,7045.45821077,,2026-07-16,,
1487,OneFootball Credits,OFC,onefootball-credits,0.011028371874202211,0.80142578,-10.80135366,-17.54453908,2500918.8351318785,3018911.16372668,226771355.16096243,1000000000.0,1000000000.0,2026-07-16,,
1488,MATH,MATH,math,0.021815149820785158,-0.55202046,-2.32968314,-4.72249828,2494696.8514628843,91606.18335159,114356164.04,200000000.0,,2026-07-16,,
1489,McDonald's Tokenized Stock (Ondo),MCDon,mcdonalds-tokenized-stock-ondo,270.8585388213806,-0.09261283,-1.27255821,-4.4971184,2482232.913104589,1296074.97924889,9164.31478921,9164.31478921,,2026-07-16,,
1490,Humans.ai,HEART,humans-ai,0.00031490262289196933,-0.59326881,-14.511055,-13.05190362,2456240.458557361,126893.55409337,7800000000.0,7800000000.0,7800000000.0,2026-07-16,,
1491,Streamflow,STREAM,streamflow,0.00957517844920166,-0.2200691,-0.1407506,20.2438886,2421141.4294886035,67815.06906063,252856011.230837,1000000000.0,1000000000.0,2026-07-16,,
1492,Volt Inu,VOLT,volt-inu-v2,4.4163945658060555e-08,0.61937913,1.35802749,6.22667023,2418695.329269552,18371.27629785,54766287142827.0,69000000000000.0,69000000000000.0,2026-07-16,,
1493,Syscoin,SYS,syscoin,0.002689204036156442,-0.12311825,-1.521513,12.01244813,2413386.0723527134,62421.7892165,897435092.2818253,897435092.2818253,,2026-07-16,,
1494,Shido Network,SHIDO,shido-network,0.00010237652465737642,-0.04860994,-2.38295596,-11.90633553,2413126.410442371,51790.00292425,23571091307.488533,24572887803.356155,,2026-07-16,,
1495,Nexa,NEXA,nexa,4.100212319462964e-07,-0.03395557,0.76818416,-0.62706634,2402568.6111371573,16897.72369691,5859620000000.0,10766140000000.0,21000000000000.0,2026-07-16,,
1496,Ampleforth Governance Token,FORTH,ampleforth-governance-token,0.16684392836881315,0.00067206,-0.96059119,0.04401551,2393133.0001694434,1009144.45544465,14343542.63632151,15297897.14455933,,2026-07-16,,
1497,CloakCoin,CLOAK,cloakcoin,0.38773892396425264,0.08201465,-33.15768306,-22.94605938,2391938.5260983314,57.58052267,6168940.95037736,6168940.95037736,,2026-07-16,,
1498,Dora Factory,DORA,dora-factory-new,0.004442147562228701,0.10506146,-0.48726214,0.09334121,2386664.231080667,68977.51943586,537277116.0,1000000000.0,1000000000.0,2026-07-16,,
1499,Vai,VAI,vai,0.9968491254609531,0.03184223,0.05596983,-0.07324406,2373770.409776275,33.943965,2381273.50383,2381273.50383,8484461.449726,2026-07-16,,
1500,CLV,CLV,clover,0.0019338590054732716,0.00612246,-3.21967675,-4.56386536,2367315.959515067,63218.56703101,1224140929.0,2000000000.0,,2026-07-16,,
