rank,name,symbol,slug,price_usd,change_1h_pct,change_24h_pct,change_7d_pct,market_cap_usd,volume_24h_usd,circulating_supply,total_supply,max_supply,date_snapshot,fdv_usd,liq_mkt_cap_pct
1,Bitcoin,BTC,bitcoin,63476.2838638333,-0.20116382,0.1517812,4.6695888,1272194601108.0046,25229220256.875843,20042046.0,20042046.0,21000000.0,2026-06-13,1333001961140.5,1.9831
2,Ethereum,ETH,ethereum,1664.3125281601267,-0.12120903,-0.30417163,6.55497737,200856289062.818,9754490109.763521,120684237.88461275,120684237.88461275,,2026-06-13,200856289062.82,4.8565
3,Tether USDt,USDT,tether,0.9994733360832571,0.00095598,0.08094668,-0.01197886,186486426382.82022,59730983550.960106,186584693808.46567,193176961811.19095,,2026-06-13,193075222475.86,32.0297
4,BNB,BNB,bnb,600.878345412903,-0.58448101,-0.2114891,4.88561972,80988664250.83607,994588652.0894977,134783795.87,134783795.87,134783796.65,2026-06-13,80988664719.52,1.2281
5,USDC,USDC,usd-coin,0.9998735611778886,0.00841107,0.00539869,0.01862459,74812993198.90912,10883345379.409636,74822453661.81761,74822453661.81761,,2026-06-13,74812993198.91,14.5474
6,XRP,XRP,xrp,1.132888429155835,-0.10783946,-0.73151443,4.1412149,70300146409.88837,1412624377.2940228,62053900985.0,99985653167.0,100000000000.0,2026-06-13,113288842915.58,2.0094
7,Solana,SOL,solana,66.83262295712758,-0.32298792,0.01458979,6.29920813,38751184275.37604,2414169408.307233,579824381.5783575,628304221.7105702,,2026-06-13,41991219151.95,6.2299
8,TRON,TRX,tron,0.3148441516221146,-0.00281507,-0.26513875,-1.55883183,29855958830.26246,488349483.4674972,94827738347.49986,94827735085.51447,,2026-06-13,29855957803.25,1.6357
9,Hyperliquid,HYPE,hyperliquid,58.50082238509638,-1.89743263,-0.96736709,-1.01660505,14831218892.625515,799269674.2821418,253521545.30401787,954010089.2304664,954010792.8174653,2026-06-13,55810415944.08,5.3891
10,Dogecoin,DOGE,dogecoin,0.08628624150983062,-0.37791427,-0.00184651,6.57677025,14698847705.18176,1258513693.4788005,170349843126.57907,170349843126.57907,,2026-06-13,14698847705.18,8.562
11,UNUS SED LEO,LEO,unus-sed-leo,9.606996910797976,-0.00168473,1.18205548,-0.1377339,8842302378.468548,423526.24458893,920402333.9,985239504.0,,2026-06-13,9465192871.32,0.0048
12,Zcash,ZEC,zcash,415.3725833131264,-0.13511331,-4.18213682,12.49627343,6939993373.028719,596275297.595204,16707875.4155448,16707875.4155448,21000000.0,2026-06-13,8722824249.58,8.5919
13,Monero,XMR,monero,346.55881578846083,0.37261484,-6.64165433,13.50270985,6502910257.379806,223132987.06234282,18764232.68178864,18764232.68178864,,2026-06-13,6502910257.38,3.4313
14,Canton,CC,canton-network,0.1630173209364876,-0.1342141,-1.79216274,9.17441133,6322828750.697691,17924174.79118646,38786238875.567696,38786238875.567696,,2026-06-13,6322828750.7,0.2835
15,Stellar,XLM,stellar,0.18557403098698538,0.13811952,-5.47936817,-3.83231599,6265554595.061278,184742121.37836772,33763100158.667633,50001786839.91258,50001806812.0,2026-06-13,9279036846.74,2.9485
16,Cardano,ADA,cardano,0.17050409122384028,-0.94523156,-0.18760916,10.33078522,6178245115.634242,457302186.66455853,36235172254.74285,44993793496.93305,45000000000.0,2026-06-13,7672684105.07,7.4018
17,Chainlink,LINK,chainlink,7.880887101070187,-0.37319618,-0.02947442,8.20161524,5730192778.115213,215416460.71803513,727099970.4255477,1000000000.0,1000000000.0,2026-06-13,7880887101.07,3.7593
18,Dai,DAI,multi-collateral-dai,0.9996961512305672,0.00496786,0.00770637,-0.0262818,5363752437.733131,90276307.26357831,5365382702.664872,5365382702.664872,,2026-06-13,5363752437.73,1.6831
19,Toncoin,TON,toncoin,1.6793150927858975,-0.19531426,-2.45017213,11.59785586,4497614188.015592,195372171.72338182,2678243176.242929,5196278142.163741,,2026-06-13,8724891834.75,4.3441
20,Ethena USDe,USDe,ethena-usde,0.9996484933914008,0.00422937,0.05667225,0.00759454,4484774895.2403965,89698137.14722392,4486351877.573866,4486351877.573866,,2026-06-13,4484692867.67,2.0002
21,World Liberty Financial USD,USD1,usd1,0.9999715662792257,-0.02604204,0.1772689,0.06189827,4315772045.368548,1831969277.8357627,4315894762.315111,4315894762.315111,,2026-06-13,4315772045.37,42.4482
22,Bitcoin Cash,BCH,bitcoin-cash,202.32739673160154,-0.4334819,-1.12202189,-4.36609943,4056082613.2030077,130186108.7211722,20047125.0,20047125.0,21000000.0,2026-06-13,4248749131.94,3.2074
23,MemeCore,M,memecore,2.9483734800052055,-1.13842192,-0.41741323,2.4038884,3868825482.1124725,9589258.39165612,1312189757.6238008,5379506530.131026,10000000000.0,2026-06-13,29483692955.63,0.2479
24,Hedera,HBAR,hedera,0.07774900250073179,-0.16105643,-2.66059253,-1.46037854,3372225492.1872106,63431082.11532696,43373231600.69443,50000000000.0,50000000000.0,2026-06-13,3887987210.21,1.8805
25,Litecoin,LTC,litecoin,43.302567678791846,0.03297078,1.67176651,1.06866277,3346165407.110843,216455993.01753718,77274064.48347135,84000000.0,84000000.0,2026-06-13,3637241016.32,6.4688
26,Sui,SUI,sui,0.7502053450449347,-0.39403818,-0.79012748,7.94068892,3022725014.9495173,313075763.6854216,4029196852.454399,10000000000.0,10000000000.0,2026-06-13,7505956753.99,10.351
27,Shiba Inu,SHIB,shiba-inu,4.867934564777471e-06,-0.08117803,0.61660797,8.0777689,2868397318.7841635,89144975.66088046,589243195571854.9,589499847110164.1,589552695333683.0,2026-06-13,2870097783.88,3.1068
28,Avalanche,AVAX,avalanche,6.590829155218538,-0.16023009,-0.72298846,0.71814033,2845735230.1326547,203666137.04479566,431771961.1772119,463441061.1772119,715748719.0,2026-06-13,4717480780.96,7.1566
29,PayPal USD,PYUSD,paypal-usd,0.9997570518711473,0.00842121,0.02459143,0.01966566,2778214430.753004,92463426.19727457,2778889556.77111,2778889556.77111,,2026-06-13,2778214430.75,3.3282
30,Cronos,CRO,cronos,0.05980212477177425,0.79299969,-0.11404139,4.86361538,2681629087.7385497,7150602.6083916,44841702497.571465,98708369785.8283,100000000000.0,2026-06-13,5979840553.81,0.2667
31,Global Dollar,USDG,global-dollar-usdg,1.0000469856770977,0.00289757,0.03526515,-0.01424502,2641683336.442349,62351424.46395873,2641559220.993757,2641559220.993757,,2026-06-13,2641683336.44,2.3603
32,NEAR Protocol,NEAR,near-protocol,2.0133494289253844,-0.1412182,-3.1130542,2.65097937,2613460530.408182,346446878.933554,1298066045.0,1298066045.0,,2026-06-13,2614579221.81,13.2502
33,Tether Gold,XAUt,tether-gold,4197.3246375931885,-0.04602444,0.38302709,-2.40878705,2572219844.6536837,1086583011.1025794,612823.659532,707747.089,,2026-06-13,2970644293.84,42.243
34,Bittensor,TAO,bittensor,216.61408658045863,1.07481401,1.44258627,12.79478166,2384967053.2647934,129040201.80441055,11010212.17463125,21000000.0,21000000.0,2026-06-13,4548868916.93,5.413
35,Audiera,BEAT,audiera,7.940134514500911,0.46575054,-9.10332102,340.17183767,2286891070.4580812,269390048.3993443,288016666.0,1000000000.0,1000000000.0,2026-06-13,7928123617.87,11.7969
36,PAX Gold,PAXG,pax-gold,4207.119311947292,-0.03401271,0.35911502,-2.52758264,1922209720.7508144,166281600.17766687,456894.511,456894.511,,2026-06-13,1922189811.05,8.65
37,World Liberty Financial,WLFI,world-liberty-financial-wlfi,0.05972034135582665,-0.33862251,1.46452771,8.09147997,1897548105.1157799,88523719.43640247,31773899178.0,100000000000.0,100000000000.0,2026-06-13,5957426510.22,4.6781
38,Mantle,MNT,mantle,0.5374160535409271,-0.28125216,-0.80437647,3.40697899,1774706014.6933212,27815042.31701948,3302294382.53684,6219316794.889999,6219316795.0,2026-06-13,3343147961.84,1.5683
39,Ondo,ONDO,ondo-finance,0.35540732083696236,-0.39352058,-2.5121431,7.81139803,1730595759.5195825,93839580.68185359,4869330647.0,10000000000.0,,2026-06-13,3555270562.82,5.4195
40,Aster,ASTER,aster,0.6332172824758517,0.14239293,0.55815238,2.45767512,1708280350.2732272,55901040.06038835,2697779099.764817,7822218820.515041,8000000000.0,2026-06-13,5065267974.21,3.2715
41,Ripple USD,RLUSD,ripple-usd,0.9999652289622218,0.00410897,0.00598774,0.02010138,1638838335.3450735,149205507.77801305,1638895321.4362097,1638895321.4362097,,2026-06-13,1638822224.28,9.1041
42,Polkadot,DOT,polkadot-new,0.9668047121505343,0.07282586,1.72121533,3.30680798,1632350245.7953787,94132488.21026877,1688397072.6253731,1688397072.6253731,2100000000.0,2026-06-13,2030958265.03,5.7631
43,Worldcoin,WLD,worldcoin-org,0.47715021637700195,-0.57857686,-4.83552223,13.84007005,1621260222.2099864,643675280.8618536,3397798359.0161676,10000000000.0,,2026-06-13,4769157415.23,39.7263
44,DeXe,DEXE,dexe,18.760874953779616,-1.2199386,-11.87710486,-3.71611075,1570917129.734598,67661157.72695616,83733681.59026702,96504599.33609451,,2026-06-13,1810510720.61,4.3065
45,OKB,OKB,okb,74.88133851704403,1.38928424,3.69808225,8.79695475,1572508108.8579247,18097485.41415616,21000000.0,21000000.0,21000000.0,2026-06-13,1586994912.61,1.1613
46,Uniswap,UNI,uniswap,2.5006872099603084,-0.21336349,-0.52630233,3.63649384,1555681418.274117,98302677.6481111,622101561.5538775,894236420.0329479,,2026-06-13,2236166347.8,6.3026
47,Pi,PI,pi,0.12709970905191964,0.0431508,-0.06550944,3.78756844,1365296224.435214,6033047.37983314,10741930368.050621,100000000000.0,100000000000.0,2026-06-13,12707394055.9,0.442
48,USDD,USDD,usdd,0.9994358174379641,-0.00112783,0.08239642,0.00376119,1358549223.5454166,29495910.06523842,1359316126.0,1359316126.0,,2026-06-13,1358391865.56,2.1735
49,Sky,SKY,sky,0.056283172343915173,-0.13812794,-1.02527861,-3.16620072,1309768249.1256962,11060144.75294734,23271045226.84739,23462665147.365967,23462665147.0,2026-06-13,1320553226.12,0.8444
50,Internet Computer,ICP,internet-computer,2.3395988187403107,-0.26482144,3.38280453,4.08926162,1294809789.4844246,58334116.35517186,553432400.0819839,553432400.0819839,,2026-06-13,1294639376.43,4.506
51,Bitget Token,BGB,bitget-token-new,1.787665816787542,0.1009744,0.98593583,-2.05704021,1249182247.5226235,13976563.36686727,698778393.4736861,913931274.6481038,919992035.98,2026-06-13,1644781672.08,1.1188
52,Pepe,PEPE,pepe,2.8144067786768957e-06,-0.37814457,0.43199852,6.00583392,1164524054.0920389,265680874.59674186,413772473444475.9,413772473444475.9,413772473444475.9,2026-06-13,1164455580.03,22.8155
53,Ethereum Classic,ETC,ethereum-classic,7.151524020955244,-0.22742904,-1.77086765,6.23412986,1123380688.69881,34967869.71202292,157082698.09443468,210700000.0,210700000.0,2026-06-13,1506424823.21,3.1147
54,Cosmos,ATOM,cosmos,2.0000669646022677,0.3054137,-0.23424939,22.7617358,1027163502.2965137,41623116.28537578,513564555.825147,513564555.825147,,2026-06-13,1026327917.7,4.0557
55,Aave,AAVE,aave,65.09968638008839,-0.30517196,0.99496169,8.68111306,1003112487.0884196,110523250.28834656,15408868.19687099,16000000.0,,2026-06-13,1041933311.0,11.0167
56,United Stables,U,united-stables,1.0001592601030211,-0.00387622,0.05768597,0.00113846,1000117936.532873,152303738.04467705,999958683.01,999958683.01,,2026-06-13,1000193505.79,15.2163
57,Morpho,MORPHO,morpho,1.976232696038623,-0.36874412,-0.56357581,20.72544365,992487896.4674602,15023217.25640869,502212061.5942199,999999999.8010328,1000000000.0,2026-06-13,1975806577.27,1.5135
58,KuCoin Token,KCS,kucoin-token,6.694167555216083,-0.17120206,-0.61848481,9.55964971,901403277.64915,3771993.17463042,134655021.73556715,142155021.73556715,200000000.0,2026-06-13,1339351402.42,0.4184
59,Render,RENDER,render,1.6680305916289158,-0.5717128,1.45792218,2.73488964,865279628.5728192,40132671.15515652,518743261.01407415,533503434.2940742,644168762.0,2026-06-13,1075018910.65,4.6352
60,Stable,STABLE,stable,0.03609357598677051,0.98340388,7.46687155,16.30907305,849826204.874093,17043214.67525109,23545081961.0,100000000000.0,100000000000.0,2026-06-13,3609381885.88,2.0064
61,Kaspa,KAS,kaspa,0.030896210635500597,-0.25484544,-0.04115619,2.05136453,849806024.2124016,9671689.17313144,27505186129.070183,27505186129.070183,28704026601.0,2026-06-13,886849562.45,1.138
62,Quant,QNT,quant,66.2702872239546,-0.41689019,-2.52936026,2.74968974,800063814.8395512,8949180.44399645,12072738.0,14881364.0,14881364.0,2026-06-13,986130501.75,1.118
63,Polygon (prev. MATIC),POL,polygon-ecosystem-token,0.07472190264980991,0.01484588,0.11815245,-1.42886016,796549014.5323973,42550830.74071375,10660181101.992104,10660181111.992104,,2026-06-13,797630372.52,5.3392
64,Venice Token,VVV,venice-token,16.658619815206105,3.33267319,9.51784473,-5.00911142,781979345.711156,63099587.1493503,46941424.58292732,80299360.80801004,,2026-06-13,1345734968.03,8.1021
65,Algorand,ALGO,algorand,0.08674500690012675,-0.06448073,-1.70079161,-6.05123226,774196974.0053446,32806489.05589686,8924974493.306696,10000000000.0,10000000000.0,2026-06-13,867622233.49,4.2368
66,Humanity,H,humanity-protocol,0.256407837417357,19.86114401,34.75323592,-55.7606561,726183625.220385,86093770.71485962,2832142857.0,10000000000.0,10000000000.0,2026-06-13,2070270863.98,14.6781
67,Ethena,ENA,ethena,0.07745357737655796,0.30037785,-2.73165358,-15.16411701,719834184.7433856,184067005.55039352,9293750000.0,15000000000.0,15000000000.0,2026-06-13,1162530201.74,25.5285
68,GateToken,GT,gatetoken,6.561267171492313,0.02637733,1.53684306,5.80613889,698912195.0020053,3091838.86215076,106520916.88,142622843.67,142622843.67,2026-06-13,935552817.64,0.4425
69,币安人生,币安人生,bianrensheng,0.6738006967116195,-1.16609151,0.4793342,0.08466252,673800696.7116195,15339246.59945443,1000000000.0,1000000000.0,1000000000.0,2026-06-13,672702746.0,2.2802
70,Flare,FLR,flare,0.00787546843912331,-0.0689944,4.31485638,18.34418539,673488118.7851185,10063975.01803842,85517213863.67343,105978112700.89731,,2026-06-13,834835562.61,1.4936
71,JUST,JST,just,0.07663187317282363,-0.00861121,3.09037303,-6.69495004,654724682.7407739,36647579.97167067,8543764567.312736,8543764567.312736,,2026-06-13,654655566.44,5.5959
72,XDC Network,XDC,xdc-network,0.03027681735495386,-0.50686012,-0.45979445,3.31240147,622388866.4999714,11693505.61687654,20556614627.07,38075634206.25,,2026-06-13,1152807297.7,1.8783
73,Filecoin,FIL,filecoin,0.7612003207209056,0.02090981,0.24095813,5.52272085,600608928.4236114,71815759.842595,789028738.0,1957706786.0,,2026-06-13,1490376965.75,11.9546
74,Midnight,NIGHT,midnight-network,0.0351185863584756,-0.20574079,6.06145623,15.28061183,583228390.0537144,81731211.67987387,16607399401.0,24000000000.0,24000000000.0,2026-06-13,842909995.36,14.0131
75,Jupiter,JUP,jupiter-ag,0.16884639304070564,-0.31745446,5.02787597,9.57897742,560622868.4265876,29947673.00310441,3320312968.08,6862435229.582892,6864785739.32,2026-06-13,1159071809.06,5.3415
76,OFFICIAL TRUMP,TRUMP,official-trump,2.2930406008908184,-1.27696673,30.94804382,44.18076973,544397975.519049,856416345.579304,237413142.753581,999999102.411153,999999102.411153,2026-06-13,2292589655.11,157.5298
77,Aptos,APT,aptos,0.6505910701691233,-0.11692883,0.09167918,0.03408533,541123480.818418,99623167.77417384,831741328.201371,1204110876.073493,2100000000.0,2026-06-13,1368330042.56,18.389
78,Pump.fun,PUMP,pump-fun,0.0015153211777619864,-0.11046092,3.91414619,9.91294005,528091728.04914385,54971404.40314898,348501516245.6153,858963319916.8379,1000000000000.0,2026-06-13,1516511236.42,10.409
79,Arbitrum,ARB,arbitrum,0.08395225803290333,-0.54034028,0.629668,6.30569502,525190340.10416627,53691511.02735465,6255821492.0,10000000000.0,,2026-06-13,839845377.58,10.218
80,Nexo,NEXO,nexo,0.8009247898488844,0.4577346,-0.21025591,9.12182876,517514220.77308536,5545364.70275941,646145839.5746847,1000000000.0,1000000000.0,2026-06-13,800897027.44,1.0907
81,Injective,INJ,injective,5.111500744781276,0.61230893,-7.68554162,0.77213781,511001608.38324505,117294784.36889799,99970954.5,100000000.0,,2026-06-13,511312310.33,22.928
82,TrueUSD,TUSD,trueusd,0.9987721720866982,0.00465631,0.0327534,-0.08486552,493907903.57754385,25309958.02876022,494515083.0,494515083.0,,2026-06-13,493901552.42,5.1247
83,PancakeSwap,CAKE,pancakeswap,1.3236550269239251,-0.27145745,-0.19354237,14.14942979,465740548.1478707,20497641.44667274,351859463.88933134,364241883.4500047,400000000.0,2026-06-13,529456497.82,4.4009
84,Dash,DASH,dash,34.4720891380131,-0.11372906,-2.86637126,10.98361391,438835170.04976714,55557297.22789165,12730158.83350842,12730158.83350842,18900000.0,2026-06-13,651764273.84,12.6816
85,EURC,EURC,euro-coin,1.1570371684221177,0.01161498,0.00098051,0.45754967,437922152.7694491,41134076.22027527,378485812.4883362,378485812.4883362,,2026-06-13,437809814.18,9.391
86,VeChain,VET,vechain,0.005020850970764945,-0.58965031,1.64779329,7.29901872,431718077.46480423,16750793.52755198,85985041177.0,85985041177.0,86712634466.0,2026-06-13,435527004.36,3.875
87,Pudgy Penguins,PENGU,pudgy-penguins,0.006742249495641707,-0.37409644,-0.35250917,9.20408735,423820473.8339101,64714493.96206545,62860396090.04,76724221264.3,88888888888.0,2026-06-13,599247783.18,15.2721
88,Artificial Superintelligence Alliance,FET,artificial-superintelligence-alliance,0.18448111669486422,-1.01165575,-3.90116106,-4.65362054,416720906.68925726,146054331.8052424,2258881093.9307284,2714384546.672,2719493897.0,2026-06-13,501612296.53,35.0608
89,Terra Classic,LUNC,terra-luna,7.398107671091724e-05,-0.96292583,4.72362094,28.90199748,408138161.40895724,25852206.89044046,5516791314132.484,6455924041590.756,6455924041590.756,2026-06-13,477858697.63,6.3207
90,Virtuals Protocol,VIRTUAL,virtual-protocol,0.6166391336189295,-0.23081712,3.22905971,12.83817105,405167411.2468895,90078274.8117504,657057570.8827373,1000000000.0,1000000000.0,2026-06-13,616809163.19,22.226
91,Bonk,BONK,bonk1,4.400589513256211e-06,-0.42633295,-0.4040085,3.9998515,387228651.0607177,40081590.60000074,87994722046726.03,87994722046726.03,88872433754423.19,2026-06-13,391079415.3,10.3488
92,Lighter,LIT,lighter,1.5216889206306357,0.050239,-1.60398756,6.69268619,380422230.15765893,43898645.18306904,250000000.0,1000000000.0,1000000000.0,2026-06-13,1521427006.08,11.5375
93,Sei,SEI,sei,0.05283932654907574,-0.77002764,5.86107694,12.67953663,374983087.3747146,52321559.15525338,7096666666.0,10000000000.0,10000000000.0,2026-06-13,528799786.63,13.928
94,Curve DAO Token,CRV,curve-dao-token,0.23625341099072433,-0.97636743,-9.91219473,31.19247574,358216387.41388685,65566799.11493155,1516237949.3769553,2389818581.235015,3030303030.299,2026-06-13,716043645.67,18.2947
95,Kite,KITE,kite,0.19208941429688106,-0.21549404,2.04270517,9.7732589,345760945.7343859,23763182.36162863,1800000000.0,10000000000.0,10000000000.0,2026-06-13,1920950274.76,6.8704
96,Stargate Finance,STG,stargate-finance,0.5113147058138361,0.2531508,-17.17557854,134.82405351,337954155.82011664,90899419.618047,660951371.0,1000000000.0,1000000000.0,2026-06-13,516031145.5,26.6593
97,Aerodrome Finance,AERO,aerodrome-finance,0.356768544529515,-0.412356,1.52909242,12.04484904,339863471.299146,10985957.99933297,952616133.0936213,1917063820.2728043,,2026-06-13,684000967.33,3.2202
98,First Digital USD,FDUSD,first-digital-usd,0.9978476953883053,0.00248634,0.08443176,0.04408703,336790093.6458554,94517756.71327227,337516532.034276,337516532.034276,,2026-06-13,336798642.25,28.1052
99,Stacks,STX,stacks,0.1794866019773507,-0.55229553,-2.50260355,2.28878207,325697426.85074323,6091358.25778229,1814605788.19049,1814570813.19049,,2026-06-13,325716781.98,1.8697
100,Sun [New],SUN,sun-token,0.01688662719919049,-0.30767111,1.20285955,-2.67512613,324750223.48286307,64949793.13790764,19231207016.782543,19231207016.782543,19900730000.0,2026-06-13,336099209.99,20.0371
101,ETHGas,GWEI,eth-gas,0.1816193714993697,0.40639444,10.12210042,71.11494893,317833900.12389696,9690074.70453551,1750000000.0,10000000000.0,10000000000.0,2026-06-13,1813639898.24,3.0512
102,LayerZero,ZRO,layerzero,0.9149265713852275,-0.50876691,1.91121912,-4.06404361,314047894.75642914,34065359.9144306,343249288.60788333,1000000000.0,1000000000.0,2026-06-13,915425026.9,10.8456
103,SKYAI,SKYAI,skyai,0.3051721505163895,5.97300301,12.27506328,55.19044976,305172150.5163895,66107899.045872,1000000000.0,1000000000.0,1000000000.0,2026-06-13,305153279.67,21.654
104,Celestia,TIA,celestia,0.32641846760750437,-0.00318514,0.66892498,10.18297255,300283119.0590992,28916162.29795659,919932996.62251,1168685161.483695,,2026-06-13,382021459.0,9.618
105,SPX6900,SPX,spx6900,0.31698586519443117,-0.55164174,-2.71233386,12.34262644,295111650.14587593,6015430.42927849,930993090.07,930993090.07,1000000000.0,2026-06-13,317139116.24,2.0422
106,Pyth Network,PYTH,pyth-network,0.037486580194191245,-0.64456758,-1.07724431,20.46930345,295206141.36751115,25422727.27408241,7874981922.550913,9999981922.550913,10000000000.0,2026-06-13,374891737.59,8.5923
107,Immutable,IMX,immutable-x,0.14244888923105858,-0.67868695,-0.20013947,12.48795024,284897778.46211714,13405285.94986992,2000000000.0,2000000000.0,2000000000.0,2026-06-13,285098636.05,4.7056
108,ether.fi,ETHFI,ether-fi-ethfi,0.3156673437792573,-0.37504274,3.41561576,11.50526244,277997415.21886134,40151372.04187772,880665741.0,1000000000.0,1000000000.0,2026-06-13,315859294.7,14.4468
109,Gnosis,GNO,gnosis-gno,104.99439838461404,-0.22633498,7.97144982,16.69240142,277133805.29896873,4419694.06301885,2639510.38877118,2999934.74577209,,2026-06-13,314982971.44,1.5951
110,Chiliz,CHZ,chiliz,0.025881865895465785,-1.10277166,-5.95426391,5.45361701,269451540.56125087,65133598.46164736,10410823611.0,10410823611.0,,2026-06-13,269590876.62,24.135
111,AINFT,NFT,apenft,2.651643483384166e-07,-0.41091485,-0.25005752,-1.15926964,262540704.3495255,8074198.58277091,990105592982874.8,990105592982874.8,999990000000000.0,2026-06-13,265191011.01,3.0772
112,BitTorrent [New],BTT,bittorrent-new,2.6523118810382053e-07,-0.0046091,-0.55160864,0.96930695,261793231.16500533,5573088.81401806,987037885840674.8,987037885840674.8,,2026-06-13,261787534.38,2.1284
113,Jito,JTO,jito,0.5341645901326403,-0.29218959,0.30095945,8.57878262,257775571.4262547,30552530.81395189,482577048.7,986523003.1373062,,2026-06-13,527476417.53,11.8395
114,Zebec Network,ZBCN,zebec-network,0.002540283592396063,-0.26167667,0.63902426,4.28087345,254025253.9253166,8888529.56756405,99998777571.8038,99998777571.8038,100000000000.0,2026-06-13,253965918.86,3.4985
115,Tezos,XTZ,tezos,0.23347849121254627,-0.52025872,1.21423732,-2.69721911,253951990.46812016,13882613.08891208,1087689016.445356,1107674671.464758,,2026-06-13,258695834.6,5.4572
116,Monad,MON,monad,0.021128016587908482,0.03095348,-1.53069335,3.27415813,249842282.2747548,29297716.39108852,11825165000.0,100682925000.0,,2026-06-13,2128357590.74,11.7197
117,Telcoin,TEL,telcoin,0.00246121033790815,0.31332975,-1.10179453,2.1027502,236458928.87788963,819916.75404533,96074246575.31,100000000000.0,100000000000.0,2026-06-13,246050819.17,0.3472
118,DoubleZero,2Z,doublezero,0.06799897712215526,-0.26011545,-1.08352952,-1.34065007,236052839.1639494,6168832.28899492,3471417500.0,9998367667.4,10000000000.0,2026-06-13,679924214.64,2.6131
119,FLOKI,FLOKI,floki-inu,2.4691002164877152e-05,-0.60199555,-0.11872461,7.05574388,235728634.91646063,19486795.28890571,9547147310682.416,9649371007560.455,,2026-06-13,238255011.73,8.2669
120,BUILDon,B,buildon,0.23500866444749954,-0.94922193,-1.215748,6.65064811,235008664.44749954,6065278.03263864,1000000000.0,1000000000.0,,2026-06-13,235188536.67,2.5764
121,Bitcoin SV,BSV,bitcoin-sv,11.7001298478288,-0.32570255,0.85389973,-0.66703727,234489468.60986876,11913995.27653659,20041612.5,20041612.5,,2026-06-13,234541720.02,5.0801
122,Conflux,CFX,conflux-network,0.044832197487012115,-0.70022048,-1.0927225,2.70358923,233846249.62152117,8240429.11243783,5216033626.04,5216033626.44,,2026-06-13,233910365.45,3.5203
123,Falcon Finance,FF,falcon-finance-ff,0.08075858405514247,0.89370933,2.2845855,-13.26934287,232180929.1585346,16890878.99623057,2875000000.0,10000000000.0,10000000000.0,2026-06-13,807723103.38,7.2788
124,JasmyCoin,JASMY,jasmy,0.004662906068703356,-0.61774391,-2.64988417,5.02795379,230557389.06170952,10359721.88641806,49444999677.16958,50000000000.0,50000000000.0,2026-06-13,233143123.36,4.4939
125,Kaia,KAIA,kaia,0.036255237215960155,-0.84848895,-2.87974476,-2.54239348,229928226.95231867,7993708.89790927,6341931390.014474,6341931390.014474,,2026-06-13,229885061.93,3.4747
126,Lido DAO,LDO,lido-dao,0.2578362822854438,-1.47229243,-2.64106986,1.91613616,217313351.05009413,29000830.77467263,842834643.4560835,1000000000.0,,2026-06-13,258090164.14,13.3404
127,Optimism,OP,optimism-ethereum,0.10078140790789133,0.22022258,4.66993205,5.40177437,216933965.0084392,47977805.2753079,2152519691.0,4294967296.0,4294967296.0,2026-06-13,432472572.6,22.1544
128,Pendle,PENDLE,pendle,1.268587123494027,-0.03371685,0.6977339,5.48068186,216761615.60836664,30941822.60477863,170868528.92795205,281527448.45853144,,2026-06-13,357808327.16,14.2628
129,The Graph,GRT,the-graph,0.019735383879973107,-0.81464496,-0.76074223,0.73077887,214161655.3159111,14926361.7183449,10851658960.291931,11562083960.291723,,2026-06-13,228248784.97,6.9676
130,Starknet,STRK,starknet-token,0.033632318660864836,-0.82341906,-0.25686763,5.99916928,213738785.91379258,26071541.98637253,6355160584.348971,10119600000.0,,2026-06-13,340346449.95,12.1806
131,Decred,DCR,decred,11.929895703710603,-0.14740072,-1.91776788,-1.52842193,208341142.49426156,2067318.74314777,17463785.74202123,17463785.74202123,21000000.0,2026-06-13,250473209.2,0.9927
132,IOTA,IOTA,iota,0.04621488780921245,-0.42123999,-0.83607669,5.48709764,207432147.88788074,9267354.74274005,4488426949.0,4600000000.0,,2026-06-13,212991757.66,4.4555
133,Ethereum Name Service,ENS,ethereum-name-service,4.867881692355886,-0.16070794,1.63784431,7.96970903,196704514.64578336,9697961.24231385,40408647.34955898,100000000.0,,2026-06-13,486931587.0,4.9256
134,siren,SIREN,siren-bsc,0.2627061503484633,-25.68016197,-46.6840794,-62.71290718,190663253.05641553,73152295.79320769,725766232.741459,725766232.741459,,2026-06-13,188187264.32,39.3732
135,Akash Network,AKT,akash-network,0.6187258337167639,1.14605307,1.06730231,11.65879016,182355492.0371685,5008572.86756853,294727457.784874,294727457.784874,388539008.0,2026-06-13,240696015.0,2.7453
136,OriginTrail,TRAC,origintrail,0.35943400200246106,-0.70164344,1.5304557,8.02800498,179717001.00123054,3780548.52420024,500000000.0,500000000.0,500000000.0,2026-06-13,179735179.89,2.1058
137,Nexus,NEX,nexus-labs,2.9738201729187437e-06,-0.31844642,-3.09275552,-4.57304489,178429210.37512463,32600005.68248117,60000000000000.0,100000000000000.0,100000000000000.0,2026-06-13,297381382.0,18.3586
138,Pieverse,PIEVERSE,pieverse,0.6705605731702211,-2.43957011,9.28576654,7.58375614,174749574.01263204,34770299.43185427,260602220.0,1000000000.0,1000000000.0,2026-06-13,669993400.93,19.9499
139,Compound,COMP,compound,17.239172493850827,-0.71547359,-2.37410991,9.87331589,172159552.03991744,9203361.89138893,9986532.24807202,10000000.0,,2026-06-13,172481305.57,5.3371
140,Trust Wallet Token,TWT,trust-wallet-token,0.38931275730089476,-0.32467882,0.30245234,5.4080456,167350182.5285165,5569428.43345331,429860515.46,999860531.46,999860531.46,2026-06-13,389338700.41,3.3272
141,Axie Infinity,AXS,axie-infinity,0.9610129581830786,0.15107409,1.67240845,5.29616398,166625063.57859704,16813788.70343019,173384825.00134403,270000000.0,,2026-06-13,259693916.33,10.1031
142,Raydium,RAY,raydium,0.5907129351915721,-0.52347372,0.64466624,6.41735417,158963152.13711044,13468067.41865562,269103895.762089,554997694.569932,555000000.0,2026-06-13,327782937.84,8.4532
143,dogwifhat,WIF,dogwifhat,0.158069020773255,-0.25144152,0.68519274,6.17434922,157885503.8493553,45596385.6845519,998839007.649937,998839007.649937,998840592.989347,2026-06-13,157937650.51,28.857
144,edgeX,EDGE,edgex,0.44871868011132016,0.66878883,13.75011199,-7.31214311,157051538.03896207,20064080.52896617,350000000.0,1000000000.0,1000000000.0,2026-06-13,448935062.77,12.827
145,Theta Network,THETA,theta-network,0.15560962471206957,-0.60451301,-1.25456604,4.91207503,155609624.71206957,6868053.76071965,1000000000.0,1000000000.0,1000000000.0,2026-06-13,155639792.57,4.4128
146,MX Token,MX,mx-token,1.6902779128333354,-0.04807277,-0.62932114,-2.68311198,155230617.23369792,6636664.17429564,91837334.0,409024834.0,413787834.0,2026-06-13,699392505.79,4.2746
147,Maple Finance,SYRUP,maple-finance,0.1302392614030695,-1.03763606,-1.42522566,3.7062929,155116172.4484648,7173726.53676963,1191009306.8510675,1244677492.5110993,,2026-06-13,162252741.12,4.6487
148,Neo,NEO,neo,2.1805646490445643,-0.27600072,0.06631759,3.03243135,153814481.26352882,8747830.17630588,70538831.0,100000000.0,,2026-06-13,218158393.7,5.693
149,The Sandbox,SAND,the-sandbox,0.05161286226605163,-0.48805072,-1.55380455,0.26303609,151619993.3458792,16091480.86262405,2937639702.3733225,3000000000.0,,2026-06-13,154870170.06,10.6072
150,Plasma,XPL,plasma-xpl,0.08365435518421793,-0.78112433,2.74465832,30.56755187,150577839.33159226,306367088.46755975,1800000000.0,10000000000.0,,2026-06-13,834421142.12,202.4473
151,Genius Terminal,GENIUS,genius-terminal,0.4434971272401173,-0.2073646,-5.77538468,5.83146238,148738762.20873934,20820393.33635509,335377059.0,953973324.288,1000000000.0,2026-06-13,443596135.1,13.9692
152,Onyxcoin,XCN,onyxcoin,0.003833752135203645,-0.47442033,-0.56987809,3.24807597,147645788.52892604,6723754.65949855,38512085111.90911,48402432357.486084,68892071756.90897,2026-06-13,263840219.46,4.5608
153,EigenCloud,EIGEN,eigencloud,0.17668772776002598,-0.66008555,-2.57297747,9.5767352,139765454.46540695,13588407.49278237,791030912.2048013,1829680687.7494304,,2026-06-13,323919010.62,9.7057
154,Basic Attention Token,BAT,basic-attention-token,0.08845856218216841,-0.19415114,-3.4440276,4.42807048,132309652.57444459,13604189.20504614,1495724656.9526057,1500000000.0,1500000000.0,2026-06-13,132749996.78,10.2768
155,Decentraland,MANA,decentraland,0.06645610244940968,-0.73096274,-2.01868412,-0.7056397,131975809.60878916,10386516.99151835,1985909566.5331404,2193179327.320146,,2026-06-13,145685643.14,7.85
156,Convex Finance,CVX,convex-finance,1.3415048692719345,-1.12551311,-7.38326948,14.36915426,131628428.06632996,5853545.74010145,98119977.85574026,99973351.91129074,,2026-06-13,134047157.37,4.4431
157,THORChain,RUNE,thorchain,0.3880415217185482,-0.30194717,-2.61352135,22.82515868,131302655.8638477,5474358.31608507,338372696.0,354208499.0,354208499.0,2026-06-13,137613096.71,4.1703
158,Gala,GALA,gala,0.002653001026208981,-0.81803287,-1.38571287,7.48897976,128749307.74912669,17540105.86783938,48529686372.98405,48529686372.98405,50000000000.0,2026-06-13,132653441.61,13.6222
159,ApeCoin,APE,apecoin-ape,0.1276961838938603,-0.80850294,-1.32330769,6.46575637,127696183.8938603,13093536.4848371,1000000000.0,1000000000.0,1000000000.0,2026-06-13,127680389.93,10.2541
160,Arweave,AR,arweave,1.9131236434245784,-0.0108095,0.30671588,-0.29581779,125601284.95372826,22748274.92525186,65652466.0,65652466.0,66000000.0,2026-06-13,126523224.88,18.0812
161,Vision,VSN,vision-token,0.03341840453141197,-0.01151344,1.6759447,12.93010162,121404583.94445802,4329531.9800528,3632865950.567525,4131342861.9472613,4200000000.0,2026-06-13,140407931.23,3.5674
162,SafePal,SFP,safepal,0.24260817023829215,-0.23095933,-2.03251256,7.24044948,121304085.11914608,2595968.75630495,500000000.0,500000000.0,500000000.0,2026-06-13,121307966.33,2.1487
163,Centrifuge,CFG,centrifuge,0.20737055400555685,-0.35732082,-1.98813271,11.09158972,119685188.70687929,13997761.39113434,577156141.0,697164473.0,,2026-06-13,144569244.18,11.6857
164,Fartcoin,FARTCOIN,fartcoin,0.11808633233996213,-0.45622355,0.95348602,10.06130795,118086126.39739853,12942504.20418471,999998256.0,1000000000.0,1000000000.0,2026-06-13,118008745.95,10.9621
165,ZKsync,ZK,zksync,0.011857234684623205,0.27615162,6.19552303,17.68517861,117423125.0574588,18114655.57186261,9903078431.07267,14749884093.830284,21000000000.0,2026-06-13,248161826.63,15.594
166,Vaulta,A,vaulta,0.07118152562178703,1.21344442,0.58346995,17.20935134,117266793.47643466,12924377.14079986,1647432988.4346,2100000000.0,2100000000.0,2026-06-13,149567373.27,11.0092
167,Sentient,SENT,sentient,0.016129212232851423,0.87358693,1.960143,31.93803465,116741284.68409744,20542667.95545366,7237878887.0,34359738368.0,,2026-06-13,553800896.35,17.6075
168,Defi App,HOME,defi-app,0.030258446570021465,-0.40389883,-0.39735662,-45.36523745,116041142.5963349,34209493.78633776,3835000000.01,10000000000.0,10000000000.0,2026-06-13,302469411.47,29.4507
169,WEMIX,WEMIX,wemix,0.2502310354943729,0.20422195,-2.87014605,-6.04545118,115676262.92099947,1397782.92772014,462277841.3255647,552473209.5478008,590000000.0,2026-06-13,147773064.79,1.2077
170,Cheems (cheems.pet),CHEEMS,cheems-pet,6.137092014133672e-07,-1.38201626,12.41343199,28.48794948,115067428.06098102,2737304.46476778,187495034775398.0,203672952644644.2,203672960023058.0,2026-06-13,124754868.6,2.3849
171,Golem,GLM,golem-network-tokens,0.10923150614721157,-0.4825522,0.8622598,-1.75628912,109231506.14721157,6636506.12551402,1000000000.0,1000000000.0,1000000000.0,2026-06-13,109259972.56,6.0755
172,AB,AB,newton,0.0011038321527706938,0.0294854,0.14849197,-0.95810624,109084734.75491922,1827197.64006402,98823661261.46,98823661261.46,98823661261.46,2026-06-13,108750275.09,1.6855
173,eCash,XEC,ecash,5.423205545930774e-06,-0.10089818,0.60011572,1.4627944,108688589.17850946,3521671.60136255,20041392172580.0,20041392172580.0,21000000000000.0,2026-06-13,113882400.54,3.2395
174,Tagger,TAG,tagger,0.0009923205791127114,-0.59671662,-0.93061276,1.47436343,107572088.25494404,3328308.01153771,108404572594.0,405380800000.0,,2026-06-13,401660685.4,3.0905
175,dYdX,DYDX,dydx-chain,0.12371879078205854,0.42759742,2.60992122,-9.96250576,104429067.77021146,6092151.56162161,844084129.0970293,958342962.317931,1000000000.0,2026-06-13,123800149.29,5.8435
176,AWE,AWE,awe-network,0.05364589336987269,-0.51457958,-0.32986945,4.95489913,104202871.38274798,4389484.41858062,1942420283.0270672,1942420283.0,1942420283.027067,2026-06-13,104232155.46,4.2032
177,NEXPACE,NXPC,maplestory-universe,0.3643063092626353,2.26014445,-4.12769348,-0.8385189,103822575.76208958,10190737.97993052,284987037.3429133,991676090.3429134,1000000000.0,2026-06-13,364660073.49,9.7956
178,Story,IP,story-protocol,0.2904358153135923,-0.47553445,-0.59738529,-7.74953713,103278907.0922252,34828681.04748541,355599763.0,1029126850.0,,2026-06-13,298167997.58,33.8066
179,KAITO,KAITO,kaito,0.42371149661455787,1.18599921,2.53148658,-6.74055218,102279247.42431538,11197125.23787469,241388889.0,1000000000.0,1000000000.0,2026-06-13,423073696.47,10.975
180,1inch,1INCH,1inch,0.07192120425215112,-0.28581787,-0.31929077,6.65265292,101508186.2268781,7766368.48700955,1411380514.0275033,1500000000.0,1500000000.0,2026-06-13,107893604.44,7.6436
181,River,RIVER,river,4.87326654037661,-1.53844522,-2.08310439,-4.25416591,95516024.19138156,7825903.78256592,19600000.0,100000000.0,100000000.0,2026-06-13,487435821.61,8.1452
182,Keeta,KTA,keeta,0.17049648835765333,-0.25022506,-7.28286315,25.14620194,94498508.70245294,2546232.07175377,554254868.3127235,1000000000.0,1000000000.0,2026-06-13,170445334.05,2.6452
183,Grass,GRASS,grass,0.3859809875241333,-1.07490417,0.41496284,20.05723301,94142727.8863436,19666638.6687861,243905091.0,1000000000.0,,2026-06-13,386251459.47,20.856
184,DeepBook Protocol,DEEP,deepbook-protocol,0.017634100207965627,1.44376239,6.26322367,6.65352743,94026313.96752611,5865399.79089773,5332073247.77778,10000000000.0,10000000000.0,2026-06-13,176475856.36,6.2474
185,YZY MONEY,YZY,yzy,0.30095716916028686,-0.04948541,-0.00409425,0.19789121,90609435.48569341,200321.6065574,301070865.792985,999999453.293035,1000000000.0,2026-06-13,300241354.81,0.2215
186,Livepeer,LPT,livepeer,1.8145537957539988,-0.44762654,0.73816259,0.63711784,90163281.08680336,7841478.14573396,49688954.55058027,49688954.55058027,,2026-06-13,90137894.1,8.6827
187,SOON,SOON,soon,0.17482845853398,0.95978022,2.53504292,17.81435941,89936460.00782485,10035109.82333043,514426888.86,998466231.2532852,,2026-06-13,174113255.61,11.1643
188,Aethir,ATH,aethir,0.004395590270676396,-0.6367851,-2.33842628,4.95045564,88477801.80572632,11158596.59372337,20128764593.0,42000000000.0,42000000000.0,2026-06-13,184782511.87,12.6113
189,FTX Token,FTT,ftx-token,0.26765036284799953,-0.45400041,-3.67945739,19.40121625,88028893.87453532,2735140.33578687,328895103.813207,328895103.813207,352170015.0,2026-06-13,94359063.46,3.1054
190,Four,FORM,binaryx-new,0.22936969974699106,-0.25627091,-3.8056277,-4.86433251,87588777.65571856,6860288.78896069,381867255.144574,572301922.0959299,580000000.0,2026-06-13,132912994.73,7.8245
191,Sonic,S,sonic,0.030407597105584154,-0.77978255,-0.90517578,4.69547843,87573879.66408236,10301121.02054481,2880000000.0,3222625000.0,,2026-06-13,98005640.67,11.7767
192,Kamino,KMNO,kamino-finance,0.018267491362589663,1.39450913,10.34648383,30.80121787,88121882.8822318,18582449.01999995,4823972878.0,9999957955.883097,10000000000.0,2026-06-13,183011655.84,21.0456
193,MultiversX,EGLD,multiversx-egld,2.8626988690770547,-0.48194216,-0.83599582,1.75739771,86247169.72180627,6007371.95017808,30127922.51865901,30133078.0,,2026-06-13,86251035.71,6.9653
194,Official Melania Meme,MELANIA,melania-meme,0.08595830012777504,0.16909533,10.25118905,24.38505557,85957966.53396842,12954104.85839829,999996119.120479,999996119.120483,,2026-06-13,85785562.91,15.0759
195,Fluid,FLUID,instadapp,1.0714872456794595,-0.49920219,-2.99606262,1.02490618,84322828.36627813,2292568.97782914,78696996.82034639,100000000.0,,2026-06-13,107134548.94,2.718
196,Reserve Rights,RSR,reserve-rights,0.0013458962396294917,-0.41129778,-0.62283526,2.64467804,84190081.78596584,4450061.43705785,62553174091.0,100000000000.0,100000000000.0,2026-06-13,134589737.69,5.2851
197,CoW Protocol,COW,cow-protocol,0.14324811313671693,-0.47843934,0.4782438,9.69269002,83087241.95072556,2448592.93439339,580023290.5785401,1000000000.0,1000000000.0,2026-06-13,143328828.27,2.946
198,Synthetix,SNX,synthetix,0.2383499946266947,-0.69278361,-2.77450083,3.43559125,82115442.63170375,4602797.96342556,344516234.45728827,344939867.55566317,339889850.089,2026-06-13,81200018.65,5.6163
199,RaveDAO,RAVE,ravedao,0.32434526785568124,-1.92816793,-0.97468614,0.84433955,81890873.23982605,9629216.83090006,252480555.0,1000000000.0,1000000000.0,2026-06-13,324697959.88,11.7986
200,Walrus,WAL,walrus-xyz,0.03383283695826179,0.16218171,3.69421484,-5.74147309,81304536.31532286,7913161.01622056,2403125000.0,5000000000.0,5000000000.0,2026-06-13,169383866.98,9.7254
201,Rain,RAIN,rain,0.013037741140228407,-0.09452133,-1.47223685,0.54646645,8118111002.677227,49671539.96205263,622662385712.5458,1149866514596.9126,1149866514596.9126,2026-06-13,14990956629.48,0.6113
202,LAB,LAB,lab,9.729797889526033,-2.65521216,0.41628169,-0.92670342,3015773526.2876763,30264539.11100525,309952330.0,1000000000.0,1000000000.0,2026-06-13,9713194150.75,1.0046
203,Ondo US Dollar Yield,USDY,ondo-us-dollar-yield,1.1304536241786418,0.00431389,-0.00618364,-0.349433,2139658969.3847184,95072.11721438,1892743694.7617724,1892743694.7617724,,2026-06-13,2140052843.3,0.0044
204,HTX,HTX,htx,1.6912366729723545e-06,-0.53795107,1.54296128,-2.45018188,1531766016.4733605,121840041.49534377,905707664073577.8,999990000000000.0,999990000000000.0,2026-06-13,1691015052.92,7.933
205,Falcon USD,USDf,falcon-finance,0.9956790976607034,9.482e-05,0.11769393,-0.05348869,1297196569.0044622,1092551.95380609,1302825952.7112286,1302825952.7112286,,2026-06-13,1297298517.85,0.0842
206,c8ntinuum,CTM,c8ntinuum,0.1873962072510787,0.16749405,-0.43502281,1.70933857,835481580.5485626,14584562.43999566,4458369744.0,8888885606.0,8888888888.0,2026-06-13,1662927814.99,1.7494
207,Jupiter Perps LP,JLP,jupiter-perps-lp,3.3520795261145135,-0.20993279,0.01165664,4.24592313,759182148.8181511,4284173.23422686,226480947.99175,226480947.99175,,2026-06-13,759191976.15,0.563
208,Beldex,BDX,beldex,0.07894195630063873,-0.01046225,75.61459384,-0.36291162,610874598.0052818,7740943.53553292,7738275394.12447,9937895394.12447,,2026-06-13,784409733.37,1.2711
209,GHO,GHO,gho,0.9991680656925311,0.00206954,0.06333014,0.02718396,598501671.3498261,1062957.97574919,599000000.0,599000000.0,,2026-06-13,598501890.6,0.1776
210,TBLL tokenized ETF (xStock),TBLLX,tbll-tokenized-etf-xstock,105.43253,0.0,0.0023997,-0.45687903,569060385.7467258,2451.8793483,5397389.07666093,5397389.07666093,,2026-06-13,569060385.75,0.0004
211,Usual USD,USD0,usual-usd,0.9986785181769295,0.0,-0.00424255,0.01907208,559266198.5485361,0.0,560006236.6110237,560006236.6110237,,2026-06-13,559254509.68,
212,Solstice USX,USX,solstice-usx,1.0010748485325338,0.01822267,-0.00914117,-0.00901479,508764117.22102845,7097770.71466076,508217860.0,359692577.0,,2026-06-13,360087023.98,1.3943
213,USDai,USDAI,usdai,0.9997675126009761,0.0,0.02846272,0.00763143,501234568.18071854,0.0,501351126.0,501351126.0,,2026-06-13,501234568.18,
214,USDGO,USDGO,usdgo,1.0001415665449809,-0.00399961,0.03413201,0.02062235,483639135.3501272,20886730.62068059,483570677.92,483570677.92,,2026-06-13,483631034.15,4.3158
215,Unibase,UB,unibase,0.1299334275768473,-2.98266445,1.49216261,20.58016518,324833568.9421182,21584947.81700368,2500000000.0,10000000000.0,10000000000.0,2026-06-13,1299789053.92,6.6341
216,Ducky,DUCKY,ducky,0.0006357546285279328,0.0,0.51626204,3.93599015,263457267.71381152,0.0,414400864566.0,420690000000.0,420690000000.0,2026-06-13,267455614.68,
217,Legacy Frax Dollar,FRAX,frax,0.9933368616317737,0.02836168,0.0195657,0.06930538,240236219.42767218,294522.97355998,241847684.01026767,241847684.01026767,,2026-06-13,240236134.15,0.1226
218,Strategy PP Variable tokenized stock (xStock),STRCX,strategy-pp-variable-tokenized-stock-xstock,99.2184051464018,0.00897834,-0.79973736,2.38319109,233612601.30893722,67066.42905601,2354528.88971789,2354528.88971789,,2026-06-13,233192426.81,0.0288
219,Ape and Pepe,APEPE,ape-and-pepe,1.0824083304195197e-06,-0.23096476,-3.51139266,4.46234964,227305749.38809913,29253118.87979487,210000000000000.0,210000000000000.0,210000000000000.0,2026-06-13,227239160.67,12.8408
220,48 Club Token,KOGE,bnb48-club-token,62.33262980009294,-2.01124467,-0.12207353,-1.94377373,211197188.4053401,229118.13048498,3388228.43,3388228.433995,3388228.433995,2026-06-13,211099808.16,0.1085
221,Velvet,VELVET,velvet,0.4483385823149505,-3.05743179,-74.72738694,194.07090276,188648740.77532998,143970180.48443875,420772934.1544987,1000000000.0,1000000000.0,2026-06-13,447752924.87,76.3661
222,USAT,USAT,tether-usat,0.9991467701956529,-0.0029353,0.08399031,-0.01895156,187325275.50237054,2823043.64472821,187485243.5,187485243.5,,2026-06-13,187319821.1,1.5049
223,Intel tokenized stock (xStock),INTCX,intel-tokenized-stock-xstock,122.86328425412508,0.09583056,5.24842756,24.13010459,178202331.38476273,53662.1148817,1450411.58932539,1450411.58932539,,2026-06-13,178203125.0,0.0301
224,Billions Network,BILL,billions-network,0.07319723443268651,-0.06688082,6.60342563,1.71087065,177737117.96561489,286747081.42093617,2428194444.0,10000000000.0,10000000000.0,2026-06-13,730563544.93,161.5105
225,Bitway,BTW,bitway-btw,0.07997766430880844,2.49221324,5.96965254,55.41631034,175950861.47937858,15913330.42505274,2200000000.0,10000000000.0,10000000000.0,2026-06-13,802481281.57,8.9757
226,WeFi,WFI,wfi,2.0327654201284258,-0.05912759,-1.26258241,1.48588379,171555765.6981305,1469969.46551361,84395259.77733918,1000000000.0,1000000000.0,2026-06-13,2032848109.7,0.8568
227,SP500 tokenized ETF (xStock),SPYX,sp500-tokenized-stock-xstock,746.3608168724858,-0.05866138,0.63716797,1.35426858,161556538.17144522,9816402.36350337,216459.02962648,216459.02962648,,2026-06-13,161522727.64,6.1262
228,Marvell tokenized stock (xStock),MRVLX,marvell-tokenized-stock-xstock,287.22952983043547,-0.35598842,1.09800071,2.13745652,160286030.00369883,12547.2450732,558041.61256791,558041.61256791,,2026-06-13,160286030.0,0.0078
229,Tesla tokenized stock (xStock),TSLAX,tesla-tokenized-stock-xstock,403.8538466747826,-0.14281345,1.17673251,4.08302499,157403995.3086415,14520929.43502151,389754.84969293,389754.84969293,,2026-06-13,157388503.54,9.925
230,Circle tokenized stock (xStock),CRCLX,circle-tokenized-stock-xstock,78.62010303111018,-0.20526776,-5.60685627,-0.34424073,152881168.9366656,10985854.71608249,1944555.69304164,1944555.69304164,,2026-06-13,152884492.51,7.1908
231,SwissBorg,BORG,swissborg,0.1552868783832136,-0.56062991,0.87161851,3.65461652,152530915.72639224,147448.84099687,982252443.442,982252443.442,982602443.0,2026-06-13,152632014.24,0.0967
232,Nasdaq tokenized ETF (xStock),QQQX,nasdaq-tokenized-stock-xstock,722.7653284008159,-0.0347153,0.64501174,3.4388866,151599751.81149402,2581389.53169116,209749.61838156,209749.61838156,,2026-06-13,151590496.51,1.7043
233,GUSD,GUSD,gusd,0.9986764869964639,0.02258201,0.13172974,0.07084182,149242214.21675158,262530.42910437,149440000.0,320000000.0,,2026-06-13,319593646.05,0.1761
234,Yooldo,ESPORTS,yooldo,0.2501669314528378,-35.47793272,83.7727083,468.87875716,147388739.29496646,67196377.46366839,589161558.7999991,899999019.7999991,900000000.0,2026-06-13,224949470.25,45.6602
235,Apple tokenized stock (xStock),AAPLX,apple-tokenized-stock-xstock,293.17970756248945,0.46820573,-1.04788521,-3.97359641,146844506.31834343,10586141.52741981,500868.58855006,500868.58855006,,2026-06-13,146844595.34,7.2083
236,Zano,ZANO,zano,9.388960098580842,-0.00544351,4.13907056,14.31041295,143888054.65552694,1413608.94822655,15325238.7,15325238.7,,2026-06-13,143947098.41,0.9828
237,Alphabet tokenized stock (xStock),GOOGLX,alphabet-tokenized-stock-xstock,361.67922226248487,0.02061581,0.03298883,0.07735193,139507169.97973698,25487475.10231311,385720.71988833,385720.71988833,,2026-06-13,139538434.16,18.2505
238,AUSD,AUSD,agora-finance,0.9997704677463949,-0.00221754,0.00732484,0.00023364,138504547.93546173,6446790.21838011,138536346.495279,138536346.495279,,2026-06-13,138503948.7,4.6546
239,EUR CoinVertible,EURCV,eur-coinvertible,1.1557707793163667,0.01487483,0.00482175,0.45594069,137141686.14603516,15548253.7579789,118658205.07,118658205.07,,2026-06-13,137086612.71,11.3394
240,Robinhood tokenized stock (xStock),HOODX,robinhood-tokenized-stock-xstock,92.55818596194618,-0.27581458,0.11123816,15.30241507,136033237.98808527,7978741.92748498,1469705.10035723,1469705.10035723,,2026-06-13,135998903.52,5.8642
241,NVIDIA tokenized stock (xStock),NVDAX,nvidia-tokenized-stock-xstock,204.75600143377466,-0.27528771,-0.41202915,1.31046503,133934409.8557851,9403556.76682182,654117.13902366,654117.13902366,,2026-06-13,133908521.42,7.0222
242,Shuffle,SHFL,shuffle,0.2976576654254128,-0.10936682,-1.2324021,0.13804606,126574230.60029761,1073695.48596065,425234238.19573915,956134768.8996149,,2026-06-13,284299467.83,0.8497
243,Ailey,ALE,project-ailey,0.258646946479562,-0.02826856,0.0842572,0.53470794,125838924.09970912,112480.16551941,486527777.7777778,1000000000.0,1000000000.0,2026-06-13,258654091.59,0.0894
244,Frax USD,FRXUSD,frax-usd,0.9999585294840784,0.02421261,0.02095851,-0.02867943,124680166.87615518,5001107.22286799,124685337.64143503,124685337.64143503,,2026-06-13,124684377.5,3.8628
245,U.S. Dollar Tokenized Currency (Ondo),USDon,us-dollar-tokenized-currency-ondo,0.9995356650813758,0.00741857,0.07030993,-0.05480813,124186541.15060706,34313503.60268117,124244232.08600225,124244232.08600225,,2026-06-13,124191026.09,27.4958
246,TronBank,TBK,tronbank,0.6325977408402905,1.71778484,1.82632718,1.5879094,117241484.07624233,36924.67888532,185333390.410956,1000000000.0,1000000000.0,2026-06-13,623235728.66,0.0366
247,Aster USDF,USDF,usdf,0.9991640984468841,0.0202345,0.15021307,-5.51874642,115902213.86197954,51227.69166644,115999177.75482497,115999177.75482497,,2026-06-13,115903915.17,0.0443
248,Undeads Games,UDS,undeads-games,1.161873262715434,-0.03613609,-0.36548311,-1.03149492,115720545.44737034,308267.36338184,99598251.51404023,250000000.0,250000000.0,2026-06-13,290558531.05,0.2663
249,Ribbita by Virtuals,TIBBIR,ribbita-by-virtuals,0.11420385095336333,-0.79033532,2.26515449,8.45751699,114203850.95336333,1254516.68834282,1000000000.0,1000000000.0,1000000000.0,2026-06-13,114199524.02,1.0984
250,Circle Internet Group Tokenized Stock (Ondo),CRCLon,circle-internet-group-tokenized-stock-ondo,78.44062143700218,-0.12701017,-5.65185432,-0.83723472,110910625.64076823,10875681.67031335,1413943.73997717,1413943.73997717,,2026-06-13,110953016.07,9.7585
251,GoМining,GOMINING,gomining-token,0.27010813055338107,-0.17178882,6.14902175,2.59245629,109195751.74583931,11248962.42094183,404266807.9710363,404266807.9710363,404266807.9710363,2026-06-13,109198703.63,10.2958
252,ViciCoin,VCNT,vicicoin,16.693291918521613,0.35574499,-0.71048987,-0.86938689,101647320.40844302,1030316.8880661,6089111.77642936,9898128.75201834,10000000.0,2026-06-13,166313124.8,1.0133
253,Gold tokenized ETF (xStock),GLDX,gold-tokenized-stock-xstock,386.3411295690303,-0.05564546,0.34391314,-2.881501,100547304.90298617,328343.93371151,260255.24389585,260255.24389585,,2026-06-13,100539776.32,0.3263
254,StandX DUSD,DUSD,standx-dusd,0.998847714983923,-0.00064627,0.11308547,-0.06993372,100309622.96177912,783002.34799017,100425341.578114,100425341.578114,,2026-06-13,100309623.01,0.7806
255,Smilek to the Bank,SMILEK,bscbet-online,4.998084432020469e-05,0.0,0.05855223,-0.02879569,97907529.01880552,0.0,1958901062006.0,2008932945814.0,2008932945814.0,2026-06-13,100408164.81,0.0
256,Solstice eUSX,EUSX,solstice-eusx,1.0402421102768973,-0.00956394,0.08590697,0.71870271,97411790.34538773,3551205.29098881,93643383.0,140284603.0,,2026-06-13,145944864.37,3.6374
257,Rollbit Coin,RLB,rollbit-coin,0.05892701543473154,-1.59138212,-2.92263116,2.26617177,97229882.09722127,372180.4344157,1650005203.5541248,1650005203.5541248,,2026-06-13,97229882.1,0.3828
258,BitMart Token,BMX,bitmart-token,0.28976683998204933,-0.06508924,-0.20521259,-3.33187304,93966059.12213509,9618715.91300802,324281615.96391135,626297236.4413097,881679315.0,2026-06-13,255506599.51,10.2359
259,SoSoValue,SOSO,sosovalue,0.27426989281116654,-1.27563598,-18.13980565,-15.25521081,93800727.91121303,5502966.59934274,342001548.0,1000000000.0,1000000000.0,2026-06-13,274656395.57,5.8558
260,Collector Crypt,CARDS,collector-crypt,0.23425139564886066,0.13138829,-0.58017025,44.44814574,93540935.6052463,3515516.54460992,399318583.977458,1999705784.374363,2000000000.0,2026-06-13,469159494.71,3.7411
261,AMD Tokenised Stock (xStock),AMDx,amd-tokenised-stock-xstock,516.7217802795445,-0.00766779,5.0359806,12.57403181,91514929.08136278,29319.16528922,177106.77694262,177106.77694262,,2026-06-13,91536201.01,0.0252
262,GEODNET,GEOD,geodnet,0.20700146408486847,0.91231049,20.73024655,39.9997992,90827677.0231499,4302069.7200477,438777945.0,976569568.0,1000000000.0,2026-06-13,206956058.52,4.7376
263,AI Rig Complex,ARC,ai-rig-complex,0.08984344057502336,0.43902809,2.93188986,11.52295764,89843289.54819976,15367843.91059102,999998319.0,999998319.0,999998319.0,2026-06-13,89913422.78,17.091
264,Wibegram,WIBE,wibegram,4.270737595468973,0.06726012,1.1673148,9.38491962,87061821.65339841,285817.76099052,20385664.0,300000000.0,300000000.0,2026-06-13,1281008716.17,0.3283
265,Microsoft tokenized stock (xStock),MSFTX,microsoft-tokenized-stock-xstock,392.32512316764155,0.45189323,-0.57809345,-5.0140552,86213255.58370627,41146.60950138,219749.51511547,219749.51511547,,2026-06-13,86213255.58,0.0477
266,Pharos,PROS,pharos,0.6167138227197672,0.09873507,12.55924811,-0.13831573,83626394.36080043,13523916.29034269,135600000.0,1000000000.0,,2026-06-13,619637319.89,16.107
267,Cisco tokenized stock (xStock),CSCOX,cisco-tokenized-stock-xstock,123.80997571151397,-7.858e-05,0.99407469,0.84239335,82559956.92200479,218.4200835,666827.98738589,666827.98738589,,2026-06-13,82559946.96,0.0003
268,would,WOULD,wouldmeme,0.08247762360674094,0.15095948,0.18814677,3.33888936,82432474.7205009,102665.21735519,999452592.3,999452789.37,1000000000.0,2026-06-13,82049169.4,0.1253
269,Meta tokenized stock (xStock),METAX,meta-tokenized-stock-xstock,569.3859557893007,0.01034942,-0.59261464,-3.16244631,81146490.85598189,1768820.04360452,142515.79272533,142515.79272533,,2026-06-13,81149713.43,2.1819
270,Rootstock Infrastructure Framework,RIF,rsk-infrastructure-framework,0.08069116177863513,-1.92757784,26.95860194,15.24024786,80691161.77863513,12065165.43691028,1000000000.0,1000000000.0,1000000000.0,2026-06-13,78393809.32,15.1917
271,Nockchain,NOCK,nockchain,0.03674712724392822,-0.60843558,-2.61531374,6.87511433,80579994.31062037,859004.04951972,2192824320.0,4294967296.0,4294967296.0,2026-06-13,157359787.05,0.9936
272,RealLink,REAL,reallink,0.05834392015337882,-0.3826006,-0.48059524,16.09334648,80166982.26609674,6336477.34907423,1374041752.0,3277618975.0,12000000000.0,2026-06-13,700197894.15,7.9012
273,Allora,ALLO,allora,0.3937538683048309,0.458196,0.71301965,76.37122609,78947650.5951186,156798203.12586933,200500000.0,785499999.0,1000000000.0,2026-06-13,391853469.3,199.5705
274,ZIGChain,ZIG,zigcoin,0.05569806879543788,-0.46365311,-0.11488322,13.57664436,78475281.34195708,1806796.80889291,1408940795.2396517,2000000000.0,1953940796.0,2026-06-13,108819487.14,2.3007
275,Horizen,ZEN,horizen,4.293425627287969,-0.3516627,-1.32105165,3.19274365,77716726.44409321,21871152.06711195,18101332.87278685,21000000.0,21000000.0,2026-06-13,90223406.03,28.0572
276,Micron Technology Tokenized Stock (Ondo),MUon,micron-technology-tokenized-stock-ondo,988.8290679824969,-0.10835227,-0.59096773,16.07477885,76504896.9203131,7974471.74052427,77369.18280164,77369.18280164,,2026-06-13,76414506.22,10.4244
277,TAC Protocol,TAC,tac-protocol,0.016415524084831233,0.63686206,-1.33345447,-10.73671818,76317025.46868077,2264305.09251315,4649076391.0,10250248463.0,,2026-06-13,168181588.67,2.9632
278,Qtum,QTUM,qtum,0.7189866527049491,-0.37209566,1.51382628,5.65402696,76244332.22212146,7711710.93740734,106044155.25,107822406.0,107822406.0,2026-06-13,77550547.23,10.1047
279,BNB Attestation Service,BAS,bnb-attestation-service,0.03037671832768235,0.41755847,-2.06533426,-1.01261125,75941795.81920588,5023503.30098204,2500000000.0,10000000000.0,10000000000.0,2026-06-13,303787387.08,6.6221
280,Derive,DRV,derive,0.10237520166057917,-0.16084187,-2.0789408,14.24278615,75504750.02778803,186578.17543805,737529683.0,1500000000.0,1500000000.0,2026-06-13,153701004.76,0.2476
281,Huma Finance,HUMA,huma-finance,0.023121686481341625,-0.3363218,5.97932817,3.53197821,75396211.93891336,7569440.84061886,3260843970.0,9999996010.090069,10000000000.0,2026-06-13,231620031.0,10.0117
282,SUPERFORTUNE,GUA,superfortune,0.6016922188931907,-2.82121102,2.22166535,-18.43294207,75211527.36164884,1748250.25363138,125000000.0,1000000000.0,1000000000.0,2026-06-13,597303065.37,2.3394
283,Joseon Mun,JSM,joseon-mun,0.00023770278054832311,-0.02666853,0.38871854,-2.53409671,75225798.96012782,375457.79073349,316470000000.0,2400000000000.0,2400000000000.0,2026-06-13,570461557.79,0.4989
284,lisUSD,lisUSD,lisusd,0.9974400572972494,0.00212915,-0.02678668,-0.29832112,75172071.31601657,3752.306156,75365001.40139686,75365001.40139686,,2026-06-13,75172071.32,0.005
285,0x Protocol,ZRX,0x,0.08841033316479566,-0.85163521,-0.07745573,8.25611865,75007022.78162168,7922945.56961077,848396562.8973439,1000000000.0,1000000000.0,2026-06-13,88546943.61,10.5387
286,Backpack,BP,backpack-exchange,0.29920040525986474,2.11747642,9.36584245,31.48234238,74800055.57089764,2541595.28045038,249999847.11227742,999999847.1122774,1000000000.0,2026-06-13,298859948.15,3.4067
287,Beam,BEAM,onbeam,0.0014455609854840995,-0.81459319,-0.30952448,4.48709351,74157545.53165603,2582529.8505621,51300184687.0,58470184687.0,58470184687.0,2026-06-13,84588302.97,3.4728
288,Xphere,XP,xphere,0.026699201415223497,2.10792887,-4.54636218,-35.54082884,74129712.60715286,1361429.87294757,2776476773.754184,2776476773.7574625,5500000000.0,2026-06-13,146613997.97,1.8405
289,MicroStrategy tokenized stock (xStock),MSTRX,microstrategy-tokenized-stock-xstock,123.67762903723882,-0.3282844,3.39749337,4.39275828,73992988.6944194,2004660.1132311,598273.02051643,598273.02051643,,2026-06-13,73969860.7,2.7203
290,Cysic,CYS,cysic,0.45868813462019886,-0.3161555,-0.63322178,2.02942146,73757052.04692797,4190720.00909943,160800000.0,1000000000.0,1000000000.0,2026-06-13,458236267.49,5.6566
291,USDsui,USDsui,usdsui,0.9990287864568226,-0.05968965,-0.02830281,-0.03557379,73503420.44267035,1746592.28144128,73574877.36,73574877.36,,2026-06-13,73496092.89,2.3762
292,TROLL (SOL),TROLL,troll-sol,0.07350688625199357,-1.43979819,8.07855139,13.21078928,73416606.01740849,2568999.71308337,998771812.558138,998771812.558138,1000000000.0,2026-06-13,73405333.99,3.5
293,Vanguard Total World Tokenised ETF (xStock),VTx,vanguard-total-world-tokenised-etf-xstock,153.26444,0.0,0.00289704,-1.03218388,72918871.0743951,14.18002599,475771.62109094,475771.62109094,,2026-06-13,72918871.07,0.0
294,Orca,ORCA,orca,1.198522869037222,1.45569061,16.28639067,19.01769627,72868734.6286414,106572312.10306863,60798785.330794,74999553.667933,,2026-06-13,89309856.5,147.3593
295,Coinbase tokenized stock (xStock),COINX,coinbase-tokenized-stock-xstock,159.61082264530987,-0.23960931,-0.3689487,6.89217407,72763537.16836362,11488204.35800869,455880.97324741,455880.97324741,,2026-06-13,72835702.5,15.1447
296,Gas,GAS,gas,1.1137397924670878,-0.25067831,0.57036416,3.24983564,72384545.23989227,3400411.43158105,64992331.0,64992331.0,,2026-06-13,72429684.76,4.6872
297,Lumera Health,LUR,lumera-health,4.763528356397264,-0.06787953,2.01261095,7.98973204,72265235.9530091,575526.7132545,15170527.08544481,100000000.0,100000000.0,2026-06-13,476253597.71,0.7997
298,Linde tokenized stock (xStock),LINX,linde-tokenized-stock-xstock,515.64293,0.0,0.91254648,0.72414947,72009829.94145092,211.95554202,139650.57164936,139650.57164936,,2026-06-13,72009829.94,0.0003
299,Banana For Scale,BANANAS31,banana-for-scale,0.007199670140926791,-2.98477449,-18.73257373,-27.59382659,71996701.40926792,41496170.56601425,10000000000.0,10000000000.0,10000000000.0,2026-06-13,72223956.89,57.3775
300,Quack AI,Q,quack-ai,0.017451618114568107,1.67098798,1.19274747,-3.7484023,70970738.07609536,4192392.01731394,4066713906.422868,9999991598.422869,10000000000.0,2026-06-13,174586993.99,5.905
301,Berachain,BERA,berachain,0.2562269418574121,-0.13529334,2.47499762,6.21294653,70909184.38350937,26683484.53155819,276743670.5503423,542382559.4392313,,2026-06-13,139029763.64,37.607
302,Ravencoin,RVN,ravencoin,0.00434558602764171,-0.95487065,0.59215755,5.95616709,70809339.08529319,4544561.97477919,16294543160.550533,16294543160.550533,21000000000.0,2026-06-13,91578880.63,6.4171
303,ORDI,ORDI,ordi,3.3628674961308676,-0.5344208,2.86429852,15.15874097,70620217.41874821,28075081.61912546,21000000.0,21000000.0,21000000.0,2026-06-13,70724389.77,39.7389
304,Comedian,BAN,comedian,0.07016243204354117,-1.38030548,-8.65909485,13.90489244,70159755.9782206,10708943.04226997,999961859.0,999961859.0,999961859.0,2026-06-13,70121909.97,15.2502
305,AIOZ Network,AIOZ,aioz-network,0.055622883912269695,-0.29207521,-1.86070677,8.58039426,70045666.47930714,3097283.41008143,1259295842.8726125,1259295842.8726125,,2026-06-13,70075159.45,4.4446
306,Palantir tokenized stock (xStock),PLTRX,palantir-tokenized-stock-xstock,127.95889435268415,0.0,-2.13703876,-4.80800694,69862092.69755617,1453.76681538,545972.93178386,545972.93178386,,2026-06-13,69862092.7,0.0021
307,Coca-Cola tokenized stock (xStock),KOX,coca-cola-tokenized-stock-xstock,81.93359023668862,0.00068398,-1.37762989,3.91624396,69773385.36516,739.5480537,851584.6207105,851584.6207105,,2026-06-13,69773367.78,0.0011
308,Safe,SAFE,safe1,0.09189340216852797,-0.69643387,-0.38210108,-3.62518804,68903764.99115604,909475.15335503,749822766.0,1000000000.0,1000000000.0,2026-06-13,91879782.55,1.3205
309,Playnance,GCOIN,playnance,0.002752270953984252,-0.59861246,-2.67157209,56.31211281,68878332.8944099,514305.97900304,25026000000.0,77000000000.0,77000000000.0,2026-06-13,211960278.65,0.7395
310,Zama,ZAMA,zama,0.03097442905431815,-0.41246324,-3.59067871,7.89854603,68143743.91949993,23560420.97220669,2200000000.0,11000000000.0,,2026-06-13,340308407.05,34.5937
311,Bio Protocol,BIO,bio,0.030816208478757448,1.0963173,-1.62714219,18.45180574,67996314.06879647,44361178.47429378,2206511359.62,3311003850.7754154,3320000000.0,2026-06-13,102409382.76,65.3132
312,ECOMI,OMI,ecomi-new,0.00024063826223024714,-0.35033073,-0.43130462,41.28124105,67994815.70636538,881745.77400146,282560283955.61914,305278604837.5089,,2026-06-13,73682887.21,1.3006
313,Useless Coin,USELESS,theuselesscoin,0.0677029934210375,2.32702782,9.96739383,1.7267103,67641043.12863913,11797850.74253755,999084969.670202,999084969.670202,1000000000.0,2026-06-13,67307866.94,17.5391
314,Light,LIGHT,light,0.10522691137852057,-1.19589856,-3.19728842,9.31631388,67474597.50286365,0.0,641229478.4567523,919835649.630122,1000000000.0,2026-06-13,105286936.77,
315,Yearn,YFI,yearn-finance,1882.859618134819,-0.57226745,0.18339386,7.76792792,67436400.31921612,3193224.20689276,35815.94701469,36646.35595035,,2026-06-13,69036773.97,4.7229
316,Kusama,KSM,kusama,3.6734203181560066,-0.34842591,0.69730666,3.22227935,67418934.60473779,4800705.13213121,18353177.35667693,18353177.35667693,,2026-06-13,67403611.64,7.0743
317,iShares Core S&P 500 Tokenized ETF (Ondo),IVVon,ishares-core-sp-500-tokenized-etf-ondo,748.3398195493647,0.01518601,0.75819053,0.6058555,67319463.89579713,1155441.63981588,89958.41479655,89958.41479655,,2026-06-13,67362256.93,1.6057
318,MindWaveDAO,NILA,mindwavedao,0.07877212274001302,-0.24362779,-0.08717325,0.45855778,66386480.70032808,241970.25327065,842766176.55,1057021569.0,1057021569.0,2026-06-13,83263622.97,0.3645
319,Core MSCI Emerging Markets Tokenised ETF (xStock),IEMGx,core-msci-emerging-markets-tokenised-etf-xstock,82.54,0.0,1.16435838,2.89204687,66322338.66915178,172.92319842,803517.55111645,803517.55111645,,2026-06-13,66322338.67,0.0003
320,UnifAI Network,UAI,unifai-network,0.27710981146188246,-0.63616948,-16.77987009,7.39142563,66229244.93938991,7217659.84621936,239000000.0,1000000000.0,1000000000.0,2026-06-13,276775190.52,10.8533
321,OpenLedger,OPEN,openledger,0.2180990782793614,0.34382469,0.62434628,24.80583376,65467417.11130928,22716336.00653501,300172828.0,1000000000.0,1000000000.0,2026-06-13,219546381.17,34.5786
322,0G,0G,zero-gravity,0.30618320349965844,1.46362351,5.50975248,3.09267756,65291730.43471476,11965233.38194793,213243998.0,1000000000.0,,2026-06-13,305297799.24,18.6132
323,MetYa,MY,metya,0.06607788774042851,0.88762936,1.97332696,-2.55696999,65182089.902390316,220168.38475002,986443303.9754975,994243267.9861139,1000000000.0,2026-06-13,65857005.68,0.3365
324,Enjin Coin,ENJ,enjin-coin,0.03304443765156234,0.76397186,13.11318774,11.87625092,65231741.78485935,75069543.10093968,1974061186.1123683,1997246190.2629924,,2026-06-13,67141496.59,113.8345
325,ChainOpera AI,COAI,chainopera-ai,0.3393742173829802,-9.70259294,21.26645189,53.41840798,63802386.12667358,46784818.09574094,188000098.0,1000000000.0,1000000000.0,2026-06-13,329710554.5,76.0051
326,XPR Network,XPR,proton,0.0021754352359484946,-0.07294967,-1.47515433,4.93725329,63413925.495603636,1245941.83355327,29149994652.8884,32181093960.7201,,2026-06-13,70252599.88,1.9614
327,USD.AI,CHIP,usd-ai,0.031692659928651695,-1.93649381,-1.35191288,1.50397217,63385319.85730339,22999223.52263491,2000000000.0,10000000000.0,10000000000.0,2026-06-13,316649143.03,36.3886
328,Dog (Bitcoin),DOG,dog-go-to-the-moon-rune,0.0006338568464211773,0.18792187,2.71992932,5.28739218,63385684.64211773,879358.01599179,100000000000.0,100000000000.0,100000000000.0,2026-06-13,63349947.43,1.3866
329,Zilliqa,ZIL,zilliqa,0.003143978606956071,-0.12878238,0.50477536,4.54923476,63006113.31329804,4732535.98879431,20040248738.93755,20482204164.64755,21000000000.0,2026-06-13,66136229.7,7.5453
330,Numeraire,NMR,numeraire,8.378575416539258,-0.48569789,-2.03821237,10.32202928,62783517.43248079,3868649.24901198,7493340.37246314,10634545.52335643,11000000.0,2026-06-13,92144079.86,6.1034
331,Fidelity Digital Dollar,FIDD,fidelity-digital-dollar,0.9995445487989533,-0.04595259,0.0085654,-0.04072446,62572548.2720362,3353782.59770618,62601060.0,62601060.0,,2026-06-13,62570877.77,5.3544
332,Diem,DIEM,venice-ai,1628.3634278631855,3.14016808,7.25662801,5.62414692,62555742.63893002,1719862.47576778,38416.32744173,37298.5614026,,2026-06-13,61245632.84,2.7566
333,Pfizer tokenized stock (xStock),PFEX,pfizer-tokenized-stock-xstock,25.66313,0.0,-2.0864937,-1.0736784,62548772.8474955,2499.94968561,2437301.01696463,2437301.01696463,,2026-06-13,62548772.85,0.004
334,Goldman Sachs tokenized stock (xStock),GSX,goldman-sachs-tokenized-stock-xstock,1108.11606,0.0,7.30488244,4.61158294,62518431.15242132,1560.72606471,56418.66714974,56418.66714974,,2026-06-13,62518431.15,0.0025
335,SuperVerse,SUPER,superverse,0.09589111732140104,-0.38496649,1.00541116,6.17282973,61385909.51452084,3998642.39047921,640162626.4169173,999998077.4169173,999998077.417,2026-06-13,96008854.18,6.4993
336,Theta Fuel,TFUEL,theta-fuel,0.00827774297067057,-0.11737365,-2.65276304,-1.79223449,60953440.71513167,2162092.13508306,7363533868.0,7363533868.0,,2026-06-13,61026634.91,3.5459
337,Magma Finance,MAGMA,magma-finance,0.31974199427695915,-1.9457167,-20.93684228,-25.48403548,60750978.912622236,6785892.59861915,190000000.0,1000000000.0,1000000000.0,2026-06-13,322726568.53,10.9688
338,MultiBank Group,MBG,multibank-group,0.24529544617770987,-0.08692167,-5.47071401,-9.78627076,60865096.481615834,2169545.79335654,248129744.88536054,977514798.0,1000000000.0,2026-06-13,245576314.02,3.6303
339,io.net,IO,io-net,0.17389896999136933,-1.11965069,-1.16357071,25.0860893,60784142.05186616,34043841.02174667,349537102.231732,800000000.0,800000000.0,2026-06-13,139100494.75,55.9532
340,Venus BUSD,vBUSD,venus-busd,0.022332156941766025,0.09998,0.08997301,0.130013,60180037.05807659,0.0,2694770470.0,2694770470.0,,2026-06-13,60125939.94,
341,MYX Finance,MYX,myx-finance,0.18189259458526247,-1.34709291,-24.15018028,-15.19866905,60047491.12314491,20446701.10741385,330126090.4,1000000000.0,1000000000.0,2026-06-13,181461694.81,34.2138
342,Velo,VELO,velo,0.0033986653233642463,0.17289235,-2.01041894,-1.6337158,59693736.695916034,1841093.03215859,17563876115.0,23999804349.0,24000000000.0,2026-06-13,81428845.08,3.0871
343,Plume,PLUME,plume,0.010354709215672966,-0.44232885,0.64904008,-5.98249342,59619078.43425711,7285457.42787182,5757677709.0,10000000000.0,10000000000.0,2026-06-13,103212730.8,12.3367
344,Qubic,QUBIC,qubic,4.298316509657766e-07,-0.15927369,1.28752087,-6.8179975,59581717.680954635,1035889.58116388,138616403764316.0,171766604448199.0,200000000000000.0,2026-06-13,85664728.17,1.7443
345,Mastercard tokenized stock (xStock),MAX,mastercard-tokenized-stock-xstock,488.3540015125523,0.00256147,-8.15355885,-1.2819481,59542055.81114894,57.83503248,121923.96422827,121923.96422827,,2026-06-13,59540122.48,0.0001
346,Kinetiq,KNTQ,kinetiq,0.21115097098311447,-1.04872649,-3.13383655,-3.87964518,59222819.95749696,1352791.85592642,280476190.48,1000000000.0,1000000000.0,2026-06-13,211140151.36,2.2869
347,Dohrnii,DHN,dohrnii,3.474212432187698,-0.04496277,0.28020212,-1.49532418,59322323.19652709,389360.35253361,17075042.0,372000000.0,372000000.0,2026-06-13,1292762074.79,0.6548
348,Baby Doge Coin,BabyDoge,baby-doge-coin,3.30206143521176e-10,-0.59882055,-1.33025001,3.33374096,59168325.77219812,3427423.44384336,1.7918602343751872e+17,2.026150676904291e+17,,2026-06-13,66914991.92,5.8007
349,Turbo,TURBO,turbo,0.0008553645283604444,-0.66350955,-0.80947378,4.1091665,59020152.44831702,7738965.54644766,68999999990.0,68999999990.0,69000000000.0,2026-06-13,59080799.36,13.1145
350,Brett (Based),BRETT,based-brett,0.005881209160549513,1.44276134,3.01220681,12.94182182,58812077.16549839,15068673.53768307,9999997544.723145,9999997544.723145,9999997544.723145,2026-06-13,58827294.57,25.5296
351,Law Blocks (AI),LBT,law-blocks,0.23998087983933675,0.04189572,0.19373238,10.17844634,58794832.71910727,594640.29873752,244997988.0,1000000000.0,,2026-06-13,239737663.42,1.012
352,Procter & Gamble tokenized stock (xStock),PGX,procter-gamble-tokenized-stock-xstock,151.65291200676216,-0.00417782,3.46434695,7.534522,58173820.20463844,32607.02329302,383598.43826833,383598.43826833,,2026-06-13,60619612.78,0.056
353,Schwab International Equity Tokenised ETF (xStock),SCHFx,schwab-international-equity-tokenised-etf-xstock,27.84,0.0,3.14931456,2.01539025,58084652.605151854,95.18860704,2086374.01598965,2086374.01598965,,2026-06-13,58084652.61,0.0002
354,GMX,GMX,gmx,5.559960893119811,-0.31014773,0.90927494,3.52437777,57907324.59922241,3963184.1175741,10415059.69419317,10415059.69419317,13250000.0,2026-06-13,73644192.31,6.849
355,Jelly-My-Jelly,JELLYJELLY,jelly-my-jelly,0.057692569602785106,-0.85547857,-0.96391411,5.46410417,57692517.6217799,5701286.35059512,999999099.0,999999099.0,,2026-06-13,57742975.21,9.8821
356,MegaETH,MEGA,megaeth,0.05094784023897607,1.05249812,10.26773025,13.53045977,57560502.46617136,31203178.85415458,1129792788.0,10000000000.0,10000000000.0,2026-06-13,504085250.97,55.3703
357,Eurite,EURI,eurite,1.156403729845959,0.03264348,-0.04182716,0.47610539,57379050.84855176,10491771.86583733,49618527.99990108,49618527.99990108,,2026-06-13,57354687.94,18.3087
358,Wormhole,W,wormhole,0.00953300732350021,-0.33636117,4.59565016,1.31857265,57392452.685210034,204074357.30696127,6020393223.0,10000000000.0,10000000000.0,2026-06-13,95054489.1,356.4864
359,AstraZeneca tokenized stock (xStock),AZNX,astrazeneca-tokenized-stock-xstock,101.25052090385273,-0.43826396,2.61958134,-0.92735252,57325682.06111528,749573.57910972,566176.66308652,566176.66308652,,2026-06-13,57290562.57,1.3074
360,iShares MSCI Germany tokenized ETF (xStock),EWGx,ishares-msci-germany-tokenized-etf-xstock,40.01,0.0,0.0,-7.14783012,57201285.7952576,18.57044145,1429674.72619989,1429674.72619989,,2026-06-13,57201285.8,0.0
361,Visa tokenized stock (xStock),VX,visa-tokenized-stock-xstock,328.85342544956893,0.00252398,0.58167937,1.76002562,56633178.14866423,746.02032155,172214.04360086,172214.04360086,,2026-06-13,56633178.15,0.0013
362,Axelar,AXL,axelar,0.04757513781183471,-3.64041858,11.60115814,15.92078386,56413799.19982833,20043671.96748557,1185783200.943139,1243894083.900018,,2026-06-13,58863403.58,36.5016
363,Block Street,BSB,block-street,0.25175201534970065,-1.17323228,-10.22695775,21.47183119,56052586.21761085,15989601.76014764,222650000.0,1000000000.0,1000000000.0,2026-06-13,253827083.91,28.3965
364,Helium,HNT,helium,0.2996476681034563,-0.26514407,-2.79087827,-41.90112579,55830784.503063075,4335392.54087652,186321438.2959488,186321438.2959488,223000000.0,2026-06-13,66856507.19,7.7847
365,Pirate Chain,ARRR,pirate-chain,0.28400504925523296,-0.17313205,2.56620043,-7.38034885,55725709.35718238,103691.85431395,196213797.97055,196213797.97055,,2026-06-13,55634297.36,0.1856
366,Spark,SPK,spark,0.01998953610498806,-1.52416573,-0.34693189,8.6681499,55524888.5061174,19308965.25683206,2777697702.162387,10000000000.0,10000000000.0,2026-06-13,199660335.61,34.9264
367,Janction,JCT,janction,0.004883792316013439,12.99762371,-22.59845896,15.86637964,56132782.69515971,13565960.66312216,11493687500.0,50000000000.0,50000000000.0,2026-06-13,252164477.42,23.6062
368,Nervos Network,CKB,nervos-network,0.0011301533396691117,-0.69376651,1.41099064,9.83085855,55312393.822396964,3252883.95286919,48942379658.49079,49756036603.27111,,2026-06-13,56247071.25,5.8814
369,BitDCA,BDCA,bitdca,0.6727753500340288,-0.02689845,1.68727641,2.67271207,55152404.80136298,172431.39726171,81977445.8124445,142665333.0,142665333.0,2026-06-13,95964963.3,0.3124
370,iShares Semiconductor tokenized ETF (xStock),SOXXx,ishares-semiconductor-tokenized-etf-xstock,593.29,0.0,4.28905412,7.42558123,54937449.24997166,8125.97453327,92597.96937412,92597.96937412,,2026-06-13,54937449.25,0.0148
371,Concordium,CCD,concordium,0.004349241651453342,-0.13081869,-1.42275988,-22.29499076,54827941.49701403,439088.63693587,12606322180.027117,14508760432.537588,,2026-06-13,63104960.43,0.7934
372,Meteora,MET,meteora,0.10476288001260563,-0.39340217,-1.127091,4.37106272,54889006.506894834,7995818.40111689,523935639.229184,997734159.007478,1000000000.0,2026-06-13,105256977.22,14.5784
373,ZetaChain,ZETA,zetachain,0.03743326408595542,-0.84886045,-4.96955824,4.27880349,54696627.624285005,5641783.18278598,1461177083.0,2100000000.0,2100000000.0,2026-06-13,78802238.01,10.2978
374,Alchemy Pay,ACH,alchemy-pay,0.005467453888212979,-0.40833212,1.11515129,2.34082426,54674538.88212972,6385025.69601834,9999999999.999989,15346246087.999989,15346246087.999989,2026-06-13,83885071.2,11.7716
375,Quantix Finance,QFI,quantixai,54.65577325501122,-0.56944487,-0.23178097,-3.66344394,54655773.25501122,2898518.8731738,1000000.0,10000000.0,10000000.0,2026-06-13,546770022.78,5.3014
376,Mina,MINA,mina,0.04248236467741313,-0.33681577,-0.8548414,1.52029615,54685398.98705647,4760869.15360909,1287249412.8400393,1287249412.8400393,,2026-06-13,54745122.24,8.7182
377,Holo,HOT,holo,0.0003099505737516109,-0.14520097,-0.93921189,3.09686501,54622131.93884742,2829552.83059808,176228523398.7683,177619433541.14133,,2026-06-13,55043206.31,5.1785
378,CrowdStrike tokenized stock (xStock),CRWDX,crowdstrike-tokenized-stock-xstock,692.3898886394279,0.00081645,0.45012816,1.31867149,54104502.18939892,272.10810881,78141.67,78141.67,,2026-06-13,54104343.13,0.0005
379,Vanguard tokenized ETF (xStock),VTIX,vanguard-tokenized-etf-xstock,363.3837759111934,0.00204285,-2.23455574,-1.91476037,53881156.386935376,1616.14480067,148276.17510393,148276.17510393,,2026-06-13,53880366.11,0.003
380,KUB Coin,KUB,bitkub-coin,0.7756445653655819,0.11972915,1.28952793,2.49539167,53499910.15170837,183764.82346775,68974776.0,110000000.0,110000000.0,2026-06-13,85273853.18,0.341
381,Amazon tokenized stock (xStock),AMZNX,amazon-tokenized-stock-xstock,238.1771733967328,-0.0476157,-1.51803925,-2.38534158,53516752.25872462,17267759.74443714,224693.03626163,300884.76359886,,2026-06-13,71649398.37,32.2169
382,Toshi,TOSHI,toshithecat,0.0001261492551190423,-0.62412054,-0.52758032,8.1624025,53067128.6006266,9261791.10445527,420669377322.5149,420690000000.0,420690000000.0,2026-06-13,53068848.06,17.4006
383,Purr,PURR,purr,0.08905749101110813,-1.91657845,-0.56774188,1.45118477,53019731.78476838,1245791.89347237,595342752.0,595342752.0,1000000000.0,2026-06-13,89134386.41,2.341
384,Lombard,BARD,lombard,0.1633346036175432,1.60844629,2.01394829,5.63230727,52675409.66665768,17810397.14229162,322500000.0,1000000000.0,1000000000.0,2026-06-13,162812312.83,33.9279
385,Global X Copper Miners Tokenised ETF (xStock),COPXx,global-x-copper-miners-tokenised-etf-xstock,86.43,0.0,4.39666626,7.36645963,52550897.70444321,5277.22928406,608016.86572305,608016.86572305,,2026-06-13,52550897.7,0.01
386,Sahara AI,SAHARA,sahara-ai,0.015425054171372654,-0.42713935,-6.16923125,-53.55685715,52552838.21171308,54463494.00772066,3406979167.0,10000000000.0,10000000000.0,2026-06-13,154721048.18,103.2654
387,NVIDIA Tokenized Stock (Ondo),NVDAon,nvidia-tokenized-stock-ondo,205.44187945559716,-0.22944669,-0.12366644,1.36926154,52450928.74872126,3481240.38193852,255307.87046785,255307.87046785,,2026-06-13,52433951.3,6.6368
388,Exxon Mobil tokenized stock (xStock),XOMX,exxon-mobil-tokenized-stock-xstock,147.87123121667906,0.0,-0.27493379,-2.03860809,52421527.06918962,218.1272582,354507.95017981,354507.95017981,,2026-06-13,52421527.07,0.0004
389,Alchemist AI,ALCH,alchemist-ai,0.06108717888211378,-0.85653569,1.26039426,6.46443047,51924102.049796715,10600411.76983621,850000000.0,1000000000.0,1000000000.0,2026-06-13,61061201.71,20.4252
390,Oracle tokenized stock (xStock),ORCLX,oracle-tokenized-stock-xstock,182.9998525137238,0.35594766,-0.32133768,-12.93755319,51854724.24884735,7828.22495796,283359.37727031,283359.37727031,,2026-06-13,51854724.25,0.0151
391,Unitas,UP,unitas,0.3537869728175409,-0.76221469,-5.90491877,19.37097005,51652898.03136097,1453442.30619875,146000000.0,999999961.340917,1000000000.0,2026-06-13,353112378.67,2.8431
392,Blur,BLUR,blur-token,0.018293361220773366,-0.55504313,0.23097971,11.78733216,51585064.34971518,13302629.35464651,2819878956.47831,3000000000.0,,2026-06-13,54942130.39,25.8732
393,aelf,ELF,aelf,0.0626281686585202,0.31586824,-2.35769402,-2.85940495,51483116.25926739,1590973.64599482,822044095.5247924,996445553.8656024,,2026-06-13,62427978.18,3.0896
394,AbbVie tokenized stock (xStock),ABBVX,abbvie-tokenized-stock-xstock,223.6696156961702,0.00175154,-0.74290267,-1.40109848,51190916.86960127,109.7303056,228868.44379944,228868.44379944,,2026-06-13,51190569.38,0.0002
395,Tria,TRIA,tria,0.02370849070006247,1.04642574,-7.82068161,-19.53589193,51155099.12880379,5249338.73809693,2157670000.0,10000000000.0,10000000000.0,2026-06-13,236830499.41,10.2535
396,Impossible Cloud Network,ICNT,impossible-cloud-network,0.20210186601481672,-0.94178352,3.63822989,-15.3060392,51133010.78408544,4704625.51480728,253006129.0,700000000.0,700000000.0,2026-06-13,141465618.8,9.1836
397,Creditcoin,CTC,creditcoin,0.09374193497465409,-1.75216486,-7.00735298,7.20999416,50682403.19797773,4418645.54868103,540658812.0,549564264.0,600000000.0,2026-06-13,56238650.78,8.7067
398,Babylon,BABY,babylon,0.013642356398927004,-1.04796267,-4.85441231,-12.22426438,50536816.0523774,81858256.73808101,3704405204.98,10825462827.0,,2026-06-13,147535379.9,162.7405
399,TQQQ tokenized ETF (xStock),TQQQX,tqqq-tokenized-stock-xstock,77.04686170418077,-0.07017849,-0.16308224,2.09840636,50517509.624114074,4266.1081018,655672.51548901,655672.51548901,,2026-06-13,50517371.27,0.0084
400,Honeywell tokenized stock (xStock),HONX,honeywell-tokenized-stock-xstock,226.0670150686392,0.00404645,-0.05941103,-0.0161336,50351921.53053832,615150.75363104,222730.06752113,222730.06752113,,2026-06-13,50350443.37,1.2222
401,XYO,XYO,xyo,0.0036432446113579486,-0.23222019,2.52423305,4.97933923,50283636.5604001,8605926.21222841,13801883190.505249,13930752875.47967,13931216938.0,2026-06-13,50642710.62,17.4729
402,Berkshire Hathaway tokenized stock (xStock),BRK.BX,berkshire-hathaway-tokenized-stock-xstock,487.1237146978067,0.00012569,0.29214858,-0.55313914,50138842.67534204,202.36649433,102928.35508213,102928.35508213,,2026-06-13,50138842.68,0.0004
403,Home Depot tokenized stock (xStock),HDX,home-depot-tokenized-stock-xstock,332.22826053985534,-0.00234371,0.73210687,6.14040113,49936130.73328037,105.62294088,150306.69170689,150306.69170689,,2026-06-13,49935775.71,0.0002
404,Astar,ASTR,astar,0.005721978673806019,-0.09726416,-4.14953099,2.67431392,49836957.18299755,6955491.14804106,8709741861.0,8710520065.0,10000000000.0,2026-06-13,57082289.47,13.9419
405,Ton Strategy tokenized stock (xStock),TONXX,ton-strategy-tokenized-stock-xstock,3.2000000000000006,0.0,3.55987055,2.23642173,49786099.00082244,6307.1444448,15558155.93775701,15558155.93775701,0.0,2026-06-13,49786099.0,0.0127
406,SushiSwap,SUSHI,sushiswap,0.17323491397993496,0.2556308,-1.72794383,0.95006975,49689842.79777894,7031162.93107061,286835036.0570751,291514753.90092283,,2026-06-13,50572230.77,14.1576
407,Kava,KAVA,kava,0.045656761771963296,-0.53242471,3.5858707,10.20803212,49439288.24499333,12070121.86117568,1082847016.0,1082847016.0,,2026-06-13,49174527.56,24.5444
408,peaq,PEAQ,peaq,0.022008203139269173,-0.47576052,-0.11499548,0.77130187,49124469.35884534,2747145.38335362,2232098143.0416136,4415096454.2041645,5667620228.64,2026-06-13,124509896.99,5.6187
409,BankrCoin,BNKR,bankr-coin,0.0004921358352456899,0.32095682,7.66552517,-7.0729985,48869088.439896844,8538985.1841464,99299999999.99966,100000000000.0,100000000000.0,2026-06-13,49229390.61,17.4809
410,Loaded Lions,LION,loaded-lions,0.001584067893679445,-0.010345,-0.39016561,4.043043,48860923.76214967,26711.58157441,30845220686.0,100000000000.0,100000000000.0,2026-06-13,158773255.11,0.0575
411,VanEck Uranium and Nuclear tokenized ETF (xStock),NLRx,vaneck-uranium-and-nuclear-tokenized-etf-xstock,122.61,0.0,0.0,0.0,48610895.65786098,14.99998479,396467.62627731,396467.62627731,,2026-06-13,48610895.66,0.0
412,Oasis,ROSE,oasis-network,0.0062858770388711,-0.47269544,-2.75018278,-2.58663197,48557651.370464005,2402166.94525816,7724880883.0,10000000000.0,10000000000.0,2026-06-13,63038579.85,4.9285
413,AppLovin tokenized stock (xStock),APPX,applovin-tokenized-stock-xstock,483.08,0.0,-0.15914023,-13.72338906,48519669.98826153,1696.3547432,100438.16756699,100438.16756699,,2026-06-13,48519669.99,0.0035
414,Targon,SN4,targon,11.0063710301439,0.69061491,0.6538765,8.7923444,48589297.88096683,157895.91910726,4414652.0,4414652.0,21000000.0,2026-06-13,231944119.44,0.3253
415,Gamestop tokenized stock (xStock),GMEX,gamestop-tokenized-stock-xstock,21.454891282330955,-0.00027341,-2.11792398,-2.4373998,48452646.97531548,1359.47822536,2258349.68528684,2258349.68528684,,2026-06-13,48452646.98,0.002
416,Nano,XNO,nano,0.36335613473383954,0.08465235,-4.14660513,-6.00471806,48416586.15778667,316367.25693809,133248297.0,133248297.0,133248297.0,2026-06-13,48417391.16,0.6534
417,WhiteRock,WHITE,whiterock,7.419840461182229e-05,-0.19168559,-8.14685298,-3.47839164,48228962.997684486,64926.3589911,650000000000.0,1000000000000.0,1000000000000.0,2026-06-13,74259040.98,0.1342
418,Movement,MOVE,movement,0.012025112278919583,0.38077543,-2.67075706,3.5215782,48125501.42891771,16586689.95860112,4002083333.0,10000000000.0,10000000000.0,2026-06-13,120322188.87,34.7812
419,UnitedHealth tokenized stock (xStock),UNHX,unitedhealth-tokenized-stock-xstock,413.6466528495544,2.063e-05,-0.05900237,3.04793256,47854571.33427774,257.9022842,115689.49248015,115689.49248015,,2026-06-13,47854570.54,0.0005
420,OpenServ,SERV,openserv,0.06211557947506686,-0.09600362,-13.66381065,-2.07096245,47828996.19580148,1184035.86522053,770000000.0,1000000000.0,1000000000.0,2026-06-13,62046036.98,1.7906
421,Flow,FLOW,flow,0.028635396263962817,-0.09306969,-2.29353013,11.23766714,47768622.450138636,3898824.37833979,1668166978.0227442,1668166978.0227442,,2026-06-13,47692785.44,8.1381
422,USDH,USDH,hyperliquid-usd,0.9997300834784062,0.00058697,-0.02441738,-0.01689173,47696979.48750296,2815042.3734491,47709857.166195,51345518.41,,2026-06-13,51333594.24,6.0297
423,Fabric Protocol,ROBO,fabric-foundation,0.02132693880708412,0.33393225,-4.76566184,8.73923587,47580400.478604674,22232968.04257884,2231000000.0,10000000000.0,10000000000.0,2026-06-13,214845634.48,46.4382
424,Ontology,ONT,ontology,0.04749289511633503,-0.73399481,-1.32199681,5.39484977,47492895.11633503,4869477.64181327,1000000000.0,1000000000.0,1000000000.0,2026-06-13,47568221.41,10.3027
425,"Strive, Inc. Series A Preferred tokenized stock (xStock)",SATAx,strive-inc-series-a-preferred-tokenized-stock-xstock,97.59288,0.0,0.0,-0.72456013,47422574.43078781,97.59288,485922.48154566,485922.48154566,,2026-06-13,47422574.43,0.0002
426,Lorenzo Protocol,BANK,lorenzo-protocol,0.0403731169972795,0.51151481,-3.45982254,71.04873714,47366513.42124851,12500948.03670947,1173219135.5064375,1212195831.9983332,2100000000.0,2026-06-13,84940628.6,26.2578
427,aPriori,APR,apriori,0.1915286340367178,-0.27515026,-5.02837371,-16.62030947,47283631.52781471,5962964.91863704,246875000.0,1000000000.0,1000000000.0,2026-06-13,191494815.96,12.6047
428,Fogo,FOGO,fogo,0.012276442471348918,-0.17800205,0.83875654,10.79207975,47121970.878640376,5821508.25332079,3838406035.674819,10012406035.675064,,2026-06-13,123025841.29,12.3281
429,Notcoin,NOT,notcoin,0.00046796515875600203,-2.98019154,12.89199013,27.18542672,46529474.30326435,22389598.32146333,99429355866.90741,102452705868.52051,102456957533.56,2026-06-13,48174096.66,48.3381
430,Aztec,AZTEC,aztec,0.01610269121513762,-1.49921983,1.94035808,2.98662228,46369303.18203381,6791881.15783839,2879599600.0,10350000000.0,10350000000.0,2026-06-13,166634126.7,14.6528
431,Amp,AMP,amp,0.0005311926747392273,-0.46693056,0.61761154,-3.64850669,46097534.08153968,2245707.53604803,86781193103.18022,99720238122.2857,100000000000.0,2026-06-13,53128642.51,4.8706
432,Matrixdock Gold,XAUM,matrixdock-gold,4163.2639317221,-0.01047766,-0.78085466,-3.65890889,46021084.45276418,602592.21536293,11054.08765995,11054.08765995,,2026-06-13,46021138.07,1.3051
433,VVS Finance,VVS,vvs-finance,1.0515495485389696e-06,0.53020696,-0.78200384,3.77210002,45795330.977971904,60712.97652024,43550331072463.74,95109375559623.39,100000000000000.0,2026-06-13,105319558.4,0.141
434,VNDC,VNDC,vndc,3.21479312431562e-05,0.0,-0.06659404,-0.03076522,45407872.37095406,0.0,1412466389439.0,1412466389439.0,,2026-06-13,45407872.37,
435,XPIN Network,XPIN,xpin-network,0.0012141508123938002,-0.61176433,-1.61306571,5.58290431,45269816.814676136,3443277.68059014,37285167833.0,100000000000.0,100000000000.0,2026-06-13,121265442.56,7.6136
436,StorX Network,SRX,storx-network,0.05411610258155658,-0.09947605,-0.20345129,-1.79632082,45132829.55301819,2356097.90491946,834000000.0,977000000.0,1500000000.0,2026-06-13,81132006.5,5.2224
437,AIHub,AIH,aihub,38.539200083652,-0.19808902,0.47918599,57.39148555,45090864.09787284,0.0,1170000.0,100000000.0,100000000.0,2026-06-13,3853914383.85,
438,Request,REQ,request,0.056661244468377586,-0.19623051,0.3803007,6.12916497,45141720.56553377,1410543.89379726,796694830.6390833,999416740.9347085,,2026-06-13,56383242.94,3.1506
439,Ronin,RON,ronin,0.058098105666770566,0.06342163,-1.67397919,-7.90427496,44875074.38893487,5242292.65089655,772401679.4337813,1000000000.0,1000000000.0,2026-06-13,58061231.96,11.6777
440,Holoworld AI,HOLO,holoworld-ai,0.06161855490266364,0.46344218,-1.67716387,17.37275808,44753461.96109611,14846439.89156859,726298466.9437859,2047999972.9437869,2048000000.0,2026-06-13,126129843.47,32.4433
441,StraitsX USD,XUSD,straitsx-xusd,0.9999582709271524,0.00514682,0.03062938,0.01089109,44562775.92007625,9196107.71236512,44564635.561,44564635.561,,2026-06-13,44558309.44,20.6123
442,Irys,IRYS,irys,0.017348713484688597,-0.49204682,-1.26139501,-4.69554044,44530906.11626557,5850606.33765427,2566813162.0,10000000000.0,,2026-06-13,173111370.67,13.1902
443,Dusk,DUSK,dusk,0.08920141403488846,-0.34461309,-3.79840019,-2.92558216,44333102.7143548,4937555.24554437,496999999.31632507,500000000.0,1000000000.0,2026-06-13,89049398.24,11.0725
444,EscoinToken,ELG,escointoken,0.2816477067496853,-0.37777094,-0.64445212,3.02773701,44257345.81735485,210453.96481853,157137248.97,225000000.0,370000000.0,2026-06-13,104245554.54,0.4762
445,DigiByte,DGB,digibyte,0.00241413612364698,0.11930954,-2.22253231,-9.59423804,44253657.32997703,3489753.49701637,18331053040.672802,18331053040.672802,21000000000.0,2026-06-13,51049655.73,7.8662
446,Solstice,SLX,solstice,0.18187599333834484,-0.21390365,-1.52735443,-4.07399997,44169353.04453691,87151394.77385134,242854223.0,1000000000.0,1000000000.0,2026-06-13,182311691.59,201.6782
447,Seeker,SKR,solana-mobile-seeker,0.008788433917852194,-0.68794963,-1.86432142,-13.1373099,44057831.72419282,7216402.77064832,5013160721.923038,10368518712.820465,,2026-06-13,91032038.26,16.3932
448,Subsquid,SQD,subsquid,0.0415789812599295,-0.80920303,21.03143681,44.91790319,43233158.27869581,8013671.2302208,1039783971.820408,1336997653.5180118,1337000000.0,2026-06-13,56288517.76,18.6562
449,Railgun,RAIL,railgun,2.905366000447795,-0.20270812,-2.72538938,27.54729452,42706660.1812582,237588.8071615,14699235.88789707,57500000.0,100000000.0,2026-06-13,287683126.6,0.5633
450,Peanut the Squirrel,PNUT,peanut-the-squirrel,0.042628778808893576,-0.58365369,1.68925272,6.25974838,42622042.00140155,14033897.99410581,999841965.74051,999841965.74051,,2026-06-13,42679996.81,32.9347
451,Threshold,T,threshold,0.003812111443589143,-0.85811899,0.66915671,2.51053202,42524103.15323689,9215059.21836154,11155000000.0,11155000000.0,11155000000.0,2026-06-13,42496014.53,21.7322
452,Mog Coin,MOG,mog-coin,1.0835648513327099e-07,-0.53994895,-0.83020282,4.69984893,42320524.37149927,9036936.90114009,390567526433216.7,390567526433216.7,420690000000000.0,2026-06-13,45487447.67,21.3899
453,Fractal Bitcoin,FB,fractal-bitcoin,0.4047311644826066,0.08519982,1.54062951,1.14181067,42091717.29939576,3321189.31745795,103999199.9459796,151249175.0,210000000.0,2026-06-13,85009393.84,7.8827
454,CROSS,CROSS,cross,0.09684128348887,2.05662988,9.25488064,-6.61315674,42003286.47112141,5885222.97783696,433733269.0964268,985222662.1461707,985222890.0,2026-06-13,95182134.13,14.0762
455,iShares Bitcoin Trust Tokenized Stock (Ondo),IBITon,ishares-bitcoin-trust-tokenized-stock-ondo,35.977662959955296,-0.00394385,0.13884023,4.23813805,41566247.11551025,35.99870795,1155334.82988529,1155334.82988529,,2026-06-13,41569306.74,0.0001
456,Atoshi,ATOS,atoshi,0.045861603899120876,0.90913537,0.66177647,30.07431612,41420395.207925275,29796.09024111,903160633.0,100000000000.0,100000000000.0,2026-06-13,4586160389.91,0.0719
457,SPDR S&P 500 Tokenized ETF (Ondo),SPYon,spdr-sp-500-tokenized-etf-ondo,747.4111759099957,-0.15526041,0.60059765,1.32050618,41376884.670753814,1653339.84557784,55360.27022927,55360.27022927,,2026-06-13,41376604.93,3.9959
458,Polymesh,POLYX,polymesh,0.03889174962287982,-0.43039326,2.35627411,2.52569996,41044784.2409023,2242076.53405366,1055359674.967049,1286125287.532333,,2026-06-13,50022698.36,5.45
459,Paycoin,PCI,payprotocol,0.038430184882950975,0.01176668,-0.80263729,0.64331263,41008312.91087002,439350.26963201,1067086016.7800754,1900000000.0,1900000000.0,2026-06-13,73067501.22,1.0642
460,Chevron tokenized stock (xStock),CVXX,chevron-tokenized-stock-xstock,185.8944724384284,0.0,-0.57100104,-1.54474053,40986087.750624485,249.81210279,220480.40058964,220480.40058964,,2026-06-13,40986087.75,0.0006
461,Moca Network,MOCA,mocaverse,0.0096699631576652,-0.43258303,1.55676364,10.93108971,40934754.88694761,4606753.63132585,4233186230.3425,8888888888.0,8888888888.0,2026-06-13,85873052.72,11.2725
462,Siacoin,SC,siacoin,0.0007267969094964816,-0.07516046,1.21382377,6.05845052,40719259.47681746,3688978.4608957,56025636522.075195,62217525676.30304,,2026-06-13,45246040.17,9.0567
463,Johnson & Johnson tokenized stock (xStock),JNJX,johnson-johnson-tokenized-stock-xstock,245.62482,0.0,3.06080644,5.00693976,40628538.155860566,97.47522732,165408.92795712,165408.92795712,,2026-06-13,40628538.16,0.0002
464,Aegis YUSD,YUSD,aegis-yusd,0.9985021123574528,-0.0076903,0.01161176,-0.04110606,40598328.10771175,74263.83757544,40659231.0674832,40659231.0674832,,2026-06-13,40598702.14,0.0119
465,Verge,XVG,verge,0.0024501211963089816,-0.55165681,-1.74988817,-0.66020432,40480782.924868144,3195304.83372622,16521951234.841349,16521951234.841349,16521951235.741348,2026-06-13,40604415.19,7.9278
466,Broadcom tokenized stock (xStock),AVGOX,broadcom-tokenized-stock-xstock,383.72441351315223,1.98263749,1.45605615,1.40726135,40251932.020025074,62305.23495413,104898.0221287,104898.0221287,,2026-06-13,40251048.26,0.1549
467,SPACE ID,ID,space-id,0.028721663219072692,-1.30624795,-12.73355534,17.57348885,40241685.799463205,37470912.09997135,1401091764.516639,1994841761.516639,2000000000.0,2026-06-13,57708684.04,92.5906
468,Altlayer,ALT,altlayer,0.006277797450091463,-1.10608151,-1.74869056,11.39605757,40202502.458282396,9783677.94985483,6403918377.088875,10000000000.0,10000000000.0,2026-06-13,62802545.83,24.231
469,Zest Protocol,ZEST,zest-protocol,0.27376367464832196,-0.54552075,-0.57669253,5.86910858,39969496.49865501,12593121.46925839,146000000.0,1000000000.0,1000000000.0,2026-06-13,274878933.96,31.2846
470,Popcat (SOL),POPCAT,popcat-sol,0.040848288970626506,-0.45634982,-1.78227531,-1.61335565,40028730.44497098,10985226.75917241,979936527.4211398,979936527.4211398,979973220.96,2026-06-13,40009587.65,27.383
471,Venus,XVS,venus,2.4448988650035446,-0.72775365,-1.26753976,8.48328125,39979888.96830927,2736984.1569884,16352369.22908519,30000000.0,,2026-06-13,73647993.04,6.8691
472,MANTRA,MANTRA,mantra-new,0.007560467649494003,-0.67833769,-0.57521991,10.69982035,39626281.09925262,9021693.89805598,5241247358.806524,7231053141.055721,10000000000.0,2026-06-13,75607381.29,22.7582
473,RedStone,RED,redstone,0.0950997465446134,-0.47198646,-1.81430476,1.44840739,39535971.59748179,3671752.61323727,415731619.0,1000000000.0,1000000000.0,2026-06-13,95224375.02,9.2543
474,VeThor Token,VTHO,vethor-token,0.0003922067316628648,-0.12425556,-0.97991883,-0.41207402,39499470.45406561,1344399.04529495,100710842689.0,100710842689.0,,2026-06-13,39523333.45,3.3801
475,Gemini Dollar,GUSD,gemini-dollar,0.9993977053109084,0.04052285,0.10264428,-0.08131975,39411247.70941751,918057.46503121,39434999.2,39434999.2,148548675.98,2026-06-13,148521457.03,2.3301
476,Moo Deng (moodengsol.com),MOODENG,moo-deng-solana,0.03972793216121298,-0.9065578,0.79652313,8.04196211,39329532.161116265,15896879.62437468,989971791.17,989971791.17,989971791.17,2026-06-13,39394645.74,40.4361
477,AntFun,ANTFUN,ant-fun,0.02080267928212804,-0.72306972,0.88412691,0.85229841,39272053.62692892,8331257.23557626,1887836326.0,10000000000.0,10000000000.0,2026-06-13,209662955.16,21.0938
478,APRO,AT,apro,0.15701587447914697,1.19689724,25.61135716,27.03626753,39253968.61978674,21263522.56164391,250000000.0,1000000000.0,1000000000.0,2026-06-13,160582013.76,53.5776
479,Philip Morris tokenized stock (xStock),PMX,philip-morris-tokenized-stock-xstock,186.77800855164247,0.03933118,3.13439458,2.21246347,39161016.054959014,120862.29120694,209666.09698128,209666.09698128,,2026-06-13,39137833.63,0.3089
480,Manta Network,MANTA,manta-network,0.08244483593344261,1.21704815,1.84730763,9.92340487,39061762.50014505,5708127.1895741,473792713.1261375,1000000000.0,,2026-06-13,82455231.88,14.7786
481,Netflix tokenized stock (xStock),NFLXX,netflix-tokenized-stock-xstock,78.76,0.0,-3.21589638,-3.45791299,39043173.4303511,412.25173142,495723.38027363,495723.38027363,,2026-06-13,39043173.43,0.0011
482,Frankencoin,ZCHF,frankencoin,1.2555296560416396,-0.00848074,-0.04592275,-0.26088743,38969873.20321385,102161.25268758,31038592.37070973,31038592.37070973,,2026-06-13,38969921.29,0.2622
483,Eli Lilly tokenized stock (xStock),LLYX,eli-lilly-tokenized-stock-xstock,1151.9097441986994,1.96515935,0.32926485,-0.95046389,39725993.10366146,57939.69267513,34487.07097386,34487.07097386,,2026-06-13,38959437.61,0.1459
484,REAL,ASSET,real-finance,0.2825550525391594,0.0384596,0.33937699,28.25783835,38795706.95613861,1869129.76437654,137303179.0,1000000000.0,1000000000.0,2026-06-13,280806865.07,4.8233
485,Non-Playable Coin,NPC,non-playable-coin,0.00511634430275318,-0.16157166,-2.22894222,16.94190065,38734493.482335,3775731.34952617,7570736289.481418,8050126520.0,8050126520.0,2026-06-13,41217567.58,9.74
486,Linea,LINEA,linea,0.0025022477909943494,-0.66751764,3.58952137,2.66470285,38740170.257510416,16046684.97820028,15482147850.0,72009990000.0,72009990000.0,2026-06-13,179936068.53,41.4735
487,Walmart tokenized stock (xStock),WMTX,walmart-tokenized-stock-xstock,125.87649313738247,0.0,3.54460477,4.1856972,38693358.80392864,0.0,307391.4584012,307391.4584012,,2026-06-13,38693358.8,
488,Merck tokenized stock (xStock),MRKX,merck-tokenized-stock-xstock,118.63286,0.0,-2.85550278,-2.6791426,38623471.179784685,22.0723554,325571.44099691,325571.44099691,,2026-06-13,38623471.18,0.0001
489,Ankr,ANKR,ankr,0.0038503356398916977,-0.49985094,-1.42022346,3.12760152,38503356.398916975,5204885.84931229,10000000000.0,10000000000.0,10000000000.0,2026-06-13,38513677.17,13.5543
490,Spacecoin,SPACE,spacecoin-org,0.007283110490127988,0.45980447,-21.83307279,20.83131394,38346760.156951696,33430520.2312947,5265162489.149305,21000000000.0,21000000000.0,2026-06-13,152461188.48,86.9483
491,GOHOME,GOHOME,gohome,76.51178331297565,-0.12799499,-0.22074174,4.05670173,38247857.91923996,493614.02273555,499895.0,9999895.37,9999895.37,2026-06-13,764102254.05,1.2946
492,Danaher tokenized stock (xStock),DHRX,danaher-tokenized-stock-xstock,183.42320366685786,0.00341872,0.27755613,2.21868536,38025615.9677788,553.86937814,207310.826589,207310.826589,,2026-06-13,38025548.31,0.0015
493,BUSD,BUSD,binance-usd,1.0006820267552299,0.0474808,0.05137522,0.08475391,37868070.72445885,675927.04702586,37842261.28978082,37842261.28978082,,2026-06-13,37853494.96,1.788
494,Orbler,ORBR,orbler,0.03725047304879724,-0.18490985,-0.79675217,-18.34521919,37831086.85959058,40399.82907616,1015586750.0,2000000000.0,2000000000.0,2026-06-13,74479615.55,0.1068
495,Degen,DEGEN,degen-base,0.0016088795868497777,-0.68593652,-3.29656529,23.09649304,37450469.487830475,4025314.22457996,23277360092.0373,36681485650.51297,36963632968.517365,2026-06-13,59225808.62,10.7638
496,Espresso,ESP,espresso,0.07179547939136159,0.83832613,8.34821301,14.71330401,37373136.79717328,17346239.3820813,520550000.0,3590000000.0,,2026-06-13,258882075.4,46.5503
497,Waves,WAVES,waves,0.28770205770521307,-0.37331005,12.21025686,12.91872277,37283315.41205972,43522196.46191147,129590020.0,129590020.0,,2026-06-13,36987875.94,117.9084
498,Burnedfi,BURN,burnedfi-app,3.0250623758646555,-0.57642627,1.65773766,-7.24181011,37281967.79265312,124256.27265297,12324363.32225936,12324363.32225936,21000000.0,2026-06-13,63568907.86,0.3332
499,Everything,EV,everything,0.00037209920571935375,0.01995756,1.95221666,-0.35959138,37209920.57193538,291822.38235477,100000000000.0,100000000000.0,100000000000.0,2026-06-13,37209316.7,0.7879
500,lium,SN51,celium,9.700866054490552,0.42346113,-3.05598686,5.78798481,37053214.56267891,531256.29912806,3819578.0,3819578.0,21000000.0,2026-06-13,204977266.57,1.4342
501,Succinct,PROVE,succinct,0.18994034620803052,0.76258378,0.36914743,5.06057072,37038367.51056595,6844425.1843137,195000000.0,1000000000.0,1000000000.0,2026-06-13,,
502,Aleo,ALEO,aleo,0.03123522499629022,0.46062509,-0.94500056,1.96573674,37085935.329761185,1601464.83398391,1187311291.471915,2010936851.581504,5000000000.0,2026-06-13,,
503,ZORA,ZORA,zora,0.008242156574357413,-0.7179717,-4.40519836,-8.8303264,36842439.87913548,12604283.57938462,4469999999.0,10000000000.0,10000000000.0,2026-06-13,,
504,Bank of America tokenized stock (xStock),BACX,bank-of-america-tokenized-stock-xstock,56.55944,0.0,2.89146807,6.26042818,36805717.33247535,200.90948126,650744.01960973,650744.01960973,,2026-06-13,,
505,Score,SN44,score,8.51673145208602,0.48786813,1.78953193,18.41621307,36775135.69259856,854040.48551874,4317987.0,4317987.0,21000000.0,2026-06-13,,
506,JPMorgan Chase tokenized stock (xStock),JPMX,jpmorgan-chase-tokenized-stock-xstock,325.16626,0.0,4.41405819,2.17938692,36751878.636203535,1035.73225284,113024.88344333,113024.88344333,,2026-06-13,,
507,Celo,CELO,celo,0.06100243954231467,-0.64783098,-0.22912054,2.53220928,36736344.511392504,2042755.81624697,602211072.0,1000000000.0,1000000000.0,2026-06-13,,
508,Terra,LUNA,terra-luna-v2,0.05171160608083497,-0.58620459,0.25496779,4.81531941,36714435.6287913,6617537.40261291,709984438.91686,1186707049.0,,2026-06-13,,
509,Accenture tokenized stock (xStock),ACNX,accenture-tokenized-stock-xstock,170.06464762354716,0.00389075,-0.37317211,-4.60046227,36704586.8579178,197.46104064,215827.25963815,215827.25963815,,2026-06-13,,
510,Osmosis,OSMO,osmosis,0.047144262715878044,-0.95928017,0.88896589,31.7724916,36636883.51995777,6266363.24728252,777122843.998122,977554343.283961,1000000000.0,2026-06-13,,
511,Alaya Governance Token,AGT,alaya-ai,0.015880217133948413,0.13674499,6.89316194,15.77840816,36613851.990620255,21385688.61070571,2305626660.0,5000000000.0,5000000000.0,2026-06-13,,
512,Tellor,TRB,tellor,13.132596196727025,-0.35520815,-1.93889703,2.04214164,36602568.02009252,10431146.29568721,2787154.0,2866366.0,,2026-06-13,,
513,Invesco QQQ Tokenized ETF (Ondo),QQQon,invesco-qqq-tokenized-etf-ondo,724.906579892642,-0.10182867,0.69685985,3.71519065,36485005.31705173,2749619.83477655,50330.63063444,50330.63063444,,2026-06-13,,
514,Ampleforth,AMPL,ampleforth,1.2851460640575687,-0.10751837,1.50441353,12.83668062,36336854.163260914,9.92787628,28274493.6,10630913.57552586,,2026-06-13,,
515,UMA,UMA,uma,0.39762408658491544,-0.71966083,0.34340927,9.21326302,36041131.62909823,3898290.10363557,90641218.28897654,128900369.36625317,,2026-06-13,,
516,Mask Network,MASK,mask-network,0.36013651289233045,-0.79627647,0.48004605,3.24891261,36013651.289233044,10802280.92833985,100000000.0,100000000.0,100000000.0,2026-06-13,,
517,Amber tokenized stock (xStock),AMBRX,amber-tokenized-stock-xstock,1.38,0.0,0.72992701,-12.65236358,35996576.83467898,54.4866918,26084475.96715868,26084475.96715868,,2026-06-13,,
518,ssv.network,SSV,ssv-network,2.2015390135196227,-0.5762068,-0.86057755,13.23014281,35936195.630025364,6352356.38869068,16323215.4458048,17361673.60305064,,2026-06-13,,
519,Vitalum,VAM,vitalum,0.10564889502987525,-0.29148564,0.10455862,4.6006019,35890923.23629784,663127.75430336,339718870.0,1000000000.0,1000000000.0,2026-06-13,,
520,Memecoin,MEME,meme,0.0005650593623790266,-1.6538947,-2.56516724,0.27743439,35890529.61782148,9474690.43621135,63516387847.666664,69000000000.0,69000000000.0,2026-06-13,,
521,Status,SNT,status,0.007415731092054667,0.53624745,-0.98507949,3.67769029,35686408.67091016,2042629.81482007,4812257649.0327635,6804870174.878168,,2026-06-13,,
522,Dogechain,DC,dogechain,0.0003680593728295953,0.09370708,91644.1100894,9476.31224936,35676099.58382476,55074.93747212,96930284126.58339,169576384737.7423,200000000000.0,2026-06-13,,
523,ZEROBASE,ZBT,zerobase,0.1272353413682684,-1.24075329,17.31942602,5.9472197,35519865.79268069,47754111.04707045,279166664.0,1000000000.0,1000000000.0,2026-06-13,,
524,PepsiCo tokenized stock (xStock),PEPX,pepsico-tokenized-stock-xstock,147.0699725333492,-1.28098116,2.46823325,1.06081878,35563822.44970243,6.4078387,241815.65983252,241815.65983252,,2026-06-13,,
525,Celo Dollar,CUSD,celo-dollar,1.0000191308984638,0.00725152,0.01250349,-0.02670918,35554845.80249296,407412.32682731,35554165.61936053,57241566.21607361,1000000000000000.0,2026-06-13,,
526,Bedrock,BR,bedrock-dao,0.13605040408586244,0.06915301,-5.70457656,36.03966633,35543168.06743156,6738550.31082139,261250000.0,1000000000.0,1000000000.0,2026-06-13,,
527,Glidr,GLIDR,glidr,0.9989715515370357,-0.44325121,-0.98309572,3.20538393,35425239.45885641,126485.8388947,35461710.0,100000000.0,100000000.0,2026-06-13,,
528,Marvell Technology Tokenized Stock (Ondo),MRVLon,marvell-technology-tokenized-stock-ondo,279.5544958726254,-0.22852092,0.28212866,2.72150735,35136295.28452966,4001649.43659394,125686.74731863,125686.74731863,,2026-06-13,,
529,Avantis,AVNT,avantis,0.10830117806568056,-0.09064622,-3.23145807,3.95075792,35094977.52320439,12496033.17602756,324049822.4490284,1000000000.0,1000000000.0,2026-06-13,,
530,ApeX Protocol,APEX,apex-token,0.252050068002109,-0.15210237,-2.74183418,-3.44154163,34935376.9909262,1422112.44439246,138604910.0,499999990.0,500000000.0,2026-06-13,,
531,Core,CORE,core-dao,0.028257956188623954,-0.82623495,5.1281224,12.71976424,34982832.27420337,6361160.10062364,1237981687.0225987,2093769839.0352812,2100000000.0,2026-06-13,,
532,Locus Chain,LOCUS,locus-chain,0.007449619172449713,-2.42324867,-0.39922044,7.89049638,34595531.778919615,147080.1351071,4643932928.392004,7000000000.0,7000000000.0,2026-06-13,,
533,World Mobile Token,WMTX,world-mobile-token,0.040465316954479316,-0.46800437,-0.14429477,2.48143541,34471383.07140225,1752310.72771757,851874782.302587,2000000000.0,2000000000.0,2026-06-13,,
534,KGeN,KGEN,kgen,0.16634642831443988,-0.80611598,-5.79961795,-16.20118249,34204522.57441406,2769134.74940169,205622224.18,978000000.0,1000000000.0,2026-06-13,,
535,Anchored Coins AEUR,AEUR,anchored-coins-aeur,1.1454977500073973,0.05726023,0.142181,-0.53556775,34169744.95291031,1448.19425612,29829604.6,2193835.75,67009654.6,2026-06-13,,
536,Chainbase,C,chainbase,0.09720285658392847,-0.62913344,0.69857978,4.74066847,34159860.88920507,8291952.14367779,351428570.0,1000000000.0,1000000000.0,2026-06-13,,
537,Magic Eden,ME,magiceden,0.06245905731190792,0.18395537,4.92752058,0.94188354,33707551.5670531,156392035.41926175,539674356.57449,999990902.370824,1000000000.0,2026-06-13,,
538,Casper,CSPR,casper,0.0020983886655772826,-0.58367867,-0.99681652,-4.55473283,33627379.93274885,1195197.78639911,16025334336.0,19549138506.0,,2026-06-13,,
539,Gensyn,AI,gensyn,0.025756668287377115,-3.6407003,-2.83119944,6.27346675,33604089.25967091,8042393.25935777,1304675313.0,10000000000.0,10000000000.0,2026-06-13,,
540,Infinity Ground,AIN,infinity-ground,0.10970690026480077,1.42892824,15.26367324,81.54765186,33511823.05166957,5763193.4028385,305466866.4485252,1000000000.0,1000000000.0,2026-06-13,,
541,Manifesting (manifesting.meme),MANIFEST,manifesting,0.03702972716392269,-1.35912944,-0.30790848,35.85381721,33326744.52356354,2164918.68741064,899999732.0,899999732.0,999999813.51579,2026-06-13,,
542,MetaMask USD,mUSD,metamask-usd,0.999991241379508,0.01550549,-0.07349713,-0.24160043,33204249.926705938,2685347.53439659,33204540.752677,33204540.752677,,2026-06-13,,
543,Vana,VANA,vana,1.1032662664115978,-0.3671347,0.1633239,1.53818936,33190662.35872651,1189335.90021303,30084000.0,112641600.0,120000000.0,2026-06-13,,
544,TerraClassicUSD,USTC,terrausd,0.005939794927135033,-0.75857039,2.06929896,9.43953573,33122826.437534932,2512217.16344384,5576425927.807445,6079506118.813258,6079506244.687303,2026-06-13,,
545,McDonald's tokenized stock (xStock),MCDX,mcdonald-s-tokenized-stock-xstock,290.1501396704278,-0.01225925,0.81511479,3.35312487,33110052.861923892,1894435.77777629,114113.51688313,152118.80057535,,2026-06-13,,
546,Perle,PRL,perle,0.18790195511043448,-1.25281717,-4.77821331,7.62629692,32882842.144326035,4816776.0665429,175000000.0,1000000000.0,1000000000.0,2026-06-13,,
547,Storj,STORJ,storj,0.07717836108663406,-0.60306416,0.14550856,2.60504289,32800803.30746284,4022374.15056951,424999998.00000113,424999998.00000113,,2026-06-13,,
548,GoPlus Security,GPS,goplus-security,0.0070963070054139085,-1.28623496,-1.7838981,3.2908419,32774666.264278717,5545161.80855575,4618552472.331636,9822841360.54709,10000000000.0,2026-06-13,,
549,Particle Network,PARTI,particle-network,0.06041395529064547,-2.48530839,-0.83900324,22.71835222,32559974.9387268,22838945.92909526,538947909.9999996,1000000000.0,1000000000.0,2026-06-13,,
550,Mango,MNGO,mango-markets,0.029072570115481065,3.05117223,5.11132448,-0.24263556,32487637.400991302,9499.23737537,1117466989.397395,1117466989.397395,,2026-06-13,,
551,Ore,ORE,ore-new,69.68704663808637,-2.8889186,-2.54338685,-7.90951574,32434163.574267667,653289.91408572,465426.00295162,465426.00295162,3000000.0,2026-06-13,,
552,SuperTrust,SUT,supertrust,0.17233663385855866,-2.89297862,4.39514758,13.20098306,32468864.97927001,122380.9322626,188403732.0,188403732.0,238403732.0,2026-06-13,,
553,Comcast tokenized stock (xStock),CMCSAX,comcast-tokenized-stock-xstock,26.28557573839613,0.04208063,2.38069326,3.80755223,32401224.92922171,614230.30621828,1232661.79336115,1232661.79336115,,2026-06-13,,
554,cat in a dogs world,MEW,mew,0.0003644832156459639,-0.73046152,1.47634563,2.30215928,32398508.05709503,6016265.24914904,88888888888.0,88888888888.0,88888888888.0,2026-06-13,,
555,AI Analysis Token,AIAT,ai-analysis-token,0.22117772304925004,-0.43584278,0.44206059,4.32837589,32378087.94886246,366634.0361402,146389462.2952275,500000000.0,500000000.0,2026-06-13,,
556,UPCX,UPC,upcx,0.24138845023650488,-0.03095059,1.37808897,-15.15434221,32279579.407875497,957835.2383526,133724622.6,780000000.0,780000000.0,2026-06-13,,
557,BIM,BIM,bim,1.0743183453372145,-0.24842285,-0.16238769,7.38036885,32229550.360116433,192238.51569942,30000000.0,30000000.0,30000000.0,2026-06-13,,
558,International Business Machines tokenized stock (xStock),IBMX,international-business-machines-tokenized-stock-xstock,266.85622,0.0,-2.9754872,-7.19301209,32206513.6816421,375.06908577,120688.63780519,120688.63780519,,2026-06-13,,
559,PumpMeme,PM,pumpmeme,1.0024141270575855,-0.95335303,-0.35609528,2.29895766,32085286.415071104,124886.77899443,32008015.0,100000000.0,100000000.0,2026-06-13,,
560,Pax Dollar,USDP,paxos-standard,0.9994552479502603,-0.00856362,0.06254118,-0.02206116,31936620.008802112,4740531.05709558,31954027.03052443,31954027.03052443,,2026-06-13,,
561,DEAPcoin,DEP,deapcoin,0.001067136741076823,-0.28647624,-0.13928073,-0.44609372,31899811.888753533,140526.54990415,29892900001.32895,29892900001.328953,,2026-06-13,,
562,Bitmine Tokenised Stock (xStock),BMNRx,bitmine-tokenised-stock-xstock,16.206709850116273,0.00018943,-1.35721326,1.91041058,31880283.569770493,119845.41547256,1967103.98745997,1967103.98745997,,2026-06-13,,
563,Tokenised GBP,TGBP,tokenised-gbp,1.3404373506312686,0.00223978,-0.05950333,0.42119886,31625245.842749886,13920.87584614,23593229.35,23593229.35,,2026-06-13,,
564,IoTeX,IOTX,iotex,0.0033365062441046266,-0.73151663,-1.51222953,-0.22060031,31501184.944978785,1147737.89782601,9441368497.553144,9441368502.273277,10000000000.0,2026-06-13,,
565,DFDV tokenized stock (xStock),DFDVx,dfdv-tokenized-stock-xstock,3.0625828603088037,0.12977108,6.21366648,9.50077105,31373245.745245233,627672.00247727,10244047.97396464,10244047.97396464,,2026-06-13,,
566,ICON,ICX,icon,0.028576465425858608,-0.61996591,-1.32609203,0.24873922,31351667.56563835,15533562.32786756,1097114954.506182,1108792174.2180953,,2026-06-13,,
567,HashKey Platform Token,HSK,hashkey-platform-token,0.09061125639962257,2.54549091,-3.46863606,5.42277466,31257259.82311511,3009050.80172144,344960009.0,1000000000.0,1000000000.0,2026-06-13,,
568,Wiki Cat,WKC,wiki-cat,5.796133157994233e-08,-0.29457631,-0.71682057,3.6902271,31148843.48452931,169732.64596515,537407313383884.5,537407313383884.5,553003328316637.0,2026-06-13,,
569,Liquity BOLD,BOLD,liquity-v2,1.0007302545033192,-2.228e-05,0.01460206,0.01855006,31108882.201157868,244645.77031076,31086181.37721616,31086181.37721616,,2026-06-13,,
570,Rocket Pool,RPL,rocket-pool,1.374135762525075,-0.68965032,0.62500802,6.66076665,30966279.47584207,7793235.80953265,22535094.65392216,22535094.65392216,,2026-06-13,,
571,LUSD,LUSD,lusd,0.9994770605896642,0.01011818,-0.21991514,-0.02208154,30760725.499464277,36912.93329061,30776819.91152082,10000000000000.0,1000000000000.0,2026-06-13,,
572,Novo Nordisk tokenized stock (xStock),NVOX,novo-nordisk-tokenized-stock-xstock,44.68051,0.0,3.66707657,3.2742749,30725669.558168467,358.99199159,687674.99650672,687674.99650672,,2026-06-13,,
573,iExec RLC,RLC,rlc,0.35157463137983486,-0.32892961,-1.85720151,5.09859857,30586917.336875096,4441374.60077115,86999784.9868455,86999784.9868455,86999784.9868455,2026-06-13,,
574,Solayer,LAYER,solayer,0.06659963852681933,-0.1837826,0.57477843,4.95263717,30393726.956032295,12531148.42461072,456364743.53825355,999998412.3767543,,2026-06-13,,
575,Dogelon Mars,ELON,dogelon,3.008498387718104e-08,-0.04095652,0.13323889,8.6917985,30042382.128575955,5202943.22527528,998583953085067.2,998583953085067.2,1000000000000000.0,2026-06-13,,
576,Thermo Fisher tokenized stock (xStock),TMOX,thermo-fisher-tokenized-stock-xstock,462.02145,0.0,-3.65721703,-2.59286596,30012892.299879927,1.9451103,64959.95434818,64959.95434818,,2026-06-13,,
577,MEET48,IDOL,meet48,0.028676163616769255,-0.75633708,-4.62684219,3.18825971,30006737.608587347,4802459.49461331,1046400000.0,4800000000.0,4800000000.0,2026-06-13,,
578,SwftCoin,SWFTC,swftcoin,0.0029928666066112238,-0.00749065,0.56734561,2.11616965,29928666.06611224,531185.83996756,10000000000.0,10000000000.0,,2026-06-13,,
579,UNIPOLY,UNP,unipoly,0.13630529525346746,-0.01449527,-1.82558328,6.89856581,29882209.87841767,228606.32428176,219230000.0,1000000000.0,1000000000.0,2026-06-13,,
580,Band,BAND,band-protocol,0.16801318606682417,-0.46552192,0.31495619,-0.23451192,29842004.479059458,3506925.97712261,177617038.14836502,177617038.14836502,,2026-06-13,,
581,deBridge,DBR,debridge,0.015426451408806836,1.05535072,3.63433572,8.59333886,29691052.209636256,5755245.55243972,1924684519.0,10000000000.0,10000000000.0,2026-06-13,,
582,OpenGradient,OPG,opengradient,0.15657004214921952,-2.19642017,3.60930298,3.53490164,29748308.00835171,22198247.72038354,190000000.0,1000000000.0,1000000000.0,2026-06-13,,
583,Across Protocol,ACX,across-protocol,0.04209829505047548,-0.38304143,-0.18170917,6.69591175,29664888.296502803,2592298.88691512,704657712.644535,1000000000.0,1000000000.0,2026-06-13,,
584,BOOK OF MEME,BOME,book-of-meme,0.00043051061633852904,-0.58174837,-0.62283917,8.08829927,29647912.50763061,9289485.6226174,68866855734.67294,68866855734.67294,,2026-06-13,,
585,Gravity,G,gravity-token,0.002728543557589515,-0.37885128,0.30348171,0.87261859,29580413.56218369,1444297.98713171,10841100000.0,12000000000.0,12000000000.0,2026-06-13,,
586,Ardor,ARDR,ardor,0.029356705649171904,0.04667538,1.36152205,-9.27125303,29311679.25163801,869873.81215691,998466231.2566,998466231.2566,998466231.2566,2026-06-13,,
587,Propy,PRO,propy,0.29360325788000935,-0.9900477,-0.4236936,6.99865776,29360325.788000934,5510480.06160272,100000000.0,100000000.0,,2026-06-13,,
588,OLAXBT,AIO,olaxbt,0.12668478416050746,0.29616424,-34.82367448,16.17987438,29169171.552956842,14469918.54109811,230250000.0,1000000000.0,1000000000.0,2026-06-13,,
589,Snek,SNEK,snek,0.00039005492442385314,0.00578536,8.90723617,36.86483092,29139889.78129464,2923530.93689352,74707144960.0,75243418467.0,76715880000.0,2026-06-13,,
590,USDK,USDK,usdk,1.0184819800061597,0.02571843,2.37881365,4.07357647,29128657.95887873,26.68857796,28600072.0,28600072.0,,2026-06-13,,
591,Bancor,BNT,bancor,0.2699516457470742,-0.61234567,-0.47049765,4.90591208,29118075.1447443,1517006.81625765,107864040.11044963,107864040.11044963,,2026-06-13,,
592,SMART,SMART,smart-blockchain,0.004324806315626122,0.09851039,0.20986358,5.45636724,29064558.574802343,487608.15547394,6720430108.0,836732311077.0,836732311077.0,2026-06-13,,
593,ChangeNOW Token,NOW,now-token,0.3407537428016756,0.00675822,-0.71561601,3.17704647,28897167.955818173,5269.45245323,84803670.0,199763509.8661694,200000000.0,2026-06-13,,
594,BSquared Network,B2,bsquared-network,0.4286972477035988,0.28699066,-3.77844417,-4.08198553,28874204.34256214,787455046.9938337,67353370.0,207444584.9777,210000000.0,2026-06-13,,
595,Phala Network,PHA,phala-network,0.03435654102681795,2.37602019,4.82492276,9.1075813,28857195.03744586,12707652.37290564,839933071.6942831,1000000000.0,,2026-06-13,,
596,Vanta Network,VANTA,proprietary-trading-network,6.705329327775069,0.69324429,-0.81745145,14.94133981,28793254.086459007,199170.16429596,4294085.0,4294085.0,21000000.0,2026-06-13,,
597,Neiro,NEIRO,neiro,6.815120299646963e-05,-0.87119457,0.01142861,9.21876226,28670153.944929983,10151763.69879354,420684488084.7541,420690000000.0,420690000000.0,2026-06-13,,
598,Chia,XCH,chia-network,1.9878289187392602,-0.58327506,-1.39624896,-3.08643624,28648045.711746484,1513670.47590057,14411726.0,33191992.0,,2026-06-13,,
599,Naoris Protocol,NAORIS,naoris-protocol,0.04721549331418065,0.49126708,16.52529053,57.64617945,28294356.523455895,12189345.11895786,599260000.0,4000000000.0,4000000000.0,2026-06-13,,
600,MVL,MVL,mvl,0.0010256234406250725,-0.00501452,2.09803141,7.34373174,28515366.3287327,68877.11240326,27802958863.102654,30000000000.0,30000000000.0,2026-06-13,,
601,COTI,COTI,coti,0.009887803011520207,-0.42923765,0.25823862,2.5560953,28437671.43366257,2612587.3733882,2876035394.367186,2876066804.319248,4910000000.0,2026-06-13,,
602,Tornado Cash,TORN,torn,5.410118158152398,0.29859521,-0.27303069,0.44590507,28458646.7052368,57081.37493122,5260263.43109587,9999997.246815,,2026-06-13,,
603,Liquity USD,LUSD,liquity-usd,1.0059813768267103,-0.04392875,-0.00618721,0.13862877,28100154.843506504,0.0,27933076.58651321,27933076.58651321,,2026-06-13,,
604,MobileCoin,MOB,mobilecoin,0.1417031748620141,0.00062634,-0.24748301,-2.23024054,28113871.20765686,5681.36452494,198399727.0,250000000.0,,2026-06-13,,
605,Collect on Fanable,COLLECT,collect-on-fanable,0.052171673948296624,-1.17602713,-12.47052958,23.47207426,28016188.910235286,6328118.05927345,537000000.0,3000000000.0,3000000000.0,2026-06-13,,
606,Uquid Coin,UQC,uquid-coin,2.7929468076092507,0.00112711,0.05567885,0.05913365,27929468.076092508,32012.55976593,10000000.0,40000000.0,,2026-06-13,,
607,IOST,IOST,iostoken,0.0008188893858997882,-0.0016408,-0.88448939,1.85954152,27841462.709456015,5803755.2964249,33999051873.0,48298553487.0,90000000000.0,2026-06-13,,
608,BORA,BORA,bora,0.025293651720474354,0.44060218,2.90247972,-0.36615418,27816693.47959167,861643.21269256,1099750000.0,1205750000.0,1205750000.0,2026-06-13,,
609,OPEN tokenized stock (xStock),OPENX,open-tokenized-stock-xstock,4.32987,0.0,-1.36970387,-9.61133796,27697887.52571581,58.59513484,6396932.82378358,6396932.82378358,,2026-06-13,,
610,Powerledger,POWR,power-ledger,0.04873455598981589,-0.7364264,-0.98532986,0.59366178,27687865.920612603,2074346.0973035,568136209.68248,1000000000.0,,2026-06-13,,
611,Hive,HIVE,hive-blockchain,0.05014180487931193,-0.78654702,-1.11821319,-0.20261774,27694242.698651858,2511037.31876841,552318425.021,552318425.021,,2026-06-13,,
612,iShares Silver Trust Tokenized ETF (Ondo),SLVon,ishares-silver-trust-tokenized-etf-ondo,61.192375069052055,-0.08276099,0.56889396,-0.37575624,27632586.54767769,5539820.86568622,451569.11325138,451569.11325138,,2026-06-13,,
613,iota,SN9,iota-macrocosmos-ai,6.900952951422581,0.36847816,1.46772046,0.94331942,27633720.53578179,452080.18231231,4004334.0,4004334.0,21000000.0,2026-06-13,,
614,Decentralized Social,DESO,deso,3.1068102948385885,-0.06458036,-2.6956389,-12.75950603,27602567.909664053,8244.89215783,8884536.0,10808492.0,10808492.0,2026-06-13,,
615,PlaysOut,PLAY,playsout,0.03579254434979995,-2.88753567,-5.32789587,-53.18092405,27556784.001189206,58395153.97202357,769902908.6023393,3999999999.98607,5000000000.0,2026-06-13,,
616,Talus,US,talus-network,0.012524129987577893,-0.32739918,-7.55652861,3.21120274,27553085.972671364,4620404.52374713,2200000000.0,10000000000.0,10000000000.0,2026-06-13,,
617,Electronic USD,eUSD,electronic-usd,0.9989304507636163,-0.0899207,0.03570266,-0.01929957,27465304.05284536,151081.22738593,27494711.0,27494711.0,,2026-06-13,,
618,Starpower,STAR,starpower,0.14655925698482722,-1.66118659,-1.95410156,-5.43829594,27271620.78872744,2509202.22057153,186079141.97839293,553079141.978393,1000000000.0,2026-06-13,,
619,ConstitutionDAO,PEOPLE,constitutiondao,0.005382666848392897,-0.52911384,0.23175262,3.35327326,27237033.479804885,6645045.03365794,5060137334.7,5060137334.7,,2026-06-13,,
620,Arkham,ARKM,arkham,0.12094297134687748,-0.41875859,0.15318124,7.68253336,27224262.85018212,46715868.081614,225100000.0,1000000000.0,1000000000.0,2026-06-13,,
621,Abbott tokenized stock (xStock),ABTX,abbott-tokenized-stock-xstock,86.35190037794715,0.00036409,-3.63607486,-5.4948553,27043563.432228144,49.98755956,313178.55558318,313178.55558318,,2026-06-13,,
622,Renzo,REZ,renzo,0.003159702322919549,-0.76985173,-0.38578494,-1.48274996,27026327.05125583,5126178.81025228,8553440890.6860695,9814629224.12962,10000000000.0,2026-06-13,,
623,Giggle Fund,GIGGLE,giggle-fund,27.136967544621108,-0.91881865,-0.86789054,8.9743139,26842609.25293773,13158496.43531763,989152.86716545,989152.86716545,989152.86716545,2026-06-13,,
624,Somnia,SOMI,somnia,0.11039345952970735,-0.38525754,-4.44231278,0.5186503,26851653.25557616,12366532.11198221,243235907.0,1000000000.0,1000000000.0,2026-06-13,,
625,Frax (prev. FXS),FRAX,frax-share,0.28074853578647585,-0.50690249,0.49997253,-6.2516173,26817521.607197657,421489.94602524,95521501.23266824,99681495.59113361,99681495.59113361,2026-06-13,,
626,Merlin Chain,MERL,merlin-chain,0.020875695065361174,-0.38917848,5.32520069,0.44190739,26622365.254248507,4336473.79427005,1275280424.0,2100000000.0,2100000000.0,2026-06-13,,
627,Orbs,ORBS,orbs,0.006079948296762671,-0.14615903,1.27233056,0.77277759,26594961.965425383,3384877.44215054,4374208573.3831215,10000000000.0,,2026-06-13,,
628,Catizen,CATI,catizen,0.05828619302755908,0.15996867,-1.29676529,27.6530044,26447257.85227236,7584473.70527431,453748246.0,1000000000.0,1000000000.0,2026-06-13,,
629,iShares Silver Trust Tokenised ETF (xStock),SLVx,ishares-silver-trust-tokenised-etf-xstock,61.68052258989343,0.01162511,1.42258163,0.20828171,26440405.19384707,155290.56458111,428667.01,428667.01,,2026-06-13,,
630,GMT,GMT,green-metaverse-token,0.008491936553152111,0.12830476,5.14382965,6.08587167,26421812.70859524,8326005.40689802,3111400155.102167,5073850155.102167,,2026-06-13,,
631,UNS TOKEN,UNS,uns-token,0.2498137497471025,-0.49941792,12.28496079,27.63349839,26381381.191042963,2018.33972924,105604200.0,1000000000.0,1000000000.0,2026-06-13,,
632,Zerebro,ZEREBRO,zerebro,0.026359158147746326,-1.51470483,-2.87242762,18.18768925,26357797.0756145,9409753.07426035,999948364.35503,999948594.245846,1000000000.0,2026-06-13,,
633,SKALE,SKL,skale-network,0.004233141800496365,-0.56716521,0.35841734,-1.68572408,26212225.02766155,3966849.41410354,6192144337.0,6342291667.0,7000000000.0,2026-06-13,,
634,INFINIT,IN,infinit,0.07605323309968652,-0.01923035,3.77642406,0.91604515,26243588.983600836,7719811.50918352,345068683.0,1000000000.0,1000000000.0,2026-06-13,,
635,Hims & Hers Health Tokenized Stock (Ondo),HIMSon,hims-hers-health-tokenized-stock-ondo,26.876252861891015,-0.20207893,-6.35388964,3.16872917,26123616.93236817,1733028.33961889,971996.24763949,971996.24763949,,2026-06-13,,
636,Pundi X (New),PUNDIX,pundix-new,0.10037850701564081,-1.20068638,3.9854921,-1.42991097,25936455.228545923,2555317.04491386,258386541.0999244,258386541.0999244,258526640.0,2026-06-13,,
637,Bounce Token,AUCTION,bounce-token,3.7341753184193203,-0.41366969,0.39376066,0.79644087,25842013.482524205,6434297.93043873,6920407.12578625,7641035.64836274,10000000.0,2026-06-13,,
638,Salesforce tokenized stock (xStock),CRMX,salesforce-tokenized-stock-xstock,169.32351,0.0,-0.70749428,-8.43547471,25797880.58900183,170.06006727,152358.52711181,152358.52711181,,2026-06-13,,
639,AIT Protocol,AIT,ait-protocol,0.0866928846469525,24369.91906509,24558.88543159,34307.83818525,25684125.55178634,0.0,296265669.97259575,297593502.82533133,,2026-06-13,,
640,Victoria VR,VR,victoria-vr,0.0015207764612640289,-0.02508255,0.1130504,-3.01681966,25549044.549235687,900774.28308122,16800000000.0,16800000000.0,16800000000.0,2026-06-13,,
641,Tesla Tokenized Stock (Ondo),TSLAon,tesla-tokenized-stock-ondo,404.4956380688987,-0.13075826,1.36998942,4.13249489,25487361.092237394,5704673.75848753,63010.22481705,63010.22481705,,2026-06-13,,
642,Medtronic tokenized stock (xStock),MDTX,medtronic-tokenized-stock-xstock,82.49703,0.0,0.00852225,0.77648327,25366492.159692794,1.56917601,307483.70165196,307483.70165196,,2026-06-13,,
643,Stronghold SHx,SHX,stronghold-token,0.004363235441636317,-0.46317775,-2.49998141,-6.77144306,25280171.833456226,539643.51916546,5793905044.0,99756866344.0,99756866344.0,2026-06-13,,
644,Kyber Network Crystal v2,KNC,kyber-network-crystal-v2,0.12045542377588389,-0.58066055,-1.44919717,4.31151037,25207459.748440426,2860717.20493361,209267951.2326547,240962655.9416953,,2026-06-13,,
645,LCX,LCX,lcx,0.026511258947597184,0.6804664,1.01056949,-0.50801832,25165143.38531953,105782.50535604,949224759.0,949224759.0,,2026-06-13,,
646,FUNToken,FUN,funtoken,0.002325097471013523,-0.26845225,9.83164025,59.18170917,25125472.147203386,828248.09891301,10806201658.398026,10806201658.398026,,2026-06-13,,
647,Gigachad,GIGA,gigachad-meme,0.002695060804670326,-0.93449138,5.23188922,18.03927131,25070565.668248087,7715137.40648675,9302411888.0,9603935545.16,10000000000.0,2026-06-13,,
648,Alphabet Class A Tokenized Stock (Ondo),GOOGLon,alphabet-class-a-tokenized-stock-ondo,362.37262729012974,-0.00020402,0.35300624,0.03417323,25071290.589673,4190429.59928669,69186.4912015,69186.4912015,,2026-06-13,,
649,B3 (Base),B3,b3,0.0005391123938179368,-0.33860539,-1.6132606,-2.13891626,25031842.039410647,4990011.31500131,46431583333.0,100000000000.0,100000000000.0,2026-06-13,,
650,EthereumPoW,ETHW,ethereum-pow,0.23216003489962872,-0.5477808,1.22127224,4.21184703,25031262.582274783,1951178.73610656,107818999.04993,107818999.04993,,2026-06-13,,
651,Asteroid Shiba,ASTEROID,asteroid-shiba,5.8325725766178893e-05,-5.91607542,-39.15519647,-37.0511736,24537049.5725738,13709133.89322516,420690000000.0,420690000000.0,420690000000.0,2026-06-13,,
652,NotInEmploymentEducationTraining,NEET,notinemploymenteducationtraining,0.024819717808512727,-0.91393079,0.76267426,12.63435328,24813910.590218764,984801.78678271,999766024.0,999766024.0,1000000000.0,2026-06-13,,
653,BounceBit,BB,bouncebit,0.02124249660562446,-0.72702317,-0.76767438,7.21451971,24704354.392455675,3306510.58222096,1162968499.0,2100000000.0,2100000000.0,2026-06-13,,
654,aixbt,AIXBT,aixbt,0.024701478876932727,0.17788969,10.87959829,22.00461015,24674674.49654337,16662077.29985074,998914867.3841392,998914867.3841392,1000000000.0,2026-06-13,,
655,CARV,CARV,carv,0.04036902949959193,-0.04098295,3.68205015,6.80813256,24609010.965345204,6002675.17929163,609601253.0,1000000000.0,,2026-06-13,,
656,WOO,WOO,wootrade,0.013022737825182262,-0.62366752,-0.96264349,0.43042601,24597113.944762625,1291081.16309766,1888782088.2947378,1888782088.2947378,1888782088.2947378,2026-06-13,,
657,Klickl Token,KLK,klickl-token,0.24554190439606755,0.48276761,-0.09154642,1.20798047,24554190.439606756,465749.69725513,100000000.0,100000000.0,1000000000.0,2026-06-13,,
658,StrikeX,STRX,strikecoin,0.028117785169515574,-0.6969061,0.1111166,-2.16208239,24537856.704148892,3128.97661734,872680993.7630533,880456959.285762,1000000000.0,2026-06-13,,
659,Trusta.AI,TA,trusta-ai,0.07915094402242338,0.38331037,6.84279179,-3.50734183,24481825.9572711,5439533.54510899,309305546.0,1000000000.0,1000000000.0,2026-06-13,,
660,Steem,STEEM,steem,0.04421055184975324,-0.14047634,-0.55213032,1.02073743,24313901.41164466,2902157.9431219,549956976.205,549956976.205,,2026-06-13,,
661,Hyperlane,HYPER,hyperlane,0.07124140523442168,-1.06066521,1.81897477,7.88485994,24091992.208596345,13209829.90573432,338174017.3333334,808000000.0,1000000000.0,2026-06-13,,
662,Rekt (rekt.com),REKT,rekt-eth,8.545344336659559e-08,-0.41084019,0.46346934,1.87165945,24081833.626999,225136.14831626,281812325849619.0,420690000000000.0,420690000000000.0,2026-06-13,,
663,Cyber,CYBER,cyberconnect,0.34145227298629205,-0.40110346,-1.90867719,-1.93724665,23964207.36076289,8341681.67105187,70183183.0,100000000.0,100000000.0,2026-06-13,,
664,Swarm Network,TRUTH,swarm-network-ai,0.011446103873335544,-0.12843194,-1.38193672,14.80684071,23868621.071417138,1742825.36487381,2085305300.0,10000000000.0,10000000000.0,2026-06-13,,
665,Illuvium,ILV,illuvium,3.2484545024521436,-0.74841828,-1.45411576,0.33489859,23848669.914467752,2180105.00034406,7341543.46211875,9165544.0462918,,2026-06-13,,
666,Ark,ARK,ark,0.12082361449388501,-0.78027309,1.57650699,4.20182245,23820178.654977806,857596.79106219,197148370.0,197148370.0,,2026-06-13,,
667,Momentum,MMT,momentum-token,0.11625749757538477,-0.88729759,6.63184775,11.15420063,23727623.260827128,9451460.76923955,204095424.0,1000000000.0,,2026-06-13,,
668,Isiklar Coin,ISIKC,isiklar-coin,0.23017280690613431,-0.47825357,0.03826006,-0.0260214,23017280.69061343,392700.22886666,100000000.0,100000000.0,100000000.0,2026-06-13,,
669,Clearpool,CPOOL,clearpool,0.024003461881387994,-0.9348495,2.99737747,9.52347679,23417463.944541425,1094314.89880401,975586940.7612014,993627634.645902,1000000000.0,2026-06-13,,
670,Autonomi,ANT,autonomi,0.06977715165982858,-0.56701548,-6.41386914,3.19576571,23376492.314421497,402401.63283789,335016431.0,1200000000.0,1200000000.0,2026-06-13,,
671,Nosana,NOS,nosana,0.3232804595062573,-1.15292683,1.99514621,6.889712,23203120.349878944,221073.96856672,71773964.888929,99999724.348782,,2026-06-13,,
672,Tokenlon Network Token,LON,tokenlon-network-token,0.18657492494321995,-0.16979279,0.52424751,2.21084703,23036203.554154392,535.85465589,123468915.02791686,140451028.83876702,200000000.0,2026-06-13,,
673,Corn,CORN,use-corn,0.04381301837561404,-0.03903989,0.00165627,-0.91135584,23001834.64719737,4375282.32333704,525000000.0,2100000000.0,2100000000.0,2026-06-13,,
674,Bonfida,FIDA,bonfida-sns,0.023005501794060426,-0.6851547,-6.5436487,24.80740152,22796400.502450418,19993255.92003167,990910813.705268,990910813.705268,,2026-06-13,,
675,Capybobo,PYBOBO,capybobo,0.0007330527087690623,0.17234112,-0.57065989,-27.49224518,22765359.1226539,660232.48564053,31055555556.0,100000000000.0,100000000000.0,2026-06-13,,
676,Civic,CVC,civic,0.022766475347823504,-0.2605147,0.76910978,1.85711248,22766475.347823504,1601771.68979278,1000000000.0,1000000000.0,,2026-06-13,,
677,Metal DAO,MTL,metal,0.2506605731441145,-0.38183942,-0.2386901,5.14707254,22718850.401341245,1084263.31938923,90635915.0,90635915.0,,2026-06-13,,
678,Folks Finance,FOLKS,folks-finance,1.8500732652702476,-0.84291543,-11.93204912,33.84631267,22567946.669574346,8557060.46071667,12198406.999994,50000000.0,50000000.0,2026-06-13,,
679,Ontology Gas,ONG,ontology-gas,0.04779029021828117,-0.60407205,1.04346081,0.38087001,22581442.456988405,1027407.96119576,472511097.0,800000000.0,1000000000.0,2026-06-13,,
680,Buttcoin,BUTTCOIN,buttcoin,0.0224288936440285,3.12535658,-1.06242204,77.60115625,22427741.696050942,1036884.41979665,999948640.0,999948640.0,999948640.0,2026-06-13,,
681,Zeebu,ZBU,zeebu,0.12419069562080891,0.0,-0.02564054,0.92621504,22298385.864107788,1214.62805401,179549568.932212,271574623.461212,,2026-06-13,,
682,Open Campus,EDU,open-campus,0.02875882931159246,-0.97975214,1.38652964,-6.88010379,22277108.45418157,4903446.36521596,774618056.0,1000000000.0,1000000000.0,2026-06-13,,
683,Harmony,ONE,harmony,0.0014820575765536468,-0.84646189,-0.76166575,-0.07372788,22165611.139009256,1172637.35720708,14955971677.262915,14955971677.262915,,2026-06-13,,
684,TokenPocket,TPT,tokenpocket,0.006384688671162685,0.73606477,0.43001724,0.9829708,22132251.290848058,57387.9739392,3466457400.0,3466457400.0,5900000000.0,2026-06-13,,
685,API3,API3,api3,0.25449530348431193,-0.81402917,0.33998879,1.83476831,21993987.51882453,7010631.08697886,86421978.0,171877693.7539821,,2026-06-13,,
686,DOGS,DOGS,dogs,4.253878140628524e-05,-1.50911364,-1.70507447,10.60674486,21981915.291697897,7405518.34311416,516750000000.0,545217355861.1685,550000000000.0,2026-06-13,,
687,Big Time,BIGTIME,big-time,0.00879929082918544,-0.04001425,2.13969286,4.90537734,21879007.82428093,10452775.22036165,2486451266.244406,5000000000.0,5000000000.0,2026-06-13,,
688,Anoma,XAN,anoma,0.008741993341228849,-0.59817356,1.78633257,12.26622765,21854983.35307212,3662206.22344158,2500000000.0,10000000000.0,10000000000.0,2026-06-13,,
689,Cartesi,CTSI,cartesi,0.023547888962485008,-0.76741194,0.18119968,7.38732111,21809630.181814183,3363820.97011234,926181969.7111657,1000000000.0,1000000000.0,2026-06-13,,
690,Wirex Token,WXT,wirex-token,0.0021838062939755426,-0.59377325,1.14817337,11.73316405,21838062.939755425,349497.1315694,10000000000.0,10000000000.0,10000000000.0,2026-06-13,,
691,ROGin AI,ROG,rogin-ai,0.32456202017449215,-0.09856275,0.25882424,1.24329398,21742368.7100955,92321.69195616,66989873.61,200000000.0,,2026-06-13,,
692,Euler,EUL,euler-finance,0.9064456164152688,-1.0275911,-0.5699949,4.27243075,21650667.872474696,3863832.32429695,23885236.44484801,27182818.28459045,27182818.28459045,2026-06-13,,
693,Moonbirds,BIRB,moonbirds,0.07596005576757946,-1.35288787,-8.10470508,-0.32824016,21648615.893760145,7855294.40351523,285000000.0,1000000000.0,1000000000.0,2026-06-13,,
694,Cheelee,CHEEL,cheelee,0.377752382112795,-0.27755809,0.07517518,1.75617888,21466955.997175276,996494.897546,56828115.48959432,1000000000.0,1000000000.0,2026-06-13,,
695,Audius,AUDIO,audius,0.015002922433707414,-0.24148683,-2.16089141,1.00826536,21440240.750140868,4199252.69693095,1429070959.0,1429070959.0,,2026-06-13,,
696,MiL.k,MLK,milk-alliance,0.03856977165407129,2.15017477,3.91809141,5.21254866,21404493.759532742,3078327.66264035,554955158.9651,986245419.0,986245419.0,2026-06-13,,
697,SLT,SLT,slt-game,2.4954873901958408,-0.31783206,0.00513153,3.8584239,21211642.816664647,42997.36064361,8500000.0,100000000.0,100000000.0,2026-06-13,,
698,IQ,IQ,iq,0.0008057222091898867,0.37517511,1.34068592,-2.54085298,21216244.562049806,1089579.22487606,26331959476.929,26331959476.929,60000000000.0,2026-06-13,,
699,Flux,FLUX,zel,0.051283334999217105,-0.66191023,-1.60756274,3.38289469,21116368.09470708,2186203.47785799,411758870.4991484,411758870.4991484,560000000.0,2026-06-13,,
700,dKargo,DKA,dkargo,0.004209072325699464,0.82618297,1.47074366,9.05743362,21045361.62849732,1271256.96015961,5000000000.0,5000000000.0,5000000000.0,2026-06-13,,
701,WAX,WAXP,wax,0.004567905171795054,-0.70590508,-0.53077791,-1.19898113,21042040.17932279,1216415.71964765,4606496717.411907,4608433461.251633,,2026-06-13,,
702,Lista DAO,LISTA,lista-dao,0.051226182676226535,-0.96517457,-0.39578866,0.46321199,20951262.766117442,5716030.05917075,408995198.7744087,795588564.255041,800000000.0,2026-06-13,,
703,Spell Token,SPELL,spell-token,0.00012195808276824457,0.30773514,-1.52477703,-0.62969309,20917096.760727413,1995094.27527751,171510541047.746,196008739620.0,,2026-06-13,,
704,Zentry,ZENT,zentry,0.0026112696451391242,-0.38778322,0.97326793,-5.07663229,20915256.81971678,1543761.81232726,8009612051.612713,9706992814.355925,10000000000.0,2026-06-13,,
705,KONET,KONET,konet,0.04591190411637064,-1.11727623,0.42321726,6.87275286,20759639.548921898,1691459.57196725,452162460.87950224,999997956.2,1000000000.0,2026-06-13,,
706,Orizon,ORI,orizon,55.02598878356623,0.01824503,-3.25260612,-5.3522873,20740237.04318678,355940.09023092,376917.116833,376917.116833,376917.116833,2026-06-13,,
707,KAIO,KAIO,kaio,0.030315545250092377,-0.34007377,-1.00767065,6.83217094,20652465.201625433,2174987.1916854,681250000.0,10000000000.0,10000000000.0,2026-06-13,,
708,Tether Gold Tokens,XAUT0,tether-gold-tokens,4174.467244458661,-0.1040072,0.10255899,-2.60247816,20494451.67115281,629173.79709105,4909.477179,2863.952494,,2026-06-13,,
709,DeBox,BOX,debox,0.03996201614134554,-0.24185884,-0.37190578,2.58205944,20309191.46866249,9386.22659456,508212383.4,1000000000.0,1000000000.0,2026-06-13,,
710,Secret,SCRT,secret,0.059197031341486656,-0.41162181,-1.58593432,0.55595138,20290273.169643335,6546655.79200094,342758288.884386,357864556.370766,,2026-06-13,,
711,SATS (Ordinals),SATS,sats-ordinals,9.640823184669344e-09,-0.4413063,1.23894609,4.25630492,20245728.687805623,3119151.42171386,2100000000000000.0,2100000000000000.0,2100000000000000.0,2026-06-13,,
712,Xertra,STRAX,stratis-new,0.009312071675675103,-1.34081666,-8.34807558,5.58628295,20253470.314735796,7453091.45881691,2174969332.296024,2174969332.296024,,2026-06-13,,
713,Sapien,SAPIEN,sapien-io,0.08085278118547827,-0.79950652,-0.92265146,11.18829546,20213195.296369568,4508065.829086,250000000.0,1000000000.0,1000000000.0,2026-06-13,,
714,τemplar,SN3,templar,4.782610052114141,0.48107408,0.84643941,10.22694198,20175311.374372095,28593.68790155,4218473.0,4218473.0,21000000.0,2026-06-13,,
715,Blast,BLAST,blast,0.0003179166812231753,-1.32923617,-9.02834983,1.2774056,20123836.067984924,4605204.62211567,63299088272.30783,100000000000.0,100000000000.0,2026-06-13,,
716,Brevis,BREV,brevis,0.08048245338649716,-0.26538841,-1.46121265,1.3659335,20120613.34662429,13353541.62690366,250000000.0,1000000000.0,1000000000.0,2026-06-13,,
717,Shentu,CTK,shentu,0.12551994616877185,0.30021259,1.66796816,1.02715169,20116212.797881737,1193204.41088292,160263077.0,160263077.0,,2026-06-13,,
718,ArcBlock,ABT,arcblock,0.20382261940280186,0.7227149,0.42335172,-0.35875239,20087596.68826438,93887.31799533,98554305.44029327,186000000.0,186000000.0,2026-06-13,,
719,Lisk,LSK,lisk,0.0911091979239507,-0.21203102,-1.04045031,-0.72071939,19994659.497453626,2384984.64317676,219458188.11996642,400000000.0,400000000.0,2026-06-13,,
720,Pocket Network,POKT,pocket-network,0.008461594691272414,-0.03983508,-1.28038051,7.27094519,19799627.115813352,745299.0490083,2339940382.187696,2376555459.651624,,2026-06-13,,
721,iShares 20+ Year Treasury Bond Tokenized ETF (Ondo),TLTon,ishares-20-year-treasury-bond-tokenized-etf-ondo,88.56771514358383,0.01271872,-0.06223847,0.98199404,19650014.425524883,1995130.46528558,221864.30341653,221864.30341653,,2026-06-13,,
722,Cobak Token,CBK,cobak-token,0.19619695458350173,-1.4920251,-0.75890639,-0.89945311,19619695.458350174,4847975.57481337,100000000.0,100000000.0,100000000.0,2026-06-13,,
723,Symbol,XYM,symbol,0.0030085231106698144,0.0238964,-0.50598539,-7.63479723,19619549.656860642,73695.98790503,6521322567.634379,8538221971.09301,8999999999.0,2026-06-13,,
724,Sign,SIGN,sign,0.008505077230357873,-0.83973931,-0.2423552,-3.03455814,19590027.884422608,4663436.30289609,2303333333.0,10000000000.0,10000000000.0,2026-06-13,,
725,Prom,PROM,prom,1.0723998850470329,-0.41030807,0.05558873,8.28070495,19571297.90210835,1305242.49009036,18250000.0,19250000.0,19250000.0,2026-06-13,,
726,Public Masterpiece Token,PMT,public-masterpiece-token,0.10659687151126884,-0.19536481,-0.26589062,-0.20449076,19526656.145937577,305474.75946241,183182262.94167858,361071410.0,2000000000.0,2026-06-13,,
727,Constellation,DAG,constellation,0.006794928767631804,0.23079487,2.25965021,7.24412602,19524876.63828142,625092.07839091,2873448318.0,3003804388.0,,2026-06-13,,
728,Yield Guild Games,YGG,yield-guild-games,0.02555239559436753,0.68694164,1.48352606,2.86925499,19479934.172214914,5519946.24350679,762352559.0887785,999716389.322777,1000000000.0,2026-06-13,,
729,Liquity,LQTY,liquity,0.20136767417542054,-0.66671722,-0.02863164,1.10231825,19377642.94604804,4844094.08723747,96230157.22556984,100000000.0,100000000.0,2026-06-13,,
730,ChainGPT,CGPT,chaingpt,0.020706531159658967,-0.70139389,-2.61109582,4.53401702,19315036.760187466,7626748.4207502,932799251.1762449,997766421.9854141,1000000000.0,2026-06-13,,
731,COINDEPO,COINDEPO,coindepo,0.07690415748193684,0.06965675,0.34128166,1.45169015,19250559.184439123,1328211.37063569,250318836.0,1000000000.0,1000000000.0,2026-06-13,,
732,Aergo,AERGO,aergo,0.03917726035141656,0.07096728,-1.76877041,1.33600905,19196857.40643204,874807.99013789,489999995.7689212,500000000.0,500000000.0,2026-06-13,,
733,Rujira,RUJI,rujira,0.23755287895897187,0.05801497,-1.8424227,9.117674,18992352.6727698,3670.80130913,79950000.0,100000000.0,100000000.0,2026-06-13,,
734,Comtech Gold,CGO,comtech-gold,134.4081500736505,0.17156455,-0.18959085,-2.63847431,18951549.160384722,882472.07940315,141000.0,141000.0,141000.0,2026-06-13,,
735,Metis,METIS,metisdao,2.5299109925649828,-0.45691024,-0.07541889,2.8467726,18955192.002897184,1863195.68906597,7492434.342,10000000.0,10000000.0,2026-06-13,,
736,SentismAI,SENTIS,sentismai,0.09168483581261402,0.39887141,-2.69749397,-2.79419376,18931899.88509408,3103900.69300859,206488889.0,1000000000.0,1000000000.0,2026-06-13,,
737,Aurora,AURORA,aurora-near,0.026573074459693608,0.13455917,-1.18691814,12.36890099,18922389.66094455,440883.42361386,712088836.0,999759398.0,1000000000.0,2026-06-13,,
738,QANplatform,QANX,qanplatform,0.010493666641017509,-0.58500808,1.70612111,-4.82141066,18820739.12278884,129857.82895214,1793533163.0626206,2200000000.0,3333333000.0,2026-06-13,,
739,GameBuild,GAME,gamebuild,0.0009747807335086103,-0.11096919,0.09266074,-1.88101453,18717509.46595861,663470.09871548,19201763866.0,21419639000.0,21419639400.0,2026-06-13,,
740,Usual,USUAL,usual,0.010181269751797855,-0.71881112,-4.36283193,10.43913174,18666747.115288645,22041051.58956934,1833439990.330517,1838262510.379085,3000000000.0,2026-06-13,,
741,WalletConnect Token,WCT,walletconnect-token,0.04654988642116548,-0.68990633,-1.97852587,7.97623346,18624999.59860663,12824475.28982172,400108379.0,1000000000.0,1000000000.0,2026-06-13,,
742,Biconomy,BICO,biconomy,0.018539150221289356,-1.0733539,0.89606905,2.42256871,18543651.73343518,4231291.51447074,1000242811.1370851,1000000000.0,1000000000.0,2026-06-13,,
743,Ergo,ERG,ergo,0.2225853319489031,-0.61365152,0.07918648,3.81924288,18523034.48164693,113107.22575043,83217678.0,83217678.0,97739924.0,2026-06-13,,
744,Pixels,PIXEL,pixels,0.005474725380090388,-0.68870779,1.15613604,5.19115863,18518795.903581243,8272882.84450621,3382598142.9,5000000000.0,5000000000.0,2026-06-13,,
745,Loopring,LRC,loopring,0.013532163502341458,0.15599846,2.62127623,5.16198956,18517507.241458375,3383839.0602961,1368406998.500595,1373873397.4424574,,2026-06-13,,
746,Oho,OHO,oho,0.0007642853590568826,0.12164752,0.41159894,5.08142431,18437540.8081679,132687.83767323,24123896382.0,45000000000.0,45000000000.0,2026-06-13,,
747,MAX Exchange Token,MAX,max-exchange-token,0.27133770301921833,0.30572856,1.22229871,-1.65177174,18296615.11550419,25711.03276316,67431156.49581613,285000000.0,500000000.0,2026-06-13,,
748,Yei Finance,CLO,clovis,0.14115593406895938,-1.39075926,-23.29636277,-22.77923467,18223231.088302657,18381542.59302437,129100000.0,999987059.6102155,1000000000.0,2026-06-13,,
749,Checkmate,CHECK,checkmate,0.06515429243563858,-0.27932712,12.89436676,12.84704316,18201937.844259124,11172196.43905509,279366672.0,1000000000.0,1000000000.0,2026-06-13,,
750,Smooth Love Potion,SLP,smooth-love-potion,0.0005008006735192066,-0.5309238,-0.84395585,-0.9409013,18199086.494730543,1000368.52987655,36339980070.0,36339980070.0,,2026-06-13,,
751,Power Protocol,POWER,powerprotocol,0.0865123719055421,-1.27835072,-7.12487545,47.01259969,18167598.10016384,4867908.87235098,210000000.0,1000000000.0,1000000000.0,2026-06-13,,
752,Sonic SVM,SONIC,sonic-svm,0.027157343582812226,-0.68284703,-0.35343749,2.08875278,18200512.976218484,1301587.62322782,670187528.4936748,2399996782.6754208,,2026-06-13,,
753,Nillion,NIL,nillion,0.038584937252982905,0.74851947,3.59161392,-7.15654229,18053631.692344245,15388833.33346486,467893250.0,1000000000.0,,2026-06-13,,
754,pippin,PIPPIN,pippin,0.017994252654956803,-2.2323695,-9.45268329,34.91835738,17994185.230492104,8691177.58799099,999996253.0,999996253.0,,2026-06-13,,
755,Epic Chain,EPIC,epic-chain,0.5351702624271029,0.91165841,-23.25611552,-14.01323498,17981720.81755066,24227722.00877307,33600000.0,33600000.0,33600000.0,2026-06-13,,
756,Aevo,AEVO,aevo,0.01961799879724982,-0.51048264,0.34582965,3.66963841,17992565.021170434,3083991.34746104,917145790.8180089,1000000000.0,1000000000.0,2026-06-13,,
757,Pythia,PYTHIA,pythia,0.018008256193091612,-0.27971718,-1.59410051,-11.95004908,17975089.585547116,81715.12616619,998158255.458559,998158255.458559,1000000000.0,2026-06-13,,
758,OKZOO,AIOT,okzoo,0.061142480411620084,-0.31660769,-1.79630661,25.00385501,17930032.31956511,788934.57314249,293249999.0,1000000000.0,1000000000.0,2026-06-13,,
759,QuarkChain,QKC,quarkchain,0.0024658878477702875,-0.17713086,0.29077638,4.41086376,17861685.449252084,495537.15999165,7243510878.0,10000000000.0,,2026-06-13,,
760,Commonwealth,CWU,commonwealth,0.019390635783703737,-0.31793952,-8.48333433,-14.7673081,17461206.07786521,39041.29748134,900496831.1838409,999999318.74603,1000000000.0,2026-06-13,,
761,WINkLink,WIN,wink,1.754102520934471e-05,-0.53765798,-0.25174227,5.01483371,17430549.274292912,5707717.97303589,993701854154.286,993701854154.286,993701859243.3864,2026-06-13,,
762,Hana Network,HANA,hana-network,0.030442651900541472,-1.15964203,-1.19542236,-1.98956981,17425172.012348164,4568499.11068982,572393366.6908377,1000000000.0,1000000000.0,2026-06-13,,
763,Gradients,SN56,gradients,4.159168681316039,0.72205679,1.06738177,10.63950538,17366771.036413692,15366.82432171,4175539.0,4175539.0,21000000.0,2026-06-13,,
764,Global Commercial Business,GCB,global-commercial-business,0.01440404035228488,-0.00367333,0.0288725,-11.72562195,17311420.22395106,0.99944771,1201844746.3738875,1201844746.3738875,2500000000.0,2026-06-13,,
765,AI Companions,AIC,ai-companions,0.02281207002329456,-1.7049758,-5.31463146,-2.84544189,17109045.673849914,1813694.41228381,749999700.0,1000000000.0,1000000000.0,2026-06-13,,
766,Cetus Protocol,CETUS,cetus-protocol,0.018003923575814876,-0.49775364,-1.08276741,-0.81778309,17064588.433511663,2443203.64036905,947826087.0,1000000000.0,1000000000.0,2026-06-13,,
767,Celer Network,CELR,celer-network,0.0021709016765607825,-0.35453318,0.56756008,-0.76060217,16940466.476782024,1614233.17935612,7803424106.9912,10000000000.0,10000000000.0,2026-06-13,,
768,Bifrost,BFC,bifrost,0.012202426283686797,-0.39740378,1.2358427,-7.92930626,16920354.859327316,1063790.70989333,1386638564.0,2584913482.0,,2026-06-13,,
769,Faith Tribe,FTRB,faith-tribe,0.005110261873948094,-0.0795951,-0.48988623,5.836455,16873786.093337588,289557.69490551,3301941565.7266917,5000000000.0,5000000000.0,2026-06-13,,
770,wojak (wojakcto.com),WOJAK,wojaknew,5.49542872768919e-08,-0.72121201,-7.47054097,-5.04352854,16811259.793055497,1094177.49611381,305913526061224.7,305913526061224.7,420690000000000.0,2026-06-13,,
771,STBL,STBL,stbl,0.024053155909439173,-0.63570553,0.68167019,6.27178123,16837209.13660742,2456514.73861632,700000000.0,10000000000.0,10000000000.0,2026-06-13,,
772,iShares Core MSCI EAFE Tokenized ETF (Ondo),IEFAon,ishares-core-msci-eafe-tokenized-etf-ondo,98.55155833878815,-0.07041811,0.31012906,0.70271723,16748116.904289912,1794756.71205686,169942.68976159,169942.68976159,,2026-06-13,,
773,Intel Tokenized Stock (Ondo),INTCon,intel-tokenized-stock-ondo,125.28463471492974,-0.1025794,7.32318315,32.10872143,16760089.605658706,4007907.66782169,133776.0982725,133776.0982725,,2026-06-13,,
774,Acurast,ACU,acurast,0.07718685523836831,-0.75449198,0.18869046,16.36845258,16749547.586725924,2600501.12544629,217000000.0,1000000000.0,,2026-06-13,,
775,MediBloc,MED,medibloc,0.0015732662888263812,-0.68189707,1.92076541,3.69595972,16745912.170690933,4342528.88484151,10644041819.0,11434259731.0,,2026-06-13,,
776,Xai,XAI,xai-games,0.008058145844503125,1.16422616,3.49227619,6.30435776,16701971.847297216,4604751.20158604,2072681752.0547223,2206459130.3553443,2500000000.0,2026-06-13,,
777,Tokamak Network,TOKAMAK,tokamak-network,0.37799176938806933,-0.26659218,3.05519636,6.17133327,16571708.770005649,3267631.16117265,43841454.0,104455004.59697862,,2026-06-13,,
778,Young,YNG,young,0.6135002966253934,0.0,0.04299495,0.98623079,16564508.008885622,47909.69944783,27000000.0,100000000.0,100000000.0,2026-06-13,,
779,SynFutures,F,synfutures,0.003856572837818554,-0.54855913,-1.1738394,2.50886257,16534714.168534696,3727577.72344018,4287411353.0,10000000000.0,10000000000.0,2026-06-13,,
780,Definitive,EDGE,definitive,0.06482454951439409,-0.60736811,-0.23097053,-2.23971593,16407616.95119223,1107239.57089844,253108075.16755623,1000000000.0,1000000000.0,2026-06-13,,
781,Apertum,APTM,apertum,0.1667973709704141,-0.63110842,-1.16800981,-0.87956733,16492508.104142291,727761.87863733,98877506.331126,99173853.285678,2100000000.0,2026-06-13,,
782,Based,BASED,basedone,0.07005172893114783,-2.76961174,-3.73345354,14.33633149,16462156.29881974,23160914.35184433,235000000.0,1000000000.0,1000000000.0,2026-06-13,,
783,Animecoin,ANIME,anime,0.002971022702704543,-0.2764639,-0.10734975,-1.15178471,16455320.174281085,5168626.0109181,5538604656.0,10000000000.0,,2026-06-13,,
784,Freysa,FAI,freysa-ai,0.0020064768085531538,-0.86497091,-4.0135588,0.9755948,16432443.119007764,302396.45815494,8189700000.0,8189700000.0,8189700000.0,2026-06-13,,
785,Moonriver,MOVR,moonriver,1.3417734050198236,-0.56605775,0.57896514,10.3184316,16349656.535241103,17169725.46566177,12185110.0,12540167.0,,2026-06-13,,
786,Taiko,TAIKO,taiko,0.08464696776272747,-0.43931064,-0.20523001,-0.89486999,16470822.870374952,5070185.82802957,194582550.39381972,1000000000.0,1000000000.0,2026-06-13,,
787,Adventure Gold,AGLD,adventure-gold,0.17552686925480074,0.01739063,3.58116496,-11.40549303,16294159.448450021,8999273.61084482,92830001.0,92830001.0,96000000.0,2026-06-13,,
788,QIE Blockchain,QIE,qi-blockchain,0.19285609400185,-0.00508212,0.18893968,1.54824353,16271093.730458824,90463.39167585,84369093.0,84369093.0,150000565.0,2026-06-13,,
789,DeepNode,DN,deepnode,0.7152391410853073,-5.15962287,-22.78828945,191.14030588,16092880.674419414,19269275.92981001,22500000.0,62000000.0,100000000.0,2026-06-13,,
790,FLock.io,FLOCK,flock-io,0.041446396478341724,1.53696681,3.73846276,4.21218439,16121896.427061873,4204434.7200055,388981860.8352731,390323249.3506119,1000000000.0,2026-06-13,,
791,Test,TST,test-token-bsc,0.017155809520549563,-1.42929347,6.86835759,33.03275494,16128780.338340444,22854724.41526715,940135195.5453386,940135195.5453386,,2026-06-13,,
792,Abey,ABEY,abeychain,0.015368608373873011,0.01237495,-0.26053559,-1.67595509,16047567.682206905,20931.61497991,1044178320.6271389,1341469586.62616,1341470578.374332,2026-06-13,,
793,Mango Network,MGO,mango-network,0.010008280989969687,1.27838716,-0.09212609,0.0379165,16042904.73102992,682648.01278377,1602963061.0,10000000000.0,10000000000.0,2026-06-13,,
794,Goldgr,GOLDGR,goldgr,134.88279504946536,0.0,0.66968834,-2.26077874,15870775.506594265,0.0,117663.45367305,10000000000.0,100000000.0,2026-06-13,,
795,Araracoin,ARARA,araracoin,0.0004375621962005512,0.09880743,0.28674491,0.24967237,15861629.61226998,14595.83586414,36250000000.0,100000000000.0,100000000000.0,2026-06-13,,
796,Lumia,LUMIA,lumia,0.09151755790682821,-1.20493338,-15.02270039,14.51852637,15835152.465653418,14185844.94097457,173028573.1812774,238888888.0,238888888.0,2026-06-13,,
797,Mira,MIRA,mira-network,0.053339766242041314,-0.79313286,-1.98911922,-4.88588164,15805110.669059392,8595462.16648302,296310085.0,1000000000.0,1000000000.0,2026-06-13,,
798,RateX,RTX,ratex,0.9015786784912768,0.28182029,-0.89390033,22.80937794,15775454.677851232,1801036.20460165,17497590.67533657,99999990.67533657,100000000.0,2026-06-13,,
799,Bluwhale,BLUAI,bluwhale,0.012824775032412245,-1.10733181,-3.02934882,-4.87669834,15748823.739802238,6905648.02988228,1228000000.0,10000000000.0,10000000000.0,2026-06-13,,
800,Orderly,ORDER,orderly-network,0.04015943325861295,-0.63770235,2.60657302,7.82170595,15645194.194904191,5873775.09046296,389577066.3434047,997869608.6576366,1000000000.0,2026-06-13,,
801,Chintai,CHEX,chex-token,0.012451395905592294,1.5380749,3.37708996,-5.30370195,15550820.051873412,213139.02503898,1248921821.2786145,1248921821.2786145,,2026-06-13,,
802,MetaMUI,MMUI,metamui,0.0325599113494422,0.23726857,0.32236834,-3.36205634,15506543.527442923,578325.09067799,476246491.0,800000000.0,800000000.0,2026-06-13,,
803,Bitgo Tokenised Stock (xStock),BTGOx,bitgo-tokenised-stock-xstock,4.94,0.0,-11.78571429,3.5639413,15502817.54406029,79.91685,3138222.17491099,3138222.17491099,,2026-06-13,,
804,Opinion,OPN,opinion,0.08567983727274445,-2.06539162,-8.16224955,-64.98232809,15445029.056055428,25348160.93660758,180264453.66474378,1000000000.0,1000000000.0,2026-06-13,,
805,Braintrust,BTRST,braintrust,0.06376504345774982,0.07511312,1.28589835,4.46586309,15389551.80766153,27688.94909236,241347782.0,250000000.0,250000000.0,2026-06-13,,
806,Treasure,MAGIC,magic-token,0.045770254738715155,-0.2876612,-0.82626217,0.93797374,15379673.961124374,2967559.31795624,336018972.3417761,347687042.97175324,,2026-06-13,,
807,Citrea,CTR,citrea,0.012815609307074536,-1.40261179,-0.5656202,-5.9888886,15378731.168489443,38655999.35548121,1200000000.0,10000000000.0,10000000000.0,2026-06-13,,
808,Titan's Tap,TIT,titans-tap,0.0005007377441882272,0.00194336,-0.06257682,1.35230263,15366801.616917556,9350.84376116,30688322970.0,79999980098.1447,80000000000.0,2026-06-13,,
809,Adshares,ADS,adshares,0.39577116412269303,-0.15645045,-1.56326667,3.41835112,15336014.299327936,54251.94177793,38749701.063551,38758206.0,38758206.0,2026-06-13,,
810,Infinex,INX,infinex,0.007687257415387631,-0.1568275,-15.55559348,13.62043196,15330697.463507552,8948331.55560196,1994300000.0,10000000000.0,10000000000.0,2026-06-13,,
811,Codatta,XNY,codatta,0.006112289954661547,0.9957967,-13.3598361,20.56194339,15280724.886653867,2512770.37527538,2500000000.0,10000000000.0,10000000000.0,2026-06-13,,
812,Electroneum,ETN,electroneum,0.0008484064216513541,-0.04290189,1.16535982,-3.24878899,15254192.71582877,225745.33091223,17979817604.56,17979817604.56,21000000000.0,2026-06-13,,
813,DODO,DODO,dodo,0.015237183686551348,-0.68889658,-1.80356609,-2.85811763,15237183.686551347,5218360.34879137,1000000000.0,1000000000.0,1000000000.0,2026-06-13,,
814,Ark of Panda,AOP,ark-of-panda,0.031184217568976446,0.06502856,-1.14885434,-7.64472704,15145134.93696446,1748950.84065815,485666664.6666667,2000000000.0,2000000000.0,2026-06-13,,
815,ISLM,ISLM,islamic-coin,0.006883651963408555,-0.22993783,-1.84539771,3.55489119,15050822.003968945,8164.29327751,2186458886.06435,18163632817.991753,100000000000.0,2026-06-13,,
816,XSGD,XSGD,xsgd,0.7790680552368566,-0.0071246,0.14337092,0.83771355,15045765.369093904,401694.79846207,19312517.395569,83617320.371568,,2026-06-13,,
817,Chromia,CHR,chromia,0.01542659039694698,-0.87915587,-1.68783108,2.77561537,15038332.664410772,1371082.92111267,974831915.3782,974831915.3782,978064789.0,2026-06-13,,
818,zkPass,ZKP,zkpass,0.054607283576875644,0.18901605,-2.32156758,5.84582403,15017002.983640803,7815322.40721626,275000000.0,1000000000.0,1000000000.0,2026-06-13,,
819,Fulcrom Finance,FUL,fulcrom-finance,0.000897620277163412,0.65256589,-0.56605221,9.20122205,14984039.9933413,1343.4409088,16693072086.888086,20000000000.0,,2026-06-13,,
820,NYM,NYM,nym,0.017843590799748222,0.43225118,-2.850905,-11.94484119,14906121.312707234,1218945.75495333,835376773.654637,1000000000.0,1000000000.0,2026-06-13,,
821,OpenEden,EDEN,openeden,0.04112892600093524,-0.37799535,-5.05354201,3.38245376,14861256.541717473,15804667.4873324,361333445.50206685,1000000000.0,1000000000.0,2026-06-13,,
822,Ready Cards,READY,ready,0.014847060840357085,0.62200609,2.0103022,27.38033747,14847060.840357086,242131.62300631,1000000000.0,1000000000.0,1000000000.0,2026-06-13,,
823,Radix,XRD,radix-protocol,0.001101564934557607,-0.31175414,-0.88164006,5.91269152,14826494.15568362,150498.00764652,13459482678.284418,13459482691.824633,24000000000.0,2026-06-13,,
824,Boundless,ZKC,boundless,0.04907641954221761,0.24731441,0.53267857,2.90732019,14816329.036790002,7351111.89860831,301903219.0,1052249088.0,,2026-06-13,,
825,Caldera,ERA,caldera,0.09975340557746736,-0.32837699,-0.55162053,2.69293263,14813380.728253903,3874684.53293228,148500000.0,1000000000.0,1000000000.0,2026-06-13,,
826,DIA,DIA,dia,0.122523242143493,0.06711454,-1.39926978,-1.62919964,14663104.269181851,2469682.9897405,119676104.0,168817248.0,200000000.0,2026-06-13,,
827,Eesee,ESE,eesee,0.010800143509463529,-0.27635644,-5.0954585,50.26645039,14534497.324904691,252099.99097564,1345768906.8824842,1348806696.8891003,1348806696.8891003,2026-06-13,,
828,Hippo Protocol,HP,hippo-protocol-ai,0.010501085133212601,-0.32845784,1.19667213,-3.04099722,14522589.284880897,206467.89344217,1382960817.9205377,1382963088.1026144,,2026-06-13,,
829,SaucerSwap,SAUCE,saucerswap,0.01598955640794477,-0.43130733,-2.97665943,-7.24286237,14492404.83085299,52176.55740919,906366909.819469,906566871.556321,1000000000.0,2026-06-13,,
830,Coin98,C98,coin98,0.014446457233555695,-0.82255366,-1.84067047,2.03231916,14446441.024630679,8633705.47541626,999998878.0,1000000000.0,,2026-06-13,,
831,Marlin,POND,marlin,0.0017554393629692605,-1.11047446,-0.90483497,-31.20966868,14443781.19242704,2374662.58123213,8228014876.0,10000000000.0,,2026-06-13,,
832,Firo,FIRO,firo,0.7701971644841412,0.0096694,5.48567976,8.03654964,14393806.25161029,329271.96907937,18688469.54435479,18688469.54435479,21400000.0,2026-06-13,,
833,iShares Core US Aggregate Bond Tokenized ETF (Ondo),AGGon,ishares-core-us-aggregate-bond-tokenized-etf-ondo,101.52124395896149,-0.0380804,-0.1571439,0.55737325,14384268.049124619,1291376.98207824,141687.27143394,141687.27143394,,2026-06-13,,
834,USDB,USDB,usdb,0.9969743063034692,-0.09296953,0.1785846,0.03784241,14335699.92016043,21836.15932762,14379206.99612973,14379206.99612973,,2026-06-13,,
835,Hermez Network,HEZ,hermez-network,3.0363413601620297,0.0589264,0.18673511,1.57674305,14270804.39276154,11541.46514076,4700000.0,100000000.0,100000000.0,2026-06-13,,
836,Tensor,TNSR,tensor,0.02923127983672812,-0.18949146,0.37945626,1.86777664,14238637.025633227,5470488.26108468,487102757.90739954,783790905.4644256,,2026-06-13,,
837,Mey Network,MEY,mey-network,0.04996351281746351,0.29674948,0.76741569,2.09455532,14205090.506793266,191379.13358295,284309283.03,2300000000.0,2300000000.0,2026-06-13,,
838,JOE,JOE,joe,0.031065256655204196,0.22581879,4.20424385,3.46472629,14202465.512756532,5985165.13027862,457181657.0,464573155.0,500000000.0,2026-06-13,,
839,Katana,KAT,katana-network,0.006038975083284357,-3.02918904,-14.06652579,17.9386224,14143279.645051964,21335520.91068373,2342000000.0,10000000000.0,10000000000.0,2026-06-13,,
840,SuperWalk,GRND,superwalk,0.017232175020784373,0.21726715,0.72718825,2.27030574,14062632.06437418,55706.22417632,816068316.8208721,1000000000.0,,2026-06-13,,
841,Metadium,META,metadium,0.008095028190709827,-0.77615275,-4.6887891,0.50752324,14065991.572823219,425380.44611027,1737608720.0,2000000000.0,2000000000.0,2026-06-13,,
842,MovieBloc,MBL,moviebloc,0.0007199603703323092,-0.19915757,0.55023493,6.48149522,14006027.842994414,4460108.4900442,19453887214.0,30000000000.0,30000000000.0,2026-06-13,,
843,Ponke,PONKE,ponke,0.025153623929694783,-0.42917678,-1.62140774,1.78663787,13973950.537117366,1877860.51068349,555544226.0,555544226.0,555555555.0,2026-06-13,,
844,AVA (Travala),AVA,ava,0.1905478282580376,0.09695501,-1.40071911,8.93605784,13963148.018842405,13268413.09102806,73278967.0,73278967.0,100000000.0,2026-06-13,,
845,PDD Holdings Tokenized Stock (Ondo),PDDon,pdd-holdings-tokenized-stock-ondo,81.33034950172404,-0.0153255,0.27148613,-4.0781447,13852681.927573016,1839668.5711334,170326.10842622,170326.10842622,,2026-06-13,,
846,GUNZ,GUN,gunz,0.005902690031976226,-0.8834341,-1.8009095,0.41798904,13853486.815612046,9009496.14515164,2346978537.0,10000000000.0,10000000000.0,2026-06-13,,
847,Lagrange,LA,lagrange,0.07175670529952884,-1.16121889,-1.121319,1.73526758,13849044.122809066,6080373.46024717,193000000.0,1000000000.0,,2026-06-13,,
848,Gains Network,GNS,gains-network,0.5858550142860023,-2.2242149,3.15025627,29.18078208,13768777.64120033,2088384.5781669,23502022.35271592,23502022.35271592,,2026-06-13,,
849,KernelDAO,KERNEL,kerneldao,0.04802097671590668,-0.28267896,-1.34225288,-0.26627963,13748790.761997344,6304720.28376683,286308020.0,1000000000.0,1000000000.0,2026-06-13,,
850,Solend,SLND,solend,0.13689941960540927,-0.5812633,-3.51367219,-5.31822796,13689941.960540926,78.78347895,100000000.0,100000000.0,,2026-06-13,,
851,tokenbot,CLANKER,tokenbot-2,13.871788989203768,-0.71445827,-1.33033206,-3.7490343,13681429.988380177,2268923.97271057,986277.25659814,1000000.0,1000000.0,2026-06-13,,
852,FAR Labs,FAR,farcana,0.0028082056390714583,-0.00486218,-0.38980491,20.99771032,13570344.848192524,253958.16913946,4832390000.0,5000000000.0,5000000000.0,2026-06-13,,
853,Defigram,DFG,defigram,1.34887200292782,-0.19975031,0.64445938,4.929856,13488720.0292782,0.0,10000000.0,1000000000.0,1000000000.0,2026-06-13,,
854,Bertram The Pomeranian,BERT,bertram-the-pomeranian,0.01388223755593468,-0.48961491,-1.82263491,1.46449479,13420643.96715859,756032.95147713,966749338.0,979946262.03,979947881.0,2026-06-13,,
855,Aura,AURA,aura,0.013846615554279105,-0.56540618,-4.3891431,24.28701159,13338287.188952055,871184.70364714,963288620.0,963288620.0,965383478.0,2026-06-13,,
856,Wecan Group,WECAN,wecan-group,0.0022137666655724004,-0.02520726,-1.37004917,34.89846921,13282599.993434403,39935.62335728,6000000000.0,6000000000.0,6000000000.0,2026-06-13,,
857,DIAM,DIAM,diam,0.006673434607814777,0.03126957,-0.24581624,1.59761185,13228861.571885342,158560.97865009,1982316805.261563,5401462494.44995,10000000000.0,2026-06-13,,
858,Goatseus Maximus,GOAT,goatseus-maximus,0.013233952771640729,-0.9419425,-0.1449532,2.22419294,13233678.051266499,5729122.61646745,999979241.245683,999979241.245683,1000000000.0,2026-06-13,,
859,Avail,AVAIL,avail,0.00341871095521324,0.01266635,1.8400761,-3.60354757,13232804.484087756,673926.81693522,3870699997.0,10993980620.0,,2026-06-13,,
860,CoinEx Token,CET,coinex-token,0.018671731337457625,0.29780461,1.99204153,13.45795656,13231415.859804248,56243.91315589,708633582.0,2777476547.0,10000000000.0,2026-06-13,,
861,Namecoin,NMC,namecoin,0.8977412150157186,0.05043581,-0.87251978,-0.37976083,13229473.640957635,12122.17395378,14736400.0,14736400.0,,2026-06-13,,
862,Enso,ENSO,enso,0.6365890542175102,0.02562721,-4.88127332,14.34668516,13107368.626338536,46734111.50229321,20590000.0,100000000.0,127339703.0,2026-06-13,,
863,Lucidum Coin,LUCIC,lucidum-coin,0.07929183519429475,-0.47892086,0.00437252,3.72817513,13012217.934834642,20019.54386583,164105395.0,210000000.0,210000000.0,2026-06-13,,
864,Osaka Protocol,OSAK,osaka-protocol,1.7310712297281985e-08,-0.70527571,-1.44858534,20.63458123,12998090.018164478,67521.72317758,750869738630302.0,761459789745212.0,1000000000000000.0,2026-06-13,,
865,Radworks,RAD,radworks,0.21988833733688912,-0.09502739,-0.71846173,6.36222287,12990118.775886359,3471799.62922269,59075978.89552598,99998580.0,99999620.0,2026-06-13,,
866,Humidifi,WET,humidifi,0.056510914764539975,-0.59840398,-0.1870424,3.43829175,12997510.395844195,4112118.53973719,230000000.0,1000000000.0,1000000000.0,2026-06-13,,
867,Apple Tokenized Stock (Ondo),AAPLon,apple-tokenized-stock-ondo,293.1430969011284,0.04310324,-0.96659612,-4.4495242,12975746.781551197,2235078.76020391,44264.20720365,44264.20720365,44264.20720365,2026-06-13,,
868,Artificial Liquid Intelligence,ALI,alethea-artificial-liquid-intelligence-token,0.0014028476194143024,0.17259927,-1.49082182,3.55520558,12791292.512016388,100091.496469,9118091184.669674,9870903732.81426,9870903732.81426,2026-06-13,,
869,RAMP,RAMP,ramp,0.026677022861574164,0.0,66.83905568,76.39499559,12747314.991125792,0.0,477838740.0,1000000000.0,1000000000.0,2026-06-13,,
870,CZ's Dog,BROCCOLI,broccoli-714,0.013141600840097823,-0.65167681,0.02341905,23.44854126,12710753.374055745,6780068.2365294,967214993.7222663,967214993.7222663,1000000000.0,2026-06-13,,
871,ResearchCoin,RSC,researchcoin,0.09799356068117572,0.09590403,-0.10974003,1.854102,12695368.806685267,407051.59822398,129553092.24847884,1000000000.0,1000000000.0,2026-06-13,,
872,Velodrome Finance,VELO,velodrome-finance,0.013880411665660933,-0.21572339,0.79142474,11.8271826,12703387.61012658,2136283.33062415,915202511.0,2503820926.822865,,2026-06-13,,
873,MicroStrategy Tokenized Stock (Ondo),MSTRon,microstrategy-tokenized-stock-ondo,123.59709376649941,-0.40896703,3.26944732,4.39685761,12659833.789977178,3153211.69133626,102428.24814226,102428.24814226,,2026-06-13,,
874,AO,AO,ao,1.9151876002331087,-0.75390268,-0.43177528,-2.80589747,12665399.852420483,275954.14479301,6613137.97712501,6613137.97712501,21000000.0,2026-06-13,,
875,AITECH Cloud Network,ACN,solidus-ai-tech,0.007081173918431654,-0.04060062,-1.27045455,-2.82842454,12633955.026356809,4068172.61321613,1784161097.0,1986052500.0,2000000000.0,2026-06-13,,
876,OG Fan Token,OG,og-fan-token,2.678836669713425,-0.22231836,-3.30727874,15.56506911,12616774.23166961,4430528.85772467,4709796.0,5000000.0,5000000.0,2026-06-13,,
877,RollX,ROLL,rollx,0.0813602378129848,0.05306656,-9.39810591,0.65395617,12610836.861012643,312363.55686074,155000000.0,1000000000.0,1000000000.0,2026-06-13,,
878,USD CoinVertible,USDCV,usd-coinvertible,0.999562357364383,0.03758523,0.05118641,-0.02102946,12595375.313289281,28262117.55474805,12600890.0,12600890.0,,2026-06-13,,
879,Newton Protocol,NEWT,newton-protocol,0.052080668840394286,-0.50918046,-0.46261905,-2.99443605,12577877.474627953,6306009.25076278,241507602.62265345,1000000000.0,1000000000.0,2026-06-13,,
880,ARPA,ARPA,arpa-chain,0.008280997045797527,-0.66109942,0.00050136,1.36456971,12583692.132082377,3183655.26368868,1519586598.3877385,1999999999.9877386,,2026-06-13,,
881,Sleepless AI,AI,sleepless-ai,0.022592002600337918,-0.11856941,3.26518823,5.63164548,12568213.408871844,6950705.52786547,556312498.33,1000000000.0,1000000000.0,2026-06-13,,
882,iShares Gold Trust Tokenized ETF (Ondo),IAUon,ishares-gold-trust-tokenized-etf-ondo,79.123081353841,-0.00419646,0.24661542,-2.70123759,12566615.120865207,2069114.61908207,158823.63156039,158823.63156039,,2026-06-13,,
883,哈基米,哈基米,hajimi,0.012541505034514108,0.17282765,-7.8136434,3.73469582,12541505.034514109,2678272.00709059,1000000000.0,1000000000.0,1000000000.0,2026-06-13,,
884,Venom,VENOM,venom,0.012667193000592655,0.03892908,1.71734856,-5.20622467,12526831.255095199,109213.42781137,988919270.0,7367646470.547814,8000000000.0,2026-06-13,,
885,Ridges AI,SN62,ridges-ai,2.858224500969,0.46277162,0.83392344,7.34658102,12497658.086099477,140415.0620036,4372525.0,4372525.0,21000000.0,2026-06-13,,
886,Doodles,DOOD,doodles,0.0016038916208370342,0.22825006,-1.3280815,1.43580076,12510354.642528867,18056930.76381057,7800000000.0,10000000000.0,10000000000.0,2026-06-13,,
887,OpenKaito,SN5,openkaito,3.5880990589007205,-2.45956836,-2.04213506,7.34105953,12491421.482505906,34498.95309226,3481348.0,3481348.0,,2026-06-13,,
888,Superform,UP,superform,0.0649194643969804,2.15047226,1.61540753,0.16437196,12456533.568052055,3920868.54400476,191876715.0,1000000000.0,1000000000.0,2026-06-13,,
889,Fluent,BLEND,fluent,0.06189666462159586,-0.30425801,1.85310204,8.65004938,12379332.924319172,20701364.96172866,200000000.0,1000000000.0,1000000000.0,2026-06-13,,
890,Vine Coin,VINE,vine-coin,0.012362967270050842,-1.42301918,9.76840609,19.77468203,12362894.377995817,7751745.47316278,999994104.0,999994104.0,,2026-06-13,,
891,iShares Core S&P Total US Stock Market Tokenized ETF (Ondo),ITOTon,ishares-core-sp-total-us-stock-market-tokenized-etf-ondo,163.74071383850458,0.02566256,1.12018629,0.43746998,12312674.106020046,1308235.59863838,75196.16726579,75196.16726579,,2026-06-13,,
892,USDM,USDM,usdm,1.0006328752757176,0.16696262,-0.03054797,0.21659705,12230174.519603956,137284.92321894,12222439.24,12222439.24,,2026-06-13,,
893,BOB (Build on Bitcoin),BOB,bob-build-on-bitcoin,0.0055015451080034,-0.17945655,-2.91909715,-2.10058941,12213430.139767548,2571249.09940084,2220000000.0,10000000000.0,10000000000.0,2026-06-13,,
894,Unicorn Fart Dust,UFD,unicorn-fart-dust,0.012195023639327899,0.46156554,4.43597193,16.86966841,12195023.639327899,1903235.4441752,1000000000.0,1000000000.0,1000000000.0,2026-06-13,,
895,Mind Network,FHE,mind-network,0.02344020470366538,-1.33464652,6.16039837,38.61276769,12123728.23766371,7948283.60627331,517219384.0,1000000000.0,1000000000.0,2026-06-13,,
896,ShibaBitcoin,SBBTC,shibabitcoin,103.9086453509339,0.0,0.0,0.0,12114039.867362322,0.0,116583.56074655,1000000000.0,1000000000.0,2026-06-13,,
897,Komodo,KMD,komodo,0.08905726460222045,0.01969364,12.79625304,9.43181075,12107680.308629468,117.40706005,135953876.0,141262234.11549,,2026-06-13,,
898,Hamster Kombat,HMSTR,hamster-kombat,0.00018777107482789628,-0.13803525,-29.29557345,11.84291331,12087762.942045823,157922435.9474404,64375000000.0,100000000000.0,100000000000.0,2026-06-13,,
899,Portal,PORTAL,portal-gaming,0.014097773497987015,-0.75672405,-6.45403723,-7.1088326,12037788.423076926,20354513.71707451,853878694.0218447,1000000000.0,1000000000.0,2026-06-13,,
900,Decimal,DEL,decimal,0.0010801027828111073,-0.03688675,-7.22020811,-14.92395783,12011827.255511116,0.0,11121003895.804047,11121003895.804047,92075616000.0,2026-06-13,,
901,OWB,OWB,owb,0.02632456541645234,-1.15048306,4.0826652,29.13850481,11981136.601370556,56473.91138505,455131410.9779218,1000000000.0,1000000000.0,2026-06-13,,
902,SoFi Technologies Tokenized Stock (Ondo),SOFIon,sofi-technologies-tokenized-stock-ondo,16.521589746218318,-0.03134784,-0.7927461,4.71249283,11975546.822973987,1389789.82351451,724842.28254821,724842.28254821,,2026-06-13,,
903,AriaAI,ARIA,aria-ai,0.03472983282938694,-1.86797548,6.89363771,18.36411367,11929697.58592417,3974732.64791886,343500000.26,1000000000.0,1000000000.0,2026-06-13,,
904,HeyElsa,ELSA,heyelsa,0.04667432748980526,-0.19628039,0.87086127,6.13160379,11932135.650468934,4984019.14075675,255646654.0,1000000000.0,1000000000.0,2026-06-13,,
905,Kishu Inu,KISHU,kishu-inu,1.27762395749749e-10,0.35357537,0.05263133,6.88561616,11899290.898977373,165427.09330897,9.313609712113394e+16,9.670293841273085e+16,1e+18,2026-06-13,,
906,Space and Time,SXT,space-and-time,0.008486771014863038,-1.66566565,0.31149872,1.16441454,11881479.420808254,83311061.19845493,1400000000.0,5000000000.0,5000000000.0,2026-06-13,,
907,EGL1,EGL1,egl1,0.01183444184863364,0.1066614,2.11610289,-9.78781407,11834441.84863364,1459056.9653055,1000000000.0,1000000000.0,1000000000.0,2026-06-13,,
908,Initia,INIT,initia,0.05987757427726213,-0.51894941,0.30433456,15.48019063,11836516.581703141,13256248.87094208,197678625.505007,1000000000.0,1000000000.0,2026-06-13,,
909,Banana Gun,BANANA,banana-gun,2.9446065693124135,-0.82758294,0.0766663,1.268752,11804140.739786748,3903398.42076715,4008732.73285643,8402893.46593683,10000000.0,2026-06-13,,
910,StakeStone,STO,stakestone,0.052289448084422374,0.07129197,-3.14014845,-3.89414855,11782555.61759336,7647802.79718682,225333333.0,1000000000.0,1000000000.0,2026-06-13,,
911,Bitcoin Diamond,BCD,bitcoin-diamond,0.06321034397945764,0.0,0.0,0.0,11788280.229335021,0.0,186492897.953,189492897.953,210000000.0,2026-06-13,,
912,Sophon,SOPH,sophon,0.005901103821555825,1.44280963,-8.50763185,10.26845428,11802207.64311165,36648041.70790383,2000000000.0,10000000000.0,10000000000.0,2026-06-13,,
913,Pepecoin,PEP,pepecoin-org,0.0001142147194001773,1.87032253,-2.7234787,0.33009882,11755155.953481318,76069.00361337,102921550000.0,102921550000.0,,2026-06-13,,
914,HarryPotterObamaSonic10Inu (ERC-20),BITCOIN,harrypotterobamasonic10inu-eth,0.011748872320835534,1.62454012,-5.24755452,0.38825293,11746500.869701935,2855017.52777267,999798155.0,999798155.0,999798155.0,2026-06-13,,
915,龙虾 (Lobster),龙虾,lobster-2,0.011639223568303169,0.71699557,7.24846643,21.80534983,11639223.56830317,5754247.32978973,1000000000.0,1000000000.0,1000000000.0,2026-06-13,,
916,YELLOW,YELLOW,yellow,0.059964703535742916,0.00116982,1.27033475,16.69792545,11629305.314258913,1586634.69243191,193935842.73,10000000000.0,10000000000.0,2026-06-13,,
917,Konnect,KCT,konnect,0.0015640133714124008,0.28047692,40.6615584,143.11290609,11534598.676726991,1066377.65324643,7375000040.0,10000000000.0,10000000000.0,2026-06-13,,
918,Nexa (nexaagent.xyz),NXA,nexaagent-xyz,1.153026272205,-0.47577435,0.34875945,4.64324947,11530262.72205,0.0,10000000.0,1000000000.0,1000000000.0,2026-06-13,,
919,Origin Protocol,OGN,origin-protocol,0.0173436654276787,-0.14542377,-0.40547303,2.32044355,11522960.162859287,1099392.51994252,664390132.0,1409664846.0,1409664846.0,2026-06-13,,
920,Dolomite,DOLO,dolomite,0.026032804581170008,1.20178943,12.74943792,18.70471473,11496658.36566291,11033641.09902313,441621967.0,998851995.6451048,1000000000.0,2026-06-13,,
921,Vultisig,VULT,vultisig,0.17671425654606399,-1.07661776,-2.88380557,5.71856995,11488519.008457007,15532.44820746,65011840.20465435,100000000.0,100000000.0,2026-06-13,,
922,Microsoft Tokenized Stock (Ondo),MSFTon,microsoft-tokenized-stock-ondo,391.5673681382354,-0.03669245,-0.63201809,-5.11570837,11470401.33347327,2992420.42664964,29293.55780593,29293.55780593,,2026-06-13,,
923,AMD Tokenized Stock (Ondo),AMDon,amd-tokenized-stock-ondo,512.1256324835136,-0.36855735,4.64659604,15.34999435,11437647.004153728,4428566.82673106,22333.6741586,22333.6741586,,2026-06-13,,
924,IXS,IXS,ix-swap,0.063265432625321,-0.20954546,-2.23960118,7.66830817,11387777.87255778,58796.57759943,180000000.0,180000000.0,180000000.0,2026-06-13,,
925,Simon's Cat,CAT,simonscat,1.5034685337393958e-06,-0.46130214,-0.62033829,3.31864964,11376284.099943196,2311870.73630889,7566692514440.816,8098237710343.852,9000000000000.0,2026-06-13,,
926,Limitless,LMTS,limitless-lmts,0.08631213290798984,-0.01790387,-11.30980774,-9.97630546,11358562.758676024,2414657.31872482,131598680.0,1000000000.0,1000000000.0,2026-06-13,,
927,PolySwarm,NCT,polyswarm,0.0059866691763672195,-0.31575079,-1.50791537,-1.53897371,11287869.413615689,119876.55733604,1885500782.0,1885913076.0,1885913076.0,2026-06-13,,
928,iShares TIPS Bond Tokenized ETF (Ondo),TIPon,ishares-tips-bond-tokenized-etf-ondo,112.42480059837654,0.00214984,0.98192979,-0.29691733,11264739.046666877,542917.64835276,100197.99000497,100197.99000497,,2026-06-13,,
929,Gods Unchained,GODS,gods-unchained,0.025916722097088445,-0.53290733,-2.67571939,-8.77831881,11229679.515342899,302380.76246055,433298604.402,500000000.0,500000000.0,2026-06-13,,
930,Quai Network,QUAI,quai-network,0.01423466525264821,-1.34854348,-5.92095181,-24.38612905,11138404.310795203,262795.53352517,782484457.0,1022980164.0,,2026-06-13,,
931,Wayfinder,PROMPT,wayfinder,0.02406890924501947,-0.85302912,-2.1806433,1.08290926,11128841.333248474,5259319.14195437,462374145.0,1000000000.0,1000000000.0,2026-06-13,,
932,Recall,RECALL,recall-network,0.03478962950827998,-0.70255042,-3.29890187,-7.73707207,11021375.089644196,5397337.43750738,316800588.14714,1000000000.0,1000000000.0,2026-06-13,,
933,iShares MSCI EAFE Tokenized ETF (Ondo),EFAon,ishares-msci-eafe-tokenized-etf-ondo,105.11477668614354,-0.25032444,-0.26765251,2.32704711,10983619.98397978,1184561.62766721,104491.68356962,104491.68356962,,2026-06-13,,
934,Ambire Wallet,WALLET,ambire-wallet,0.015008935387052266,0.194594,0.12009527,33.63888511,10892203.294503845,18658.84353328,725714583.5873345,725714583.5873345,1000000000.0,2026-06-13,,
935,Orochi Network,ON,orochi-network,0.07530440540131955,-0.82937513,-4.3891278,-7.73954834,10864543.089275379,804093.45635269,144275000.0,700000000.0,1000000000.0,2026-06-13,,
936,QAIT,QAIT,qait,0.021723394339624936,0.54551522,-2.47718936,-33.16096702,10861697.169812469,514643887.7286514,500000000.0,10000000000.0,10000000000.0,2026-06-13,,
937,Fartboy,FARTBOY,fartboy,0.010863506168637179,0.07967551,-3.32917763,-3.43623607,10857427.569805061,338310.05133191,999440457.0,999440457.0,999440457.0,2026-06-13,,
938,Moonbeam,GLMR,moonbeam,0.009204355241898825,-1.35119847,-0.19520346,0.5305342,10850857.285534902,3683832.05665071,1178882931.0,1235921584.0,,2026-06-13,,
939,DeAgentAI,AIA,deagentai,0.05732537026097949,-0.77853136,-2.94553895,9.26589663,10831714.698867466,5951577.95280068,188951500.0,1000000000.0,1000000000.0,2026-06-13,,
940,TARS AI,TAI,tars-protocol,0.012127041365866105,-1.24061879,1.47890851,0.31213729,10819622.051747201,719361.10499136,892189753.9,892189753.9,999999988.0,2026-06-13,,
941,YieldBasis,YB,yieldbasis,0.08895446062853286,-0.85188616,-2.58677858,12.87532638,10821583.556593606,4343855.318162,121653073.7203132,737852023.0067383,1000000000.0,2026-06-13,,
942,Mubarak,MUBARAK,mubarak,0.010780558068744148,-0.97599523,0.75985147,8.18630232,10780558.068744147,4716189.69076091,1000000000.0,1000000000.0,1000000000.0,2026-06-13,,
943,Uchain,UCN,uchain,215.3966892891148,0.00087511,0.62526077,-17.01254663,10769834.46445574,2516678.39349396,50000.0,100000.0,100000.0,2026-06-13,,
944,Boba Network,BOBA,boba-network,0.022426452399310137,2.7595216,-1.71344374,-2.22504278,11069268.603911562,3279719.62644146,493580902.0,500000000.0,500000000.0,2026-06-13,,
945,Arm Holdings plc Tokenized Stock (Ondo),ARMon,arm-holdings-plc-tokenized-stock-ondo,382.89939134847293,-0.2479682,10.25532921,14.165916,10654914.123173896,1758999.0472106,27826.92885891,27826.92885891,,2026-06-13,,
946,Ninja Squad Token,NST,ninja-squad-token,1.2364256054827965,-0.17683577,-0.24091119,3.0792653,10647200.201091273,446140.53571759,8611274.43,8611274.43,10000000.0,2026-06-13,,
947,Worldwide USD,WUSD,worldwide-usd,0.995312607616232,-0.03278142,0.00866363,-0.3217639,10623480.118944397,236925.27046294,10673511.053364,10673511.053364,,2026-06-13,,
948,Wanchain,WAN,wanchain,0.0533585417351246,-0.28814225,-1.77611922,-2.60026874,10616639.942616358,2825529.69936984,198967955.22107923,198967955.22126824,210000000.0,2026-06-13,,
949,Delysium,AGI,delysium,0.0052717663366697205,-0.27545186,-1.56799551,3.3931216,10573551.636325404,746989.13448817,2005694289.365057,3000000000.0,,2026-06-13,,
950,Hunt Town,HUNT,hunt,0.08376559990223723,-0.29636541,1.94469131,8.74921066,10568511.235942299,149871.07956638,126167678.0,198912688.0,198912688.0,2026-06-13,,
951,SuperRare,RARE,superrare,0.0127502229931401,-0.45614443,0.31563371,2.03628519,10525044.749203764,5332411.7679884,825479268.4697726,1000000000.0,1000000000.0,2026-06-13,,
952,Verified Emeralds,VEREM,verified-emeralds,4.197405962798609,-0.23104041,-8.58039764,-22.45030957,10493514.906996522,6276794.43179614,2500000.0,50000000.0,50000000.0,2026-06-13,,
953,Taiwan Semiconductor Manufacturing Tokenized Stock (Ondo),TSMon,taiwan-semiconductor-manufacturing-tokenized-stock-ondo,426.8332118791588,-0.13680279,0.10642949,2.92266053,10469156.228826476,1818452.43452081,24527.51083435,24527.51083435,,2026-06-13,,
954,IAGON,IAG,iagon,0.02783920026001264,-1.1964786,26.81473786,60.40318581,10468108.163982866,230184.79585568,376020434.0,1000000000.0,1000000000.0,2026-06-13,,
955,Felysyum,FELY,felysyum,0.23897771118255878,-0.55245927,-0.98208481,-1.92703017,10459395.078955445,59533.46623577,43767241.0,500000000.0,500000000.0,2026-06-13,,
956,Bless,BLESS,bless,0.005381436218997149,-2.76800632,-3.218847,17.37812711,10448786.513845542,3329305.76824412,1941635297.4620433,9999968630.462044,10000000000.0,2026-06-13,,
957,MyNeighborAlice,ALICE,myneighboralice,0.10495047547978675,0.2774278,2.16190206,6.50391356,10435947.745981578,5965929.22316883,99436879.140119,99436879.140119,99436879.140119,2026-06-13,,
958,SpaceX Tokenized bStocks,SPCXB,spacex-tokenized-bstocks,167.32211568927104,-0.2456542,4.57632231,4.57632231,10401994.783965329,17408212.51633826,62167.48300794,62167.48300794,,2026-06-13,,
959,GeorgePlaysClashRoyale,CLASH,georgeplaysclashroyale,0.01036639590093508,-0.18661994,0.46151264,-4.57419501,10363168.786071809,719135.30951707,999688694.61536,999688694.61536,999999967.828928,2026-06-13,,
960,MWX Token,MWXT,mwx-token,0.061673824746909904,-0.48933279,-1.16432377,-6.90778346,10351759.56055783,498871.32498988,167846888.0929343,1000000000.0,1000000000.0,2026-06-13,,
961,SideShift Token,XAI,sideshift-token,0.0714717284868057,0.0,0.69898067,0.65576646,10313351.6950532,0.0,144299738.0,210000000.0,210000000.0,2026-06-13,,
962,Eitherway,EITHER,eitherway,0.1030131411850465,-0.46544708,-3.28518857,7.0297664,10301307.010597909,1236606.88551444,99999931.0,99999960.0,100000000.0,2026-06-13,,
963,SanDisk Tokenized Stock (Ondo),SNDKon,sandisk-tokenized-stock-ondo,1991.7680517491651,0.12771654,4.80544031,31.58330248,10284690.542425247,2984003.71132094,5163.59850907,5163.59850907,,2026-06-13,,
964,Alpha Quark Token,AQT,alpha-quark-token,0.3834673749310068,-0.00185742,1.68051929,5.03786715,10279303.529342929,397495.65302065,26806201.0,30000000.0,30000000.0,2026-06-13,,
965,Bone ShibaSwap,BONE,bone-shibaswap,0.044513430322120684,-0.07545985,0.07445229,2.2385942,10234677.047380101,1442818.36172289,229923350.6228802,249999401.82484713,250000000.0,2026-06-13,,
966,Freedom Dollar,FUSD,freedom-dollar,0.9991502431211261,0.09121586,0.21349634,-0.18355131,10191332.479835486,272680.55422701,10200000.0,10200000.0,,2026-06-13,,
967,Everscale,EVER,everscale,0.005104150341656408,-0.46274667,7.23280742,1.68231633,10134410.35901712,122970.78585402,1985523482.0,2117524486.0,,2026-06-13,,
968,tx,TX,tx,0.004078692249994579,0.23140202,-0.80636088,-4.48076013,10124668.46569731,96810.73511025,2482332043.0,101927474788.0,,2026-06-13,,
969,Santos FC Fan Token,SANTOS,santos-fc-fan-token,0.6287315012005686,-0.47578925,-1.58039024,9.19114901,10119341.900330016,2056979.81008456,16094854.291549,30000000.0,30000000.0,2026-06-13,,
970,Gleec Coin,GLEEC,gleec,0.05551808305568695,0.00540507,0.08337552,-4.99543421,10090691.739618203,2.74465859,181755046.0,210000075.0,,2026-06-13,,
971,iShares Core MSCI Emerging Markets Tokenized ETF (Ondo),IEMGon,ishares-core-msci-emerging-markets-tokenized-etf-ondo,83.62681986656378,0.01847657,0.11325318,5.13472016,10085509.644264307,1506129.56016571,120601.37717011,120601.37717011,,2026-06-13,,
972,Wilder World,WILD,wilder-world,0.019897555111217567,0.12050001,2.86233669,5.49876303,9948158.913398355,202903.54499407,499968908.6318912,499968908.6318912,500000000.0,2026-06-13,,
973,Drift,DRIFT,drift,0.01620456604027808,-0.3556304,2.31952926,-3.96246497,9909348.556066062,7942839.91774597,611515824.085346,1000000000.0,,2026-06-13,,
974,BENQI,QI,benqi,0.0013755929632892066,0.12580635,-1.08281329,5.31876063,9904269.335682288,525542.52530224,7200000000.0,7200000000.0,7200000000.0,2026-06-13,,
975,FirmaChain,FCT,firmachain,0.008311882295844238,-0.64036847,-6.97516253,-1.04611252,9870455.36232006,3444779.18696908,1187511445.783475,1197441291.282439,,2026-06-13,,
976,Stader,SD,stader,0.13936133651662952,0.55852165,0.28421236,2.30153229,9860606.06919032,1137047.8099317,70755679.55688834,120000000.0,120000000.0,2026-06-13,,
977,ColossusXT,COLX,colossusxt,0.0007720673080000002,0.0,0.0,0.0,9830236.551021257,0.0,12732356945.0,16894356383.828068,,2026-06-13,,
978,Ellipsis,EPS,ellipsis,0.013566437172465019,0.0,0.38384757,4.82068987,9818051.905436017,0.0,723701571.7997887,723701571.7997887,1000000000.0,2026-06-13,,
979,Maverick Protocol,MAV,maverick-protocol,0.010535039392155644,-0.57744994,-0.0602428,2.32599706,9785710.033699846,1048882.80923336,928872657.1811638,2000000000.0,2000000000.0,2026-06-13,,
980,Dexsport,DESU,dexsport,0.016234901560637637,-0.07269014,-12.11138606,86.05217775,9740940.936382582,64729.80500406,600000000.0,600000000.0,600000000.0,2026-06-13,,
981,Echelon Prime,PRIME,echelon-prime,0.27210300618173244,0.10036383,-0.70443628,-1.78522787,9734169.678767314,990244.81308653,35773841.0,111111111.1,111111112.0,2026-06-13,,
982,APX,APX,apollox,0.22019496095926777,0.23302756,0.03179086,0.15390284,9722900.300042761,2274.20321735,44155871.04121483,3975255603.4277463,,2026-06-13,,
983,MyShell,SHELL,myshell,0.025747745383345233,-0.66608385,-0.84675019,1.18019785,9698317.427719066,7022632.13608669,376666666.66637,1000000000.0,1000000000.0,2026-06-13,,
984,Redbelly Network,RBNT,redbelly-network,0.003655359799330425,-0.10331269,-1.63064453,-2.60453622,9683987.814383794,197774.22840519,2649257076.1865,10000000000.0,10000000000.0,2026-06-13,,
985,Energy Web Token,EWT,energy-web-token,0.3191485739457775,0.04701688,1.07493786,19.65282156,9594288.472461168,375510.24891137,30062138.0,81189129.31895134,100000000.0,2026-06-13,,
986,Metaplex,MPLX,metaplex,0.018692892704929846,-0.19246066,-1.65688811,-4.85371125,9581073.485199966,637827.30586956,512551676.0,999982241.0,1000000000.0,2026-06-13,,
987,MCOIN,MCOIN,mcoin1,0.05399581896927999,1.25892653,11.77130833,70.95537056,9557259.957562558,333883.42880892,177000000.0,500000000.0,500000000.0,2026-06-13,,
988,Act I : The AI Prophecy,ACT,act-i-the-ai-prophecy,0.010038337536207542,-0.87942865,0.72483362,8.68965831,9518756.720454894,30826164.24637167,948240352.162043,948240352.162043,,2026-06-13,,
989,Avici,AVICI,avici,0.7380485888165094,-0.76772705,3.41303692,4.41156098,9520815.725004138,628129.31878656,12899985.0,12899517.063987,12900000.0,2026-06-13,,
990,Clash of Lilliput,COL,clash-of-lilliput,0.11564009832456,-0.19417476,0.68056276,4.89165549,9491091.685929267,0.0,82074400.0,1000000000.0,1000000000.0,2026-06-13,,
991,SLIMEX,SLX,slimex,0.005455811940973321,0.13025181,32.74189568,-77.34204458,9454922.093706766,227986.03886056,1733000000.0,10000000000.0,10000000000.0,2026-06-13,,
992,Everlyn AI,LYN,everlyn,0.03674823109804736,-0.92469809,1.40083589,5.38902414,9394265.247934356,1831786.71862619,255638570.0,1000000000.0,1000000000.0,2026-06-13,,
993,Heima,HEI,heima,0.09589592441996793,-1.14920078,14.00348719,5.04404334,9374597.615284203,18363764.72429365,97758040.0,98544404.0,100000000.0,2026-06-13,,
994,Purple Bitcoin,PBTC,purple-bitcoin,0.4850350499441358,-0.84706913,-11.60071085,9.70767812,9367078.855444591,105393.18388725,19312169.0,19312169.0,19312169.0,2026-06-13,,
995,TG Casino,TGC,tg-casino,0.12066497317290932,-0.08599441,0.04344947,3.61168967,9291202.813628793,26705.05503023,76999998.99983217,76999998.99983217,100000000.0,2026-06-13,,
996,sUSD,SUSD,susd,0.2797070907596429,-8.32098421,-47.02194119,-51.19880745,9224582.99465273,440669.07480539,32979439.20406212,32979439.20406212,142399574.0,2026-06-13,,
997,iShares Russell 1000 Growth Tokenized ETF (Ondo),IWFon,ishares-russell-1000-growth-tokenized-etf-ondo,485.5899024996502,0.06354751,-0.41365123,-1.46866953,9217560.204761079,720446.25877364,18982.1908514,18982.1908514,,2026-06-13,,
998,ThunderCore,TT,thundercore,0.0006720257072586674,-0.06811279,0.3733827,5.20963788,9221763.544862915,332997.10233301,13722337472.0,13722337472.0,,2026-06-13,,
999,Hivemapper,HONEY,hivemapper,0.0015604073853613771,-0.57464128,-1.88852756,-1.57471668,9113942.200783331,232593.00893835,5840745363.219759,6549702205.914785,10000000000.0,2026-06-13,,
1000,Moss Coin,MOC,moss-coin,0.02028947681794052,0.47787025,0.19173111,-2.56855809,9099621.127761377,281642.86845939,448489688.0,500000000.0,500000000.0,2026-06-13,,
1001,saffron.finance,SFI,saffron-finance,99.50767335170627,-0.07862905,-1.08264279,4.91214894,9097338.762285614,14770.08027654,91423.48982607,92122.50184922,100000.0,2026-06-13,,
1002,Augur,REP,augur,0.8270001329039336,0.00187893,-3.583558,-7.7942057,9097001.461943269,2472.5420647,11000000.0,11000000.0,,2026-06-13,,
1003,Intuition,TRUST,intuition,0.050453639316980665,-0.75297895,3.23057919,3.08861035,9063886.919805538,2168145.31550101,179647832.0,1046153846.1538461,,2026-06-13,,
1004,Dymension,DYM,dymension,0.016619016743914302,0.21269785,-1.18830741,8.23324762,9027643.257554064,5187407.23686341,543211635.0,1067091028.0,,2026-06-13,,
1005,Abelian,ABEL,abelian,0.07725233151275218,-0.98630674,5.66916768,17.35568626,9091321.356478384,44693.23533567,117683456.0,138263437.0,225180000.0,2026-06-13,,
1006,THENA,THE,thena,0.06731900598523237,-0.76898345,0.07819301,1.64644875,8950219.38665734,3914513.97622621,132952340.21460047,284166314.96603304,326120291.0,2026-06-13,,
1007,Alchemix,ALCX,alchemix,3.5401105599825566,-0.14391792,2.19299045,5.01476047,8932143.194621228,673934.65173692,2523125.4909353,2685704.56910515,,2026-06-13,,
1008,Paris Saint-Germain Fan Token,PSG,paris-saint-germain-fan-token,0.5532297649096478,-0.44199674,-1.15605234,-2.01440814,8918276.756428454,4903356.96902838,16120384.9143673,19890000.0,19890000.0,2026-06-13,,
1009,NetX,NETX,netx,0.3845258041092787,0.10316885,3.34314013,-5.00542388,8883825.82759786,112591.46199213,23103328.13210413,30000000.0,50000000.0,2026-06-13,,
1010,AS Roma Fan Token,ASR,as-roma-fan-token,1.0223007478838468,-0.12991562,2.23286547,27.65877564,8837653.999456387,4100210.61339205,8644867.0,9995000.0,9995000.0,2026-06-13,,
1011,Goldfinch,GFI,goldfinch-protocol,0.10086197006262186,0.32712988,-2.73649889,-5.98036904,8832192.166145477,132570.95962498,87567119.30831671,114285714.0,114285714.0,2026-06-13,,
1012,Bubblemaps,BMT,bubblemaps,0.013077141889235597,-0.45330216,-0.15601538,4.85637632,8833848.278638104,2104996.99835352,675518271.0,1000000000.0,1000000000.0,2026-06-13,,
1013,KnoxNet,KNX,knoxnet,0.008846412753315751,0.65201331,-3.30523597,8.59149204,8846412.75331575,90835.96880812,1000000000.0,1000000000.0,1000000000.0,2026-06-13,,
1014,Tutorial,TUT,tutorial,0.010470005657620202,-0.94201095,4.5262794,4.35309516,8735604.704818416,5803328.78082687,834345748.2719251,834345748.2719251,1000000000.0,2026-06-13,,
1015,Assemble AI,ASM,assemble-protocol,0.005811524325060949,-0.49719495,-3.39023276,-8.30199774,8717286.487591423,209347.78063509,1500000000.0,3000000000.0,3000000000.0,2026-06-13,,
1016,Fusionist,ACE,fusionist,0.0857250984496958,0.10155306,1.51208181,-0.32592649,8721420.598908888,2908517.92332069,101737073.0,146307870.0,147000000.0,2026-06-13,,
1017,Hegic,HEGIC,hegic,0.01232949701993613,-0.22260304,-1.73437588,5.20794229,8676604.25475779,24.76519482,703727349.1958504,3012009888.0,3012009888.0,2026-06-13,,
1018,SUPRA,SUPRA,supra,0.00029888644612125723,0.22138656,0.21170895,-5.07197058,8669925.39377906,331925.5762132,29007422405.035057,81665937850.79199,100000000000.0,2026-06-13,,
1019,Toko Token,TKO,tokocrypto,0.05102970638327618,-0.01131356,0.37317604,8.74182237,8654408.933196228,950540.99142684,169595507.13841677,495268640.66,500000000.0,2026-06-13,,
1020,Hashflow,HFT,hashflow,0.010431538606342498,-0.97476422,-0.90399125,2.87771523,8648973.470625825,4105231.6335658,829117716.6681,997353568.2839,,2026-06-13,,
1021,XION,XION,xion,0.12200842981900885,0.5419306,0.12508448,6.41021386,8644718.521247864,4009006.56142607,70853452.782498,200000000.0,200000000.0,2026-06-13,,
1022,4,4,4four,0.00855256533065696,-1.23752428,0.84646551,8.71616253,8552565.33065696,4433340.93463413,1000000000.0,1000000000.0,1000000000.0,2026-06-13,,
1023,我踏马来了,我踏马来了,wotamalaile,0.008530310139677777,0.18307659,0.82334876,8.7879457,8530310.139677778,4066119.99594095,1000000000.0,1000000000.0,1000000000.0,2026-06-13,,
1024,xU3O8,XU3O8,xu3o8,5.316475420730284,-0.01430768,-0.18161027,-0.33498755,8506360.673168454,828531.79911986,1600000.0,1600000.0,,2026-06-13,,
1025,GRIFFAIN,GRIFFAIN,griffain,0.008523445928023527,-0.45194212,4.13312957,10.20164461,8522432.660771603,5629125.84175484,999881120.0,999881120.0,999881120.0,2026-06-13,,
1026,Aspecta,ASP,aspecta,0.025095471376268025,-0.1016463,-7.90611037,-0.09224193,8448808.705042059,1284560.46107797,336666667.0,1000000000.0,1000000000.0,2026-06-13,,
1027,heyAura,ADX,adx-net,0.05711953622614158,-0.12767187,0.34958026,5.00403254,8447979.407846339,3024632.10378257,147900000.0,150000000.0,150000000.0,2026-06-13,,
1028,Just a chill guy,CHILLGUY,just-a-chill-guy,0.008435704853771063,-1.01989756,-2.13919272,6.88960609,8435231.117613295,5309066.96233973,999943841.544248,999943841.544248,1000000000.0,2026-06-13,,
1029,Atletico De Madrid Fan Token,ATM,atletico-de-madrid-fan-token,0.9950076373167458,-0.14541919,0.2113508,18.06967473,8418966.580925548,2355064.74053236,8461208.0,10000000.0,10000000.0,2026-06-13,,
1030,Elastos,ELA,elastos,0.36401256083781175,-1.39309581,-1.44440276,2.38963683,8410370.437334279,160888.26364984,23104616.0,26229451.0,28219999.0,2026-06-13,,
1031,SquidGrow,SQGROW,squid-grow,0.008293870161833144,0.69158933,-1.7979219,-11.65910012,8293870.161833144,98196.43828999,1000000000.0,1000000000.0,1000000000.0,2026-06-13,,
1032,Vulcan Forged (PYR),PYR,vulcan-forged-pyr,0.18202080405559454,-0.0841097,-0.66732954,-5.42310357,8276674.772784605,2152139.59139904,45471037.31206826,50000000.0,50000000.0,2026-06-13,,
1033,Groestlcoin,GRS,groestlcoin,0.091541930400715,0.0,0.0,0.0,8262330.119161723,0.0,90257328.88736624,90257328.88736624,105000000.0,2026-06-13,,
1034,Haedal Protocol,HAEDAL,haedal-protocol,0.01943527682677405,-3.24562591,3.00415014,-4.34827621,8259992.6513789715,8329911.67022326,425000000.0,1000000000.0,1000000000.0,2026-06-13,,
1035,Agoras: Tau Net,AGRS,agoras-tokens,0.2762187601953346,-0.00240659,1.78824291,0.08393205,8248392.366663803,8058.4269434,29861810.83728983,42000000.0,42000000.0,2026-06-13,,
1036,MUX Protocol,MCB,mcdex,2.1456272710027045,0.0,0.96655617,-1.01456424,8199563.965564068,0.0,3821523.0,4803143.0,4803143.0,2026-06-13,,
1037,Vanar Chain,VANRY,vanar,0.0034531128100556687,-0.32150491,0.10256939,-0.87934166,8192929.898797152,870549.0146714,2372621559.0,2377565576.0,2400000000.0,2026-06-13,,
1038,Chainbounty,BOUNTY,sentinel-protocol,0.015670274027179673,-0.09552575,0.62176958,7.9330601,8150221.084042006,272553.90842535,520107119.3717267,555416661.0,1000449852.0,2026-06-13,,
1039,Layer3,L3,layer3-xyz,0.006588123215750867,-1.43186367,-1.30000871,-9.1380117,8111398.237227591,3362950.44047041,1231215320.5991778,3333333312.0,3333333333.0,2026-06-13,,
1040,X Empire,X,x-empire,1.1695582423125029e-05,-0.59304175,3.84116603,7.39783117,8069951.87195627,230926.00854828,690000000000.0,690000000000.0,690000000000.0,2026-06-13,,
1041,AhaToken,AHT,ahatoken,0.001106769974167006,-0.14573568,4.01786447,6.52892317,8046692.291899341,432093.31087288,7270428797.0547495,7673122637.674749,10500000000.0,2026-06-13,,
1042,WazirX,WRX,wazirx,0.020953317498887788,-0.4139138,-2.227867,-1.62875005,8001168.285313541,3594.95044809,381856872.3419691,962646668.99,,2026-06-13,,
1043,SmarDex,SDEX,smardex,0.0008185541623286754,0.12319462,-2.9378773,-28.37849263,8022660.7064969465,237390.79399382,9801013879.977797,10000000000.0,10000000000.0,2026-06-13,,
1044,Wibx,WBX,wibx,0.0006817187777055279,0.0,-3.65952795,0.88124783,8011072.539039184,14805.2226439,11751286309.0,11751286309.0,12000000000.0,2026-06-13,,
1045,Forta,FORT,forta,0.012613547236209551,-0.58912333,-10.34476701,10.21518771,8008651.2317146985,1043148.89906649,634924584.0,1000000000.0,1000000000.0,2026-06-13,,
1046,SpaceX tokenized stock (xStock),SPCXx,spacex-tokenized-stock-xtock,163.78411240335404,-0.8284652,-4.4742739,-4.4742739,7980661.492801745,22828074.9913917,48726.71332826,259495.41800559,,2026-06-13,,
1047,Vow,VOW,vow,0.022367601633508403,-3.06619404,-6.63905682,32.96490979,7969246.964879381,315729.47617487,356285269.0,1142857140.0,1142857142.0,2026-06-13,,
1048,Quantoz USDQ,USDQ,quantoz-usdq,0.9929655777279988,-0.19825165,-0.28892266,0.02116766,7923913.965582739,17255858.41024352,7980049.0,11000000.0,,2026-06-13,,
1049,DEXTools,DEXT,dextools,0.11263591071360723,0.40464426,1.9999984,-0.00076593,7918096.980550486,41143.09746577,70298157.40277867,112551255.0,200000000.0,2026-06-13,,
1050,DORA,DORA,dora,0.007987600055371434,0.01904444,0.16749619,-46.87549071,7908407.70844232,337947.64862515,990085589.366,1000000000.0,1000000000.0,2026-06-13,,
1051,Solomon,SOLO,solomon,0.6083402535939193,-0.6520527,3.17526098,5.03830076,7847570.522668389,4673.87816303,12899969.180581,25799969.180581,25800000.0,2026-06-13,,
1052,Coq Inu,COQ,coq-inu,1.120681692430444e-07,0.41900084,2.94135263,40.19823813,7779772.308852143,1585326.50812466,69420000000000.0,69420000000000.0,69420000000000.0,2026-06-13,,
1053,MARBLEX,MBX,marblex,0.02807737667880124,0.04500527,1.07491526,-0.91634421,7809064.811444541,1062730.81734531,278126582.15111953,321280425.0,,2026-06-13,,
1054,VitaDAO,VITA,vitadao,0.5448794919128803,86.1924647,78.78781264,113.03170844,7773711.508280017,1016.21813278,14266845.46520415,27219552.0,64298880.0,2026-06-13,,
1055,Swarms,SWARMS,swarms,0.0077316586045802415,-1.81756973,7.65724957,31.63243047,7731541.31531921,7136604.41901136,999984830.0,999984830.0,,2026-06-13,,
1056,Kleros,PNK,kleros,0.008432464774348605,-0.08186372,0.55354241,-2.44469098,7720159.478009156,14143.82931081,915528221.5341986,915528222.0793128,,2026-06-13,,
1057,Bitgert,BRISE,bitrise-token,1.938897516582327e-08,-0.64470008,0.56209266,1.42107063,7672023.58336461,532868.88707854,395690000000000.0,1000000000000000.0,,2026-06-13,,
1058,SaitaChain Coin,STC,saitama-inu-new,0.0001705532976574212,0.00087228,0.12796788,-0.00811637,7623936.302508104,67130.42329351,44701195504.42107,44710138786.93723,200000000000.0,2026-06-13,,
1059,Edel,EDEL,edel,0.012592454118495832,-0.38609597,-10.39569832,10.15670389,7607159.132871,644016.10536933,604104574.1590261,1000000000.0,1000000000.0,2026-06-13,,
1060,ANyONe Protocol,ANYONE,anyone-protocol,0.07813534792668733,0.28422903,-0.64201629,1.15111607,7618193.730340468,159318.54322012,97499965.5404165,100000000.0,100000000.0,2026-06-13,,
1061,SymVerse (symverse.org),SYMM,symverse-org,0.046115423330921196,-2.22138867,-12.0231218,27.54914637,7617238.822481128,4206.85783766,165177684.0,315177684.0,315177684.0,2026-06-13,,
1062,iShares MSCI Emerging Markets Tokenized ETF (Ondo),EEMon,ishares-msci-emerging-markets-tokenized-etf-ondo,68.07905068418285,-0.08632878,-0.43549564,4.90080154,7601474.433299433,1104662.33459537,111656.58681938,111656.58681938,,2026-06-13,,
1063,Oracle Tokenized Stock (Ondo),ORCLon,oracle-tokenized-stock-ondo,184.483726961656,-0.04204933,-0.40597603,-12.62422471,7407085.268060256,2146317.02393937,40150.34491145,40150.34491145,,2026-06-13,,
1064,Sport.Fun,FUN,sport-fun,0.041453949243883535,-3.62853495,-16.52830112,-0.93129974,7378802.965411269,1976549.90210529,178000000.0,1000000000.0,1000000000.0,2026-06-13,,
1065,Alpine F1 Team Fan Token,ALPINE,alpine-f1-team-fan-token,0.34449181552954505,-0.39574416,-0.25352439,4.50929324,7349891.082433118,2706345.18586127,21335459.22168,40000000.0,40000000.0,2026-06-13,,
1066,Balancer,BAL,balancer,0.10490015708462573,0.02006962,-2.31602851,2.89983673,7320868.386958486,385783.01075416,69788917.29449508,72368512.92020285,96150704.0,2026-06-13,,
1067,FC Barcelona Fan Token,BAR,fc-barcelona-fan-token,0.2888067345276179,-0.53169798,-2.61496392,2.26395817,7306168.654984613,1829590.51239849,25297778.0,39960000.0,39960000.0,2026-06-13,,
1068,Boson Protocol,BOSON,boson-protocol,0.04278239767762033,1.93368064,49.39828271,66.30236854,7292837.0347517645,2481720.2849325,170463495.0501309,200000000.0,200000000.0,2026-06-13,,
1069,Torch of Liberty,LIBERTY,torch-of-liberty,0.007239142660983991,-2.06773864,-15.43507781,-28.18758428,7239142.660983991,571812.10674217,1000000000.0,1000000000.0,1000000000.0,2026-06-13,,
1070,Phoenix,PHNIX,phoenix-xrp,1.3636919956953712e-05,0.06458384,-1.06392913,-0.4830846,7227555.443026816,285508.33292149,529999110198.0,589000000000.0,589000000000.0,2026-06-13,,
1071,Origin Dollar,OUSD,origin-dollar,0.9997567666669799,-7.429e-05,0.00469133,0.00723944,7220585.668604867,0.0,7222342.3830149,7222342.3830149,,2026-06-13,,
1072,CREPE,CREPE,crepe,1.2359142643770957e-05,-0.8478201,-0.18243714,15.82664658,7178329.365492695,393745.36505917,580811272464.0,690000000000.0,690000000000.0,2026-06-13,,
1073,Access Protocol,ACS,access-protocol,0.0001399606463236546,0.5243563,0.59410254,-3.01041965,7191706.579087106,479628.31199812,51383776568.5685,90188752554.73015,,2026-06-13,,
1074,FC Porto Fan Token,PORTO,fc-porto,0.5529194798985475,-0.34744851,-2.06061486,0.98211497,7181432.301012614,2159033.72406159,12988206.35209,40000000.0,40000000.0,2026-06-13,,
1075,Venus DAI,vDAI,venus-dai,0.026125639802182167,0.01022344,0.01527518,0.00711657,7172471.102896562,0.0,274537625.0,274537625.0,,2026-06-13,,
1076,LOAN Protocol,LOAN,loan-protocol,0.00038953996212067203,-0.62383018,-0.76975485,19.11970276,7170159.067743608,159634.66807286,18406735547.0,35205330031.41024,,2026-06-13,,
1077,StablR Euro,EURR,stablr-euro,0.602835424911963,0.82579268,-14.6552927,-85.03470877,7163820.060887387,1599.59834121,11883541.95,11883541.95,,2026-06-13,,
1078,QuickSwap [Old],QUICK,quickswap,9.408559497585715,0.40717587,0.32076861,8.41344107,7155007.972164675,4281.20853413,760478.58059469,923522.94875885,1000000.0,2026-06-13,,
1079,Treehouse,TREE,treehouse,0.045641804351408306,-1.67080248,-3.8131414,4.16450356,7125710.272120722,8789411.46165002,156122449.0,1000000000.0,1000000000.0,2026-06-13,,
1080,Hydranet,HDN,hydranet,0.03789074020534788,0.21799641,-1.21532021,1.26944514,7123958.084087743,88669.76089168,188013167.47784916,300000000.0,300000000.0,2026-06-13,,
1081,Auki,AUKI,auki-labs,0.005647774776373057,-0.61881658,-1.53809358,-4.06765138,7092400.20853317,36442.1687844,1255786657.4643822,9991616050.76035,10000000000.0,2026-06-13,,
1082,Nimiq,NIM,nimiq,0.0005006704371915574,0.07624576,0.11846897,0.19375827,7080386.58215134,66559.23734065,14141810772.50697,14141809209.66037,21000000000.0,2026-06-13,,
1083,ProShares UltraPro QQQ Tokenized Stock (Ondo),TQQQon,proshares-ultrapro-qqq-tokenized-stock-ondo,78.01410944595116,-0.17799032,1.82557787,8.30215457,7070728.154962832,2008747.97343902,90633.96615277,90633.96615277,,2026-06-13,,
1084,Polkastarter,POLS,polkastarter,0.071110197951558,0.12245432,-2.3575111,-3.10487387,7054816.5659546135,145252.45042475,99209631.94000003,100000000.0,,2026-06-13,,
1085,Cookie DAO,COOKIE,cookie,0.009165113897579728,-0.23315209,-1.74306051,-3.80915643,7048844.886119127,1864461.43741229,769095176.0,999892387.0,1000000000.0,2026-06-13,,
1086,Inverse Finance,INV,inverse-finance,9.798453789329272,-0.15113205,0.58014225,-13.24502537,7047895.087117564,5644.72012929,719286.45464378,727000.0,,2026-06-13,,
1087,BugsCoin,BGSC,bugscoin,0.0007510831669453568,-0.22969742,0.34624413,5.94506452,7001329.765312515,549401.62303805,9321643825.126331,12985800644.0,14745800644.0,2026-06-13,,
1088,Peercoin,PPC,peercoin,0.23084135369227157,2.04345353,2.33962983,3.05040658,6985484.909559332,37854.40195576,30260977.06423735,30260977.06423735,,2026-06-13,,
1089,Synapse,SYN,synapse-2,0.03105964304990169,-0.75615406,-5.16594735,-24.73333886,6970425.575189843,4778143.61161631,224420659.4387087,238675501.38084012,250000000.0,2026-06-13,,
1090,OMG Network,OMG,omg,0.04970962661291665,-0.01447155,-0.77983322,0.71779808,6971546.380945346,814860.13630284,140245398.24513277,140245398.24513277,140245399.0,2026-06-13,,
1091,Apu Apustaja,APU,apu-apustaja,2.0624124608079495e-05,1.63028199,0.60352483,11.0770056,6968685.38846526,227870.02742306,337889996346.0888,337889996346.0888,420690000000.0,2026-06-13,,
1092,Alien Worlds,TLM,alien-worlds,0.0010247068861908566,-0.1466892,2.20347861,-4.23934833,6950956.613528999,8936913.43547552,6783360888.075802,7014672957.6912,10000000000.0,2026-06-13,,
1093,HOPR,HOPR,hopr,0.02031695002877827,1.80394044,-3.5134224,21.94742185,6931611.309848743,346005.21568502,341173813.0,394545361.0,1000000000.0,2026-06-13,,
1094,PAAL AI,PAAL,paal-ai,0.006925126673148388,0.07129695,-4.47476096,16.93568338,6917090.916835692,1690784.73089833,998839623.202294,1000000000.0,1000000000.0,2026-06-13,,
1095,Coinbase Tokenized Stock (Ondo),COINon,coinbase-tokenized-stock-ondo,159.3492150578417,-0.1367467,-0.28624306,5.49592652,6898289.185576493,2800739.74930293,43290.38698479,43290.38698479,,2026-06-13,,
1096,Partisia Blockchain,MPC,partisia-blockchain,0.014787358745347114,0.00284675,0.20626235,-6.90306394,6893726.619677751,1642.57073719,466190530.6008,609855419.4035,1000000000.0,2026-06-13,,
1097,Orchid,OXT,orchid,0.0068934807533985315,-4.62606986,-4.63339389,-21.28614105,6874279.889436703,1630552.68116881,997214634.4279902,1000000000.0,,2026-06-13,,
1098,FIGHT,FIGHT,fight-id,0.0033600073635287335,-0.94427653,-11.61989553,1.56764967,6888015.095233903,4257874.74505815,2050000000.0,10000000000.0,10000000000.0,2026-06-13,,
1099,EVAA Protocol,EVAA,evaa-protocol,0.38318188208262716,-2.07033649,-1.71795525,28.73308664,6841458.799861181,1773102.62266313,17854337.9,50000000.0,50000000.0,2026-06-13,,
1100,Resolv,RESOLV,resolv,0.01674564094270059,-0.57934655,-0.94196632,-1.92588968,6805442.596069597,5107335.82806163,406400843.022738,1000000000.0,1000000000.0,2026-06-13,,
1101,PepeCoin,PEPECOIN,pepecoin,0.06335954854886426,-0.13824822,2.61470028,3.36086624,6783097.07494503,135052.41292203,107057219.16111442,107630586.03315184,133769420.0,2026-06-13,,
1102,Resistance Dog,REDO,resistance-dog,0.06781132369929382,-0.02802062,-6.21876645,20.44170761,6781131.892537663,131209.22448299,99999992.96,99999992.96,100000000.0,2026-06-13,,
1103,Gitcoin,GTC,gitcoin,0.077424460917484,0.09144749,-2.31948387,4.05654131,6773982.369797031,3156681.81953651,87491501.9042429,100000000.0,,2026-06-13,,
1104,Brickken,BKN,brickken,0.08325249553503053,-0.12275105,4.21608431,5.76658883,6776495.075117797,154212.4991953,81396900.25587787,143000000.0,143000000.0,2026-06-13,,
1105,RSS3,RSS3,rss3,0.007269349718858057,-0.73070693,6.54795808,12.52185003,6757728.678894039,1340070.67115487,929619421.3030119,1055772199.8297999,1000000000.0,2026-06-13,,
1106,elizaOS,ELIZAOS,elizaos,0.0007235901292873447,-0.57603652,-2.22758831,-5.07822831,6741668.663572246,4205685.91568909,9316971570.925152,10999986979.497707,11000000000.0,2026-06-13,,
1107,CONX,XPLA,xpla,0.007127729651776721,-1.79640595,1.91026586,5.15936578,6723643.597898368,797612.39572021,943307887.1365966,1999880403.9673,2000000000.0,2026-06-13,,
1108,Towns,TOWNS,towns,0.002205927995600939,-1.07710412,-3.25681209,1.38284976,6726045.965077065,5667741.09645047,3049077748.0,10530619062.0,,2026-06-13,,
1109,Galatasaray Fan Token,GAL,galatasaray-fan-token,0.8418601063916276,-0.0127027,0.53453671,0.12366452,6727144.998615388,511976.37746774,7990811.0,9975000.0,9975000.0,2026-06-13,,
1110,Bitlayer,BTR,bitlayer,0.020163834017078067,-0.53939961,-3.80166551,7.42312511,6720321.708979317,2693775.43749459,333285907.0,1000000000.0,1000000000.0,2026-06-13,,
1111,BFG Token,BFG,betfury,0.0059698616921403805,0.04479509,-1.23795976,-2.84079375,6703013.937789107,5601.13006585,1122808916.43,3327754200.68,,2026-06-13,,
1112,Alltoscan,ATS,alltoscan,0.0893554245286241,-0.06172783,-3.75185923,-5.89513218,6704247.7158500245,321617.13141126,75028995.175356,100000000.0,100000000.0,2026-06-13,,
1113,ELYSIA,EL,elysia,0.001363936325468193,-0.75569953,0.93233982,5.63077638,6673950.58372486,291881.56013995,4893154071.128592,6803300704.688,7000000000.0,2026-06-13,,
1114,Bella Protocol,BEL,bella-protocol,0.08268085812134024,-0.55945666,-1.25017347,0.56389337,6614468.64970722,1134988.37425304,80000000.0,100000000.0,,2026-06-13,,
1115,Badger DAO,BADGER,badger-dao,0.3439801641786229,-0.4868522,-0.18366442,2.24483404,6614249.7551993355,1073158.72794854,19228578.98214349,21000000.0,21000000.0,2026-06-13,,
1116,Heroes of Mavia,MAVIA,heroes-of-mavia,0.02669420765477168,-0.24930136,1.75460647,6.33529829,6592593.160139168,1031884.69381845,246967179.0,250000000.0,256989887.032251,2026-06-13,,
1117,ORIGYN,OGY,origyn-foundation,0.0008414711899893076,-0.18752503,1.14348195,4.61629638,6587575.753085184,200782.79507053,7828640875.0,10414868647.832708,10620490364.0,2026-06-13,,
1118,XMAQUINA,DEUS,deus-token,0.03270367299156289,0.50750675,1.43183398,18.83331363,6585584.935709117,917988.84032671,201371415.9081798,999987281.5088582,1000000000.0,2026-06-13,,
1119,AMO Coin,AMO,amo-coin,0.00031047200313837,0.21276596,2.62859671,2.05260129,6582006.466533444,18921.40550884,21200000000.0,21200000000.0,21200000000.0,2026-06-13,,
1120,MORI COIN,MORI,mori-coin,0.008194810033420218,-0.38034749,4.79137764,46.13735823,6555913.462294292,1290859.064481,800007985.0,999998186.0,999999999.0,2026-06-13,,
1121,TokenBot,TBOT,tokenbot,0.011129951157810274,0.08824152,0.04716251,-0.13215789,6554938.244586375,55249.63404493,588945823.0,1000000000.0,,2026-06-13,,
1122,Bitcoin Limited Edition,BTCLE,bitcoin-limited-edition,420.2559415647078,0.15479785,0.28259803,0.67554209,6546999.2112599565,53785.22374469,15578.6,210000.0,210000.0,2026-06-13,,
1123,Grin,GRIN,grin,0.02802530894253488,0.00256147,15.29534639,0.25673003,6532391.796612691,9042.94806335,233089020.0,233089020.0,,2026-06-13,,
1124,Meta Platforms Tokenized Stock (Ondo),METAon,meta-platforms-tokenized-stock-ondo,568.7257823410353,0.01414934,-0.57969786,-3.32128056,6514875.214770189,2819311.12998893,11455.21342105,11455.21342105,,2026-06-13,,
1125,Amazon Tokenized Stock (Ondo),AMZNon,amazon-tokenized-stock-ondo,238.28242120038556,-0.05940799,-1.35680617,-2.77904423,6499281.102589272,2234566.83400686,27275.53744774,27275.53744774,,2026-06-13,,
1126,Loom Network,LOOM,loom-network,0.005224634355795,0.0,0.0,0.0,6493807.22302701,0.0,1242920897.5790398,1300000000.0,,2026-06-13,,
1127,Puffer,PUFFER,puffer,0.014005424533601143,-0.22517152,-3.33110355,-8.61556755,6457119.539673144,2696700.58360086,461044185.0,1000000000.0,1000000000.0,2026-06-13,,
1128,Bytecoin,BCN,bytecoin-bcn,3.495204196614832e-05,0.0,0.07637521,85.77845292,6433511.525284794,0.0,184066828814.058,184066828814.058,184470000000.0,2026-06-13,,
1129,World of Dypians,WOD,world-of-dypians,0.012154342984042043,-0.20706237,3.23531536,50.38827478,6415414.168132836,3045664.00752244,527828956.0,1000000000.0,1000000000.0,2026-06-13,,
1130,district0x,DNT,district0x,0.006412211914144491,-0.04450985,3.12674341,6.96258066,6412211.914144491,13942.67079799,1000000000.0,1000000000.0,,2026-06-13,,
1131,DAO Maker,DAO,dao-maker,0.03057802103533211,-0.44084108,2.17745439,9.32617502,6406745.752740118,2751810.0426732,209521268.40835413,269087180.1328943,,2026-06-13,,
1132,Destra Network,DSYNC,destra-network,0.006560152454999719,-0.77883923,3.49890521,17.25542573,6395805.614112829,1110610.56616561,974947710.1310906,999874315.1676701,1000000000.0,2026-06-13,,
1133,WhiteCoin,XWC,whitecoin,0.008332471516043846,-0.64808302,14.08060053,355.47772622,6368713.153583365,810708.09100411,764324623.4110321,971792390.0,1000000000.0,2026-06-13,,
1134,Save,SAVE,save,0.13937177123861524,0.0,-0.48198362,-0.13787317,6364111.308700804,0.0,45662843.0,50000001.0,,2026-06-13,,
1135,Realio Network,RIO,realio-network,0.040151144873406736,-0.25718356,-4.13623772,-22.18654128,6361147.560673752,430971.03913987,158430041.80154583,158430041.80154583,175000000.0,2026-06-13,,
1136,SLERF (OLD),SLERF,slerf-old,0.012696871391502006,-0.52960689,-0.63872396,5.82867319,6348407.127790372,917.43813614,499997750.0,499997750.0,499997750.0,2026-06-13,,
1137,Reppo,REPPO,reppo,0.01674890305288856,0.95450683,9.39895028,47.81206248,6346106.566261274,232144.68744033,378896847.5261911,1000000000.0,1000000000.0,2026-06-13,,
1138,Broadcom Tokenized Stock (Ondo),AVGOon,broadcom-tokenized-stock-ondo,383.81326845048886,0.00719478,-1.23814485,0.30862157,6331977.226756387,3884119.10923563,16497.54645617,16497.54645617,,2026-06-13,,
1139,Zircuit,ZRC,zircuit,0.0010781047170324953,-0.00572122,1.63712812,-1.94090461,6323793.881730807,853147.12799131,5865658300.0,10000000000.0,,2026-06-13,,
1140,Niza Global,NIZA,niza-global-new,0.0039034811304240733,-1.00403419,2.49834214,-1.1819232,6301804.718762362,205854.1290696,1614406348.642381,2500000000.0,2500000000.0,2026-06-13,,
1141,GYEN,GYEN,gyen,0.0029994564533225823,0.14768245,-52.08428113,-36.54225625,6295201.713651595,211.48607268,2098780833.0,2098780833.0,,2026-06-13,,
1142,NUMINE,NUMI,numine,0.019404580718822804,-0.17823128,0.48487161,3.63550178,6285264.231230986,181963.72094211,323906211.75,1000000000.0,1000000000.0,2026-06-13,,
1143,TEXITcoin,TXC,texitcoin,0.099614560416777,-0.11971261,-2.02382782,-3.57466301,6271247.999389292,105757.13351166,62955134.0,69218556.0,353396296.0,2026-06-13,,
1144,Mansory,MNSRY,mansory,0.006972572345851159,-0.01740136,0.41751448,3.56135087,6275233.028401244,172878.22919747,899988227.75,899988227.75,1000000000.0,2026-06-13,,
1145,Scroll,SCR,scroll,0.03284906099983414,-0.95275045,0.57485486,1.37298648,6241321.589968487,5108948.29392904,190000000.0,1000000000.0,1000000000.0,2026-06-13,,
1146,Beta Finance,BETA,beta-finance,0.006236731588493841,0.0,0.11154914,0.54169068,6236731.588493841,0.0,1000000000.0,1000000000.0,1000000000.0,2026-06-13,,
1147,S.S. Lazio Fan Token,LAZIO,lazio-fan-token,0.4722970917776383,-0.19354549,-1.63854568,7.19683131,6224365.077569949,1468473.8735682,13178918.91763,40000000.0,40000000.0,2026-06-13,,
1148,SpaceX Tokenized Stock (Ondo),SPCXon,spacex-tokenized-stock-ondo,161.02027856001538,-0.00717831,-2.52523016,-2.52523016,6211835.395069945,6345174.08780774,38577.96949938,38577.96949938,,2026-06-13,,
1149,KGST,KGST,kgst,0.011400105945452698,0.00369072,0.15371325,0.1639623,6204991.732111286,2714425.94644579,544292462.0,544292462.0,,2026-06-13,,
1150,WeBuy,WE,webuy,0.017140528173861067,-0.17828857,0.19854791,4.67782706,6205406.669037858,22629.1131913,362031240.0,2500000000.0,,2026-06-13,,
1151,Pikaboss,PIKA,pikachu,1.4676651059214964e-08,0.0,-0.00131429,4.91357742,6174320.334101143,0.0,420690000000000.0,420690000000000.0,420690000000000.0,2026-06-13,,
1152,Argentine Football Association Fan Token,ARG,argentinefootballassociationfantoken,0.33024661835940755,-0.06257326,-0.6425197,-11.26291261,6161529.717267457,1820075.52711632,18657359.0,20000000.0,20000000.0,2026-06-13,,
1153,AKEDO,AKE,akedo,0.0002689930069454204,-1.15624595,0.63463082,2.69664683,6132031.8345795395,1326852.18379998,22796250000.0,100000000000.0,100000000000.0,2026-06-13,,
1154,客服小何,客服小何,kefuxiaohe,0.006054381469861583,-2.17419403,10.84963461,279.76302539,6054381.469861583,3686045.71784887,1000000000.0,1000000000.0,1000000000.0,2026-06-13,,
1155,Bluefin,BLUE,bluefin,0.012042718166937135,2.36573852,0.79544267,5.36919907,6011614.814405535,2587013.96038509,499190858.0,1000000000.0,1000000000.0,2026-06-13,,
1156,XBorg,XBG,xborg,0.02516024909046484,0.39674224,-3.31617713,64.3128223,6005079.125717762,62919.78581916,238673278.0,1000000000.0,1000000000.0,2026-06-13,,
1157,KAN,KAN,bitkan,0.000618664372934087,0.15914363,0.08270813,3.31721254,5993781.618674175,91678.2011753,9688260518.781734,10000000000.0,,2026-06-13,,
1158,Hemi,HEMI,hemi,0.006112041711715485,2.70528437,9.75078768,12.66392429,5974520.773201887,8620417.545755,977500000.0,10000000000.0,,2026-06-13,,
1159,LUKSO,LYX,lukso-network,0.19537388380090143,-0.30667404,-0.2932107,-0.2839705,5965918.66586984,97480.58005013,30535906.59,42115181.93,,2026-06-13,,
1160,SWEAT,SWEAT,sweat-economy,0.0007050056320751831,0.1782408,-10.62618319,-14.8034404,5962035.572946741,1356449.03395536,8456720488.03,19760490863.01,21867346500.41,2026-06-13,,
1161,PayAI Network,PAYAI,payai-network,0.005946054674273341,0.00869825,-1.66785126,12.07463345,5945735.197793565,3091870.72299527,999946270.8472631,999946270.8472631,1000000000.0,2026-06-13,,
1162,Divi,DIVI,divi,0.0012695019100000002,-0.18947618,0.13824895,4.58686608,5945164.062267692,0.0,4683068229.7025385,4683068229.7025385,,2026-06-13,,
1163,Autonolas,OLAS,autonolas,0.02656648684831211,0.56534618,0.7150568,5.10818126,5931514.478292865,217499.59850109,223270563.10306686,473565936.01911116,,2026-06-13,,
1164,Quickswap [New],QUICK,quickswap-new,0.0077981455019950794,0.7517686,0.50571813,-0.20210437,5930322.622628068,623356.996841,760478580.5946879,923522948.7588482,1000000000.0,2026-06-13,,
1165,LimeWire,LMWR,limewire,0.012923381118919294,-0.66711124,-0.91234314,1.6213026,5912266.045892247,1878618.92251346,457486008.61402553,633045269.0,633045269.0,2026-06-13,,
1166,RACA,RACA,radio-caca,1.4078089652066446e-05,0.61182557,7.53880646,1.263055,5795532.3909974275,1479365.44630083,411670371068.18915,415670371068.18945,500000000000.0,2026-06-13,,
1167,Croatian Football Federation Token,VATRENI,croatian-ff-fan-token,1.4951779301564991,0.66653308,0.6477891,15.85179972,5777403.406395037,6093.39181553,3864024.0,20999999.44183582,30000000.0,2026-06-13,,
1168,Nash,NEX,nash,0.12974867403559312,0.0,12.26579921,17.96126213,5743399.4021757515,0.0,44265573.0,50000000.0,50000000.0,2026-06-13,,
1169,Fuel Network,FUEL,fuel-network,0.000679311375124407,2.62251408,0.04631919,2.63996834,5639104.191968887,649704.87794252,8301206778.608939,10333309153.26788,,2026-06-13,,
1170,VNX Gold,VNXAU,vnx-gold,135.11074114312547,0.00975919,0.06127041,-4.78371806,5688162.202125582,3643.97701408,42100.0,44100.0,,2026-06-13,,
1171,Joe coin,JOE,joe-coin,0.005667688103394641,0.01351662,-6.42197071,13.74396002,5667688.103394641,7742.3837442,1000000000.0,1000000000.0,1000000000.0,2026-06-13,,
1172,Pitbull,PIT,pitbull,1.40201705744113e-10,-0.82077902,0.63086869,-0.72574185,5635009.118062138,76698.74836334,4.019215806366e+16,1e+17,1e+17,2026-06-13,,
1173,NAVI Protocol,NAVX,navi-protocol,0.0069347377589276775,-0.09150286,2.58275896,5.72366526,5659907.546850254,471966.64174797,816167495.24,1000000000.0,1000000000.0,2026-06-13,,
1174,Creta World,CRETA,creta-world,0.0019458047945717582,0.22010197,-0.26494497,-1.2189871,5648440.304357015,106065.46189454,2902881275.714068,10000000000.0,10000000000.0,2026-06-13,,
1175,Turtle,TURTLE,turtle-xyz,0.03644970965845762,-0.78747285,-2.17646149,2.04299083,5638770.084163394,1821644.72346867,154700000.0,1000000000.0,1000000000.0,2026-06-13,,
1176,MAP Protocol,MAPO,map-protocol,0.0009064527081297084,-0.36710622,-1.03263925,-26.89265837,5638442.538143924,601845.10743399,6220338344.818641,9697223991.055454,10000000000.0,2026-06-13,,
1177,Polyhedra Network,ZKJ,polyhedra-network,0.007537859839377872,0.27107061,-0.86213739,3.22665684,5620269.202783546,1443660.58186219,745605426.8113599,1000000000.0,1000000000.0,2026-06-13,,
1178,Minswap,MIN,minswap,0.003243032770118625,0.14187289,1.98078717,7.80436288,5619339.408411028,94610.33065422,1732742098.750202,2475091472.509983,2500000000.0,2026-06-13,,
1179,OpenVPP,OVPP,openvpp-energy,0.006967392381452197,-0.27928812,-2.05522866,7.18405578,5608750.867069019,797021.31859865,805000000.0,1000000000.0,1000000000.0,2026-06-13,,
1180,Utrust,UTK,utrust,0.007945681726346236,0.00735124,0.08408119,-0.02108205,5594314.2102136165,5106538.13496981,704069758.0,431257532.0,1000000000.0,2026-06-13,,
1181,MetFi,METFI,metfi2,0.017306638204825225,0.14746635,2.21258287,16.60259377,5573011.164161022,7652.80958059,322015812.5572431,449965785.7216816,500000000.0,2026-06-13,,
1182,Nebius Group Tokenized Stock (Ondo),NBISon,nebius-group-tokenized-stock-ondo,230.56938045447012,-1.80990575,-3.94793695,3.6286317,5541656.726568711,2726610.86355744,24034.66026428,24034.66026428,,2026-06-13,,
1183,RHEA Finance,RHEA,rhea-finance,0.014051830827680734,0.19606426,-3.56842466,-2.04676564,5488620.643002793,360098.00185754,390598258.0,1000000000.0,1000000000.0,2026-06-13,,
1184,Juventus Fan Token,JUV,juventus-fan-token,0.3507182127671097,0.05063355,-0.89598192,7.32908347,5475569.859479437,4915471.01805919,15612448.0,19956000.0,19956000.0,2026-06-13,,
1185,Manchester City Fan Token,CITY,manchester-city-fan-token,0.4025604289069113,-0.89360782,-1.73180202,6.7568644,5447753.267333864,1091672.29202043,13532759.0,19740000.0,19740000.0,2026-06-13,,
1186,SCOR,SCOR,scor,0.015415662602785339,-0.26960161,-0.90122504,14.33851487,5466299.646168548,107828.49491271,354593882.0158715,4000000000.0,4000000000.0,2026-06-13,,
1187,Games for a Living,GFAL,games-for-a-living,0.0013416474712825664,-0.41385896,1.31540666,29.70094552,5449362.017602679,5908.0133106,4061694397.555333,10000000000.0,10000000000.0,2026-06-13,,
1188,Tradoor,TRADOOR,tradoor,0.3790630297054345,-1.36025752,0.04372485,6.07181557,5439175.41324328,2837764.37250729,14349000.0,60000000.0,60000000.0,2026-06-13,,
1189,Anthropic tokenized stock (PreStocks),ANTHROPIC,anthropic-tokenized-stock-prestocks,567.0625452030945,-7.82329114,-25.00883322,-37.07810852,5418228.115563925,612965.60754946,9554.90388388,9554.90388388,,2026-06-13,,
1190,Build On BNB,BOB,build-on-bnb,1.2880731427147484e-08,-0.96275387,3.33364208,5.191537,5418794.9040866755,335949.67238116,420690000000000.0,420690000000000.0,420690000000000.0,2026-06-13,,
1191,Sperax,SPA,sperax,0.002525744122110392,-0.275087,-1.09744334,-0.34874442,5173234.887283312,1698304.31544469,2048202287.0,4615267291.67,5000000000.0,2026-06-13,,
1192,iShares Russell 2000 Value Tokenized ETF (Ondo),IWNon,ishares-russell-2000-value-tokenized-etf-ondo,218.52993841102952,-0.01463864,0.49935454,3.33057075,5391912.789680883,738511.5246971,24673.56568572,24673.56568572,,2026-06-13,,
1193,Green Satoshi Token (SOL),GST,green-satoshi-token,0.0011201623821040167,-0.24499049,-0.87681607,-7.55671731,5381942.744393593,72457.97686588,4804609430.18334,4814609430.18334,,2026-06-13,,
1194,OneFootball Credits,OFC,onefootball-credits,0.03310371569230126,-0.99233399,-4.83888245,0.83298976,5338790.8240497075,3613984.41333059,161274670.0,1000000000.0,1000000000.0,2026-06-13,,
1195,Upland (SPARKLET),SPARKLET,upland-sparklet,0.01994034520672772,-0.05405402,1.05131625,5.16707137,5326973.281449063,174649.76574774,267145489.52,1000000000.0,1000000000.0,2026-06-13,,
1196,OORT,OORT,oortech,0.006820970128400521,-1.50513876,-3.60159951,-4.58415916,5307132.251803946,84324.89962251,778061207.115774,2000000000.0,2000000000.0,2026-06-13,,
1197,Landwolf 0x67,WOLF,landwolf-coin,5.879263607145013e-06,-2.4922328,-2.23672904,10.24002837,5304033.546468349,385437.43485575,902159505150.0,902159505150.0,1000000000000.0,2026-06-13,,
1198,Pangolin,PNG,pangolin,0.02257801993372118,0.23218185,0.13119358,-0.42108793,5278308.036659703,410930.68176567,233780821.0,230000000.0,538000000.0,2026-06-13,,
1199,OVERTAKE,TAKE,overtake,0.018112526668252842,-0.4009436,-7.95098123,25.88089246,5261946.285568773,1120751.36296589,290514205.0,1000000000.0,1000000000.0,2026-06-13,,
1200,错版马,哭哭马,crying-horse,0.00525031515346353,-4.80366581,11.39133102,387.51214654,5250315.15346353,5707527.97942923,1000000000.0,1000000000.0,1000000000.0,2026-06-13,,
1201,World3,WAI,world3,0.01557223223918252,-0.02824598,0.02473955,2.48366786,5232791.157117211,249835.89380659,336033465.0,1000000000.0,1000000000.0,2026-06-13,,
1202,PIVX,PIVX,pivx,0.050161496541490554,-0.27184084,-2.2385701,-2.75479535,5221465.021707281,2301810.75690283,104093086.96339235,104093086.96339235,,2026-06-13,,
1203,Luna by Virtuals,LUNA,luna-by-virtuals,0.005194501213380028,-0.0008439,2.73608137,10.16776548,5194501.213380028,3358.61763265,1000000000.0,1000000000.0,1000000000.0,2026-06-13,,
1204,雪球,雪球,xue-qiu,0.009279836464906776,-2.01530877,-9.41045805,4.93196622,5191635.830819636,196613.06859931,559453375.1163243,559453375.1163243,1000000000.0,2026-06-13,,
1205,Saga,SAGA,saga,0.012813000727295824,-1.23196097,-1.09772362,-4.3946513,5179281.532518107,11241964.22708078,404220810.0,1101518200.0,,2026-06-13,,
1206,dYdX (ethDYDX),ETHDYDX,dydx-ethdydx,0.12365332094740462,0.63571,2.53887827,-10.02510296,5151023.076367831,3541624.18172371,41656973.19652899,1000000000.0,,2026-06-13,,
1207,Giant Mammoth,GMMT,giant-mammoth,0.002448343851343022,0.94401489,-0.50029632,-1.6346674,5141522.0878203465,147000.3555975,2100000000.0,3000000000.0,3000000000.0,2026-06-13,,
1208,Wexo,WEXO,wexo,0.017504369958874284,-0.49411216,-0.92920135,-1.88316428,5132144.545308191,109189.34502872,293192189.0,920900277.0,928000000.0,2026-06-13,,
1209,SIX Token,SIX,six,0.00602790864165618,-0.75723957,-1.71545526,-5.33261173,5129548.982939381,126424.67643372,850966610.126,999999970.0,1000000000.0,2026-06-13,,
1210,MAGIC•INTERNET•MONEY (Bitcoin),MIM,magic-internet-money-bitcoin,0.00024384395247782813,-2.44704011,-2.1057769,3.64116744,5120723.00203439,57245.1524096,21000000000.0,21000000000.0,21000000000.0,2026-06-13,,
1211,Kryll,KRL,kryll,0.12812383623831594,0.00089615,-0.66607938,-2.29691918,5112444.540203445,590034.7413874,39902368.60137464,49417348.0,49417348.0,2026-06-13,,
1212,AVA,AVA,ava-sol,0.005115370978867873,-0.87982499,-2.96522315,10.07789011,5111258.926608692,605893.25425659,999196138.016936,999196138.016936,999995926.72,2026-06-13,,
1213,VNX Swiss Franc,VCHF,vnx-swiss-franc,1.2540213602339214,0.02545312,-0.03099791,-0.47250568,5103705.726464393,6631.89343834,4069871.44582,4069871.44582,,2026-06-13,,
1214,ULTILAND,ARTX,ultiland,0.08519149377649138,0.63270748,0.48897835,-37.18597183,5098140.372986151,1034497.49408143,59843302.975314,91116819.215314,280000000.0,2026-06-13,,
1215,Galeon,GALEON,galeon,0.006178734835414178,-0.60581959,-3.92982783,-2.06509984,5096087.880015317,49138.03136379,824778537.3158374,3931074356.4648747,4000000000.0,2026-06-13,,
1216,ALTSEASON,ALTSZN,altseason,0.005073994560135927,0.58815994,9.64480731,3.52332624,5073821.410071562,2380800.74305412,999965875.0,999965875.0,999965875.0,2026-06-13,,
1217,Klever Coin,KLV,klever,0.000570323059060017,0.00250928,-1.24935821,13.39575584,5064913.848363639,152697.32645193,8880780406.65482,10000000000.0,10000000000.0,2026-06-13,,
1218,Enzyme,MLN,enzyme,1.5412493207193172,2.95477499,3.61408891,4.43158975,5049607.122917883,2388054.51434059,3276307.7686621,3276927.38433402,,2026-06-13,,
1219,ANDY (ETH),ANDY,boysclubandy,5.038255766720375e-06,-0.01769755,1.02255376,12.60788052,5038255.766720375,39430.72937636,1000000000000.0,1000000000000.0,1000000000000.0,2026-06-13,,
1220,Mamo,MAMO,mamo,0.008445693395254064,0.38576244,1.86250375,10.50728062,5007616.011269821,893328.96853392,592919465.2133334,1000000000.0,1000000000.0,2026-06-13,,
1221,MESSIER,M87,messier,5.641705338369931e-06,-0.20609023,4.05064443,20.08902899,4992042.060180714,152943.64025692,884846293944.0,884846293944.0,884846293944.0,2026-06-13,,
1222,Neon EVM,NEON,neon,0.02076866853114972,0.95298729,-2.19157502,-2.98768554,4973380.154900083,446342.73567526,239465527.0,1000000000.0,1000000000.0,2026-06-13,,
1223,Eli Lilly Tokenized Stock (Ondo),LLYon,eli-lilly-tokenized-stock-ondo,1140.8937021414224,0.1247031,-1.76292847,1.01152153,4965480.283268149,2738938.12818553,4352.27249826,4352.27249826,,2026-06-13,,
1224,Venus LINK,vLINK,venus-link,0.16063375790225298,-0.46364267,-0.05950801,8.17113278,4964757.673217398,0.0,30907312.0,30907312.0,,2026-06-13,,
1225,AIVille Governance Token,AIV,aiville,0.001784853073297415,-1.90367323,-0.65905717,3.90323863,4956822.561038649,1955.92633888,2777160000.0,10000000000.0,10000000000.0,2026-06-13,,
1226,NEM,XEM,nem,0.0005410634907916929,-1.6887127,-1.57884822,0.26898321,4869571.416584172,321977.13865401,8999999999.0,8999999999.0,8999999999.0,2026-06-13,,
1227,Pkoin,PKOIN,pocketnet,0.35535549618888673,0.00150124,-1.52903951,-0.24039117,4948032.826856884,36708.74878944,13924177.0,16609085.0,24375000.0,2026-06-13,,
1228,NeuralAI,NEURAL,neuralai,0.49394949934735394,-0.33339646,-1.53202513,17.99640566,4939494.993473539,93714.09475312,10000000.0,10000000.0,,2026-06-13,,
1229,Solv Protocol,SOLV,solv-protocol,0.0033224954380518226,-0.30610987,-0.31691232,1.35515186,4925931.736455632,4732438.31742099,1482600000.0,9660000000.0,9660000000.0,2026-06-13,,
1230,Broccoli (firstbroccoli.com),BROCCOLI,broccoli,0.00490765713180354,-0.8515336,-9.89513731,14.24771506,4907657.13180354,2700870.76922009,1000000000.0,1000000000.0,1000000000.0,2026-06-13,,
1231,ParagonsDAO,PDT,paragonsdao,0.0593970049340001,0.0,3.31071651,9.29512001,4896954.963361636,0.0,82444476.262784,84581812.59769794,162500000.0,2026-06-13,,
1232,Splintershards,SPS,splintershards,0.003214044181886483,0.0630327,-2.17886838,-5.72090024,4891035.619705146,1805.75099798,1521769877.1130002,2752563313.764,3000000000.0,2026-06-13,,
1233,CloakCoin,CLOAK,cloakcoin,0.7881869751918534,-0.3052046,3.62103886,18.05652429,4852438.540891712,31.41705668,6156456.13746735,6156456.13746735,,2026-06-13,,
1234,Highstreet,HIGH,highstreet,0.05023894985729589,0.16415242,2.22264439,-32.82831183,4842462.466398239,14212542.14096821,96388608.4433152,100000000.0,100000000.0,2026-06-13,,
1235,Nomina,NOM,nomina,0.0016644988350136337,-0.68202365,-1.17381699,-4.18548872,4827046.621539538,5941238.18961267,2900000000.0,7500000000.0,7500000000.0,2026-06-13,,
1236,PumpBTC (Governance token),PUMP,pumpbtc-pump,0.00963464056698847,-1.07840819,-1.07623602,0.41232372,4811180.691166208,2707723.97166735,499362758.5497,1000000000.0,1000000000.0,2026-06-13,,
1237,Telos,TLOS,telos,0.010672085533977513,-0.21106858,4.24534444,-13.32300221,4806821.382063303,840841.56957308,450410687.46680003,467702819.9324,,2026-06-13,,
1238,SpaceX tokenized stock (PreStocks),SPACEX,spacex-tokenized-stock-prestocks,545.6515918787894,-5.64712656,-23.1625549,-21.86950232,4770490.3791817,2392566.94464553,8742.74069788,8742.74069788,,2026-06-13,,
1239,Daddy Tate,DADDY,daddy-tate,0.008013090554911666,0.11303072,-0.80364287,15.27837771,4804796.359204937,125722.2374019,599618377.738139,599618377.738139,999689062.0,2026-06-13,,
1240,Rain Coin,RAIN,rain-coin,4.786195214620952,-0.62050281,-0.7829285,4.14022087,4786195.214620952,7949.4893231,1000000.0,1000000.0,1000000.0,2026-06-13,,
1241,Open Loot,OL,open-loot,0.005991213364228426,-0.62846278,-4.87076489,5.90643791,4744794.356853861,492747.85369448,791958835.1140146,5000000000.0,5000000000.0,2026-06-13,,
1242,Hey Anon,ANON,hey-anon,0.34264833728492033,-1.09891324,-12.65051772,-1.90413957,4749000.782412388,521748.71747296,13859693.060362,20961083.951299,20961083.951299,2026-06-13,,
1243,Ski Mask Dog,SKI,ski-mask-dog,0.004779099470023323,-0.66620577,-1.85265691,12.78943607,4728426.9029603405,119591.56813966,989397047.0,1000000000.0,1000000000.0,2026-06-13,,
1244,crow with knife,CAW,crow-with-knife,6.136185915663692e-09,0.93654146,5.72575809,3.71788091,4724012.665773673,67311.15816084,769861397731578.0,777777777777777.0,777777777777777.0,2026-06-13,,
1245,Covalent X Token,CXT,covalent-x,0.004881838770929463,0.09408929,0.14417545,-2.39114079,4721452.552307313,337144.68245904,967146350.7608603,1000000000.0,1000000000.0,2026-06-13,,
1246,doginme,DOGINME,doginme,6.965227138512375e-05,-0.42985164,1.16730539,12.60278195,4709834.915250162,232857.96598679,67619258088.6326,67619258088.6326,69000000000.0,2026-06-13,,
1247,Unibright,UBT,unibright,0.031435334936377304,0.00054516,-6.43316714,23.72220318,4715300.216675555,1.21889866,149999999.24349335,150000000.0,150000000.0,2026-06-13,,
1248,SUNDOG,SUNDOG,sundog,0.004738593405612988,0.13204365,-3.83221832,-1.92422624,4726370.70621411,4576891.24544012,997420606.0,1000000000.0,1000000000.0,2026-06-13,,
1249,Obyte,GBYTE,obyte,5.2720374583467775,5.27964056,-5.00324697,13.59964983,4925382.152348485,14499.47446266,934246.42583875,1000000.0,1000000.0,2026-06-13,,
1250,Lava Network,LAVA,lava-network,0.017761563818527268,0.09407046,5.09681097,5.32308965,4698048.565079932,379071.70723356,264506471.0,962506927.519918,,2026-06-13,,
1251,Ika,IKA,ika,0.0015641982067833382,-0.30682417,-1.46059722,-17.67103719,4692594.620350014,558814.99113816,3000000000.0,10291666666.6667,,2026-06-13,,
1252,Cratos,CRTS,cratos,7.311865414432826e-05,0.75808937,2.22011067,3.89004542,4670514.487899096,441673.72194043,63875826799.0,100000000000.0,100000000000.0,2026-06-13,,
1253,GamerCoin,GHX,gamercoin,0.007131614670468115,-0.05594746,3.53862834,2.5652505,4635300.809016563,340876.6633607,649965123.3557609,808000000.0,808000000.0,2026-06-13,,
1254,TrustSwap,SWAP,trustswap,0.046336833034919055,-0.18260729,0.81583233,2.70285887,4633459.218567349,304404.65620649,99995164.0,99995164.26708125,,2026-06-13,,
1255,MonaCoin,MONA,monacoin,0.07042009154142699,-0.02029431,-1.43818689,4.31022228,4628689.721415884,10132.26111204,65729674.871168,65729674.871168,105120000.0,2026-06-13,,
1256,Bulla,BULLA,bulla-mascot,0.004618588644656554,-0.6598147,-8.18629524,8.92812274,4618588.644656554,803115.51033412,1000000000.0,1000000000.0,1000000000.0,2026-06-13,,
1257,Qualcomm Tokenized Stock (Ondo),QCOMon,qualcomm-tokenized-stock-ondo,214.59155659263524,0.0830178,4.29851944,-0.70074055,4613423.905954811,1440704.474235,21498.62734214,21498.62734214,,2026-06-13,,
1258,inSure DeFi,SURE,insure,0.0001719962508640214,0.0,29.25630338,5.37504213,4607790.426448828,0.0,26790063174.642704,88000000000.0,88000000000.0,2026-06-13,,
1259,BTSE Token,BTSE,btse,1.0521186010859211,-0.48513222,-0.62067909,3.7522585,4581672.445453472,2930976.32298884,4354711.0,165904711.0,,2026-06-13,,
1260,Ref Finance,REF,ref-finance,0.04765574262528813,0.04130205,-1.91077664,1.16660072,4574721.773212506,27.70692883,95995183.81620954,99990506.14259167,99990506.14259167,2026-06-13,,
1261,Purple Pepe,$PURPE,purple-pepe,1.0962653560974014e-05,-0.22400419,0.15510086,19.4841128,4573770.370998841,221061.30226224,417213801892.0,420683240832.10004,420690000000.0,2026-06-13,,
1262,SpaceChain,SPC,spacechain,0.014855645778400007,0.0,0.51609592,4.49504304,4563397.826121889,0.0,307182730.0,391259213.0,,2026-06-13,,
1263,Altura,ALU,altura,0.004607320319469128,-0.92719711,0.14906878,21.24217654,4561247.116274437,1802432.79634975,990000000.0,990000000.0,990000000.0,2026-06-13,,
1264,CateCoin,CATE,catecoin,7.95620713276632e-08,-0.00126922,-0.83626819,3.80448273,4556765.74702375,525.52584925,57273090946281.0,60000000000000.0,,2026-06-13,,
1265,Soil,SOIL,soil,0.0654073053097791,-0.09240449,0.24176957,-2.71892739,4552782.172475454,115058.82800304,69606631.10814266,99000000.0,100000000.0,2026-06-13,,
1266,Bitlight,LIGHT,bitlight,0.10513381586285435,-1.17141082,-3.13955119,9.12980938,4526743.765860075,4164825.11293335,43056972.0,420000000.0,420000000.0,2026-06-13,,
1267,Zypher Network,POP,zypher-network,0.001889396986385141,-0.25645653,-0.24322924,4.46376906,4510935.306883921,1332271.60217115,2387500001.0,10000000000.0,10000000000.0,2026-06-13,,
1268,Fwog (SOL),FWOG,fwog-solana,0.004593617192095728,-0.47229725,-1.43712203,4.08706594,4481695.215916755,1888664.09864384,975635328.0,975635328.0,975635328.0,2026-06-13,,
1269,McDull,MCDULL,mcdull,5.91279143879853e-07,0.0,-0.34915402,-1.4798543,4467442.420424636,0.0,7555555555554.0,8888888888888.0,8888888888888.0,2026-06-13,,
1270,Avalon Labs (AVL),AVL,avalon-labs-avl,0.02746831676295939,-0.20323499,-0.84869266,0.2436732,4441187.272565693,6305379.17862543,161683998.0,162250000.8,1000000000.0,2026-06-13,,
1271,NFPrompt,NFP,nfprompt,0.007570401078242354,-0.87332165,-6.11622905,-11.49391748,4433598.6622423725,4027304.10324481,585649111.1131111,946000000.0,1000000000.0,2026-06-13,,
1272,NKN,NKN,nkn,0.005527151111276587,-4.41099341,-8.07037329,-26.34246356,4430726.440638838,705584.54659577,801629329.728148,801629329.728148,1000000000.0,2026-06-13,,
1273,Amaterasu Omikami,OMIKAMI,amaterasu-omikami,0.004666383921769919,0.00533231,-0.8662274,-0.44603703,4418953.632032214,87860.14162834,946976011.0,999476011.0,1000000000.0,2026-06-13,,
1274,Nine Chronicles,WNCG,wrapped-ncg,0.006999644518059461,3.51653401,47.63640106,38.3214375,4411096.594762469,4787159.52132705,630188659.35,723789440.0,1000000000.0,2026-06-13,,
1275,PepeFork,PORK,pepefork,1.0830867954320867e-08,-0.07661345,3.51074592,2.98135236,4414940.473969858,58681.21707769,407625731620941.9,420690000000000.0,420690000000000.0,2026-06-13,,
1276,Bitrue Coin,BTR,bitrue-coin,0.012252377277885008,-0.88319122,1.28823028,8.89227382,4393692.115950005,381724.83915876,358599153.1521334,801307097.3484074,1000000000.0,2026-06-13,,
1277,Oraichain,ORAI,oraichain-token,0.31670640590899524,-0.2341823,0.22425557,0.06295183,4378054.343364177,144625.67067466,13823700.0,18014986.26,19779272.0,2026-06-13,,
1278,Depinsim,ESIM,depinsim,0.03234464692938588,5.75971688,34.1953438,26.04034489,4350355.012002401,1298161.5371577,134500000.0,1000000000.0,1000000000.0,2026-06-13,,
1279,LeverUp,LV,leverup,0.048399230100853154,0.0,-1.96353884,7.748635,4355930.709076784,0.0,90000000.0,1000000000.0,1000000000.0,2026-06-13,,
1280,Milady Meme Coin,LADYS,milady-meme-coin,5.909220158149216e-09,0.01853464,-4.68508506,4.86855337,4339530.5079429,590349.21352371,734366023232083.0,888000888000888.0,888000888000888.0,2026-06-13,,
1281,Eclipse,ES,eclipse-xyz,0.032662448010181824,6.54518308,20.85950159,-54.07246919,4332603.830911878,5249311.18972864,132647860.0,1000000000.0,1000000000.0,2026-06-13,,
1282,Viction,VIC,viction,0.03374905271782632,-0.54411372,-4.95315463,-27.72016058,4281561.943123469,10851686.92480984,126864655.4,210000000.0,210000000.0,2026-06-13,,
1283,Minima,MINIMA,minima-global,0.007727870714225335,-0.24749988,-4.64835771,-1.22737848,4276348.015289074,107863.58680702,553366920.0,999978211.0,1000000000.0,2026-06-13,,
1284,Graphite Protocol,GP,graphite-protocol,0.12266147253732483,0.64032766,5.76883559,0.63737706,4238676.234540216,478894.97492508,34555889.04046805,58649022.44242622,,2026-06-13,,
1285,Suku,SUKU,suku,0.006559995520686096,-0.05739005,-0.39426137,2.44075336,4244614.226261759,162781.10518635,647045293.3812101,1500000000.0,,2026-06-13,,
1286,DIMO,DIMO,dimo,0.00848136263146741,0.1868531,-5.11708878,-2.80018078,4234112.498811857,55640.27735351,499225499.815622,1000000000.0,1000000000.0,2026-06-13,,
1287,Alephium,ALPH,alephium,0.031551653614926616,-0.02877085,-5.34252081,-5.34082419,4229788.9219096815,184318.99595441,134059183.50690284,222005218.74979457,,2026-06-13,,
1288,PlatON,LAT,platon,0.0006108724985135115,-1.2068708,-1.74130371,-21.44470195,4220611.006636129,1159555.21159738,6909152101.14468,10250000000.0,,2026-06-13,,
1289,Lockheed Tokenized Stock (Ondo),LMTon,lockheed-tokenized-stock-ondo,550.3267860562928,0.00577743,-0.91652639,3.70729798,4217934.1923695225,2252577.94997426,7664.4173957,7664.4173957,,2026-06-13,,
1290,Diamond,DMD,diamond,1.1405005897945615,-0.01463721,0.54865842,4.71168305,4212396.396732113,45700.31938349,3693462.70788943,4380000.0,4380000.0,2026-06-13,,
1291,Occidental Petroleum Tokenized Stock (Ondo),OXYon,occidental-petroleum-tokenized-stock-ondo,56.849300033860395,0.02638974,1.45097054,-1.12367122,4204970.486415718,2789454.04781426,73966.97028655,73966.97028655,,2026-06-13,,
1292,Nobody Sausage,NOBODY,nobody-sausage,0.004480103998246637,-0.53898595,-2.41602901,-17.03358833,4193674.479746008,221743.50973292,936066323.77,936066323.77,936066323.77,2026-06-13,,
1293,Yee Token,YEE,yee-token,0.00419129858012277,3.9701705,-6.68009489,-0.47181133,4191298.58012277,496292.9180944,1000000000.0,1000000000.0,1000000000.0,2026-06-13,,
1294,PRIZM,PZM,prizm,0.000889356045537169,-0.010005,9.80153965,4.65968988,4185145.0468394463,48.73701923,4705815030.82,4705815030.82,6000000000.0,2026-06-13,,
1295,Robinhood Markets Tokenized Stock (Ondo),HOODon,robinhood-markets-tokenized-stock-ondo,92.63568180638957,-0.01341843,0.30493216,15.56364848,4180334.525247806,2770991.96604015,45126.61259389,45126.61259389,,2026-06-13,,
1296,Tokemak,TOKE,tokemak,0.046636049050286316,0.00247518,1.97339856,20.82130593,4179435.5619726004,1815.98391544,89618131.19001643,100000000.0,100000000.0,2026-06-13,,
1297,AC Milan Fan Token,ACM,ac-milan-fan-token,0.3059307434897514,-0.36789557,-1.84173704,1.91933424,4170962.470762841,2243234.74661056,13633682.0,19920000.0,19920000.0,2026-06-13,,
1298,MECCA,MEA,mecca,0.0025693807248562683,-0.20168684,-0.84462335,-2.1592485,4165819.4014460747,183708.31924343,1621332082.530942,3999998752.530942,100000000000.0,2026-06-13,,
1299,Australian Digital Dollar,AUDD,novatti-australian-digital-dollar,0.7065684035240262,0.10361629,0.42312186,-0.63184123,4147076.0621716375,40403.65868218,5869320.0,5670229.704638,,2026-06-13,,
1300,Keyboard Cat,KEYCAT,keyboard-cat,0.00041482601714860407,3.30818451,2.82063283,7.25916396,4148260.1714860406,1918957.69056216,10000000000.0,10000000000.0,10000000000.0,2026-06-13,,
1301,DAR Open Network,D,mines-of-dalarnia,0.005547162981101424,1.32655458,6.99078549,-3.63214712,4124423.613146195,19317677.35539529,743519458.0,800000000.0,800000000.0,2026-06-13,,
1302,Manyu (manyushiba.com),MANYU,manyu-ethereum,4.118528370434518e-09,1.522595,-5.6128055,3.44400722,4118528.370434518,2124570.67318742,1000000000000000.0,1000000000000000.0,1000000000000000.0,2026-06-13,,
1303,Kekius Maximus (kekiusmaximus.vip),KEKIUS,kekius-maximus-vip,0.004110669477655722,0.20663911,-6.04180616,-2.67058738,4110669.477655722,2402227.84411635,1000000000.0,1000000000.0,,2026-06-13,,
1304,Propchain,PROPC,propchain,0.09560640100980444,-0.1302888,-4.13098563,-11.06972278,4098750.70907768,74237.67568922,42871090.90799635,63763337.0,100000000.0,2026-06-13,,
1305,SyncGPT,SYNC,sync-gpt,0.02042349035828648,0.00338724,0.08099568,-0.01976102,4084698.071657296,0.0,200000000.0,1000000000.0,1000000000.0,2026-06-13,,
1306,Ycash (y.cash),YEC,ycash,0.2427680618024529,-0.81264642,1.63220452,-8.01182132,4067961.9938476305,1820.99353685,16756578.125,16756578.125,21000000.0,2026-06-13,,
1307,Steem Dollars,SBD,steem-dollars,0.41517288718226253,-2.96443288,0.08361041,-12.18412782,4069379.385698363,1375827.11147855,9801650.135,9801650.135,,2026-06-13,,
1308,LOFI,LOFI,lofitheyeti,0.004041919503725321,-0.04433423,0.91106125,29.92949721,4041919.503725321,23859.02628153,1000000000.0,1000000000.0,1000000000.0,2026-06-13,,
1309,Rayls,RLS,rayls,0.0026895419075562343,-0.06980708,-1.4089546,-7.84051692,4034312.8613343514,1270864.52108558,1500000000.0,9971791866.82472,10000000000.0,2026-06-13,,
1310,GameStop (gamestop-coin.vip),GME,gamestop,9.806481848203111e-06,-0.08633639,-0.06791691,-3.01955115,4033381.311312578,36650.72372463,411297484026.0,411297484026.0,420690000000.0,2026-06-13,,
1311,Stonks,STNK,stonks,6.923795048497265,0.00912517,3.84956957,14.0313132,4028797.252460937,71297.58182806,581877.02325697,581877.02325697,581918.12,2026-06-13,,
1312,Jager Hunter,JAGER,jager-hunter,3.04029570117176e-10,0.63481244,-0.54276652,-1.51112532,4015119.7598880073,191060.01440001,1.3206346206194814e+16,1.3206346206194814e+16,1.46e+16,2026-06-13,,
1313,Inflation Hedging Coin,IHC,inflation-hedging-coin,3.345709712954626e-05,0.14606,-1.06389787,3.40186185,4002907.0611332464,1212.27784503,119642987723.47,621439126933.0,1000000000000.0,2026-06-13,,
1314,Minutes Network Token,MNTX,minutes-network-token,0.051494755139582744,0.19719969,1.18022879,19.6387559,3999660.403797907,66656.76481696,77671219.0,93328736.60546489,500000000.0,2026-06-13,,
1315,Star Atlas DAO,POLIS,star-atlas-polis,0.011566104657217432,-0.01742965,-1.13217942,20.39970741,3980966.6945147794,28405.67748665,344192518.7864,360000000.0,,2026-06-13,,
1316,Koma Inu,KOMA,koma-inu,0.006524135119077579,-1.30457263,-7.52822855,9.25354623,3931076.769808104,1119827.00051338,602543739.2173297,605954353.425861,1000000000.0,2026-06-13,,
1317,Bluzelle,BLZ,bluzelle,0.008332293026754374,-0.44027619,1.70846728,0.41755492,3928014.784500946,107930.88342011,471420624.77740306,500000000.0,,2026-06-13,,
1318,Helium Mobile,MOBILE,helium-mobile,4.382067613261805e-05,-1.30628577,1.62425867,-38.79167021,3912309.9651201395,46072.2170778,89280000000.0,100880000000.0,,2026-06-13,,
1319,DaGama World,DGMA,dagama-world,0.030037255001775433,0.16340709,-0.86877534,-24.92101646,3904795.3897013958,165850.72276715,129998409.95692158,700000000.0,700000000.0,2026-06-13,,
1320,Tectum,TET,tectum,0.3910910730337571,-0.0812054,0.88645021,6.51990877,3885297.7163459803,24055.36607791,9934508.82477857,10000000.0,10000000.0,2026-06-13,,
1321,CLV,CLV,clover,0.003185291605037673,-1.03426993,-13.17384683,22.52206597,3899245.824526718,145597.60909212,1224140929.0,2000000000.0,,2026-06-13,,
1322,ASD,ASD,bitmax-token,0.005886800675242683,0.33794463,-9.30931491,-4.12101228,3888910.44105883,1198270.59851946,660615274.0,780615274.0,,2026-06-13,,
1323,VestChain,VEST,vestchain,0.0009827243706142237,0.0,0.0,0.0,3877782.587367552,0.0,3945951381.0,3945951381.0,,2026-06-13,,
1324,Unstable Coin (usduc.io),USDUC,unstable-coin-sol,0.0038898877302417797,0.04645311,-1.40477474,7.81440412,3889561.890746878,1036882.6465935,999916234.216127,999916234.216127,1000000000.0,2026-06-13,,
1325,Gearbox Protocol,GEAR,gearbox-protocol,0.000387479121930327,0.00164591,14.76388043,16.34575568,3874791.21930327,1850.27846699,10000000000.0,10000000000.0,10000000000.0,2026-06-13,,
1326,Alitas,ALT,alitas,0.006370271239355068,0.13058017,-0.15679139,15.54861231,3842236.6850100555,1990.37456749,603151191.0,1000000000.0,1000000000.0,2026-06-13,,
1327,SpaceN,SN,spacen,0.09612301947309,-0.40792541,0.38686216,4.5949082,3845882.009118331,0.0,40010000.0,1000000000.0,1000000000.0,2026-06-13,,
1328,PussFi,PUSS,pussfi,0.004355421825550754,-0.0216029,-1.27241919,-1.78004077,3827651.9351347694,943435.09012883,878824621.0,1000000000.0,1000000000.0,2026-06-13,,
1329,Portugal National Team Fan Token,POR,portugal-national-team-fan-token,0.29495330653909435,-0.06926667,-1.16233039,-11.51413851,3823896.5623877626,599983.8617973,12964413.2736004,19930000.0,20000000.0,2026-06-13,,
1330,The White Whale,WHITEWHALE,the-white-whale,0.0038329412623534453,-0.43079985,-2.76782045,10.48344112,3832261.214248796,885766.09022341,999822578.0,999822578.0,999822578.0,2026-06-13,,
1331,Arsenal Fan Token,AFC,arsenal-fan-token,0.17009097118154431,0.30984247,0.93652336,-3.25722924,3818358.9494168204,1237665.45808073,22448922.02621,39266147.13,40000000.0,2026-06-13,,
1332,Humans.ai,HEART,humans-ai,0.000488734177972064,0.53601346,0.39490834,18.78246255,3812126.588182099,99367.63601647,7800000000.0,7800000000.0,7800000000.0,2026-06-13,,
1333,Portal To Bitcoin,PTB,portaltobitcoin,0.0005407068208593326,-2.05165863,-3.78453297,-2.18839932,3806761.6000360027,1522397.50693953,7040343219.613924,7345099251.025996,8400000000.0,2026-06-13,,
1334,Quantoz EURQ,EURQ,quantoz-eurq,1.134797010378093,0.79979013,0.0104901,-1.19618262,3801870.705974362,8282575.0964204,3350265.0,5000000.0,,2026-06-13,,
1335,EarthMeta,EMT,earthmeta,0.002643485728449809,0.09187781,-6.01916482,-26.43300617,3800115.5929226405,27087.70214233,1437539666.67,2100000000.0,2100000000.0,2026-06-13,,
1336,Coca-Cola Tokenized Stock (Ondo),KOon,coca-cola-tokenized-stock-ondo,83.7860541127463,-0.04484871,0.20431888,3.9774164,3799367.9536315706,1778074.8820075,45346.06616656,45346.06616656,,2026-06-13,,
1337,OctaSpace,OCTA,octaspace,0.09487061523999246,-0.06531318,4.63056502,7.57172734,3793340.074212423,158233.06953105,39984352.0,44548869.53804643,48000000.0,2026-06-13,,
1338,Solana Name Service,SNS,sns,0.0008374875262543517,-0.18321661,-7.81956805,9.19501369,3768693.8681445825,176301.73453154,4500000000.0,10000000000.0,10000000000.0,2026-06-13,,
1339,Nakamoto Games,NAKA,nakamoto-games,0.03860427668722653,0.05490813,-3.46977459,-19.68423613,3760056.549335864,900095.3224075,97400000.0,180000000.0,180000000.0,2026-06-13,,
1340,Forest Protocol,FOREST,forest-protocol,0.033367123301965215,-0.13168039,-8.62396134,4.80195536,3752003.4015166224,665379.36471119,112446115.52400868,1000000000.0,1000000000.0,2026-06-13,,
1341,BeatSwap,BTX,beatswap,0.01657322453593798,-0.08264651,0.54548971,-6.12163538,3724919.107868303,270656.19129291,224755243.0,1500000000.0,1500000000.0,2026-06-13,,
1342,Harvest Finance,FARM,harvest-finance,5.522507152612212,0.01512547,-3.3323252,11.31991473,3712137.914430101,256974.88523745,672183.450713,690420.0,,2026-06-13,,
1343,Moonchain,MCH,moonchain,0.014705211282364662,0.1015132,36.9948295,-2.3493007,3668214.954385865,2647.88940148,249450000.0,999999999.0,999999999.0,2026-06-13,,
1344,Infrared,IR,infrared,0.01789279187010296,-5.01188311,0.53721368,6.46453099,3668022.333371107,2120627.70751506,205000000.0,1000000000.0,1000000000.0,2026-06-13,,
1345,Ancient8,A8,ancient8,0.006625818113366912,-0.02610576,-0.88260741,-4.76082332,3648709.7196363495,4066719.86009391,550680634.03,1000000000.0,1000000000.0,2026-06-13,,
1346,Venus LTC,vLTC,venus-ltc,0.880153096242124,0.03304056,1.67188247,1.04952307,3645926.822505257,0.0,4142378.0,4142378.0,,2026-06-13,,
1347,ASML Holding NV Tokenized Stock (Ondo),ASMLon,asml-holding-nv-tokenized-stock-ondo,1878.0672582018512,-0.22537166,-1.52233693,13.48849826,3642573.695389808,2387097.70721785,1939.53314477,1939.53314477,,2026-06-13,,
1348,Verified USD,USDV,verified-usd,0.21236572443587434,0.0,0.45712852,3.38927252,3640333.960620737,0.0,17141815.0,17141815.0,,2026-06-13,,
1349,Swell Network,SWELL,swell-network,0.0007330067665464912,0.12566114,-3.38310423,-10.7147954,3623513.509089601,1652735.61679189,4943356152.306104,10000000000.0,10000000000.0,2026-06-13,,
1350,IBM Tokenized Stock (Ondo),IBMon,ibm-tokenized-stock-ondo,276.90919424563884,-0.1883459,-1.70870161,-3.13227453,3609339.9690906005,1969098.90109288,13034.38110433,13034.38110433,,2026-06-13,,
1351,Dent,DENT,dent,3.603664449405894e-05,0.733543,2.73867416,-4.13378439,3603664.449405892,868343.44048745,99999999999.99994,99999999999.99994,100000000000.0,2026-06-13,,
1352,Shadow Token,SHDW,genesysgo-shadow,0.021293679906488585,-0.9478261,-0.14570886,-0.58530775,3599817.159895824,9034.40532793,169055662.32349026,169055662.32349026,,2026-06-13,,
1353,DACXI,DXI,dacxi,0.0004277450860779593,1.42393748,1.50026323,2.33430104,3592541.465465597,229945.63316435,8398790734.0,10000000000.0,,2026-06-13,,
1354,Asteroid (Asteroid OG),ASTEROID,asteroideth-site,0.003591697074351255,2.43577574,-6.47205811,29.83446258,3591697.074351255,650224.24094152,1000000000.0,1000000000.0,1000000000.0,2026-06-13,,
1355,NATIX Network,NATIX,natix-network,8.844456554665482e-05,-0.24635638,-8.92311897,0.56992663,3591130.1320937406,64383.10858744,40603174541.0,99991483316.62,100000000000.0,2026-06-13,,
1356,Impossible Finance Launchpad,IDIA,impossible-decentralized-incubator-access,0.005269876650323728,0.0,-0.33419771,0.75038015,3583516.122220135,0.0,680000000.0,1000000000.0,1000000000.0,2026-06-13,,
1357,Oasys,OAS,oasys,0.0005334280905296506,-0.04567927,-0.06767258,3.71060883,3582379.830174995,144668.56804548,6715768992.626511,10000000000.0,10000000000.0,2026-06-13,,
1358,Shapeshift FOX Token,FOX,fox-token,0.004629465904594391,0.01750601,-0.7621051,4.87882338,3575274.0943999905,14016.66033557,772286516.0,999089275.0,,2026-06-13,,
1359,BNBTiger,BNBTIGER,bnbtiger,8.39496e-19,-1.2357808,-0.06001629,10.459982,3564287.023843805,23899.47440603,4.2457462856807e+24,4.2457462856807e+24,1e+25,2026-06-13,,
1360,Fei USD,FEI,fei-usd,0.999886771981017,0.0,-0.06489139,0.06258924,3548647.4700676994,0.0,3549049.32189169,3804031.29781016,,2026-06-13,,
1361,Tectonic,TONIC,tectonic,1.4318823218688868e-08,0.17624219,-0.33601618,2.33123925,3547257.6316982866,10691.89631385,247733879909099.0,500000000000000.0,,2026-06-13,,
1362,CeluvPlay,CELB,celuvplay,0.01485289494360667,5.93309051,0.04318238,78.69983609,3546128.6677860925,968.92142819,238750000.0,5000000000.0,5000000000.0,2026-06-13,,
1363,ABBC Coin,ABBC,abbc-coin,0.0038968466093227,-0.00077989,-2.54020266,-6.1880216,3527831.19568052,6.88581391,905304095.6861483,907217636.86,1225109279.0,2026-06-13,,
1364,Sui Name Service,NS,sui-name-service,0.011776121378719416,0.01831608,2.04241873,3.82661753,3525571.6161441775,183361.41396767,299383090.8125,500000000.0,500000000.0,2026-06-13,,
1365,Vameon,VON,vameon,7.039726243529008e-06,0.07805426,-0.6664269,-1.94657445,3519863.121764504,89843.85428757,500000000000.0,1000000000000.0,1000000000000.0,2026-06-13,,
1366,Lingo,LINGO,lingo,0.007250717632860821,0.06222466,-0.91262443,-0.33190953,3525343.3817481734,169040.31386385,486206133.0,486206133.0,1000000000.0,2026-06-13,,
1367,Suilend,SEND,suilend,0.04972845598980054,0.29365559,0.64474946,-2.22977984,3503396.4880601927,84612.51499375,70450538.19444445,100000000.0,100000000.0,2026-06-13,,
1368,Decentrawood,DEOD,decentrawood,0.007464594489174278,0.120574,0.40208635,12.14730801,3466517.73788407,307269.99192643,464394649.02098525,1890000000.0,1890000000.0,2026-06-13,,
1369,QuStream,QST,qustream,0.004606778456296481,0.0,5.33796332,39.74588405,3462041.5407430283,0.0,751510317.58672,999983708.345397,999985719.0,2026-06-13,,
1370,Cryptex Finance,CTX,cryptex-finance,0.34729153333603574,-8.07546007,-6.94975972,13.62918611,3243214.841469209,1504607.03634533,9338594.61045688,10000000.0,,2026-06-13,,
1371,MEVerse,MEV,meverse,0.0019986223216890402,0.0,3.25307135,-0.04754941,3450911.310197557,43849.56987543,1726645035.8070574,1999999999.99999,,2026-06-13,,
1372,The Arena,ARENA,the-arena,0.0005732289785541294,-0.42190295,-0.13262695,11.23968045,3430588.9816308403,17829.13847267,5984674728.559442,10000000000.0,10000000000.0,2026-06-13,,
1373,iShares Russell 2000 Tokenized ETF (Ondo),IWMon,ishares-russell-2000-tokenized-etf-ondo,294.9099917507264,-0.1310353,1.11552608,3.79663916,3429680.3740611803,724656.74938693,11629.58350004,11629.58350004,,2026-06-13,,
1374,Coreum,COREUM,coreum,0.008908864362370717,-0.2003419,-7.28117099,-17.50566881,3428060.1633508424,326.62121275,384792048.0,897767382.677904,,2026-06-13,,
1375,BigONE Token,ONE,bigone-token,0.0003988983791971008,-0.02662209,-0.80216434,-1.37768278,3424212.188707753,0.0,8584171727.145089,8584171727.145089,13508522147.21,2026-06-13,,
1376,Nodle,NODL,nodleiot,0.0005629261829619584,0.0281657,0.15863629,4.6062763,3423829.8972424357,90452.49031889,6082200474.718037,7081623648.907853,,2026-06-13,,
1377,0x0.ai,0x0,0x0-ai-ai-smart-contract,0.003923716313307017,0.0,-0.51122208,-2.95005381,3407996.5975258052,0.0,868563455.0,1000000000.0,1000000000.0,2026-06-13,,
1378,ShareX,SHARE,sharex-network,0.18918803756408284,-0.13974854,-2.11553494,-9.53578078,3405384.6761534913,1403921.25365712,18000000.0,100000000.0,100000000.0,2026-06-13,,
1379,DeLorean,DMC,delorean,0.0004926781874764802,0.11771748,-3.86526545,-12.39090422,3398691.7632433902,2646354.99724076,6898401126.0,12800000000.0,12800000000.0,2026-06-13,,
1380,RIZE,RIZE,rize,0.0017208958589663382,0.14928847,-2.90091979,-15.00637914,3391610.502925752,55532.21465969,1970840062.897783,4944526168.760797,5000000000.0,2026-06-13,,
1381,CESS Network,CESS,cess-network,0.0012778294407160922,-0.38740082,-3.97422637,-1.35575398,3386248.0178976445,231585.13083539,2650000000.0,10000000000.0,10000000000.0,2026-06-13,,
1382,Observer,OBSR,observer,0.000520221878719324,1.01113529,4.24801481,6.06970265,3385125.835690195,62918.57920983,6507080871.0,14000000000.0,14000000000.0,2026-06-13,,
1383,Quq,QUQ,quq,0.003348596307111535,0.01042687,7.46348949,22.2051814,3348596.307111535,388356306.1328478,1000000000.0,1000000000.0,1000000000.0,2026-06-13,,
1384,Hyperion,RION,hyperion-xyz,0.1759416188231136,-0.39535925,-0.18467627,3.29373417,3342890.7576391585,233380.28133625,19000000.0,100000000.0,100000000.0,2026-06-13,,
1385,StrikeBit AI,STRIKE,strikebit-ai,0.015924618944344524,-0.916853,-4.58192379,-12.62088689,3342577.5164179155,243981.13243508,209900000.0,2000000000.0,2000000000.0,2026-06-13,,
1386,SPECTRE AI,SPECTRE,spectre-ai,0.3330519788762153,-0.1089052,1.27284697,19.47678385,3328245.376798407,214004.14752105,9993171.0,10000000.0,10000000.0,2026-06-13,,
1387,Wen,WEN,wen,4.5545992647248496e-06,-0.14939536,-1.1624484,-1.9950529,3314459.0914508724,172318.00079389,727716951329.0,727716951329.0,727716951329.0,2026-06-13,,
1388,iShares 0-3 Month Treasury Bond Tokenized ETF (Ondo),SGOVon,ishares-0-3-month-treasury-bond-tokenized-etf-ondo,100.80359372055607,-0.1530742,-0.02716506,-0.28168746,3315188.7763307802,852609.92893433,32887.60503441,32887.60503441,,2026-06-13,,
1389,MileVerse,MVC,mileverse,0.0011963936395557443,-1.827e-05,0.65903738,-3.99055664,3303278.7298257984,980574.71346461,2761029999.334,3000000000.0,3000000000.0,2026-06-13,,
1390,Blockchain Foundation for Innovation & Collaboration,BFIC,best-fintech-investment-coin,0.31190850065137987,-0.00080216,4.19182701,-28.53112647,3299500.3690945725,509.6887745,10578424.0,21000000.0,21000000.0,2026-06-13,,
1391,PaLM AI,PALM,palm-ai,0.04272257639200761,-0.08101098,-12.93177204,46.52696998,3295020.000683932,2782.06534699,77125966.61891283,77125966.61891283,,2026-06-13,,
1392,Bitcoin Gold,BTG,bitcoin-gold,0.1880481017229204,-1.56842034,-24.33482434,-12.7649153,3293460.084631727,3419.87728776,17513923.589,17513923.589,21000000.0,2026-06-13,,
1393,Epic Private Internet Cash,EPIC,epic-cash,0.18608224525777595,-2.21876433,-2.23776531,7.69121873,3215431.9754591323,3940.6962759,17279628.0,19275536.0,21000000.0,2026-06-13,,
1394,Xterio,XTER,xterio,0.016824613673431663,-1.72287269,94.56218653,75.60397535,3298825.3303270782,10989621.2607285,196071386.503,1000000000.0,1000000000.0,2026-06-13,,
1395,Pfizer Tokenized Stock (Ondo),PFEon,pfizer-tokenized-stock-ondo,27.609348694111425,0.14070501,-0.1215342,1.96892106,3282828.9282345725,1392382.59940015,118902.80225751,118902.80225751,,2026-06-13,,
1396,Djed,DJED,djed,0.9917977377999664,0.0,0.32932613,0.76020615,3266390.706287202,0.0,3293404.07,1000000000000.0,1000000000000.0,2026-06-13,,
1397,PinLink,PIN,pinlink,0.036874198380998716,-0.33725968,-0.96206349,13.19608313,3252548.8247632305,177126.00830726,88206631.4,100000000.0,100000000.0,2026-06-13,,
1398,Aleph Cloud,ALEPH,aleph-im,0.013111063641882782,-0.84097763,3.19631995,1.89322809,3241323.4749775957,181676.18977803,247220482.1448135,500000000.0,500000000.0,2026-06-13,,
1399,Ren,REN,ren,0.0032562232710261047,0.90250818,-0.23905935,12.74032798,3233032.485757422,6685.31710198,992878011.322186,999999632.80375,,2026-06-13,,
1400,Rainbow,RNBW,rainbow,0.015364521442007483,-1.64481194,0.40423073,-15.17158974,3226549.5028215717,984156.79769141,210000000.0,1000000000.0,1000000000.0,2026-06-13,,
1401,Parcl,PRCL,parcl,0.007758391010809814,0.27480061,-3.28453614,-6.00146637,3198664.0250854054,250080.24988665,412284457.0,1000000000.0,1000000000.0,2026-06-13,,
1402,Mitosis,MITO,mitosis,0.017636844288965635,-0.86156696,-6.63676939,-23.53418344,3197085.121014899,7900135.36732148,181273082.0,1000000000.0,1000000000.0,2026-06-13,,
1403,Star Atlas,ATLAS,star-atlas,0.00012769004418168193,-0.05038511,4.89203107,-0.54210431,3172607.8621711372,231850.22608958,24846164652.0933,36000000000.0,,2026-06-13,,
1404,Counterparty,XCP,counterparty,1.2231441468780389,0.0,-5.18120247,1.04126652,3166938.080904574,0.12231441,2589178.13488123,2589178.13488123,,2026-06-13,,
1405,Not Pixel,PX,not-pixel,0.016186247295721497,0.15801544,-10.46706609,-0.70756567,3163266.800581025,9779.99628951,195429289.0,225000000.0,225000000.0,2026-06-13,,
1406,Bellscoin,BELLS,bellscoin,0.05143270990879849,0.47963967,-1.35417682,9.43873792,3162216.267344305,11094.35301713,61482591.0,61482591.0,,2026-06-13,,
1407,Vertcoin,VTC,vertcoin,0.04246917864703976,-0.02591136,0.8425737,-5.9699734,3149868.7786986353,8564.0864594,74168347.0,74168347.0,84000000.0,2026-06-13,,
1408,Aavegotchi,GHST,aavegotchi,0.05961304060261189,-0.21432843,-0.43355178,2.29243539,3144456.815472766,187110.08789589,52747801.21406849,52747802.71425598,,2026-06-13,,
1409,Fautor,FTR,fautor,0.0019313863464870999,1.38408304,2.29015609,7.94717209,3141855.914337522,679.83022328,1626736111.1111112,2500000000.0,2500000000.0,2026-06-13,,
1410,Pundi AI,PUNDIAI,pundi-ai,0.44031399163443735,-0.51117317,-0.83318596,7.99337553,3107565.311127105,36771.01005367,7057612.0,8312980.0,18930226.0,2026-06-13,,
1411,Shido Network,SHIDO,shido-network,0.00013283146704046617,0.30685167,-0.35875045,1.54480259,3115768.9491863996,91222.00566911,23456557535.702007,24478654606.6064,,2026-06-13,,
1412,Kujira,KUJI,kujira,0.02536554234911332,0.0,-0.32284291,27.17637616,3103469.19818157,0.0,122349806.5,122349806.5,122349807.0,2026-06-13,,
1413,Vara Network,VARA,vara-network,0.0005199859425134922,-4.627e-05,-3.67451084,-5.8116765,3101512.4930386376,25194.2418437,5964608347.0,10032406684.0,,2026-06-13,,
1414,Cisco Systems Tokenized Stock (Ondo),CSCOon,cisco-systems-tokenized-stock-ondo,122.59118757013273,-0.00561258,-0.76714472,-0.08288421,3097656.388309108,1827636.94137275,25268.18158554,25268.18158554,,2026-06-13,,
1415,Liqwid Finance,LQ,liqwid-finance,0.1527191851848799,4.93217667,6.04232297,5.65354654,3076129.9993528137,300923.84862809,20142394.0,21000000.0,21000000.0,2026-06-13,,
1416,iShares Core S&P MidCap Tokenized ETF (Ondo),IJHon,ishares-core-sp-midcap-tokenized-etf-ondo,75.8004076301651,0.07313635,0.21604777,2.01413317,3071178.915238058,829795.52393175,40516.65434601,40516.65434601,,2026-06-13,,
1417,Electra Protocol,XEP,electra-protocol,0.0001665473972099619,0.29312375,-1.59788034,5.70110391,3069561.6418998614,108615.66335643,18430559068.0,18430559068.0,30000000560.0,2026-06-13,,
1418,Devve,DEVVE,devve,0.03171732732001894,-0.1193818,-14.47017017,12.63359101,3058937.167247072,350564.8297243,96443724.16323902,120000000.0,300000000.0,2026-06-13,,
1419,B-Lucky,LUCKY,b-lucky,0.0030253668399336194,-0.11821026,0.83667605,58.28653075,3025366.8399336194,16088.6260252,1000000000.0,1000000000.0,1000000000.0,2026-06-13,,
1420,Cross The Ages,CTA,cross-the-ages,0.006042497137366144,-0.91268572,1.06769115,4.26429722,3021248.568683072,377306.14665891,500000000.0,500000000.0,500000000.0,2026-06-13,,
1421,Alibaba Tokenized Stock (Ondo),BABAon,alibaba-tokenized-stock-ondo,113.25465281112473,0.17303215,0.75988946,-5.99220993,3017355.331491076,2344681.54351958,26642.21960508,26642.21960508,,2026-06-13,,
1422,KARRAT,KARRAT,karrat,0.0036523764077291032,-0.19424523,-3.77842352,-1.71420689,3017519.8684620243,99376.84704647,826179870.7483695,1000000000.0,1000000000.0,2026-06-13,,
1423,Dingocoin,DINGO,dingocoin,2.6199094600695246e-05,0.4660106,-0.0214061,11.41396059,3016117.025064639,172438.83727375,115122948752.0,115122948752.0,,2026-06-13,,
1424,401jK,401JK,401jk,0.0030159150548438284,-1.14508325,0.00676959,75.08105959,3015915.0548438285,92188.22197179,1000000000.0,1000000000.0,1000000000.0,2026-06-13,,
1425,ZenChain,ZTC,zenchain,0.0005400012145076382,-0.07899915,1.17016029,2.81314922,3010497.846280011,1142259.746431,5574983473.0,21000000000.0,21000000000.0,2026-06-13,,
1426,Cointel,COLS,cointel,0.003923828152081176,-0.27033509,-0.81965767,-0.19348915,3007013.289355136,824655.41695289,766346836.0,10000000000.0,10000000000.0,2026-06-13,,
1427,Dimitra,DMTR,dimitra,0.0061346628841376155,-0.02724119,1.94390235,-4.35557442,2984533.0106453863,182339.71617042,486503181.51344335,971071679.0,1000000000.0,2026-06-13,,
1428,STAT,STAT,stat,0.03329344920436054,-0.07536224,3.27312374,5.89602511,2960397.828769905,218662.77265435,88918327.7646755,96918327.764706,,2026-06-13,,
1429,PublicAI,PUBLIC,publicai,0.012336792530571222,-0.28591685,-3.677908,-9.45513777,2959067.7978297607,850649.38482359,239857142.0,1000000000.0,1000000000.0,2026-06-13,,
1430,Gems,GEMS,gems-vip,0.0049359769820954335,-0.32236215,-1.0224189,12.28893092,2955984.896873725,304182.22955602,598865211.0,838059738.7,843303980.0,2026-06-13,,
1431,Axiome,AXM,axiome,0.0029732502988445856,1.10515546,-0.13455274,-11.96910888,2954853.6161884097,15319.96377311,993812602.099687,1019283971.369895,1000000000.0,2026-06-13,,
1432,BitShares,BTS,bitshares,0.0009836884337645116,-0.29503724,-1.33260699,0.24399351,2946205.880430738,61578.40952634,2995060000.0,2995060000.0,3600570502.0,2026-06-13,,
1433,GmeStop,GME,gme,0.00042569428469683176,-0.37033544,0.29826186,-2.78752662,2930996.3415159658,680193.38778364,6885214218.0,6885214218.0,,2026-06-13,,
1434,BitForex Token,BF,bitforex-token,0.0006802506394761733,0.0,0.0,0.0,2917645.130705033,0.0,4289073705.17397,10000000000.0,,2026-06-13,,
1435,Palantir Technologies Tokenized Stock (Ondo),PLTRon,palantir-technologies-tokenized-stock-ondo,128.00248349844642,-0.00619907,-2.81098249,-3.38735981,2909217.5381901744,2626243.89431758,22727.82104439,22727.82104439,,2026-06-13,,
1436,Footballcoin (XFC),XFC,footballcoin,0.007355222216872236,0.09434446,-0.02623366,0.30263908,2907283.7463273196,46366.69345471,395267968.8804323,1000000000.0,,2026-06-13,,
1437,Cult DAO,CULT,cult-dao,6.718036103696442e-07,0.34831328,-0.15366804,6.74767636,2901312.0251019737,61055.78577309,4318690730920.0,4957113505372.0,6666666666666.0,2026-06-13,,
1438,Numbers Protocol,NUM,numbers-protocol,0.00320833131850224,0.4207792,-0.42702994,13.17963525,2891580.25246348,116769.9837916,901272333.0,911335317.0,1000000000.0,2026-06-13,,
1439,GAMEE,GMEE,gamee,0.0016421028829800126,-1.38570303,-0.94095901,4.63707305,2897170.575223057,285646.32746158,1764305151.18846,3180000000.0,,2026-06-13,,
1440,MATH,MATH,math,0.025188770454555608,-0.01261656,0.81756255,-2.07478134,2880491.1660670666,101785.78854213,114356164.04,200000000.0,,2026-06-13,,
1441,Freya Protocol,FREYA,freya-by-virtuals,0.005249784226036485,0.0,2.85554364,-3.93597662,2880031.286855161,0.0,548599935.3214457,548599935.3214457,1000000000.0,2026-06-13,,
1442,375ai,EAT,375ai,0.013434844283509644,-1.19822818,5.25021063,-8.59086777,2863585.8963662954,211889.24452599,213146191.79331702,999998043.7933258,1000000000.0,2026-06-13,,
1443,REI Network,REI,rei-network,0.003010683942029043,-0.62462166,-1.54368307,-1.05532569,2860149.7449275907,840541.97338645,950000000.0,1000000000.0,,2026-06-13,,
1444,GameFi.org,GAFI,gamefi,0.1908698313158839,-0.00525849,-1.79706074,-14.30994365,2854452.6361251096,166263.94336093,14954970.1828,14954970.323,,2026-06-13,,
1445,The Official 67 Coin,67,the-official-67-coin-onchain,0.002853798938682357,-0.19890953,-10.95271235,6.57504373,2852885.7230219785,1112442.30575408,999680000.0,999680000.0,999680000.0,2026-06-13,,
1446,PIBBLE,PIB,pibble,9.621394382110192e-05,-2.82283627,9.91845773,10.81339342,2852599.199267242,15657.05643949,29648500892.670006,29648500892.670006,30000000000.0,2026-06-13,,
1447,Arowana,ARW,arowana-token,0.12329527611130252,-0.0968882,-0.24076052,-9.02904261,2824789.4561285484,24946.92102043,22910767.91602723,500000000.0,500000000.0,2026-06-13,,
1448,Odos,ODOS,odos,0.0007569549563646283,1.14586823,3.28106186,-6.23802386,2820676.4847058537,323571.81733111,3726346542.80158,10000000000.0,10000000000.0,2026-06-13,,
1449,Buying.com,BUY,buying-com,0.008495546576731329,0.00256147,1.15265187,2.13351831,2818733.3038402377,9880.41281793,331789518.0,986800000.0,1000000000.0,2026-06-13,,
1450,GOLDAO,GOLDAO,gold-dao,0.003547027894977473,-0.41141887,-3.7024017,0.52196203,2811227.771632701,1081.91467202,792558687.1231964,987794316.0971963,,2026-06-13,,
1451,trac (Ordinals),TRAC,trac,0.13313005909910774,-2.70081249,0.2345398,-4.70760605,2795731.2410812625,74834.85947077,21000000.0,21000000.0,21000000.0,2026-06-13,,
1452,IBStoken,IBS,ibstoken,0.0006943927972444274,-0.02571855,0.42757686,0.45541611,2794941.5636793384,115683.5473594,4025015200.0,20000000000.0,20000000000.0,2026-06-13,,
1453,Neutrino Index,XTN,neutrino-usd,0.05337761368485501,0.72991502,9.27213591,7.67488092,2774607.538507208,0.0,51980734.0,408891338.0,408891338.0,2026-06-13,,
1454,Major,MAJOR,major,0.03317279132906652,0.31139955,-9.00554929,-27.3597189,2764947.778469239,973910.10616728,83349868.0,99999999.0,99999999.0,2026-06-13,,
1455,Procter & Gamble Tokenized Stock (Ondo),PGon,procter-gamble-tokenized-stock-ondo,152.39958242544233,-0.01155077,1.39137672,2.09333208,2757513.381935801,1661268.77572525,18093.96940628,18093.96940628,,2026-06-13,,
1456,McDonald's Tokenized Stock (Ondo),MCDon,mcdonalds-tokenized-stock-ondo,290.9587225448038,0.44029282,0.86847908,2.60267131,2748846.789202879,1225827.14895444,9447.54900338,9447.54900338,,2026-06-13,,
1457,Dragonchain,DRGN,dragonchain,0.0073590151332995745,-0.0027162,-3.18489016,-9.33745312,2728521.552390383,0.58416826,370772651.3625188,433494437.0,433494437.0,2026-06-13,,
1458,Ampleforth Governance Token,FORTH,ampleforth-governance-token,0.18965274151290448,0.26375618,-0.3217566,6.66982231,2720294.368307265,1004495.08640303,14343554.15380151,15297897.14455933,,2026-06-13,,
1459,USD Coin (Wormhole),USDC(WormHole),usd-coin-wormhole-from-ethereum,1.0009788492683787,0.26176312,0.12259369,-0.02959473,2717439.420703547,38693.92084102,2714782.058272,232930.079805,,2026-06-13,,
1460,FEED EVERY GORILLA,FEG,feed-every-gorilla,3.1506652153674304e-05,0.08535374,2.21875539,1.59069189,2717427.1807193435,416681.60195432,86249315460.90775,96292213749.93631,100000000000.0,2026-06-13,,
1461,ROA CORE,ROA,roa-core,0.003619526619254583,-0.32256219,5.1879047,2.66027145,2714644.964440937,190718.99233433,750000000.0,949999869.89,1000000000.0,2026-06-13,,
1462,ChainSwap,CSWAP,chain-swap,0.002933833430506803,-0.00526365,7.75960014,24.11671139,2711711.757288095,310.41698905,924289610.0,986613651.0,1000000000.0,2026-06-13,,
1463,Coinweb,CWEB,coinweb,0.0011041199069097504,0.01465377,-3.85164494,-6.92676615,2710932.6204938632,89987.55477071,2455288237.743414,7597398622.55741,,2026-06-13,,
1464,JPMorgan Chase Tokenized Stock (Ondo),JPMon,jpmorgan-chase-tokenized-stock-ondo,323.7480986082104,-0.08510627,2.36561269,3.08101314,2705507.815941179,1906101.77425632,8356.82997853,8356.82997853,,2026-06-13,,
1465,Mythos,MYTH,mythos,0.0031381684262975704,-1.61662869,7.54772399,6.11704249,2706739.6988021983,2116.71660571,862522124.7272651,1000000000.0,1000000000.0,2026-06-13,,
1466,Kendu,KENDU,kendu,2.8511756131704576e-06,0.24170136,0.74094987,40.0288546,2704135.2043064493,8832.54463447,948428147258.0,996747147258.0,1000000000000.0,2026-06-13,,
1467,Beefy,BIFI,beefy-finance,33.70242320413492,-0.09723742,0.65186533,1.97711124,2696193.856330794,20948.2344555,80000.0,80000.0,80000.0,2026-06-13,,
1468,Inter Milan Fan Token,INTER,inter-milan-fan-token,0.21749384049113388,-0.48892421,-0.38204003,0.44894968,2694345.667598719,470335.84806923,12388147.0,19728000.0,19728000.0,2026-06-13,,
1469,League of Traders,LOT,league-of-traders,0.006767065399055283,-0.41075908,0.18811523,3.13675485,2688968.6522465274,178868.34122771,397361115.0,1000000000.0,1000000000.0,2026-06-13,,
1470,GAIB,GAIB,gaib,0.013085747711291855,0.25942139,-4.68606081,-5.26243751,2680375.5176453455,314172.5359674,204831667.0,1000000000.0,1000000000.0,2026-06-13,,
1471,Swarm,BZZ,ethereum-swarm,0.050985692296953204,-0.13818677,0.8993592,1.78587962,2681881.1114904713,289357.22184689,52600660.90444622,63149437.0,63149437.0,2026-06-13,,
1472,Guild of Guardians,GOG,guild-of-guardians,0.0031059301852972036,0.00652061,0.04097533,5.23208992,2679280.9928160617,1460.51183944,862634004.299,1000000000.0,1000000000.0,2026-06-13,,
1473,BlackFort Exchange Network,BXN,blackfort-exchange-network,0.0005963538106885288,-0.10884555,-0.65692276,0.56092727,2677383.9140958926,394701.09691468,4489589680.0,49999999999.0,49999999999.0,2026-06-13,,
1474,xMoney,XMN,xmoney,0.002675234663534582,0.00818948,0.01986908,0.50098477,2676730.4648167696,2589153.16587033,1000559129.0,10000000000.0,10000000000.0,2026-06-13,,
1475,Dora Factory,DORA,dora-factory-new,0.004977926379980479,-0.9947914,-3.74020738,-2.23503752,2674525.9290962317,88134.4983846,537277116.0,1000000000.0,1000000000.0,2026-06-13,,
1476,Chevron Tokenized Stock (Ondo),CVXon,chevron-tokenized-stock-ondo,190.55791674854626,-0.00679234,0.39964871,-0.47749544,2624773.3562965603,3008771.54009863,13774.15014334,13774.15014334,,2026-06-13,,
1477,DAOBase,BEE,daobase,0.01510295466774774,0.64290989,2.09787973,16.23292058,2625268.5243835156,103566.93258915,173824829.78577426,1000000000.0,1000000000.0,2026-06-13,,
1478,MOBOX,MBOX,mobox,0.004748736866878528,-1.9196911,0.07689747,-40.41050637,2613336.587714442,5747470.67046316,550322467.0,550322467.0,550322467.0,2026-06-13,,
1479,Nexa,NEXA,nexa,4.411854820561099e-07,0.0722764,-2.10702136,7.40170088,2585179.2743656226,18965.60310355,5859620000000.0,10646545000000.0,21000000000000.0,2026-06-13,,
1480,Zeta,ZEX,zeta,0.013750424108621276,-0.91013398,-5.79706304,-15.30710117,2581903.826688242,90087.30129932,187769032.161665,999996916.529781,1000000000.0,2026-06-13,,
1481,TokenFi,TOKEN,tokenfi,0.0025770801996984898,-0.2189677,-0.30033207,5.77152701,2577131.1975385617,7312321.84098309,1000019789.0,10000000000.0,10000000000.0,2026-06-13,,
1482,Aventus,AVT,aventus,0.4291082537529424,0.0206982,2.88705741,2.03194482,2574649.5225176546,18628.70254842,6000000.0,10000000.0,10600000.0,2026-06-13,,
1483,Measurable Data Token,MDT,measurable-data-token,0.0037950911181488405,0.01431622,5.12622949,2.10740602,2566077.4726128047,265547.43542096,676157012.5,1000000000.0,,2026-06-13,,
1484,Contentos,COS,contentos,0.0004957389459472107,-0.64750703,3.78876207,-27.91202834,2566172.2163619506,5306161.08458316,5176458774.0,9900474904.0,,2026-06-13,,
1485,Sentinel,P2P,sentinel,7.389947654654687e-05,1.37954109,-6.87267453,27.22320908,2561670.8992919708,31941.97063632,34664263118.0,34725978904.0,,2026-06-13,,
1486,OciCat,OCICAT,ocicat,8.042825061188332e-09,0.0,0.66552225,-9.95681872,2559985.8997633387,0.0,318294365510556.0,325000000000000.0,690700000000000.0,2026-06-13,,
1487,PeiPei (ETH),PEIPEI,peipei-coin,6.0594310855106e-09,0.2523462,-0.26267984,1.44331892,2549107.8532975367,202850.03216592,420684354244576.0,420690000000000.0,420690000000000.0,2026-06-13,,
1488,LeisureMeta,LM,leisuremeta,0.0007221869949820709,-0.60877749,2.9386889,1.94418311,2540707.891138018,92502.37975563,3518074832.13,4668074832.13,5000000000.0,2026-06-13,,
1489,Stake DAO,SDT,stake-dao,0.10593413782543133,-0.12217303,3.39606644,25.80781539,2531480.014830443,1917.32739597,23896734.96,65085259.52,100000000.0,2026-06-13,,
1490,Roam,ROAM,roam,0.007181201879828458,-0.20342931,3.74636494,42.66671379,2528123.8152071456,3172207.85062703,352047450.762871,995639242.545632,1000000000.0,2026-06-13,,
1491,United States Oil Tokenized Fund (Ondo),USOon,united-states-oil-tokenized-fund-ondo,124.89180707614742,0.24931485,-3.08536907,-6.25009842,2517475.4604294254,1371617.54040693,20157.25065852,20157.25065852,,2026-06-13,,
1492,American Coin,USA,american-coin,2.153544273261371e-07,0.15888852,0.57122316,7.52215735,2490052.763350494,439549.04163487,11562579856227.0,11627052161940.7,11627052161940.7,2026-06-13,,
1493,DOWGE,DJI6930,dowge,0.0024915976173583336,-0.64777083,-5.84758373,-5.00570232,2491544.3594592623,157835.94518944,999978625.0,999978625.0,999978625.0,2026-06-13,,
1494,Pain (paintoken.com),PAIN,pain,0.49486357963803423,0.00766428,-0.04122662,7.19111978,2474252.8489070805,7947.7447615,4999868.55108,9999868.55108,10000000.0,2026-06-13,,
1495,tao.bot,TAOBOT,tao-bot,0.03221313156511071,0.0,0.86597619,12.62358612,2469673.4307295317,0.0,76666667.0,100000000.0,100000000.0,2026-06-13,,
1496,NVIDIA Tokenized bStocks,NVDAB,nvidia-tokenized-bstocks,205.57195638650705,-0.19065552,0.20776308,1.25789853,2467836.9187314943,1138781.53880757,12004.73528642,12004.73528642,,2026-06-13,,
1497,Sharp,SHARP,sharp-token,0.000913969291751436,0.3404679,1.7967279,-4.90982131,2456054.1056487877,118065.37217845,2687239197.0,68230000000.0,100000000000.0,2026-06-13,,
1498,Novo Nordisk Tokenized Stock (Ondo),NVOon,novo-nordisk-tokenized-stock-ondo,44.911545571323195,0.22969341,0.60769697,2.58271811,2442723.035555554,1340196.80825228,54389.64534579,54389.64534579,,2026-06-13,,
1499,Walmart Tokenized Stock (Ondo),WMTon,walmart-tokenized-stock-ondo,120.37182575337832,0.20572661,-0.3606486,1.14428886,2424223.9299397264,1331320.1620782,20139.46299117,20139.46299117,,2026-06-13,,
1500,Rupiah Token,IDRT,rupiah-token,1.3893766190880458e-05,0.0,0.0,0.0,2415527.20000796,0.0,173856905811.0,173856905811.0,,2026-06-13,,
